#! /c/Source/iverilog-install/bin/vvp
:ivl_version "12.0 (devel)" "(s20150603-1539-g2693dd32b)";
:ivl_delay_selection "TYPICAL";
:vpi_time_precision - 12;
:vpi_module "C:\iverilog\lib\ivl\system.vpi";
:vpi_module "C:\iverilog\lib\ivl\vhdl_sys.vpi";
:vpi_module "C:\iverilog\lib\ivl\vhdl_textio.vpi";
:vpi_module "C:\iverilog\lib\ivl\v2005_math.vpi";
:vpi_module "C:\iverilog\lib\ivl\va_math.vpi";
:vpi_module "C:\iverilog\lib\ivl\v2009.vpi";
S_000001c6786a59c0 .scope package, "$unit" "$unit" 2 1;
 .timescale 0 0;
S_000001c6786a5830 .scope module, "icache_pipeline_tb" "icache_pipeline_tb" 3 5;
 .timescale -9 -12;
P_000001c6787cf830 .param/l "ADDR_WIDTH" 1 3 6, +C4<00000000000000000000000000100000>;
P_000001c6787cf868 .param/l "D_CMD_LINE_RD" 1 3 246, C4<00>;
P_000001c6787cf8a0 .param/l "D_CMD_UC_RD" 1 3 247, C4<01>;
P_000001c6787cf8d8 .param/l "D_CMD_UC_WR" 1 3 248, C4<10>;
P_000001c6787cf910 .param/l "D_CMD_WB_LINE" 1 3 249, C4<11>;
P_000001c6787cf948 .param/l "D_RSP_LINE" 1 3 250, C4<00>;
P_000001c6787cf980 .param/l "D_RSP_UC_RD" 1 3 251, C4<01>;
P_000001c6787cf9b8 .param/l "D_RSP_UC_WR" 1 3 252, C4<10>;
P_000001c6787cf9f0 .param/l "D_RSP_WB_ACK" 1 3 253, C4<11>;
P_000001c6787cfa28 .param/l "L2_DATA_W" 1 3 7, +C4<00000000000000000000000001000000>;
P_000001c6787cfa60 .param/l "MEM_WORDS" 1 3 8, +C4<00000000000000000000000100000000>;
P_000001c6787cfa98 .param/l "RESET_PC" 1 3 10, C4<10000000000000000000000000000000>;
P_000001c6787cfad0 .param/l "USE_MIG" 1 3 9, +C4<00000000000000000000000000000001>;
L_000001c67880ede0 .functor BUFZ 1, v000001c6788fdaa0_0, C4<0>, C4<0>, C4<0>;
L_000001c67880db80 .functor NOT 1, v000001c6788fdaa0_0, C4<0>, C4<0>, C4<0>;
L_000001c67880e6e0 .functor BUFZ 1, v000001c6788fdaa0_0, C4<0>, C4<0>, C4<0>;
v000001c6788ff6c0_0 .net "boot_done", 0 0, L_000001c678809190;  1 drivers
v000001c6788fdaa0_0 .var "clk", 0 0;
v000001c6788fdd20_0 .net "clk_ref_i", 0 0, L_000001c67880e6e0;  1 drivers
v000001c6788fdfa0_0 .var/i "cycles", 31 0;
v000001c6788ffda0_0 .var/i "d_delay_cfg", 31 0;
v000001c6788ffee0_0 .var/i "d_delay_cnt", 31 0;
v000001c6789012e0_0 .var "d_err_armed", 0 0;
v000001c678901a60_0 .var "d_err_once", 0 0;
v000001c678901b00_0 .net "d_l2_req_addr", 31 0, v000001c6788bd2d0_0;  1 drivers
v000001c678901380_0 .net "d_l2_req_cmd", 1 0, v000001c6788bd690_0;  1 drivers
v000001c678901420_0 .net "d_l2_req_len", 7 0, v000001c6788bd550_0;  1 drivers
L_000001c67890d0f0 .functor BUFT 1, C4<1>, C4<0>, C4<0>, C4<0>;
v000001c678900ac0_0 .net "d_l2_req_ready", 0 0, L_000001c67890d0f0;  1 drivers
v000001c6788ff9e0_0 .net "d_l2_req_size", 2 0, v000001c6788be270_0;  1 drivers
v000001c678901f60_0 .net "d_l2_req_valid", 0 0, v000001c6788bee50_0;  1 drivers
v000001c678900c00_0 .net "d_l2_req_wdata", 63 0, v000001c6788be4f0_0;  1 drivers
v000001c678900fc0_0 .net "d_l2_req_wstrb", 7 0, v000001c6788bcbf0_0;  1 drivers
v000001c6789007a0_0 .var "d_l2_rsp_err", 0 0;
v000001c678900980_0 .var "d_l2_rsp_last", 0 0;
v000001c6789014c0_0 .var "d_l2_rsp_rdata", 63 0;
v000001c6789003e0_0 .net "d_l2_rsp_ready", 0 0, L_000001c67880d5d0;  1 drivers
v000001c678900a20_0 .var "d_l2_rsp_valid", 0 0;
v000001c678902000_0 .var "d_pending", 0 0;
v000001c678900840_0 .var "d_rsp_addr", 31 0;
v000001c6789011a0_0 .var "d_rsp_beat", 2 0;
v000001c678900b60_0 .var "d_rsp_type", 1 0;
v000001c6788ff8a0_0 .var "d_wb_beat", 2 0;
L_000001c67890a048 .functor BUFT 1, C4<00000000000000>, C4<0>, C4<0>, C4<0>;
v000001c678900660_0 .net "ddr2_addr", 13 0, L_000001c67890a048;  1 drivers
L_000001c67890a090 .functor BUFT 1, C4<000>, C4<0>, C4<0>, C4<0>;
v000001c6788ffe40_0 .net "ddr2_ba", 2 0, L_000001c67890a090;  1 drivers
L_000001c67890a0d8 .functor BUFT 1, C4<1>, C4<0>, C4<0>, C4<0>;
v000001c6788ffd00_0 .net "ddr2_cas_n", 0 0, L_000001c67890a0d8;  1 drivers
L_000001c67890a120 .functor BUFT 1, C4<0>, C4<0>, C4<0>, C4<0>;
v000001c678901ce0_0 .net "ddr2_ck_n", 0 0, L_000001c67890a120;  1 drivers
L_000001c67890a168 .functor BUFT 1, C4<0>, C4<0>, C4<0>, C4<0>;
v000001c6789008e0_0 .net "ddr2_ck_p", 0 0, L_000001c67890a168;  1 drivers
L_000001c67890a1b0 .functor BUFT 1, C4<0>, C4<0>, C4<0>, C4<0>;
v000001c6788fff80_0 .net "ddr2_cke", 0 0, L_000001c67890a1b0;  1 drivers
L_000001c67890a288 .functor BUFT 1, C4<1>, C4<0>, C4<0>, C4<0>;
v000001c678900de0_0 .net "ddr2_cs_n", 0 0, L_000001c67890a288;  1 drivers
L_000001c67890a2d0 .functor BUFT 1, C4<00>, C4<0>, C4<0>, C4<0>;
v000001c678900ca0_0 .net "ddr2_dm", 1 0, L_000001c67890a2d0;  1 drivers
o000001c678868998 .functor BUFZ 16, C4<zzzzzzzzzzzzzzzz>; HiZ drive
v000001c678900160_0 .net "ddr2_dq", 15 0, o000001c678868998;  0 drivers
o000001c6788689c8 .functor BUFZ 2, C4<zz>; HiZ drive
v000001c6789017e0_0 .net "ddr2_dqs_n", 1 0, o000001c6788689c8;  0 drivers
o000001c6788689f8 .functor BUFZ 2, C4<zz>; HiZ drive
v000001c678900d40_0 .net "ddr2_dqs_p", 1 0, o000001c6788689f8;  0 drivers
L_000001c67890a318 .functor BUFT 1, C4<0>, C4<0>, C4<0>, C4<0>;
v000001c678900020_0 .net "ddr2_odt", 0 0, L_000001c67890a318;  1 drivers
L_000001c67890a1f8 .functor BUFT 1, C4<1>, C4<0>, C4<0>, C4<0>;
v000001c6789000c0_0 .net "ddr2_ras_n", 0 0, L_000001c67890a1f8;  1 drivers
L_000001c67890a240 .functor BUFT 1, C4<1>, C4<0>, C4<0>, C4<0>;
v000001c678900e80_0 .net "ddr2_we_n", 0 0, L_000001c67890a240;  1 drivers
v000001c678900f20_0 .var "expect_rd", 4 0;
v000001c678901560_0 .var/i "expect_rd_arg", 31 0;
v000001c6788ffa80_0 .var "expect_val", 31 0;
v000001c6788ff940_0 .var/i "i_delay_cfg", 31 0;
v000001c678901ba0_0 .var/i "i_delay_cnt", 31 0;
v000001c6788ffb20_0 .var "i_err_armed", 0 0;
v000001c678901c40_0 .var "i_err_once", 0 0;
v000001c678901e20_0 .net "ifetch_err", 0 0, L_000001c678809900;  1 drivers
v000001c678901100_0 .net "init_calib_complete", 0 0, L_000001c678807590;  1 drivers
v000001c678901060_0 .net "l2_req_addr", 31 0, v000001c6788caf90_0;  1 drivers
v000001c6788ffc60_0 .net "l2_req_cmd", 1 0, v000001c6788cb210_0;  1 drivers
v000001c678901600_0 .net "l2_req_len", 7 0, v000001c6788cb3f0_0;  1 drivers
v000001c678901240_0 .var "l2_req_ready", 0 0;
v000001c6788ffbc0_0 .net "l2_req_size", 2 0, v000001c6788cb5d0_0;  1 drivers
v000001c678900520_0 .net "l2_req_valid", 0 0, v000001c6788cfee0_0;  1 drivers
v000001c678900200_0 .var "l2_rsp_data", 63 0;
v000001c6789005c0_0 .var "l2_rsp_err", 0 0;
v000001c6789002a0_0 .var "l2_rsp_last", 0 0;
v000001c6789016a0_0 .net "l2_rsp_ready", 0 0, v000001c6788cf300_0;  1 drivers
v000001c678900340_0 .var "l2_rsp_valid", 0 0;
v000001c678901740_0 .var/i "linefill_cnt", 31 0;
v000001c678901880_0 .var/i "max_cycles", 31 0;
v000001c678901920 .array "mem", 255 0, 31 0;
v000001c6789019c0_0 .var "memfile", 511 0;
v000001c678901d80_0 .var/i "mi", 31 0;
v000001c678901ec0_0 .var "pending", 0 0;
v000001c678900480_0 .var "pending_addr", 31 0;
v000001c678900700_0 .var "pending_beat", 3 0;
v000001c678902780_0 .var "pending_uc", 0 0;
v000001c678902dc0_0 .var "require_linefill", 0 0;
v000001c678902be0_0 .var "rst_n", 0 0;
v000001c678904440_0 .net "sys_clk_n", 0 0, L_000001c67880db80;  1 drivers
v000001c6789020a0_0 .net "sys_clk_p", 0 0, L_000001c67880ede0;  1 drivers
v000001c6789025a0_0 .var/i "test_id", 31 0;
v000001c678903220_0 .var "uart_rx", 0 0;
v000001c678904120_0 .net "wb_rd", 4 0, L_000001c67880d090;  1 drivers
v000001c678902c80_0 .net "wb_wdata", 31 0, L_000001c67880df00;  1 drivers
v000001c678903040_0 .net "wb_we", 0 0, L_000001c67880d020;  1 drivers
E_000001c678823010 .event posedge, v000001c6788f4bb0_0;
E_000001c678822c10/0 .event negedge, v000001c6788ff440_0;
E_000001c678822c10/1 .event posedge, v000001c6788f4bb0_0;
E_000001c678822c10 .event/or E_000001c678822c10/0, E_000001c678822c10/1;
E_000001c678823050 .event anyedge, v000001c678901ec0_0;
S_000001c6786a5b50 .scope module, "dut" "icache_pipeline_top" 3 79, 4 7 0, S_000001c6786a5830;
 .timescale -9 -12;
    .port_info 0 /INPUT 1 "clk";
    .port_info 1 /INPUT 1 "rst_n";
    .port_info 2 /INPUT 1 "uart_rx_i";
    .port_info 3 /INOUT 16 "ddr2_dq";
    .port_info 4 /INOUT 2 "ddr2_dqs_n";
    .port_info 5 /INOUT 2 "ddr2_dqs_p";
    .port_info 6 /OUTPUT 14 "ddr2_addr";
    .port_info 7 /OUTPUT 3 "ddr2_ba";
    .port_info 8 /OUTPUT 1 "ddr2_ras_n";
    .port_info 9 /OUTPUT 1 "ddr2_cas_n";
    .port_info 10 /OUTPUT 1 "ddr2_we_n";
    .port_info 11 /OUTPUT 1 "ddr2_ck_p";
    .port_info 12 /OUTPUT 1 "ddr2_ck_n";
    .port_info 13 /OUTPUT 1 "ddr2_cke";
    .port_info 14 /OUTPUT 1 "ddr2_cs_n";
    .port_info 15 /OUTPUT 2 "ddr2_dm";
    .port_info 16 /OUTPUT 1 "ddr2_odt";
    .port_info 17 /INPUT 1 "sys_clk_p";
    .port_info 18 /INPUT 1 "sys_clk_n";
    .port_info 19 /INPUT 1 "clk_ref_i";
    .port_info 20 /OUTPUT 1 "init_calib_complete";
    .port_info 21 /OUTPUT 1 "l2_req_valid";
    .port_info 22 /INPUT 1 "l2_req_ready";
    .port_info 23 /OUTPUT 32 "l2_req_addr";
    .port_info 24 /OUTPUT 2 "l2_req_cmd";
    .port_info 25 /OUTPUT 3 "l2_req_size";
    .port_info 26 /OUTPUT 8 "l2_req_len";
    .port_info 27 /INPUT 1 "l2_rsp_valid";
    .port_info 28 /OUTPUT 1 "l2_rsp_ready";
    .port_info 29 /INPUT 64 "l2_rsp_data";
    .port_info 30 /INPUT 1 "l2_rsp_last";
    .port_info 31 /INPUT 1 "l2_rsp_err";
    .port_info 32 /OUTPUT 1 "d_l2_req_valid";
    .port_info 33 /INPUT 1 "d_l2_req_ready";
    .port_info 34 /OUTPUT 32 "d_l2_req_addr";
    .port_info 35 /OUTPUT 2 "d_l2_req_cmd";
    .port_info 36 /OUTPUT 3 "d_l2_req_size";
    .port_info 37 /OUTPUT 8 "d_l2_req_len";
    .port_info 38 /OUTPUT 64 "d_l2_req_wdata";
    .port_info 39 /OUTPUT 8 "d_l2_req_wstrb";
    .port_info 40 /INPUT 1 "d_l2_rsp_valid";
    .port_info 41 /OUTPUT 1 "d_l2_rsp_ready";
    .port_info 42 /INPUT 64 "d_l2_rsp_rdata";
    .port_info 43 /INPUT 1 "d_l2_rsp_last";
    .port_info 44 /INPUT 1 "d_l2_rsp_err";
    .port_info 45 /OUTPUT 1 "wb_we_o";
    .port_info 46 /OUTPUT 5 "wb_rd_o";
    .port_info 47 /OUTPUT 32 "wb_wdata_o";
    .port_info 48 /OUTPUT 1 "ifetch_err_o";
    .port_info 49 /OUTPUT 1 "boot_done_o";
P_000001c678417130 .param/l "ADDR_WIDTH" 0 4 8, +C4<00000000000000000000000000100000>;
P_000001c678417168 .param/l "DMEM_WORDS" 0 4 10, +C4<00000000000000000000010000000000>;
P_000001c6784171a0 .param/l "L2_DATA_W" 0 4 9, +C4<00000000000000000000000001000000>;
P_000001c6784171d8 .param/l "RESET_PC" 0 4 16, C4<10000000000000000000000000000000>;
P_000001c678417210 .param/l "UART_BAUD" 0 4 13, +C4<00000000000000011100001000000000>;
P_000001c678417248 .param/l "UART_BOOT_BASE" 0 4 15, C4<10000000000000000000000000000000>;
P_000001c678417280 .param/l "UART_BOOT_EN" 0 4 12, +C4<00000000000000000000000000000000>;
P_000001c6784172b8 .param/l "UART_CLK_HZ" 0 4 14, +C4<00000101111101011110000100000000>;
P_000001c6784172f0 .param/l "USE_MIG" 0 4 11, +C4<00000000000000000000000000000001>;
L_000001c678809430 .functor NOT 1, L_000001c678806db0, C4<0>, C4<0>, C4<0>;
L_000001c6788089b0 .functor OR 1, L_000001c678906f60, L_000001c6789055c0, C4<0>, C4<0>;
L_000001c67890b638 .functor BUFT 1, C4<1>, C4<0>, C4<0>, C4<0>;
L_000001c678809190 .functor BUFZ 1, L_000001c67890b638, C4<0>, C4<0>, C4<0>;
L_000001c678808d30 .functor BUFZ 32, v000001c6788f4110_0, C4<00000000000000000000000000000000>, C4<00000000000000000000000000000000>, C4<00000000000000000000000000000000>;
L_000001c678808e80 .functor BUFZ 1, L_000001c67880afc0, C4<0>, C4<0>, C4<0>;
L_000001c678809b30 .functor NOT 1, L_000001c67880e600, C4<0>, C4<0>, C4<0>;
L_000001c678808ef0 .functor NOT 1, L_000001c678808da0, C4<0>, C4<0>, C4<0>;
L_000001c678808f60 .functor AND 1, L_000001c6788088d0, L_000001c678808ef0, C4<1>, C4<1>;
L_000001c678808b00 .functor NOT 1, L_000001c678809b30, C4<0>, C4<0>, C4<0>;
L_000001c678808a90 .functor AND 1, v000001c6788caa90_0, L_000001c678808b00, C4<1>, C4<1>;
L_000001c678809900 .functor AND 1, v000001c6788caa90_0, v000001c6788ca090_0, C4<1>, C4<1>;
L_000001c678809200 .functor NOT 1, v000001c6788fbde0_0, C4<0>, C4<0>, C4<0>;
L_000001c678809a50 .functor NOT 1, L_000001c67880ec20, C4<0>, C4<0>, C4<0>;
L_000001c6788088d0 .functor AND 1, L_000001c678809200, L_000001c678809a50, C4<1>, C4<1>;
L_000001c67880bff0 .functor BUFZ 1, L_000001c67896cfe0, C4<0>, C4<0>, C4<0>;
L_000001c67880d640 .functor BUFZ 1, v000001c6788c4490_0, C4<0>, C4<0>, C4<0>;
L_000001c67880ca00 .functor BUFZ 32, v000001c6788c42b0_0, C4<00000000000000000000000000000000>, C4<00000000000000000000000000000000>, C4<00000000000000000000000000000000>;
L_000001c67880d720 .functor BUFZ 1, v000001c6788c4490_0, C4<0>, C4<0>, C4<0>;
L_000001c67880cfb0 .functor NOT 1, L_000001c67880bd50, C4<0>, C4<0>, C4<0>;
L_000001c67880c0d0 .functor AND 1, L_000001c67880bb20, L_000001c67880cfb0, C4<1>, C4<1>;
L_000001c67880c7d0 .functor NOT 1, L_000001c67880bdc0, C4<0>, C4<0>, C4<0>;
L_000001c67880c1b0 .functor AND 1, L_000001c67880bd50, L_000001c67880c7d0, C4<1>, C4<1>;
L_000001c67880d020 .functor BUFZ 1, L_000001c67880c300, C4<0>, C4<0>, C4<0>;
L_000001c67880d090 .functor BUFZ 5, L_000001c67880c990, C4<00000>, C4<00000>, C4<00000>;
L_000001c67880df00 .functor BUFZ 32, L_000001c67880cb50, C4<00000000000000000000000000000000>, C4<00000000000000000000000000000000>, C4<00000000000000000000000000000000>;
L_000001c67880f2b0 .functor OR 1, L_000001c67880ec20, v000001c6788fbde0_0, C4<0>, C4<0>;
L_000001c67880e670 .functor OR 1, L_000001c67880f2b0, L_000001c678808f60, C4<0>, C4<0>;
L_000001c67880d950 .functor OR 1, L_000001c67880e670, L_000001c678808a90, C4<0>, C4<0>;
L_000001c67880e600 .functor BUFZ 1, L_000001c67880e4b0, C4<0>, C4<0>, C4<0>;
L_000001c67880e3d0 .functor BUFZ 1, L_000001c67880daa0, C4<0>, C4<0>, C4<0>;
L_000001c67880e050 .functor BUFZ 1, L_000001c67880e830, C4<0>, C4<0>, C4<0>;
L_000001c67880e360 .functor BUFZ 1, L_000001c67880f1d0, C4<0>, C4<0>, C4<0>;
L_000001c67880ddb0 .functor BUFZ 1, L_000001c67880ec90, C4<0>, C4<0>, C4<0>;
L_000001c67890b680 .functor BUFT 1, C4<01>, C4<0>, C4<0>, C4<0>;
v000001c6788f3990_0 .net/2u *"_ivl_2", 1 0, L_000001c67890b680;  1 drivers
v000001c6788f3210_0 .net *"_ivl_20", 0 0, L_000001c678808ef0;  1 drivers
v000001c6788f4570_0 .net *"_ivl_24", 0 0, L_000001c678808b00;  1 drivers
v000001c6788f3670_0 .net *"_ivl_30", 0 0, L_000001c678809200;  1 drivers
v000001c6788f32b0_0 .net *"_ivl_32", 0 0, L_000001c678809a50;  1 drivers
v000001c6788f4610_0 .net *"_ivl_4", 0 0, L_000001c678906f60;  1 drivers
v000001c6788f3710_0 .net *"_ivl_52", 0 0, L_000001c67880cfb0;  1 drivers
v000001c6788f2270_0 .net *"_ivl_54", 0 0, L_000001c67880c0d0;  1 drivers
v000001c6788f46b0_0 .net *"_ivl_58", 0 0, L_000001c67880c7d0;  1 drivers
L_000001c67890b6c8 .functor BUFT 1, C4<10>, C4<0>, C4<0>, C4<0>;
v000001c6788f24f0_0 .net/2u *"_ivl_6", 1 0, L_000001c67890b6c8;  1 drivers
v000001c6788f2590_0 .net *"_ivl_72", 0 0, L_000001c67880f2b0;  1 drivers
v000001c6788f2630_0 .net *"_ivl_74", 0 0, L_000001c67880e670;  1 drivers
v000001c6788f26d0_0 .net *"_ivl_8", 0 0, L_000001c6789055c0;  1 drivers
v000001c6788f4d90_0 .net "boot_done_int", 0 0, L_000001c67890b638;  1 drivers
v000001c6788f5e70_0 .net "boot_done_o", 0 0, L_000001c678809190;  alias, 1 drivers
v000001c6788f4bb0_0 .net "clk", 0 0, v000001c6788fdaa0_0;  1 drivers
v000001c6788f5c90_0 .net "clk_ref_i", 0 0, L_000001c67880e6e0;  alias, 1 drivers
v000001c6788f4cf0_0 .net "core_clk", 0 0, L_000001c6788068e0;  1 drivers
v000001c6788f5970_0 .net "core_rst", 0 0, L_000001c678809430;  1 drivers
v000001c6788f5d30_0 .net "core_rst_n", 0 0, L_000001c678806db0;  1 drivers
v000001c6788f50b0_0 .net "d_l2_req_addr", 31 0, v000001c6788bd2d0_0;  alias, 1 drivers
v000001c6788f5ab0_0 .net "d_l2_req_cmd", 1 0, v000001c6788bd690_0;  alias, 1 drivers
v000001c6788f6050_0 .net "d_l2_req_len", 7 0, v000001c6788bd550_0;  alias, 1 drivers
v000001c6788f4a70_0 .net "d_l2_req_ready", 0 0, L_000001c67890d0f0;  alias, 1 drivers
v000001c6788f5a10_0 .net "d_l2_req_ready_int", 0 0, L_000001c678903860;  1 drivers
v000001c6788f6ff0_0 .net "d_l2_req_size", 2 0, v000001c6788be270_0;  alias, 1 drivers
v000001c6788f6cd0_0 .net "d_l2_req_uncached", 0 0, L_000001c6788089b0;  1 drivers
v000001c6788f5dd0_0 .net "d_l2_req_valid", 0 0, v000001c6788bee50_0;  alias, 1 drivers
v000001c6788f5bf0_0 .net "d_l2_req_wdata", 63 0, v000001c6788be4f0_0;  alias, 1 drivers
v000001c6788f4c50_0 .net "d_l2_req_wstrb", 7 0, v000001c6788bcbf0_0;  alias, 1 drivers
v000001c6788f65f0_0 .net "d_l2_rsp_err", 0 0, v000001c6789007a0_0;  1 drivers
v000001c6788f5150_0 .net "d_l2_rsp_err_int", 0 0, L_000001c678903f40;  1 drivers
v000001c6788f6410_0 .net "d_l2_rsp_last", 0 0, v000001c678900980_0;  1 drivers
v000001c6788f6690_0 .net "d_l2_rsp_last_int", 0 0, L_000001c678902a00;  1 drivers
v000001c6788f5510_0 .net "d_l2_rsp_rdata", 63 0, v000001c6789014c0_0;  1 drivers
v000001c6788f6730_0 .net "d_l2_rsp_rdata_int", 63 0, L_000001c678807ec0;  1 drivers
v000001c6788f4e30_0 .net "d_l2_rsp_ready", 0 0, L_000001c67880d5d0;  alias, 1 drivers
v000001c6788f5f10_0 .net "d_l2_rsp_valid", 0 0, v000001c678900a20_0;  1 drivers
v000001c6788f4ed0_0 .net "d_l2_rsp_valid_int", 0 0, L_000001c678903ea0;  1 drivers
v000001c6788f5b50_0 .net "dcache_cpu_req_ready", 0 0, L_000001c67896cfe0;  1 drivers
v000001c6788f64b0_0 .net "dcache_cpu_rsp_err", 0 0, v000001c6788c3810_0;  1 drivers
v000001c6788f4f70_0 .net "dcache_cpu_rsp_rdata", 31 0, v000001c6788c42b0_0;  1 drivers
L_000001c67890c9a0 .functor BUFT 1, C4<1>, C4<0>, C4<0>, C4<0>;
v000001c6788f5010_0 .net "dcache_cpu_rsp_ready", 0 0, L_000001c67890c9a0;  1 drivers
v000001c6788f5fb0_0 .net "dcache_cpu_rsp_valid", 0 0, v000001c6788c4490_0;  1 drivers
v000001c6788f60f0_0 .net "dcache_req_size", 1 0, L_000001c67896d580;  1 drivers
v000001c6788f6190_0 .net "ddr2_addr", 13 0, L_000001c67890a048;  alias, 1 drivers
v000001c6788f4930_0 .net "ddr2_ba", 2 0, L_000001c67890a090;  alias, 1 drivers
v000001c6788f51f0_0 .net "ddr2_cas_n", 0 0, L_000001c67890a0d8;  alias, 1 drivers
v000001c6788f49d0_0 .net "ddr2_ck_n", 0 0, L_000001c67890a120;  alias, 1 drivers
v000001c6788f55b0_0 .net "ddr2_ck_p", 0 0, L_000001c67890a168;  alias, 1 drivers
v000001c6788f58d0_0 .net "ddr2_cke", 0 0, L_000001c67890a1b0;  alias, 1 drivers
v000001c6788f5650_0 .net "ddr2_cs_n", 0 0, L_000001c67890a288;  alias, 1 drivers
v000001c6788f6f50_0 .net "ddr2_dm", 1 0, L_000001c67890a2d0;  alias, 1 drivers
v000001c6788f56f0_0 .net "ddr2_dq", 15 0, o000001c678868998;  alias, 0 drivers
v000001c6788f5790_0 .net "ddr2_dqs_n", 1 0, o000001c6788689c8;  alias, 0 drivers
v000001c6788f5290_0 .net "ddr2_dqs_p", 1 0, o000001c6788689f8;  alias, 0 drivers
v000001c6788f6d70_0 .net "ddr2_odt", 0 0, L_000001c67890a318;  alias, 1 drivers
v000001c6788f6230_0 .net "ddr2_ras_n", 0 0, L_000001c67890a1f8;  alias, 1 drivers
v000001c6788f62d0_0 .net "ddr2_we_n", 0 0, L_000001c67890a240;  alias, 1 drivers
v000001c6788f5330_0 .net "dmem_addr_o", 31 0, L_000001c67880d330;  1 drivers
v000001c6788f53d0_0 .net "dmem_rdata_i", 31 0, L_000001c67880ca00;  1 drivers
v000001c6788f67d0_0 .net "dmem_ready_i", 0 0, L_000001c67880bff0;  1 drivers
v000001c6788f6370_0 .net "dmem_req_o", 0 0, L_000001c67880d1e0;  1 drivers
v000001c6788f5470_0 .net "dmem_rvalid_i", 0 0, L_000001c67880d640;  1 drivers
v000001c6788f5830_0 .net "dmem_wdata_o", 31 0, L_000001c67896c360;  1 drivers
v000001c6788f6550_0 .net "dmem_we_o", 0 0, L_000001c67880ced0;  1 drivers
v000001c6788f6870_0 .net "dmem_wstrb_o", 3 0, L_000001c67896d940;  1 drivers
v000001c6788f4890_0 .net "ex_alu_op", 2 0, L_000001c67880a230;  1 drivers
v000001c6788f6910_0 .net "ex_alu_result", 31 0, v000001c6788bf3f0_0;  1 drivers
v000001c6788f69b0_0 .net "ex_alu_src_imm", 0 0, L_000001c67880a000;  1 drivers
v000001c6788f4b10_0 .net "ex_br_funct3", 2 0, L_000001c67880ae00;  1 drivers
v000001c6788f6e10_0 .net "ex_branch", 0 0, L_000001c67880a0e0;  1 drivers
v000001c6788f6a50_0 .net "ex_imm", 31 0, L_000001c678809f90;  1 drivers
v000001c6788f6af0_0 .net "ex_is_auipc", 0 0, L_000001c67880a310;  1 drivers
v000001c6788f6b90_0 .net "ex_is_lui", 0 0, L_000001c67880aa80;  1 drivers
v000001c6788f6c30_0 .net "ex_jal", 0 0, L_000001c67880a850;  1 drivers
v000001c6788f6eb0_0 .net "ex_jalr", 0 0, L_000001c67880a8c0;  1 drivers
L_000001c67890c6d0 .functor BUFT 1, C4<0>, C4<0>, C4<0>, C4<0>;
v000001c6788f79f0_0 .net "ex_mem_flush", 0 0, L_000001c67890c6d0;  1 drivers
v000001c6788f7130_0 .net "ex_mem_funct3", 2 0, L_000001c67880a9a0;  1 drivers
v000001c6788f74f0_0 .net "ex_mem_read", 0 0, L_000001c67880aee0;  1 drivers
v000001c6788f7590_0 .net "ex_mem_write", 0 0, L_000001c67880a070;  1 drivers
v000001c6788f71d0_0 .net "ex_pc", 31 0, L_000001c67880ad90;  1 drivers
v000001c6788f76d0_0 .net "ex_pc4", 31 0, L_000001c67896af60;  1 drivers
v000001c6788f78b0_0 .net "ex_rd", 4 0, L_000001c67880a7e0;  1 drivers
v000001c6788f7270_0 .net "ex_reg_write", 0 0, L_000001c67880acb0;  1 drivers
v000001c6788f7a90_0 .net "ex_rs1", 4 0, L_000001c67880b110;  1 drivers
v000001c6788f7b30_0 .net "ex_rs1_val", 31 0, L_000001c67880abd0;  1 drivers
v000001c6788f7db0_0 .net "ex_rs1_val_fwd", 31 0, L_000001c67896aa60;  1 drivers
v000001c6788f7630_0 .net "ex_rs2", 4 0, L_000001c67880b8f0;  1 drivers
v000001c6788f7950_0 .net "ex_rs2_val", 31 0, L_000001c67880b2d0;  1 drivers
v000001c6788f7810_0 .net "ex_rs2_val_fwd", 31 0, L_000001c67896ac40;  1 drivers
v000001c6788f7090_0 .net "ex_shift_arith", 0 0, L_000001c67880a770;  1 drivers
v000001c6788f7bd0_0 .net "ex_shift_right", 0 0, L_000001c67880a460;  1 drivers
v000001c6788f7c70_0 .net "ex_store_data", 31 0, L_000001c67880b650;  1 drivers
v000001c6788f7310_0 .net "ex_valid", 0 0, L_000001c67880b030;  1 drivers
v000001c6788f7d10_0 .net "ex_wb_sel", 1 0, L_000001c67880b960;  1 drivers
v000001c6788f7e50_0 .net "fetch_req_addr", 31 0, L_000001c678808d30;  1 drivers
v000001c6788f7770_0 .net "fetch_req_kill", 0 0, L_000001c678808e80;  1 drivers
v000001c6788f7ef0_0 .net "fetch_req_ready", 0 0, L_000001c678808da0;  1 drivers
v000001c6788f73b0_0 .net "fetch_req_valid", 0 0, L_000001c6788088d0;  1 drivers
v000001c6788f7450_0 .net "fetch_resp_err", 0 0, v000001c6788ca090_0;  1 drivers
v000001c6788fb660_0 .net "fetch_resp_inst", 31 0, v000001c6788ca130_0;  1 drivers
v000001c6788fb840_0 .net "fetch_resp_pc", 31 0, v000001c6788caef0_0;  1 drivers
v000001c6788fa9e0_0 .net "fetch_resp_ready", 0 0, L_000001c678809b30;  1 drivers
v000001c6788fb8e0_0 .net "fetch_resp_valid", 0 0, v000001c6788caa90_0;  1 drivers
v000001c6788fc380_0 .net "flush_idex", 0 0, L_000001c67880ddb0;  1 drivers
v000001c6788fbd40_0 .net "flush_idex_hdu", 0 0, L_000001c67880ec90;  1 drivers
v000001c6788fca60_0 .net "flush_ifid", 0 0, L_000001c67880e360;  1 drivers
v000001c6788fc420_0 .net "flush_ifid_hdu", 0 0, L_000001c67880f1d0;  1 drivers
v000001c6788fcb00_0 .net "i_l2_req_ready_int", 0 0, L_000001c678902140;  1 drivers
v000001c6788fb200_0 .net "i_l2_rsp_data_int", 63 0, L_000001c678808160;  1 drivers
v000001c6788fab20_0 .net "i_l2_rsp_err_int", 0 0, L_000001c678902500;  1 drivers
v000001c6788fa8a0_0 .net "i_l2_rsp_last_int", 0 0, L_000001c678904620;  1 drivers
v000001c6788fabc0_0 .net "i_l2_rsp_valid_int", 0 0, L_000001c678904260;  1 drivers
v000001c6788fc560_0 .net "id_alu_op", 2 0, v000001c6788d35e0_0;  1 drivers
v000001c6788fc740_0 .net "id_alu_src_imm", 0 0, v000001c6788d3040_0;  1 drivers
v000001c6788fbfc0_0 .net "id_br_funct3", 2 0, L_000001c678809ba0;  1 drivers
v000001c6788fbca0_0 .net "id_branch", 0 0, v000001c6788d3400_0;  1 drivers
v000001c6788fb700_0 .net "id_imm", 31 0, v000001c6788d5840_0;  1 drivers
v000001c6788faf80_0 .net "id_instr", 31 0, L_000001c678809740;  1 drivers
v000001c6788fc4c0_0 .net "id_is_auipc", 0 0, v000001c6788d48a0_0;  1 drivers
v000001c6788fc060_0 .net "id_is_lui", 0 0, v000001c6788d5e80_0;  1 drivers
v000001c6788fb5c0_0 .net "id_jal", 0 0, v000001c6788d4760_0;  1 drivers
v000001c6788fc6a0_0 .net "id_jalr", 0 0, v000001c6788d53e0_0;  1 drivers
v000001c6788fb2a0_0 .net "id_mem_funct3", 2 0, v000001c6788d4580_0;  1 drivers
v000001c6788fb480_0 .net "id_mem_read", 0 0, v000001c6788d4a80_0;  1 drivers
v000001c6788fb020_0 .net "id_mem_write", 0 0, v000001c6788d3b80_0;  1 drivers
v000001c6788fc920_0 .net "id_pc", 31 0, L_000001c678809eb0;  1 drivers
v000001c6788fb160_0 .net "id_rd", 4 0, L_000001c678809c10;  1 drivers
v000001c6788fa940_0 .net "id_ready", 0 0, L_000001c6788085c0;  1 drivers
v000001c6788fb520_0 .net "id_reg_write", 0 0, v000001c6788d4da0_0;  1 drivers
v000001c6788fc2e0_0 .net "id_rs1", 4 0, L_000001c678809350;  1 drivers
v000001c6788fcc40_0 .net "id_rs1_val", 31 0, L_000001c6788f9fe0;  1 drivers
v000001c6788fbc00_0 .net "id_rs2", 4 0, L_000001c678809510;  1 drivers
v000001c6788fc7e0_0 .net "id_rs2_val", 31 0, L_000001c6788f9900;  1 drivers
v000001c6788fb0c0_0 .net "id_shift_arith", 0 0, v000001c6788d5340_0;  1 drivers
v000001c6788fb340_0 .net "id_shift_right", 0 0, v000001c6788d57a0_0;  1 drivers
v000001c6788fc9c0_0 .net "id_valid", 0 0, L_000001c678808e10;  1 drivers
v000001c6788fac60_0 .net "id_wb_sel", 1 0, v000001c6788d3900_0;  1 drivers
v000001c6788fcf60_0 .net "if_pc", 31 0, v000001c6788f4110_0;  1 drivers
v000001c6788fbde0_0 .var "if_pending", 0 0;
v000001c6788fcec0_0 .net "ifetch_err_o", 0 0, L_000001c678809900;  alias, 1 drivers
v000001c6788fc600_0 .net "init_calib_complete", 0 0, L_000001c678807590;  alias, 1 drivers
v000001c6788fb3e0_0 .net "l2_req_addr", 31 0, v000001c6788caf90_0;  alias, 1 drivers
v000001c6788fb7a0_0 .net "l2_req_cmd", 1 0, v000001c6788cb210_0;  alias, 1 drivers
v000001c6788fc240_0 .net "l2_req_len", 7 0, v000001c6788cb3f0_0;  alias, 1 drivers
v000001c6788fb980_0 .net "l2_req_ready", 0 0, v000001c678901240_0;  1 drivers
v000001c6788fc880_0 .net "l2_req_size", 2 0, v000001c6788cb5d0_0;  alias, 1 drivers
v000001c6788fcba0_0 .net "l2_req_valid", 0 0, v000001c6788cfee0_0;  alias, 1 drivers
v000001c6788fcce0_0 .net "l2_rsp_data", 63 0, v000001c678900200_0;  1 drivers
v000001c6788fbb60_0 .net "l2_rsp_err", 0 0, v000001c6789005c0_0;  1 drivers
v000001c6788fcd80_0 .net "l2_rsp_last", 0 0, v000001c6789002a0_0;  1 drivers
v000001c6788fce20_0 .net "l2_rsp_ready", 0 0, v000001c6788cf300_0;  alias, 1 drivers
v000001c6788fd000_0 .net "l2_rsp_valid", 0 0, v000001c678900340_0;  1 drivers
v000001c6788faa80_0 .net "mem_alu_result", 31 0, L_000001c67880a2a0;  1 drivers
o000001c6788755f8 .functor BUFZ 1, C4<z>; HiZ drive
v000001c6788fbe80_0 .net "mem_err_event", 0 0, o000001c6788755f8;  0 drivers
v000001c6788fc100_0 .net "mem_load_active", 0 0, L_000001c67880bc00;  1 drivers
v000001c6788fba20_0 .net "mem_load_rdata", 31 0, L_000001c67896db20;  1 drivers
v000001c6788fbac0_0 .net "mem_load_valid", 0 0, L_000001c67880bdc0;  1 drivers
v000001c6788fbf20_0 .net "mem_mem_read", 0 0, L_000001c67880b9d0;  1 drivers
v000001c6788fc1a0_0 .net "mem_mem_write", 0 0, L_000001c67880ba40;  1 drivers
v000001c6788fad00_0 .net "mem_pc4", 31 0, L_000001c67880a3f0;  1 drivers
v000001c6788fada0_0 .net "mem_rd", 4 0, L_000001c67880b810;  1 drivers
v000001c6788fae40_0 .net "mem_reg_write", 0 0, L_000001c67880a700;  1 drivers
v000001c6788faee0_0 .net "mem_size", 2 0, L_000001c67880a150;  1 drivers
v000001c6788fd3c0_0 .net "mem_stall", 0 0, L_000001c67880bd50;  1 drivers
v000001c6788fee00_0 .net "mem_store_data", 31 0, L_000001c67880ac40;  1 drivers
v000001c6788fe360_0 .net "mem_valid", 0 0, L_000001c67880bb20;  1 drivers
v000001c6788fe720_0 .net "mem_wb_sel", 1 0, L_000001c67880b880;  1 drivers
L_000001c67890ce68 .functor BUFT 1, C4<00000000000000000000000000000000>, C4<0>, C4<0>, C4<0>;
v000001c6788fe7c0_0 .net "pending_load_mask", 31 0, L_000001c67890ce68;  1 drivers
v000001c6788fd280_0 .net "redirect_pc", 31 0, L_000001c67896b780;  1 drivers
v000001c6788fe4a0_0 .net "redirect_valid", 0 0, L_000001c67880afc0;  1 drivers
v000001c6788fd6e0_0 .net "req_blocked", 0 0, L_000001c678808f60;  1 drivers
v000001c6788fd140_0 .net "resp_blocked", 0 0, L_000001c678808a90;  1 drivers
v000001c6788fd1e0_0 .net "rf_waddr", 4 0, L_000001c67880c990;  1 drivers
v000001c6788fd780_0 .net "rf_wdata", 31 0, L_000001c67880cb50;  1 drivers
v000001c6788fe0e0_0 .net "rf_we", 0 0, L_000001c67880c300;  1 drivers
v000001c6788ff440_0 .net "rst_n", 0 0, v000001c678902be0_0;  1 drivers
v000001c6788fd5a0_0 .net "stall_ex", 0 0, L_000001c67880e3d0;  1 drivers
v000001c6788fe860_0 .net "stall_ex_hdu", 0 0, L_000001c67880daa0;  1 drivers
v000001c6788fe040_0 .net "stall_exmem", 0 0, L_000001c67880e050;  1 drivers
v000001c6788feb80_0 .net "stall_exmem_hdu", 0 0, L_000001c67880e830;  1 drivers
v000001c6788fdc80_0 .net "stall_id", 0 0, L_000001c67880e600;  1 drivers
v000001c6788fddc0_0 .net "stall_id_hdu", 0 0, L_000001c67880e4b0;  1 drivers
v000001c6788fefe0_0 .net "stall_if", 0 0, L_000001c67880d950;  1 drivers
v000001c6788fecc0_0 .net "stall_if_hdu", 0 0, L_000001c67880ec20;  1 drivers
v000001c6788fec20_0 .net "store_done_i", 0 0, L_000001c67880d720;  1 drivers
v000001c6788fe540_0 .net "sys_clk_n", 0 0, L_000001c67880db80;  alias, 1 drivers
v000001c6788ff260_0 .net "sys_clk_p", 0 0, L_000001c67880ede0;  alias, 1 drivers
v000001c6788fed60_0 .net "uart_rx_i", 0 0, v000001c678903220_0;  1 drivers
v000001c6788ff300_0 .net "ui_clk", 0 0, L_000001c678807bb0;  1 drivers
v000001c6788ff3a0_0 .net "ui_clk_sync_rst", 0 0, v000001c678818740_0;  1 drivers
v000001c6788fd0a0_0 .net "wb_i_valid", 0 0, L_000001c67896da80;  1 drivers
v000001c6788feea0_0 .net "wb_rd", 4 0, v000001c6788f3ad0_0;  1 drivers
v000001c6788fea40_0 .net "wb_rd_o", 4 0, L_000001c67880d090;  alias, 1 drivers
v000001c6788fe900_0 .net "wb_rd_wen", 0 0, L_000001c67880c290;  1 drivers
v000001c6788fe220_0 .net "wb_stall", 0 0, L_000001c67880c1b0;  1 drivers
v000001c6788fe5e0_0 .net "wb_valid", 0 0, L_000001c67880c4c0;  1 drivers
v000001c6788fde60_0 .net "wb_wdata", 31 0, v000001c6788f2450_0;  1 drivers
v000001c6788ff1c0_0 .net "wb_wdata_o", 31 0, L_000001c67880df00;  alias, 1 drivers
v000001c6788fd320_0 .net "wb_we_o", 0 0, L_000001c67880d020;  alias, 1 drivers
L_000001c678906f60 .cmp/eq 2, v000001c6788bd690_0, L_000001c67890b680;
L_000001c6789055c0 .cmp/eq 2, v000001c6788bd690_0, L_000001c67890b6c8;
L_000001c67896d580 .part L_000001c67880a150, 0, 2;
L_000001c67896da80 .functor MUXZ 1, L_000001c67880c0d0, L_000001c67880bdc0, L_000001c67880b9d0, C4<>;
S_000001c6786a5ce0 .scope generate, "GEN_MIG" "GEN_MIG" 4 109, 4 109 0, S_000001c6786a5b50;
 .timescale -9 -12;
L_000001c6788077c0 .functor NOT 1, v000001c678902be0_0, C4<0>, C4<0>, C4<0>;
L_000001c6788068e0 .functor BUFZ 1, L_000001c678807bb0, C4<0>, C4<0>, C4<0>;
L_000001c6788080f0 .functor NOT 1, v000001c678818740_0, C4<0>, C4<0>, C4<0>;
L_000001c678806f00 .functor AND 1, v000001c678902be0_0, L_000001c6788080f0, C4<1>, C4<1>;
L_000001c678806cd0 .functor AND 1, L_000001c678806f00, L_000001c678807590, C4<1>, C4<1>;
L_000001c678806db0 .functor AND 1, L_000001c678806cd0, L_000001c67890b638, C4<1>, C4<1>;
L_000001c67880f320 .functor BUFT 28, v000001c67841ae00_0, C4<0000000000000000000000000000>, C4<0000000000000000000000000000>, C4<0000000000000000000000000000>;
L_000001c67880ed00 .functor BUFT 3, v000001c67841c3e0_0, C4<000>, C4<000>, C4<000>;
L_000001c67880e910 .functor BUFT 1, v000001c67841c480_0, C4<0>, C4<0>, C4<0>;
L_000001c67880d790 .functor BUFT 128, v000001c67841cb60_0, C4<00000000000000000000000000000000000000000000000000000000000000000000000000000000000000000000000000000000000000000000000000000000>, C4<00000000000000000000000000000000000000000000000000000000000000000000000000000000000000000000000000000000000000000000000000000000>, C4<00000000000000000000000000000000000000000000000000000000000000000000000000000000000000000000000000000000000000000000000000000000>;
L_000001c67880e520 .functor BUFT 1, v000001c67841c980_0, C4<0>, C4<0>, C4<0>;
L_000001c67880e8a0 .functor BUFT 16, v000001c67841cf20_0, C4<0000000000000000>, C4<0000000000000000>, C4<0000000000000000>;
L_000001c67880e2f0 .functor BUFT 1, v000001c67841de20_0, C4<0>, C4<0>, C4<0>;
v000001c678819140_0 .net *"_ivl_10", 0 0, L_000001c6788080f0;  1 drivers
v000001c678818ba0_0 .net *"_ivl_12", 0 0, L_000001c678806f00;  1 drivers
v000001c67881a540_0 .net *"_ivl_14", 0 0, L_000001c678806cd0;  1 drivers
v000001c678818d80_0 .net "app_addr", 27 0, L_000001c67880f320;  1 drivers
L_000001c67890b3f8 .functor BUFT 1, C4<0000000000000000000000000000>, C4<0>, C4<0>, C4<0>;
v000001c67881acc0_0 .net "app_addr_boot", 27 0, L_000001c67890b3f8;  1 drivers
v000001c678819820_0 .net "app_addr_l2", 27 0, v000001c67841ae00_0;  1 drivers
v000001c67881aae0_0 .net "app_cmd", 2 0, L_000001c67880ed00;  1 drivers
L_000001c67890b440 .functor BUFT 1, C4<000>, C4<0>, C4<0>, C4<0>;
v000001c67881a720_0 .net "app_cmd_boot", 2 0, L_000001c67890b440;  1 drivers
v000001c6788195a0_0 .net "app_cmd_l2", 2 0, v000001c67841c3e0_0;  1 drivers
v000001c678819640_0 .net "app_en", 0 0, L_000001c67880e910;  1 drivers
L_000001c67890b488 .functor BUFT 1, C4<0>, C4<0>, C4<0>, C4<0>;
v000001c678819780_0 .net "app_en_boot", 0 0, L_000001c67890b488;  1 drivers
v000001c678819460_0 .net "app_en_l2", 0 0, v000001c67841c480_0;  1 drivers
v000001c678818f60_0 .net "app_rd_data", 127 0, v000001c6788170c0_0;  1 drivers
v000001c67881a7c0_0 .net "app_rd_data_end", 0 0, v000001c6788182e0_0;  1 drivers
v000001c67881a5e0_0 .net "app_rd_data_valid", 0 0, v000001c678817160_0;  1 drivers
v000001c678819be0_0 .net "app_rdy", 0 0, v000001c678817fc0_0;  1 drivers
v000001c678819c80_0 .net "app_ref_ack", 0 0, v000001c678817de0_0;  1 drivers
v000001c67881ab80_0 .net "app_sr_active", 0 0, v000001c678816da0_0;  1 drivers
v000001c67881a220_0 .net "app_wdf_data", 127 0, L_000001c67880d790;  1 drivers
L_000001c67890b4d0 .functor BUFT 1, C4<00000000000000000000000000000000000000000000000000000000000000000000000000000000000000000000000000000000000000000000000000000000>, C4<0>, C4<0>, C4<0>;
v000001c678819500_0 .net "app_wdf_data_boot", 127 0, L_000001c67890b4d0;  1 drivers
v000001c67881ae00_0 .net "app_wdf_data_l2", 127 0, v000001c67841cb60_0;  1 drivers
v000001c67881b1c0_0 .net "app_wdf_end", 0 0, L_000001c67880e520;  1 drivers
L_000001c67890b518 .functor BUFT 1, C4<0>, C4<0>, C4<0>, C4<0>;
v000001c6788191e0_0 .net "app_wdf_end_boot", 0 0, L_000001c67890b518;  1 drivers
v000001c6788198c0_0 .net "app_wdf_end_l2", 0 0, v000001c67841c980_0;  1 drivers
v000001c678819960_0 .net "app_wdf_mask", 15 0, L_000001c67880e8a0;  1 drivers
L_000001c67890b560 .functor BUFT 1, C4<1111111111111111>, C4<0>, C4<0>, C4<0>;
v000001c678819a00_0 .net "app_wdf_mask_boot", 15 0, L_000001c67890b560;  1 drivers
v000001c678819aa0_0 .net "app_wdf_mask_l2", 15 0, v000001c67841cf20_0;  1 drivers
v000001c678819000_0 .net "app_wdf_rdy", 0 0, v000001c6788181a0_0;  1 drivers
v000001c678818b00_0 .net "app_wdf_wren", 0 0, L_000001c67880e2f0;  1 drivers
L_000001c67890b5a8 .functor BUFT 1, C4<0>, C4<0>, C4<0>, C4<0>;
v000001c67881a680_0 .net "app_wdf_wren_boot", 0 0, L_000001c67890b5a8;  1 drivers
v000001c67881a860_0 .net "app_wdf_wren_l2", 0 0, v000001c67841de20_0;  1 drivers
v000001c67881a400_0 .net "app_zq_ack", 0 0, v000001c678818240_0;  1 drivers
L_000001c67890b5f0 .functor BUFT 1, C4<0>, C4<0>, C4<0>, C4<0>;
v000001c678819e60_0 .net "boot_active_w", 0 0, L_000001c67890b5f0;  1 drivers
S_000001c6786a5e70 .scope generate, "GEN_NO_UART_BOOT" "GEN_NO_UART_BOOT" 4 245, 4 245 0, S_000001c6786a5ce0;
 .timescale -9 -12;
S_000001c6786a6000 .scope module, "u_l2" "l2_cache_top" 4 194, 5 12 0, S_000001c6786a5ce0;
 .timescale -9 -12;
    .port_info 0 /INPUT 1 "clk";
    .port_info 1 /INPUT 1 "rst";
    .port_info 2 /INPUT 1 "init_calib_complete";
    .port_info 3 /INPUT 1 "i_req_valid";
    .port_info 4 /OUTPUT 1 "i_req_ready";
    .port_info 5 /INPUT 2 "i_req_cmd";
    .port_info 6 /INPUT 32 "i_req_addr";
    .port_info 7 /INPUT 3 "i_req_size";
    .port_info 8 /INPUT 8 "i_req_len";
    .port_info 9 /INPUT 64 "i_req_wdata";
    .port_info 10 /INPUT 8 "i_req_wstrb";
    .port_info 11 /INPUT 1 "i_req_uncached";
    .port_info 12 /OUTPUT 1 "i_rsp_valid";
    .port_info 13 /INPUT 1 "i_rsp_ready";
    .port_info 14 /OUTPUT 64 "i_rsp_rdata";
    .port_info 15 /OUTPUT 1 "i_rsp_err";
    .port_info 16 /OUTPUT 1 "i_rsp_last";
    .port_info 17 /INPUT 1 "d_req_valid";
    .port_info 18 /OUTPUT 1 "d_req_ready";
    .port_info 19 /INPUT 2 "d_req_cmd";
    .port_info 20 /INPUT 32 "d_req_addr";
    .port_info 21 /INPUT 3 "d_req_size";
    .port_info 22 /INPUT 8 "d_req_len";
    .port_info 23 /INPUT 64 "d_req_wdata";
    .port_info 24 /INPUT 8 "d_req_wstrb";
    .port_info 25 /INPUT 1 "d_req_uncached";
    .port_info 26 /OUTPUT 1 "d_rsp_valid";
    .port_info 27 /INPUT 1 "d_rsp_ready";
    .port_info 28 /OUTPUT 64 "d_rsp_rdata";
    .port_info 29 /OUTPUT 1 "d_rsp_err";
    .port_info 30 /OUTPUT 1 "d_rsp_last";
    .port_info 31 /OUTPUT 28 "app_addr";
    .port_info 32 /OUTPUT 3 "app_cmd";
    .port_info 33 /OUTPUT 1 "app_en";
    .port_info 34 /OUTPUT 128 "app_wdf_data";
    .port_info 35 /OUTPUT 1 "app_wdf_end";
    .port_info 36 /OUTPUT 16 "app_wdf_mask";
    .port_info 37 /OUTPUT 1 "app_wdf_wren";
    .port_info 38 /INPUT 128 "app_rd_data";
    .port_info 39 /INPUT 1 "app_rd_data_end";
    .port_info 40 /INPUT 1 "app_rd_data_valid";
    .port_info 41 /INPUT 1 "app_rdy";
    .port_info 42 /INPUT 1 "app_wdf_rdy";
L_000001c6788070c0 .functor AND 1, v000001c6788bee50_0, L_000001c6788089b0, C4<1>, C4<1>;
L_000001c67890b3b0 .functor BUFT 1, C4<0>, C4<0>, C4<0>, C4<0>;
L_000001c678807ad0 .functor AND 1, v000001c6788cfee0_0, L_000001c67890b3b0, C4<1>, C4<1>;
L_000001c678807600 .functor OR 1, L_000001c6788089b0, L_000001c6789044e0, C4<0>, C4<0>;
L_000001c6788082b0 .functor AND 1, v000001c6788bee50_0, L_000001c678807600, C4<1>, C4<1>;
L_000001c678806f70 .functor AND 1, v000001c6788cfee0_0, L_000001c6789046c0, C4<1>, C4<1>;
L_000001c678807750 .functor AND 1, v000001c678813ce0_0, v000001c6786803d0_0, C4<1>, C4<1>;
L_000001c678806950 .functor AND 1, v000001c6788148c0_0, v000001c678815c20_0, C4<1>, C4<1>;
L_000001c678807a60 .functor AND 1, L_000001c6789039a0, v000001c678815fe0_0, C4<1>, C4<1>;
L_000001c678807d70 .functor OR 1, L_000001c678806950, L_000001c678807a60, C4<0>, C4<0>;
L_000001c678807830 .functor AND 1, L_000001c678807750, L_000001c678807d70, C4<1>, C4<1>;
L_000001c678807fa0 .functor OR 1, v000001c678680ab0_0, L_000001c678807830, C4<0>, C4<0>;
L_000001c678807c90 .functor AND 1, v000001c678813ce0_0, v000001c6788148c0_0, C4<1>, C4<1>;
L_000001c678807ec0 .functor BUFZ 64, v000001c678680b50_0, C4<0000000000000000000000000000000000000000000000000000000000000000>, C4<0000000000000000000000000000000000000000000000000000000000000000>, C4<0000000000000000000000000000000000000000000000000000000000000000>;
L_000001c678806d40 .functor AND 1, v000001c678813ce0_0, v000001c6788148c0_0, C4<1>, C4<1>;
L_000001c6788078a0 .functor AND 1, v000001c678813ce0_0, v000001c6788148c0_0, C4<1>, C4<1>;
L_000001c678807e50 .functor AND 1, v000001c678813ce0_0, L_000001c678904080, C4<1>, C4<1>;
L_000001c678808160 .functor BUFZ 64, v000001c678680b50_0, C4<0000000000000000000000000000000000000000000000000000000000000000>, C4<0000000000000000000000000000000000000000000000000000000000000000>, C4<0000000000000000000000000000000000000000000000000000000000000000>;
L_000001c678807910 .functor AND 1, v000001c678813ce0_0, L_000001c678902aa0, C4<1>, C4<1>;
L_000001c6788081d0 .functor AND 1, v000001c678813ce0_0, L_000001c678904300, C4<1>, C4<1>;
L_000001c6788079f0 .functor AND 1, L_000001c678902d20, v000001c67841db00_0, C4<1>, C4<1>;
L_000001c6788069c0 .functor AND 1, L_000001c6788079f0, L_000001c6789043a0, C4<1>, C4<1>;
L_000001c678807980 .functor AND 1, v000001c6786803d0_0, L_000001c6789026e0, C4<1>, C4<1>;
L_000001c678807b40 .functor AND 1, L_000001c678807980, v000001c678813ce0_0, C4<1>, C4<1>;
v000001c678680830_0 .net *"_ivl_101", 0 0, L_000001c678807750;  1 drivers
v000001c67867ff70_0 .net *"_ivl_103", 0 0, L_000001c678806950;  1 drivers
v000001c678681e10_0 .net *"_ivl_105", 0 0, L_000001c6789039a0;  1 drivers
v000001c678681550_0 .net *"_ivl_107", 0 0, L_000001c678807a60;  1 drivers
v000001c678681af0_0 .net *"_ivl_109", 0 0, L_000001c678807d70;  1 drivers
v000001c678680f10_0 .net *"_ivl_11", 0 0, L_000001c6789046c0;  1 drivers
v000001c678681690_0 .net *"_ivl_115", 0 0, L_000001c678807c90;  1 drivers
L_000001c67890a678 .functor BUFT 1, C4<0>, C4<0>, C4<0>, C4<0>;
v000001c678681c30_0 .net/2u *"_ivl_116", 0 0, L_000001c67890a678;  1 drivers
v000001c6786800b0_0 .net *"_ivl_123", 0 0, L_000001c678806d40;  1 drivers
L_000001c67890a6c0 .functor BUFT 1, C4<0>, C4<0>, C4<0>, C4<0>;
v000001c678681050_0 .net/2u *"_ivl_124", 0 0, L_000001c67890a6c0;  1 drivers
v000001c6786817d0_0 .net *"_ivl_129", 0 0, L_000001c6788078a0;  1 drivers
L_000001c67890a708 .functor BUFT 1, C4<0>, C4<0>, C4<0>, C4<0>;
v000001c6786810f0_0 .net/2u *"_ivl_130", 0 0, L_000001c67890a708;  1 drivers
v000001c678681d70_0 .net *"_ivl_135", 0 0, L_000001c678904080;  1 drivers
v000001c678680150_0 .net *"_ivl_137", 0 0, L_000001c678807e50;  1 drivers
L_000001c67890a750 .functor BUFT 1, C4<0>, C4<0>, C4<0>, C4<0>;
v000001c6786815f0_0 .net/2u *"_ivl_138", 0 0, L_000001c67890a750;  1 drivers
L_000001c67890a438 .functor BUFT 1, C4<1>, C4<0>, C4<0>, C4<0>;
v000001c678681870_0 .net/2u *"_ivl_14", 0 0, L_000001c67890a438;  1 drivers
v000001c6786808d0_0 .net *"_ivl_145", 0 0, L_000001c678902aa0;  1 drivers
v000001c678681a50_0 .net *"_ivl_147", 0 0, L_000001c678807910;  1 drivers
L_000001c67890a798 .functor BUFT 1, C4<0>, C4<0>, C4<0>, C4<0>;
v000001c678681eb0_0 .net/2u *"_ivl_148", 0 0, L_000001c67890a798;  1 drivers
v000001c67867f890_0 .net *"_ivl_153", 0 0, L_000001c678904300;  1 drivers
v000001c67867f930_0 .net *"_ivl_155", 0 0, L_000001c6788081d0;  1 drivers
L_000001c67890a7e0 .functor BUFT 1, C4<0>, C4<0>, C4<0>, C4<0>;
v000001c67867f9d0_0 .net/2u *"_ivl_156", 0 0, L_000001c67890a7e0;  1 drivers
L_000001c67890a480 .functor BUFT 1, C4<0>, C4<0>, C4<0>, C4<0>;
v000001c67867fcf0_0 .net/2u *"_ivl_16", 0 0, L_000001c67890a480;  1 drivers
v000001c678680010_0 .net *"_ivl_161", 0 0, L_000001c6788079f0;  1 drivers
v000001c678680970_0 .net *"_ivl_163", 0 0, L_000001c6789043a0;  1 drivers
v000001c678683170_0 .net *"_ivl_167", 0 0, L_000001c678807980;  1 drivers
v000001c678681f50_0 .net *"_ivl_20", 0 0, L_000001c678904760;  1 drivers
L_000001c67890a4c8 .functor BUFT 1, C4<0>, C4<0>, C4<0>, C4<0>;
v000001c6786823b0_0 .net/2u *"_ivl_22", 0 0, L_000001c67890a4c8;  1 drivers
v000001c678682450_0 .net *"_ivl_24", 0 0, L_000001c678903c20;  1 drivers
v000001c6786824f0_0 .net *"_ivl_26", 0 0, L_000001c6789035e0;  1 drivers
v000001c678682310_0 .net *"_ivl_30", 1 0, L_000001c6789041c0;  1 drivers
v000001c678682130_0 .net *"_ivl_32", 1 0, L_000001c678902f00;  1 drivers
v000001c678683350_0 .net *"_ivl_36", 31 0, L_000001c678903b80;  1 drivers
v000001c678682770_0 .net *"_ivl_38", 31 0, L_000001c678904580;  1 drivers
v000001c678682a90_0 .net *"_ivl_42", 2 0, L_000001c6789028c0;  1 drivers
v000001c678682090_0 .net *"_ivl_44", 2 0, L_000001c678902fa0;  1 drivers
v000001c678682f90_0 .net *"_ivl_48", 7 0, L_000001c678902820;  1 drivers
v000001c678682590_0 .net *"_ivl_5", 0 0, L_000001c6789044e0;  1 drivers
v000001c678682630_0 .net *"_ivl_50", 7 0, L_000001c678903180;  1 drivers
v000001c6786833f0_0 .net *"_ivl_54", 63 0, L_000001c6789032c0;  1 drivers
v000001c6786821d0_0 .net *"_ivl_56", 63 0, L_000001c678902960;  1 drivers
v000001c678683030_0 .net *"_ivl_60", 7 0, L_000001c678903680;  1 drivers
v000001c678683210_0 .net *"_ivl_62", 7 0, L_000001c678903360;  1 drivers
v000001c6786829f0_0 .net *"_ivl_66", 0 0, L_000001c678903a40;  1 drivers
v000001c6786832b0_0 .net *"_ivl_68", 0 0, L_000001c678903540;  1 drivers
v000001c678683490_0 .net *"_ivl_7", 0 0, L_000001c678807600;  1 drivers
L_000001c67890a510 .functor BUFT 1, C4<0>, C4<0>, C4<0>, C4<0>;
v000001c6786826d0_0 .net/2u *"_ivl_72", 0 0, L_000001c67890a510;  1 drivers
v000001c678683530_0 .net *"_ivl_74", 0 0, L_000001c678903cc0;  1 drivers
L_000001c67890a558 .functor BUFT 1, C4<0>, C4<0>, C4<0>, C4<0>;
v000001c678681ff0_0 .net/2u *"_ivl_76", 0 0, L_000001c67890a558;  1 drivers
v000001c6786828b0_0 .net *"_ivl_78", 0 0, L_000001c6789037c0;  1 drivers
v000001c678682810_0 .net *"_ivl_83", 0 0, L_000001c678903900;  1 drivers
L_000001c67890a5a0 .functor BUFT 1, C4<0>, C4<0>, C4<0>, C4<0>;
v000001c678682950_0 .net/2u *"_ivl_84", 0 0, L_000001c67890a5a0;  1 drivers
v000001c678682b30_0 .net *"_ivl_86", 0 0, L_000001c678903d60;  1 drivers
L_000001c67890a5e8 .functor BUFT 1, C4<0>, C4<0>, C4<0>, C4<0>;
v000001c678682bd0_0 .net/2u *"_ivl_88", 0 0, L_000001c67890a5e8;  1 drivers
v000001c678682270_0 .net *"_ivl_90", 0 0, L_000001c678903e00;  1 drivers
v000001c678682c70_0 .net *"_ivl_94", 0 0, L_000001c678903fe0;  1 drivers
L_000001c67890a630 .functor BUFT 1, C4<0>, C4<0>, C4<0>, C4<0>;
v000001c678682d10_0 .net/2u *"_ivl_96", 0 0, L_000001c67890a630;  1 drivers
v000001c678682db0_0 .net "app_addr", 27 0, v000001c67841ae00_0;  alias, 1 drivers
v000001c678682e50_0 .net "app_cmd", 2 0, v000001c67841c3e0_0;  alias, 1 drivers
v000001c6786835d0_0 .net "app_en", 0 0, v000001c67841c480_0;  alias, 1 drivers
v000001c678682ef0_0 .net "app_rd_data", 127 0, v000001c6788170c0_0;  alias, 1 drivers
v000001c6786830d0_0 .net "app_rd_data_end", 0 0, v000001c6788182e0_0;  alias, 1 drivers
v000001c67881b9e0_0 .net "app_rd_data_valid", 0 0, v000001c678817160_0;  alias, 1 drivers
v000001c67881b4e0_0 .net "app_rdy", 0 0, v000001c678817fc0_0;  alias, 1 drivers
v000001c67881b580_0 .net "app_wdf_data", 127 0, v000001c67841cb60_0;  alias, 1 drivers
v000001c67881b620_0 .net "app_wdf_end", 0 0, v000001c67841c980_0;  alias, 1 drivers
v000001c67881b760_0 .net "app_wdf_mask", 15 0, v000001c67841cf20_0;  alias, 1 drivers
v000001c67881b6c0_0 .net "app_wdf_rdy", 0 0, v000001c6788181a0_0;  alias, 1 drivers
v000001c67881b800_0 .net "app_wdf_wren", 0 0, v000001c67841de20_0;  alias, 1 drivers
v000001c67881b8a0_0 .net "choose_d", 0 0, L_000001c6788082b0;  1 drivers
v000001c67881b940_0 .net "choose_i", 0 0, L_000001c678806f70;  1 drivers
v000001c67881b300_0 .net "clk", 0 0, L_000001c6788068e0;  alias, 1 drivers
v000001c67881b3a0_0 .net "core_req_addr", 31 0, L_000001c678903400;  1 drivers
v000001c67881b440_0 .net "core_req_cmd", 1 0, L_000001c678903ae0;  1 drivers
v000001c678815360_0 .net "core_req_fire", 0 0, L_000001c6788069c0;  1 drivers
v000001c6788155e0_0 .net "core_req_len", 7 0, L_000001c678902640;  1 drivers
v000001c678814a00_0 .net "core_req_ready", 0 0, v000001c67841db00_0;  1 drivers
v000001c678814320_0 .net "core_req_size", 2 0, L_000001c6789030e0;  1 drivers
v000001c678815680_0 .net "core_req_unc", 0 0, L_000001c678903720;  1 drivers
v000001c678815f40_0 .net "core_req_valid", 0 0, L_000001c678902d20;  1 drivers
v000001c678814aa0_0 .net "core_req_wdata", 63 0, L_000001c6789034a0;  1 drivers
v000001c678813ba0_0 .net "core_req_wstrb", 7 0, L_000001c678904800;  1 drivers
v000001c678813c40_0 .net "core_rsp_err", 0 0, v000001c678680ab0_0;  1 drivers
v000001c6788157c0_0 .net "core_rsp_err_inj", 0 0, L_000001c678807fa0;  1 drivers
v000001c678814d20_0 .net "core_rsp_fire", 0 0, L_000001c678807b40;  1 drivers
v000001c678814960_0 .net "core_rsp_last", 0 0, v000001c6786812d0_0;  1 drivers
v000001c678815040_0 .net "core_rsp_rdata", 63 0, v000001c678680b50_0;  1 drivers
v000001c678814b40_0 .net "core_rsp_ready", 0 0, L_000001c6789026e0;  1 drivers
v000001c6788143c0_0 .net "core_rsp_valid", 0 0, v000001c6786803d0_0;  1 drivers
v000001c678815180_0 .net "d_req_addr", 31 0, v000001c6788bd2d0_0;  alias, 1 drivers
v000001c678814f00_0 .net "d_req_cmd", 1 0, v000001c6788bd690_0;  alias, 1 drivers
v000001c6788150e0_0 .net "d_req_len", 7 0, v000001c6788bd550_0;  alias, 1 drivers
v000001c678814be0_0 .net "d_req_ready", 0 0, L_000001c678903860;  alias, 1 drivers
v000001c678814460_0 .net "d_req_size", 2 0, v000001c6788be270_0;  alias, 1 drivers
v000001c678813e20_0 .net "d_req_uncached", 0 0, L_000001c6788089b0;  alias, 1 drivers
v000001c678814fa0_0 .net "d_req_valid", 0 0, v000001c6788bee50_0;  alias, 1 drivers
v000001c678814500_0 .net "d_req_wdata", 63 0, v000001c6788be4f0_0;  alias, 1 drivers
v000001c678814c80_0 .net "d_req_wstrb", 7 0, v000001c6788bcbf0_0;  alias, 1 drivers
v000001c678815cc0_0 .net "d_rsp_err", 0 0, L_000001c678903f40;  alias, 1 drivers
v000001c678814dc0_0 .net "d_rsp_last", 0 0, L_000001c678902a00;  alias, 1 drivers
v000001c678813b00_0 .net "d_rsp_rdata", 63 0, L_000001c678807ec0;  alias, 1 drivers
v000001c678815b80_0 .net "d_rsp_ready", 0 0, L_000001c67880d5d0;  alias, 1 drivers
v000001c678815e00_0 .net "d_rsp_valid", 0 0, L_000001c678903ea0;  alias, 1 drivers
v000001c6788154a0_0 .net "d_unc", 0 0, L_000001c6788070c0;  1 drivers
v000001c678815c20_0 .var "dbg_d_err_once", 0 0;
v000001c678815fe0_0 .var "dbg_i_err_once", 0 0;
v000001c678815220_0 .var/i "dbg_test_id", 31 0;
v000001c6788146e0_0 .net "i_req_addr", 31 0, v000001c6788caf90_0;  alias, 1 drivers
v000001c678814e60_0 .net "i_req_cmd", 1 0, v000001c6788cb210_0;  alias, 1 drivers
v000001c6788152c0_0 .net "i_req_len", 7 0, v000001c6788cb3f0_0;  alias, 1 drivers
v000001c678815400_0 .net "i_req_ready", 0 0, L_000001c678902140;  alias, 1 drivers
v000001c678815720_0 .net "i_req_size", 2 0, v000001c6788cb5d0_0;  alias, 1 drivers
v000001c678814780_0 .net "i_req_uncached", 0 0, L_000001c67890b3b0;  1 drivers
v000001c678813ec0_0 .net "i_req_valid", 0 0, v000001c6788cfee0_0;  alias, 1 drivers
L_000001c67890b320 .functor BUFT 1, C4<0000000000000000000000000000000000000000000000000000000000000000>, C4<0>, C4<0>, C4<0>;
v000001c678814820_0 .net "i_req_wdata", 63 0, L_000001c67890b320;  1 drivers
L_000001c67890b368 .functor BUFT 1, C4<00000000>, C4<0>, C4<0>, C4<0>;
v000001c678815540_0 .net "i_req_wstrb", 7 0, L_000001c67890b368;  1 drivers
v000001c678814140_0 .net "i_rsp_err", 0 0, L_000001c678902500;  alias, 1 drivers
v000001c678815860_0 .net "i_rsp_last", 0 0, L_000001c678904620;  alias, 1 drivers
v000001c678815900_0 .net "i_rsp_rdata", 63 0, L_000001c678808160;  alias, 1 drivers
v000001c678816080_0 .net "i_rsp_ready", 0 0, v000001c6788cf300_0;  alias, 1 drivers
v000001c678813f60_0 .net "i_rsp_valid", 0 0, L_000001c678904260;  alias, 1 drivers
v000001c6788159a0_0 .net "i_unc", 0 0, L_000001c678807ad0;  1 drivers
v000001c678815a40_0 .net "init_calib_complete", 0 0, L_000001c678807590;  alias, 1 drivers
v000001c6788141e0_0 .net "inject_err", 0 0, L_000001c678807830;  1 drivers
v000001c678815ae0_0 .net "rst", 0 0, L_000001c678809430;  alias, 1 drivers
v000001c678813ce0_0 .var "sel_busy", 0 0;
v000001c6788148c0_0 .var "sel_is_d", 0 0;
v000001c678815d60_0 .net "sel_next_is_d", 0 0, L_000001c678902e60;  1 drivers
L_000001c6789044e0 .reduce/nor L_000001c678807ad0;
L_000001c6789046c0 .reduce/nor L_000001c6788082b0;
L_000001c678902e60 .functor MUXZ 1, L_000001c67890a480, L_000001c67890a438, L_000001c6788082b0, C4<>;
L_000001c678904760 .functor MUXZ 1, v000001c6788cfee0_0, v000001c6788bee50_0, v000001c6788148c0_0, C4<>;
L_000001c678903c20 .functor MUXZ 1, L_000001c67890a4c8, v000001c6788cfee0_0, L_000001c678806f70, C4<>;
L_000001c6789035e0 .functor MUXZ 1, L_000001c678903c20, v000001c6788bee50_0, L_000001c6788082b0, C4<>;
L_000001c678902d20 .functor MUXZ 1, L_000001c6789035e0, L_000001c678904760, v000001c678813ce0_0, C4<>;
L_000001c6789041c0 .functor MUXZ 2, v000001c6788cb210_0, v000001c6788bd690_0, v000001c6788148c0_0, C4<>;
L_000001c678902f00 .functor MUXZ 2, v000001c6788cb210_0, v000001c6788bd690_0, L_000001c678902e60, C4<>;
L_000001c678903ae0 .functor MUXZ 2, L_000001c678902f00, L_000001c6789041c0, v000001c678813ce0_0, C4<>;
L_000001c678903b80 .functor MUXZ 32, v000001c6788caf90_0, v000001c6788bd2d0_0, v000001c6788148c0_0, C4<>;
L_000001c678904580 .functor MUXZ 32, v000001c6788caf90_0, v000001c6788bd2d0_0, L_000001c678902e60, C4<>;
L_000001c678903400 .functor MUXZ 32, L_000001c678904580, L_000001c678903b80, v000001c678813ce0_0, C4<>;
L_000001c6789028c0 .functor MUXZ 3, v000001c6788cb5d0_0, v000001c6788be270_0, v000001c6788148c0_0, C4<>;
L_000001c678902fa0 .functor MUXZ 3, v000001c6788cb5d0_0, v000001c6788be270_0, L_000001c678902e60, C4<>;
L_000001c6789030e0 .functor MUXZ 3, L_000001c678902fa0, L_000001c6789028c0, v000001c678813ce0_0, C4<>;
L_000001c678902820 .functor MUXZ 8, v000001c6788cb3f0_0, v000001c6788bd550_0, v000001c6788148c0_0, C4<>;
L_000001c678903180 .functor MUXZ 8, v000001c6788cb3f0_0, v000001c6788bd550_0, L_000001c678902e60, C4<>;
L_000001c678902640 .functor MUXZ 8, L_000001c678903180, L_000001c678902820, v000001c678813ce0_0, C4<>;
L_000001c6789032c0 .functor MUXZ 64, L_000001c67890b320, v000001c6788be4f0_0, v000001c6788148c0_0, C4<>;
L_000001c678902960 .functor MUXZ 64, L_000001c67890b320, v000001c6788be4f0_0, L_000001c678902e60, C4<>;
L_000001c6789034a0 .functor MUXZ 64, L_000001c678902960, L_000001c6789032c0, v000001c678813ce0_0, C4<>;
L_000001c678903680 .functor MUXZ 8, L_000001c67890b368, v000001c6788bcbf0_0, v000001c6788148c0_0, C4<>;
L_000001c678903360 .functor MUXZ 8, L_000001c67890b368, v000001c6788bcbf0_0, L_000001c678902e60, C4<>;
L_000001c678904800 .functor MUXZ 8, L_000001c678903360, L_000001c678903680, v000001c678813ce0_0, C4<>;
L_000001c678903a40 .functor MUXZ 1, L_000001c67890b3b0, L_000001c6788089b0, v000001c6788148c0_0, C4<>;
L_000001c678903540 .functor MUXZ 1, L_000001c67890b3b0, L_000001c6788089b0, L_000001c678902e60, C4<>;
L_000001c678903720 .functor MUXZ 1, L_000001c678903540, L_000001c678903a40, v000001c678813ce0_0, C4<>;
L_000001c678903cc0 .functor MUXZ 1, L_000001c67890a510, v000001c67841db00_0, v000001c6788148c0_0, C4<>;
L_000001c6789037c0 .functor MUXZ 1, L_000001c67890a558, v000001c67841db00_0, L_000001c6788082b0, C4<>;
L_000001c678903860 .functor MUXZ 1, L_000001c6789037c0, L_000001c678903cc0, v000001c678813ce0_0, C4<>;
L_000001c678903900 .reduce/nor v000001c6788148c0_0;
L_000001c678903d60 .functor MUXZ 1, L_000001c67890a5a0, v000001c67841db00_0, L_000001c678903900, C4<>;
L_000001c678903e00 .functor MUXZ 1, L_000001c67890a5e8, v000001c67841db00_0, L_000001c678806f70, C4<>;
L_000001c678902140 .functor MUXZ 1, L_000001c678903e00, L_000001c678903d60, v000001c678813ce0_0, C4<>;
L_000001c678903fe0 .functor MUXZ 1, v000001c6788cf300_0, L_000001c67880d5d0, v000001c6788148c0_0, C4<>;
L_000001c6789026e0 .functor MUXZ 1, L_000001c67890a630, L_000001c678903fe0, v000001c678813ce0_0, C4<>;
L_000001c6789039a0 .reduce/nor v000001c6788148c0_0;
L_000001c678903ea0 .functor MUXZ 1, L_000001c67890a678, v000001c6786803d0_0, L_000001c678807c90, C4<>;
L_000001c678903f40 .functor MUXZ 1, L_000001c67890a6c0, L_000001c678807fa0, L_000001c678806d40, C4<>;
L_000001c678902a00 .functor MUXZ 1, L_000001c67890a708, v000001c6786812d0_0, L_000001c6788078a0, C4<>;
L_000001c678904080 .reduce/nor v000001c6788148c0_0;
L_000001c678904260 .functor MUXZ 1, L_000001c67890a750, v000001c6786803d0_0, L_000001c678807e50, C4<>;
L_000001c678902aa0 .reduce/nor v000001c6788148c0_0;
L_000001c678902500 .functor MUXZ 1, L_000001c67890a798, L_000001c678807fa0, L_000001c678807910, C4<>;
L_000001c678904300 .reduce/nor v000001c6788148c0_0;
L_000001c678904620 .functor MUXZ 1, L_000001c67890a7e0, v000001c6786812d0_0, L_000001c6788081d0, C4<>;
L_000001c6789043a0 .reduce/nor v000001c678813ce0_0;
S_000001c678863ca0 .scope module, "u_core" "l2_cache_core" 5 184, 6 15 0, S_000001c6786a6000;
 .timescale -9 -12;
    .port_info 0 /INPUT 1 "clk";
    .port_info 1 /INPUT 1 "rst";
    .port_info 2 /INPUT 1 "init_calib_complete";
    .port_info 3 /INPUT 1 "req_valid";
    .port_info 4 /OUTPUT 1 "req_ready";
    .port_info 5 /INPUT 2 "req_cmd";
    .port_info 6 /INPUT 32 "req_addr";
    .port_info 7 /INPUT 3 "req_size";
    .port_info 8 /INPUT 8 "req_len";
    .port_info 9 /INPUT 64 "req_wdata";
    .port_info 10 /INPUT 8 "req_wstrb";
    .port_info 11 /INPUT 1 "req_uncached";
    .port_info 12 /OUTPUT 1 "rsp_valid";
    .port_info 13 /INPUT 1 "rsp_ready";
    .port_info 14 /OUTPUT 64 "rsp_rdata";
    .port_info 15 /OUTPUT 1 "rsp_err";
    .port_info 16 /OUTPUT 1 "rsp_last";
    .port_info 17 /OUTPUT 28 "app_addr";
    .port_info 18 /OUTPUT 3 "app_cmd";
    .port_info 19 /OUTPUT 1 "app_en";
    .port_info 20 /OUTPUT 128 "app_wdf_data";
    .port_info 21 /OUTPUT 1 "app_wdf_end";
    .port_info 22 /OUTPUT 16 "app_wdf_mask";
    .port_info 23 /OUTPUT 1 "app_wdf_wren";
    .port_info 24 /INPUT 128 "app_rd_data";
    .port_info 25 /INPUT 1 "app_rd_data_end";
    .port_info 26 /INPUT 1 "app_rd_data_valid";
    .port_info 27 /INPUT 1 "app_rdy";
    .port_info 28 /INPUT 1 "app_wdf_rdy";
P_000001c678813320 .param/l "CMD_LINE_RD" 1 6 60, C4<00>;
P_000001c678813358 .param/l "CMD_UC_RD" 1 6 61, C4<01>;
P_000001c678813390 .param/l "CMD_UC_WR" 1 6 62, C4<10>;
P_000001c6788133c8 .param/l "CMD_WB_LINE" 1 6 63, C4<11>;
P_000001c678813400 .param/l "DDR_BASE" 1 6 66, C4<10000000000000000000000000000000>;
P_000001c678813438 .param/l "DDR_END" 1 6 67, C4<10000111111111111111111111111111>;
P_000001c678813470 .param/l "INDEX_BITS" 1 6 76, +C4<00000000000000000000000000001011>;
P_000001c6788134a8 .param/l "LINE_BYTES" 1 6 73, +C4<00000000000000000000000001000000>;
P_000001c6788134e0 .param/l "MIG_CMD_READ" 1 6 212, C4<001>;
P_000001c678813518 .param/l "MIG_CMD_WRITE" 1 6 213, C4<000>;
P_000001c678813550 .param/l "MMIO_BASE" 1 6 68, C4<01000000000000000000000000000000>;
P_000001c678813588 .param/l "MMIO_END" 1 6 69, C4<01000000000000001111111111111111>;
P_000001c6788135c0 .param/l "OFFSET_BITS" 1 6 74, +C4<00000000000000000000000000000110>;
P_000001c6788135f8 .param/l "PA_W" 1 6 72, +C4<00000000000000000000000000100000>;
P_000001c678813630 .param/l "SETS" 1 6 75, +C4<00000000000000000000100000000000>;
P_000001c678813668 .param/l "S_ERR_RSP" 1 6 184, C4<10001>;
P_000001c6788136a0 .param/l "S_HIT_RSP" 1 6 165, C4<00010>;
P_000001c6788136d8 .param/l "S_IDLE" 1 6 163, C4<00000>;
P_000001c678813710 .param/l "S_LOOKUP" 1 6 164, C4<00001>;
P_000001c678813748 .param/l "S_MISS_EVICT" 1 6 167, C4<00011>;
P_000001c678813780 .param/l "S_MISS_INSTALL" 1 6 170, C4<00110>;
P_000001c6788137b8 .param/l "S_MISS_REFILL" 1 6 168, C4<00100>;
P_000001c6788137f0 .param/l "S_MISS_RSP" 1 6 171, C4<00111>;
P_000001c678813828 .param/l "S_MISS_WAITRD" 1 6 169, C4<00101>;
P_000001c678813860 .param/l "S_UC_RD_REQ" 1 6 178, C4<01100>;
P_000001c678813898 .param/l "S_UC_RD_RSP" 1 6 180, C4<01110>;
P_000001c6788138d0 .param/l "S_UC_RD_WAIT" 1 6 179, C4<01101>;
P_000001c678813908 .param/l "S_UC_WR_REQ" 1 6 181, C4<01111>;
P_000001c678813940 .param/l "S_UC_WR_RSP" 1 6 182, C4<10000>;
P_000001c678813978 .param/l "S_WB_EVICT" 1 6 174, C4<01001>;
P_000001c6788139b0 .param/l "S_WB_INSTALL" 1 6 175, C4<01010>;
P_000001c6788139e8 .param/l "S_WB_RECV" 1 6 173, C4<01000>;
P_000001c678813a20 .param/l "S_WB_RSP" 1 6 176, C4<01011>;
P_000001c678813a58 .param/l "TAG_BITS" 1 6 77, +C4<00000000000000000000000000001111>;
L_000001c678806a30 .functor AND 1, L_000001c6789021e0, L_000001c678902280, C4<1>, C4<1>;
L_000001c678808240 .functor AND 1, L_000001c678902320, L_000001c6789023c0, C4<1>, C4<1>;
L_000001c678806aa0 .functor BUFZ 1, L_000001c678806a30, C4<0>, C4<0>, C4<0>;
L_000001c6788094a0 .functor OR 1, v000001c678680c90_0, L_000001c678808240, C4<0>, C4<0>;
L_000001c678809890 .functor AND 1, L_000001c678902460, L_000001c678902b40, C4<1>, C4<1>;
L_000001c6788090b0 .functor AND 1, L_000001c678904ee0, L_000001c678904bc0, C4<1>, C4<1>;
L_000001c678808cc0 .functor AND 1, L_000001c678904a80, L_000001c678905de0, C4<1>, C4<1>;
L_000001c678808b70 .functor AND 1, L_000001c678904940, L_000001c678905ac0, C4<1>, C4<1>;
L_000001c678808fd0 .functor AND 1, L_000001c6789062e0, L_000001c678906060, C4<1>, C4<1>;
L_000001c678808c50 .functor OR 1, L_000001c678808b70, L_000001c678808fd0, C4<0>, C4<0>;
L_000001c67890afc0 .functor BUFT 1, C4<0>, C4<0>, C4<0>, C4<0>;
L_000001c678808be0 .functor XNOR 1, L_000001c6789069c0, L_000001c67890afc0, C4<0>, C4<0>;
L_000001c67890b098 .functor BUFT 1, C4<0>, C4<0>, C4<0>, C4<0>;
L_000001c6788093c0 .functor XNOR 1, L_000001c6789069c0, L_000001c67890b098, C4<0>, C4<0>;
L_000001c67890b170 .functor BUFT 1, C4<0>, C4<0>, C4<0>, C4<0>;
L_000001c678808710 .functor XNOR 1, L_000001c6789069c0, L_000001c67890b170, C4<0>, C4<0>;
L_000001c67890b248 .functor BUFT 1, C4<0>, C4<0>, C4<0>, C4<0>;
L_000001c6788097b0 .functor XNOR 1, L_000001c6789069c0, L_000001c67890b248, C4<0>, C4<0>;
L_000001c67890a828 .functor BUFT 1, C4<10000000000000000000000000000000>, C4<0>, C4<0>, C4<0>;
v000001c678794910_0 .net/2u *"_ivl_0", 31 0, L_000001c67890a828;  1 drivers
L_000001c67890a8b8 .functor BUFT 1, C4<01000000000000000000000000000000>, C4<0>, C4<0>, C4<0>;
v000001c678794cd0_0 .net/2u *"_ivl_10", 31 0, L_000001c67890a8b8;  1 drivers
L_000001c67890acf0 .functor BUFT 1, C4<00>, C4<0>, C4<0>, C4<0>;
v000001c678795ef0_0 .net *"_ivl_101", 1 0, L_000001c67890acf0;  1 drivers
v000001c6787953b0_0 .net *"_ivl_102", 0 0, L_000001c678905ac0;  1 drivers
v000001c678793b50_0 .net *"_ivl_106", 0 0, L_000001c6789062e0;  1 drivers
v000001c678793bf0_0 .net *"_ivl_108", 12 0, L_000001c678906ce0;  1 drivers
L_000001c67890ad38 .functor BUFT 1, C4<00>, C4<0>, C4<0>, C4<0>;
v000001c678794190_0 .net *"_ivl_111", 1 0, L_000001c67890ad38;  1 drivers
v000001c6787945f0_0 .net *"_ivl_112", 14 0, L_000001c678905fc0;  1 drivers
v000001c678794690_0 .net *"_ivl_114", 12 0, L_000001c678906c40;  1 drivers
L_000001c67890ad80 .functor BUFT 1, C4<00>, C4<0>, C4<0>, C4<0>;
v000001c6787949b0_0 .net *"_ivl_117", 1 0, L_000001c67890ad80;  1 drivers
v000001c678794af0_0 .net *"_ivl_118", 0 0, L_000001c678906060;  1 drivers
v000001c678794c30_0 .net *"_ivl_12", 0 0, L_000001c678902320;  1 drivers
L_000001c67890adc8 .functor BUFT 1, C4<0>, C4<0>, C4<0>, C4<0>;
v000001c67874bc20_0 .net/2u *"_ivl_124", 0 0, L_000001c67890adc8;  1 drivers
L_000001c67890ae10 .functor BUFT 1, C4<1>, C4<0>, C4<0>, C4<0>;
v000001c67874b540_0 .net/2u *"_ivl_126", 0 0, L_000001c67890ae10;  1 drivers
v000001c67874b900_0 .net *"_ivl_130", 0 0, L_000001c678904d00;  1 drivers
v000001c67874be00_0 .net *"_ivl_132", 12 0, L_000001c678904da0;  1 drivers
L_000001c67890ae58 .functor BUFT 1, C4<00>, C4<0>, C4<0>, C4<0>;
v000001c67874cda0_0 .net *"_ivl_135", 1 0, L_000001c67890ae58;  1 drivers
v000001c67874c080_0 .net *"_ivl_138", 0 0, L_000001c678905980;  1 drivers
L_000001c67890a900 .functor BUFT 1, C4<01000000000000001111111111111111>, C4<0>, C4<0>, C4<0>;
v000001c67874ce40_0 .net/2u *"_ivl_14", 31 0, L_000001c67890a900;  1 drivers
v000001c67874c440_0 .net *"_ivl_140", 12 0, L_000001c678906100;  1 drivers
L_000001c67890aea0 .functor BUFT 1, C4<00>, C4<0>, C4<0>, C4<0>;
v000001c67874c580_0 .net *"_ivl_143", 1 0, L_000001c67890aea0;  1 drivers
L_000001c67890aee8 .functor BUFT 1, C4<0>, C4<0>, C4<0>, C4<0>;
v000001c67874c620_0 .net/2u *"_ivl_146", 0 0, L_000001c67890aee8;  1 drivers
L_000001c67890af30 .functor BUFT 1, C4<1>, C4<0>, C4<0>, C4<0>;
v000001c678791c70_0 .net/2u *"_ivl_148", 0 0, L_000001c67890af30;  1 drivers
v000001c678792f30_0 .net *"_ivl_150", 0 0, L_000001c6789061a0;  1 drivers
v000001c678791db0_0 .net *"_ivl_152", 12 0, L_000001c6789067e0;  1 drivers
L_000001c67890af78 .functor BUFT 1, C4<00>, C4<0>, C4<0>, C4<0>;
v000001c6787931b0_0 .net *"_ivl_155", 1 0, L_000001c67890af78;  1 drivers
v000001c678793250_0 .net *"_ivl_156", 0 0, L_000001c678906920;  1 drivers
v000001c6787934d0_0 .net *"_ivl_16", 0 0, L_000001c6789023c0;  1 drivers
v000001c678793390_0 .net/2u *"_ivl_160", 0 0, L_000001c67890afc0;  1 drivers
v000001c678786460_0 .net *"_ivl_162", 0 0, L_000001c678808be0;  1 drivers
v000001c678786500_0 .net *"_ivl_164", 0 0, L_000001c678904f80;  1 drivers
v000001c678784a20_0 .net *"_ivl_166", 12 0, L_000001c678906420;  1 drivers
L_000001c67890b008 .functor BUFT 1, C4<00>, C4<0>, C4<0>, C4<0>;
v000001c678710b20_0 .net *"_ivl_169", 1 0, L_000001c67890b008;  1 drivers
v000001c6787103a0_0 .net *"_ivl_170", 0 0, L_000001c678905520;  1 drivers
v000001c6787732e0_0 .net *"_ivl_172", 12 0, L_000001c6789066a0;  1 drivers
L_000001c67890b050 .functor BUFT 1, C4<00>, C4<0>, C4<0>, C4<0>;
v000001c678773600_0 .net *"_ivl_175", 1 0, L_000001c67890b050;  1 drivers
v000001c678760780_0 .net/2u *"_ivl_178", 0 0, L_000001c67890b098;  1 drivers
v000001c678760b40_0 .net *"_ivl_180", 0 0, L_000001c6788093c0;  1 drivers
v000001c67841bf80_0 .net *"_ivl_182", 0 0, L_000001c6789058e0;  1 drivers
v000001c67841a860_0 .net *"_ivl_184", 12 0, L_000001c6789064c0;  1 drivers
L_000001c67890b0e0 .functor BUFT 1, C4<00>, C4<0>, C4<0>, C4<0>;
v000001c67841b260_0 .net *"_ivl_187", 1 0, L_000001c67890b0e0;  1 drivers
v000001c67841a400_0 .net *"_ivl_188", 0 0, L_000001c6789050c0;  1 drivers
v000001c67841bee0_0 .net *"_ivl_190", 12 0, L_000001c678906560;  1 drivers
L_000001c67890b128 .functor BUFT 1, C4<00>, C4<0>, C4<0>, C4<0>;
v000001c67841b940_0 .net *"_ivl_193", 1 0, L_000001c67890b128;  1 drivers
v000001c67841a9a0_0 .net/2u *"_ivl_196", 0 0, L_000001c67890b170;  1 drivers
v000001c67841b300_0 .net *"_ivl_198", 0 0, L_000001c678808710;  1 drivers
v000001c67841c020_0 .net *"_ivl_2", 0 0, L_000001c6789021e0;  1 drivers
v000001c67841c0c0_0 .net *"_ivl_200", 14 0, L_000001c678906600;  1 drivers
v000001c67841ba80_0 .net *"_ivl_202", 12 0, L_000001c6789057a0;  1 drivers
L_000001c67890b1b8 .functor BUFT 1, C4<00>, C4<0>, C4<0>, C4<0>;
v000001c67841bda0_0 .net *"_ivl_205", 1 0, L_000001c67890b1b8;  1 drivers
v000001c67841b3a0_0 .net *"_ivl_206", 14 0, L_000001c678906740;  1 drivers
v000001c67841c7a0_0 .net *"_ivl_208", 12 0, L_000001c678905340;  1 drivers
L_000001c67890b200 .functor BUFT 1, C4<00>, C4<0>, C4<0>, C4<0>;
v000001c67841b9e0_0 .net *"_ivl_211", 1 0, L_000001c67890b200;  1 drivers
v000001c67841b8a0_0 .net/2u *"_ivl_214", 0 0, L_000001c67890b248;  1 drivers
v000001c67841c160_0 .net *"_ivl_216", 0 0, L_000001c6788097b0;  1 drivers
v000001c67841af40_0 .net *"_ivl_218", 511 0, L_000001c678906ba0;  1 drivers
v000001c67841b120_0 .net *"_ivl_220", 12 0, L_000001c678906d80;  1 drivers
L_000001c67890b290 .functor BUFT 1, C4<00>, C4<0>, C4<0>, C4<0>;
v000001c67841b800_0 .net *"_ivl_223", 1 0, L_000001c67890b290;  1 drivers
v000001c67841afe0_0 .net *"_ivl_224", 511 0, L_000001c6789052a0;  1 drivers
v000001c67841a0e0_0 .net *"_ivl_226", 12 0, L_000001c678906e20;  1 drivers
L_000001c67890b2d8 .functor BUFT 1, C4<00>, C4<0>, C4<0>, C4<0>;
v000001c67841a180_0 .net *"_ivl_229", 1 0, L_000001c67890b2d8;  1 drivers
L_000001c67890a948 .functor BUFT 1, C4<00000111>, C4<0>, C4<0>, C4<0>;
v000001c67841c700_0 .net/2u *"_ivl_24", 7 0, L_000001c67890a948;  1 drivers
v000001c67841aea0_0 .net *"_ivl_26", 0 0, L_000001c678902460;  1 drivers
L_000001c67890a990 .functor BUFT 1, C4<011>, C4<0>, C4<0>, C4<0>;
v000001c67841b580_0 .net/2u *"_ivl_28", 2 0, L_000001c67890a990;  1 drivers
v000001c67841b080_0 .net *"_ivl_30", 0 0, L_000001c678902b40;  1 drivers
L_000001c67890a9d8 .functor BUFT 1, C4<00000000>, C4<0>, C4<0>, C4<0>;
v000001c67841b440_0 .net/2u *"_ivl_34", 7 0, L_000001c67890a9d8;  1 drivers
v000001c67841b1c0_0 .net *"_ivl_36", 0 0, L_000001c678904ee0;  1 drivers
L_000001c67890aa20 .functor BUFT 1, C4<011>, C4<0>, C4<0>, C4<0>;
v000001c67841a720_0 .net/2u *"_ivl_38", 2 0, L_000001c67890aa20;  1 drivers
L_000001c67890a870 .functor BUFT 1, C4<10000111111111111111111111111111>, C4<0>, C4<0>, C4<0>;
v000001c67841aae0_0 .net/2u *"_ivl_4", 31 0, L_000001c67890a870;  1 drivers
v000001c67841a540_0 .net *"_ivl_40", 0 0, L_000001c678904bc0;  1 drivers
L_000001c67890aa68 .functor BUFT 1, C4<00000111>, C4<0>, C4<0>, C4<0>;
v000001c67841b620_0 .net/2u *"_ivl_44", 7 0, L_000001c67890aa68;  1 drivers
v000001c67841b4e0_0 .net *"_ivl_46", 0 0, L_000001c678904a80;  1 drivers
L_000001c67890aab0 .functor BUFT 1, C4<011>, C4<0>, C4<0>, C4<0>;
v000001c67841a5e0_0 .net/2u *"_ivl_48", 2 0, L_000001c67890aab0;  1 drivers
v000001c67841c200_0 .net *"_ivl_50", 0 0, L_000001c678905de0;  1 drivers
L_000001c67890aaf8 .functor BUFT 1, C4<00>, C4<0>, C4<0>, C4<0>;
v000001c67841c340_0 .net/2u *"_ivl_54", 1 0, L_000001c67890aaf8;  1 drivers
v000001c67841ac20_0 .net *"_ivl_56", 0 0, L_000001c678906880;  1 drivers
L_000001c67890ab40 .functor BUFT 1, C4<01>, C4<0>, C4<0>, C4<0>;
v000001c67841a220_0 .net/2u *"_ivl_58", 1 0, L_000001c67890ab40;  1 drivers
v000001c67841a040_0 .net *"_ivl_6", 0 0, L_000001c678902280;  1 drivers
v000001c67841a2c0_0 .net *"_ivl_60", 0 0, L_000001c678905700;  1 drivers
L_000001c67890ab88 .functor BUFT 1, C4<10>, C4<0>, C4<0>, C4<0>;
v000001c67841a360_0 .net/2u *"_ivl_62", 1 0, L_000001c67890ab88;  1 drivers
v000001c67841aa40_0 .net *"_ivl_64", 0 0, L_000001c6789049e0;  1 drivers
L_000001c67890abd0 .functor BUFT 1, C4<11>, C4<0>, C4<0>, C4<0>;
v000001c67841b6c0_0 .net/2u *"_ivl_66", 1 0, L_000001c67890abd0;  1 drivers
v000001c67841bb20_0 .net *"_ivl_68", 0 0, L_000001c678905d40;  1 drivers
L_000001c67890ac18 .functor BUFT 1, C4<0>, C4<0>, C4<0>, C4<0>;
v000001c67841acc0_0 .net/2u *"_ivl_70", 0 0, L_000001c67890ac18;  1 drivers
v000001c67841b760_0 .net *"_ivl_72", 0 0, L_000001c678906a60;  1 drivers
v000001c67841bbc0_0 .net *"_ivl_74", 0 0, L_000001c6789048a0;  1 drivers
v000001c67841bc60_0 .net *"_ivl_76", 0 0, L_000001c678905ca0;  1 drivers
v000001c67841bd00_0 .net *"_ivl_85", 25 0, L_000001c678905480;  1 drivers
L_000001c67890ac60 .functor BUFT 1, C4<000000>, C4<0>, C4<0>, C4<0>;
v000001c67841a4a0_0 .net/2u *"_ivl_86", 5 0, L_000001c67890ac60;  1 drivers
v000001c67841ad60_0 .net *"_ivl_90", 0 0, L_000001c678904940;  1 drivers
v000001c67841be40_0 .net *"_ivl_92", 12 0, L_000001c678906240;  1 drivers
L_000001c67890aca8 .functor BUFT 1, C4<00>, C4<0>, C4<0>, C4<0>;
v000001c67841a680_0 .net *"_ivl_95", 1 0, L_000001c67890aca8;  1 drivers
v000001c67841a7c0_0 .net *"_ivl_96", 14 0, L_000001c678905c00;  1 drivers
v000001c67841a900_0 .net *"_ivl_98", 12 0, L_000001c678904c60;  1 drivers
v000001c67841ab80_0 .net "addr_legal", 0 0, L_000001c678806aa0;  1 drivers
v000001c67841c2a0_0 .var "addr_r", 31 0;
v000001c67841ae00_0 .var "app_addr", 27 0;
v000001c67841c3e0_0 .var "app_cmd", 2 0;
v000001c67841c480_0 .var "app_en", 0 0;
v000001c67841c520_0 .net "app_rd_data", 127 0, v000001c6788170c0_0;  alias, 1 drivers
v000001c67841c5c0_0 .net "app_rd_data_end", 0 0, v000001c6788182e0_0;  alias, 1 drivers
v000001c67841c660_0 .net "app_rd_data_valid", 0 0, v000001c678817160_0;  alias, 1 drivers
v000001c67841ce80_0 .net "app_rdy", 0 0, v000001c678817fc0_0;  alias, 1 drivers
v000001c67841cb60_0 .var "app_wdf_data", 127 0;
v000001c67841c980_0 .var "app_wdf_end", 0 0;
v000001c67841cf20_0 .var "app_wdf_mask", 15 0;
v000001c67841d060_0 .net "app_wdf_rdy", 0 0, v000001c6788181a0_0;  alias, 1 drivers
v000001c67841de20_0 .var "app_wdf_wren", 0 0;
v000001c67841da60_0 .net "clk", 0 0, L_000001c6788068e0;  alias, 1 drivers
v000001c67841d100_0 .var "cmd_r", 1 0;
v000001c67841d1a0 .array "data0_mem", 2047 0, 511 0;
v000001c67841d7e0 .array "data1_mem", 2047 0, 511 0;
v000001c67841dce0 .array "dir0_mem", 2047 0, 0 0;
v000001c67841cc00 .array "dir1_mem", 2047 0, 0 0;
v000001c67841d240_0 .var "evict_needed_buf", 0 0;
v000001c67841d2e0_0 .net "hit", 0 0, L_000001c678808c50;  1 drivers
v000001c67841dec0_0 .net "hit0", 0 0, L_000001c678808b70;  1 drivers
v000001c67841c8e0_0 .net "hit1", 0 0, L_000001c678808fd0;  1 drivers
v000001c67841d880_0 .net "hit_way", 0 0, L_000001c678905e80;  1 drivers
v000001c67841d380_0 .net "index_r", 10 0, L_000001c678904b20;  1 drivers
v000001c67841c840_0 .net "init_calib_complete", 0 0, L_000001c678807590;  alias, 1 drivers
v000001c67841d600_0 .var "install_way_buf", 0 0;
v000001c67841d420_0 .net "is_ddr", 0 0, L_000001c678806a30;  1 drivers
v000001c67841cfc0_0 .net "is_mmio", 0 0, L_000001c678808240;  1 drivers
v000001c67841d740_0 .var "len_r", 7 0;
v000001c67841d560_0 .net "line_addr_r", 31 0, L_000001c678905660;  1 drivers
v000001c67841d6a0_0 .var "line_buf", 511 0;
v000001c67841d4c0_0 .var "mig_beat_cnt", 1 0;
v000001c67841d920 .array "plru_mem", 2047 0, 0 0;
v000001c67841cca0_0 .var "refill_buf", 511 0;
v000001c67841cd40_0 .net "req_addr", 31 0, L_000001c678903400;  alias, 1 drivers
v000001c67841dba0_0 .net "req_cmd", 1 0, L_000001c678903ae0;  alias, 1 drivers
v000001c67841ca20_0 .net "req_len", 7 0, L_000001c678902640;  alias, 1 drivers
v000001c67841d9c0_0 .net "req_len_ok", 0 0, L_000001c678905020;  1 drivers
v000001c67841cac0_0 .net "req_len_ok_line", 0 0, L_000001c678809890;  1 drivers
v000001c67841cde0_0 .net "req_len_ok_uc", 0 0, L_000001c6788090b0;  1 drivers
v000001c67841dc40_0 .net "req_len_ok_wb", 0 0, L_000001c678808cc0;  1 drivers
v000001c67841db00_0 .var "req_ready", 0 0;
v000001c67841dd80_0 .net "req_size", 2 0, L_000001c6789030e0;  alias, 1 drivers
v000001c678681cd0_0 .net "req_uncached", 0 0, L_000001c678903720;  alias, 1 drivers
v000001c678680fb0_0 .net "req_valid", 0 0, L_000001c678902d20;  alias, 1 drivers
v000001c678680330_0 .net "req_wdata", 63 0, L_000001c6789034a0;  alias, 1 drivers
v000001c6786806f0_0 .net "req_wstrb", 7 0, L_000001c678904800;  alias, 1 drivers
v000001c6786805b0_0 .var "rsp_beat_cnt", 2 0;
v000001c678680ab0_0 .var "rsp_err", 0 0;
v000001c6786812d0_0 .var "rsp_last", 0 0;
v000001c678680b50_0 .var "rsp_rdata", 63 0;
v000001c67867fa70_0 .net "rsp_ready", 0 0, L_000001c6789026e0;  alias, 1 drivers
v000001c6786803d0_0 .var "rsp_valid", 0 0;
v000001c67867fc50_0 .net "rst", 0 0, L_000001c678809430;  alias, 1 drivers
v000001c678680d30_0 .var/i "si", 31 0;
v000001c678681190_0 .var "size_r", 2 0;
v000001c678681370_0 .var "state", 4 0;
v000001c678681b90 .array "tag0_mem", 2047 0, 14 0;
v000001c67867fbb0 .array "tag1_mem", 2047 0, 14 0;
v000001c678680a10_0 .net "tag_r", 14 0, L_000001c678905200;  1 drivers
v000001c67867f750_0 .net "uc_hi64", 0 0, L_000001c6789053e0;  1 drivers
v000001c678680bf0_0 .var "uc_rdata_buf", 63 0;
v000001c67867f7f0_0 .net "unc_eff", 0 0, L_000001c6788094a0;  1 drivers
v000001c678680c90_0 .var "unc_r", 0 0;
v000001c678680dd0_0 .net "v0_inv", 0 0, L_000001c678905f20;  1 drivers
v000001c67867fe30_0 .net "v1_inv", 0 0, L_000001c678904e40;  1 drivers
v000001c678680470 .array "val0_mem", 2047 0, 0 0;
v000001c67867fed0 .array "val1_mem", 2047 0, 0 0;
v000001c678680290_0 .var "victim_dirty_buf", 0 0;
v000001c67867fd90_0 .net "victim_dirty_w", 0 0, L_000001c678905160;  1 drivers
v000001c6786814b0_0 .var "victim_line_buf", 511 0;
v000001c678680510_0 .net "victim_line_w", 511 0, L_000001c678906ec0;  1 drivers
v000001c678680650_0 .var "victim_tag_buf", 14 0;
v000001c678681730_0 .net "victim_tag_w", 14 0, L_000001c678906b00;  1 drivers
v000001c678680790_0 .var "victim_valid_buf", 0 0;
v000001c678681410_0 .net "victim_valid_w", 0 0, L_000001c678906380;  1 drivers
v000001c678681230_0 .var "victim_way_buf", 0 0;
v000001c678680e70_0 .net "victim_way_w", 0 0, L_000001c6789069c0;  1 drivers
v000001c678681910_0 .var "wb_beat_cnt", 2 0;
v000001c6786801f0_0 .var "wb_buf", 511 0;
v000001c6786819b0_0 .var "wdata_r", 63 0;
v000001c67867fb10_0 .var "wstrb_r", 7 0;
E_000001c678822410 .event posedge, v000001c67841da60_0;
E_000001c6788234d0/0 .event anyedge, v000001c67841c840_0, v000001c67867fc50_0, v000001c678681370_0, v000001c67841d6a0_0;
E_000001c6788234d0/1 .event anyedge, v000001c6786805b0_0, v000001c678680bf0_0, v000001c67841ce80_0, v000001c67841d060_0;
E_000001c6788234d0/2 .event anyedge, v000001c67841d4c0_0, v000001c678680650_0, v000001c67841d380_0, v000001c6787d42d0_0;
E_000001c6788234d0/3 .event anyedge, v000001c6787d2930_0, v000001c6786814b0_0, v000001c67841d560_0, v000001c6787d4a50_0;
E_000001c6788234d0/4 .event anyedge, v000001c6787d4730_0, v000001c6787d4370_0, v000001c67841c2a0_0, v000001c6787d2bb0_0;
E_000001c6788234d0/5 .event anyedge, v000001c6787d3290_0, v000001c67867f750_0, v000001c6786819b0_0, v000001c67867fb10_0;
E_000001c6788234d0/6 .event anyedge, v000001c6787d3470_0, v000001c6787d3150_0;
E_000001c6788234d0 .event/or E_000001c6788234d0/0, E_000001c6788234d0/1, E_000001c6788234d0/2, E_000001c6788234d0/3, E_000001c6788234d0/4, E_000001c6788234d0/5, E_000001c6788234d0/6;
L_000001c6789021e0 .cmp/ge 32, v000001c67841c2a0_0, L_000001c67890a828;
L_000001c678902280 .cmp/ge 32, L_000001c67890a870, v000001c67841c2a0_0;
L_000001c678902320 .cmp/ge 32, v000001c67841c2a0_0, L_000001c67890a8b8;
L_000001c6789023c0 .cmp/ge 32, L_000001c67890a900, v000001c67841c2a0_0;
L_000001c678902460 .cmp/eq 8, v000001c67841d740_0, L_000001c67890a948;
L_000001c678902b40 .cmp/eq 3, v000001c678681190_0, L_000001c67890a990;
L_000001c678904ee0 .cmp/eq 8, v000001c67841d740_0, L_000001c67890a9d8;
L_000001c678904bc0 .cmp/eq 3, v000001c678681190_0, L_000001c67890aa20;
L_000001c678904a80 .cmp/eq 8, v000001c67841d740_0, L_000001c67890aa68;
L_000001c678905de0 .cmp/eq 3, v000001c678681190_0, L_000001c67890aab0;
L_000001c678906880 .cmp/eq 2, v000001c67841d100_0, L_000001c67890aaf8;
L_000001c678905700 .cmp/eq 2, v000001c67841d100_0, L_000001c67890ab40;
L_000001c6789049e0 .cmp/eq 2, v000001c67841d100_0, L_000001c67890ab88;
L_000001c678905d40 .cmp/eq 2, v000001c67841d100_0, L_000001c67890abd0;
L_000001c678906a60 .functor MUXZ 1, L_000001c67890ac18, L_000001c678808cc0, L_000001c678905d40, C4<>;
L_000001c6789048a0 .functor MUXZ 1, L_000001c678906a60, L_000001c6788090b0, L_000001c6789049e0, C4<>;
L_000001c678905ca0 .functor MUXZ 1, L_000001c6789048a0, L_000001c6788090b0, L_000001c678905700, C4<>;
L_000001c678905020 .functor MUXZ 1, L_000001c678905ca0, L_000001c678809890, L_000001c678906880, C4<>;
L_000001c678904b20 .part v000001c67841c2a0_0, 6, 11;
L_000001c678905200 .part v000001c67841c2a0_0, 17, 15;
L_000001c678905480 .part v000001c67841c2a0_0, 6, 26;
L_000001c678905660 .concat [ 6 26 0 0], L_000001c67890ac60, L_000001c678905480;
L_000001c678904940 .array/port v000001c678680470, L_000001c678906240;
L_000001c678906240 .concat [ 11 2 0 0], L_000001c678904b20, L_000001c67890aca8;
L_000001c678905c00 .array/port v000001c678681b90, L_000001c678904c60;
L_000001c678904c60 .concat [ 11 2 0 0], L_000001c678904b20, L_000001c67890acf0;
L_000001c678905ac0 .cmp/eq 15, L_000001c678905c00, L_000001c678905200;
L_000001c6789062e0 .array/port v000001c67867fed0, L_000001c678906ce0;
L_000001c678906ce0 .concat [ 11 2 0 0], L_000001c678904b20, L_000001c67890ad38;
L_000001c678905fc0 .array/port v000001c67867fbb0, L_000001c678906c40;
L_000001c678906c40 .concat [ 11 2 0 0], L_000001c678904b20, L_000001c67890ad80;
L_000001c678906060 .cmp/eq 15, L_000001c678905fc0, L_000001c678905200;
L_000001c678905e80 .functor MUXZ 1, L_000001c67890ae10, L_000001c67890adc8, L_000001c678808b70, C4<>;
L_000001c678904d00 .array/port v000001c678680470, L_000001c678904da0;
L_000001c678904da0 .concat [ 11 2 0 0], L_000001c678904b20, L_000001c67890ae58;
L_000001c678905f20 .reduce/nor L_000001c678904d00;
L_000001c678905980 .array/port v000001c67867fed0, L_000001c678906100;
L_000001c678906100 .concat [ 11 2 0 0], L_000001c678904b20, L_000001c67890aea0;
L_000001c678904e40 .reduce/nor L_000001c678905980;
L_000001c6789061a0 .array/port v000001c67841d920, L_000001c6789067e0;
L_000001c6789067e0 .concat [ 11 2 0 0], L_000001c678904b20, L_000001c67890af78;
L_000001c678906920 .functor MUXZ 1, L_000001c6789061a0, L_000001c67890af30, L_000001c678904e40, C4<>;
L_000001c6789069c0 .functor MUXZ 1, L_000001c678906920, L_000001c67890aee8, L_000001c678905f20, C4<>;
L_000001c678904f80 .array/port v000001c678680470, L_000001c678906420;
L_000001c678906420 .concat [ 11 2 0 0], L_000001c678904b20, L_000001c67890b008;
L_000001c678905520 .array/port v000001c67867fed0, L_000001c6789066a0;
L_000001c6789066a0 .concat [ 11 2 0 0], L_000001c678904b20, L_000001c67890b050;
L_000001c678906380 .functor MUXZ 1, L_000001c678905520, L_000001c678904f80, L_000001c678808be0, C4<>;
L_000001c6789058e0 .array/port v000001c67841dce0, L_000001c6789064c0;
L_000001c6789064c0 .concat [ 11 2 0 0], L_000001c678904b20, L_000001c67890b0e0;
L_000001c6789050c0 .array/port v000001c67841cc00, L_000001c678906560;
L_000001c678906560 .concat [ 11 2 0 0], L_000001c678904b20, L_000001c67890b128;
L_000001c678905160 .functor MUXZ 1, L_000001c6789050c0, L_000001c6789058e0, L_000001c6788093c0, C4<>;
L_000001c678906600 .array/port v000001c678681b90, L_000001c6789057a0;
L_000001c6789057a0 .concat [ 11 2 0 0], L_000001c678904b20, L_000001c67890b1b8;
L_000001c678906740 .array/port v000001c67867fbb0, L_000001c678905340;
L_000001c678905340 .concat [ 11 2 0 0], L_000001c678904b20, L_000001c67890b200;
L_000001c678906b00 .functor MUXZ 15, L_000001c678906740, L_000001c678906600, L_000001c678808710, C4<>;
L_000001c678906ba0 .array/port v000001c67841d1a0, L_000001c678906d80;
L_000001c678906d80 .concat [ 11 2 0 0], L_000001c678904b20, L_000001c67890b290;
L_000001c6789052a0 .array/port v000001c67841d7e0, L_000001c678906e20;
L_000001c678906e20 .concat [ 11 2 0 0], L_000001c678904b20, L_000001c67890b2d8;
L_000001c678906ec0 .functor MUXZ 512, L_000001c6789052a0, L_000001c678906ba0, L_000001c6788097b0, C4<>;
L_000001c6789053e0 .part v000001c67841c2a0_0, 3, 1;
S_000001c678863020 .scope begin, "BLK_MISS_EVICT_ADDR" "BLK_MISS_EVICT_ADDR" 6 298, 6 298 0, S_000001c678863ca0;
 .timescale -9 -12;
v000001c6787d2930_0 .var "beat_pa", 31 0;
v000001c6787d42d0_0 .var "victim_pa", 31 0;
S_000001c6788637f0 .scope begin, "BLK_REFILL_ADDR" "BLK_REFILL_ADDR" 6 312, 6 312 0, S_000001c678863ca0;
 .timescale -9 -12;
v000001c6787d4a50_0 .var "pa0", 31 0;
S_000001c678862080 .scope begin, "BLK_UC_RD_ADDR" "BLK_UC_RD_ADDR" 6 340, 6 340 0, S_000001c678863ca0;
 .timescale -9 -12;
v000001c6787d2bb0_0 .var "pa16", 31 0;
S_000001c678862210 .scope begin, "BLK_UC_WR" "BLK_UC_WR" 6 353, 6 353 0, S_000001c678863ca0;
 .timescale -9 -12;
v000001c6787d3150_0 .var "msk", 15 0;
v000001c6787d3290_0 .var "pa16", 31 0;
v000001c6787d3470_0 .var "wdf", 127 0;
S_000001c678862850 .scope begin, "BLK_WB_EVICT_ADDR" "BLK_WB_EVICT_ADDR" 6 326, 6 326 0, S_000001c678863ca0;
 .timescale -9 -12;
v000001c6787d4370_0 .var "beat_pa", 31 0;
v000001c6787d4730_0 .var "victim_pa", 31 0;
S_000001c6788623a0 .scope function.vec4.s128, "get_beat128" "get_beat128" 6 103, 6 103 0, S_000001c678863ca0;
 .timescale -9 -12;
v000001c6787d54f0_0 .var "beat", 1 0;
; Variable get_beat128 is vec4 return value of scope S_000001c6788623a0
v000001c6787d6170_0 .var "line", 511 0;
v000001c678797250_0 .var "sh", 9 0;
TD_icache_pipeline_tb.dut.GEN_MIG.u_l2.u_core.get_beat128 ;
    %load/vec4 v000001c6787d54f0_0;
    %concati/vec4 0, 0, 7;
    %pad/u 10;
    %store/vec4 v000001c678797250_0, 0, 10;
    %load/vec4 v000001c6787d6170_0;
    %load/vec4 v000001c678797250_0;
    %part/u 128;
    %ret/vec4 0, 0, 128;  Assign to get_beat128 (store_vec4_to_lval)
    %end;
S_000001c678863b10 .scope function.vec4.s64, "get_beat64" "get_beat64" 6 92, 6 92 0, S_000001c678863ca0;
 .timescale -9 -12;
v000001c678796d50_0 .var "beat", 2 0;
; Variable get_beat64 is vec4 return value of scope S_000001c678863b10
v000001c678796df0_0 .var "line", 511 0;
v000001c678796350_0 .var "sh", 9 0;
TD_icache_pipeline_tb.dut.GEN_MIG.u_l2.u_core.get_beat64 ;
    %load/vec4 v000001c678796d50_0;
    %concati/vec4 0, 0, 6;
    %pad/u 10;
    %store/vec4 v000001c678796350_0, 0, 10;
    %load/vec4 v000001c678796df0_0;
    %load/vec4 v000001c678796350_0;
    %part/u 64;
    %ret/vec4 0, 0, 64;  Assign to get_beat64 (store_vec4_to_lval)
    %end;
S_000001c6788629e0 .scope function.vec4.s28, "pa_to_app_addr16" "pa_to_app_addr16" 6 216, 6 216 0, S_000001c678863ca0;
 .timescale -9 -12;
v000001c6787963f0_0 .var "off", 31 0;
v000001c6787940f0_0 .var "pa16_aligned", 31 0;
; Variable pa_to_app_addr16 is vec4 return value of scope S_000001c6788629e0
TD_icache_pipeline_tb.dut.GEN_MIG.u_l2.u_core.pa_to_app_addr16 ;
    %load/vec4 v000001c6787940f0_0;
    %subi 2147483648, 0, 32;
    %store/vec4 v000001c6787963f0_0, 0, 32;
    %load/vec4 v000001c6787963f0_0;
    %parti/s 28, 4, 4;
    %ret/vec4 0, 0, 28;  Assign to pa_to_app_addr16 (store_vec4_to_lval)
    %end;
S_000001c678863e30 .scope module, "u_mig" "mig_7series_0" 4 147, 7 141 0, S_000001c6786a5ce0;
 .timescale -12 -12;
    .port_info 0 /INOUT 16 "ddr2_dq";
    .port_info 1 /INOUT 2 "ddr2_dqs_n";
    .port_info 2 /INOUT 2 "ddr2_dqs_p";
    .port_info 3 /OUTPUT 14 "ddr2_addr";
    .port_info 4 /OUTPUT 3 "ddr2_ba";
    .port_info 5 /OUTPUT 1 "ddr2_ras_n";
    .port_info 6 /OUTPUT 1 "ddr2_cas_n";
    .port_info 7 /OUTPUT 1 "ddr2_we_n";
    .port_info 8 /OUTPUT 1 "ddr2_ck_p";
    .port_info 9 /OUTPUT 1 "ddr2_ck_n";
    .port_info 10 /OUTPUT 1 "ddr2_cke";
    .port_info 11 /OUTPUT 1 "ddr2_cs_n";
    .port_info 12 /OUTPUT 2 "ddr2_dm";
    .port_info 13 /OUTPUT 1 "ddr2_odt";
    .port_info 14 /INPUT 1 "sys_clk_p";
    .port_info 15 /INPUT 1 "sys_clk_n";
    .port_info 16 /INPUT 1 "clk_ref_i";
    .port_info 17 /INPUT 28 "app_addr";
    .port_info 18 /INPUT 3 "app_cmd";
    .port_info 19 /INPUT 1 "app_en";
    .port_info 20 /INPUT 128 "app_wdf_data";
    .port_info 21 /INPUT 1 "app_wdf_end";
    .port_info 22 /INPUT 16 "app_wdf_mask";
    .port_info 23 /INPUT 1 "app_wdf_wren";
    .port_info 24 /OUTPUT 128 "app_rd_data";
    .port_info 25 /OUTPUT 1 "app_rd_data_end";
    .port_info 26 /OUTPUT 1 "app_rd_data_valid";
    .port_info 27 /OUTPUT 1 "app_rdy";
    .port_info 28 /OUTPUT 1 "app_wdf_rdy";
    .port_info 29 /INPUT 1 "app_sr_req";
    .port_info 30 /INPUT 1 "app_ref_req";
    .port_info 31 /INPUT 1 "app_zq_req";
    .port_info 32 /OUTPUT 1 "app_sr_active";
    .port_info 33 /OUTPUT 1 "app_ref_ack";
    .port_info 34 /OUTPUT 1 "app_zq_ack";
    .port_info 35 /OUTPUT 1 "ui_clk";
    .port_info 36 /OUTPUT 1 "ui_clk_sync_rst";
    .port_info 37 /OUTPUT 1 "init_calib_complete";
    .port_info 38 /INPUT 1 "sys_rst";
v000001c6788178e0_0 .net "app_addr", 27 0, L_000001c67880f320;  alias, 1 drivers
v000001c678818920_0 .net "app_cmd", 2 0, L_000001c67880ed00;  alias, 1 drivers
v000001c6788173e0_0 .net "app_en", 0 0, L_000001c67880e910;  alias, 1 drivers
v000001c6788187e0_0 .net "app_rd_data", 127 0, v000001c6788170c0_0;  alias, 1 drivers
v000001c6788163a0_0 .net "app_rd_data_end", 0 0, v000001c6788182e0_0;  alias, 1 drivers
v000001c678816440_0 .net "app_rd_data_valid", 0 0, v000001c678817160_0;  alias, 1 drivers
v000001c678817480_0 .net "app_rdy", 0 0, v000001c678817fc0_0;  alias, 1 drivers
v000001c678817980_0 .net "app_ref_ack", 0 0, v000001c678817de0_0;  alias, 1 drivers
L_000001c67890a3a8 .functor BUFT 1, C4<0>, C4<0>, C4<0>, C4<0>;
v000001c6788164e0_0 .net "app_ref_req", 0 0, L_000001c67890a3a8;  1 drivers
v000001c678817b60_0 .net "app_sr_active", 0 0, v000001c678816da0_0;  alias, 1 drivers
L_000001c67890a360 .functor BUFT 1, C4<0>, C4<0>, C4<0>, C4<0>;
v000001c678817c00_0 .net "app_sr_req", 0 0, L_000001c67890a360;  1 drivers
v000001c678816580_0 .net "app_wdf_data", 127 0, L_000001c67880d790;  alias, 1 drivers
v000001c678816620_0 .net "app_wdf_end", 0 0, L_000001c67880e520;  alias, 1 drivers
v000001c678816760_0 .net "app_wdf_mask", 15 0, L_000001c67880e8a0;  alias, 1 drivers
v000001c678817ca0_0 .net "app_wdf_rdy", 0 0, v000001c6788181a0_0;  alias, 1 drivers
v000001c678816800_0 .net "app_wdf_wren", 0 0, L_000001c67880e2f0;  alias, 1 drivers
v000001c6788168a0_0 .net "app_zq_ack", 0 0, v000001c678818240_0;  alias, 1 drivers
L_000001c67890a3f0 .functor BUFT 1, C4<0>, C4<0>, C4<0>, C4<0>;
v000001c678819b40_0 .net "app_zq_req", 0 0, L_000001c67890a3f0;  1 drivers
v000001c678819320_0 .net "clk_ref_i", 0 0, L_000001c67880e6e0;  alias, 1 drivers
v000001c67881a180_0 .net "ddr2_addr", 13 0, L_000001c67890a048;  alias, 1 drivers
v000001c678819f00_0 .net "ddr2_ba", 2 0, L_000001c67890a090;  alias, 1 drivers
v000001c67881a040_0 .net "ddr2_cas_n", 0 0, L_000001c67890a0d8;  alias, 1 drivers
v000001c67881ad60_0 .net "ddr2_ck_n", 0 0, L_000001c67890a120;  alias, 1 drivers
v000001c6788193c0_0 .net "ddr2_ck_p", 0 0, L_000001c67890a168;  alias, 1 drivers
v000001c678818e20_0 .net "ddr2_cke", 0 0, L_000001c67890a1b0;  alias, 1 drivers
v000001c6788190a0_0 .net "ddr2_cs_n", 0 0, L_000001c67890a288;  alias, 1 drivers
v000001c67881a9a0_0 .net "ddr2_dm", 1 0, L_000001c67890a2d0;  alias, 1 drivers
v000001c67881b260_0 .net "ddr2_dq", 15 0, o000001c678868998;  alias, 0 drivers
v000001c678819d20_0 .net "ddr2_dqs_n", 1 0, o000001c6788689c8;  alias, 0 drivers
v000001c67881a2c0_0 .net "ddr2_dqs_p", 1 0, o000001c6788689f8;  alias, 0 drivers
v000001c678818ce0_0 .net "ddr2_odt", 0 0, L_000001c67890a318;  alias, 1 drivers
v000001c67881a4a0_0 .net "ddr2_ras_n", 0 0, L_000001c67890a1f8;  alias, 1 drivers
v000001c67881ac20_0 .net "ddr2_we_n", 0 0, L_000001c67890a240;  alias, 1 drivers
v000001c67881af40_0 .net "init_calib_complete", 0 0, L_000001c678807590;  alias, 1 drivers
v000001c67881b080_0 .net "sys_clk_n", 0 0, L_000001c67880db80;  alias, 1 drivers
v000001c67881a360_0 .net "sys_clk_p", 0 0, L_000001c67880ede0;  alias, 1 drivers
v000001c6788196e0_0 .net "sys_rst", 0 0, L_000001c6788077c0;  1 drivers
v000001c678818ec0_0 .net "ui_clk", 0 0, L_000001c678807bb0;  alias, 1 drivers
v000001c678819280_0 .net "ui_clk_sync_rst", 0 0, v000001c678818740_0;  alias, 1 drivers
S_000001c678862530 .scope module, "u_mig_7series_0_mig" "mig_7series_0_mig" 7 239, 3 697 0, S_000001c678863e30;
 .timescale -9 -12;
    .port_info 0 /OUTPUT 14 "ddr2_addr";
    .port_info 1 /OUTPUT 3 "ddr2_ba";
    .port_info 2 /OUTPUT 1 "ddr2_cas_n";
    .port_info 3 /OUTPUT 1 "ddr2_ck_n";
    .port_info 4 /OUTPUT 1 "ddr2_ck_p";
    .port_info 5 /OUTPUT 1 "ddr2_cke";
    .port_info 6 /OUTPUT 1 "ddr2_ras_n";
    .port_info 7 /OUTPUT 1 "ddr2_we_n";
    .port_info 8 /INOUT 16 "ddr2_dq";
    .port_info 9 /INOUT 2 "ddr2_dqs_n";
    .port_info 10 /INOUT 2 "ddr2_dqs_p";
    .port_info 11 /OUTPUT 1 "init_calib_complete";
    .port_info 12 /OUTPUT 1 "ddr2_cs_n";
    .port_info 13 /OUTPUT 2 "ddr2_dm";
    .port_info 14 /OUTPUT 1 "ddr2_odt";
    .port_info 15 /INPUT 28 "app_addr";
    .port_info 16 /INPUT 3 "app_cmd";
    .port_info 17 /INPUT 1 "app_en";
    .port_info 18 /INPUT 128 "app_wdf_data";
    .port_info 19 /INPUT 1 "app_wdf_end";
    .port_info 20 /INPUT 1 "app_wdf_wren";
    .port_info 21 /OUTPUT 128 "app_rd_data";
    .port_info 22 /OUTPUT 1 "app_rd_data_end";
    .port_info 23 /OUTPUT 1 "app_rd_data_valid";
    .port_info 24 /OUTPUT 1 "app_rdy";
    .port_info 25 /OUTPUT 1 "app_wdf_rdy";
    .port_info 26 /INPUT 1 "app_sr_req";
    .port_info 27 /INPUT 1 "app_ref_req";
    .port_info 28 /INPUT 1 "app_zq_req";
    .port_info 29 /OUTPUT 1 "app_sr_active";
    .port_info 30 /OUTPUT 1 "app_ref_ack";
    .port_info 31 /OUTPUT 1 "app_zq_ack";
    .port_info 32 /OUTPUT 1 "ui_clk";
    .port_info 33 /OUTPUT 1 "ui_clk_sync_rst";
    .port_info 34 /INPUT 16 "app_wdf_mask";
    .port_info 35 /INPUT 1 "sys_clk_p";
    .port_info 36 /INPUT 1 "sys_clk_n";
    .port_info 37 /INPUT 1 "clk_ref_i";
    .port_info 38 /INPUT 1 "sys_rst";
P_000001c67841ebc0 .param/l "CMD_READ" 1 3 740, C4<001>;
P_000001c67841ebf8 .param/l "CMD_WRITE" 1 3 741, C4<000>;
P_000001c67841ec30 .param/l "MEM_BYTES" 1 3 738, +C4<00000000000100000000000000000000>;
P_000001c67841ec68 .param/l "MEM_WORDS" 1 3 739, +C4<00000000000001000000000000000000>;
L_000001c678807bb0 .functor BUFZ 1, L_000001c67880ede0, C4<0>, C4<0>, C4<0>;
L_000001c678807590 .functor NOT 1, L_000001c6788077c0, C4<0>, C4<0>, C4<0>;
v000001c678814640_0 .net "app_addr", 27 0, L_000001c67880f320;  alias, 1 drivers
v000001c678817f20_0 .net "app_cmd", 2 0, L_000001c67880ed00;  alias, 1 drivers
v000001c678816ee0_0 .net "app_en", 0 0, L_000001c67880e910;  alias, 1 drivers
v000001c6788170c0_0 .var "app_rd_data", 127 0;
v000001c6788182e0_0 .var "app_rd_data_end", 0 0;
v000001c678817160_0 .var "app_rd_data_valid", 0 0;
v000001c678817fc0_0 .var "app_rdy", 0 0;
v000001c678817de0_0 .var "app_ref_ack", 0 0;
v000001c6788177a0_0 .net "app_ref_req", 0 0, L_000001c67890a3a8;  alias, 1 drivers
v000001c678816da0_0 .var "app_sr_active", 0 0;
v000001c678816e40_0 .net "app_sr_req", 0 0, L_000001c67890a360;  alias, 1 drivers
v000001c678816c60_0 .net "app_wdf_data", 127 0, L_000001c67880d790;  alias, 1 drivers
v000001c678816300_0 .net "app_wdf_end", 0 0, L_000001c67880e520;  alias, 1 drivers
v000001c678818060_0 .net "app_wdf_mask", 15 0, L_000001c67880e8a0;  alias, 1 drivers
v000001c6788181a0_0 .var "app_wdf_rdy", 0 0;
v000001c678817a20_0 .net "app_wdf_wren", 0 0, L_000001c67880e2f0;  alias, 1 drivers
v000001c678818240_0 .var "app_zq_ack", 0 0;
v000001c678817200_0 .net "app_zq_req", 0 0, L_000001c67890a3f0;  alias, 1 drivers
v000001c678818420_0 .net "clk_ref_i", 0 0, L_000001c67880e6e0;  alias, 1 drivers
v000001c678816a80_0 .net "ddr2_addr", 13 0, L_000001c67890a048;  alias, 1 drivers
v000001c678818560_0 .net "ddr2_ba", 2 0, L_000001c67890a090;  alias, 1 drivers
v000001c6788189c0_0 .net "ddr2_cas_n", 0 0, L_000001c67890a0d8;  alias, 1 drivers
v000001c678816940_0 .net "ddr2_ck_n", 0 0, L_000001c67890a120;  alias, 1 drivers
v000001c678816d00_0 .net "ddr2_ck_p", 0 0, L_000001c67890a168;  alias, 1 drivers
v000001c678816b20_0 .net "ddr2_cke", 0 0, L_000001c67890a1b0;  alias, 1 drivers
v000001c6788172a0_0 .net "ddr2_cs_n", 0 0, L_000001c67890a288;  alias, 1 drivers
v000001c6788169e0_0 .net "ddr2_dm", 1 0, L_000001c67890a2d0;  alias, 1 drivers
v000001c678818a60_0 .net "ddr2_dq", 15 0, o000001c678868998;  alias, 0 drivers
v000001c678817d40_0 .net "ddr2_dqs_n", 1 0, o000001c6788689c8;  alias, 0 drivers
v000001c678817ac0_0 .net "ddr2_dqs_p", 1 0, o000001c6788689f8;  alias, 0 drivers
v000001c6788175c0_0 .net "ddr2_odt", 0 0, L_000001c67890a318;  alias, 1 drivers
v000001c6788186a0_0 .net "ddr2_ras_n", 0 0, L_000001c67890a1f8;  alias, 1 drivers
v000001c678817840_0 .net "ddr2_we_n", 0 0, L_000001c67890a240;  alias, 1 drivers
v000001c678817520_0 .net "init_calib_complete", 0 0, L_000001c678807590;  alias, 1 drivers
v000001c6788166c0 .array "init_mem", 262143 0, 31 0;
v000001c678816f80 .array "mem_b", 1048575 0, 7 0;
v000001c678816bc0_0 .var "memfile", 2047 0;
v000001c678817020_0 .var "rd_addr_d0", 27 0;
v000001c678817e80_0 .var "rd_addr_d1", 27 0;
v000001c678818100_0 .var "rd_valid_d0", 0 0;
v000001c678817340_0 .var "rd_valid_d1", 0 0;
v000001c678818380_0 .net "sys_clk_n", 0 0, L_000001c67880db80;  alias, 1 drivers
v000001c678817660_0 .net "sys_clk_p", 0 0, L_000001c67880ede0;  alias, 1 drivers
v000001c6788184c0_0 .net "sys_rst", 0 0, L_000001c6788077c0;  alias, 1 drivers
v000001c678818600_0 .var/i "test_id_mig", 31 0;
v000001c678817700_0 .net "ui_clk", 0 0, L_000001c678807bb0;  alias, 1 drivers
v000001c678818740_0 .var "ui_clk_sync_rst", 0 0;
v000001c678818880_0 .var/i "wi", 31 0;
E_000001c678823990 .event posedge, v000001c6788184c0_0, v000001c678817700_0;
S_000001c678863980 .scope function.vec4.s128, "rd128" "rd128" 3 813, 3 813 0, S_000001c678862530;
 .timescale -9 -12;
v000001c678816260_0 .var "a16", 27 0;
v000001c678815ea0_0 .var "base", 31 0;
v000001c678816120_0 .var/i "i", 31 0;
; Variable rd128 is vec4 return value of scope S_000001c678863980
TD_icache_pipeline_tb.dut.GEN_MIG.u_mig.u_mig_7series_0_mig.rd128 ;
    %load/vec4 v000001c678816260_0;
    %concati/vec4 0, 0, 4;
    %store/vec4 v000001c678815ea0_0, 0, 32;
    %pushi/vec4 0, 0, 32;
    %store/vec4 v000001c678816120_0, 0, 32;
T_3.0 ;
    %load/vec4 v000001c678816120_0;
    %cmpi/s 16, 0, 32;
    %jmp/0xz T_3.1, 5;
    %load/vec4 v000001c678815ea0_0;
    %load/vec4 v000001c678816120_0;
    %add;
    %ix/vec4 4;
    %load/vec4a v000001c678816f80, 4;
    %load/vec4 v000001c678816120_0;
    %muli 8, 0, 32;
    %ix/vec4/s 4;
    %ret/vec4 0, 4, 8; Assign to rd128 (store_vec4_to_lval)
    %load/vec4 v000001c678816120_0;
    %addi 1, 0, 32;
    %store/vec4 v000001c678816120_0, 0, 32;
    %jmp T_3.0;
T_3.1 ;
    %end;
S_000001c678862b70 .scope task, "wr128" "wr128" 3 824, 3 824 0, S_000001c678862530;
 .timescale -9 -12;
v000001c678814000_0 .var "a16", 27 0;
v000001c6788161c0_0 .var "base", 31 0;
v000001c6788140a0_0 .var "data", 127 0;
v000001c678814280_0 .var/i "i", 31 0;
v000001c6788145a0_0 .var "mask", 15 0;
TD_icache_pipeline_tb.dut.GEN_MIG.u_mig.u_mig_7series_0_mig.wr128 ;
    %load/vec4 v000001c678814000_0;
    %concati/vec4 0, 0, 4;
    %store/vec4 v000001c6788161c0_0, 0, 32;
    %pushi/vec4 0, 0, 32;
    %store/vec4 v000001c678814280_0, 0, 32;
T_4.2 ;
    %load/vec4 v000001c678814280_0;
    %cmpi/s 16, 0, 32;
    %jmp/0xz T_4.3, 5;
    %load/vec4 v000001c6788145a0_0;
    %load/vec4 v000001c678814280_0;
    %part/s 1;
    %nor/r;
    %flag_set/vec4 8;
    %jmp/0xz  T_4.4, 8;
    %load/vec4 v000001c6788140a0_0;
    %load/vec4 v000001c678814280_0;
    %muli 8, 0, 32;
    %part/s 8;
    %load/vec4 v000001c6788161c0_0;
    %load/vec4 v000001c678814280_0;
    %add;
    %ix/vec4 4;
    %store/vec4a v000001c678816f80, 4, 0;
T_4.4 ;
    %load/vec4 v000001c678814280_0;
    %addi 1, 0, 32;
    %store/vec4 v000001c678814280_0, 0, 32;
    %jmp T_4.2;
T_4.3 ;
    %end;
S_000001c6788626c0 .scope module, "u_dcache" "dcache_blocking" 4 669, 8 16 0, S_000001c6786a5b50;
 .timescale -9 -12;
    .port_info 0 /INPUT 1 "clk";
    .port_info 1 /INPUT 1 "rst_n";
    .port_info 2 /INPUT 1 "cpu_req_valid";
    .port_info 3 /OUTPUT 1 "cpu_req_ready";
    .port_info 4 /INPUT 32 "cpu_req_addr";
    .port_info 5 /INPUT 1 "cpu_req_we";
    .port_info 6 /INPUT 32 "cpu_req_wdata";
    .port_info 7 /INPUT 4 "cpu_req_wstrb";
    .port_info 8 /INPUT 2 "cpu_req_size";
    .port_info 9 /INPUT 1 "cpu_req_uncached";
    .port_info 10 /OUTPUT 1 "cpu_rsp_valid";
    .port_info 11 /INPUT 1 "cpu_rsp_ready";
    .port_info 12 /OUTPUT 32 "cpu_rsp_rdata";
    .port_info 13 /OUTPUT 1 "cpu_rsp_err";
    .port_info 14 /OUTPUT 1 "l2_req_valid";
    .port_info 15 /INPUT 1 "l2_req_ready";
    .port_info 16 /OUTPUT 2 "l2_req_cmd";
    .port_info 17 /OUTPUT 32 "l2_req_addr";
    .port_info 18 /OUTPUT 3 "l2_req_size";
    .port_info 19 /OUTPUT 8 "l2_req_len";
    .port_info 20 /OUTPUT 64 "l2_req_wdata";
    .port_info 21 /OUTPUT 8 "l2_req_wstrb";
    .port_info 22 /INPUT 1 "l2_rsp_valid";
    .port_info 23 /OUTPUT 1 "l2_rsp_ready";
    .port_info 24 /INPUT 64 "l2_rsp_rdata";
    .port_info 25 /INPUT 1 "l2_rsp_last";
    .port_info 26 /INPUT 1 "l2_rsp_err";
P_000001c6788bc030 .param/l "ADDR_W" 0 8 18, +C4<00000000000000000000000000100000>;
P_000001c6788bc068 .param/l "BUS_BYTES" 1 8 87, +C4<00000000000000000000000000001000>;
P_000001c6788bc0a0 .param/l "BUS_W" 0 8 21, +C4<00000000000000000000000001000000>;
P_000001c6788bc0d8 .param/l "CACHE_BYTES" 0 8 23, +C4<00000000000000100000000000000000>;
P_000001c6788bc110 .param/l "CMD_LINE_RD" 1 8 95, C4<00>;
P_000001c6788bc148 .param/l "CMD_UC_RD" 1 8 96, C4<01>;
P_000001c6788bc180 .param/l "CMD_UC_WR" 1 8 97, C4<10>;
P_000001c6788bc1b8 .param/l "CMD_WB_LINE" 1 8 98, C4<11>;
P_000001c6788bc1f0 .param/l "CPU_DATA_W" 0 8 19, +C4<00000000000000000000000000100000>;
P_000001c6788bc228 .param/l "CPU_STRB_W" 0 8 20, +C4<00000000000000000000000000000100>;
P_000001c6788bc260 .param/l "INDEX_BITS" 1 8 91, +C4<00000000000000000000000000001010>;
P_000001c6788bc298 .param/l "LINE_BITS" 1 8 88, +C4<00000000000000000000001000000000>;
P_000001c6788bc2d0 .param/l "LINE_BYTES" 0 8 22, +C4<00000000000000000000000001000000>;
P_000001c6788bc308 .param/l "OFFSET_BITS" 1 8 90, +C4<00000000000000000000000000000110>;
P_000001c6788bc340 .param/l "SETS" 1 8 89, +C4<00000000000000000000010000000000>;
P_000001c6788bc378 .param/l "S_IDLE" 1 8 102, C4<0000>;
P_000001c6788bc3b0 .param/l "S_LOOKUP0" 1 8 103, C4<0001>;
P_000001c6788bc3e8 .param/l "S_LOOKUP1" 1 8 104, C4<0010>;
P_000001c6788bc420 .param/l "S_MISS_SELECT" 1 8 107, C4<0100>;
P_000001c6788bc458 .param/l "S_REFILL_COMMIT" 1 8 113, C4<1001>;
P_000001c6788bc490 .param/l "S_REFILL_RECV" 1 8 112, C4<1000>;
P_000001c6788bc4c8 .param/l "S_REFILL_REQ" 1 8 111, C4<0111>;
P_000001c6788bc500 .param/l "S_RESP" 1 8 105, C4<0011>;
P_000001c6788bc538 .param/l "S_UC_REQ" 1 8 115, C4<1010>;
P_000001c6788bc570 .param/l "S_UC_WAIT" 1 8 116, C4<1011>;
P_000001c6788bc5a8 .param/l "S_WB_STREAM" 1 8 108, C4<0101>;
P_000001c6788bc5e0 .param/l "S_WB_WAIT" 1 8 109, C4<0110>;
P_000001c6788bc618 .param/l "TAG_BITS" 1 8 92, +C4<00000000000000000000000000010000>;
P_000001c6788bc650 .param/l "WAYS" 0 8 24, +C4<00000000000000000000000000000010>;
L_000001c67880c3e0 .functor AND 1, v000001c6788be590_0, L_000001c67896c720, C4<1>, C4<1>;
L_000001c67880c5a0 .functor AND 1, v000001c6788beb30_0, L_000001c67896d9e0, C4<1>, C4<1>;
L_000001c67880bc70 .functor OR 1, L_000001c67880c3e0, L_000001c67880c5a0, C4<0>, C4<0>;
L_000001c67890ca78 .functor BUFT 1, C4<0>, C4<0>, C4<0>, C4<0>;
L_000001c67880d100 .functor XNOR 1, v000001c6788be630_0, L_000001c67890ca78, C4<0>, C4<0>;
L_000001c67890cac0 .functor BUFT 1, C4<0>, C4<0>, C4<0>, C4<0>;
L_000001c67880d3a0 .functor XNOR 1, v000001c6788be630_0, L_000001c67890cac0, C4<0>, C4<0>;
L_000001c67890cb08 .functor BUFT 1, C4<0>, C4<0>, C4<0>, C4<0>;
L_000001c67880d410 .functor XNOR 1, v000001c6788be630_0, L_000001c67890cb08, C4<0>, C4<0>;
L_000001c67890cb50 .functor BUFT 1, C4<0>, C4<0>, C4<0>, C4<0>;
L_000001c67880cf40 .functor XNOR 1, v000001c6788be630_0, L_000001c67890cb50, C4<0>, C4<0>;
L_000001c67880c680 .functor OR 1, L_000001c67896e700, L_000001c67896cae0, C4<0>, C4<0>;
L_000001c67880c530 .functor OR 1, L_000001c67880c680, L_000001c67896d620, C4<0>, C4<0>;
L_000001c67880d480 .functor AND 1, L_000001c67896c900, L_000001c678903860, C4<1>, C4<1>;
L_000001c67880d560 .functor OR 1, L_000001c67880c530, L_000001c67880d480, C4<0>, C4<0>;
L_000001c67880d6b0 .functor AND 1, L_000001c67896d6c0, L_000001c678903860, C4<1>, C4<1>;
L_000001c67880cae0 .functor OR 1, L_000001c67880d560, L_000001c67880d6b0, C4<0>, C4<0>;
L_000001c67880c6f0 .functor AND 1, L_000001c67896dda0, L_000001c678903860, C4<1>, C4<1>;
L_000001c67880c760 .functor AND 1, L_000001c67880c6f0, L_000001c67896c9a0, C4<1>, C4<1>;
L_000001c67880d5d0 .functor OR 1, L_000001c67880cae0, L_000001c67880c760, C4<0>, C4<0>;
v000001c6788c1790_0 .net *"_ivl_0", 0 0, L_000001c67896c720;  1 drivers
L_000001c67890c9e8 .functor BUFT 1, C4<1>, C4<0>, C4<0>, C4<0>;
v000001c6788c1c90_0 .net/2u *"_ivl_10", 0 0, L_000001c67890c9e8;  1 drivers
L_000001c67890ca30 .functor BUFT 1, C4<0>, C4<0>, C4<0>, C4<0>;
v000001c6788c2730_0 .net/2u *"_ivl_12", 0 0, L_000001c67890ca30;  1 drivers
v000001c6788c1830_0 .net/2u *"_ivl_18", 0 0, L_000001c67890ca78;  1 drivers
v000001c6788c3630_0 .net *"_ivl_20", 0 0, L_000001c67880d100;  1 drivers
v000001c6788c2eb0_0 .net/2u *"_ivl_24", 0 0, L_000001c67890cac0;  1 drivers
v000001c6788c2c30_0 .net *"_ivl_26", 0 0, L_000001c67880d3a0;  1 drivers
v000001c6788c1dd0_0 .net/2u *"_ivl_30", 0 0, L_000001c67890cb08;  1 drivers
v000001c6788c1e70_0 .net *"_ivl_32", 0 0, L_000001c67880d410;  1 drivers
v000001c6788c1d30_0 .net/2u *"_ivl_36", 0 0, L_000001c67890cb50;  1 drivers
v000001c6788c1970_0 .net *"_ivl_38", 0 0, L_000001c67880cf40;  1 drivers
v000001c6788c2370_0 .net *"_ivl_4", 0 0, L_000001c67896d9e0;  1 drivers
L_000001c67890cb98 .functor BUFT 1, C4<0000>, C4<0>, C4<0>, C4<0>;
v000001c6788c24b0_0 .net/2u *"_ivl_42", 3 0, L_000001c67890cb98;  1 drivers
L_000001c67890cbe0 .functor BUFT 1, C4<0110>, C4<0>, C4<0>, C4<0>;
v000001c6788c2410_0 .net/2u *"_ivl_46", 3 0, L_000001c67890cbe0;  1 drivers
v000001c6788c36d0_0 .net *"_ivl_48", 0 0, L_000001c67896e700;  1 drivers
L_000001c67890cc28 .functor BUFT 1, C4<1000>, C4<0>, C4<0>, C4<0>;
v000001c6788c1f10_0 .net/2u *"_ivl_50", 3 0, L_000001c67890cc28;  1 drivers
v000001c6788c31d0_0 .net *"_ivl_52", 0 0, L_000001c67896cae0;  1 drivers
v000001c6788c1fb0_0 .net *"_ivl_55", 0 0, L_000001c67880c680;  1 drivers
L_000001c67890cc70 .functor BUFT 1, C4<1011>, C4<0>, C4<0>, C4<0>;
v000001c6788c2190_0 .net/2u *"_ivl_56", 3 0, L_000001c67890cc70;  1 drivers
v000001c6788c3950_0 .net *"_ivl_58", 0 0, L_000001c67896d620;  1 drivers
v000001c6788c39f0_0 .net *"_ivl_61", 0 0, L_000001c67880c530;  1 drivers
L_000001c67890ccb8 .functor BUFT 1, C4<0111>, C4<0>, C4<0>, C4<0>;
v000001c6788c25f0_0 .net/2u *"_ivl_62", 3 0, L_000001c67890ccb8;  1 drivers
v000001c6788c2050_0 .net *"_ivl_64", 0 0, L_000001c67896c900;  1 drivers
v000001c6788c20f0_0 .net *"_ivl_67", 0 0, L_000001c67880d480;  1 drivers
v000001c6788c3a90_0 .net *"_ivl_69", 0 0, L_000001c67880d560;  1 drivers
L_000001c67890cd00 .functor BUFT 1, C4<1010>, C4<0>, C4<0>, C4<0>;
v000001c6788c2d70_0 .net/2u *"_ivl_70", 3 0, L_000001c67890cd00;  1 drivers
v000001c6788c3c70_0 .net *"_ivl_72", 0 0, L_000001c67896d6c0;  1 drivers
v000001c6788c3770_0 .net *"_ivl_75", 0 0, L_000001c67880d6b0;  1 drivers
v000001c6788c2910_0 .net *"_ivl_77", 0 0, L_000001c67880cae0;  1 drivers
L_000001c67890cd48 .functor BUFT 1, C4<0101>, C4<0>, C4<0>, C4<0>;
v000001c6788c2230_0 .net/2u *"_ivl_78", 3 0, L_000001c67890cd48;  1 drivers
v000001c6788c3270_0 .net *"_ivl_80", 0 0, L_000001c67896dda0;  1 drivers
v000001c6788c3bd0_0 .net *"_ivl_83", 0 0, L_000001c67880c6f0;  1 drivers
L_000001c67890cd90 .functor BUFT 1, C4<111>, C4<0>, C4<0>, C4<0>;
v000001c6788c29b0_0 .net/2u *"_ivl_84", 2 0, L_000001c67890cd90;  1 drivers
v000001c6788c2b90_0 .net *"_ivl_86", 0 0, L_000001c67896c9a0;  1 drivers
v000001c6788c2ff0_0 .net *"_ivl_89", 0 0, L_000001c67880c760;  1 drivers
v000001c6788c3db0_0 .var "beat_cnt_r", 2 0;
v000001c6788c2550_0 .net "clk", 0 0, L_000001c6788068e0;  alias, 1 drivers
v000001c6788c3090_0 .net "cpu_req_addr", 31 0, L_000001c67880d330;  alias, 1 drivers
v000001c6788c3130_0 .net "cpu_req_ready", 0 0, L_000001c67896cfe0;  alias, 1 drivers
v000001c6788c3310_0 .net "cpu_req_size", 1 0, L_000001c67896d580;  alias, 1 drivers
L_000001c67890cdd8 .functor BUFT 1, C4<0>, C4<0>, C4<0>, C4<0>;
v000001c6788c33b0_0 .net "cpu_req_uncached", 0 0, L_000001c67890cdd8;  1 drivers
v000001c6788c3450_0 .net "cpu_req_valid", 0 0, L_000001c67880d1e0;  alias, 1 drivers
v000001c6788c34f0_0 .net "cpu_req_wdata", 31 0, L_000001c67896c360;  alias, 1 drivers
v000001c6788c3d10_0 .net "cpu_req_we", 0 0, L_000001c67880ced0;  alias, 1 drivers
v000001c6788c3590_0 .net "cpu_req_wstrb", 3 0, L_000001c67896d940;  alias, 1 drivers
v000001c6788c3810_0 .var "cpu_rsp_err", 0 0;
v000001c6788c42b0_0 .var "cpu_rsp_rdata", 31 0;
v000001c6788c40d0_0 .net "cpu_rsp_ready", 0 0, L_000001c67890c9a0;  alias, 1 drivers
v000001c6788c4490_0 .var "cpu_rsp_valid", 0 0;
v000001c6788c4530 .array "data0_mem", 1023 0, 511 0;
v000001c6788c45d0 .array "data1_mem", 1023 0, 511 0;
v000001c6788c4210 .array "dir0_mem", 1023 0, 0 0;
v000001c6788c3ef0_0 .var "dir0_r", 0 0;
v000001c6788c43f0 .array "dir1_mem", 1023 0, 0 0;
v000001c6788c3f90_0 .var "dir1_r", 0 0;
v000001c6788c4030_0 .net "hit0_w", 0 0, L_000001c67880c3e0;  1 drivers
v000001c6788c4170_0 .net "hit1_w", 0 0, L_000001c67880c5a0;  1 drivers
v000001c6788c4350_0 .net "hit_w", 0 0, L_000001c67880bc70;  1 drivers
v000001c6788be950_0 .var/i "i", 31 0;
v000001c6788bdb90_0 .var "index_r", 9 0;
v000001c6788bd2d0_0 .var "l2_req_addr", 31 0;
v000001c6788bd690_0 .var "l2_req_cmd", 1 0;
v000001c6788bd550_0 .var "l2_req_len", 7 0;
v000001c6788bda50_0 .net "l2_req_ready", 0 0, L_000001c678903860;  alias, 1 drivers
v000001c6788be270_0 .var "l2_req_size", 2 0;
v000001c6788bee50_0 .var "l2_req_valid", 0 0;
v000001c6788be4f0_0 .var "l2_req_wdata", 63 0;
v000001c6788bcbf0_0 .var "l2_req_wstrb", 7 0;
v000001c6788bd730_0 .net "l2_rsp_err", 0 0, L_000001c678903f40;  alias, 1 drivers
v000001c6788be130_0 .net "l2_rsp_last", 0 0, L_000001c678902a00;  alias, 1 drivers
v000001c6788bc6f0_0 .net "l2_rsp_rdata", 63 0, L_000001c678807ec0;  alias, 1 drivers
v000001c6788bca10_0 .net "l2_rsp_ready", 0 0, L_000001c67880d5d0;  alias, 1 drivers
v000001c6788be450_0 .net "l2_rsp_valid", 0 0, L_000001c678903ea0;  alias, 1 drivers
v000001c6788bd7d0_0 .var "line0_r", 511 0;
v000001c6788bdd70_0 .var "line1_r", 511 0;
v000001c6788bdc30 .array "lru_mem", 1023 0, 0 0;
v000001c6788be630_0 .var "lru_r", 0 0;
v000001c6788bc790_0 .var "merged_w", 31 0;
v000001c6788bcd30_0 .var "new_line", 511 0;
v000001c6788bcdd0_0 .var "old_w", 31 0;
v000001c6788bce70_0 .var "refill_line_r", 511 0;
v000001c6788bcf10_0 .var "refill_tag_r", 15 0;
v000001c6788bc8d0_0 .var "refill_way_r", 0 0;
v000001c6788bd370_0 .var "req_addr_r", 31 0;
v000001c6788bd4b0_0 .var "req_index_r", 9 0;
v000001c6788be6d0_0 .var "req_size_r", 1 0;
v000001c6788bd5f0_0 .var "req_tag_r", 15 0;
v000001c6788bd870_0 .var "req_uncached_r", 0 0;
v000001c6788bd190_0 .var "req_wdata_r", 31 0;
v000001c6788be8b0_0 .var "req_we_r", 0 0;
v000001c6788be310_0 .var "req_word_hi_r", 0 0;
v000001c6788be9f0_0 .var "req_word_r", 3 0;
v000001c6788bc970_0 .var "req_wstrb_r", 3 0;
v000001c6788be3b0_0 .net "rst_n", 0 0, L_000001c678806db0;  alias, 1 drivers
v000001c6788be090_0 .var "state", 3 0;
v000001c6788bde10 .array "tag0_mem", 1023 0, 15 0;
v000001c6788be770_0 .var "tag0_r", 15 0;
v000001c6788bd910 .array "tag1_mem", 1023 0, 15 0;
v000001c6788be810_0 .var "tag1_r", 15 0;
v000001c6788bcfb0_0 .net "used_way_w", 0 0, L_000001c67896cc20;  1 drivers
v000001c6788bea90 .array "val0_mem", 1023 0, 0 0;
v000001c6788be590_0 .var "val0_r", 0 0;
v000001c6788bedb0 .array "val1_mem", 1023 0, 0 0;
v000001c6788beb30_0 .var "val1_r", 0 0;
v000001c6788bd230_0 .net "victim_dirty_w", 0 0, L_000001c67896dee0;  1 drivers
v000001c6788bd050_0 .net "victim_line_w", 511 0, L_000001c67896e5c0;  1 drivers
v000001c6788bd0f0_0 .net "victim_tag_w", 15 0, L_000001c67896c860;  1 drivers
v000001c6788bd9b0_0 .net "victim_valid_w", 0 0, L_000001c67896e200;  1 drivers
v000001c6788bd410_0 .net "victim_way_w", 0 0, v000001c6788be630_0;  1 drivers
v000001c6788bcc90_0 .var "wb_addr_r", 31 0;
v000001c6788bdaf0_0 .var "wb_err_r", 0 0;
v000001c6788be1d0_0 .var "wb_line_r", 511 0;
L_000001c67896c720 .cmp/eq 16, v000001c6788be770_0, v000001c6788bd5f0_0;
L_000001c67896d9e0 .cmp/eq 16, v000001c6788be810_0, v000001c6788bd5f0_0;
L_000001c67896cc20 .functor MUXZ 1, L_000001c67890ca30, L_000001c67890c9e8, L_000001c67880c5a0, C4<>;
L_000001c67896e200 .functor MUXZ 1, v000001c6788beb30_0, v000001c6788be590_0, L_000001c67880d100, C4<>;
L_000001c67896dee0 .functor MUXZ 1, v000001c6788c3f90_0, v000001c6788c3ef0_0, L_000001c67880d3a0, C4<>;
L_000001c67896c860 .functor MUXZ 16, v000001c6788be810_0, v000001c6788be770_0, L_000001c67880d410, C4<>;
L_000001c67896e5c0 .functor MUXZ 512, v000001c6788bdd70_0, v000001c6788bd7d0_0, L_000001c67880cf40, C4<>;
L_000001c67896cfe0 .cmp/eq 4, v000001c6788be090_0, L_000001c67890cb98;
L_000001c67896e700 .cmp/eq 4, v000001c6788be090_0, L_000001c67890cbe0;
L_000001c67896cae0 .cmp/eq 4, v000001c6788be090_0, L_000001c67890cc28;
L_000001c67896d620 .cmp/eq 4, v000001c6788be090_0, L_000001c67890cc70;
L_000001c67896c900 .cmp/eq 4, v000001c6788be090_0, L_000001c67890ccb8;
L_000001c67896d6c0 .cmp/eq 4, v000001c6788be090_0, L_000001c67890cd00;
L_000001c67896dda0 .cmp/eq 4, v000001c6788be090_0, L_000001c67890cd48;
L_000001c67896c9a0 .cmp/eq 3, v000001c6788c3db0_0, L_000001c67890cd90;
S_000001c678862d00 .scope function.vec4.s64, "line_get_beat64" "line_get_beat64" 8 193, 8 193 0, S_000001c6788626c0;
 .timescale -9 -12;
v000001c67881b120_0 .var "beat", 2 0;
v000001c678819dc0_0 .var "line", 511 0;
; Variable line_get_beat64 is vec4 return value of scope S_000001c678862d00
v000001c678819fa0_0 .var/i "sh", 31 0;
TD_icache_pipeline_tb.dut.u_dcache.line_get_beat64 ;
    %load/vec4 v000001c67881b120_0;
    %concati/vec4 0, 0, 6;
    %pad/u 32;
    %store/vec4 v000001c678819fa0_0, 0, 32;
    %load/vec4 v000001c678819dc0_0;
    %load/vec4 v000001c678819fa0_0;
    %ix/vec4 4;
    %shiftr 4;
    %pad/u 64;
    %ret/vec4 0, 0, 64;  Assign to line_get_beat64 (store_vec4_to_lval)
    %end;
S_000001c678862e90 .scope function.vec4.s32, "line_get_word32" "line_get_word32" 8 218, 8 218 0, S_000001c6788626c0;
 .timescale -9 -12;
v000001c67881a0e0_0 .var "line", 511 0;
; Variable line_get_word32 is vec4 return value of scope S_000001c678862e90
v000001c67881a900_0 .var/i "sh", 31 0;
v000001c67881aa40_0 .var "word", 3 0;
TD_icache_pipeline_tb.dut.u_dcache.line_get_word32 ;
    %load/vec4 v000001c67881aa40_0;
    %concati/vec4 0, 0, 5;
    %pad/u 32;
    %store/vec4 v000001c67881a900_0, 0, 32;
    %load/vec4 v000001c67881a0e0_0;
    %load/vec4 v000001c67881a900_0;
    %ix/vec4 4;
    %shiftr 4;
    %pad/u 32;
    %ret/vec4 0, 0, 32;  Assign to line_get_word32 (store_vec4_to_lval)
    %end;
S_000001c6788631b0 .scope function.vec4.s512, "line_set_beat64" "line_set_beat64" 8 203, 8 203 0, S_000001c6788626c0;
 .timescale -9 -12;
v000001c67881afe0_0 .var "beat", 2 0;
v000001c6788c1ab0_0 .var "data", 63 0;
v000001c6788c2870_0 .var "data_ext", 511 0;
v000001c6788c27d0_0 .var "line", 511 0;
; Variable line_set_beat64 is vec4 return value of scope S_000001c6788631b0
v000001c6788c2af0_0 .var "mask", 511 0;
v000001c6788c2e10_0 .var/i "sh", 31 0;
TD_icache_pipeline_tb.dut.u_dcache.line_set_beat64 ;
    %load/vec4 v000001c67881afe0_0;
    %concati/vec4 0, 0, 6;
    %pad/u 32;
    %store/vec4 v000001c6788c2e10_0, 0, 32;
    %pushi/vec4 4294967295, 0, 480;
    %concati/vec4 4294967295, 0, 32;
    %load/vec4 v000001c6788c2e10_0;
    %ix/vec4 4;
    %shiftl 4;
    %store/vec4 v000001c6788c2af0_0, 0, 512;
    %pushi/vec4 0, 0, 448;
    %load/vec4 v000001c6788c1ab0_0;
    %concat/vec4; draw_concat_vec4
    %load/vec4 v000001c6788c2e10_0;
    %ix/vec4 4;
    %shiftl 4;
    %store/vec4 v000001c6788c2870_0, 0, 512;
    %load/vec4 v000001c6788c27d0_0;
    %load/vec4 v000001c6788c2af0_0;
    %inv;
    %and;
    %load/vec4 v000001c6788c2870_0;
    %or;
    %ret/vec4 0, 0, 512;  Assign to line_set_beat64 (store_vec4_to_lval)
    %end;
S_000001c678863340 .scope function.vec4.s512, "line_set_word32" "line_set_word32" 8 228, 8 228 0, S_000001c6788626c0;
 .timescale -9 -12;
v000001c6788c38b0_0 .var "data", 31 0;
v000001c6788c16f0_0 .var "data_ext", 511 0;
v000001c6788c18d0_0 .var "line", 511 0;
; Variable line_set_word32 is vec4 return value of scope S_000001c678863340
v000001c6788c3b30_0 .var "mask", 511 0;
v000001c6788c2a50_0 .var/i "sh", 31 0;
v000001c6788c1b50_0 .var "word", 3 0;
TD_icache_pipeline_tb.dut.u_dcache.line_set_word32 ;
    %load/vec4 v000001c6788c1b50_0;
    %concati/vec4 0, 0, 5;
    %pad/u 32;
    %store/vec4 v000001c6788c2a50_0, 0, 32;
    %pushi/vec4 4294967295, 0, 512;
    %load/vec4 v000001c6788c2a50_0;
    %ix/vec4 4;
    %shiftl 4;
    %store/vec4 v000001c6788c3b30_0, 0, 512;
    %pushi/vec4 0, 0, 480;
    %load/vec4 v000001c6788c38b0_0;
    %concat/vec4; draw_concat_vec4
    %load/vec4 v000001c6788c2a50_0;
    %ix/vec4 4;
    %shiftl 4;
    %store/vec4 v000001c6788c16f0_0, 0, 512;
    %load/vec4 v000001c6788c18d0_0;
    %load/vec4 v000001c6788c3b30_0;
    %inv;
    %and;
    %load/vec4 v000001c6788c16f0_0;
    %or;
    %ret/vec4 0, 0, 512;  Assign to line_set_word32 (store_vec4_to_lval)
    %end;
S_000001c6788634d0 .scope function.vec4.s32, "merge_wstrb32" "merge_wstrb32" 8 244, 8 244 0, S_000001c6788626c0;
 .timescale -9 -12;
v000001c6788c22d0_0 .var "mask", 31 0;
; Variable merge_wstrb32 is vec4 return value of scope S_000001c6788634d0
v000001c6788c1a10_0 .var "new_w", 31 0;
v000001c6788c1bf0_0 .var "old_w", 31 0;
v000001c6788c2690_0 .var "wstrb", 3 0;
TD_icache_pipeline_tb.dut.u_dcache.merge_wstrb32 ;
    %load/vec4 v000001c6788c2690_0;
    %parti/s 1, 3, 3;
    %replicate 8;
    %load/vec4 v000001c6788c2690_0;
    %parti/s 1, 2, 3;
    %replicate 8;
    %concat/vec4; draw_concat_vec4
    %load/vec4 v000001c6788c2690_0;
    %parti/s 1, 1, 2;
    %replicate 8;
    %concat/vec4; draw_concat_vec4
    %load/vec4 v000001c6788c2690_0;
    %parti/s 1, 0, 2;
    %replicate 8;
    %concat/vec4; draw_concat_vec4
    %store/vec4 v000001c6788c22d0_0, 0, 32;
    %load/vec4 v000001c6788c1bf0_0;
    %load/vec4 v000001c6788c22d0_0;
    %inv;
    %and;
    %load/vec4 v000001c6788c1a10_0;
    %load/vec4 v000001c6788c22d0_0;
    %and;
    %or;
    %ret/vec4 0, 0, 32;  Assign to merge_wstrb32 (store_vec4_to_lval)
    %end;
S_000001c678863660 .scope module, "u_ex" "ex_stage" 4 561, 9 7 0, S_000001c6786a5b50;
 .timescale -9 -12;
    .port_info 0 /INPUT 32 "ex_pc_i";
    .port_info 1 /INPUT 32 "ex_rs1_val_i";
    .port_info 2 /INPUT 32 "ex_rs2_val_i";
    .port_info 3 /INPUT 32 "ex_imm_i";
    .port_info 4 /INPUT 3 "ex_alu_op_i";
    .port_info 5 /INPUT 1 "ex_alu_src_imm_i";
    .port_info 6 /INPUT 1 "ex_branch_i";
    .port_info 7 /INPUT 1 "ex_jal_i";
    .port_info 8 /INPUT 1 "ex_jalr_i";
    .port_info 9 /INPUT 3 "ex_br_funct3_i";
    .port_info 10 /INPUT 1 "ex_shift_right_i";
    .port_info 11 /INPUT 1 "ex_shift_arith_i";
    .port_info 12 /INPUT 1 "ex_is_auipc_i";
    .port_info 13 /INPUT 1 "ex_is_lui_i";
    .port_info 14 /OUTPUT 32 "ex_alu_result_o";
    .port_info 15 /OUTPUT 32 "ex_store_data_o";
    .port_info 16 /OUTPUT 32 "ex_pc4_o";
    .port_info 17 /OUTPUT 1 "ex_br_taken_o";
    .port_info 18 /OUTPUT 32 "ex_br_target_o";
    .port_info 19 /OUTPUT 1 "redirect_valid_o";
    .port_info 20 /OUTPUT 32 "redirect_pc_o";
P_000001c67869bf20 .param/l "ALU_ADD" 1 9 48, C4<000>;
P_000001c67869bf58 .param/l "ALU_AND" 1 9 54, C4<110>;
P_000001c67869bf90 .param/l "ALU_OR" 1 9 53, C4<101>;
P_000001c67869bfc8 .param/l "ALU_SLL" 1 9 55, C4<111>;
P_000001c67869c000 .param/l "ALU_SLT" 1 9 50, C4<010>;
P_000001c67869c038 .param/l "ALU_SLTU" 1 9 51, C4<011>;
P_000001c67869c070 .param/l "ALU_SUB" 1 9 49, C4<001>;
P_000001c67869c0a8 .param/l "ALU_XOR" 1 9 52, C4<100>;
L_000001c67880b650 .functor BUFZ 32, L_000001c67896ac40, C4<00000000000000000000000000000000>, C4<00000000000000000000000000000000>, C4<00000000000000000000000000000000>;
L_000001c67880b570 .functor NOT 1, L_000001c678969a20, C4<0>, C4<0>, C4<0>;
L_000001c67880a620 .functor NOT 1, L_000001c67896b1e0, C4<0>, C4<0>, C4<0>;
L_000001c67880b6c0 .functor NOT 1, L_000001c67896b5a0, C4<0>, C4<0>, C4<0>;
L_000001c67880af50 .functor AND 1, L_000001c67880a0e0, v000001c6788c0430_0, C4<1>, C4<1>;
L_000001c67890c688 .functor BUFT 1, C4<11111111111111111111111111111110>, C4<0>, C4<0>, C4<0>;
L_000001c67880a690 .functor AND 32, L_000001c67896b6e0, L_000001c67890c688, C4<11111111111111111111111111111111>, C4<11111111111111111111111111111111>;
L_000001c67880a380 .functor OR 1, L_000001c67880a8c0, L_000001c67880a850, C4<0>, C4<0>;
L_000001c67880b730 .functor AND 1, L_000001c67880a0e0, v000001c6788c0430_0, C4<1>, C4<1>;
L_000001c67880afc0 .functor OR 1, L_000001c67880a380, L_000001c67880b730, C4<0>, C4<0>;
L_000001c67890c5f8 .functor BUFT 1, C4<00000000000000000000000000000000>, C4<0>, C4<0>, C4<0>;
v000001c6788bebd0_0 .net/2u *"_ivl_0", 31 0, L_000001c67890c5f8;  1 drivers
v000001c6788bdcd0_0 .net *"_ivl_11", 4 0, L_000001c67896ace0;  1 drivers
L_000001c67890c640 .functor BUFT 1, C4<00000000000000000000000000000100>, C4<0>, C4<0>, C4<0>;
v000001c6788bdeb0_0 .net/2u *"_ivl_18", 31 0, L_000001c67890c640;  1 drivers
v000001c6788bec70_0 .net *"_ivl_2", 31 0, L_000001c67896b320;  1 drivers
v000001c6788bdf50_0 .net *"_ivl_40", 31 0, L_000001c67896b6e0;  1 drivers
v000001c6788bdff0_0 .net/2u *"_ivl_42", 31 0, L_000001c67890c688;  1 drivers
v000001c6788bed10_0 .net *"_ivl_46", 0 0, L_000001c67880a380;  1 drivers
v000001c6788bc830_0 .net *"_ivl_48", 0 0, L_000001c67880b730;  1 drivers
v000001c6788bcab0_0 .net *"_ivl_52", 31 0, L_000001c67896b500;  1 drivers
v000001c6788bcb50_0 .net *"_ivl_9", 4 0, L_000001c67896a060;  1 drivers
v000001c6788bf3f0_0 .var "alu_res", 31 0;
v000001c6788bfb70_0 .net "beq", 0 0, L_000001c678969a20;  1 drivers
v000001c6788c0930_0 .net "bge", 0 0, L_000001c67880a620;  1 drivers
v000001c6788c1290_0 .net "bgeu", 0 0, L_000001c67880b6c0;  1 drivers
v000001c6788c0a70_0 .net "blt", 0 0, L_000001c67896b1e0;  1 drivers
v000001c6788c01b0_0 .net "bltu", 0 0, L_000001c67896b5a0;  1 drivers
v000001c6788beef0_0 .net "bne", 0 0, L_000001c67880b570;  1 drivers
v000001c6788c0430_0 .var "br_take", 0 0;
v000001c6788c0110_0 .net "ex_alu_op_i", 2 0, L_000001c67880a230;  alias, 1 drivers
v000001c6788bf7b0_0 .net "ex_alu_result_o", 31 0, v000001c6788bf3f0_0;  alias, 1 drivers
v000001c6788bf670_0 .net "ex_alu_src_imm_i", 0 0, L_000001c67880a000;  alias, 1 drivers
v000001c6788c02f0_0 .net "ex_br_funct3_i", 2 0, L_000001c67880ae00;  alias, 1 drivers
v000001c6788c0f70_0 .net "ex_br_taken_o", 0 0, L_000001c67880af50;  1 drivers
v000001c6788c04d0_0 .net "ex_br_target_o", 31 0, L_000001c67896b280;  1 drivers
v000001c6788bf8f0_0 .net "ex_branch_i", 0 0, L_000001c67880a0e0;  alias, 1 drivers
v000001c6788c0890_0 .net "ex_imm_i", 31 0, L_000001c678809f90;  alias, 1 drivers
v000001c6788c0250_0 .net "ex_is_auipc_i", 0 0, L_000001c67880a310;  alias, 1 drivers
v000001c6788c09d0_0 .net "ex_is_lui_i", 0 0, L_000001c67880aa80;  alias, 1 drivers
v000001c6788c0c50_0 .net "ex_jal_i", 0 0, L_000001c67880a850;  alias, 1 drivers
v000001c6788bfd50_0 .net "ex_jalr_i", 0 0, L_000001c67880a8c0;  alias, 1 drivers
v000001c6788bf030_0 .net "ex_pc4_o", 31 0, L_000001c67896af60;  alias, 1 drivers
v000001c6788c1470_0 .net "ex_pc_i", 31 0, L_000001c67880ad90;  alias, 1 drivers
v000001c6788c0570_0 .net "ex_rs1_val_i", 31 0, L_000001c67896aa60;  alias, 1 drivers
v000001c6788c0b10_0 .net "ex_rs2_val_i", 31 0, L_000001c67896ac40;  alias, 1 drivers
v000001c6788bfdf0_0 .net "ex_shift_arith_i", 0 0, L_000001c67880a770;  alias, 1 drivers
v000001c6788bf710_0 .net "ex_shift_right_i", 0 0, L_000001c67880a460;  alias, 1 drivers
v000001c6788bfe90_0 .net "ex_store_data_o", 31 0, L_000001c67880b650;  alias, 1 drivers
v000001c6788c1330_0 .net "jal_target", 31 0, L_000001c67896b3c0;  1 drivers
v000001c6788c0390_0 .net "jalr_target", 31 0, L_000001c67880a690;  1 drivers
v000001c6788bff30_0 .net "redirect_pc_o", 31 0, L_000001c67896b780;  alias, 1 drivers
v000001c6788c07f0_0 .net "redirect_valid_o", 0 0, L_000001c67880afc0;  alias, 1 drivers
v000001c6788c15b0_0 .net "shamt", 4 0, L_000001c67896aec0;  1 drivers
v000001c6788bffd0_0 .net "srcA", 31 0, L_000001c67896b640;  1 drivers
v000001c6788c0070_0 .net "srcB", 31 0, L_000001c67896b140;  1 drivers
E_000001c678823f50/0 .event anyedge, v000001c6788c02f0_0, v000001c6788bfb70_0, v000001c6788beef0_0, v000001c6788c0a70_0;
E_000001c678823f50/1 .event anyedge, v000001c6788c0930_0, v000001c6788c01b0_0, v000001c6788c1290_0;
E_000001c678823f50 .event/or E_000001c678823f50/0, E_000001c678823f50/1;
E_000001c6788232d0/0 .event anyedge, v000001c6788c0110_0, v000001c6788bffd0_0, v000001c6788c0070_0, v000001c6788bf710_0;
E_000001c6788232d0/1 .event anyedge, v000001c6788c15b0_0, v000001c6788bfdf0_0;
E_000001c6788232d0 .event/or E_000001c6788232d0/0, E_000001c6788232d0/1;
L_000001c67896b320 .functor MUXZ 32, L_000001c67896aa60, L_000001c67890c5f8, L_000001c67880aa80, C4<>;
L_000001c67896b640 .functor MUXZ 32, L_000001c67896b320, L_000001c67880ad90, L_000001c67880a310, C4<>;
L_000001c67896b140 .functor MUXZ 32, L_000001c67896ac40, L_000001c678809f90, L_000001c67880a000, C4<>;
L_000001c67896a060 .part L_000001c678809f90, 0, 5;
L_000001c67896ace0 .part L_000001c67896ac40, 0, 5;
L_000001c67896aec0 .functor MUXZ 5, L_000001c67896ace0, L_000001c67896a060, L_000001c67880a000, C4<>;
L_000001c67896af60 .arith/sum 32, L_000001c67880ad90, L_000001c67890c640;
L_000001c678969a20 .cmp/eq 32, L_000001c67896aa60, L_000001c67896ac40;
L_000001c67896b1e0 .cmp/gt.s 32, L_000001c67896ac40, L_000001c67896aa60;
L_000001c67896b5a0 .cmp/gt 32, L_000001c67896ac40, L_000001c67896aa60;
L_000001c67896b280 .arith/sum 32, L_000001c67880ad90, L_000001c678809f90;
L_000001c67896b3c0 .arith/sum 32, L_000001c67880ad90, L_000001c678809f90;
L_000001c67896b6e0 .arith/sum 32, L_000001c67896aa60, L_000001c678809f90;
L_000001c67896b500 .functor MUXZ 32, L_000001c67896b280, L_000001c67896b3c0, L_000001c67880a850, C4<>;
L_000001c67896b780 .functor MUXZ 32, L_000001c67896b500, L_000001c67880a690, L_000001c67880a8c0, C4<>;
S_000001c6788c5370 .scope module, "u_ex_mem" "ex_mem_reg" 4 591, 10 3 0, S_000001c6786a5b50;
 .timescale -9 -12;
    .port_info 0 /INPUT 1 "clk";
    .port_info 1 /INPUT 1 "rst_n";
    .port_info 2 /INPUT 1 "stall_i";
    .port_info 3 /INPUT 1 "flush_i";
    .port_info 4 /INPUT 1 "ex_valid_i";
    .port_info 5 /INPUT 32 "ex_pc4_i";
    .port_info 6 /INPUT 32 "ex_alu_result_i";
    .port_info 7 /INPUT 32 "ex_store_data_i";
    .port_info 8 /INPUT 5 "ex_rd_i";
    .port_info 9 /INPUT 1 "ex_reg_write_i";
    .port_info 10 /INPUT 2 "ex_wb_sel_i";
    .port_info 11 /INPUT 1 "ex_mem_read_i";
    .port_info 12 /INPUT 1 "ex_mem_write_i";
    .port_info 13 /INPUT 3 "ex_mem_funct3_i";
    .port_info 14 /OUTPUT 32 "mem_pc4_o";
    .port_info 15 /OUTPUT 32 "mem_alu_result_o";
    .port_info 16 /OUTPUT 32 "mem_store_data_o";
    .port_info 17 /OUTPUT 5 "mem_rd_o";
    .port_info 18 /OUTPUT 1 "mem_reg_write_o";
    .port_info 19 /OUTPUT 2 "mem_wb_sel_o";
    .port_info 20 /OUTPUT 1 "mem_mem_read_o";
    .port_info 21 /OUTPUT 1 "mem_mem_write_o";
    .port_info 22 /OUTPUT 3 "mem_size_o";
    .port_info 23 /OUTPUT 1 "mem_valid_o";
L_000001c67880a3f0 .functor BUFZ 32, v000001c6788cde70_0, C4<00000000000000000000000000000000>, C4<00000000000000000000000000000000>, C4<00000000000000000000000000000000>;
L_000001c67880a2a0 .functor BUFZ 32, v000001c6788bf530_0, C4<00000000000000000000000000000000>, C4<00000000000000000000000000000000>, C4<00000000000000000000000000000000>;
L_000001c67880ac40 .functor BUFZ 32, v000001c6788cd330_0, C4<00000000000000000000000000000000>, C4<00000000000000000000000000000000>, C4<00000000000000000000000000000000>;
L_000001c67880b810 .functor BUFZ 5, v000001c6788cb990_0, C4<00000>, C4<00000>, C4<00000>;
L_000001c67880a700 .functor BUFZ 1, v000001c6788ccc50_0, C4<0>, C4<0>, C4<0>;
L_000001c67880b880 .functor BUFZ 2, v000001c6788cd6f0_0, C4<00>, C4<00>, C4<00>;
L_000001c67880b9d0 .functor BUFZ 1, v000001c6788cc390_0, C4<0>, C4<0>, C4<0>;
L_000001c67880ba40 .functor BUFZ 1, v000001c6788cdb50_0, C4<0>, C4<0>, C4<0>;
L_000001c67880bb20 .functor BUFZ 1, v000001c6788cd8d0_0, C4<0>, C4<0>, C4<0>;
L_000001c67880a150 .functor BUFZ 3, v000001c6788c13d0_0, C4<000>, C4<000>, C4<000>;
L_000001c67880e0c0 .functor BUFT 32, L_000001c67896bf00, C4<00000000000000000000000000000000>, C4<00000000000000000000000000000000>, C4<00000000000000000000000000000000>;
L_000001c67880ee50 .functor BUFT 32, L_000001c67896b8c0, C4<00000000000000000000000000000000>, C4<00000000000000000000000000000000>, C4<00000000000000000000000000000000>;
L_000001c67880ef30 .functor BUFT 32, L_000001c67896b960, C4<00000000000000000000000000000000>, C4<00000000000000000000000000000000>, C4<00000000000000000000000000000000>;
L_000001c67880eec0 .functor BUFT 5, L_000001c678969de0, C4<00000>, C4<00000>, C4<00000>;
L_000001c67880dbf0 .functor BUFT 1, L_000001c678969ac0, C4<0>, C4<0>, C4<0>;
L_000001c67880f010 .functor BUFT 2, L_000001c67896ba00, C4<00>, C4<00>, C4<00>;
L_000001c67880f240 .functor BUFT 1, L_000001c67896bb40, C4<0>, C4<0>, C4<0>;
L_000001c67880d9c0 .functor BUFT 1, L_000001c67896bbe0, C4<0>, C4<0>, C4<0>;
L_000001c67880da30 .functor BUFT 1, L_000001c67896bc80, C4<0>, C4<0>, C4<0>;
L_000001c67880db10 .functor BUFT 3, L_000001c67896be60, C4<000>, C4<000>, C4<000>;
v000001c6788c0610_0 .net *"_ivl_14", 31 0, L_000001c67896b960;  1 drivers
v000001c6788c1650_0 .net *"_ivl_2", 31 0, L_000001c67896bf00;  1 drivers
v000001c6788c06b0_0 .net *"_ivl_20", 4 0, L_000001c678969de0;  1 drivers
v000001c6788c1150_0 .net *"_ivl_26", 0 0, L_000001c678969ac0;  1 drivers
v000001c6788c0750_0 .net *"_ivl_32", 1 0, L_000001c67896ba00;  1 drivers
v000001c6788c0bb0_0 .net *"_ivl_38", 0 0, L_000001c67896bb40;  1 drivers
v000001c6788bf850_0 .net *"_ivl_44", 0 0, L_000001c67896bbe0;  1 drivers
v000001c6788c0cf0_0 .net *"_ivl_50", 0 0, L_000001c67896bc80;  1 drivers
v000001c6788bf490_0 .net *"_ivl_56", 2 0, L_000001c67896be60;  1 drivers
v000001c6788bfc10_0 .net *"_ivl_8", 31 0, L_000001c67896b8c0;  1 drivers
v000001c6788c0d90_0 .net "alu_d", 31 0, L_000001c67880ee50;  1 drivers
v000001c6788bf530_0 .var "alu_q", 31 0;
v000001c6788c0e30_0 .net "clk", 0 0, L_000001c6788068e0;  alias, 1 drivers
v000001c6788bf5d0_0 .net "ex_alu_result_i", 31 0, v000001c6788bf3f0_0;  alias, 1 drivers
v000001c6788bef90_0 .net "ex_mem_funct3_i", 2 0, L_000001c67880a9a0;  alias, 1 drivers
v000001c6788bf210_0 .net "ex_mem_read_i", 0 0, L_000001c67880aee0;  alias, 1 drivers
v000001c6788c0ed0_0 .net "ex_mem_write_i", 0 0, L_000001c67880a070;  alias, 1 drivers
v000001c6788c1010_0 .net "ex_pc4_i", 31 0, L_000001c67896af60;  alias, 1 drivers
v000001c6788bf0d0_0 .net "ex_rd_i", 4 0, L_000001c67880a7e0;  alias, 1 drivers
v000001c6788c10b0_0 .net "ex_reg_write_i", 0 0, L_000001c67880acb0;  alias, 1 drivers
v000001c6788bf170_0 .net "ex_store_data_i", 31 0, L_000001c67880b650;  alias, 1 drivers
v000001c6788bf990_0 .net "ex_valid_i", 0 0, L_000001c67880b030;  alias, 1 drivers
v000001c6788bf2b0_0 .net "ex_wb_sel_i", 1 0, L_000001c67880b960;  alias, 1 drivers
v000001c6788bfcb0_0 .net "flush_i", 0 0, L_000001c67890c6d0;  alias, 1 drivers
v000001c6788bfa30_0 .net "mem_alu_result_o", 31 0, L_000001c67880a2a0;  alias, 1 drivers
v000001c6788c11f0_0 .net "mem_f3_d", 2 0, L_000001c67880db10;  1 drivers
v000001c6788c13d0_0 .var "mem_f3_q", 2 0;
v000001c6788bfad0_0 .net "mem_mem_read_o", 0 0, L_000001c67880b9d0;  alias, 1 drivers
v000001c6788bf350_0 .net "mem_mem_write_o", 0 0, L_000001c67880ba40;  alias, 1 drivers
v000001c6788c1510_0 .net "mem_pc4_o", 31 0, L_000001c67880a3f0;  alias, 1 drivers
v000001c6788cd0b0_0 .net "mem_rd_d", 0 0, L_000001c67880f240;  1 drivers
v000001c6788cb8f0_0 .net "mem_rd_o", 4 0, L_000001c67880b810;  alias, 1 drivers
v000001c6788cc390_0 .var "mem_rd_q", 0 0;
v000001c6788cba30_0 .net "mem_reg_write_o", 0 0, L_000001c67880a700;  alias, 1 drivers
v000001c6788cc430_0 .net "mem_size_o", 2 0, L_000001c67880a150;  alias, 1 drivers
v000001c6788cc890_0 .net "mem_store_data_o", 31 0, L_000001c67880ac40;  alias, 1 drivers
v000001c6788cbd50_0 .net "mem_valid_o", 0 0, L_000001c67880bb20;  alias, 1 drivers
v000001c6788cc930_0 .net "mem_wb_sel_o", 1 0, L_000001c67880b880;  alias, 1 drivers
v000001c6788cce30_0 .net "mem_wr_d", 0 0, L_000001c67880d9c0;  1 drivers
v000001c6788cdb50_0 .var "mem_wr_q", 0 0;
v000001c6788cbb70_0 .net "pc4_d", 31 0, L_000001c67880e0c0;  1 drivers
v000001c6788cde70_0 .var "pc4_q", 31 0;
v000001c6788cced0_0 .net "rd_d", 4 0, L_000001c67880eec0;  1 drivers
v000001c6788cb990_0 .var "rd_q", 4 0;
v000001c6788ccb10_0 .net "reg_wr_d", 0 0, L_000001c67880dbf0;  1 drivers
v000001c6788ccc50_0 .var "reg_wr_q", 0 0;
v000001c6788cbdf0_0 .net "rst_n", 0 0, L_000001c678806db0;  alias, 1 drivers
v000001c6788cc4d0_0 .net "stall_i", 0 0, L_000001c67880e050;  alias, 1 drivers
v000001c6788cc250_0 .net "store_d", 31 0, L_000001c67880ef30;  1 drivers
v000001c6788cd330_0 .var "store_q", 31 0;
v000001c6788cd510_0 .net "valid_d", 0 0, L_000001c67880da30;  1 drivers
v000001c6788cd8d0_0 .var "valid_q", 0 0;
v000001c6788cc570_0 .net "wb_sel_d", 1 0, L_000001c67880f010;  1 drivers
v000001c6788cd6f0_0 .var "wb_sel_q", 1 0;
E_000001c678823510/0 .event negedge, v000001c6788be3b0_0;
E_000001c678823510/1 .event posedge, v000001c67841da60_0;
E_000001c678823510 .event/or E_000001c678823510/0, E_000001c678823510/1;
L_000001c67896bf00 .functor MUXZ 32, L_000001c67896af60, v000001c6788cde70_0, L_000001c67880e050, C4<>;
L_000001c67896b8c0 .functor MUXZ 32, v000001c6788bf3f0_0, v000001c6788bf530_0, L_000001c67880e050, C4<>;
L_000001c67896b960 .functor MUXZ 32, L_000001c67880b650, v000001c6788cd330_0, L_000001c67880e050, C4<>;
L_000001c678969de0 .functor MUXZ 5, L_000001c67880a7e0, v000001c6788cb990_0, L_000001c67880e050, C4<>;
L_000001c678969ac0 .functor MUXZ 1, L_000001c67880acb0, v000001c6788ccc50_0, L_000001c67880e050, C4<>;
L_000001c67896ba00 .functor MUXZ 2, L_000001c67880b960, v000001c6788cd6f0_0, L_000001c67880e050, C4<>;
L_000001c67896bb40 .functor MUXZ 1, L_000001c67880aee0, v000001c6788cc390_0, L_000001c67880e050, C4<>;
L_000001c67896bbe0 .functor MUXZ 1, L_000001c67880a070, v000001c6788cdb50_0, L_000001c67880e050, C4<>;
L_000001c67896bc80 .functor MUXZ 1, L_000001c67880b030, v000001c6788cd8d0_0, L_000001c67880e050, C4<>;
L_000001c67896be60 .functor MUXZ 3, L_000001c67880a9a0, v000001c6788c13d0_0, L_000001c67880e050, C4<>;
S_000001c6788c5500 .scope module, "u_fwd" "forward_unit" 4 541, 11 10 0, S_000001c6786a5b50;
 .timescale -9 -12;
    .port_info 0 /INPUT 5 "ex_rs1_idx_i";
    .port_info 1 /INPUT 5 "ex_rs2_idx_i";
    .port_info 2 /INPUT 32 "ex_rs1_val_i";
    .port_info 3 /INPUT 32 "ex_rs2_val_i";
    .port_info 4 /INPUT 1 "mem_valid_i";
    .port_info 5 /INPUT 1 "mem_reg_write_i";
    .port_info 6 /INPUT 2 "mem_wb_sel_i";
    .port_info 7 /INPUT 5 "mem_rd_i";
    .port_info 8 /INPUT 32 "mem_alu_result_i";
    .port_info 9 /INPUT 32 "mem_pc4_i";
    .port_info 10 /INPUT 1 "mem_load_valid_i";
    .port_info 11 /INPUT 32 "mem_load_data_i";
    .port_info 12 /INPUT 1 "wb_we_i";
    .port_info 13 /INPUT 5 "wb_rd_i";
    .port_info 14 /INPUT 32 "wb_wdata_i";
    .port_info 15 /OUTPUT 32 "ex_rs1_val_o";
    .port_info 16 /OUTPUT 32 "ex_rs2_val_o";
L_000001c67880b260 .functor AND 1, L_000001c67880bb20, L_000001c67880a700, C4<1>, C4<1>;
L_000001c67880b7a0 .functor AND 1, L_000001c67880b260, L_000001c67896b460, C4<1>, C4<1>;
L_000001c67880b180 .functor AND 1, L_000001c67880b7a0, L_000001c67896a920, C4<1>, C4<1>;
L_000001c67880ae70 .functor AND 1, L_000001c67880b180, L_000001c67880bdc0, C4<1>, C4<1>;
L_000001c67880a4d0 .functor NOT 1, L_000001c67896a920, C4<0>, C4<0>, C4<0>;
L_000001c67880b500 .functor AND 1, L_000001c67880b7a0, L_000001c67880a4d0, C4<1>, C4<1>;
L_000001c67880b490 .functor BUFZ 1, L_000001c67880ae70, C4<0>, C4<0>, C4<0>;
L_000001c67880a930 .functor BUFZ 1, L_000001c67880b500, C4<0>, C4<0>, C4<0>;
L_000001c67880a540 .functor OR 1, L_000001c67880b490, L_000001c67880a930, C4<0>, C4<0>;
L_000001c67880bab0 .functor AND 1, L_000001c67880a540, L_000001c67896a380, C4<1>, C4<1>;
L_000001c67880b1f0 .functor AND 1, L_000001c67880bab0, L_000001c67896a420, C4<1>, C4<1>;
L_000001c67880a5b0 .functor AND 1, L_000001c67880a540, L_000001c67896baa0, C4<1>, C4<1>;
L_000001c67880ad20 .functor AND 1, L_000001c67880a5b0, L_000001c67896bdc0, C4<1>, C4<1>;
L_000001c67880b0a0 .functor AND 1, L_000001c67880c290, L_000001c67896a100, C4<1>, C4<1>;
L_000001c67880b3b0 .functor AND 1, L_000001c67880b0a0, L_000001c67896a7e0, C4<1>, C4<1>;
L_000001c67880b420 .functor AND 1, L_000001c67880c290, L_000001c67896b820, C4<1>, C4<1>;
L_000001c67880b340 .functor AND 1, L_000001c67880b420, L_000001c67896a4c0, C4<1>, C4<1>;
L_000001c67890c400 .functor BUFT 1, C4<01>, C4<0>, C4<0>, C4<0>;
v000001c6788ccf70_0 .net/2u *"_ivl_0", 1 0, L_000001c67890c400;  1 drivers
v000001c6788cbe90_0 .net *"_ivl_12", 0 0, L_000001c67880b180;  1 drivers
v000001c6788cc110_0 .net *"_ivl_16", 0 0, L_000001c67880a4d0;  1 drivers
L_000001c67890c490 .functor BUFT 1, C4<10>, C4<0>, C4<0>, C4<0>;
v000001c6788cc1b0_0 .net/2u *"_ivl_24", 1 0, L_000001c67890c490;  1 drivers
v000001c6788cbf30_0 .net *"_ivl_26", 0 0, L_000001c67896a2e0;  1 drivers
v000001c6788cbfd0_0 .net *"_ivl_28", 31 0, L_000001c67896bfa0;  1 drivers
v000001c6788cc070_0 .net *"_ivl_34", 0 0, L_000001c67896a380;  1 drivers
v000001c6788cc2f0_0 .net *"_ivl_36", 0 0, L_000001c67880bab0;  1 drivers
L_000001c67890c4d8 .functor BUFT 1, C4<00000>, C4<0>, C4<0>, C4<0>;
v000001c6788cddd0_0 .net/2u *"_ivl_38", 4 0, L_000001c67890c4d8;  1 drivers
v000001c6788cd150_0 .net *"_ivl_4", 0 0, L_000001c67880b260;  1 drivers
v000001c6788cd290_0 .net *"_ivl_40", 0 0, L_000001c67896a420;  1 drivers
v000001c6788cc9d0_0 .net *"_ivl_44", 0 0, L_000001c67896baa0;  1 drivers
v000001c6788cb710_0 .net *"_ivl_46", 0 0, L_000001c67880a5b0;  1 drivers
L_000001c67890c520 .functor BUFT 1, C4<00000>, C4<0>, C4<0>, C4<0>;
v000001c6788cccf0_0 .net/2u *"_ivl_48", 4 0, L_000001c67890c520;  1 drivers
v000001c6788cd830_0 .net *"_ivl_50", 0 0, L_000001c67896bdc0;  1 drivers
v000001c6788cc610_0 .net *"_ivl_54", 0 0, L_000001c67896a100;  1 drivers
v000001c6788cb7b0_0 .net *"_ivl_56", 0 0, L_000001c67880b0a0;  1 drivers
L_000001c67890c568 .functor BUFT 1, C4<00000>, C4<0>, C4<0>, C4<0>;
v000001c6788cc6b0_0 .net/2u *"_ivl_58", 4 0, L_000001c67890c568;  1 drivers
L_000001c67890c448 .functor BUFT 1, C4<00000>, C4<0>, C4<0>, C4<0>;
v000001c6788cd3d0_0 .net/2u *"_ivl_6", 4 0, L_000001c67890c448;  1 drivers
v000001c6788cd470_0 .net *"_ivl_60", 0 0, L_000001c67896a7e0;  1 drivers
v000001c6788cc750_0 .net *"_ivl_64", 0 0, L_000001c67896b820;  1 drivers
v000001c6788cd790_0 .net *"_ivl_66", 0 0, L_000001c67880b420;  1 drivers
L_000001c67890c5b0 .functor BUFT 1, C4<00000>, C4<0>, C4<0>, C4<0>;
v000001c6788cd1f0_0 .net/2u *"_ivl_68", 4 0, L_000001c67890c5b0;  1 drivers
v000001c6788cd5b0_0 .net *"_ivl_70", 0 0, L_000001c67896a4c0;  1 drivers
v000001c6788cc7f0_0 .net *"_ivl_74", 31 0, L_000001c67896a9c0;  1 drivers
v000001c6788cd970_0 .net *"_ivl_78", 31 0, L_000001c67896ab00;  1 drivers
v000001c6788cda10_0 .net *"_ivl_8", 0 0, L_000001c67896b460;  1 drivers
v000001c6788ccd90_0 .net "ex_rs1_idx_i", 4 0, L_000001c67880b110;  alias, 1 drivers
v000001c6788cdc90_0 .net "ex_rs1_val_i", 31 0, L_000001c67880abd0;  alias, 1 drivers
v000001c6788cdab0_0 .net "ex_rs1_val_o", 31 0, L_000001c67896aa60;  alias, 1 drivers
v000001c6788cca70_0 .net "ex_rs2_idx_i", 4 0, L_000001c67880b8f0;  alias, 1 drivers
v000001c6788cd650_0 .net "ex_rs2_val_i", 31 0, L_000001c67880b2d0;  alias, 1 drivers
v000001c6788ccbb0_0 .net "ex_rs2_val_o", 31 0, L_000001c67896ac40;  alias, 1 drivers
v000001c6788cdbf0_0 .net "match_mem_rs1", 0 0, L_000001c67880b1f0;  1 drivers
v000001c6788cd010_0 .net "match_mem_rs2", 0 0, L_000001c67880ad20;  1 drivers
v000001c6788cdd30_0 .net "match_wb_rs1", 0 0, L_000001c67880b3b0;  1 drivers
v000001c6788cb850_0 .net "match_wb_rs2", 0 0, L_000001c67880b340;  1 drivers
v000001c6788cbad0_0 .net "mem_alu_result_i", 31 0, L_000001c67880a2a0;  alias, 1 drivers
v000001c6788cbc10_0 .net "mem_can_forward", 0 0, L_000001c67880a540;  1 drivers
v000001c6788cbcb0_0 .net "mem_can_forward_alu", 0 0, L_000001c67880a930;  1 drivers
v000001c6788cdfb0_0 .net "mem_can_forward_load", 0 0, L_000001c67880b490;  1 drivers
v000001c6788ce050_0 .net "mem_can_write", 0 0, L_000001c67880b7a0;  1 drivers
v000001c6788ce0f0_0 .net "mem_can_write_alu", 0 0, L_000001c67880b500;  1 drivers
v000001c6788ce2d0_0 .net "mem_can_write_load", 0 0, L_000001c67880ae70;  1 drivers
v000001c6788ce230_0 .net "mem_fwd_data", 31 0, L_000001c67896b0a0;  1 drivers
v000001c6788ce550_0 .net "mem_is_load", 0 0, L_000001c67896a920;  1 drivers
v000001c6788ce190_0 .net "mem_load_data_i", 31 0, L_000001c67896db20;  alias, 1 drivers
v000001c6788ce4b0_0 .net "mem_load_valid_i", 0 0, L_000001c67880bdc0;  alias, 1 drivers
v000001c6788ce370_0 .net "mem_pc4_i", 31 0, L_000001c67880a3f0;  alias, 1 drivers
v000001c6788ce5f0_0 .net "mem_rd_i", 4 0, L_000001c67880b810;  alias, 1 drivers
v000001c6788ce410_0 .net "mem_reg_write_i", 0 0, L_000001c67880a700;  alias, 1 drivers
v000001c6788cdf10_0 .net "mem_valid_i", 0 0, L_000001c67880bb20;  alias, 1 drivers
v000001c6788c8650_0 .net "mem_wb_sel_i", 1 0, L_000001c67880b880;  alias, 1 drivers
v000001c6788c6710_0 .net "wb_rd_i", 4 0, v000001c6788f3ad0_0;  alias, 1 drivers
v000001c6788c8790_0 .net "wb_wdata_i", 31 0, v000001c6788f2450_0;  alias, 1 drivers
v000001c6788c7890_0 .net "wb_we_i", 0 0, L_000001c67880c290;  alias, 1 drivers
L_000001c67896a920 .cmp/eq 2, L_000001c67880b880, L_000001c67890c400;
L_000001c67896b460 .cmp/ne 5, L_000001c67880b810, L_000001c67890c448;
L_000001c67896a2e0 .cmp/eq 2, L_000001c67880b880, L_000001c67890c490;
L_000001c67896bfa0 .functor MUXZ 32, L_000001c67880a2a0, L_000001c67880a3f0, L_000001c67896a2e0, C4<>;
L_000001c67896b0a0 .functor MUXZ 32, L_000001c67896bfa0, L_000001c67896db20, L_000001c67896a920, C4<>;
L_000001c67896a380 .cmp/eq 5, L_000001c67880b110, L_000001c67880b810;
L_000001c67896a420 .cmp/ne 5, L_000001c67880b110, L_000001c67890c4d8;
L_000001c67896baa0 .cmp/eq 5, L_000001c67880b8f0, L_000001c67880b810;
L_000001c67896bdc0 .cmp/ne 5, L_000001c67880b8f0, L_000001c67890c520;
L_000001c67896a100 .cmp/eq 5, v000001c6788f3ad0_0, L_000001c67880b110;
L_000001c67896a7e0 .cmp/ne 5, v000001c6788f3ad0_0, L_000001c67890c568;
L_000001c67896b820 .cmp/eq 5, v000001c6788f3ad0_0, L_000001c67880b8f0;
L_000001c67896a4c0 .cmp/ne 5, v000001c6788f3ad0_0, L_000001c67890c5b0;
L_000001c67896a9c0 .functor MUXZ 32, L_000001c67880abd0, v000001c6788f2450_0, L_000001c67880b3b0, C4<>;
L_000001c67896aa60 .functor MUXZ 32, L_000001c67896a9c0, L_000001c67896b0a0, L_000001c67880b1f0, C4<>;
L_000001c67896ab00 .functor MUXZ 32, L_000001c67880b2d0, v000001c6788f2450_0, L_000001c67880b340, C4<>;
L_000001c67896ac40 .functor MUXZ 32, L_000001c67896ab00, L_000001c67896b0a0, L_000001c67880ad20, C4<>;
S_000001c6788c4a10 .scope module, "u_hdu" "hazard_unit" 4 757, 12 12 0, S_000001c6786a5b50;
 .timescale -9 -12;
    .port_info 0 /INPUT 1 "id_valid_i";
    .port_info 1 /INPUT 5 "id_rs1_i";
    .port_info 2 /INPUT 5 "id_rs2_i";
    .port_info 3 /INPUT 1 "id_is_store_i";
    .port_info 4 /INPUT 1 "ex_valid_i";
    .port_info 5 /INPUT 5 "ex_rd_i";
    .port_info 6 /INPUT 1 "ex_reg_write_i";
    .port_info 7 /INPUT 1 "ex_mem_read_i";
    .port_info 8 /INPUT 1 "mem_valid_i";
    .port_info 9 /INPUT 5 "mem_rd_i";
    .port_info 10 /INPUT 1 "mem_reg_write_i";
    .port_info 11 /INPUT 1 "mem_stall_i";
    .port_info 12 /INPUT 1 "mem_load_active_i";
    .port_info 13 /INPUT 32 "pending_load_mask_i";
    .port_info 14 /INPUT 1 "ifetch_stall_i";
    .port_info 15 /INPUT 1 "redirect_valid_i";
    .port_info 16 /OUTPUT 1 "stall_if_o";
    .port_info 17 /OUTPUT 1 "stall_id_o";
    .port_info 18 /OUTPUT 1 "stall_ex_o";
    .port_info 19 /OUTPUT 1 "stall_exmem_o";
    .port_info 20 /OUTPUT 1 "flush_ifid_o";
    .port_info 21 /OUTPUT 1 "flush_idex_o";
P_000001c67872e2c0 .param/l "FORWARDING_EN" 0 12 15, C4<1>;
P_000001c67872e2f8 .param/l "STALL_ON_ANY_PENDING_LOAD" 0 12 17, C4<0>;
L_000001c67880e130 .functor AND 1, L_000001c67896d800, L_000001c67896e020, C4<1>, C4<1>;
L_000001c67880f080 .functor AND 1, L_000001c67896df80, L_000001c67896dc60, C4<1>, C4<1>;
L_000001c67880e1a0 .functor AND 1, L_000001c67880b030, L_000001c67896dbc0, C4<1>, C4<1>;
L_000001c67880d800 .functor OR 1, L_000001c67880e130, L_000001c67880f080, C4<0>, C4<0>;
L_000001c67880f0f0 .functor AND 1, L_000001c67880e1a0, L_000001c67880d800, C4<1>, C4<1>;
L_000001c67880de20 .functor AND 1, L_000001c67896d800, L_000001c67896e3e0, C4<1>, C4<1>;
L_000001c67880e590 .functor AND 1, L_000001c67896df80, L_000001c67896e660, C4<1>, C4<1>;
L_000001c67880e980 .functor AND 1, L_000001c67880bb20, L_000001c67896e7a0, C4<1>, C4<1>;
L_000001c67880e9f0 .functor OR 1, L_000001c67880de20, L_000001c67880e590, C4<0>, C4<0>;
L_000001c67880ea60 .functor AND 1, L_000001c67880e980, L_000001c67880e9f0, C4<1>, C4<1>;
L_000001c67880d870 .functor AND 1, L_000001c67880f0f0, L_000001c67880aee0, C4<1>, C4<1>;
L_000001c67880e7c0 .functor AND 1, L_000001c67880f0f0, L_000001c67880acb0, C4<1>, C4<1>;
L_000001c67880dd40 .functor AND 1, L_000001c67880ea60, L_000001c67880a700, C4<1>, C4<1>;
L_000001c67880f160 .functor OR 1, L_000001c67880e7c0, L_000001c67880dd40, C4<0>, C4<0>;
L_000001c67880e210 .functor AND 1, L_000001c67880ea60, L_000001c67880bc00, C4<1>, C4<1>;
L_000001c67880d8e0 .functor AND 1, L_000001c67896d800, L_000001c67896e840, C4<1>, C4<1>;
L_000001c67880de90 .functor AND 1, L_000001c67896df80, L_000001c67896ea20, C4<1>, C4<1>;
L_000001c67880dc60 .functor OR 1, L_000001c67880d8e0, L_000001c67880de90, C4<0>, C4<0>;
L_000001c67890cfd0 .functor BUFT 1, C4<0>, C4<0>, C4<0>, C4<0>;
L_000001c67880ead0 .functor AND 1, L_000001c67890cfd0, L_000001c67896f6a0, C4<1>, C4<1>;
L_000001c67880ed70 .functor OR 1, L_000001c67880dc60, L_000001c67880ead0, C4<0>, C4<0>;
L_000001c67880e440 .functor OR 1, L_000001c67880d870, L_000001c67880e210, C4<0>, C4<0>;
L_000001c67880dcd0 .functor OR 1, L_000001c67880e440, L_000001c67880ed70, C4<0>, C4<0>;
L_000001c67890d018 .functor BUFT 1, C4<0>, C4<0>, C4<0>, C4<0>;
L_000001c67880eb40 .functor AND 1, L_000001c67890d018, L_000001c67880f160, C4<1>, C4<1>;
L_000001c67880df70 .functor OR 1, L_000001c67880dcd0, L_000001c67880eb40, C4<0>, C4<0>;
L_000001c67890d0a8 .functor BUFT 1, C4<0>, C4<0>, C4<0>, C4<0>;
L_000001c67880ebb0 .functor OR 1, L_000001c67890d0a8, L_000001c67880bd50, C4<0>, C4<0>;
L_000001c67880efa0 .functor BUFZ 1, L_000001c67880bd50, C4<0>, C4<0>, C4<0>;
L_000001c67880ec20 .functor OR 1, L_000001c67880ebb0, L_000001c67880df70, C4<0>, C4<0>;
L_000001c67880e4b0 .functor OR 1, L_000001c67880ebb0, L_000001c67880df70, C4<0>, C4<0>;
L_000001c67880daa0 .functor BUFZ 1, L_000001c67880efa0, C4<0>, C4<0>, C4<0>;
L_000001c67880e830 .functor BUFZ 1, L_000001c67880efa0, C4<0>, C4<0>, C4<0>;
L_000001c67880f1d0 .functor BUFZ 1, L_000001c67880afc0, C4<0>, C4<0>, C4<0>;
L_000001c67880e280 .functor OR 1, L_000001c67880afc0, L_000001c67880d870, C4<0>, C4<0>;
L_000001c67890d060 .functor BUFT 1, C4<0>, C4<0>, C4<0>, C4<0>;
L_000001c67880dfe0 .functor AND 1, L_000001c67890d060, L_000001c67880f160, C4<1>, C4<1>;
L_000001c67880ec90 .functor OR 1, L_000001c67880e280, L_000001c67880dfe0, C4<0>, C4<0>;
L_000001c67890ceb0 .functor BUFT 1, C4<00000>, C4<0>, C4<0>, C4<0>;
v000001c6788c8970_0 .net/2u *"_ivl_0", 4 0, L_000001c67890ceb0;  1 drivers
v000001c6788c7cf0_0 .net *"_ivl_100", 0 0, L_000001c67880dfe0;  1 drivers
v000001c6788c7b10_0 .net *"_ivl_12", 0 0, L_000001c67896dc60;  1 drivers
L_000001c67890cf40 .functor BUFT 1, C4<00000>, C4<0>, C4<0>, C4<0>;
v000001c6788c6b70_0 .net/2u *"_ivl_16", 4 0, L_000001c67890cf40;  1 drivers
v000001c6788c7bb0_0 .net *"_ivl_18", 0 0, L_000001c67896dbc0;  1 drivers
v000001c6788c86f0_0 .net *"_ivl_21", 0 0, L_000001c67880e1a0;  1 drivers
v000001c6788c6850_0 .net *"_ivl_22", 0 0, L_000001c67880d800;  1 drivers
v000001c6788c8e70_0 .net *"_ivl_26", 0 0, L_000001c67896e3e0;  1 drivers
v000001c6788c68f0_0 .net *"_ivl_30", 0 0, L_000001c67896e660;  1 drivers
L_000001c67890cf88 .functor BUFT 1, C4<00000>, C4<0>, C4<0>, C4<0>;
v000001c6788c80b0_0 .net/2u *"_ivl_34", 4 0, L_000001c67890cf88;  1 drivers
v000001c6788c8a10_0 .net *"_ivl_36", 0 0, L_000001c67896e7a0;  1 drivers
v000001c6788c8c90_0 .net *"_ivl_39", 0 0, L_000001c67880e980;  1 drivers
L_000001c67890cef8 .functor BUFT 1, C4<00000>, C4<0>, C4<0>, C4<0>;
v000001c6788c7f70_0 .net/2u *"_ivl_4", 4 0, L_000001c67890cef8;  1 drivers
v000001c6788c7570_0 .net *"_ivl_40", 0 0, L_000001c67880e9f0;  1 drivers
v000001c6788c6e90_0 .net *"_ivl_47", 0 0, L_000001c67880e7c0;  1 drivers
v000001c6788c67b0_0 .net *"_ivl_49", 0 0, L_000001c67880dd40;  1 drivers
v000001c6788c8150_0 .net *"_ivl_55", 0 0, L_000001c67896e840;  1 drivers
v000001c6788c8510_0 .net *"_ivl_59", 0 0, L_000001c67896ea20;  1 drivers
v000001c6788c6990_0 .net *"_ivl_64", 0 0, L_000001c67880dc60;  1 drivers
v000001c6788c7390_0 .net/2u *"_ivl_66", 0 0, L_000001c67890cfd0;  1 drivers
v000001c6788c7930_0 .net *"_ivl_68", 0 0, L_000001c67880ead0;  1 drivers
v000001c6788c6d50_0 .net *"_ivl_72", 0 0, L_000001c67880e440;  1 drivers
v000001c6788c6a30_0 .net *"_ivl_74", 0 0, L_000001c67880dcd0;  1 drivers
v000001c6788c6ad0_0 .net/2u *"_ivl_76", 0 0, L_000001c67890d018;  1 drivers
v000001c6788c6c10_0 .net *"_ivl_78", 0 0, L_000001c67880eb40;  1 drivers
v000001c6788c6cb0_0 .net *"_ivl_8", 0 0, L_000001c67896e020;  1 drivers
v000001c6788c6df0_0 .net *"_ivl_96", 0 0, L_000001c67880e280;  1 drivers
v000001c6788c8830_0 .net/2u *"_ivl_98", 0 0, L_000001c67890d060;  1 drivers
v000001c6788c7ed0_0 .net "ex_mem_read_i", 0 0, L_000001c67880aee0;  alias, 1 drivers
v000001c6788c6f30_0 .net "ex_rd_i", 4 0, L_000001c67880a7e0;  alias, 1 drivers
v000001c6788c6fd0_0 .net "ex_reg_write_i", 0 0, L_000001c67880acb0;  alias, 1 drivers
v000001c6788c7430_0 .net "ex_valid_i", 0 0, L_000001c67880b030;  alias, 1 drivers
v000001c6788c7250_0 .net "flush_idex_o", 0 0, L_000001c67880ec90;  alias, 1 drivers
v000001c6788c8330_0 .net "flush_ifid_o", 0 0, L_000001c67880f1d0;  alias, 1 drivers
v000001c6788c7070_0 .net "generic_raw", 0 0, L_000001c67880f160;  1 drivers
v000001c6788c72f0_0 .net "id_is_store_i", 0 0, v000001c6788d3b80_0;  alias, 1 drivers
v000001c6788c74d0_0 .net "id_rs1_i", 4 0, L_000001c678809350;  alias, 1 drivers
v000001c6788c7610_0 .net "id_rs2_i", 4 0, L_000001c678809510;  alias, 1 drivers
v000001c6788c88d0_0 .net "id_use_rs1", 0 0, L_000001c67896d800;  1 drivers
v000001c6788c7110_0 .net "id_use_rs2", 0 0, L_000001c67896df80;  1 drivers
v000001c6788c76b0_0 .net "id_valid_i", 0 0, L_000001c678808e10;  alias, 1 drivers
v000001c6788c71b0_0 .net "ifetch_stall_i", 0 0, L_000001c67890d0a8;  1 drivers
v000001c6788c7750_0 .net "load_use_hazard", 0 0, L_000001c67880d870;  1 drivers
v000001c6788c77f0_0 .net "mem_load_active_i", 0 0, L_000001c67880bc00;  alias, 1 drivers
v000001c6788c79d0_0 .net "mem_pending_load_hazard", 0 0, L_000001c67880e210;  1 drivers
v000001c6788c7a70_0 .net "mem_rd_i", 4 0, L_000001c67880b810;  alias, 1 drivers
v000001c6788c7c50_0 .net "mem_reg_write_i", 0 0, L_000001c67880a700;  alias, 1 drivers
v000001c6788c83d0_0 .net "mem_stall_i", 0 0, L_000001c67880bd50;  alias, 1 drivers
v000001c6788c81f0_0 .net "mem_valid_i", 0 0, L_000001c67880bb20;  alias, 1 drivers
v000001c6788c7d90_0 .net "pending_load_any", 0 0, L_000001c67896f6a0;  1 drivers
v000001c6788c7e30_0 .net "pending_load_hazard", 0 0, L_000001c67880ed70;  1 drivers
v000001c6788c8010_0 .net "pending_load_mask_i", 31 0, L_000001c67890ce68;  alias, 1 drivers
v000001c6788c8290_0 .net "pending_load_rs1", 0 0, L_000001c67880d8e0;  1 drivers
v000001c6788c8470_0 .net "pending_load_rs2", 0 0, L_000001c67880de90;  1 drivers
v000001c6788c85b0_0 .net "raw_ex", 0 0, L_000001c67880f0f0;  1 drivers
v000001c6788c8ab0_0 .net "raw_ex_rs1", 0 0, L_000001c67880e130;  1 drivers
v000001c6788c8b50_0 .net "raw_ex_rs2", 0 0, L_000001c67880f080;  1 drivers
v000001c6788c8bf0_0 .net "raw_mem", 0 0, L_000001c67880ea60;  1 drivers
v000001c6788c8d30_0 .net "raw_mem_rs1", 0 0, L_000001c67880de20;  1 drivers
v000001c6788c8dd0_0 .net "raw_mem_rs2", 0 0, L_000001c67880e590;  1 drivers
v000001c6788c9af0_0 .net "redirect_valid_i", 0 0, L_000001c67880afc0;  alias, 1 drivers
v000001c6788c95f0_0 .net "stall_ex_o", 0 0, L_000001c67880daa0;  alias, 1 drivers
v000001c6788c9cd0_0 .net "stall_exmem_o", 0 0, L_000001c67880e830;  alias, 1 drivers
v000001c6788c97d0_0 .net "stall_for_data", 0 0, L_000001c67880df70;  1 drivers
v000001c6788c9410_0 .net "stall_id_o", 0 0, L_000001c67880e4b0;  alias, 1 drivers
v000001c6788c9b90_0 .net "stall_if_o", 0 0, L_000001c67880ec20;  alias, 1 drivers
v000001c6788ca950_0 .net "structural_stall_back", 0 0, L_000001c67880efa0;  1 drivers
v000001c6788cb2b0_0 .net "structural_stall_front", 0 0, L_000001c67880ebb0;  1 drivers
E_000001c6788238d0 .event anyedge, v000001c6788c7e30_0, v000001c6788c74d0_0, v000001c6788c7610_0, v000001c6788c8010_0;
L_000001c67896d800 .cmp/ne 5, L_000001c678809350, L_000001c67890ceb0;
L_000001c67896df80 .cmp/ne 5, L_000001c678809510, L_000001c67890cef8;
L_000001c67896e020 .cmp/eq 5, L_000001c678809350, L_000001c67880a7e0;
L_000001c67896dc60 .cmp/eq 5, L_000001c678809510, L_000001c67880a7e0;
L_000001c67896dbc0 .cmp/ne 5, L_000001c67880a7e0, L_000001c67890cf40;
L_000001c67896e3e0 .cmp/eq 5, L_000001c678809350, L_000001c67880b810;
L_000001c67896e660 .cmp/eq 5, L_000001c678809510, L_000001c67880b810;
L_000001c67896e7a0 .cmp/ne 5, L_000001c67880b810, L_000001c67890cf88;
L_000001c67896e840 .part/v L_000001c67890ce68, L_000001c678809350, 1;
L_000001c67896ea20 .part/v L_000001c67890ce68, L_000001c678809510, 1;
L_000001c67896f6a0 .reduce/or L_000001c67890ce68;
S_000001c6788c5820 .scope module, "u_icache" "icache_top" 4 344, 13 6 0, S_000001c6786a5b50;
 .timescale -9 -12;
    .port_info 0 /INPUT 1 "clk";
    .port_info 1 /INPUT 1 "rst_n";
    .port_info 2 /INPUT 1 "fetch_req_valid_i";
    .port_info 3 /INPUT 32 "fetch_req_addr_i";
    .port_info 4 /INPUT 1 "fetch_req_kill_i";
    .port_info 5 /OUTPUT 1 "fetch_req_ready_o";
    .port_info 6 /OUTPUT 1 "fetch_resp_valid_o";
    .port_info 7 /INPUT 1 "fetch_resp_ready_i";
    .port_info 8 /OUTPUT 32 "fetch_resp_inst_o";
    .port_info 9 /OUTPUT 32 "fetch_resp_pc_o";
    .port_info 10 /OUTPUT 1 "fetch_resp_err_o";
    .port_info 11 /OUTPUT 1 "l2_req_valid";
    .port_info 12 /INPUT 1 "l2_req_ready";
    .port_info 13 /OUTPUT 32 "l2_req_addr";
    .port_info 14 /OUTPUT 2 "l2_req_cmd";
    .port_info 15 /OUTPUT 3 "l2_req_size";
    .port_info 16 /OUTPUT 8 "l2_req_len";
    .port_info 17 /INPUT 1 "l2_rsp_valid";
    .port_info 18 /OUTPUT 1 "l2_rsp_ready";
    .port_info 19 /INPUT 64 "l2_rsp_data";
    .port_info 20 /INPUT 1 "l2_rsp_last";
    .port_info 21 /INPUT 1 "l2_rsp_err";
P_000001c6783bb460 .param/l "ADDR_WIDTH" 0 13 7, +C4<00000000000000000000000000100000>;
P_000001c6783bb498 .param/l "CACHE_BYTES" 0 13 9, +C4<00000000000000010000000000000000>;
P_000001c6783bb4d0 .param/l "INDEX_BITS" 0 13 13, +C4<00000000000000000000000000001001>;
P_000001c6783bb508 .param/l "L2_DATA_W" 0 13 8, +C4<00000000000000000000000001000000>;
P_000001c6783bb540 .param/l "LINE_BYTES" 0 13 10, +C4<00000000000000000000000001000000>;
P_000001c6783bb578 .param/l "NUM_WAYS" 0 13 11, +C4<00000000000000000000000000000010>;
P_000001c6783bb5b0 .param/l "OFFSET_BITS" 0 13 12, +C4<00000000000000000000000000000110>;
P_000001c6783bb5e8 .param/l "TAG_BITS" 0 13 14, +C4<0000000000000000000000000000010001>;
P_000001c6783bb620 .param/l "UNC_BASE" 0 13 15, C4<00000000000000000000000000000000>;
P_000001c6783bb658 .param/l "UNC_MASK" 0 13 16, C4<00000000000000000000000000000000>;
v000001c6788d0980_0 .net "clk", 0 0, L_000001c6788068e0;  alias, 1 drivers
v000001c6788d0c00_0 .net "fetch_req_addr_i", 31 0, L_000001c678808d30;  alias, 1 drivers
v000001c6788cf940_0 .net "fetch_req_kill_i", 0 0, L_000001c678808e80;  alias, 1 drivers
v000001c6788cfa80_0 .net "fetch_req_ready_o", 0 0, L_000001c678808da0;  alias, 1 drivers
v000001c6788d0de0_0 .net "fetch_req_valid_i", 0 0, L_000001c6788088d0;  alias, 1 drivers
v000001c6788cfbc0_0 .net "fetch_resp_err_o", 0 0, v000001c6788ca090_0;  alias, 1 drivers
v000001c6788d0d40_0 .net "fetch_resp_inst_o", 31 0, v000001c6788ca130_0;  alias, 1 drivers
v000001c6788cfda0_0 .net "fetch_resp_pc_o", 31 0, v000001c6788caef0_0;  alias, 1 drivers
v000001c6788cfe40_0 .net "fetch_resp_ready_i", 0 0, L_000001c678809b30;  alias, 1 drivers
v000001c6788d0a20_0 .net "fetch_resp_valid_o", 0 0, v000001c6788caa90_0;  alias, 1 drivers
v000001c6788cff80_0 .net "ic_flush_ack", 0 0, v000001c6788c9a50_0;  1 drivers
v000001c6788d0ca0_0 .net "ic_inv_ack", 0 0, v000001c6788c9d70_0;  1 drivers
v000001c6788d0e80_0 .net "l2_req_addr", 31 0, v000001c6788caf90_0;  alias, 1 drivers
v000001c6788d0020_0 .net "l2_req_cmd", 1 0, v000001c6788cb210_0;  alias, 1 drivers
v000001c6788ce860_0 .net "l2_req_len", 7 0, v000001c6788cb3f0_0;  alias, 1 drivers
v000001c6788ce900_0 .net "l2_req_ready", 0 0, L_000001c678902140;  alias, 1 drivers
v000001c6788ce9a0_0 .net "l2_req_size", 2 0, v000001c6788cb5d0_0;  alias, 1 drivers
v000001c6788cea40_0 .net "l2_req_valid", 0 0, v000001c6788cfee0_0;  alias, 1 drivers
v000001c6788ceae0_0 .net "l2_rsp_data", 63 0, L_000001c678808160;  alias, 1 drivers
v000001c6788ceb80_0 .net "l2_rsp_err", 0 0, L_000001c678902500;  alias, 1 drivers
v000001c6788cec20_0 .net "l2_rsp_last", 0 0, L_000001c678904620;  alias, 1 drivers
v000001c6788cecc0_0 .net "l2_rsp_ready", 0 0, v000001c6788cf300_0;  alias, 1 drivers
v000001c6788ced60_0 .net "l2_rsp_valid", 0 0, L_000001c678904260;  alias, 1 drivers
v000001c6788d3680_0 .net "rst_n", 0 0, L_000001c678806db0;  alias, 1 drivers
S_000001c6788c59b0 .scope module, "u_icache" "i_cache" 13 62, 14 1 0, S_000001c6788c5820;
 .timescale -9 -12;
    .port_info 0 /INPUT 1 "clk";
    .port_info 1 /INPUT 1 "rst_n";
    .port_info 2 /INPUT 1 "if_req_valid";
    .port_info 3 /INPUT 32 "if_req_addr";
    .port_info 4 /OUTPUT 1 "if_req_ready";
    .port_info 5 /INPUT 1 "if_req_kill";
    .port_info 6 /OUTPUT 1 "if_resp_valid";
    .port_info 7 /INPUT 1 "if_resp_ready";
    .port_info 8 /OUTPUT 32 "if_resp_inst";
    .port_info 9 /OUTPUT 32 "if_resp_pc";
    .port_info 10 /OUTPUT 1 "if_resp_err";
    .port_info 11 /INPUT 1 "ic_flush_req";
    .port_info 12 /OUTPUT 1 "ic_flush_ack";
    .port_info 13 /INPUT 1 "ic_inv_valid";
    .port_info 14 /INPUT 1 "ic_inv_all";
    .port_info 15 /INPUT 9 "ic_inv_index";
    .port_info 16 /INPUT 1 "ic_inv_way";
    .port_info 17 /OUTPUT 1 "ic_inv_ack";
    .port_info 18 /OUTPUT 1 "l2_req_valid";
    .port_info 19 /INPUT 1 "l2_req_ready";
    .port_info 20 /OUTPUT 32 "l2_req_addr";
    .port_info 21 /OUTPUT 2 "l2_req_cmd";
    .port_info 22 /OUTPUT 3 "l2_req_size";
    .port_info 23 /OUTPUT 8 "l2_req_len";
    .port_info 24 /INPUT 1 "l2_rsp_valid";
    .port_info 25 /OUTPUT 1 "l2_rsp_ready";
    .port_info 26 /INPUT 64 "l2_rsp_data";
    .port_info 27 /INPUT 1 "l2_rsp_last";
    .port_info 28 /INPUT 1 "l2_rsp_err";
P_000001c6782e5430 .param/l "ADDR_WIDTH" 0 14 3, +C4<00000000000000000000000000100000>;
P_000001c6782e5468 .param/l "CACHE_BYTES" 0 14 4, +C4<00000000000000010000000000000000>;
P_000001c6782e54a0 .param/l "INDEX_BITS" 0 14 8, +C4<00000000000000000000000000001001>;
P_000001c6782e54d8 .param/l "L2_DATA_W" 0 14 11, +C4<00000000000000000000000001000000>;
P_000001c6782e5510 .param/l "LINE_BITS" 1 14 65, +C4<0000000000000000000000000000000000000000000000000000001000000000>;
P_000001c6782e5548 .param/l "LINE_BYTES" 0 14 5, +C4<00000000000000000000000001000000>;
P_000001c6782e5580 .param/l "NUM_SETS" 1 14 66, +C4<0000000000000000000000000000000000000000000000000000001000000000>;
P_000001c6782e55b8 .param/l "NUM_WAYS" 0 14 6, +C4<00000000000000000000000000000010>;
P_000001c6782e55f0 .param/l "OFFSET_BITS" 0 14 7, +C4<00000000000000000000000000000110>;
P_000001c6782e5628 .param/l "ST_FLUSH" 1 14 175, C4<110>;
P_000001c6782e5660 .param/l "ST_IDLE" 1 14 169, C4<000>;
P_000001c6782e5698 .param/l "ST_MISS_REQ" 1 14 170, C4<001>;
P_000001c6782e56d0 .param/l "ST_REPLAY1" 1 14 173, C4<100>;
P_000001c6782e5708 .param/l "ST_REPLAY2" 1 14 174, C4<101>;
P_000001c6782e5740 .param/l "ST_WAIT_RSP" 1 14 171, C4<010>;
P_000001c6782e5778 .param/l "ST_WRITE_LINE" 1 14 172, C4<011>;
P_000001c6782e57b0 .param/l "TAG_BITS" 0 14 9, +C4<0000000000000000000000000000010001>;
P_000001c6782e57e8 .param/l "UNC_BASE" 0 14 12, C4<00000000000000000000000000000000>;
P_000001c6782e5820 .param/l "UNC_MASK" 0 14 13, C4<00000000000000000000000000000000>;
L_000001c67890b710 .functor BUFT 1, C4<00000000000000000000000000000000>, C4<0>, C4<0>, C4<0>;
L_000001c678808550 .functor AND 32, L_000001c678808d30, L_000001c67890b710, C4<11111111111111111111111111111111>, C4<11111111111111111111111111111111>;
L_000001c67890b7a0 .functor BUFT 1, C4<0>, C4<0>, C4<0>, C4<0>;
L_000001c678808a20 .functor AND 1, L_000001c678905a20, L_000001c67890b7a0, C4<1>, C4<1>;
L_000001c6788084e0 .functor AND 1, v000001c6788cf800_0, v000001c6788d0480_0, C4<1>, C4<1>;
L_000001c678809120 .functor AND 1, L_000001c6788084e0, L_000001c678907d20, C4<1>, C4<1>;
L_000001c678809820 .functor AND 1, v000001c6788cf800_0, v000001c6788d0520_0, C4<1>, C4<1>;
L_000001c678809f20 .functor AND 1, L_000001c678809820, L_000001c678907500, C4<1>, C4<1>;
L_000001c678809040 .functor OR 1, L_000001c678809120, L_000001c678809f20, C4<0>, C4<0>;
L_000001c678808390 .functor XOR 1, v000001c6788d0340_0, v000001c6788cae50_0, C4<0>, C4<0>;
L_000001c678808400 .functor AND 1, v000001c6788caa90_0, L_000001c678907a00, C4<1>, C4<1>;
L_000001c678808da0 .functor AND 1, L_000001c678907640, L_000001c678907320, C4<1>, C4<1>;
L_000001c6788099e0 .functor AND 1, L_000001c6788088d0, L_000001c678808da0, C4<1>, C4<1>;
v000001c6788c9370_0 .net/2u *"_ivl_0", 31 0, L_000001c67890b710;  1 drivers
v000001c6788c9730_0 .net *"_ivl_2", 31 0, L_000001c678808550;  1 drivers
v000001c6788c9050_0 .net *"_ivl_21", 0 0, L_000001c6788084e0;  1 drivers
v000001c6788cb670_0 .net *"_ivl_22", 0 0, L_000001c678907d20;  1 drivers
v000001c6788c90f0_0 .net *"_ivl_27", 0 0, L_000001c678809820;  1 drivers
v000001c6788ca8b0_0 .net *"_ivl_28", 0 0, L_000001c678907500;  1 drivers
L_000001c67890b7e8 .functor BUFT 1, C4<000>, C4<0>, C4<0>, C4<0>;
v000001c6788cb030_0 .net/2u *"_ivl_36", 2 0, L_000001c67890b7e8;  1 drivers
v000001c6788cb490_0 .net *"_ivl_38", 0 0, L_000001c678907640;  1 drivers
L_000001c67890b758 .functor BUFT 1, C4<00000000000000000000000000000000>, C4<0>, C4<0>, C4<0>;
v000001c6788ca770_0 .net/2u *"_ivl_4", 31 0, L_000001c67890b758;  1 drivers
v000001c6788c92d0_0 .net *"_ivl_41", 0 0, L_000001c678907a00;  1 drivers
v000001c6788c9690_0 .net *"_ivl_43", 0 0, L_000001c678808400;  1 drivers
v000001c6788c8f10_0 .net *"_ivl_45", 0 0, L_000001c678907320;  1 drivers
v000001c6788ca9f0_0 .net *"_ivl_6", 0 0, L_000001c678905a20;  1 drivers
v000001c6788c9190_0 .net/2u *"_ivl_8", 0 0, L_000001c67890b7a0;  1 drivers
v000001c6788c9c30_0 .net "accept_req", 0 0, L_000001c6788099e0;  1 drivers
v000001c6788c8fb0_0 .net "clk", 0 0, L_000001c6788068e0;  alias, 1 drivers
v000001c6788cad10 .array "data_way0", 511 0, 511 0;
v000001c6788c94b0 .array "data_way1", 511 0, 511 0;
v000001c6788ca4f0_0 .net "drop_resp", 0 0, L_000001c678808390;  1 drivers
v000001c6788c9550_0 .var "flush_idx", 8 0;
v000001c6788c9230_0 .var "flush_pending", 0 0;
v000001c6788ca630_0 .net "hit", 0 0, L_000001c678809040;  1 drivers
v000001c6788cb350_0 .net "hit0", 0 0, L_000001c678809120;  1 drivers
v000001c6788c9910_0 .net "hit1", 0 0, L_000001c678809f20;  1 drivers
v000001c6788ca1d0_0 .var/i "i", 31 0;
v000001c6788c9a50_0 .var "ic_flush_ack", 0 0;
L_000001c67890b830 .functor BUFT 1, C4<0>, C4<0>, C4<0>, C4<0>;
v000001c6788ca3b0_0 .net "ic_flush_req", 0 0, L_000001c67890b830;  1 drivers
v000001c6788c9d70_0 .var "ic_inv_ack", 0 0;
L_000001c67890b8c0 .functor BUFT 1, C4<0>, C4<0>, C4<0>, C4<0>;
v000001c6788ca6d0_0 .net "ic_inv_all", 0 0, L_000001c67890b8c0;  1 drivers
L_000001c67890b908 .functor BUFT 1, C4<000000000>, C4<0>, C4<0>, C4<0>;
v000001c6788c9e10_0 .net "ic_inv_index", 8 0, L_000001c67890b908;  1 drivers
L_000001c67890b878 .functor BUFT 1, C4<0>, C4<0>, C4<0>, C4<0>;
v000001c6788c9eb0_0 .net "ic_inv_valid", 0 0, L_000001c67890b878;  1 drivers
L_000001c67890b950 .functor BUFT 1, C4<0>, C4<0>, C4<0>, C4<0>;
v000001c6788c9f50_0 .net "ic_inv_way", 0 0, L_000001c67890b950;  1 drivers
v000001c6788c9ff0_0 .net "if_req_addr", 31 0, L_000001c678808d30;  alias, 1 drivers
v000001c6788cac70_0 .net "if_req_kill", 0 0, L_000001c678808e80;  alias, 1 drivers
v000001c6788cadb0_0 .net "if_req_ready", 0 0, L_000001c678808da0;  alias, 1 drivers
v000001c6788cb0d0_0 .net "if_req_valid", 0 0, L_000001c6788088d0;  alias, 1 drivers
v000001c6788ca090_0 .var "if_resp_err", 0 0;
v000001c6788ca130_0 .var "if_resp_inst", 31 0;
v000001c6788caef0_0 .var "if_resp_pc", 31 0;
v000001c6788cab30_0 .net "if_resp_ready", 0 0, L_000001c678809b30;  alias, 1 drivers
v000001c6788caa90_0 .var "if_resp_valid", 0 0;
v000001c6788ca450_0 .var "inv_all_pending", 0 0;
v000001c6788cb170_0 .var "inv_index_pending", 8 0;
v000001c6788ca270_0 .var "inv_pending", 0 0;
v000001c6788ca590_0 .var "inv_way_pending", 0 0;
v000001c6788ca810_0 .net "is_uncached_req", 0 0, L_000001c678808a20;  1 drivers
v000001c6788cabd0_0 .var "kill_prev", 0 0;
v000001c6788cae50_0 .var "kill_toggle", 0 0;
v000001c6788caf90_0 .var "l2_req_addr", 31 0;
v000001c6788cb210_0 .var "l2_req_cmd", 1 0;
v000001c6788cb3f0_0 .var "l2_req_len", 7 0;
v000001c6788cb530_0 .net "l2_req_ready", 0 0, L_000001c678902140;  alias, 1 drivers
v000001c6788cb5d0_0 .var "l2_req_size", 2 0;
v000001c6788cfee0_0 .var "l2_req_valid", 0 0;
v000001c6788cf440_0 .net "l2_rsp_data", 63 0, L_000001c678808160;  alias, 1 drivers
v000001c6788cf1c0_0 .net "l2_rsp_err", 0 0, L_000001c678902500;  alias, 1 drivers
v000001c6788cf080_0 .net "l2_rsp_last", 0 0, L_000001c678904620;  alias, 1 drivers
v000001c6788cf300_0 .var "l2_rsp_ready", 0 0;
v000001c6788cee00_0 .net "l2_rsp_valid", 0 0, L_000001c678904260;  alias, 1 drivers
v000001c6788cf4e0_0 .var "miss_kill_tag", 0 0;
v000001c6788cefe0_0 .var "miss_pc", 31 0;
v000001c6788ce7c0_0 .var "miss_uncached", 0 0;
v000001c6788cf3a0 .array "plru_bit", 511 0, 0 0;
v000001c6788d00c0_0 .var "refill_addr_aligned", 31 0;
v000001c6788d0ac0_0 .var "refill_beat_cnt", 3 0;
v000001c6788cf9e0_0 .var "refill_buf", 511 0;
v000001c6788d0b60_0 .var "refill_err_q", 0 0;
v000001c6788cfc60_0 .var "refill_index", 8 0;
v000001c6788d0840_0 .var "refill_tag", 16 0;
v000001c6788cf260_0 .var "refill_victim_way", 0 0;
v000001c6788ceea0_0 .net "rst_n", 0 0, L_000001c678806db0;  alias, 1 drivers
v000001c6788cfb20_0 .net "s1_index", 8 0, L_000001c678905840;  1 drivers
v000001c6788d07a0_0 .var "s1_kill_tag", 0 0;
v000001c6788cfd00_0 .var "s1_pc", 31 0;
v000001c6788cf120_0 .var "s1_uncached", 0 0;
v000001c6788d0160_0 .var "s1_valid", 0 0;
v000001c6788cf6c0_0 .var "s2_d0", 511 0;
v000001c6788d0200_0 .var "s2_d1", 511 0;
v000001c6788cf620_0 .net "s2_index", 8 0, L_000001c678907000;  1 drivers
v000001c6788d0340_0 .var "s2_kill_tag", 0 0;
v000001c6788d02a0_0 .var "s2_pc", 31 0;
v000001c6788cf580_0 .net "s2_req_tag", 16 0, L_000001c678905b60;  1 drivers
v000001c6788d03e0_0 .var "s2_tag0", 16 0;
v000001c6788cf760_0 .var "s2_tag1", 16 0;
v000001c6788ce720_0 .var "s2_uncached", 0 0;
v000001c6788d0480_0 .var "s2_v0", 0 0;
v000001c6788d0520_0 .var "s2_v1", 0 0;
v000001c6788cf800_0 .var "s2_valid", 0 0;
v000001c6788cf8a0_0 .net "s2_word_sel", 3 0, L_000001c678907960;  1 drivers
v000001c6788d0700_0 .var "state", 2 0;
v000001c6788d08e0 .array "tag_way0", 511 0, 16 0;
v000001c6788cef40 .array "tag_way1", 511 0, 16 0;
v000001c6788d05c0 .array "valid_way0", 511 0, 0 0;
v000001c6788d0660 .array "valid_way1", 511 0, 0 0;
L_000001c678905a20 .cmp/eq 32, L_000001c678808550, L_000001c67890b758;
L_000001c678905840 .part v000001c6788cfd00_0, 6, 9;
L_000001c678907000 .part v000001c6788d02a0_0, 6, 9;
L_000001c678905b60 .part v000001c6788d02a0_0, 15, 17;
L_000001c678907960 .part v000001c6788d02a0_0, 2, 4;
L_000001c678907d20 .cmp/eq 17, v000001c6788d03e0_0, L_000001c678905b60;
L_000001c678907500 .cmp/eq 17, v000001c6788cf760_0, L_000001c678905b60;
L_000001c678907640 .cmp/eq 3, v000001c6788d0700_0, L_000001c67890b7e8;
L_000001c678907a00 .reduce/nor L_000001c678809b30;
L_000001c678907320 .reduce/nor L_000001c678808400;
S_000001c6788c4ba0 .scope function.vec4.s32, "pick_word32" "pick_word32" 14 128, 14 128 0, S_000001c6788c59b0;
 .timescale -9 -12;
v000001c6788c99b0_0 .var "line", 511 0;
; Variable pick_word32 is vec4 return value of scope S_000001c6788c4ba0
v000001c6788ca310_0 .var "wsel", 3 0;
TD_icache_pipeline_tb.dut.u_icache.u_icache.pick_word32 ;
    %load/vec4 v000001c6788ca310_0;
    %dup/vec4;
    %pushi/vec4 0, 0, 4;
    %cmp/u;
    %jmp/1 T_10.6, 6;
    %dup/vec4;
    %pushi/vec4 1, 0, 4;
    %cmp/u;
    %jmp/1 T_10.7, 6;
    %dup/vec4;
    %pushi/vec4 2, 0, 4;
    %cmp/u;
    %jmp/1 T_10.8, 6;
    %dup/vec4;
    %pushi/vec4 3, 0, 4;
    %cmp/u;
    %jmp/1 T_10.9, 6;
    %dup/vec4;
    %pushi/vec4 4, 0, 4;
    %cmp/u;
    %jmp/1 T_10.10, 6;
    %dup/vec4;
    %pushi/vec4 5, 0, 4;
    %cmp/u;
    %jmp/1 T_10.11, 6;
    %dup/vec4;
    %pushi/vec4 6, 0, 4;
    %cmp/u;
    %jmp/1 T_10.12, 6;
    %dup/vec4;
    %pushi/vec4 7, 0, 4;
    %cmp/u;
    %jmp/1 T_10.13, 6;
    %dup/vec4;
    %pushi/vec4 8, 0, 4;
    %cmp/u;
    %jmp/1 T_10.14, 6;
    %dup/vec4;
    %pushi/vec4 9, 0, 4;
    %cmp/u;
    %jmp/1 T_10.15, 6;
    %dup/vec4;
    %pushi/vec4 10, 0, 4;
    %cmp/u;
    %jmp/1 T_10.16, 6;
    %dup/vec4;
    %pushi/vec4 11, 0, 4;
    %cmp/u;
    %jmp/1 T_10.17, 6;
    %dup/vec4;
    %pushi/vec4 12, 0, 4;
    %cmp/u;
    %jmp/1 T_10.18, 6;
    %dup/vec4;
    %pushi/vec4 13, 0, 4;
    %cmp/u;
    %jmp/1 T_10.19, 6;
    %dup/vec4;
    %pushi/vec4 14, 0, 4;
    %cmp/u;
    %jmp/1 T_10.20, 6;
    %dup/vec4;
    %pushi/vec4 15, 0, 4;
    %cmp/u;
    %jmp/1 T_10.21, 6;
    %pushi/vec4 19, 0, 32;
    %ret/vec4 0, 0, 32;  Assign to pick_word32 (store_vec4_to_lval)
    %jmp T_10.23;
T_10.6 ;
    %load/vec4 v000001c6788c99b0_0;
    %parti/s 32, 0, 2;
    %ret/vec4 0, 0, 32;  Assign to pick_word32 (store_vec4_to_lval)
    %jmp T_10.23;
T_10.7 ;
    %load/vec4 v000001c6788c99b0_0;
    %parti/s 32, 32, 7;
    %ret/vec4 0, 0, 32;  Assign to pick_word32 (store_vec4_to_lval)
    %jmp T_10.23;
T_10.8 ;
    %load/vec4 v000001c6788c99b0_0;
    %parti/s 32, 64, 8;
    %ret/vec4 0, 0, 32;  Assign to pick_word32 (store_vec4_to_lval)
    %jmp T_10.23;
T_10.9 ;
    %load/vec4 v000001c6788c99b0_0;
    %parti/s 32, 96, 8;
    %ret/vec4 0, 0, 32;  Assign to pick_word32 (store_vec4_to_lval)
    %jmp T_10.23;
T_10.10 ;
    %load/vec4 v000001c6788c99b0_0;
    %parti/s 32, 128, 9;
    %ret/vec4 0, 0, 32;  Assign to pick_word32 (store_vec4_to_lval)
    %jmp T_10.23;
T_10.11 ;
    %load/vec4 v000001c6788c99b0_0;
    %parti/s 32, 160, 9;
    %ret/vec4 0, 0, 32;  Assign to pick_word32 (store_vec4_to_lval)
    %jmp T_10.23;
T_10.12 ;
    %load/vec4 v000001c6788c99b0_0;
    %parti/s 32, 192, 9;
    %ret/vec4 0, 0, 32;  Assign to pick_word32 (store_vec4_to_lval)
    %jmp T_10.23;
T_10.13 ;
    %load/vec4 v000001c6788c99b0_0;
    %parti/s 32, 224, 9;
    %ret/vec4 0, 0, 32;  Assign to pick_word32 (store_vec4_to_lval)
    %jmp T_10.23;
T_10.14 ;
    %load/vec4 v000001c6788c99b0_0;
    %parti/s 32, 256, 10;
    %ret/vec4 0, 0, 32;  Assign to pick_word32 (store_vec4_to_lval)
    %jmp T_10.23;
T_10.15 ;
    %load/vec4 v000001c6788c99b0_0;
    %parti/s 32, 288, 10;
    %ret/vec4 0, 0, 32;  Assign to pick_word32 (store_vec4_to_lval)
    %jmp T_10.23;
T_10.16 ;
    %load/vec4 v000001c6788c99b0_0;
    %parti/s 32, 320, 10;
    %ret/vec4 0, 0, 32;  Assign to pick_word32 (store_vec4_to_lval)
    %jmp T_10.23;
T_10.17 ;
    %load/vec4 v000001c6788c99b0_0;
    %parti/s 32, 352, 10;
    %ret/vec4 0, 0, 32;  Assign to pick_word32 (store_vec4_to_lval)
    %jmp T_10.23;
T_10.18 ;
    %load/vec4 v000001c6788c99b0_0;
    %parti/s 32, 384, 10;
    %ret/vec4 0, 0, 32;  Assign to pick_word32 (store_vec4_to_lval)
    %jmp T_10.23;
T_10.19 ;
    %load/vec4 v000001c6788c99b0_0;
    %parti/s 32, 416, 10;
    %ret/vec4 0, 0, 32;  Assign to pick_word32 (store_vec4_to_lval)
    %jmp T_10.23;
T_10.20 ;
    %load/vec4 v000001c6788c99b0_0;
    %parti/s 32, 448, 10;
    %ret/vec4 0, 0, 32;  Assign to pick_word32 (store_vec4_to_lval)
    %jmp T_10.23;
T_10.21 ;
    %load/vec4 v000001c6788c99b0_0;
    %parti/s 32, 480, 10;
    %ret/vec4 0, 0, 32;  Assign to pick_word32 (store_vec4_to_lval)
    %jmp T_10.23;
T_10.23 ;
    %pop/vec4 1;
    %end;
S_000001c6788c4d30 .scope module, "u_id" "id_stage" 4 424, 15 38 0, S_000001c6786a5b50;
 .timescale -9 -12;
    .port_info 0 /INPUT 1 "clk";
    .port_info 1 /INPUT 1 "rst_n";
    .port_info 2 /INPUT 32 "id_pc_i";
    .port_info 3 /INPUT 32 "id_instr_i";
    .port_info 4 /INPUT 1 "id_valid_i";
    .port_info 5 /INPUT 1 "wb_we_i";
    .port_info 6 /INPUT 5 "wb_rd_i";
    .port_info 7 /INPUT 32 "wb_wd_i";
    .port_info 8 /OUTPUT 32 "rs1_val_o";
    .port_info 9 /OUTPUT 32 "rs2_val_o";
    .port_info 10 /OUTPUT 32 "imm_o";
    .port_info 11 /OUTPUT 5 "rs1_o";
    .port_info 12 /OUTPUT 5 "rs2_o";
    .port_info 13 /OUTPUT 5 "rd_o";
    .port_info 14 /OUTPUT 3 "alu_op_o";
    .port_info 15 /OUTPUT 1 "alu_src_imm_o";
    .port_info 16 /OUTPUT 1 "branch_o";
    .port_info 17 /OUTPUT 1 "jal_o";
    .port_info 18 /OUTPUT 1 "jalr_o";
    .port_info 19 /OUTPUT 1 "mem_read_o";
    .port_info 20 /OUTPUT 1 "mem_write_o";
    .port_info 21 /OUTPUT 2 "wb_sel_o";
    .port_info 22 /OUTPUT 1 "reg_write_o";
    .port_info 23 /OUTPUT 3 "br_funct3_o";
    .port_info 24 /OUTPUT 32 "pc_o";
    .port_info 25 /OUTPUT 1 "id_ready_o";
    .port_info 26 /OUTPUT 1 "id_shift_right_o";
    .port_info 27 /OUTPUT 1 "id_shift_arith_o";
    .port_info 28 /OUTPUT 1 "id_is_auipc_o";
    .port_info 29 /OUTPUT 1 "id_is_lui_o";
    .port_info 30 /OUTPUT 3 "id_mem_funct3_o";
P_000001c678691950 .param/l "ALU_ADD" 1 15 113, C4<000>;
P_000001c678691988 .param/l "ALU_AND" 1 15 119, C4<110>;
P_000001c6786919c0 .param/l "ALU_OR" 1 15 118, C4<101>;
P_000001c6786919f8 .param/l "ALU_SLL" 1 15 120, C4<111>;
P_000001c678691a30 .param/l "ALU_SLT" 1 15 115, C4<010>;
P_000001c678691a68 .param/l "ALU_SLTU" 1 15 116, C4<011>;
P_000001c678691aa0 .param/l "ALU_SUB" 1 15 114, C4<001>;
P_000001c678691ad8 .param/l "ALU_XOR" 1 15 117, C4<100>;
P_000001c678691b10 .param/l "OP_AUIPC" 1 15 102, C4<0010111>;
P_000001c678691b48 .param/l "OP_BRANCH" 1 15 105, C4<1100011>;
P_000001c678691b80 .param/l "OP_JAL" 1 15 103, C4<1101111>;
P_000001c678691bb8 .param/l "OP_JALR" 1 15 104, C4<1100111>;
P_000001c678691bf0 .param/l "OP_LOAD" 1 15 106, C4<0000011>;
P_000001c678691c28 .param/l "OP_LUI" 1 15 101, C4<0110111>;
P_000001c678691c60 .param/l "OP_OP" 1 15 109, C4<0110011>;
P_000001c678691c98 .param/l "OP_OPIMM" 1 15 108, C4<0010011>;
P_000001c678691cd0 .param/l "OP_STORE" 1 15 107, C4<0100011>;
P_000001c678691d08 .param/l "OP_SYSTEM" 1 15 110, C4<1110011>;
P_000001c678691d40 .param/l "WB_ALU" 1 15 123, C4<00>;
P_000001c678691d78 .param/l "WB_MEM" 1 15 124, C4<01>;
P_000001c678691db0 .param/l "WB_PC4" 1 15 125, C4<10>;
L_000001c678809350 .functor BUFZ 5, L_000001c678907b40, C4<00000>, C4<00000>, C4<00000>;
L_000001c678809510 .functor BUFZ 5, L_000001c678907f00, C4<00000>, C4<00000>, C4<00000>;
L_000001c678809c10 .functor BUFZ 5, L_000001c678907be0, C4<00000>, C4<00000>, C4<00000>;
L_000001c678809ba0 .functor BUFZ 3, L_000001c6789076e0, C4<000>, C4<000>, C4<000>;
L_000001c678809580 .functor BUFZ 32, L_000001c678809eb0, C4<00000000000000000000000000000000>, C4<00000000000000000000000000000000>, C4<00000000000000000000000000000000>;
L_000001c6788085c0 .functor BUFZ 1, L_000001c678808e10, C4<0>, C4<0>, C4<0>;
L_000001c678808780 .functor AND 1, L_000001c67880c300, L_000001c6788f9040, C4<1>, C4<1>;
L_000001c6788087f0 .functor AND 1, L_000001c678808780, L_000001c6788f95e0, C4<1>, C4<1>;
L_000001c67880a1c0 .functor AND 1, L_000001c67880c300, L_000001c6788f8960, C4<1>, C4<1>;
L_000001c67880ab60 .functor AND 1, L_000001c67880a1c0, L_000001c6788fa300, C4<1>, C4<1>;
L_000001c67890bcf8 .functor BUFT 1, C4<00000>, C4<0>, C4<0>, C4<0>;
v000001c6788d12e0_0 .net/2u *"_ivl_110", 4 0, L_000001c67890bcf8;  1 drivers
v000001c6788d2000_0 .net *"_ivl_112", 0 0, L_000001c6788f9040;  1 drivers
v000001c6788d25a0_0 .net *"_ivl_115", 0 0, L_000001c678808780;  1 drivers
v000001c6788d23c0_0 .net *"_ivl_116", 0 0, L_000001c6788f95e0;  1 drivers
L_000001c67890bd40 .functor BUFT 1, C4<00000>, C4<0>, C4<0>, C4<0>;
v000001c6788d1380_0 .net/2u *"_ivl_120", 4 0, L_000001c67890bd40;  1 drivers
v000001c6788d1740_0 .net *"_ivl_122", 0 0, L_000001c6788f8960;  1 drivers
v000001c6788d1420_0 .net *"_ivl_125", 0 0, L_000001c67880a1c0;  1 drivers
v000001c6788d14c0_0 .net *"_ivl_126", 0 0, L_000001c6788fa300;  1 drivers
v000001c6788d1880_0 .net *"_ivl_33", 0 0, L_000001c678907c80;  1 drivers
v000001c6788d2b40_0 .net *"_ivl_34", 19 0, L_000001c678907dc0;  1 drivers
v000001c6788d20a0_0 .net *"_ivl_37", 11 0, L_000001c678907e60;  1 drivers
v000001c6788d1d80_0 .net *"_ivl_41", 0 0, L_000001c6789071e0;  1 drivers
v000001c6788d2fa0_0 .net *"_ivl_42", 19 0, L_000001c678907280;  1 drivers
v000001c6788d1e20_0 .net *"_ivl_45", 6 0, L_000001c6788f9e00;  1 drivers
v000001c6788d1ec0_0 .net *"_ivl_47", 4 0, L_000001c6788f9360;  1 drivers
v000001c6788d2500_0 .net *"_ivl_51", 0 0, L_000001c6788f94a0;  1 drivers
v000001c6788d19c0_0 .net *"_ivl_52", 18 0, L_000001c6788f8140;  1 drivers
v000001c6788d1920_0 .net *"_ivl_55", 0 0, L_000001c6788f81e0;  1 drivers
v000001c6788d2140_0 .net *"_ivl_57", 0 0, L_000001c6788f9220;  1 drivers
v000001c6788d2280_0 .net *"_ivl_59", 5 0, L_000001c6788f9b80;  1 drivers
v000001c6788d2320_0 .net *"_ivl_61", 3 0, L_000001c6788f8e60;  1 drivers
L_000001c67890ba70 .functor BUFT 1, C4<0>, C4<0>, C4<0>, C4<0>;
v000001c6788d2e60_0 .net/2u *"_ivl_62", 0 0, L_000001c67890ba70;  1 drivers
v000001c6788d26e0_0 .net *"_ivl_67", 19 0, L_000001c6788f9c20;  1 drivers
L_000001c67890bab8 .functor BUFT 1, C4<000000000000>, C4<0>, C4<0>, C4<0>;
v000001c6788d2820_0 .net/2u *"_ivl_68", 11 0, L_000001c67890bab8;  1 drivers
v000001c6788d2aa0_0 .net *"_ivl_73", 0 0, L_000001c6788f9d60;  1 drivers
v000001c6788d32c0_0 .net *"_ivl_74", 10 0, L_000001c6788f9a40;  1 drivers
v000001c6788d2d20_0 .net *"_ivl_77", 0 0, L_000001c6788f9540;  1 drivers
v000001c6788d2960_0 .net *"_ivl_79", 7 0, L_000001c6788f8f00;  1 drivers
v000001c6788d2a00_0 .net *"_ivl_81", 0 0, L_000001c6788fa1c0;  1 drivers
v000001c6788d2be0_0 .net *"_ivl_83", 9 0, L_000001c6788f8820;  1 drivers
L_000001c67890bb00 .functor BUFT 1, C4<0>, C4<0>, C4<0>, C4<0>;
v000001c6788d2c80_0 .net/2u *"_ivl_84", 0 0, L_000001c67890bb00;  1 drivers
v000001c6788d35e0_0 .var "alu_op", 2 0;
v000001c6788d2dc0_0 .net "alu_op_o", 2 0, v000001c6788d35e0_0;  alias, 1 drivers
v000001c6788d3040_0 .var "alu_src_imm", 0 0;
v000001c6788d3180_0 .net "alu_src_imm_o", 0 0, v000001c6788d3040_0;  alias, 1 drivers
v000001c6788d3220_0 .net "br_funct3_o", 2 0, L_000001c678809ba0;  alias, 1 drivers
v000001c6788d3400_0 .var "branch", 0 0;
v000001c6788d34a0_0 .net "branch_o", 0 0, v000001c6788d3400_0;  alias, 1 drivers
v000001c6788d3540_0 .net "clk", 0 0, L_000001c6788068e0;  alias, 1 drivers
v000001c6788d3fe0_0 .net "funct3", 2 0, L_000001c6789076e0;  1 drivers
v000001c6788d3ea0_0 .net "funct7", 6 0, L_000001c6789078c0;  1 drivers
v000001c6788d4260_0 .net "id_instr_i", 31 0, L_000001c678809740;  alias, 1 drivers
v000001c6788d52a0_0 .net "id_is_auipc_o", 0 0, v000001c6788d48a0_0;  alias, 1 drivers
v000001c6788d4080_0 .net "id_is_lui_o", 0 0, v000001c6788d5e80_0;  alias, 1 drivers
v000001c6788d4120_0 .net "id_mem_funct3_o", 2 0, v000001c6788d4580_0;  alias, 1 drivers
v000001c6788d5700_0 .net "id_pc_i", 31 0, L_000001c678809eb0;  alias, 1 drivers
v000001c6788d5160_0 .net "id_ready_o", 0 0, L_000001c6788085c0;  alias, 1 drivers
v000001c6788d58e0_0 .net "id_shift_arith_o", 0 0, v000001c6788d5340_0;  alias, 1 drivers
v000001c6788d4620_0 .net "id_shift_right_o", 0 0, v000001c6788d57a0_0;  alias, 1 drivers
v000001c6788d49e0_0 .net "id_valid_i", 0 0, L_000001c678808e10;  alias, 1 drivers
v000001c6788d5840_0 .var "imm", 31 0;
v000001c6788d5980_0 .net "imm_b", 31 0, L_000001c6788f8280;  1 drivers
v000001c6788d41c0_0 .net "imm_i", 31 0, L_000001c678907140;  1 drivers
v000001c6788d5200_0 .net "imm_j", 31 0, L_000001c6788f9f40;  1 drivers
v000001c6788d46c0_0 .net "imm_o", 31 0, v000001c6788d5840_0;  alias, 1 drivers
v000001c6788d4800_0 .net "imm_s", 31 0, L_000001c6788f80a0;  1 drivers
v000001c6788d4ee0_0 .net "imm_u", 31 0, L_000001c6788f8a00;  1 drivers
v000001c6788d48a0_0 .var "is_auipc", 0 0;
v000001c6788d5e80_0 .var "is_lui", 0 0;
v000001c6788d4760_0 .var "jal", 0 0;
v000001c6788d43a0_0 .net "jal_o", 0 0, v000001c6788d4760_0;  alias, 1 drivers
v000001c6788d53e0_0 .var "jalr", 0 0;
v000001c6788d4940_0 .net "jalr_o", 0 0, v000001c6788d53e0_0;  alias, 1 drivers
v000001c6788d4580_0 .var "mem_f3", 2 0;
v000001c6788d4a80_0 .var "mem_read", 0 0;
v000001c6788d3cc0_0 .net "mem_read_o", 0 0, v000001c6788d4a80_0;  alias, 1 drivers
v000001c6788d3b80_0 .var "mem_write", 0 0;
v000001c6788d3ae0_0 .net "mem_write_o", 0 0, v000001c6788d3b80_0;  alias, 1 drivers
v000001c6788d4b20_0 .net "opcode", 6 0, L_000001c678907820;  1 drivers
v000001c6788d4c60_0 .net "pc_o", 31 0, L_000001c678809580;  1 drivers
v000001c6788d4bc0_0 .net "rd", 4 0, L_000001c678907be0;  1 drivers
v000001c6788d4d00_0 .net "rd_o", 4 0, L_000001c678809c10;  alias, 1 drivers
v000001c6788d4da0_0 .var "reg_write", 0 0;
v000001c6788d3d60_0 .net "reg_write_o", 0 0, v000001c6788d4da0_0;  alias, 1 drivers
v000001c6788d3c20_0 .net "rs1", 4 0, L_000001c678907b40;  1 drivers
v000001c6788d4e40_0 .net "rs1_o", 4 0, L_000001c678809350;  alias, 1 drivers
v000001c6788d5660_0 .net "rs1_raw", 31 0, L_000001c6788fa4e0;  1 drivers
v000001c6788d3720_0 .net "rs1_val_o", 31 0, L_000001c6788f9fe0;  alias, 1 drivers
v000001c6788d4f80_0 .net "rs2", 4 0, L_000001c678907f00;  1 drivers
v000001c6788d5020_0 .net "rs2_o", 4 0, L_000001c678809510;  alias, 1 drivers
v000001c6788d5480_0 .net "rs2_raw", 31 0, L_000001c6788f99a0;  1 drivers
v000001c6788d50c0_0 .net "rs2_val_o", 31 0, L_000001c6788f9900;  alias, 1 drivers
v000001c6788d37c0_0 .net "rst_n", 0 0, L_000001c678806db0;  alias, 1 drivers
v000001c6788d5340_0 .var "shift_arith", 0 0;
v000001c6788d57a0_0 .var "shift_right", 0 0;
v000001c6788d3860_0 .net "wb_match_rs1", 0 0, L_000001c6788087f0;  1 drivers
v000001c6788d5520_0 .net "wb_match_rs2", 0 0, L_000001c67880ab60;  1 drivers
v000001c6788d55c0_0 .net "wb_rd_i", 4 0, L_000001c67880c990;  alias, 1 drivers
v000001c6788d3900_0 .var "wb_sel", 1 0;
v000001c6788d4300_0 .net "wb_sel_o", 1 0, v000001c6788d3900_0;  alias, 1 drivers
v000001c6788d39a0_0 .net "wb_wd_i", 31 0, L_000001c67880cb50;  alias, 1 drivers
v000001c6788d5a20_0 .net "wb_we_i", 0 0, L_000001c67880c300;  alias, 1 drivers
E_000001c6788231d0/0 .event anyedge, v000001c6788d4b20_0, v000001c6788d4ee0_0, v000001c6788d5200_0, v000001c6788d41c0_0;
E_000001c6788231d0/1 .event anyedge, v000001c6788d5980_0, v000001c6788d3fe0_0, v000001c6788d4800_0, v000001c6788d4260_0;
E_000001c6788231d0/2 .event anyedge, v000001c6788d3ea0_0;
E_000001c6788231d0 .event/or E_000001c6788231d0/0, E_000001c6788231d0/1, E_000001c6788231d0/2;
L_000001c678907820 .part L_000001c678809740, 0, 7;
L_000001c678907be0 .part L_000001c678809740, 7, 5;
L_000001c6789076e0 .part L_000001c678809740, 12, 3;
L_000001c678907b40 .part L_000001c678809740, 15, 5;
L_000001c678907f00 .part L_000001c678809740, 20, 5;
L_000001c6789078c0 .part L_000001c678809740, 25, 7;
L_000001c678907c80 .part L_000001c678809740, 31, 1;
LS_000001c678907dc0_0_0 .concat [ 1 1 1 1], L_000001c678907c80, L_000001c678907c80, L_000001c678907c80, L_000001c678907c80;
LS_000001c678907dc0_0_4 .concat [ 1 1 1 1], L_000001c678907c80, L_000001c678907c80, L_000001c678907c80, L_000001c678907c80;
LS_000001c678907dc0_0_8 .concat [ 1 1 1 1], L_000001c678907c80, L_000001c678907c80, L_000001c678907c80, L_000001c678907c80;
LS_000001c678907dc0_0_12 .concat [ 1 1 1 1], L_000001c678907c80, L_000001c678907c80, L_000001c678907c80, L_000001c678907c80;
LS_000001c678907dc0_0_16 .concat [ 1 1 1 1], L_000001c678907c80, L_000001c678907c80, L_000001c678907c80, L_000001c678907c80;
LS_000001c678907dc0_1_0 .concat [ 4 4 4 4], LS_000001c678907dc0_0_0, LS_000001c678907dc0_0_4, LS_000001c678907dc0_0_8, LS_000001c678907dc0_0_12;
LS_000001c678907dc0_1_4 .concat [ 4 0 0 0], LS_000001c678907dc0_0_16;
L_000001c678907dc0 .concat [ 16 4 0 0], LS_000001c678907dc0_1_0, LS_000001c678907dc0_1_4;
L_000001c678907e60 .part L_000001c678809740, 20, 12;
L_000001c678907140 .concat [ 12 20 0 0], L_000001c678907e60, L_000001c678907dc0;
L_000001c6789071e0 .part L_000001c678809740, 31, 1;
LS_000001c678907280_0_0 .concat [ 1 1 1 1], L_000001c6789071e0, L_000001c6789071e0, L_000001c6789071e0, L_000001c6789071e0;
LS_000001c678907280_0_4 .concat [ 1 1 1 1], L_000001c6789071e0, L_000001c6789071e0, L_000001c6789071e0, L_000001c6789071e0;
LS_000001c678907280_0_8 .concat [ 1 1 1 1], L_000001c6789071e0, L_000001c6789071e0, L_000001c6789071e0, L_000001c6789071e0;
LS_000001c678907280_0_12 .concat [ 1 1 1 1], L_000001c6789071e0, L_000001c6789071e0, L_000001c6789071e0, L_000001c6789071e0;
LS_000001c678907280_0_16 .concat [ 1 1 1 1], L_000001c6789071e0, L_000001c6789071e0, L_000001c6789071e0, L_000001c6789071e0;
LS_000001c678907280_1_0 .concat [ 4 4 4 4], LS_000001c678907280_0_0, LS_000001c678907280_0_4, LS_000001c678907280_0_8, LS_000001c678907280_0_12;
LS_000001c678907280_1_4 .concat [ 4 0 0 0], LS_000001c678907280_0_16;
L_000001c678907280 .concat [ 16 4 0 0], LS_000001c678907280_1_0, LS_000001c678907280_1_4;
L_000001c6788f9e00 .part L_000001c678809740, 25, 7;
L_000001c6788f9360 .part L_000001c678809740, 7, 5;
L_000001c6788f80a0 .concat [ 5 7 20 0], L_000001c6788f9360, L_000001c6788f9e00, L_000001c678907280;
L_000001c6788f94a0 .part L_000001c678809740, 31, 1;
LS_000001c6788f8140_0_0 .concat [ 1 1 1 1], L_000001c6788f94a0, L_000001c6788f94a0, L_000001c6788f94a0, L_000001c6788f94a0;
LS_000001c6788f8140_0_4 .concat [ 1 1 1 1], L_000001c6788f94a0, L_000001c6788f94a0, L_000001c6788f94a0, L_000001c6788f94a0;
LS_000001c6788f8140_0_8 .concat [ 1 1 1 1], L_000001c6788f94a0, L_000001c6788f94a0, L_000001c6788f94a0, L_000001c6788f94a0;
LS_000001c6788f8140_0_12 .concat [ 1 1 1 1], L_000001c6788f94a0, L_000001c6788f94a0, L_000001c6788f94a0, L_000001c6788f94a0;
LS_000001c6788f8140_0_16 .concat [ 1 1 1 0], L_000001c6788f94a0, L_000001c6788f94a0, L_000001c6788f94a0;
LS_000001c6788f8140_1_0 .concat [ 4 4 4 4], LS_000001c6788f8140_0_0, LS_000001c6788f8140_0_4, LS_000001c6788f8140_0_8, LS_000001c6788f8140_0_12;
LS_000001c6788f8140_1_4 .concat [ 3 0 0 0], LS_000001c6788f8140_0_16;
L_000001c6788f8140 .concat [ 16 3 0 0], LS_000001c6788f8140_1_0, LS_000001c6788f8140_1_4;
L_000001c6788f81e0 .part L_000001c678809740, 31, 1;
L_000001c6788f9220 .part L_000001c678809740, 7, 1;
L_000001c6788f9b80 .part L_000001c678809740, 25, 6;
L_000001c6788f8e60 .part L_000001c678809740, 8, 4;
LS_000001c6788f8280_0_0 .concat [ 1 4 6 1], L_000001c67890ba70, L_000001c6788f8e60, L_000001c6788f9b80, L_000001c6788f9220;
LS_000001c6788f8280_0_4 .concat [ 1 19 0 0], L_000001c6788f81e0, L_000001c6788f8140;
L_000001c6788f8280 .concat [ 12 20 0 0], LS_000001c6788f8280_0_0, LS_000001c6788f8280_0_4;
L_000001c6788f9c20 .part L_000001c678809740, 12, 20;
L_000001c6788f8a00 .concat [ 12 20 0 0], L_000001c67890bab8, L_000001c6788f9c20;
L_000001c6788f9d60 .part L_000001c678809740, 31, 1;
LS_000001c6788f9a40_0_0 .concat [ 1 1 1 1], L_000001c6788f9d60, L_000001c6788f9d60, L_000001c6788f9d60, L_000001c6788f9d60;
LS_000001c6788f9a40_0_4 .concat [ 1 1 1 1], L_000001c6788f9d60, L_000001c6788f9d60, L_000001c6788f9d60, L_000001c6788f9d60;
LS_000001c6788f9a40_0_8 .concat [ 1 1 1 0], L_000001c6788f9d60, L_000001c6788f9d60, L_000001c6788f9d60;
L_000001c6788f9a40 .concat [ 4 4 3 0], LS_000001c6788f9a40_0_0, LS_000001c6788f9a40_0_4, LS_000001c6788f9a40_0_8;
L_000001c6788f9540 .part L_000001c678809740, 31, 1;
L_000001c6788f8f00 .part L_000001c678809740, 12, 8;
L_000001c6788fa1c0 .part L_000001c678809740, 20, 1;
L_000001c6788f8820 .part L_000001c678809740, 21, 10;
LS_000001c6788f9f40_0_0 .concat [ 1 10 1 8], L_000001c67890bb00, L_000001c6788f8820, L_000001c6788fa1c0, L_000001c6788f8f00;
LS_000001c6788f9f40_0_4 .concat [ 1 11 0 0], L_000001c6788f9540, L_000001c6788f9a40;
L_000001c6788f9f40 .concat [ 20 12 0 0], LS_000001c6788f9f40_0_0, LS_000001c6788f9f40_0_4;
L_000001c6788f9040 .cmp/ne 5, L_000001c67880c990, L_000001c67890bcf8;
L_000001c6788f95e0 .cmp/eq 5, L_000001c67880c990, L_000001c678907b40;
L_000001c6788f8960 .cmp/ne 5, L_000001c67880c990, L_000001c67890bd40;
L_000001c6788fa300 .cmp/eq 5, L_000001c67880c990, L_000001c678907f00;
L_000001c6788f9fe0 .functor MUXZ 32, L_000001c6788fa4e0, L_000001c67880cb50, L_000001c6788087f0, C4<>;
L_000001c6788f9900 .functor MUXZ 32, L_000001c6788f99a0, L_000001c67880cb50, L_000001c67880ab60, C4<>;
S_000001c6788c4880 .scope module, "u_rf" "regfile" 15 278, 15 2 0, S_000001c6788c4d30;
 .timescale -9 -12;
    .port_info 0 /INPUT 1 "clk";
    .port_info 1 /INPUT 1 "rst_n";
    .port_info 2 /INPUT 5 "rs1_i";
    .port_info 3 /INPUT 5 "rs2_i";
    .port_info 4 /OUTPUT 32 "rs1_o";
    .port_info 5 /OUTPUT 32 "rs2_o";
    .port_info 6 /INPUT 1 "we_i";
    .port_info 7 /INPUT 5 "rd_i";
    .port_info 8 /INPUT 32 "wd_i";
L_000001c67890bb48 .functor BUFT 1, C4<00000>, C4<0>, C4<0>, C4<0>;
v000001c6788d21e0_0 .net/2u *"_ivl_0", 4 0, L_000001c67890bb48;  1 drivers
L_000001c67890bbd8 .functor BUFT 1, C4<00>, C4<0>, C4<0>, C4<0>;
v000001c6788d2640_0 .net *"_ivl_11", 1 0, L_000001c67890bbd8;  1 drivers
L_000001c67890bc20 .functor BUFT 1, C4<00000>, C4<0>, C4<0>, C4<0>;
v000001c6788d0fc0_0 .net/2u *"_ivl_14", 4 0, L_000001c67890bc20;  1 drivers
v000001c6788d2460_0 .net *"_ivl_16", 0 0, L_000001c6788f8fa0;  1 drivers
L_000001c67890bc68 .functor BUFT 1, C4<00000000000000000000000000000000>, C4<0>, C4<0>, C4<0>;
v000001c6788d1600_0 .net/2u *"_ivl_18", 31 0, L_000001c67890bc68;  1 drivers
v000001c6788d1a60_0 .net *"_ivl_2", 0 0, L_000001c6788f9ae0;  1 drivers
v000001c6788d1560_0 .net *"_ivl_20", 31 0, L_000001c6788f9860;  1 drivers
v000001c6788d1100_0 .net *"_ivl_22", 6 0, L_000001c6788f9400;  1 drivers
L_000001c67890bcb0 .functor BUFT 1, C4<00>, C4<0>, C4<0>, C4<0>;
v000001c6788d30e0_0 .net *"_ivl_25", 1 0, L_000001c67890bcb0;  1 drivers
L_000001c67890bb90 .functor BUFT 1, C4<00000000000000000000000000000000>, C4<0>, C4<0>, C4<0>;
v000001c6788d1c40_0 .net/2u *"_ivl_4", 31 0, L_000001c67890bb90;  1 drivers
v000001c6788d2f00_0 .net *"_ivl_6", 31 0, L_000001c6788fa260;  1 drivers
v000001c6788d11a0_0 .net *"_ivl_8", 6 0, L_000001c6788f8780;  1 drivers
v000001c6788d28c0_0 .net "clk", 0 0, L_000001c6788068e0;  alias, 1 drivers
v000001c6788d0f20_0 .var/i "i", 31 0;
v000001c6788d3360_0 .net "rd_i", 4 0, L_000001c67880c990;  alias, 1 drivers
v000001c6788d2780 .array "rf", 0 31, 31 0;
v000001c6788d1b00_0 .net "rs1_i", 4 0, L_000001c678907b40;  alias, 1 drivers
v000001c6788d16a0_0 .net "rs1_o", 31 0, L_000001c6788fa4e0;  alias, 1 drivers
v000001c6788d17e0_0 .net "rs2_i", 4 0, L_000001c678907f00;  alias, 1 drivers
v000001c6788d1240_0 .net "rs2_o", 31 0, L_000001c6788f99a0;  alias, 1 drivers
v000001c6788d1ba0_0 .net "rst_n", 0 0, L_000001c678806db0;  alias, 1 drivers
v000001c6788d1060_0 .net "wd_i", 31 0, L_000001c67880cb50;  alias, 1 drivers
v000001c6788d1ce0_0 .net "we_i", 0 0, L_000001c67880c300;  alias, 1 drivers
L_000001c6788f9ae0 .cmp/eq 5, L_000001c678907b40, L_000001c67890bb48;
L_000001c6788fa260 .array/port v000001c6788d2780, L_000001c6788f8780;
L_000001c6788f8780 .concat [ 5 2 0 0], L_000001c678907b40, L_000001c67890bbd8;
L_000001c6788fa4e0 .functor MUXZ 32, L_000001c6788fa260, L_000001c67890bb90, L_000001c6788f9ae0, C4<>;
L_000001c6788f8fa0 .cmp/eq 5, L_000001c678907f00, L_000001c67890bc20;
L_000001c6788f9860 .array/port v000001c6788d2780, L_000001c6788f9400;
L_000001c6788f9400 .concat [ 5 2 0 0], L_000001c678907f00, L_000001c67890bcb0;
L_000001c6788f99a0 .functor MUXZ 32, L_000001c6788f9860, L_000001c67890bc68, L_000001c6788f8fa0, C4<>;
S_000001c6788c5b40 .scope module, "u_id_ex" "id_ex_reg" 4 468, 16 3 0, S_000001c6786a5b50;
 .timescale -9 -12;
    .port_info 0 /INPUT 1 "clk";
    .port_info 1 /INPUT 1 "rst_n";
    .port_info 2 /INPUT 1 "stall_i";
    .port_info 3 /INPUT 1 "flush_i";
    .port_info 4 /INPUT 1 "id_valid_i";
    .port_info 5 /INPUT 32 "id_pc_i";
    .port_info 6 /INPUT 32 "id_rs1_val_i";
    .port_info 7 /INPUT 32 "id_rs2_val_i";
    .port_info 8 /INPUT 32 "id_imm_i";
    .port_info 9 /INPUT 5 "id_rs1_i";
    .port_info 10 /INPUT 5 "id_rs2_i";
    .port_info 11 /INPUT 5 "id_rd_i";
    .port_info 12 /INPUT 3 "id_alu_op_i";
    .port_info 13 /INPUT 1 "id_alu_src_imm_i";
    .port_info 14 /INPUT 1 "id_branch_i";
    .port_info 15 /INPUT 1 "id_jal_i";
    .port_info 16 /INPUT 1 "id_jalr_i";
    .port_info 17 /INPUT 1 "id_mem_read_i";
    .port_info 18 /INPUT 1 "id_mem_write_i";
    .port_info 19 /INPUT 2 "id_wb_sel_i";
    .port_info 20 /INPUT 1 "id_reg_write_i";
    .port_info 21 /INPUT 3 "id_br_funct3_i";
    .port_info 22 /INPUT 1 "id_shift_right_i";
    .port_info 23 /INPUT 1 "id_shift_arith_i";
    .port_info 24 /INPUT 1 "id_is_auipc_i";
    .port_info 25 /INPUT 1 "id_is_lui_i";
    .port_info 26 /INPUT 3 "id_mem_funct3_i";
    .port_info 27 /OUTPUT 3 "ex_mem_funct3_o";
    .port_info 28 /OUTPUT 1 "ex_shift_right_o";
    .port_info 29 /OUTPUT 1 "ex_shift_arith_o";
    .port_info 30 /OUTPUT 1 "ex_is_auipc_o";
    .port_info 31 /OUTPUT 1 "ex_is_lui_o";
    .port_info 32 /OUTPUT 32 "ex_pc_o";
    .port_info 33 /OUTPUT 32 "ex_rs1_val_o";
    .port_info 34 /OUTPUT 32 "ex_rs2_val_o";
    .port_info 35 /OUTPUT 32 "ex_imm_o";
    .port_info 36 /OUTPUT 5 "ex_rs1_o";
    .port_info 37 /OUTPUT 5 "ex_rs2_o";
    .port_info 38 /OUTPUT 5 "ex_rd_o";
    .port_info 39 /OUTPUT 3 "ex_alu_op_o";
    .port_info 40 /OUTPUT 1 "ex_alu_src_imm_o";
    .port_info 41 /OUTPUT 1 "ex_branch_o";
    .port_info 42 /OUTPUT 1 "ex_jal_o";
    .port_info 43 /OUTPUT 1 "ex_jalr_o";
    .port_info 44 /OUTPUT 1 "ex_mem_read_o";
    .port_info 45 /OUTPUT 1 "ex_mem_write_o";
    .port_info 46 /OUTPUT 2 "ex_wb_sel_o";
    .port_info 47 /OUTPUT 1 "ex_reg_write_o";
    .port_info 48 /OUTPUT 3 "ex_br_funct3_o";
    .port_info 49 /OUTPUT 1 "ex_valid_o";
P_000001c678823e90 .param/l "WB_ALU" 1 16 68, C4<00>;
L_000001c67880ad90 .functor BUFZ 32, v000001c6788eb0b0_0, C4<00000000000000000000000000000000>, C4<00000000000000000000000000000000>, C4<00000000000000000000000000000000>;
L_000001c67880abd0 .functor BUFZ 32, v000001c6788ec550_0, C4<00000000000000000000000000000000>, C4<00000000000000000000000000000000>, C4<00000000000000000000000000000000>;
L_000001c67880b2d0 .functor BUFZ 32, v000001c6788eb510_0, C4<00000000000000000000000000000000>, C4<00000000000000000000000000000000>, C4<00000000000000000000000000000000>;
L_000001c678809f90 .functor BUFZ 32, v000001c6788ec410_0, C4<00000000000000000000000000000000>, C4<00000000000000000000000000000000>, C4<00000000000000000000000000000000>;
L_000001c67880b110 .functor BUFZ 5, v000001c6788eb470_0, C4<00000>, C4<00000>, C4<00000>;
L_000001c67880b8f0 .functor BUFZ 5, v000001c6788eceb0_0, C4<00000>, C4<00000>, C4<00000>;
L_000001c67880a7e0 .functor BUFZ 5, v000001c6788eaf70_0, C4<00000>, C4<00000>, C4<00000>;
L_000001c67880a230 .functor BUFZ 3, v000001c6788ea390_0, C4<000>, C4<000>, C4<000>;
L_000001c67880a000 .functor BUFZ 1, v000001c6788e9490_0, C4<0>, C4<0>, C4<0>;
L_000001c67880a0e0 .functor BUFZ 1, v000001c6788e9c10_0, C4<0>, C4<0>, C4<0>;
L_000001c67880a850 .functor BUFZ 1, v000001c6788ebfb0_0, C4<0>, C4<0>, C4<0>;
L_000001c67880a8c0 .functor BUFZ 1, v000001c6788ec910_0, C4<0>, C4<0>, C4<0>;
L_000001c67880aee0 .functor BUFZ 1, v000001c6788eccd0_0, C4<0>, C4<0>, C4<0>;
L_000001c67880a070 .functor BUFZ 1, v000001c6788eb330_0, C4<0>, C4<0>, C4<0>;
L_000001c67880b960 .functor BUFZ 2, v000001c6788eacf0_0, C4<00>, C4<00>, C4<00>;
L_000001c67880acb0 .functor BUFZ 1, v000001c6788ec230_0, C4<0>, C4<0>, C4<0>;
L_000001c67880ae00 .functor BUFZ 3, v000001c6788e8810_0, C4<000>, C4<000>, C4<000>;
L_000001c67880b030 .functor BUFZ 1, v000001c6788eba10_0, C4<0>, C4<0>, C4<0>;
L_000001c67880a460 .functor BUFZ 1, v000001c6788eb970_0, C4<0>, C4<0>, C4<0>;
L_000001c67880a770 .functor BUFZ 1, v000001c6788eb8d0_0, C4<0>, C4<0>, C4<0>;
L_000001c67880a310 .functor BUFZ 1, v000001c6788eab10_0, C4<0>, C4<0>, C4<0>;
L_000001c67880aa80 .functor BUFZ 1, v000001c6788eaa70_0, C4<0>, C4<0>, C4<0>;
L_000001c67880a9a0 .functor BUFZ 3, v000001c6788eb010_0, C4<000>, C4<000>, C4<000>;
L_000001c67890bd88 .functor BUFT 1, C4<00000000000000000000000000000000>, C4<0>, C4<0>, C4<0>;
v000001c6788d3f40_0 .net/2u *"_ivl_0", 31 0, L_000001c67890bd88;  1 drivers
L_000001c67890c250 .functor BUFT 1, C4<000>, C4<0>, C4<0>, C4<0>;
v000001c6788d5ac0_0 .net/2u *"_ivl_102", 2 0, L_000001c67890c250;  1 drivers
v000001c6788d5b60_0 .net *"_ivl_104", 2 0, L_000001c67896a560;  1 drivers
L_000001c67890c298 .functor BUFT 1, C4<0>, C4<0>, C4<0>, C4<0>;
v000001c6788d3e00_0 .net/2u *"_ivl_108", 0 0, L_000001c67890c298;  1 drivers
v000001c6788d4440_0 .net *"_ivl_110", 0 0, L_000001c678969f20;  1 drivers
L_000001c67890c2e0 .functor BUFT 1, C4<0>, C4<0>, C4<0>, C4<0>;
v000001c6788d44e0_0 .net/2u *"_ivl_114", 0 0, L_000001c67890c2e0;  1 drivers
v000001c6788d3a40_0 .net *"_ivl_116", 0 0, L_000001c67896aba0;  1 drivers
L_000001c67890be18 .functor BUFT 1, C4<00000000000000000000000000000000>, C4<0>, C4<0>, C4<0>;
v000001c6788d5c00_0 .net/2u *"_ivl_12", 31 0, L_000001c67890be18;  1 drivers
L_000001c67890c328 .functor BUFT 1, C4<0>, C4<0>, C4<0>, C4<0>;
v000001c6788d5ca0_0 .net/2u *"_ivl_120", 0 0, L_000001c67890c328;  1 drivers
v000001c6788d5d40_0 .net *"_ivl_122", 0 0, L_000001c678969fc0;  1 drivers
L_000001c67890c370 .functor BUFT 1, C4<0>, C4<0>, C4<0>, C4<0>;
v000001c6788d5de0_0 .net/2u *"_ivl_126", 0 0, L_000001c67890c370;  1 drivers
v000001c6788d6060_0 .net *"_ivl_128", 0 0, L_000001c67896a740;  1 drivers
L_000001c67890c3b8 .functor BUFT 1, C4<0>, C4<0>, C4<0>, C4<0>;
v000001c6788d5fc0_0 .net/2u *"_ivl_132", 0 0, L_000001c67890c3b8;  1 drivers
v000001c6788d6600_0 .net *"_ivl_134", 0 0, L_000001c67896ae20;  1 drivers
v000001c6788d62e0_0 .net *"_ivl_14", 31 0, L_000001c6788fa3a0;  1 drivers
L_000001c67890be60 .functor BUFT 1, C4<00000000000000000000000000000000>, C4<0>, C4<0>, C4<0>;
v000001c6788d64c0_0 .net/2u *"_ivl_18", 31 0, L_000001c67890be60;  1 drivers
v000001c6788d6100_0 .net *"_ivl_2", 31 0, L_000001c6788f8320;  1 drivers
v000001c6788d6380_0 .net *"_ivl_20", 31 0, L_000001c6788f97c0;  1 drivers
L_000001c67890bea8 .functor BUFT 1, C4<010>, C4<0>, C4<0>, C4<0>;
v000001c6788d6240_0 .net/2u *"_ivl_24", 2 0, L_000001c67890bea8;  1 drivers
v000001c6788d6560_0 .net *"_ivl_26", 2 0, L_000001c6788f8b40;  1 drivers
L_000001c67890bef0 .functor BUFT 1, C4<00000>, C4<0>, C4<0>, C4<0>;
v000001c6788d61a0_0 .net/2u *"_ivl_30", 4 0, L_000001c67890bef0;  1 drivers
v000001c6788d5f20_0 .net *"_ivl_32", 4 0, L_000001c6788fa760;  1 drivers
L_000001c67890bf38 .functor BUFT 1, C4<00000>, C4<0>, C4<0>, C4<0>;
v000001c6788d6420_0 .net/2u *"_ivl_36", 4 0, L_000001c67890bf38;  1 drivers
v000001c6788ea750_0 .net *"_ivl_38", 4 0, L_000001c6788fa6c0;  1 drivers
L_000001c67890bf80 .functor BUFT 1, C4<00000>, C4<0>, C4<0>, C4<0>;
v000001c6788e97b0_0 .net/2u *"_ivl_42", 4 0, L_000001c67890bf80;  1 drivers
v000001c6788ea430_0 .net *"_ivl_44", 4 0, L_000001c6788fa800;  1 drivers
L_000001c67890bfc8 .functor BUFT 1, C4<000>, C4<0>, C4<0>, C4<0>;
v000001c6788e9030_0 .net/2u *"_ivl_48", 2 0, L_000001c67890bfc8;  1 drivers
v000001c6788ea4d0_0 .net *"_ivl_50", 2 0, L_000001c6788f9cc0;  1 drivers
L_000001c67890c010 .functor BUFT 1, C4<0>, C4<0>, C4<0>, C4<0>;
v000001c6788e9350_0 .net/2u *"_ivl_54", 0 0, L_000001c67890c010;  1 drivers
v000001c6788e8f90_0 .net *"_ivl_56", 0 0, L_000001c6788f8500;  1 drivers
L_000001c67890bdd0 .functor BUFT 1, C4<00000000000000000000000000000000>, C4<0>, C4<0>, C4<0>;
v000001c6788e9990_0 .net/2u *"_ivl_6", 31 0, L_000001c67890bdd0;  1 drivers
L_000001c67890c058 .functor BUFT 1, C4<0>, C4<0>, C4<0>, C4<0>;
v000001c6788e92b0_0 .net/2u *"_ivl_60", 0 0, L_000001c67890c058;  1 drivers
v000001c6788ea7f0_0 .net *"_ivl_62", 0 0, L_000001c6788f85a0;  1 drivers
L_000001c67890c0a0 .functor BUFT 1, C4<0>, C4<0>, C4<0>, C4<0>;
v000001c6788e84f0_0 .net/2u *"_ivl_66", 0 0, L_000001c67890c0a0;  1 drivers
v000001c6788e8590_0 .net *"_ivl_68", 0 0, L_000001c6788f92c0;  1 drivers
L_000001c67890c0e8 .functor BUFT 1, C4<0>, C4<0>, C4<0>, C4<0>;
v000001c6788e90d0_0 .net/2u *"_ivl_72", 0 0, L_000001c67890c0e8;  1 drivers
v000001c6788e9210_0 .net *"_ivl_74", 0 0, L_000001c6788f8640;  1 drivers
L_000001c67890c130 .functor BUFT 1, C4<0>, C4<0>, C4<0>, C4<0>;
v000001c6788ea2f0_0 .net/2u *"_ivl_78", 0 0, L_000001c67890c130;  1 drivers
v000001c6788e8950_0 .net *"_ivl_8", 31 0, L_000001c6788f83c0;  1 drivers
v000001c6788e83b0_0 .net *"_ivl_80", 0 0, L_000001c6788f8c80;  1 drivers
L_000001c67890c178 .functor BUFT 1, C4<0>, C4<0>, C4<0>, C4<0>;
v000001c6788e8630_0 .net/2u *"_ivl_84", 0 0, L_000001c67890c178;  1 drivers
v000001c6788e9170_0 .net *"_ivl_86", 0 0, L_000001c6788f88c0;  1 drivers
L_000001c67890c1c0 .functor BUFT 1, C4<00>, C4<0>, C4<0>, C4<0>;
v000001c6788e88b0_0 .net/2u *"_ivl_90", 1 0, L_000001c67890c1c0;  1 drivers
v000001c6788e93f0_0 .net *"_ivl_92", 1 0, L_000001c6788f8dc0;  1 drivers
L_000001c67890c208 .functor BUFT 1, C4<0>, C4<0>, C4<0>, C4<0>;
v000001c6788e9850_0 .net/2u *"_ivl_96", 0 0, L_000001c67890c208;  1 drivers
v000001c6788e8270_0 .net *"_ivl_98", 0 0, L_000001c678969ca0;  1 drivers
v000001c6788e9a30_0 .net "alu_op_d", 2 0, L_000001c6788f9ea0;  1 drivers
v000001c6788ea390_0 .var "alu_op_q", 2 0;
v000001c6788e9530_0 .net "alu_src_d", 0 0, L_000001c6788f90e0;  1 drivers
v000001c6788e9490_0 .var "alu_src_imm_q", 0 0;
v000001c6788e8ef0_0 .net "br_f3_d", 2 0, L_000001c67896a600;  1 drivers
v000001c6788e8810_0 .var "br_funct3_q", 2 0;
v000001c6788e89f0_0 .net "branch_d", 0 0, L_000001c6788f9180;  1 drivers
v000001c6788e9c10_0 .var "branch_q", 0 0;
v000001c6788e8bd0_0 .net "clk", 0 0, L_000001c6788068e0;  alias, 1 drivers
v000001c6788e8d10_0 .net "ex_alu_op_o", 2 0, L_000001c67880a230;  alias, 1 drivers
v000001c6788e8450_0 .net "ex_alu_src_imm_o", 0 0, L_000001c67880a000;  alias, 1 drivers
v000001c6788e8db0_0 .net "ex_br_funct3_o", 2 0, L_000001c67880ae00;  alias, 1 drivers
v000001c6788e95d0_0 .net "ex_branch_o", 0 0, L_000001c67880a0e0;  alias, 1 drivers
v000001c6788e9670_0 .net "ex_imm_o", 31 0, L_000001c678809f90;  alias, 1 drivers
v000001c6788e9710_0 .net "ex_is_auipc_o", 0 0, L_000001c67880a310;  alias, 1 drivers
v000001c6788ea570_0 .net "ex_is_lui_o", 0 0, L_000001c67880aa80;  alias, 1 drivers
v000001c6788e98f0_0 .net "ex_jal_o", 0 0, L_000001c67880a850;  alias, 1 drivers
v000001c6788e9ad0_0 .net "ex_jalr_o", 0 0, L_000001c67880a8c0;  alias, 1 drivers
v000001c6788e9cb0_0 .net "ex_mem_funct3_o", 2 0, L_000001c67880a9a0;  alias, 1 drivers
v000001c6788e8090_0 .net "ex_mem_read_o", 0 0, L_000001c67880aee0;  alias, 1 drivers
v000001c6788e8130_0 .net "ex_mem_write_o", 0 0, L_000001c67880a070;  alias, 1 drivers
v000001c6788e8310_0 .net "ex_pc_o", 31 0, L_000001c67880ad90;  alias, 1 drivers
v000001c6788e9b70_0 .net "ex_rd_o", 4 0, L_000001c67880a7e0;  alias, 1 drivers
v000001c6788ea610_0 .net "ex_reg_write_o", 0 0, L_000001c67880acb0;  alias, 1 drivers
v000001c6788ea6b0_0 .net "ex_rs1_o", 4 0, L_000001c67880b110;  alias, 1 drivers
v000001c6788e9d50_0 .net "ex_rs1_val_o", 31 0, L_000001c67880abd0;  alias, 1 drivers
v000001c6788e86d0_0 .net "ex_rs2_o", 4 0, L_000001c67880b8f0;  alias, 1 drivers
v000001c6788e9df0_0 .net "ex_rs2_val_o", 31 0, L_000001c67880b2d0;  alias, 1 drivers
v000001c6788e9e90_0 .net "ex_shift_arith_o", 0 0, L_000001c67880a770;  alias, 1 drivers
v000001c6788e8770_0 .net "ex_shift_right_o", 0 0, L_000001c67880a460;  alias, 1 drivers
v000001c6788e9f30_0 .net "ex_valid_o", 0 0, L_000001c67880b030;  alias, 1 drivers
v000001c6788e8e50_0 .net "ex_wb_sel_o", 1 0, L_000001c67880b960;  alias, 1 drivers
v000001c6788e9fd0_0 .net "flush_i", 0 0, L_000001c67880ddb0;  alias, 1 drivers
v000001c6788ea070_0 .net "id_alu_op_i", 2 0, v000001c6788d35e0_0;  alias, 1 drivers
v000001c6788ea110_0 .net "id_alu_src_imm_i", 0 0, v000001c6788d3040_0;  alias, 1 drivers
v000001c6788e8a90_0 .net "id_br_funct3_i", 2 0, L_000001c678809ba0;  alias, 1 drivers
v000001c6788e81d0_0 .net "id_branch_i", 0 0, v000001c6788d3400_0;  alias, 1 drivers
v000001c6788ea1b0_0 .net "id_imm_i", 31 0, v000001c6788d5840_0;  alias, 1 drivers
v000001c6788ea250_0 .net "id_is_auipc_i", 0 0, v000001c6788d48a0_0;  alias, 1 drivers
v000001c6788e8b30_0 .net "id_is_lui_i", 0 0, v000001c6788d5e80_0;  alias, 1 drivers
v000001c6788e8c70_0 .net "id_jal_i", 0 0, v000001c6788d4760_0;  alias, 1 drivers
v000001c6788ea890_0 .net "id_jalr_i", 0 0, v000001c6788d53e0_0;  alias, 1 drivers
v000001c6788ebd30_0 .net "id_mem_funct3_i", 2 0, v000001c6788d4580_0;  alias, 1 drivers
v000001c6788ea930_0 .net "id_mem_read_i", 0 0, v000001c6788d4a80_0;  alias, 1 drivers
v000001c6788ebc90_0 .net "id_mem_write_i", 0 0, v000001c6788d3b80_0;  alias, 1 drivers
v000001c6788ebdd0_0 .net "id_pc_i", 31 0, L_000001c678809eb0;  alias, 1 drivers
v000001c6788ea9d0_0 .net "id_rd_i", 4 0, L_000001c678809c10;  alias, 1 drivers
v000001c6788eb3d0_0 .net "id_reg_write_i", 0 0, v000001c6788d4da0_0;  alias, 1 drivers
v000001c6788ecc30_0 .net "id_rs1_i", 4 0, L_000001c678809350;  alias, 1 drivers
v000001c6788ec870_0 .net "id_rs1_val_i", 31 0, L_000001c6788f9fe0;  alias, 1 drivers
v000001c6788eb830_0 .net "id_rs2_i", 4 0, L_000001c678809510;  alias, 1 drivers
v000001c6788eb650_0 .net "id_rs2_val_i", 31 0, L_000001c6788f9900;  alias, 1 drivers
v000001c6788ebbf0_0 .net "id_shift_arith_i", 0 0, v000001c6788d5340_0;  alias, 1 drivers
v000001c6788eb6f0_0 .net "id_shift_right_i", 0 0, v000001c6788d57a0_0;  alias, 1 drivers
v000001c6788ec4b0_0 .net "id_valid_i", 0 0, L_000001c6788085c0;  alias, 1 drivers
v000001c6788ec370_0 .net "id_wb_sel_i", 1 0, v000001c6788d3900_0;  alias, 1 drivers
v000001c6788eb150_0 .net "imm_d", 31 0, L_000001c6788fa440;  1 drivers
v000001c6788ec410_0 .var "imm_q", 31 0;
v000001c6788eb1f0_0 .net "is_auipc_d", 0 0, L_000001c67896bd20;  1 drivers
v000001c6788eab10_0 .var "is_auipc_q", 0 0;
v000001c6788eabb0_0 .net "is_lui_d", 0 0, L_000001c67896a240;  1 drivers
v000001c6788eaa70_0 .var "is_lui_q", 0 0;
v000001c6788ec730_0 .net "jal_d", 0 0, L_000001c6788f9680;  1 drivers
v000001c6788ebfb0_0 .var "jal_q", 0 0;
v000001c6788ec7d0_0 .net "jalr_d", 0 0, L_000001c6788f9720;  1 drivers
v000001c6788ec910_0 .var "jalr_q", 0 0;
v000001c6788ec050_0 .net "mem_f3_d", 2 0, L_000001c6788fa580;  1 drivers
v000001c6788eb010_0 .var "mem_f3_q", 2 0;
v000001c6788ec9b0_0 .net "mem_rd_d", 0 0, L_000001c6788f86e0;  1 drivers
v000001c6788eccd0_0 .var "mem_read_q", 0 0;
v000001c6788eac50_0 .net "mem_wr_d", 0 0, L_000001c6788f8d20;  1 drivers
v000001c6788eb330_0 .var "mem_write_q", 0 0;
v000001c6788eb290_0 .net "pc_d", 31 0, L_000001c6788fa120;  1 drivers
v000001c6788eb0b0_0 .var "pc_q", 31 0;
v000001c6788eb790_0 .net "rdr_d", 4 0, L_000001c6788f8be0;  1 drivers
v000001c6788eaf70_0 .var "rdr_q", 4 0;
v000001c6788ecf50_0 .net "reg_wr_d", 0 0, L_000001c67896a1a0;  1 drivers
v000001c6788ec230_0 .var "reg_write_q", 0 0;
v000001c6788ec2d0_0 .net "rs1_d", 31 0, L_000001c6788f8aa0;  1 drivers
v000001c6788ec550_0 .var "rs1_q", 31 0;
v000001c6788eca50_0 .net "rs1r_d", 4 0, L_000001c6788fa620;  1 drivers
v000001c6788eb470_0 .var "rs1r_q", 4 0;
v000001c6788ebab0_0 .net "rs2_d", 31 0, L_000001c6788fa080;  1 drivers
v000001c6788eb510_0 .var "rs2_q", 31 0;
v000001c6788ecff0_0 .net "rs2r_d", 4 0, L_000001c6788f8460;  1 drivers
v000001c6788eceb0_0 .var "rs2r_q", 4 0;
v000001c6788ebe70_0 .net "rst_n", 0 0, L_000001c678806db0;  alias, 1 drivers
v000001c6788eb5b0_0 .net "shift_arith_d", 0 0, L_000001c67896a6a0;  1 drivers
v000001c6788eb8d0_0 .var "shift_arith_q", 0 0;
v000001c6788ec5f0_0 .net "shift_right_d", 0 0, L_000001c67896ad80;  1 drivers
v000001c6788eb970_0 .var "shift_right_q", 0 0;
v000001c6788ec690_0 .net "stall_i", 0 0, L_000001c67880e3d0;  alias, 1 drivers
v000001c6788ecaf0_0 .net "valid_d", 0 0, L_000001c67896b000;  1 drivers
v000001c6788eba10_0 .var "valid_q", 0 0;
v000001c6788ebb50_0 .net "wb_sel_d", 1 0, L_000001c67896a880;  1 drivers
v000001c6788eacf0_0 .var "wb_sel_q", 1 0;
L_000001c6788f8320 .functor MUXZ 32, L_000001c678809eb0, v000001c6788eb0b0_0, L_000001c67880e3d0, C4<>;
L_000001c6788fa120 .functor MUXZ 32, L_000001c6788f8320, L_000001c67890bd88, L_000001c67880ddb0, C4<>;
L_000001c6788f83c0 .functor MUXZ 32, L_000001c6788f9fe0, v000001c6788ec550_0, L_000001c67880e3d0, C4<>;
L_000001c6788f8aa0 .functor MUXZ 32, L_000001c6788f83c0, L_000001c67890bdd0, L_000001c67880ddb0, C4<>;
L_000001c6788fa3a0 .functor MUXZ 32, L_000001c6788f9900, v000001c6788eb510_0, L_000001c67880e3d0, C4<>;
L_000001c6788fa080 .functor MUXZ 32, L_000001c6788fa3a0, L_000001c67890be18, L_000001c67880ddb0, C4<>;
L_000001c6788f97c0 .functor MUXZ 32, v000001c6788d5840_0, v000001c6788ec410_0, L_000001c67880e3d0, C4<>;
L_000001c6788fa440 .functor MUXZ 32, L_000001c6788f97c0, L_000001c67890be60, L_000001c67880ddb0, C4<>;
L_000001c6788f8b40 .functor MUXZ 3, v000001c6788d4580_0, v000001c6788eb010_0, L_000001c67880e3d0, C4<>;
L_000001c6788fa580 .functor MUXZ 3, L_000001c6788f8b40, L_000001c67890bea8, L_000001c67880ddb0, C4<>;
L_000001c6788fa760 .functor MUXZ 5, L_000001c678809350, v000001c6788eb470_0, L_000001c67880e3d0, C4<>;
L_000001c6788fa620 .functor MUXZ 5, L_000001c6788fa760, L_000001c67890bef0, L_000001c67880ddb0, C4<>;
L_000001c6788fa6c0 .functor MUXZ 5, L_000001c678809510, v000001c6788eceb0_0, L_000001c67880e3d0, C4<>;
L_000001c6788f8460 .functor MUXZ 5, L_000001c6788fa6c0, L_000001c67890bf38, L_000001c67880ddb0, C4<>;
L_000001c6788fa800 .functor MUXZ 5, L_000001c678809c10, v000001c6788eaf70_0, L_000001c67880e3d0, C4<>;
L_000001c6788f8be0 .functor MUXZ 5, L_000001c6788fa800, L_000001c67890bf80, L_000001c67880ddb0, C4<>;
L_000001c6788f9cc0 .functor MUXZ 3, v000001c6788d35e0_0, v000001c6788ea390_0, L_000001c67880e3d0, C4<>;
L_000001c6788f9ea0 .functor MUXZ 3, L_000001c6788f9cc0, L_000001c67890bfc8, L_000001c67880ddb0, C4<>;
L_000001c6788f8500 .functor MUXZ 1, v000001c6788d3040_0, v000001c6788e9490_0, L_000001c67880e3d0, C4<>;
L_000001c6788f90e0 .functor MUXZ 1, L_000001c6788f8500, L_000001c67890c010, L_000001c67880ddb0, C4<>;
L_000001c6788f85a0 .functor MUXZ 1, v000001c6788d3400_0, v000001c6788e9c10_0, L_000001c67880e3d0, C4<>;
L_000001c6788f9180 .functor MUXZ 1, L_000001c6788f85a0, L_000001c67890c058, L_000001c67880ddb0, C4<>;
L_000001c6788f92c0 .functor MUXZ 1, v000001c6788d4760_0, v000001c6788ebfb0_0, L_000001c67880e3d0, C4<>;
L_000001c6788f9680 .functor MUXZ 1, L_000001c6788f92c0, L_000001c67890c0a0, L_000001c67880ddb0, C4<>;
L_000001c6788f8640 .functor MUXZ 1, v000001c6788d53e0_0, v000001c6788ec910_0, L_000001c67880e3d0, C4<>;
L_000001c6788f9720 .functor MUXZ 1, L_000001c6788f8640, L_000001c67890c0e8, L_000001c67880ddb0, C4<>;
L_000001c6788f8c80 .functor MUXZ 1, v000001c6788d4a80_0, v000001c6788eccd0_0, L_000001c67880e3d0, C4<>;
L_000001c6788f86e0 .functor MUXZ 1, L_000001c6788f8c80, L_000001c67890c130, L_000001c67880ddb0, C4<>;
L_000001c6788f88c0 .functor MUXZ 1, v000001c6788d3b80_0, v000001c6788eb330_0, L_000001c67880e3d0, C4<>;
L_000001c6788f8d20 .functor MUXZ 1, L_000001c6788f88c0, L_000001c67890c178, L_000001c67880ddb0, C4<>;
L_000001c6788f8dc0 .functor MUXZ 2, v000001c6788d3900_0, v000001c6788eacf0_0, L_000001c67880e3d0, C4<>;
L_000001c67896a880 .functor MUXZ 2, L_000001c6788f8dc0, L_000001c67890c1c0, L_000001c67880ddb0, C4<>;
L_000001c678969ca0 .functor MUXZ 1, v000001c6788d4da0_0, v000001c6788ec230_0, L_000001c67880e3d0, C4<>;
L_000001c67896a1a0 .functor MUXZ 1, L_000001c678969ca0, L_000001c67890c208, L_000001c67880ddb0, C4<>;
L_000001c67896a560 .functor MUXZ 3, L_000001c678809ba0, v000001c6788e8810_0, L_000001c67880e3d0, C4<>;
L_000001c67896a600 .functor MUXZ 3, L_000001c67896a560, L_000001c67890c250, L_000001c67880ddb0, C4<>;
L_000001c678969f20 .functor MUXZ 1, L_000001c6788085c0, v000001c6788eba10_0, L_000001c67880e3d0, C4<>;
L_000001c67896b000 .functor MUXZ 1, L_000001c678969f20, L_000001c67890c298, L_000001c67880ddb0, C4<>;
L_000001c67896aba0 .functor MUXZ 1, v000001c6788d57a0_0, v000001c6788eb970_0, L_000001c67880e3d0, C4<>;
L_000001c67896ad80 .functor MUXZ 1, L_000001c67896aba0, L_000001c67890c2e0, L_000001c67880ddb0, C4<>;
L_000001c678969fc0 .functor MUXZ 1, v000001c6788d5340_0, v000001c6788eb8d0_0, L_000001c67880e3d0, C4<>;
L_000001c67896a6a0 .functor MUXZ 1, L_000001c678969fc0, L_000001c67890c328, L_000001c67880ddb0, C4<>;
L_000001c67896a740 .functor MUXZ 1, v000001c6788d48a0_0, v000001c6788eab10_0, L_000001c67880e3d0, C4<>;
L_000001c67896bd20 .functor MUXZ 1, L_000001c67896a740, L_000001c67890c370, L_000001c67880ddb0, C4<>;
L_000001c67896ae20 .functor MUXZ 1, v000001c6788d5e80_0, v000001c6788eaa70_0, L_000001c67880e3d0, C4<>;
L_000001c67896a240 .functor MUXZ 1, L_000001c67896ae20, L_000001c67890c3b8, L_000001c67880ddb0, C4<>;
S_000001c6788c5cd0 .scope module, "u_if_id" "if_id_reg" 4 394, 17 2 0, S_000001c6786a5b50;
 .timescale -9 -12;
    .port_info 0 /INPUT 1 "clk";
    .port_info 1 /INPUT 1 "rst_n";
    .port_info 2 /INPUT 1 "stall_i";
    .port_info 3 /INPUT 1 "flush_i";
    .port_info 4 /INPUT 32 "if_pc_i";
    .port_info 5 /INPUT 32 "if_instr_i";
    .port_info 6 /INPUT 1 "if_valid_i";
    .port_info 7 /OUTPUT 32 "id_pc_o";
    .port_info 8 /OUTPUT 32 "id_instr_o";
    .port_info 9 /OUTPUT 1 "id_valid_o";
P_000001c678823350 .param/l "INSTR_NOP" 1 17 22, C4<00000000000000000000000000010011>;
L_000001c678809eb0 .functor BUFZ 32, v000001c6788ed270_0, C4<00000000000000000000000000000000>, C4<00000000000000000000000000000000>, C4<00000000000000000000000000000000>;
L_000001c678809740 .functor BUFZ 32, v000001c6788ee350_0, C4<00000000000000000000000000000000>, C4<00000000000000000000000000000000>, C4<00000000000000000000000000000000>;
L_000001c678808e10 .functor BUFZ 1, v000001c6788ed310_0, C4<0>, C4<0>, C4<0>;
L_000001c67890b998 .functor BUFT 1, C4<00000000000000000000000000000000>, C4<0>, C4<0>, C4<0>;
v000001c6788ebf10_0 .net/2u *"_ivl_0", 31 0, L_000001c67890b998;  1 drivers
L_000001c67890ba28 .functor BUFT 1, C4<0>, C4<0>, C4<0>, C4<0>;
v000001c6788ecb90_0 .net/2u *"_ivl_12", 0 0, L_000001c67890ba28;  1 drivers
v000001c6788ec0f0_0 .net *"_ivl_14", 0 0, L_000001c6789070a0;  1 drivers
v000001c6788ead90_0 .net *"_ivl_2", 31 0, L_000001c6789075a0;  1 drivers
L_000001c67890b9e0 .functor BUFT 1, C4<00000000000000000000000000010011>, C4<0>, C4<0>, C4<0>;
v000001c6788ecd70_0 .net/2u *"_ivl_6", 31 0, L_000001c67890b9e0;  1 drivers
v000001c6788ece10_0 .net *"_ivl_8", 31 0, L_000001c678907460;  1 drivers
v000001c6788eae30_0 .net "clk", 0 0, L_000001c6788068e0;  alias, 1 drivers
v000001c6788ec190_0 .net "flush_i", 0 0, L_000001c67880e360;  alias, 1 drivers
v000001c6788eaed0_0 .net "id_instr_o", 31 0, L_000001c678809740;  alias, 1 drivers
v000001c6788ee210_0 .net "id_pc_o", 31 0, L_000001c678809eb0;  alias, 1 drivers
v000001c6788ee670_0 .net "id_valid_o", 0 0, L_000001c678808e10;  alias, 1 drivers
v000001c6788ed6d0_0 .net "if_instr_i", 31 0, v000001c6788ca130_0;  alias, 1 drivers
v000001c6788ed090_0 .net "if_pc_i", 31 0, v000001c6788caef0_0;  alias, 1 drivers
v000001c6788ed3b0_0 .net "if_valid_i", 0 0, v000001c6788caa90_0;  alias, 1 drivers
v000001c6788eedf0_0 .net "instr_d", 31 0, L_000001c678907aa0;  1 drivers
v000001c6788ee350_0 .var "instr_q", 31 0;
v000001c6788ed130_0 .net "pc_d", 31 0, L_000001c6789073c0;  1 drivers
v000001c6788ed270_0 .var "pc_q", 31 0;
v000001c6788ee490_0 .net "rst_n", 0 0, L_000001c678806db0;  alias, 1 drivers
v000001c6788ed770_0 .net "stall_i", 0 0, L_000001c67880e600;  alias, 1 drivers
v000001c6788ed1d0_0 .net "valid_d", 0 0, L_000001c678907780;  1 drivers
v000001c6788ed310_0 .var "valid_q", 0 0;
L_000001c6789075a0 .functor MUXZ 32, v000001c6788caef0_0, v000001c6788ed270_0, L_000001c67880e600, C4<>;
L_000001c6789073c0 .functor MUXZ 32, L_000001c6789075a0, L_000001c67890b998, L_000001c67880e360, C4<>;
L_000001c678907460 .functor MUXZ 32, v000001c6788ca130_0, v000001c6788ee350_0, L_000001c67880e600, C4<>;
L_000001c678907aa0 .functor MUXZ 32, L_000001c678907460, L_000001c67890b9e0, L_000001c67880e360, C4<>;
L_000001c6789070a0 .functor MUXZ 1, v000001c6788caa90_0, v000001c6788ed310_0, L_000001c67880e600, C4<>;
L_000001c678907780 .functor MUXZ 1, L_000001c6789070a0, L_000001c67890ba28, L_000001c67880e360, C4<>;
S_000001c6788c51e0 .scope module, "u_mem" "mem_stage" 4 629, 18 7 0, S_000001c6786a5b50;
 .timescale -9 -12;
    .port_info 0 /INPUT 1 "clk";
    .port_info 1 /INPUT 1 "rst_n";
    .port_info 2 /INPUT 1 "mem_valid_i";
    .port_info 3 /INPUT 32 "mem_alu_result_i";
    .port_info 4 /INPUT 32 "mem_store_data_i";
    .port_info 5 /INPUT 1 "mem_mem_read_i";
    .port_info 6 /INPUT 1 "mem_mem_write_i";
    .port_info 7 /INPUT 3 "mem_size_i";
    .port_info 8 /OUTPUT 1 "dmem_req_o";
    .port_info 9 /OUTPUT 1 "dmem_we_o";
    .port_info 10 /OUTPUT 32 "dmem_addr_o";
    .port_info 11 /OUTPUT 32 "dmem_wdata_o";
    .port_info 12 /OUTPUT 4 "dmem_wstrb_o";
    .port_info 13 /INPUT 1 "dmem_ready_i";
    .port_info 14 /INPUT 1 "dmem_rvalid_i";
    .port_info 15 /INPUT 32 "dmem_rdata_i";
    .port_info 16 /INPUT 1 "store_done_i";
    .port_info 17 /OUTPUT 32 "mem_load_rdata_o";
    .port_info 18 /OUTPUT 1 "mem_stall_o";
    .port_info 19 /OUTPUT 1 "mem_load_valid_o";
    .port_info 20 /OUTPUT 1 "mem_load_active_o";
L_000001c67880aa10 .functor OR 1, L_000001c67880b9d0, L_000001c67880ba40, C4<0>, C4<0>;
L_000001c67880aaf0 .functor XNOR 1, L_000001c67880ba40, v000001c6788f1730_0, C4<0>, C4<0>;
L_000001c67880d250 .functor XNOR 1, L_000001c67880b9d0, v000001c6788f1eb0_0, C4<0>, C4<0>;
L_000001c67880bf10 .functor AND 1, L_000001c67880aaf0, L_000001c67880d250, C4<1>, C4<1>;
L_000001c67880c920 .functor AND 1, L_000001c67880bf10, L_000001c67896c040, C4<1>, C4<1>;
L_000001c67880d2c0 .functor AND 1, L_000001c67880c920, L_000001c678969980, C4<1>, C4<1>;
L_000001c67880cdf0 .functor AND 1, L_000001c67880d2c0, L_000001c678969b60, C4<1>, C4<1>;
L_000001c67880c060 .functor AND 1, v000001c6788f0330_0, L_000001c67880cdf0, C4<1>, C4<1>;
L_000001c67880d4f0 .functor AND 1, L_000001c67880bb20, L_000001c67880aa10, C4<1>, C4<1>;
L_000001c67880bb90 .functor NOT 1, v000001c6788f1ff0_0, C4<0>, C4<0>, C4<0>;
L_000001c67880c140 .functor AND 1, L_000001c67880d4f0, L_000001c67880bb90, C4<1>, C4<1>;
L_000001c67880c370 .functor NOT 1, L_000001c67880c060, C4<0>, C4<0>, C4<0>;
L_000001c67880c610 .functor AND 1, L_000001c67880c140, L_000001c67880c370, C4<1>, C4<1>;
L_000001c67880c840 .functor NOT 1, L_000001c67880ba40, C4<0>, C4<0>, C4<0>;
L_000001c67880ca70 .functor AND 1, L_000001c67880c610, L_000001c67880c840, C4<1>, C4<1>;
L_000001c67880d170 .functor OR 1, L_000001c67896d4e0, L_000001c67896d1c0, C4<0>, C4<0>;
L_000001c67880d1e0 .functor BUFZ 1, v000001c6788f0510_0, C4<0>, C4<0>, C4<0>;
L_000001c67880ced0 .functor BUFZ 1, v000001c6788f1730_0, C4<0>, C4<0>, C4<0>;
L_000001c67880d330 .functor BUFZ 32, v000001c6788f03d0_0, C4<00000000000000000000000000000000>, C4<00000000000000000000000000000000>, C4<00000000000000000000000000000000>;
L_000001c67880bce0 .functor NOT 1, v000001c6788f1730_0, C4<0>, C4<0>, C4<0>;
L_000001c67880c450 .functor AND 1, L_000001c67880bce0, v000001c6788f1ff0_0, C4<1>, C4<1>;
L_000001c67880bf80 .functor AND 1, L_000001c67880c450, L_000001c67880d640, C4<1>, C4<1>;
L_000001c67880bdc0 .functor BUFZ 1, L_000001c67880bf80, C4<0>, C4<0>, C4<0>;
L_000001c67880bea0 .functor OR 1, v000001c6788f0c90_0, L_000001c67880ca70, C4<0>, C4<0>;
L_000001c67880bc00 .functor OR 1, L_000001c67880bea0, L_000001c67880bf80, C4<0>, C4<0>;
L_000001c67880bd50 .functor OR 1, v000001c6788f1ff0_0, L_000001c67880c610, C4<0>, C4<0>;
v000001c6788eee90_0 .net *"_ivl_101", 0 0, L_000001c67896e160;  1 drivers
v000001c6788ed810_0 .net *"_ivl_102", 0 0, L_000001c67896cea0;  1 drivers
v000001c6788ef110_0 .net *"_ivl_106", 23 0, L_000001c67896e2a0;  1 drivers
v000001c6788ed8b0_0 .net *"_ivl_109", 7 0, L_000001c67896e340;  1 drivers
v000001c6788ef750_0 .net *"_ivl_11", 0 0, L_000001c67880c920;  1 drivers
v000001c6788eead0_0 .net *"_ivl_110", 31 0, L_000001c67896c4a0;  1 drivers
v000001c6788ee850_0 .net *"_ivl_112", 15 0, L_000001c67896d260;  1 drivers
v000001c6788ee3f0_0 .net *"_ivl_115", 15 0, L_000001c67896d300;  1 drivers
v000001c6788ef4d0_0 .net *"_ivl_116", 31 0, L_000001c67896d3a0;  1 drivers
v000001c6788ee2b0_0 .net *"_ivl_118", 31 0, L_000001c67896c5e0;  1 drivers
v000001c6788ed9f0_0 .net *"_ivl_12", 0 0, L_000001c6789698e0;  1 drivers
v000001c6788ef7f0_0 .net *"_ivl_120", 31 0, L_000001c67896c540;  1 drivers
v000001c6788ee530_0 .net *"_ivl_131", 1 0, L_000001c67896e480;  1 drivers
v000001c6788ef1b0_0 .net *"_ivl_133", 3 0, L_000001c67896e520;  1 drivers
L_000001c67890c958 .functor BUFT 1, C4<0000>, C4<0>, C4<0>, C4<0>;
v000001c6788eda90_0 .net/2u *"_ivl_134", 3 0, L_000001c67890c958;  1 drivers
v000001c6788edbd0_0 .net *"_ivl_139", 1 0, L_000001c67896d440;  1 drivers
L_000001c67890c718 .functor BUFT 1, C4<1>, C4<0>, C4<0>, C4<0>;
v000001c6788ee0d0_0 .net/2u *"_ivl_14", 0 0, L_000001c67890c718;  1 drivers
v000001c6788ef250_0 .net *"_ivl_142", 0 0, L_000001c67880bce0;  1 drivers
v000001c6788edef0_0 .net *"_ivl_144", 0 0, L_000001c67880c450;  1 drivers
v000001c6788ef2f0_0 .net *"_ivl_152", 0 0, L_000001c67880bea0;  1 drivers
v000001c6788ef390_0 .net *"_ivl_16", 0 0, L_000001c678969980;  1 drivers
v000001c6788ed590_0 .net *"_ivl_19", 0 0, L_000001c67880d2c0;  1 drivers
v000001c6788ee5d0_0 .net *"_ivl_2", 0 0, L_000001c67880aaf0;  1 drivers
v000001c6788ee8f0_0 .net *"_ivl_20", 0 0, L_000001c678969b60;  1 drivers
v000001c6788edf90_0 .net *"_ivl_26", 0 0, L_000001c67880d4f0;  1 drivers
v000001c6788ee170_0 .net *"_ivl_28", 0 0, L_000001c67880bb90;  1 drivers
v000001c6788ee990_0 .net *"_ivl_30", 0 0, L_000001c67880c140;  1 drivers
v000001c6788ee710_0 .net *"_ivl_32", 0 0, L_000001c67880c370;  1 drivers
v000001c6788eeb70_0 .net *"_ivl_36", 0 0, L_000001c67880c840;  1 drivers
v000001c6788edd10_0 .net *"_ivl_4", 0 0, L_000001c67880d250;  1 drivers
L_000001c67890c760 .functor BUFT 1, C4<00>, C4<0>, C4<0>, C4<0>;
v000001c6788eef30_0 .net/2u *"_ivl_42", 1 0, L_000001c67890c760;  1 drivers
L_000001c67890c7a8 .functor BUFT 1, C4<01>, C4<0>, C4<0>, C4<0>;
v000001c6788edc70_0 .net/2u *"_ivl_46", 1 0, L_000001c67890c7a8;  1 drivers
L_000001c67890c7f0 .functor BUFT 1, C4<000>, C4<0>, C4<0>, C4<0>;
v000001c6788eea30_0 .net/2u *"_ivl_50", 2 0, L_000001c67890c7f0;  1 drivers
v000001c6788ed630_0 .net *"_ivl_52", 0 0, L_000001c67896d4e0;  1 drivers
L_000001c67890c838 .functor BUFT 1, C4<001>, C4<0>, C4<0>, C4<0>;
v000001c6788eddb0_0 .net/2u *"_ivl_54", 2 0, L_000001c67890c838;  1 drivers
v000001c6788eec10_0 .net *"_ivl_56", 0 0, L_000001c67896d1c0;  1 drivers
v000001c6788ede50_0 .net *"_ivl_61", 1 0, L_000001c67896e0c0;  1 drivers
L_000001c67890c880 .functor BUFT 1, C4<00>, C4<0>, C4<0>, C4<0>;
v000001c6788eecb0_0 .net/2u *"_ivl_62", 1 0, L_000001c67890c880;  1 drivers
v000001c6788ef070_0 .net *"_ivl_64", 0 0, L_000001c67896cb80;  1 drivers
v000001c6788ef570_0 .net *"_ivl_67", 0 0, L_000001c67896ccc0;  1 drivers
v000001c6788ef610_0 .net *"_ivl_69", 1 0, L_000001c67896cf40;  1 drivers
v000001c6788ef6b0_0 .net *"_ivl_7", 0 0, L_000001c67880bf10;  1 drivers
L_000001c67890c8c8 .functor BUFT 1, C4<01>, C4<0>, C4<0>, C4<0>;
v000001c6788f0970_0 .net/2u *"_ivl_70", 1 0, L_000001c67890c8c8;  1 drivers
v000001c6788f00b0_0 .net *"_ivl_72", 0 0, L_000001c67896de40;  1 drivers
v000001c6788f17d0_0 .net *"_ivl_75", 0 0, L_000001c67896c2c0;  1 drivers
v000001c6788ef890_0 .net *"_ivl_77", 1 0, L_000001c67896cd60;  1 drivers
L_000001c67890c910 .functor BUFT 1, C4<10>, C4<0>, C4<0>, C4<0>;
v000001c6788f0290_0 .net/2u *"_ivl_78", 1 0, L_000001c67890c910;  1 drivers
v000001c6788f1870_0 .net *"_ivl_8", 0 0, L_000001c67896c040;  1 drivers
v000001c6788f0b50_0 .net *"_ivl_80", 0 0, L_000001c67896ce00;  1 drivers
v000001c6788f12d0_0 .net *"_ivl_83", 0 0, L_000001c67896d080;  1 drivers
v000001c6788f0790_0 .net *"_ivl_85", 0 0, L_000001c67896c0e0;  1 drivers
v000001c6788ef9d0_0 .net *"_ivl_86", 0 0, L_000001c67896c400;  1 drivers
v000001c6788f1e10_0 .net *"_ivl_88", 0 0, L_000001c67896d760;  1 drivers
v000001c6788efa70_0 .net *"_ivl_90", 0 0, L_000001c67896d8a0;  1 drivers
v000001c6788f0bf0_0 .net *"_ivl_93", 0 0, L_000001c67896c180;  1 drivers
v000001c6788f1910_0 .net *"_ivl_95", 0 0, L_000001c67896c7c0;  1 drivers
v000001c6788f0150_0 .net *"_ivl_97", 0 0, L_000001c67896d120;  1 drivers
v000001c6788f1410_0 .net *"_ivl_98", 0 0, L_000001c67896c220;  1 drivers
v000001c6788f03d0_0 .var "addr_q", 31 0;
v000001c6788f1ff0_0 .var "busy_q", 0 0;
v000001c6788f0830_0 .net "clk", 0 0, L_000001c6788068e0;  alias, 1 drivers
v000001c6788f08d0_0 .net "dmem_addr_o", 31 0, L_000001c67880d330;  alias, 1 drivers
v000001c6788f1550_0 .net "dmem_rdata_i", 31 0, L_000001c67880ca00;  alias, 1 drivers
v000001c6788eff70_0 .net "dmem_ready_i", 0 0, L_000001c67880bff0;  alias, 1 drivers
v000001c6788f1f50_0 .net "dmem_req_o", 0 0, L_000001c67880d1e0;  alias, 1 drivers
v000001c6788f0650_0 .net "dmem_rvalid_i", 0 0, L_000001c67880d640;  alias, 1 drivers
v000001c6788efe30_0 .net "dmem_wdata_o", 31 0, L_000001c67896c360;  alias, 1 drivers
v000001c6788f1cd0_0 .net "dmem_we_o", 0 0, L_000001c67880ced0;  alias, 1 drivers
v000001c6788f0a10_0 .net "dmem_wstrb_o", 3 0, L_000001c67896d940;  alias, 1 drivers
v000001c6788f0ab0_0 .net "done_block", 0 0, L_000001c67880c060;  1 drivers
v000001c6788f0330_0 .var "done_q", 0 0;
v000001c6788f0c90_0 .var "load_active_q", 0 0;
v000001c6788f01f0_0 .var "load_aligned", 31 0;
v000001c6788efbb0_0 .var "load_data_q", 31 0;
v000001c6788efed0_0 .net "load_resp_fire", 0 0, L_000001c67880bf80;  1 drivers
v000001c6788efcf0_0 .net "load_result", 31 0, L_000001c67896c680;  1 drivers
v000001c6788f0d30_0 .net "load_signed", 0 0, L_000001c67880d170;  1 drivers
v000001c6788f14b0_0 .net "mem_alu_result_i", 31 0, L_000001c67880a2a0;  alias, 1 drivers
v000001c6788efb10_0 .net "mem_load_active_o", 0 0, L_000001c67880bc00;  alias, 1 drivers
v000001c6788f1050_0 .net "mem_load_rdata_o", 31 0, L_000001c67896db20;  alias, 1 drivers
v000001c6788efc50_0 .net "mem_load_valid_o", 0 0, L_000001c67880bdc0;  alias, 1 drivers
v000001c6788f0dd0_0 .net "mem_mem_read_i", 0 0, L_000001c67880b9d0;  alias, 1 drivers
v000001c6788ef930_0 .net "mem_mem_write_i", 0 0, L_000001c67880ba40;  alias, 1 drivers
v000001c6788f1af0_0 .net "mem_op_active", 0 0, L_000001c67880aa10;  1 drivers
v000001c6788f1eb0_0 .var "mem_read_q", 0 0;
v000001c6788f10f0_0 .net "mem_size_i", 2 0, L_000001c67880a150;  alias, 1 drivers
v000001c6788f06f0_0 .net "mem_stall_o", 0 0, L_000001c67880bd50;  alias, 1 drivers
v000001c6788f0e70_0 .net "mem_store_data_i", 31 0, L_000001c67880ac40;  alias, 1 drivers
v000001c6788efd90_0 .net "mem_valid_i", 0 0, L_000001c67880bb20;  alias, 1 drivers
v000001c6788f0470_0 .net "new_load_req", 0 0, L_000001c67880ca70;  1 drivers
v000001c6788f15f0_0 .net "new_req", 0 0, L_000001c67880c610;  1 drivers
v000001c6788f0510_0 .var "req_pending_q", 0 0;
v000001c6788f05b0_0 .net "rst_n", 0 0, L_000001c678806db0;  alias, 1 drivers
v000001c6788f0010_0 .net "same_mem_inputs", 0 0, L_000001c67880cdf0;  1 drivers
v000001c6788f1690_0 .net "sign_bit", 0 0, L_000001c67896dd00;  1 drivers
v000001c6788f0f10_0 .net "size2_q", 1 0, L_000001c678969d40;  1 drivers
v000001c6788f0fb0_0 .var "size_f3_q", 2 0;
v000001c6788f1370_0 .net "store_done_i", 0 0, L_000001c67880d720;  alias, 1 drivers
v000001c6788f1190_0 .net "sz_byte", 0 0, L_000001c678969c00;  1 drivers
v000001c6788f1230_0 .net "sz_half", 0 0, L_000001c678969e80;  1 drivers
v000001c6788f1d70_0 .var "wdata_q", 31 0;
v000001c6788f1730_0 .var "we_q", 0 0;
E_000001c678823ed0 .event anyedge, v000001c6788f1190_0, v000001c6788f03d0_0, v000001c6788f1550_0, v000001c6788f1230_0;
L_000001c67896c040 .cmp/eq 32, L_000001c67880a2a0, v000001c6788f03d0_0;
L_000001c6789698e0 .cmp/eq 32, L_000001c67880ac40, v000001c6788f1d70_0;
L_000001c678969980 .functor MUXZ 1, L_000001c67890c718, L_000001c6789698e0, v000001c6788f1730_0, C4<>;
L_000001c678969b60 .cmp/eq 3, L_000001c67880a150, v000001c6788f0fb0_0;
L_000001c678969d40 .part v000001c6788f0fb0_0, 0, 2;
L_000001c678969c00 .cmp/eq 2, L_000001c678969d40, L_000001c67890c760;
L_000001c678969e80 .cmp/eq 2, L_000001c678969d40, L_000001c67890c7a8;
L_000001c67896d4e0 .cmp/eq 3, v000001c6788f0fb0_0, L_000001c67890c7f0;
L_000001c67896d1c0 .cmp/eq 3, v000001c6788f0fb0_0, L_000001c67890c838;
L_000001c67896e0c0 .part v000001c6788f03d0_0, 0, 2;
L_000001c67896cb80 .cmp/eq 2, L_000001c67896e0c0, L_000001c67890c880;
L_000001c67896ccc0 .part L_000001c67880ca00, 7, 1;
L_000001c67896cf40 .part v000001c6788f03d0_0, 0, 2;
L_000001c67896de40 .cmp/eq 2, L_000001c67896cf40, L_000001c67890c8c8;
L_000001c67896c2c0 .part L_000001c67880ca00, 15, 1;
L_000001c67896cd60 .part v000001c6788f03d0_0, 0, 2;
L_000001c67896ce00 .cmp/eq 2, L_000001c67896cd60, L_000001c67890c910;
L_000001c67896d080 .part L_000001c67880ca00, 23, 1;
L_000001c67896c0e0 .part L_000001c67880ca00, 31, 1;
L_000001c67896c400 .functor MUXZ 1, L_000001c67896c0e0, L_000001c67896d080, L_000001c67896ce00, C4<>;
L_000001c67896d760 .functor MUXZ 1, L_000001c67896c400, L_000001c67896c2c0, L_000001c67896de40, C4<>;
L_000001c67896d8a0 .functor MUXZ 1, L_000001c67896d760, L_000001c67896ccc0, L_000001c67896cb80, C4<>;
L_000001c67896c180 .part v000001c6788f03d0_0, 1, 1;
L_000001c67896c7c0 .part L_000001c67880ca00, 31, 1;
L_000001c67896d120 .part L_000001c67880ca00, 15, 1;
L_000001c67896c220 .functor MUXZ 1, L_000001c67896d120, L_000001c67896c7c0, L_000001c67896c180, C4<>;
L_000001c67896e160 .part L_000001c67880ca00, 31, 1;
L_000001c67896cea0 .functor MUXZ 1, L_000001c67896e160, L_000001c67896c220, L_000001c678969e80, C4<>;
L_000001c67896dd00 .functor MUXZ 1, L_000001c67896cea0, L_000001c67896d8a0, L_000001c678969c00, C4<>;
LS_000001c67896e2a0_0_0 .concat [ 1 1 1 1], L_000001c67896dd00, L_000001c67896dd00, L_000001c67896dd00, L_000001c67896dd00;
LS_000001c67896e2a0_0_4 .concat [ 1 1 1 1], L_000001c67896dd00, L_000001c67896dd00, L_000001c67896dd00, L_000001c67896dd00;
LS_000001c67896e2a0_0_8 .concat [ 1 1 1 1], L_000001c67896dd00, L_000001c67896dd00, L_000001c67896dd00, L_000001c67896dd00;
LS_000001c67896e2a0_0_12 .concat [ 1 1 1 1], L_000001c67896dd00, L_000001c67896dd00, L_000001c67896dd00, L_000001c67896dd00;
LS_000001c67896e2a0_0_16 .concat [ 1 1 1 1], L_000001c67896dd00, L_000001c67896dd00, L_000001c67896dd00, L_000001c67896dd00;
LS_000001c67896e2a0_0_20 .concat [ 1 1 1 1], L_000001c67896dd00, L_000001c67896dd00, L_000001c67896dd00, L_000001c67896dd00;
LS_000001c67896e2a0_1_0 .concat [ 4 4 4 4], LS_000001c67896e2a0_0_0, LS_000001c67896e2a0_0_4, LS_000001c67896e2a0_0_8, LS_000001c67896e2a0_0_12;
LS_000001c67896e2a0_1_4 .concat [ 4 4 0 0], LS_000001c67896e2a0_0_16, LS_000001c67896e2a0_0_20;
L_000001c67896e2a0 .concat [ 16 8 0 0], LS_000001c67896e2a0_1_0, LS_000001c67896e2a0_1_4;
L_000001c67896e340 .part v000001c6788f01f0_0, 0, 8;
L_000001c67896c4a0 .concat [ 8 24 0 0], L_000001c67896e340, L_000001c67896e2a0;
LS_000001c67896d260_0_0 .concat [ 1 1 1 1], L_000001c67896dd00, L_000001c67896dd00, L_000001c67896dd00, L_000001c67896dd00;
LS_000001c67896d260_0_4 .concat [ 1 1 1 1], L_000001c67896dd00, L_000001c67896dd00, L_000001c67896dd00, L_000001c67896dd00;
LS_000001c67896d260_0_8 .concat [ 1 1 1 1], L_000001c67896dd00, L_000001c67896dd00, L_000001c67896dd00, L_000001c67896dd00;
LS_000001c67896d260_0_12 .concat [ 1 1 1 1], L_000001c67896dd00, L_000001c67896dd00, L_000001c67896dd00, L_000001c67896dd00;
L_000001c67896d260 .concat [ 4 4 4 4], LS_000001c67896d260_0_0, LS_000001c67896d260_0_4, LS_000001c67896d260_0_8, LS_000001c67896d260_0_12;
L_000001c67896d300 .part v000001c6788f01f0_0, 0, 16;
L_000001c67896d3a0 .concat [ 16 16 0 0], L_000001c67896d300, L_000001c67896d260;
L_000001c67896c5e0 .functor MUXZ 32, v000001c6788f01f0_0, L_000001c67896d3a0, L_000001c678969e80, C4<>;
L_000001c67896c540 .functor MUXZ 32, L_000001c67896c5e0, L_000001c67896c4a0, L_000001c678969c00, C4<>;
L_000001c67896c680 .functor MUXZ 32, v000001c6788f01f0_0, L_000001c67896c540, L_000001c67880d170, C4<>;
L_000001c67896e480 .part v000001c6788f03d0_0, 0, 2;
L_000001c67896e520 .ufunc/vec4 TD_icache_pipeline_tb.dut.u_mem.mk_wstrb, 4, v000001c6788f0fb0_0, L_000001c67896e480 (v000001c6788ed4f0_0, v000001c6788eefd0_0) S_000001c6788c5ff0;
L_000001c67896d940 .functor MUXZ 4, L_000001c67890c958, L_000001c67896e520, v000001c6788f1730_0, C4<>;
L_000001c67896d440 .part v000001c6788f03d0_0, 0, 2;
L_000001c67896c360 .ufunc/vec4 TD_icache_pipeline_tb.dut.u_mem.align_store_data, 32, v000001c6788f1d70_0, v000001c6788f0fb0_0, L_000001c67896d440 (v000001c6788edb30_0, v000001c6788ed450_0, v000001c6788ee030_0) S_000001c6788c5e60;
L_000001c67896db20 .functor MUXZ 32, v000001c6788efbb0_0, L_000001c67896c680, L_000001c67880bf80, C4<>;
S_000001c6788c5e60 .scope function.vec4.s32, "align_store_data" "align_store_data" 18 187, 18 187 0, S_000001c6788c51e0;
 .timescale -9 -12;
v000001c6788ee030_0 .var "a_lo", 1 0;
; Variable align_store_data is vec4 return value of scope S_000001c6788c5e60
v000001c6788edb30_0 .var "sd", 31 0;
v000001c6788ed450_0 .var "size_f3", 2 0;
v000001c6788eed50_0 .var "v", 31 0;
TD_icache_pipeline_tb.dut.u_mem.align_store_data ;
    %load/vec4 v000001c6788ed450_0;
    %parti/s 2, 0, 2;
    %dup/vec4;
    %pushi/vec4 0, 0, 2;
    %cmp/u;
    %jmp/1 T_11.24, 6;
    %dup/vec4;
    %pushi/vec4 1, 0, 2;
    %cmp/u;
    %jmp/1 T_11.25, 6;
    %load/vec4 v000001c6788edb30_0;
    %store/vec4 v000001c6788eed50_0, 0, 32;
    %jmp T_11.27;
T_11.24 ;
    %pushi/vec4 0, 0, 24;
    %load/vec4 v000001c6788edb30_0;
    %parti/s 8, 0, 2;
    %concat/vec4; draw_concat_vec4
    %load/vec4 v000001c6788ee030_0;
    %pad/u 32;
    %muli 8, 0, 32;
    %ix/vec4 4;
    %shiftl 4;
    %store/vec4 v000001c6788eed50_0, 0, 32;
    %jmp T_11.27;
T_11.25 ;
    %load/vec4 v000001c6788ee030_0;
    %parti/s 1, 1, 2;
    %flag_set/vec4 8;
    %jmp/0 T_11.28, 8;
    %load/vec4 v000001c6788edb30_0;
    %parti/s 16, 0, 2;
    %concati/vec4 0, 0, 16;
    %jmp/1 T_11.29, 8;
T_11.28 ; End of true expr.
    %pushi/vec4 0, 0, 16;
    %load/vec4 v000001c6788edb30_0;
    %parti/s 16, 0, 2;
    %concat/vec4; draw_concat_vec4
    %jmp/0 T_11.29, 8;
 ; End of false expr.
    %blend;
T_11.29;
    %store/vec4 v000001c6788eed50_0, 0, 32;
    %jmp T_11.27;
T_11.27 ;
    %pop/vec4 1;
    %load/vec4 v000001c6788eed50_0;
    %ret/vec4 0, 0, 32;  Assign to align_store_data (store_vec4_to_lval)
    %end;
S_000001c6788c5ff0 .scope function.vec4.s4, "mk_wstrb" "mk_wstrb" 18 172, 18 172 0, S_000001c6788c51e0;
 .timescale -9 -12;
v000001c6788eefd0_0 .var "a_lo", 1 0;
; Variable mk_wstrb is vec4 return value of scope S_000001c6788c5ff0
v000001c6788ed4f0_0 .var "size_f3", 2 0;
v000001c6788ef430_0 .var "st", 3 0;
TD_icache_pipeline_tb.dut.u_mem.mk_wstrb ;
    %load/vec4 v000001c6788ed4f0_0;
    %parti/s 2, 0, 2;
    %dup/vec4;
    %pushi/vec4 0, 0, 2;
    %cmp/u;
    %jmp/1 T_12.30, 6;
    %dup/vec4;
    %pushi/vec4 1, 0, 2;
    %cmp/u;
    %jmp/1 T_12.31, 6;
    %pushi/vec4 15, 0, 4;
    %store/vec4 v000001c6788ef430_0, 0, 4;
    %jmp T_12.33;
T_12.30 ;
    %pushi/vec4 1, 0, 4;
    %ix/getv 4, v000001c6788eefd0_0;
    %shiftl 4;
    %store/vec4 v000001c6788ef430_0, 0, 4;
    %jmp T_12.33;
T_12.31 ;
    %load/vec4 v000001c6788eefd0_0;
    %parti/s 1, 1, 2;
    %flag_set/vec4 8;
    %jmp/0 T_12.34, 8;
    %pushi/vec4 12, 0, 4;
    %jmp/1 T_12.35, 8;
T_12.34 ; End of true expr.
    %pushi/vec4 3, 0, 4;
    %jmp/0 T_12.35, 8;
 ; End of false expr.
    %blend;
T_12.35;
    %store/vec4 v000001c6788ef430_0, 0, 4;
    %jmp T_12.33;
T_12.33 ;
    %pop/vec4 1;
    %load/vec4 v000001c6788ef430_0;
    %ret/vec4 0, 0, 4;  Assign to mk_wstrb (store_vec4_to_lval)
    %end;
S_000001c6788c6180 .scope module, "u_mem_wb" "mem_wb" 4 712, 19 3 0, S_000001c6786a5b50;
 .timescale -9 -12;
    .port_info 0 /INPUT 1 "clk";
    .port_info 1 /INPUT 1 "rst_n";
    .port_info 2 /INPUT 1 "i_valid";
    .port_info 3 /INPUT 1 "i_flush";
    .port_info 4 /INPUT 1 "i_stall";
    .port_info 5 /INPUT 5 "i_rd";
    .port_info 6 /INPUT 1 "i_rd_wen";
    .port_info 7 /INPUT 32 "i_alu_result";
    .port_info 8 /INPUT 32 "i_mem_rdata";
    .port_info 9 /INPUT 32 "i_pc_plus4";
    .port_info 10 /INPUT 2 "i_wb_sel";
    .port_info 11 /OUTPUT 1 "o_valid";
    .port_info 12 /OUTPUT 5 "o_rd";
    .port_info 13 /OUTPUT 1 "o_rd_wen";
    .port_info 14 /OUTPUT 32 "o_wb_wdata";
L_000001c67880c4c0 .functor BUFZ 1, v000001c6788f28b0_0, C4<0>, C4<0>, C4<0>;
L_000001c67880c290 .functor AND 1, v000001c6788f28b0_0, v000001c6788f33f0_0, C4<1>, C4<1>;
v000001c6788f3d50_0 .net "clk", 0 0, L_000001c6788068e0;  alias, 1 drivers
v000001c6788f3a30_0 .net "i_alu_result", 31 0, L_000001c67880a2a0;  alias, 1 drivers
v000001c6788f37b0_0 .net "i_flush", 0 0, o000001c6788755f8;  alias, 0 drivers
v000001c6788f3490_0 .net "i_mem_rdata", 31 0, L_000001c67896db20;  alias, 1 drivers
v000001c6788f3850_0 .net "i_pc_plus4", 31 0, L_000001c67880a3f0;  alias, 1 drivers
v000001c6788f2130_0 .net "i_rd", 4 0, L_000001c67880b810;  alias, 1 drivers
v000001c6788f3f30_0 .net "i_rd_wen", 0 0, L_000001c67880a700;  alias, 1 drivers
v000001c6788f38f0_0 .net "i_stall", 0 0, L_000001c67880c1b0;  alias, 1 drivers
v000001c6788f2db0_0 .net "i_valid", 0 0, L_000001c67896da80;  alias, 1 drivers
v000001c6788f2b30_0 .net "i_wb_sel", 1 0, L_000001c67880b880;  alias, 1 drivers
v000001c6788f2770_0 .net "o_rd", 4 0, v000001c6788f3ad0_0;  alias, 1 drivers
v000001c6788f2810_0 .net "o_rd_wen", 0 0, L_000001c67880c290;  alias, 1 drivers
v000001c6788f2e50_0 .net "o_valid", 0 0, L_000001c67880c4c0;  alias, 1 drivers
v000001c6788f2950_0 .net "o_wb_wdata", 31 0, v000001c6788f2450_0;  alias, 1 drivers
v000001c6788f21d0_0 .var "rd_d", 4 0;
v000001c6788f3ad0_0 .var "rd_q", 4 0;
v000001c6788f4430_0 .var "rd_wen_d", 0 0;
v000001c6788f33f0_0 .var "rd_wen_q", 0 0;
v000001c6788f3fd0_0 .net "rst_n", 0 0, L_000001c678806db0;  alias, 1 drivers
v000001c6788f2090_0 .var "valid_d", 0 0;
v000001c6788f28b0_0 .var "valid_q", 0 0;
v000001c6788f29f0_0 .var "wb_wdata_d", 31 0;
v000001c6788f2450_0 .var "wb_wdata_q", 31 0;
E_000001c678823750/0 .event anyedge, v000001c6788f28b0_0, v000001c6788f3ad0_0, v000001c6788f33f0_0, v000001c6788f2450_0;
E_000001c678823750/1 .event anyedge, v000001c6788f37b0_0, v000001c6788f38f0_0, v000001c6788f2db0_0, v000001c6788cb8f0_0;
E_000001c678823750/2 .event anyedge, v000001c6788cba30_0, v000001c6788cc930_0, v000001c6788bfa30_0, v000001c6788ce190_0;
E_000001c678823750/3 .event anyedge, v000001c6788c1510_0;
E_000001c678823750 .event/or E_000001c678823750/0, E_000001c678823750/1, E_000001c678823750/2, E_000001c678823750/3;
S_000001c6788c5050 .scope function.vec4.s32, "wb_mux" "wb_mux" 19 33, 19 33 0, S_000001c6788c6180;
 .timescale -9 -12;
v000001c6788f19b0_0 .var "alu_result", 31 0;
v000001c6788f1a50_0 .var "mem_rdata", 31 0;
v000001c6788f1b90_0 .var "pc_plus4", 31 0;
v000001c6788f1c30_0 .var "sel", 1 0;
; Variable wb_mux is vec4 return value of scope S_000001c6788c5050
TD_icache_pipeline_tb.dut.u_mem_wb.wb_mux ;
    %load/vec4 v000001c6788f1c30_0;
    %dup/vec4;
    %pushi/vec4 0, 0, 2;
    %cmp/u;
    %jmp/1 T_13.36, 6;
    %dup/vec4;
    %pushi/vec4 1, 0, 2;
    %cmp/u;
    %jmp/1 T_13.37, 6;
    %dup/vec4;
    %pushi/vec4 2, 0, 2;
    %cmp/u;
    %jmp/1 T_13.38, 6;
    %load/vec4 v000001c6788f19b0_0;
    %ret/vec4 0, 0, 32;  Assign to wb_mux (store_vec4_to_lval)
    %jmp T_13.40;
T_13.36 ;
    %load/vec4 v000001c6788f19b0_0;
    %ret/vec4 0, 0, 32;  Assign to wb_mux (store_vec4_to_lval)
    %jmp T_13.40;
T_13.37 ;
    %load/vec4 v000001c6788f1a50_0;
    %ret/vec4 0, 0, 32;  Assign to wb_mux (store_vec4_to_lval)
    %jmp T_13.40;
T_13.38 ;
    %load/vec4 v000001c6788f1b90_0;
    %ret/vec4 0, 0, 32;  Assign to wb_mux (store_vec4_to_lval)
    %jmp T_13.40;
T_13.40 ;
    %pop/vec4 1;
    %end;
S_000001c6788c6310 .scope module, "u_pc" "pc" 4 322, 20 2 0, S_000001c6786a5b50;
 .timescale -9 -12;
    .port_info 0 /INPUT 1 "clk";
    .port_info 1 /INPUT 1 "rst_n";
    .port_info 2 /INPUT 1 "stall_i";
    .port_info 3 /INPUT 1 "redirect_valid_i";
    .port_info 4 /INPUT 32 "redirect_pc_i";
    .port_info 5 /OUTPUT 32 "pc_o";
P_000001c678823790 .param/l "RESET_PC" 0 20 15, C4<10000000000000000000000000000000>;
v000001c6788f2310_0 .net "clk", 0 0, L_000001c6788068e0;  alias, 1 drivers
v000001c6788f23b0_0 .var "pc_d", 31 0;
v000001c6788f4070_0 .net "pc_o", 31 0, v000001c6788f4110_0;  alias, 1 drivers
v000001c6788f4110_0 .var "pc_q", 31 0;
v000001c6788f2ef0_0 .net "redirect_pc_i", 31 0, L_000001c67896b780;  alias, 1 drivers
v000001c6788f2c70_0 .net "redirect_valid_i", 0 0, L_000001c67880afc0;  alias, 1 drivers
v000001c6788f3c10_0 .net "rst_n", 0 0, L_000001c678806db0;  alias, 1 drivers
v000001c6788f41b0_0 .net "stall_i", 0 0, L_000001c67880d950;  alias, 1 drivers
E_000001c678823250 .event anyedge, v000001c6788c07f0_0, v000001c6788bff30_0, v000001c6788f41b0_0, v000001c6788f4110_0;
S_000001c6788c64a0 .scope function.vec4.s32, "align4" "align4" 20 21, 20 21 0, S_000001c6788c6310;
 .timescale -9 -12;
v000001c6788f2a90_0 .var "a", 31 0;
; Variable align4 is vec4 return value of scope S_000001c6788c64a0
TD_icache_pipeline_tb.dut.u_pc.align4 ;
    %load/vec4 v000001c6788f2a90_0;
    %parti/s 30, 2, 3;
    %concati/vec4 0, 0, 2;
    %ret/vec4 0, 0, 32;  Assign to align4 (store_vec4_to_lval)
    %end;
S_000001c6788c4ec0 .scope module, "u_wb" "wb_stage" 4 731, 21 5 0, S_000001c6786a5b50;
 .timescale -12 -12;
    .port_info 0 /INPUT 1 "clk";
    .port_info 1 /INPUT 1 "rst_n";
    .port_info 2 /INPUT 1 "i_valid";
    .port_info 3 /INPUT 5 "i_rd";
    .port_info 4 /INPUT 1 "i_rd_wen";
    .port_info 5 /INPUT 32 "i_wb_wdata";
    .port_info 6 /OUTPUT 1 "rf_we_o";
    .port_info 7 /OUTPUT 5 "rf_waddr_o";
    .port_info 8 /OUTPUT 32 "rf_wdata_o";
    .port_info 9 /OUTPUT 1 "wb_fwd_valid_o";
    .port_info 10 /OUTPUT 5 "wb_fwd_rd_o";
    .port_info 11 /OUTPUT 32 "wb_fwd_data_o";
P_000001c678823550 .param/l "XLEN" 0 21 25, +C4<00000000000000000000000000100000>;
L_000001c67880c8b0 .functor AND 1, L_000001c67880c4c0, L_000001c67880c290, C4<1>, C4<1>;
L_000001c67880cbc0 .functor NOT 1, L_000001c67896ca40, C4<0>, C4<0>, C4<0>;
L_000001c67880cc30 .functor AND 1, L_000001c67880c8b0, L_000001c67880cbc0, C4<1>, C4<1>;
L_000001c67880c300 .functor BUFZ 1, L_000001c67880cc30, C4<0>, C4<0>, C4<0>;
L_000001c67880c990 .functor BUFZ 5, v000001c6788f3ad0_0, C4<00000>, C4<00000>, C4<00000>;
L_000001c67880cb50 .functor BUFZ 32, v000001c6788f2450_0, C4<00000000000000000000000000000000>, C4<00000000000000000000000000000000>, C4<00000000000000000000000000000000>;
L_000001c67880cca0 .functor BUFZ 1, L_000001c67880cc30, C4<0>, C4<0>, C4<0>;
L_000001c67880cd10 .functor BUFZ 5, v000001c6788f3ad0_0, C4<00000>, C4<00000>, C4<00000>;
L_000001c67880cd80 .functor BUFZ 32, v000001c6788f2450_0, C4<00000000000000000000000000000000>, C4<00000000000000000000000000000000>, C4<00000000000000000000000000000000>;
L_000001c67890ce20 .functor BUFT 1, C4<00000>, C4<0>, C4<0>, C4<0>;
v000001c6788f2d10_0 .net/2u *"_ivl_0", 4 0, L_000001c67890ce20;  1 drivers
v000001c6788f4750_0 .net *"_ivl_4", 0 0, L_000001c67880c8b0;  1 drivers
v000001c6788f3b70_0 .net *"_ivl_6", 0 0, L_000001c67880cbc0;  1 drivers
v000001c6788f3530_0 .net "clk", 0 0, L_000001c6788068e0;  alias, 1 drivers
v000001c6788f3350_0 .net "do_write", 0 0, L_000001c67880cc30;  1 drivers
v000001c6788f44d0_0 .net "i_rd", 4 0, v000001c6788f3ad0_0;  alias, 1 drivers
v000001c6788f2f90_0 .net "i_rd_wen", 0 0, L_000001c67880c290;  alias, 1 drivers
v000001c6788f4250_0 .net "i_valid", 0 0, L_000001c67880c4c0;  alias, 1 drivers
v000001c6788f3030_0 .net "i_wb_wdata", 31 0, v000001c6788f2450_0;  alias, 1 drivers
v000001c6788f47f0_0 .net "rd_is_x0", 0 0, L_000001c67896ca40;  1 drivers
v000001c6788f30d0_0 .net "rf_waddr_o", 4 0, L_000001c67880c990;  alias, 1 drivers
v000001c6788f3cb0_0 .net "rf_wdata_o", 31 0, L_000001c67880cb50;  alias, 1 drivers
v000001c6788f3df0_0 .net "rf_we_o", 0 0, L_000001c67880c300;  alias, 1 drivers
v000001c6788f3170_0 .net "rst_n", 0 0, L_000001c678806db0;  alias, 1 drivers
v000001c6788f3e90_0 .net "wb_fwd_data_o", 31 0, L_000001c67880cd80;  1 drivers
v000001c6788f35d0_0 .net "wb_fwd_rd_o", 4 0, L_000001c67880cd10;  1 drivers
v000001c6788f4390_0 .net "wb_fwd_valid_o", 0 0, L_000001c67880cca0;  1 drivers
L_000001c67896ca40 .cmp/eq 5, v000001c6788f3ad0_0, L_000001c67890ce20;
S_000001c6788c46f0 .scope function.vec4.s8, "get_byte" "get_byte" 3 160, 3 160 0, S_000001c6786a5830;
 .timescale -9 -12;
v000001c6788fdbe0_0 .var "data", 63 0;
; Variable get_byte is vec4 return value of scope S_000001c6788c46f0
v000001c6788fef40_0 .var/i "idx", 31 0;
TD_icache_pipeline_tb.get_byte ;
    %load/vec4 v000001c6788fef40_0;
    %dup/vec4;
    %pushi/vec4 0, 0, 32;
    %cmp/u;
    %jmp/1 T_15.41, 6;
    %dup/vec4;
    %pushi/vec4 1, 0, 32;
    %cmp/u;
    %jmp/1 T_15.42, 6;
    %dup/vec4;
    %pushi/vec4 2, 0, 32;
    %cmp/u;
    %jmp/1 T_15.43, 6;
    %dup/vec4;
    %pushi/vec4 3, 0, 32;
    %cmp/u;
    %jmp/1 T_15.44, 6;
    %dup/vec4;
    %pushi/vec4 4, 0, 32;
    %cmp/u;
    %jmp/1 T_15.45, 6;
    %dup/vec4;
    %pushi/vec4 5, 0, 32;
    %cmp/u;
    %jmp/1 T_15.46, 6;
    %dup/vec4;
    %pushi/vec4 6, 0, 32;
    %cmp/u;
    %jmp/1 T_15.47, 6;
    %dup/vec4;
    %pushi/vec4 7, 0, 32;
    %cmp/u;
    %jmp/1 T_15.48, 6;
    %pushi/vec4 0, 0, 8;
    %ret/vec4 0, 0, 8;  Assign to get_byte (store_vec4_to_lval)
    %jmp T_15.50;
T_15.41 ;
    %load/vec4 v000001c6788fdbe0_0;
    %parti/s 8, 0, 2;
    %ret/vec4 0, 0, 8;  Assign to get_byte (store_vec4_to_lval)
    %jmp T_15.50;
T_15.42 ;
    %load/vec4 v000001c6788fdbe0_0;
    %parti/s 8, 8, 5;
    %ret/vec4 0, 0, 8;  Assign to get_byte (store_vec4_to_lval)
    %jmp T_15.50;
T_15.43 ;
    %load/vec4 v000001c6788fdbe0_0;
    %parti/s 8, 16, 6;
    %ret/vec4 0, 0, 8;  Assign to get_byte (store_vec4_to_lval)
    %jmp T_15.50;
T_15.44 ;
    %load/vec4 v000001c6788fdbe0_0;
    %parti/s 8, 24, 6;
    %ret/vec4 0, 0, 8;  Assign to get_byte (store_vec4_to_lval)
    %jmp T_15.50;
T_15.45 ;
    %load/vec4 v000001c6788fdbe0_0;
    %parti/s 8, 32, 7;
    %ret/vec4 0, 0, 8;  Assign to get_byte (store_vec4_to_lval)
    %jmp T_15.50;
T_15.46 ;
    %load/vec4 v000001c6788fdbe0_0;
    %parti/s 8, 40, 7;
    %ret/vec4 0, 0, 8;  Assign to get_byte (store_vec4_to_lval)
    %jmp T_15.50;
T_15.47 ;
    %load/vec4 v000001c6788fdbe0_0;
    %parti/s 8, 48, 7;
    %ret/vec4 0, 0, 8;  Assign to get_byte (store_vec4_to_lval)
    %jmp T_15.50;
T_15.48 ;
    %load/vec4 v000001c6788fdbe0_0;
    %parti/s 8, 56, 7;
    %ret/vec4 0, 0, 8;  Assign to get_byte (store_vec4_to_lval)
    %jmp T_15.50;
T_15.50 ;
    %pop/vec4 1;
    %end;
S_000001c6789083a0 .scope function.vec4.s64, "make_beat" "make_beat" 3 213, 3 213 0, S_000001c6786a5830;
 .timescale -9 -12;
v000001c6788fe2c0_0 .var "base", 31 0;
v000001c6788ff760_0 .var "beat", 3 0;
; Variable make_beat is vec4 return value of scope S_000001c6789083a0
v000001c6788fe180_0 .var "w0", 31 0;
v000001c6788fe9a0_0 .var "w1", 31 0;
TD_icache_pipeline_tb.make_beat ;
    %load/vec4 v000001c6788fe2c0_0;
    %load/vec4 v000001c6788ff760_0;
    %pad/u 32;
    %muli 8, 0, 32;
    %add;
    %store/vec4 v000001c6788feae0_0, 0, 32;
    %callf/vec4 TD_icache_pipeline_tb.mem_read_word, S_000001c678908e90;
    %store/vec4 v000001c6788fe180_0, 0, 32;
    %load/vec4 v000001c6788fe2c0_0;
    %load/vec4 v000001c6788ff760_0;
    %pad/u 32;
    %muli 8, 0, 32;
    %add;
    %addi 4, 0, 32;
    %store/vec4 v000001c6788feae0_0, 0, 32;
    %callf/vec4 TD_icache_pipeline_tb.mem_read_word, S_000001c678908e90;
    %store/vec4 v000001c6788fe9a0_0, 0, 32;
    %load/vec4 v000001c6788fe9a0_0;
    %load/vec4 v000001c6788fe180_0;
    %concat/vec4; draw_concat_vec4
    %ret/vec4 0, 0, 64;  Assign to make_beat (store_vec4_to_lval)
    %end;
S_000001c678908e90 .scope function.vec4.s32, "mem_read_word" "mem_read_word" 3 141, 3 141 0, S_000001c6786a5830;
 .timescale -9 -12;
v000001c6788feae0_0 .var "addr", 31 0;
v000001c6788ff120_0 .var "idx", 31 0;
; Variable mem_read_word is vec4 return value of scope S_000001c678908e90
TD_icache_pipeline_tb.mem_read_word ;
    %load/vec4 v000001c6788feae0_0;
    %parti/s 30, 2, 3;
    %pad/u 32;
    %store/vec4 v000001c6788ff120_0, 0, 32;
    %load/vec4 v000001c6788ff120_0;
    %cmpi/u 256, 0, 32;
    %jmp/0xz  T_17.51, 5;
    %ix/getv 4, v000001c6788ff120_0;
    %load/vec4a v000001c678901920, 4;
    %ret/vec4 0, 0, 32;  Assign to mem_read_word (store_vec4_to_lval)
    %jmp T_17.52;
T_17.51 ;
    %pushi/vec4 19, 0, 32;
    %ret/vec4 0, 0, 32;  Assign to mem_read_word (store_vec4_to_lval)
T_17.52 ;
    %end;
S_000001c678908b70 .scope function.vec4.s32, "mem_word" "mem_word" 3 153, 3 153 0, S_000001c6786a5830;
 .timescale -9 -12;
v000001c6788fd640_0 .var "addr", 31 0;
; Variable mem_word is vec4 return value of scope S_000001c678908b70
TD_icache_pipeline_tb.mem_word ;
    %load/vec4 v000001c6788fd640_0;
    %store/vec4 v000001c6788feae0_0, 0, 32;
    %callf/vec4 TD_icache_pipeline_tb.mem_read_word, S_000001c678908e90;
    %ret/vec4 0, 0, 32;  Assign to mem_word (store_vec4_to_lval)
    %end;
S_000001c678908d00 .scope task, "mem_write64" "mem_write64" 3 198, 3 198 0, S_000001c6786a5830;
 .timescale -9 -12;
v000001c6788fdb40_0 .var "addr", 31 0;
v000001c6788fd960_0 .var/i "b", 31 0;
v000001c6788fe680_0 .var "data", 63 0;
v000001c6788fd500_0 .var "wstrb", 7 0;
TD_icache_pipeline_tb.mem_write64 ;
    %pushi/vec4 0, 0, 32;
    %store/vec4 v000001c6788fd960_0, 0, 32;
T_19.53 ;
    %load/vec4 v000001c6788fd960_0;
    %cmpi/s 8, 0, 32;
    %jmp/0xz T_19.54, 5;
    %load/vec4 v000001c6788fd500_0;
    %load/vec4 v000001c6788fd960_0;
    %part/s 1;
    %flag_set/vec4 8;
    %jmp/0xz  T_19.55, 8;
    %load/vec4 v000001c6788fdb40_0;
    %load/vec4 v000001c6788fd960_0;
    %add;
    %store/vec4 v000001c6788ff4e0_0, 0, 32;
    %load/vec4 v000001c6788fe680_0;
    %load/vec4 v000001c6788fd960_0;
    %store/vec4 v000001c6788fef40_0, 0, 32;
    %store/vec4 v000001c6788fdbe0_0, 0, 64;
    %callf/vec4 TD_icache_pipeline_tb.get_byte, S_000001c6788c46f0;
    %store/vec4 v000001c6788fda00_0, 0, 8;
    %fork TD_icache_pipeline_tb.mem_write_byte, S_000001c678909020;
    %join;
T_19.55 ;
    %load/vec4 v000001c6788fd960_0;
    %addi 1, 0, 32;
    %store/vec4 v000001c6788fd960_0, 0, 32;
    %jmp T_19.53;
T_19.54 ;
    %end;
S_000001c678909020 .scope task, "mem_write_byte" "mem_write_byte" 3 178, 3 178 0, S_000001c6786a5830;
 .timescale -9 -12;
v000001c6788ff4e0_0 .var "addr", 31 0;
v000001c6788fd8c0_0 .var "idx", 31 0;
v000001c6788fda00_0 .var "value", 7 0;
v000001c6788ff800_0 .var "word", 31 0;
TD_icache_pipeline_tb.mem_write_byte ;
    %load/vec4 v000001c6788ff4e0_0;
    %parti/s 30, 2, 3;
    %pad/u 32;
    %store/vec4 v000001c6788fd8c0_0, 0, 32;
    %load/vec4 v000001c6788fd8c0_0;
    %cmpi/u 256, 0, 32;
    %jmp/0xz  T_20.57, 5;
    %ix/getv 4, v000001c6788fd8c0_0;
    %load/vec4a v000001c678901920, 4;
    %store/vec4 v000001c6788ff800_0, 0, 32;
    %load/vec4 v000001c6788ff4e0_0;
    %parti/s 2, 0, 2;
    %dup/vec4;
    %pushi/vec4 0, 0, 2;
    %cmp/u;
    %jmp/1 T_20.59, 6;
    %dup/vec4;
    %pushi/vec4 1, 0, 2;
    %cmp/u;
    %jmp/1 T_20.60, 6;
    %dup/vec4;
    %pushi/vec4 2, 0, 2;
    %cmp/u;
    %jmp/1 T_20.61, 6;
    %dup/vec4;
    %pushi/vec4 3, 0, 2;
    %cmp/u;
    %jmp/1 T_20.62, 6;
    %jmp T_20.63;
T_20.59 ;
    %load/vec4 v000001c6788fda00_0;
    %ix/load 4, 0, 0;
    %flag_set/imm 4, 0;
    %store/vec4 v000001c6788ff800_0, 4, 8;
    %jmp T_20.63;
T_20.60 ;
    %load/vec4 v000001c6788fda00_0;
    %ix/load 4, 8, 0;
    %flag_set/imm 4, 0;
    %store/vec4 v000001c6788ff800_0, 4, 8;
    %jmp T_20.63;
T_20.61 ;
    %load/vec4 v000001c6788fda00_0;
    %ix/load 4, 16, 0;
    %flag_set/imm 4, 0;
    %store/vec4 v000001c6788ff800_0, 4, 8;
    %jmp T_20.63;
T_20.62 ;
    %load/vec4 v000001c6788fda00_0;
    %ix/load 4, 24, 0;
    %flag_set/imm 4, 0;
    %store/vec4 v000001c6788ff800_0, 4, 8;
    %jmp T_20.63;
T_20.63 ;
    %pop/vec4 1;
    %load/vec4 v000001c6788ff800_0;
    %ix/getv 4, v000001c6788fd8c0_0;
    %store/vec4a v000001c678901920, 4, 0;
T_20.57 ;
    %end;
S_000001c678909ca0 .scope function.vec4.s64, "uc_read_data" "uc_read_data" 3 225, 3 225 0, S_000001c6786a5830;
 .timescale -9 -12;
v000001c6788ff580_0 .var "addr", 31 0;
; Variable uc_read_data is vec4 return value of scope S_000001c678909ca0
v000001c6788ff620_0 .var "word", 31 0;
TD_icache_pipeline_tb.uc_read_data ;
    %load/vec4 v000001c6788ff580_0;
    %parti/s 1, 2, 3;
    %flag_set/vec4 8;
    %jmp/0xz  T_21.64, 8;
    %load/vec4 v000001c6788ff620_0;
    %concati/vec4 0, 0, 32;
    %ret/vec4 0, 0, 64;  Assign to uc_read_data (store_vec4_to_lval)
    %jmp T_21.65;
T_21.64 ;
    %pushi/vec4 0, 0, 32;
    %load/vec4 v000001c6788ff620_0;
    %concat/vec4; draw_concat_vec4
    %ret/vec4 0, 0, 64;  Assign to uc_read_data (store_vec4_to_lval)
T_21.65 ;
    %end;
    .scope S_000001c678862530;
T_22 ;
    %pushi/vec4 0, 0, 32; draw_string_vec4
    %pushi/vec4 0, 0, 32; draw_string_vec4
    %concat/vec4; draw_string_vec4
    %pushi/vec4 0, 0, 32; draw_string_vec4
    %concat/vec4; draw_string_vec4
    %pushi/vec4 0, 0, 32; draw_string_vec4
    %concat/vec4; draw_string_vec4
    %pushi/vec4 0, 0, 32; draw_string_vec4
    %concat/vec4; draw_string_vec4
    %pushi/vec4 0, 0, 32; draw_string_vec4
    %concat/vec4; draw_string_vec4
    %pushi/vec4 0, 0, 32; draw_string_vec4
    %concat/vec4; draw_string_vec4
    %pushi/vec4 0, 0, 32; draw_string_vec4
    %concat/vec4; draw_string_vec4
    %pushi/vec4 0, 0, 32; draw_string_vec4
    %concat/vec4; draw_string_vec4
    %pushi/vec4 0, 0, 32; draw_string_vec4
    %concat/vec4; draw_string_vec4
    %pushi/vec4 0, 0, 32; draw_string_vec4
    %concat/vec4; draw_string_vec4
    %pushi/vec4 0, 0, 32; draw_string_vec4
    %concat/vec4; draw_string_vec4
    %pushi/vec4 0, 0, 32; draw_string_vec4
    %concat/vec4; draw_string_vec4
    %pushi/vec4 0, 0, 32; draw_string_vec4
    %concat/vec4; draw_string_vec4
    %pushi/vec4 0, 0, 32; draw_string_vec4
    %concat/vec4; draw_string_vec4
    %pushi/vec4 0, 0, 32; draw_string_vec4
    %concat/vec4; draw_string_vec4
    %pushi/vec4 0, 0, 32; draw_string_vec4
    %concat/vec4; draw_string_vec4
    %pushi/vec4 0, 0, 32; draw_string_vec4
    %concat/vec4; draw_string_vec4
    %pushi/vec4 0, 0, 32; draw_string_vec4
    %concat/vec4; draw_string_vec4
    %pushi/vec4 0, 0, 32; draw_string_vec4
    %concat/vec4; draw_string_vec4
    %pushi/vec4 0, 0, 32; draw_string_vec4
    %concat/vec4; draw_string_vec4
    %pushi/vec4 0, 0, 32; draw_string_vec4
    %concat/vec4; draw_string_vec4
    %pushi/vec4 0, 0, 32; draw_string_vec4
    %concat/vec4; draw_string_vec4
    %pushi/vec4 0, 0, 32; draw_string_vec4
    %concat/vec4; draw_string_vec4
    %pushi/vec4 0, 0, 32; draw_string_vec4
    %concat/vec4; draw_string_vec4
    %pushi/vec4 0, 0, 32; draw_string_vec4
    %concat/vec4; draw_string_vec4
    %pushi/vec4 0, 0, 32; draw_string_vec4
    %concat/vec4; draw_string_vec4
    %pushi/vec4 0, 0, 32; draw_string_vec4
    %concat/vec4; draw_string_vec4
    %pushi/vec4 0, 0, 32; draw_string_vec4
    %concat/vec4; draw_string_vec4
    %pushi/vec4 0, 0, 32; draw_string_vec4
    %concat/vec4; draw_string_vec4
    %pushi/vec4 0, 0, 32; draw_string_vec4
    %concat/vec4; draw_string_vec4
    %pushi/vec4 0, 0, 32; draw_string_vec4
    %concat/vec4; draw_string_vec4
    %pushi/vec4 0, 0, 32; draw_string_vec4
    %concat/vec4; draw_string_vec4
    %pushi/vec4 0, 0, 32; draw_string_vec4
    %concat/vec4; draw_string_vec4
    %pushi/vec4 0, 0, 32; draw_string_vec4
    %concat/vec4; draw_string_vec4
    %pushi/vec4 0, 0, 32; draw_string_vec4
    %concat/vec4; draw_string_vec4
    %pushi/vec4 0, 0, 32; draw_string_vec4
    %concat/vec4; draw_string_vec4
    %pushi/vec4 0, 0, 32; draw_string_vec4
    %concat/vec4; draw_string_vec4
    %pushi/vec4 0, 0, 32; draw_string_vec4
    %concat/vec4; draw_string_vec4
    %pushi/vec4 0, 0, 32; draw_string_vec4
    %concat/vec4; draw_string_vec4
    %pushi/vec4 0, 0, 32; draw_string_vec4
    %concat/vec4; draw_string_vec4
    %pushi/vec4 0, 0, 32; draw_string_vec4
    %concat/vec4; draw_string_vec4
    %pushi/vec4 0, 0, 32; draw_string_vec4
    %concat/vec4; draw_string_vec4
    %pushi/vec4 0, 0, 32; draw_string_vec4
    %concat/vec4; draw_string_vec4
    %pushi/vec4 0, 0, 32; draw_string_vec4
    %concat/vec4; draw_string_vec4
    %pushi/vec4 0, 0, 32; draw_string_vec4
    %concat/vec4; draw_string_vec4
    %pushi/vec4 0, 0, 32; draw_string_vec4
    %concat/vec4; draw_string_vec4
    %pushi/vec4 0, 0, 32; draw_string_vec4
    %concat/vec4; draw_string_vec4
    %pushi/vec4 0, 0, 32; draw_string_vec4
    %concat/vec4; draw_string_vec4
    %pushi/vec4 0, 0, 32; draw_string_vec4
    %concat/vec4; draw_string_vec4
    %pushi/vec4 0, 0, 32; draw_string_vec4
    %concat/vec4; draw_string_vec4
    %pushi/vec4 0, 0, 32; draw_string_vec4
    %concat/vec4; draw_string_vec4
    %pushi/vec4 0, 0, 32; draw_string_vec4
    %concat/vec4; draw_string_vec4
    %pushi/vec4 0, 0, 32; draw_string_vec4
    %concat/vec4; draw_string_vec4
    %pushi/vec4 0, 0, 32; draw_string_vec4
    %concat/vec4; draw_string_vec4
    %pushi/vec4 0, 0, 32; draw_string_vec4
    %concat/vec4; draw_string_vec4
    %pushi/vec4 0, 0, 32; draw_string_vec4
    %concat/vec4; draw_string_vec4
    %pushi/vec4 0, 0, 32; draw_string_vec4
    %concat/vec4; draw_string_vec4
    %pushi/vec4 0, 0, 32; draw_string_vec4
    %concat/vec4; draw_string_vec4
    %pushi/vec4 0, 0, 32; draw_string_vec4
    %concat/vec4; draw_string_vec4
    %pushi/vec4 7369327, 0, 32; draw_string_vec4
    %concat/vec4; draw_string_vec4
    %pushi/vec4 1735549293, 0, 32; draw_string_vec4
    %concat/vec4; draw_string_vec4
    %pushi/vec4 1600414834, 0, 32; draw_string_vec4
    %concat/vec4; draw_string_vec4
    %pushi/vec4 778921325, 0, 32; draw_string_vec4
    %concat/vec4; draw_string_vec4
    %store/vec4 v000001c678816bc0_0, 0, 2048;
    %vpi_func 3 771 "$value$plusargs" 32, "MEMFILE=%s", v000001c678816bc0_0 {0 0 0};
    %cmpi/ne 0, 0, 32;
    %jmp/0xz  T_22.0, 4;
    %jmp T_22.1;
T_22.0 ;
    %pushi/vec4 0, 0, 32;
    %store/vec4 v000001c678818600_0, 0, 32;
    %vpi_func 3 775 "$value$plusargs" 32, "TEST=%d", v000001c678818600_0 {0 0 0};
    %cmpi/ne 0, 0, 32;
    %jmp/0xz  T_22.2, 4;
    %load/vec4 v000001c678818600_0;
    %dup/vec4;
    %pushi/vec4 1, 0, 32;
    %cmp/u;
    %jmp/1 T_22.4, 6;
    %dup/vec4;
    %pushi/vec4 2, 0, 32;
    %cmp/u;
    %jmp/1 T_22.5, 6;
    %dup/vec4;
    %pushi/vec4 3, 0, 32;
    %cmp/u;
    %jmp/1 T_22.6, 6;
    %dup/vec4;
    %pushi/vec4 4, 0, 32;
    %cmp/u;
    %jmp/1 T_22.7, 6;
    %dup/vec4;
    %pushi/vec4 5, 0, 32;
    %cmp/u;
    %jmp/1 T_22.8, 6;
    %dup/vec4;
    %pushi/vec4 6, 0, 32;
    %cmp/u;
    %jmp/1 T_22.9, 6;
    %dup/vec4;
    %pushi/vec4 7, 0, 32;
    %cmp/u;
    %jmp/1 T_22.10, 6;
    %dup/vec4;
    %pushi/vec4 8, 0, 32;
    %cmp/u;
    %jmp/1 T_22.11, 6;
    %dup/vec4;
    %pushi/vec4 9, 0, 32;
    %cmp/u;
    %jmp/1 T_22.12, 6;
    %dup/vec4;
    %pushi/vec4 10, 0, 32;
    %cmp/u;
    %jmp/1 T_22.13, 6;
    %dup/vec4;
    %pushi/vec4 11, 0, 32;
    %cmp/u;
    %jmp/1 T_22.14, 6;
    %dup/vec4;
    %pushi/vec4 12, 0, 32;
    %cmp/u;
    %jmp/1 T_22.15, 6;
    %dup/vec4;
    %pushi/vec4 13, 0, 32;
    %cmp/u;
    %jmp/1 T_22.16, 6;
    %dup/vec4;
    %pushi/vec4 14, 0, 32;
    %cmp/u;
    %jmp/1 T_22.17, 6;
    %dup/vec4;
    %pushi/vec4 15, 0, 32;
    %cmp/u;
    %jmp/1 T_22.18, 6;
    %dup/vec4;
    %pushi/vec4 16, 0, 32;
    %cmp/u;
    %jmp/1 T_22.19, 6;
    %dup/vec4;
    %pushi/vec4 17, 0, 32;
    %cmp/u;
    %jmp/1 T_22.20, 6;
    %dup/vec4;
    %pushi/vec4 18, 0, 32;
    %cmp/u;
    %jmp/1 T_22.21, 6;
    %dup/vec4;
    %pushi/vec4 19, 0, 32;
    %cmp/u;
    %jmp/1 T_22.22, 6;
    %dup/vec4;
    %pushi/vec4 20, 0, 32;
    %cmp/u;
    %jmp/1 T_22.23, 6;
    %dup/vec4;
    %pushi/vec4 21, 0, 32;
    %cmp/u;
    %jmp/1 T_22.24, 6;
    %pushi/vec4 0, 0, 32; draw_string_vec4
    %pushi/vec4 0, 0, 32; draw_string_vec4
    %concat/vec4; draw_string_vec4
    %pushi/vec4 0, 0, 32; draw_string_vec4
    %concat/vec4; draw_string_vec4
    %pushi/vec4 0, 0, 32; draw_string_vec4
    %concat/vec4; draw_string_vec4
    %pushi/vec4 0, 0, 32; draw_string_vec4
    %concat/vec4; draw_string_vec4
    %pushi/vec4 0, 0, 32; draw_string_vec4
    %concat/vec4; draw_string_vec4
    %pushi/vec4 0, 0, 32; draw_string_vec4
    %concat/vec4; draw_string_vec4
    %pushi/vec4 0, 0, 32; draw_string_vec4
    %concat/vec4; draw_string_vec4
    %pushi/vec4 0, 0, 32; draw_string_vec4
    %concat/vec4; draw_string_vec4
    %pushi/vec4 0, 0, 32; draw_string_vec4
    %concat/vec4; draw_string_vec4
    %pushi/vec4 0, 0, 32; draw_string_vec4
    %concat/vec4; draw_string_vec4
    %pushi/vec4 0, 0, 32; draw_string_vec4
    %concat/vec4; draw_string_vec4
    %pushi/vec4 0, 0, 32; draw_string_vec4
    %concat/vec4; draw_string_vec4
    %pushi/vec4 0, 0, 32; draw_string_vec4
    %concat/vec4; draw_string_vec4
    %pushi/vec4 0, 0, 32; draw_string_vec4
    %concat/vec4; draw_string_vec4
    %pushi/vec4 0, 0, 32; draw_string_vec4
    %concat/vec4; draw_string_vec4
    %pushi/vec4 0, 0, 32; draw_string_vec4
    %concat/vec4; draw_string_vec4
    %pushi/vec4 0, 0, 32; draw_string_vec4
    %concat/vec4; draw_string_vec4
    %pushi/vec4 0, 0, 32; draw_string_vec4
    %concat/vec4; draw_string_vec4
    %pushi/vec4 0, 0, 32; draw_string_vec4
    %concat/vec4; draw_string_vec4
    %pushi/vec4 0, 0, 32; draw_string_vec4
    %concat/vec4; draw_string_vec4
    %pushi/vec4 0, 0, 32; draw_string_vec4
    %concat/vec4; draw_string_vec4
    %pushi/vec4 0, 0, 32; draw_string_vec4
    %concat/vec4; draw_string_vec4
    %pushi/vec4 0, 0, 32; draw_string_vec4
    %concat/vec4; draw_string_vec4
    %pushi/vec4 0, 0, 32; draw_string_vec4
    %concat/vec4; draw_string_vec4
    %pushi/vec4 0, 0, 32; draw_string_vec4
    %concat/vec4; draw_string_vec4
    %pushi/vec4 0, 0, 32; draw_string_vec4
    %concat/vec4; draw_string_vec4
    %pushi/vec4 0, 0, 32; draw_string_vec4
    %concat/vec4; draw_string_vec4
    %pushi/vec4 0, 0, 32; draw_string_vec4
    %concat/vec4; draw_string_vec4
    %pushi/vec4 0, 0, 32; draw_string_vec4
    %concat/vec4; draw_string_vec4
    %pushi/vec4 0, 0, 32; draw_string_vec4
    %concat/vec4; draw_string_vec4
    %pushi/vec4 0, 0, 32; draw_string_vec4
    %concat/vec4; draw_string_vec4
    %pushi/vec4 0, 0, 32; draw_string_vec4
    %concat/vec4; draw_string_vec4
    %pushi/vec4 0, 0, 32; draw_string_vec4
    %concat/vec4; draw_string_vec4
    %pushi/vec4 0, 0, 32; draw_string_vec4
    %concat/vec4; draw_string_vec4
    %pushi/vec4 0, 0, 32; draw_string_vec4
    %concat/vec4; draw_string_vec4
    %pushi/vec4 0, 0, 32; draw_string_vec4
    %concat/vec4; draw_string_vec4
    %pushi/vec4 0, 0, 32; draw_string_vec4
    %concat/vec4; draw_string_vec4
    %pushi/vec4 0, 0, 32; draw_string_vec4
    %concat/vec4; draw_string_vec4
    %pushi/vec4 0, 0, 32; draw_string_vec4
    %concat/vec4; draw_string_vec4
    %pushi/vec4 0, 0, 32; draw_string_vec4
    %concat/vec4; draw_string_vec4
    %pushi/vec4 0, 0, 32; draw_string_vec4
    %concat/vec4; draw_string_vec4
    %pushi/vec4 0, 0, 32; draw_string_vec4
    %concat/vec4; draw_string_vec4
    %pushi/vec4 0, 0, 32; draw_string_vec4
    %concat/vec4; draw_string_vec4
    %pushi/vec4 0, 0, 32; draw_string_vec4
    %concat/vec4; draw_string_vec4
    %pushi/vec4 0, 0, 32; draw_string_vec4
    %concat/vec4; draw_string_vec4
    %pushi/vec4 0, 0, 32; draw_string_vec4
    %concat/vec4; draw_string_vec4
    %pushi/vec4 0, 0, 32; draw_string_vec4
    %concat/vec4; draw_string_vec4
    %pushi/vec4 0, 0, 32; draw_string_vec4
    %concat/vec4; draw_string_vec4
    %pushi/vec4 0, 0, 32; draw_string_vec4
    %concat/vec4; draw_string_vec4
    %pushi/vec4 0, 0, 32; draw_string_vec4
    %concat/vec4; draw_string_vec4
    %pushi/vec4 0, 0, 32; draw_string_vec4
    %concat/vec4; draw_string_vec4
    %pushi/vec4 0, 0, 32; draw_string_vec4
    %concat/vec4; draw_string_vec4
    %pushi/vec4 0, 0, 32; draw_string_vec4
    %concat/vec4; draw_string_vec4
    %pushi/vec4 0, 0, 32; draw_string_vec4
    %concat/vec4; draw_string_vec4
    %pushi/vec4 0, 0, 32; draw_string_vec4
    %concat/vec4; draw_string_vec4
    %pushi/vec4 0, 0, 32; draw_string_vec4
    %concat/vec4; draw_string_vec4
    %pushi/vec4 0, 0, 32; draw_string_vec4
    %concat/vec4; draw_string_vec4
    %pushi/vec4 0, 0, 32; draw_string_vec4
    %concat/vec4; draw_string_vec4
    %pushi/vec4 0, 0, 32; draw_string_vec4
    %concat/vec4; draw_string_vec4
    %pushi/vec4 7369327, 0, 32; draw_string_vec4
    %concat/vec4; draw_string_vec4
    %pushi/vec4 1735549293, 0, 32; draw_string_vec4
    %concat/vec4; draw_string_vec4
    %pushi/vec4 1600414834, 0, 32; draw_string_vec4
    %concat/vec4; draw_string_vec4
    %pushi/vec4 778921325, 0, 32; draw_string_vec4
    %concat/vec4; draw_string_vec4
    %store/vec4 v000001c678816bc0_0, 0, 2048;
    %jmp T_22.26;
T_22.4 ;
    %pushi/vec4 0, 0, 32; draw_string_vec4
    %pushi/vec4 0, 0, 32; draw_string_vec4
    %concat/vec4; draw_string_vec4
    %pushi/vec4 0, 0, 32; draw_string_vec4
    %concat/vec4; draw_string_vec4
    %pushi/vec4 0, 0, 32; draw_string_vec4
    %concat/vec4; draw_string_vec4
    %pushi/vec4 0, 0, 32; draw_string_vec4
    %concat/vec4; draw_string_vec4
    %pushi/vec4 0, 0, 32; draw_string_vec4
    %concat/vec4; draw_string_vec4
    %pushi/vec4 0, 0, 32; draw_string_vec4
    %concat/vec4; draw_string_vec4
    %pushi/vec4 0, 0, 32; draw_string_vec4
    %concat/vec4; draw_string_vec4
    %pushi/vec4 0, 0, 32; draw_string_vec4
    %concat/vec4; draw_string_vec4
    %pushi/vec4 0, 0, 32; draw_string_vec4
    %concat/vec4; draw_string_vec4
    %pushi/vec4 0, 0, 32; draw_string_vec4
    %concat/vec4; draw_string_vec4
    %pushi/vec4 0, 0, 32; draw_string_vec4
    %concat/vec4; draw_string_vec4
    %pushi/vec4 0, 0, 32; draw_string_vec4
    %concat/vec4; draw_string_vec4
    %pushi/vec4 0, 0, 32; draw_string_vec4
    %concat/vec4; draw_string_vec4
    %pushi/vec4 0, 0, 32; draw_string_vec4
    %concat/vec4; draw_string_vec4
    %pushi/vec4 0, 0, 32; draw_string_vec4
    %concat/vec4; draw_string_vec4
    %pushi/vec4 0, 0, 32; draw_string_vec4
    %concat/vec4; draw_string_vec4
    %pushi/vec4 0, 0, 32; draw_string_vec4
    %concat/vec4; draw_string_vec4
    %pushi/vec4 0, 0, 32; draw_string_vec4
    %concat/vec4; draw_string_vec4
    %pushi/vec4 0, 0, 32; draw_string_vec4
    %concat/vec4; draw_string_vec4
    %pushi/vec4 0, 0, 32; draw_string_vec4
    %concat/vec4; draw_string_vec4
    %pushi/vec4 0, 0, 32; draw_string_vec4
    %concat/vec4; draw_string_vec4
    %pushi/vec4 0, 0, 32; draw_string_vec4
    %concat/vec4; draw_string_vec4
    %pushi/vec4 0, 0, 32; draw_string_vec4
    %concat/vec4; draw_string_vec4
    %pushi/vec4 0, 0, 32; draw_string_vec4
    %concat/vec4; draw_string_vec4
    %pushi/vec4 0, 0, 32; draw_string_vec4
    %concat/vec4; draw_string_vec4
    %pushi/vec4 0, 0, 32; draw_string_vec4
    %concat/vec4; draw_string_vec4
    %pushi/vec4 0, 0, 32; draw_string_vec4
    %concat/vec4; draw_string_vec4
    %pushi/vec4 0, 0, 32; draw_string_vec4
    %concat/vec4; draw_string_vec4
    %pushi/vec4 0, 0, 32; draw_string_vec4
    %concat/vec4; draw_string_vec4
    %pushi/vec4 0, 0, 32; draw_string_vec4
    %concat/vec4; draw_string_vec4
    %pushi/vec4 0, 0, 32; draw_string_vec4
    %concat/vec4; draw_string_vec4
    %pushi/vec4 0, 0, 32; draw_string_vec4
    %concat/vec4; draw_string_vec4
    %pushi/vec4 0, 0, 32; draw_string_vec4
    %concat/vec4; draw_string_vec4
    %pushi/vec4 0, 0, 32; draw_string_vec4
    %concat/vec4; draw_string_vec4
    %pushi/vec4 0, 0, 32; draw_string_vec4
    %concat/vec4; draw_string_vec4
    %pushi/vec4 0, 0, 32; draw_string_vec4
    %concat/vec4; draw_string_vec4
    %pushi/vec4 0, 0, 32; draw_string_vec4
    %concat/vec4; draw_string_vec4
    %pushi/vec4 0, 0, 32; draw_string_vec4
    %concat/vec4; draw_string_vec4
    %pushi/vec4 0, 0, 32; draw_string_vec4
    %concat/vec4; draw_string_vec4
    %pushi/vec4 0, 0, 32; draw_string_vec4
    %concat/vec4; draw_string_vec4
    %pushi/vec4 0, 0, 32; draw_string_vec4
    %concat/vec4; draw_string_vec4
    %pushi/vec4 0, 0, 32; draw_string_vec4
    %concat/vec4; draw_string_vec4
    %pushi/vec4 0, 0, 32; draw_string_vec4
    %concat/vec4; draw_string_vec4
    %pushi/vec4 0, 0, 32; draw_string_vec4
    %concat/vec4; draw_string_vec4
    %pushi/vec4 0, 0, 32; draw_string_vec4
    %concat/vec4; draw_string_vec4
    %pushi/vec4 0, 0, 32; draw_string_vec4
    %concat/vec4; draw_string_vec4
    %pushi/vec4 0, 0, 32; draw_string_vec4
    %concat/vec4; draw_string_vec4
    %pushi/vec4 0, 0, 32; draw_string_vec4
    %concat/vec4; draw_string_vec4
    %pushi/vec4 0, 0, 32; draw_string_vec4
    %concat/vec4; draw_string_vec4
    %pushi/vec4 0, 0, 32; draw_string_vec4
    %concat/vec4; draw_string_vec4
    %pushi/vec4 0, 0, 32; draw_string_vec4
    %concat/vec4; draw_string_vec4
    %pushi/vec4 0, 0, 32; draw_string_vec4
    %concat/vec4; draw_string_vec4
    %pushi/vec4 0, 0, 32; draw_string_vec4
    %concat/vec4; draw_string_vec4
    %pushi/vec4 0, 0, 32; draw_string_vec4
    %concat/vec4; draw_string_vec4
    %pushi/vec4 0, 0, 32; draw_string_vec4
    %concat/vec4; draw_string_vec4
    %pushi/vec4 1413829460, 0, 32; draw_string_vec4
    %concat/vec4; draw_string_vec4
    %pushi/vec4 1598441804, 0, 32; draw_string_vec4
    %concat/vec4; draw_string_vec4
    %pushi/vec4 1163079533, 0, 32; draw_string_vec4
    %concat/vec4; draw_string_vec4
    %pushi/vec4 1701666676, 0, 32; draw_string_vec4
    %concat/vec4; draw_string_vec4
    %pushi/vec4 1702065201, 0, 32; draw_string_vec4
    %concat/vec4; draw_string_vec4
    %pushi/vec4 1600220277, 0, 32; draw_string_vec4
    %concat/vec4; draw_string_vec4
    %pushi/vec4 1600550756, 0, 32; draw_string_vec4
    %concat/vec4; draw_string_vec4
    %pushi/vec4 778921325, 0, 32; draw_string_vec4
    %concat/vec4; draw_string_vec4
    %store/vec4 v000001c678816bc0_0, 0, 2048;
    %jmp T_22.26;
T_22.5 ;
    %pushi/vec4 0, 0, 32; draw_string_vec4
    %pushi/vec4 0, 0, 32; draw_string_vec4
    %concat/vec4; draw_string_vec4
    %pushi/vec4 0, 0, 32; draw_string_vec4
    %concat/vec4; draw_string_vec4
    %pushi/vec4 0, 0, 32; draw_string_vec4
    %concat/vec4; draw_string_vec4
    %pushi/vec4 0, 0, 32; draw_string_vec4
    %concat/vec4; draw_string_vec4
    %pushi/vec4 0, 0, 32; draw_string_vec4
    %concat/vec4; draw_string_vec4
    %pushi/vec4 0, 0, 32; draw_string_vec4
    %concat/vec4; draw_string_vec4
    %pushi/vec4 0, 0, 32; draw_string_vec4
    %concat/vec4; draw_string_vec4
    %pushi/vec4 0, 0, 32; draw_string_vec4
    %concat/vec4; draw_string_vec4
    %pushi/vec4 0, 0, 32; draw_string_vec4
    %concat/vec4; draw_string_vec4
    %pushi/vec4 0, 0, 32; draw_string_vec4
    %concat/vec4; draw_string_vec4
    %pushi/vec4 0, 0, 32; draw_string_vec4
    %concat/vec4; draw_string_vec4
    %pushi/vec4 0, 0, 32; draw_string_vec4
    %concat/vec4; draw_string_vec4
    %pushi/vec4 0, 0, 32; draw_string_vec4
    %concat/vec4; draw_string_vec4
    %pushi/vec4 0, 0, 32; draw_string_vec4
    %concat/vec4; draw_string_vec4
    %pushi/vec4 0, 0, 32; draw_string_vec4
    %concat/vec4; draw_string_vec4
    %pushi/vec4 0, 0, 32; draw_string_vec4
    %concat/vec4; draw_string_vec4
    %pushi/vec4 0, 0, 32; draw_string_vec4
    %concat/vec4; draw_string_vec4
    %pushi/vec4 0, 0, 32; draw_string_vec4
    %concat/vec4; draw_string_vec4
    %pushi/vec4 0, 0, 32; draw_string_vec4
    %concat/vec4; draw_string_vec4
    %pushi/vec4 0, 0, 32; draw_string_vec4
    %concat/vec4; draw_string_vec4
    %pushi/vec4 0, 0, 32; draw_string_vec4
    %concat/vec4; draw_string_vec4
    %pushi/vec4 0, 0, 32; draw_string_vec4
    %concat/vec4; draw_string_vec4
    %pushi/vec4 0, 0, 32; draw_string_vec4
    %concat/vec4; draw_string_vec4
    %pushi/vec4 0, 0, 32; draw_string_vec4
    %concat/vec4; draw_string_vec4
    %pushi/vec4 0, 0, 32; draw_string_vec4
    %concat/vec4; draw_string_vec4
    %pushi/vec4 0, 0, 32; draw_string_vec4
    %concat/vec4; draw_string_vec4
    %pushi/vec4 0, 0, 32; draw_string_vec4
    %concat/vec4; draw_string_vec4
    %pushi/vec4 0, 0, 32; draw_string_vec4
    %concat/vec4; draw_string_vec4
    %pushi/vec4 0, 0, 32; draw_string_vec4
    %concat/vec4; draw_string_vec4
    %pushi/vec4 0, 0, 32; draw_string_vec4
    %concat/vec4; draw_string_vec4
    %pushi/vec4 0, 0, 32; draw_string_vec4
    %concat/vec4; draw_string_vec4
    %pushi/vec4 0, 0, 32; draw_string_vec4
    %concat/vec4; draw_string_vec4
    %pushi/vec4 0, 0, 32; draw_string_vec4
    %concat/vec4; draw_string_vec4
    %pushi/vec4 0, 0, 32; draw_string_vec4
    %concat/vec4; draw_string_vec4
    %pushi/vec4 0, 0, 32; draw_string_vec4
    %concat/vec4; draw_string_vec4
    %pushi/vec4 0, 0, 32; draw_string_vec4
    %concat/vec4; draw_string_vec4
    %pushi/vec4 0, 0, 32; draw_string_vec4
    %concat/vec4; draw_string_vec4
    %pushi/vec4 0, 0, 32; draw_string_vec4
    %concat/vec4; draw_string_vec4
    %pushi/vec4 0, 0, 32; draw_string_vec4
    %concat/vec4; draw_string_vec4
    %pushi/vec4 0, 0, 32; draw_string_vec4
    %concat/vec4; draw_string_vec4
    %pushi/vec4 0, 0, 32; draw_string_vec4
    %concat/vec4; draw_string_vec4
    %pushi/vec4 0, 0, 32; draw_string_vec4
    %concat/vec4; draw_string_vec4
    %pushi/vec4 0, 0, 32; draw_string_vec4
    %concat/vec4; draw_string_vec4
    %pushi/vec4 0, 0, 32; draw_string_vec4
    %concat/vec4; draw_string_vec4
    %pushi/vec4 0, 0, 32; draw_string_vec4
    %concat/vec4; draw_string_vec4
    %pushi/vec4 0, 0, 32; draw_string_vec4
    %concat/vec4; draw_string_vec4
    %pushi/vec4 0, 0, 32; draw_string_vec4
    %concat/vec4; draw_string_vec4
    %pushi/vec4 0, 0, 32; draw_string_vec4
    %concat/vec4; draw_string_vec4
    %pushi/vec4 0, 0, 32; draw_string_vec4
    %concat/vec4; draw_string_vec4
    %pushi/vec4 0, 0, 32; draw_string_vec4
    %concat/vec4; draw_string_vec4
    %pushi/vec4 0, 0, 32; draw_string_vec4
    %concat/vec4; draw_string_vec4
    %pushi/vec4 0, 0, 32; draw_string_vec4
    %concat/vec4; draw_string_vec4
    %pushi/vec4 0, 0, 32; draw_string_vec4
    %concat/vec4; draw_string_vec4
    %pushi/vec4 0, 0, 32; draw_string_vec4
    %concat/vec4; draw_string_vec4
    %pushi/vec4 84, 0, 32; draw_string_vec4
    %concat/vec4; draw_string_vec4
    %pushi/vec4 1163088991, 0, 32; draw_string_vec4
    %concat/vec4; draw_string_vec4
    %pushi/vec4 1179208773, 0, 32; draw_string_vec4
    %concat/vec4; draw_string_vec4
    %pushi/vec4 1395617125, 0, 32; draw_string_vec4
    %concat/vec4; draw_string_vec4
    %pushi/vec4 1834972261, 0, 32; draw_string_vec4
    %concat/vec4; draw_string_vec4
    %pushi/vec4 1936994911, 0, 32; draw_string_vec4
    %concat/vec4; draw_string_vec4
    %pushi/vec4 1819238756, 0, 32; draw_string_vec4
    %concat/vec4; draw_string_vec4
    %pushi/vec4 1601532773, 0, 32; draw_string_vec4
    %concat/vec4; draw_string_vec4
    %pushi/vec4 778921325, 0, 32; draw_string_vec4
    %concat/vec4; draw_string_vec4
    %store/vec4 v000001c678816bc0_0, 0, 2048;
    %jmp T_22.26;
T_22.6 ;
    %pushi/vec4 0, 0, 32; draw_string_vec4
    %pushi/vec4 0, 0, 32; draw_string_vec4
    %concat/vec4; draw_string_vec4
    %pushi/vec4 0, 0, 32; draw_string_vec4
    %concat/vec4; draw_string_vec4
    %pushi/vec4 0, 0, 32; draw_string_vec4
    %concat/vec4; draw_string_vec4
    %pushi/vec4 0, 0, 32; draw_string_vec4
    %concat/vec4; draw_string_vec4
    %pushi/vec4 0, 0, 32; draw_string_vec4
    %concat/vec4; draw_string_vec4
    %pushi/vec4 0, 0, 32; draw_string_vec4
    %concat/vec4; draw_string_vec4
    %pushi/vec4 0, 0, 32; draw_string_vec4
    %concat/vec4; draw_string_vec4
    %pushi/vec4 0, 0, 32; draw_string_vec4
    %concat/vec4; draw_string_vec4
    %pushi/vec4 0, 0, 32; draw_string_vec4
    %concat/vec4; draw_string_vec4
    %pushi/vec4 0, 0, 32; draw_string_vec4
    %concat/vec4; draw_string_vec4
    %pushi/vec4 0, 0, 32; draw_string_vec4
    %concat/vec4; draw_string_vec4
    %pushi/vec4 0, 0, 32; draw_string_vec4
    %concat/vec4; draw_string_vec4
    %pushi/vec4 0, 0, 32; draw_string_vec4
    %concat/vec4; draw_string_vec4
    %pushi/vec4 0, 0, 32; draw_string_vec4
    %concat/vec4; draw_string_vec4
    %pushi/vec4 0, 0, 32; draw_string_vec4
    %concat/vec4; draw_string_vec4
    %pushi/vec4 0, 0, 32; draw_string_vec4
    %concat/vec4; draw_string_vec4
    %pushi/vec4 0, 0, 32; draw_string_vec4
    %concat/vec4; draw_string_vec4
    %pushi/vec4 0, 0, 32; draw_string_vec4
    %concat/vec4; draw_string_vec4
    %pushi/vec4 0, 0, 32; draw_string_vec4
    %concat/vec4; draw_string_vec4
    %pushi/vec4 0, 0, 32; draw_string_vec4
    %concat/vec4; draw_string_vec4
    %pushi/vec4 0, 0, 32; draw_string_vec4
    %concat/vec4; draw_string_vec4
    %pushi/vec4 0, 0, 32; draw_string_vec4
    %concat/vec4; draw_string_vec4
    %pushi/vec4 0, 0, 32; draw_string_vec4
    %concat/vec4; draw_string_vec4
    %pushi/vec4 0, 0, 32; draw_string_vec4
    %concat/vec4; draw_string_vec4
    %pushi/vec4 0, 0, 32; draw_string_vec4
    %concat/vec4; draw_string_vec4
    %pushi/vec4 0, 0, 32; draw_string_vec4
    %concat/vec4; draw_string_vec4
    %pushi/vec4 0, 0, 32; draw_string_vec4
    %concat/vec4; draw_string_vec4
    %pushi/vec4 0, 0, 32; draw_string_vec4
    %concat/vec4; draw_string_vec4
    %pushi/vec4 0, 0, 32; draw_string_vec4
    %concat/vec4; draw_string_vec4
    %pushi/vec4 0, 0, 32; draw_string_vec4
    %concat/vec4; draw_string_vec4
    %pushi/vec4 0, 0, 32; draw_string_vec4
    %concat/vec4; draw_string_vec4
    %pushi/vec4 0, 0, 32; draw_string_vec4
    %concat/vec4; draw_string_vec4
    %pushi/vec4 0, 0, 32; draw_string_vec4
    %concat/vec4; draw_string_vec4
    %pushi/vec4 0, 0, 32; draw_string_vec4
    %concat/vec4; draw_string_vec4
    %pushi/vec4 0, 0, 32; draw_string_vec4
    %concat/vec4; draw_string_vec4
    %pushi/vec4 0, 0, 32; draw_string_vec4
    %concat/vec4; draw_string_vec4
    %pushi/vec4 0, 0, 32; draw_string_vec4
    %concat/vec4; draw_string_vec4
    %pushi/vec4 0, 0, 32; draw_string_vec4
    %concat/vec4; draw_string_vec4
    %pushi/vec4 0, 0, 32; draw_string_vec4
    %concat/vec4; draw_string_vec4
    %pushi/vec4 0, 0, 32; draw_string_vec4
    %concat/vec4; draw_string_vec4
    %pushi/vec4 0, 0, 32; draw_string_vec4
    %concat/vec4; draw_string_vec4
    %pushi/vec4 0, 0, 32; draw_string_vec4
    %concat/vec4; draw_string_vec4
    %pushi/vec4 0, 0, 32; draw_string_vec4
    %concat/vec4; draw_string_vec4
    %pushi/vec4 0, 0, 32; draw_string_vec4
    %concat/vec4; draw_string_vec4
    %pushi/vec4 0, 0, 32; draw_string_vec4
    %concat/vec4; draw_string_vec4
    %pushi/vec4 0, 0, 32; draw_string_vec4
    %concat/vec4; draw_string_vec4
    %pushi/vec4 0, 0, 32; draw_string_vec4
    %concat/vec4; draw_string_vec4
    %pushi/vec4 0, 0, 32; draw_string_vec4
    %concat/vec4; draw_string_vec4
    %pushi/vec4 0, 0, 32; draw_string_vec4
    %concat/vec4; draw_string_vec4
    %pushi/vec4 0, 0, 32; draw_string_vec4
    %concat/vec4; draw_string_vec4
    %pushi/vec4 0, 0, 32; draw_string_vec4
    %concat/vec4; draw_string_vec4
    %pushi/vec4 0, 0, 32; draw_string_vec4
    %concat/vec4; draw_string_vec4
    %pushi/vec4 0, 0, 32; draw_string_vec4
    %concat/vec4; draw_string_vec4
    %pushi/vec4 0, 0, 32; draw_string_vec4
    %concat/vec4; draw_string_vec4
    %pushi/vec4 21573, 0, 32; draw_string_vec4
    %concat/vec4; draw_string_vec4
    %pushi/vec4 1398038342, 0, 32; draw_string_vec4
    %concat/vec4; draw_string_vec4
    %pushi/vec4 1229735251, 0, 32; draw_string_vec4
    %concat/vec4; draw_string_vec4
    %pushi/vec4 795698541, 0, 32; draw_string_vec4
    %concat/vec4; draw_string_vec4
    %pushi/vec4 1601463667, 0, 32; draw_string_vec4
    %concat/vec4; draw_string_vec4
    %pushi/vec4 1949523827, 0, 32; draw_string_vec4
    %concat/vec4; draw_string_vec4
    %pushi/vec4 1953460837, 0, 32; draw_string_vec4
    %concat/vec4; draw_string_vec4
    %pushi/vec4 1600415088, 0, 32; draw_string_vec4
    %concat/vec4; draw_string_vec4
    %pushi/vec4 778921325, 0, 32; draw_string_vec4
    %concat/vec4; draw_string_vec4
    %store/vec4 v000001c678816bc0_0, 0, 2048;
    %jmp T_22.26;
T_22.7 ;
    %pushi/vec4 0, 0, 32; draw_string_vec4
    %pushi/vec4 0, 0, 32; draw_string_vec4
    %concat/vec4; draw_string_vec4
    %pushi/vec4 0, 0, 32; draw_string_vec4
    %concat/vec4; draw_string_vec4
    %pushi/vec4 0, 0, 32; draw_string_vec4
    %concat/vec4; draw_string_vec4
    %pushi/vec4 0, 0, 32; draw_string_vec4
    %concat/vec4; draw_string_vec4
    %pushi/vec4 0, 0, 32; draw_string_vec4
    %concat/vec4; draw_string_vec4
    %pushi/vec4 0, 0, 32; draw_string_vec4
    %concat/vec4; draw_string_vec4
    %pushi/vec4 0, 0, 32; draw_string_vec4
    %concat/vec4; draw_string_vec4
    %pushi/vec4 0, 0, 32; draw_string_vec4
    %concat/vec4; draw_string_vec4
    %pushi/vec4 0, 0, 32; draw_string_vec4
    %concat/vec4; draw_string_vec4
    %pushi/vec4 0, 0, 32; draw_string_vec4
    %concat/vec4; draw_string_vec4
    %pushi/vec4 0, 0, 32; draw_string_vec4
    %concat/vec4; draw_string_vec4
    %pushi/vec4 0, 0, 32; draw_string_vec4
    %concat/vec4; draw_string_vec4
    %pushi/vec4 0, 0, 32; draw_string_vec4
    %concat/vec4; draw_string_vec4
    %pushi/vec4 0, 0, 32; draw_string_vec4
    %concat/vec4; draw_string_vec4
    %pushi/vec4 0, 0, 32; draw_string_vec4
    %concat/vec4; draw_string_vec4
    %pushi/vec4 0, 0, 32; draw_string_vec4
    %concat/vec4; draw_string_vec4
    %pushi/vec4 0, 0, 32; draw_string_vec4
    %concat/vec4; draw_string_vec4
    %pushi/vec4 0, 0, 32; draw_string_vec4
    %concat/vec4; draw_string_vec4
    %pushi/vec4 0, 0, 32; draw_string_vec4
    %concat/vec4; draw_string_vec4
    %pushi/vec4 0, 0, 32; draw_string_vec4
    %concat/vec4; draw_string_vec4
    %pushi/vec4 0, 0, 32; draw_string_vec4
    %concat/vec4; draw_string_vec4
    %pushi/vec4 0, 0, 32; draw_string_vec4
    %concat/vec4; draw_string_vec4
    %pushi/vec4 0, 0, 32; draw_string_vec4
    %concat/vec4; draw_string_vec4
    %pushi/vec4 0, 0, 32; draw_string_vec4
    %concat/vec4; draw_string_vec4
    %pushi/vec4 0, 0, 32; draw_string_vec4
    %concat/vec4; draw_string_vec4
    %pushi/vec4 0, 0, 32; draw_string_vec4
    %concat/vec4; draw_string_vec4
    %pushi/vec4 0, 0, 32; draw_string_vec4
    %concat/vec4; draw_string_vec4
    %pushi/vec4 0, 0, 32; draw_string_vec4
    %concat/vec4; draw_string_vec4
    %pushi/vec4 0, 0, 32; draw_string_vec4
    %concat/vec4; draw_string_vec4
    %pushi/vec4 0, 0, 32; draw_string_vec4
    %concat/vec4; draw_string_vec4
    %pushi/vec4 0, 0, 32; draw_string_vec4
    %concat/vec4; draw_string_vec4
    %pushi/vec4 0, 0, 32; draw_string_vec4
    %concat/vec4; draw_string_vec4
    %pushi/vec4 0, 0, 32; draw_string_vec4
    %concat/vec4; draw_string_vec4
    %pushi/vec4 0, 0, 32; draw_string_vec4
    %concat/vec4; draw_string_vec4
    %pushi/vec4 0, 0, 32; draw_string_vec4
    %concat/vec4; draw_string_vec4
    %pushi/vec4 0, 0, 32; draw_string_vec4
    %concat/vec4; draw_string_vec4
    %pushi/vec4 0, 0, 32; draw_string_vec4
    %concat/vec4; draw_string_vec4
    %pushi/vec4 0, 0, 32; draw_string_vec4
    %concat/vec4; draw_string_vec4
    %pushi/vec4 0, 0, 32; draw_string_vec4
    %concat/vec4; draw_string_vec4
    %pushi/vec4 0, 0, 32; draw_string_vec4
    %concat/vec4; draw_string_vec4
    %pushi/vec4 0, 0, 32; draw_string_vec4
    %concat/vec4; draw_string_vec4
    %pushi/vec4 0, 0, 32; draw_string_vec4
    %concat/vec4; draw_string_vec4
    %pushi/vec4 0, 0, 32; draw_string_vec4
    %concat/vec4; draw_string_vec4
    %pushi/vec4 0, 0, 32; draw_string_vec4
    %concat/vec4; draw_string_vec4
    %pushi/vec4 0, 0, 32; draw_string_vec4
    %concat/vec4; draw_string_vec4
    %pushi/vec4 0, 0, 32; draw_string_vec4
    %concat/vec4; draw_string_vec4
    %pushi/vec4 0, 0, 32; draw_string_vec4
    %concat/vec4; draw_string_vec4
    %pushi/vec4 0, 0, 32; draw_string_vec4
    %concat/vec4; draw_string_vec4
    %pushi/vec4 0, 0, 32; draw_string_vec4
    %concat/vec4; draw_string_vec4
    %pushi/vec4 0, 0, 32; draw_string_vec4
    %concat/vec4; draw_string_vec4
    %pushi/vec4 0, 0, 32; draw_string_vec4
    %concat/vec4; draw_string_vec4
    %pushi/vec4 0, 0, 32; draw_string_vec4
    %concat/vec4; draw_string_vec4
    %pushi/vec4 0, 0, 32; draw_string_vec4
    %concat/vec4; draw_string_vec4
    %pushi/vec4 84, 0, 32; draw_string_vec4
    %concat/vec4; draw_string_vec4
    %pushi/vec4 1163088991, 0, 32; draw_string_vec4
    %concat/vec4; draw_string_vec4
    %pushi/vec4 1179208773, 0, 32; draw_string_vec4
    %concat/vec4; draw_string_vec4
    %pushi/vec4 1395617125, 0, 32; draw_string_vec4
    %concat/vec4; draw_string_vec4
    %pushi/vec4 1834972261, 0, 32; draw_string_vec4
    %concat/vec4; draw_string_vec4
    %pushi/vec4 1936995423, 0, 32; draw_string_vec4
    %concat/vec4; draw_string_vec4
    %pushi/vec4 1651663214, 0, 32; draw_string_vec4
    %concat/vec4; draw_string_vec4
    %pushi/vec4 1667784564, 0, 32; draw_string_vec4
    %concat/vec4; draw_string_vec4
    %pushi/vec4 1634428270, 0, 32; draw_string_vec4
    %concat/vec4; draw_string_vec4
    %pushi/vec4 778921325, 0, 32; draw_string_vec4
    %concat/vec4; draw_string_vec4
    %store/vec4 v000001c678816bc0_0, 0, 2048;
    %jmp T_22.26;
T_22.8 ;
    %pushi/vec4 0, 0, 32; draw_string_vec4
    %pushi/vec4 0, 0, 32; draw_string_vec4
    %concat/vec4; draw_string_vec4
    %pushi/vec4 0, 0, 32; draw_string_vec4
    %concat/vec4; draw_string_vec4
    %pushi/vec4 0, 0, 32; draw_string_vec4
    %concat/vec4; draw_string_vec4
    %pushi/vec4 0, 0, 32; draw_string_vec4
    %concat/vec4; draw_string_vec4
    %pushi/vec4 0, 0, 32; draw_string_vec4
    %concat/vec4; draw_string_vec4
    %pushi/vec4 0, 0, 32; draw_string_vec4
    %concat/vec4; draw_string_vec4
    %pushi/vec4 0, 0, 32; draw_string_vec4
    %concat/vec4; draw_string_vec4
    %pushi/vec4 0, 0, 32; draw_string_vec4
    %concat/vec4; draw_string_vec4
    %pushi/vec4 0, 0, 32; draw_string_vec4
    %concat/vec4; draw_string_vec4
    %pushi/vec4 0, 0, 32; draw_string_vec4
    %concat/vec4; draw_string_vec4
    %pushi/vec4 0, 0, 32; draw_string_vec4
    %concat/vec4; draw_string_vec4
    %pushi/vec4 0, 0, 32; draw_string_vec4
    %concat/vec4; draw_string_vec4
    %pushi/vec4 0, 0, 32; draw_string_vec4
    %concat/vec4; draw_string_vec4
    %pushi/vec4 0, 0, 32; draw_string_vec4
    %concat/vec4; draw_string_vec4
    %pushi/vec4 0, 0, 32; draw_string_vec4
    %concat/vec4; draw_string_vec4
    %pushi/vec4 0, 0, 32; draw_string_vec4
    %concat/vec4; draw_string_vec4
    %pushi/vec4 0, 0, 32; draw_string_vec4
    %concat/vec4; draw_string_vec4
    %pushi/vec4 0, 0, 32; draw_string_vec4
    %concat/vec4; draw_string_vec4
    %pushi/vec4 0, 0, 32; draw_string_vec4
    %concat/vec4; draw_string_vec4
    %pushi/vec4 0, 0, 32; draw_string_vec4
    %concat/vec4; draw_string_vec4
    %pushi/vec4 0, 0, 32; draw_string_vec4
    %concat/vec4; draw_string_vec4
    %pushi/vec4 0, 0, 32; draw_string_vec4
    %concat/vec4; draw_string_vec4
    %pushi/vec4 0, 0, 32; draw_string_vec4
    %concat/vec4; draw_string_vec4
    %pushi/vec4 0, 0, 32; draw_string_vec4
    %concat/vec4; draw_string_vec4
    %pushi/vec4 0, 0, 32; draw_string_vec4
    %concat/vec4; draw_string_vec4
    %pushi/vec4 0, 0, 32; draw_string_vec4
    %concat/vec4; draw_string_vec4
    %pushi/vec4 0, 0, 32; draw_string_vec4
    %concat/vec4; draw_string_vec4
    %pushi/vec4 0, 0, 32; draw_string_vec4
    %concat/vec4; draw_string_vec4
    %pushi/vec4 0, 0, 32; draw_string_vec4
    %concat/vec4; draw_string_vec4
    %pushi/vec4 0, 0, 32; draw_string_vec4
    %concat/vec4; draw_string_vec4
    %pushi/vec4 0, 0, 32; draw_string_vec4
    %concat/vec4; draw_string_vec4
    %pushi/vec4 0, 0, 32; draw_string_vec4
    %concat/vec4; draw_string_vec4
    %pushi/vec4 0, 0, 32; draw_string_vec4
    %concat/vec4; draw_string_vec4
    %pushi/vec4 0, 0, 32; draw_string_vec4
    %concat/vec4; draw_string_vec4
    %pushi/vec4 0, 0, 32; draw_string_vec4
    %concat/vec4; draw_string_vec4
    %pushi/vec4 0, 0, 32; draw_string_vec4
    %concat/vec4; draw_string_vec4
    %pushi/vec4 0, 0, 32; draw_string_vec4
    %concat/vec4; draw_string_vec4
    %pushi/vec4 0, 0, 32; draw_string_vec4
    %concat/vec4; draw_string_vec4
    %pushi/vec4 0, 0, 32; draw_string_vec4
    %concat/vec4; draw_string_vec4
    %pushi/vec4 0, 0, 32; draw_string_vec4
    %concat/vec4; draw_string_vec4
    %pushi/vec4 0, 0, 32; draw_string_vec4
    %concat/vec4; draw_string_vec4
    %pushi/vec4 0, 0, 32; draw_string_vec4
    %concat/vec4; draw_string_vec4
    %pushi/vec4 0, 0, 32; draw_string_vec4
    %concat/vec4; draw_string_vec4
    %pushi/vec4 0, 0, 32; draw_string_vec4
    %concat/vec4; draw_string_vec4
    %pushi/vec4 0, 0, 32; draw_string_vec4
    %concat/vec4; draw_string_vec4
    %pushi/vec4 0, 0, 32; draw_string_vec4
    %concat/vec4; draw_string_vec4
    %pushi/vec4 0, 0, 32; draw_string_vec4
    %concat/vec4; draw_string_vec4
    %pushi/vec4 0, 0, 32; draw_string_vec4
    %concat/vec4; draw_string_vec4
    %pushi/vec4 0, 0, 32; draw_string_vec4
    %concat/vec4; draw_string_vec4
    %pushi/vec4 0, 0, 32; draw_string_vec4
    %concat/vec4; draw_string_vec4
    %pushi/vec4 0, 0, 32; draw_string_vec4
    %concat/vec4; draw_string_vec4
    %pushi/vec4 0, 0, 32; draw_string_vec4
    %concat/vec4; draw_string_vec4
    %pushi/vec4 0, 0, 32; draw_string_vec4
    %concat/vec4; draw_string_vec4
    %pushi/vec4 0, 0, 32; draw_string_vec4
    %concat/vec4; draw_string_vec4
    %pushi/vec4 5522771, 0, 32; draw_string_vec4
    %concat/vec4; draw_string_vec4
    %pushi/vec4 1415530057, 0, 32; draw_string_vec4
    %concat/vec4; draw_string_vec4
    %pushi/vec4 1279611695, 0, 32; draw_string_vec4
    %concat/vec4; draw_string_vec4
    %pushi/vec4 1835363679, 0, 32; draw_string_vec4
    %concat/vec4; draw_string_vec4
    %pushi/vec4 1952805748, 0, 32; draw_string_vec4
    %concat/vec4; draw_string_vec4
    %pushi/vec4 895446127, 0, 32; draw_string_vec4
    %concat/vec4; draw_string_vec4
    %pushi/vec4 1633967987, 0, 32; draw_string_vec4
    %concat/vec4; draw_string_vec4
    %pushi/vec4 1953460837, 0, 32; draw_string_vec4
    %concat/vec4; draw_string_vec4
    %pushi/vec4 778921325, 0, 32; draw_string_vec4
    %concat/vec4; draw_string_vec4
    %store/vec4 v000001c678816bc0_0, 0, 2048;
    %jmp T_22.26;
T_22.9 ;
    %pushi/vec4 0, 0, 32; draw_string_vec4
    %pushi/vec4 0, 0, 32; draw_string_vec4
    %concat/vec4; draw_string_vec4
    %pushi/vec4 0, 0, 32; draw_string_vec4
    %concat/vec4; draw_string_vec4
    %pushi/vec4 0, 0, 32; draw_string_vec4
    %concat/vec4; draw_string_vec4
    %pushi/vec4 0, 0, 32; draw_string_vec4
    %concat/vec4; draw_string_vec4
    %pushi/vec4 0, 0, 32; draw_string_vec4
    %concat/vec4; draw_string_vec4
    %pushi/vec4 0, 0, 32; draw_string_vec4
    %concat/vec4; draw_string_vec4
    %pushi/vec4 0, 0, 32; draw_string_vec4
    %concat/vec4; draw_string_vec4
    %pushi/vec4 0, 0, 32; draw_string_vec4
    %concat/vec4; draw_string_vec4
    %pushi/vec4 0, 0, 32; draw_string_vec4
    %concat/vec4; draw_string_vec4
    %pushi/vec4 0, 0, 32; draw_string_vec4
    %concat/vec4; draw_string_vec4
    %pushi/vec4 0, 0, 32; draw_string_vec4
    %concat/vec4; draw_string_vec4
    %pushi/vec4 0, 0, 32; draw_string_vec4
    %concat/vec4; draw_string_vec4
    %pushi/vec4 0, 0, 32; draw_string_vec4
    %concat/vec4; draw_string_vec4
    %pushi/vec4 0, 0, 32; draw_string_vec4
    %concat/vec4; draw_string_vec4
    %pushi/vec4 0, 0, 32; draw_string_vec4
    %concat/vec4; draw_string_vec4
    %pushi/vec4 0, 0, 32; draw_string_vec4
    %concat/vec4; draw_string_vec4
    %pushi/vec4 0, 0, 32; draw_string_vec4
    %concat/vec4; draw_string_vec4
    %pushi/vec4 0, 0, 32; draw_string_vec4
    %concat/vec4; draw_string_vec4
    %pushi/vec4 0, 0, 32; draw_string_vec4
    %concat/vec4; draw_string_vec4
    %pushi/vec4 0, 0, 32; draw_string_vec4
    %concat/vec4; draw_string_vec4
    %pushi/vec4 0, 0, 32; draw_string_vec4
    %concat/vec4; draw_string_vec4
    %pushi/vec4 0, 0, 32; draw_string_vec4
    %concat/vec4; draw_string_vec4
    %pushi/vec4 0, 0, 32; draw_string_vec4
    %concat/vec4; draw_string_vec4
    %pushi/vec4 0, 0, 32; draw_string_vec4
    %concat/vec4; draw_string_vec4
    %pushi/vec4 0, 0, 32; draw_string_vec4
    %concat/vec4; draw_string_vec4
    %pushi/vec4 0, 0, 32; draw_string_vec4
    %concat/vec4; draw_string_vec4
    %pushi/vec4 0, 0, 32; draw_string_vec4
    %concat/vec4; draw_string_vec4
    %pushi/vec4 0, 0, 32; draw_string_vec4
    %concat/vec4; draw_string_vec4
    %pushi/vec4 0, 0, 32; draw_string_vec4
    %concat/vec4; draw_string_vec4
    %pushi/vec4 0, 0, 32; draw_string_vec4
    %concat/vec4; draw_string_vec4
    %pushi/vec4 0, 0, 32; draw_string_vec4
    %concat/vec4; draw_string_vec4
    %pushi/vec4 0, 0, 32; draw_string_vec4
    %concat/vec4; draw_string_vec4
    %pushi/vec4 0, 0, 32; draw_string_vec4
    %concat/vec4; draw_string_vec4
    %pushi/vec4 0, 0, 32; draw_string_vec4
    %concat/vec4; draw_string_vec4
    %pushi/vec4 0, 0, 32; draw_string_vec4
    %concat/vec4; draw_string_vec4
    %pushi/vec4 0, 0, 32; draw_string_vec4
    %concat/vec4; draw_string_vec4
    %pushi/vec4 0, 0, 32; draw_string_vec4
    %concat/vec4; draw_string_vec4
    %pushi/vec4 0, 0, 32; draw_string_vec4
    %concat/vec4; draw_string_vec4
    %pushi/vec4 0, 0, 32; draw_string_vec4
    %concat/vec4; draw_string_vec4
    %pushi/vec4 0, 0, 32; draw_string_vec4
    %concat/vec4; draw_string_vec4
    %pushi/vec4 0, 0, 32; draw_string_vec4
    %concat/vec4; draw_string_vec4
    %pushi/vec4 0, 0, 32; draw_string_vec4
    %concat/vec4; draw_string_vec4
    %pushi/vec4 0, 0, 32; draw_string_vec4
    %concat/vec4; draw_string_vec4
    %pushi/vec4 0, 0, 32; draw_string_vec4
    %concat/vec4; draw_string_vec4
    %pushi/vec4 0, 0, 32; draw_string_vec4
    %concat/vec4; draw_string_vec4
    %pushi/vec4 0, 0, 32; draw_string_vec4
    %concat/vec4; draw_string_vec4
    %pushi/vec4 0, 0, 32; draw_string_vec4
    %concat/vec4; draw_string_vec4
    %pushi/vec4 0, 0, 32; draw_string_vec4
    %concat/vec4; draw_string_vec4
    %pushi/vec4 0, 0, 32; draw_string_vec4
    %concat/vec4; draw_string_vec4
    %pushi/vec4 0, 0, 32; draw_string_vec4
    %concat/vec4; draw_string_vec4
    %pushi/vec4 0, 0, 32; draw_string_vec4
    %concat/vec4; draw_string_vec4
    %pushi/vec4 0, 0, 32; draw_string_vec4
    %concat/vec4; draw_string_vec4
    %pushi/vec4 84, 0, 32; draw_string_vec4
    %concat/vec4; draw_string_vec4
    %pushi/vec4 1163088991, 0, 32; draw_string_vec4
    %concat/vec4; draw_string_vec4
    %pushi/vec4 1179208773, 0, 32; draw_string_vec4
    %concat/vec4; draw_string_vec4
    %pushi/vec4 1395617125, 0, 32; draw_string_vec4
    %concat/vec4; draw_string_vec4
    %pushi/vec4 1834972261, 0, 32; draw_string_vec4
    %concat/vec4; draw_string_vec4
    %pushi/vec4 1936995935, 0, 32; draw_string_vec4
    %concat/vec4; draw_string_vec4
    %pushi/vec4 1651663214, 0, 32; draw_string_vec4
    %concat/vec4; draw_string_vec4
    %pushi/vec4 1667784558, 0, 32; draw_string_vec4
    %concat/vec4; draw_string_vec4
    %pushi/vec4 1869897588, 0, 32; draw_string_vec4
    %concat/vec4; draw_string_vec4
    %pushi/vec4 1634428270, 0, 32; draw_string_vec4
    %concat/vec4; draw_string_vec4
    %pushi/vec4 778921325, 0, 32; draw_string_vec4
    %concat/vec4; draw_string_vec4
    %store/vec4 v000001c678816bc0_0, 0, 2048;
    %jmp T_22.26;
T_22.10 ;
    %pushi/vec4 0, 0, 32; draw_string_vec4
    %pushi/vec4 0, 0, 32; draw_string_vec4
    %concat/vec4; draw_string_vec4
    %pushi/vec4 0, 0, 32; draw_string_vec4
    %concat/vec4; draw_string_vec4
    %pushi/vec4 0, 0, 32; draw_string_vec4
    %concat/vec4; draw_string_vec4
    %pushi/vec4 0, 0, 32; draw_string_vec4
    %concat/vec4; draw_string_vec4
    %pushi/vec4 0, 0, 32; draw_string_vec4
    %concat/vec4; draw_string_vec4
    %pushi/vec4 0, 0, 32; draw_string_vec4
    %concat/vec4; draw_string_vec4
    %pushi/vec4 0, 0, 32; draw_string_vec4
    %concat/vec4; draw_string_vec4
    %pushi/vec4 0, 0, 32; draw_string_vec4
    %concat/vec4; draw_string_vec4
    %pushi/vec4 0, 0, 32; draw_string_vec4
    %concat/vec4; draw_string_vec4
    %pushi/vec4 0, 0, 32; draw_string_vec4
    %concat/vec4; draw_string_vec4
    %pushi/vec4 0, 0, 32; draw_string_vec4
    %concat/vec4; draw_string_vec4
    %pushi/vec4 0, 0, 32; draw_string_vec4
    %concat/vec4; draw_string_vec4
    %pushi/vec4 0, 0, 32; draw_string_vec4
    %concat/vec4; draw_string_vec4
    %pushi/vec4 0, 0, 32; draw_string_vec4
    %concat/vec4; draw_string_vec4
    %pushi/vec4 0, 0, 32; draw_string_vec4
    %concat/vec4; draw_string_vec4
    %pushi/vec4 0, 0, 32; draw_string_vec4
    %concat/vec4; draw_string_vec4
    %pushi/vec4 0, 0, 32; draw_string_vec4
    %concat/vec4; draw_string_vec4
    %pushi/vec4 0, 0, 32; draw_string_vec4
    %concat/vec4; draw_string_vec4
    %pushi/vec4 0, 0, 32; draw_string_vec4
    %concat/vec4; draw_string_vec4
    %pushi/vec4 0, 0, 32; draw_string_vec4
    %concat/vec4; draw_string_vec4
    %pushi/vec4 0, 0, 32; draw_string_vec4
    %concat/vec4; draw_string_vec4
    %pushi/vec4 0, 0, 32; draw_string_vec4
    %concat/vec4; draw_string_vec4
    %pushi/vec4 0, 0, 32; draw_string_vec4
    %concat/vec4; draw_string_vec4
    %pushi/vec4 0, 0, 32; draw_string_vec4
    %concat/vec4; draw_string_vec4
    %pushi/vec4 0, 0, 32; draw_string_vec4
    %concat/vec4; draw_string_vec4
    %pushi/vec4 0, 0, 32; draw_string_vec4
    %concat/vec4; draw_string_vec4
    %pushi/vec4 0, 0, 32; draw_string_vec4
    %concat/vec4; draw_string_vec4
    %pushi/vec4 0, 0, 32; draw_string_vec4
    %concat/vec4; draw_string_vec4
    %pushi/vec4 0, 0, 32; draw_string_vec4
    %concat/vec4; draw_string_vec4
    %pushi/vec4 0, 0, 32; draw_string_vec4
    %concat/vec4; draw_string_vec4
    %pushi/vec4 0, 0, 32; draw_string_vec4
    %concat/vec4; draw_string_vec4
    %pushi/vec4 0, 0, 32; draw_string_vec4
    %concat/vec4; draw_string_vec4
    %pushi/vec4 0, 0, 32; draw_string_vec4
    %concat/vec4; draw_string_vec4
    %pushi/vec4 0, 0, 32; draw_string_vec4
    %concat/vec4; draw_string_vec4
    %pushi/vec4 0, 0, 32; draw_string_vec4
    %concat/vec4; draw_string_vec4
    %pushi/vec4 0, 0, 32; draw_string_vec4
    %concat/vec4; draw_string_vec4
    %pushi/vec4 0, 0, 32; draw_string_vec4
    %concat/vec4; draw_string_vec4
    %pushi/vec4 0, 0, 32; draw_string_vec4
    %concat/vec4; draw_string_vec4
    %pushi/vec4 0, 0, 32; draw_string_vec4
    %concat/vec4; draw_string_vec4
    %pushi/vec4 0, 0, 32; draw_string_vec4
    %concat/vec4; draw_string_vec4
    %pushi/vec4 0, 0, 32; draw_string_vec4
    %concat/vec4; draw_string_vec4
    %pushi/vec4 0, 0, 32; draw_string_vec4
    %concat/vec4; draw_string_vec4
    %pushi/vec4 0, 0, 32; draw_string_vec4
    %concat/vec4; draw_string_vec4
    %pushi/vec4 0, 0, 32; draw_string_vec4
    %concat/vec4; draw_string_vec4
    %pushi/vec4 0, 0, 32; draw_string_vec4
    %concat/vec4; draw_string_vec4
    %pushi/vec4 0, 0, 32; draw_string_vec4
    %concat/vec4; draw_string_vec4
    %pushi/vec4 0, 0, 32; draw_string_vec4
    %concat/vec4; draw_string_vec4
    %pushi/vec4 0, 0, 32; draw_string_vec4
    %concat/vec4; draw_string_vec4
    %pushi/vec4 0, 0, 32; draw_string_vec4
    %concat/vec4; draw_string_vec4
    %pushi/vec4 0, 0, 32; draw_string_vec4
    %concat/vec4; draw_string_vec4
    %pushi/vec4 0, 0, 32; draw_string_vec4
    %concat/vec4; draw_string_vec4
    %pushi/vec4 0, 0, 32; draw_string_vec4
    %concat/vec4; draw_string_vec4
    %pushi/vec4 0, 0, 32; draw_string_vec4
    %concat/vec4; draw_string_vec4
    %pushi/vec4 0, 0, 32; draw_string_vec4
    %concat/vec4; draw_string_vec4
    %pushi/vec4 0, 0, 32; draw_string_vec4
    %concat/vec4; draw_string_vec4
    %pushi/vec4 0, 0, 32; draw_string_vec4
    %concat/vec4; draw_string_vec4
    %pushi/vec4 1413829460, 0, 32; draw_string_vec4
    %concat/vec4; draw_string_vec4
    %pushi/vec4 1598441804, 0, 32; draw_string_vec4
    %concat/vec4; draw_string_vec4
    %pushi/vec4 1163079533, 0, 32; draw_string_vec4
    %concat/vec4; draw_string_vec4
    %pushi/vec4 1701666676, 0, 32; draw_string_vec4
    %concat/vec4; draw_string_vec4
    %pushi/vec4 1702065207, 0, 32; draw_string_vec4
    %concat/vec4; draw_string_vec4
    %pushi/vec4 1600807276, 0, 32; draw_string_vec4
    %concat/vec4; draw_string_vec4
    %pushi/vec4 778921325, 0, 32; draw_string_vec4
    %concat/vec4; draw_string_vec4
    %store/vec4 v000001c678816bc0_0, 0, 2048;
    %jmp T_22.26;
T_22.11 ;
    %pushi/vec4 0, 0, 32; draw_string_vec4
    %pushi/vec4 0, 0, 32; draw_string_vec4
    %concat/vec4; draw_string_vec4
    %pushi/vec4 0, 0, 32; draw_string_vec4
    %concat/vec4; draw_string_vec4
    %pushi/vec4 0, 0, 32; draw_string_vec4
    %concat/vec4; draw_string_vec4
    %pushi/vec4 0, 0, 32; draw_string_vec4
    %concat/vec4; draw_string_vec4
    %pushi/vec4 0, 0, 32; draw_string_vec4
    %concat/vec4; draw_string_vec4
    %pushi/vec4 0, 0, 32; draw_string_vec4
    %concat/vec4; draw_string_vec4
    %pushi/vec4 0, 0, 32; draw_string_vec4
    %concat/vec4; draw_string_vec4
    %pushi/vec4 0, 0, 32; draw_string_vec4
    %concat/vec4; draw_string_vec4
    %pushi/vec4 0, 0, 32; draw_string_vec4
    %concat/vec4; draw_string_vec4
    %pushi/vec4 0, 0, 32; draw_string_vec4
    %concat/vec4; draw_string_vec4
    %pushi/vec4 0, 0, 32; draw_string_vec4
    %concat/vec4; draw_string_vec4
    %pushi/vec4 0, 0, 32; draw_string_vec4
    %concat/vec4; draw_string_vec4
    %pushi/vec4 0, 0, 32; draw_string_vec4
    %concat/vec4; draw_string_vec4
    %pushi/vec4 0, 0, 32; draw_string_vec4
    %concat/vec4; draw_string_vec4
    %pushi/vec4 0, 0, 32; draw_string_vec4
    %concat/vec4; draw_string_vec4
    %pushi/vec4 0, 0, 32; draw_string_vec4
    %concat/vec4; draw_string_vec4
    %pushi/vec4 0, 0, 32; draw_string_vec4
    %concat/vec4; draw_string_vec4
    %pushi/vec4 0, 0, 32; draw_string_vec4
    %concat/vec4; draw_string_vec4
    %pushi/vec4 0, 0, 32; draw_string_vec4
    %concat/vec4; draw_string_vec4
    %pushi/vec4 0, 0, 32; draw_string_vec4
    %concat/vec4; draw_string_vec4
    %pushi/vec4 0, 0, 32; draw_string_vec4
    %concat/vec4; draw_string_vec4
    %pushi/vec4 0, 0, 32; draw_string_vec4
    %concat/vec4; draw_string_vec4
    %pushi/vec4 0, 0, 32; draw_string_vec4
    %concat/vec4; draw_string_vec4
    %pushi/vec4 0, 0, 32; draw_string_vec4
    %concat/vec4; draw_string_vec4
    %pushi/vec4 0, 0, 32; draw_string_vec4
    %concat/vec4; draw_string_vec4
    %pushi/vec4 0, 0, 32; draw_string_vec4
    %concat/vec4; draw_string_vec4
    %pushi/vec4 0, 0, 32; draw_string_vec4
    %concat/vec4; draw_string_vec4
    %pushi/vec4 0, 0, 32; draw_string_vec4
    %concat/vec4; draw_string_vec4
    %pushi/vec4 0, 0, 32; draw_string_vec4
    %concat/vec4; draw_string_vec4
    %pushi/vec4 0, 0, 32; draw_string_vec4
    %concat/vec4; draw_string_vec4
    %pushi/vec4 0, 0, 32; draw_string_vec4
    %concat/vec4; draw_string_vec4
    %pushi/vec4 0, 0, 32; draw_string_vec4
    %concat/vec4; draw_string_vec4
    %pushi/vec4 0, 0, 32; draw_string_vec4
    %concat/vec4; draw_string_vec4
    %pushi/vec4 0, 0, 32; draw_string_vec4
    %concat/vec4; draw_string_vec4
    %pushi/vec4 0, 0, 32; draw_string_vec4
    %concat/vec4; draw_string_vec4
    %pushi/vec4 0, 0, 32; draw_string_vec4
    %concat/vec4; draw_string_vec4
    %pushi/vec4 0, 0, 32; draw_string_vec4
    %concat/vec4; draw_string_vec4
    %pushi/vec4 0, 0, 32; draw_string_vec4
    %concat/vec4; draw_string_vec4
    %pushi/vec4 0, 0, 32; draw_string_vec4
    %concat/vec4; draw_string_vec4
    %pushi/vec4 0, 0, 32; draw_string_vec4
    %concat/vec4; draw_string_vec4
    %pushi/vec4 0, 0, 32; draw_string_vec4
    %concat/vec4; draw_string_vec4
    %pushi/vec4 0, 0, 32; draw_string_vec4
    %concat/vec4; draw_string_vec4
    %pushi/vec4 0, 0, 32; draw_string_vec4
    %concat/vec4; draw_string_vec4
    %pushi/vec4 0, 0, 32; draw_string_vec4
    %concat/vec4; draw_string_vec4
    %pushi/vec4 0, 0, 32; draw_string_vec4
    %concat/vec4; draw_string_vec4
    %pushi/vec4 0, 0, 32; draw_string_vec4
    %concat/vec4; draw_string_vec4
    %pushi/vec4 0, 0, 32; draw_string_vec4
    %concat/vec4; draw_string_vec4
    %pushi/vec4 0, 0, 32; draw_string_vec4
    %concat/vec4; draw_string_vec4
    %pushi/vec4 0, 0, 32; draw_string_vec4
    %concat/vec4; draw_string_vec4
    %pushi/vec4 0, 0, 32; draw_string_vec4
    %concat/vec4; draw_string_vec4
    %pushi/vec4 0, 0, 32; draw_string_vec4
    %concat/vec4; draw_string_vec4
    %pushi/vec4 0, 0, 32; draw_string_vec4
    %concat/vec4; draw_string_vec4
    %pushi/vec4 0, 0, 32; draw_string_vec4
    %concat/vec4; draw_string_vec4
    %pushi/vec4 0, 0, 32; draw_string_vec4
    %concat/vec4; draw_string_vec4
    %pushi/vec4 0, 0, 32; draw_string_vec4
    %concat/vec4; draw_string_vec4
    %pushi/vec4 84, 0, 32; draw_string_vec4
    %concat/vec4; draw_string_vec4
    %pushi/vec4 1163088991, 0, 32; draw_string_vec4
    %concat/vec4; draw_string_vec4
    %pushi/vec4 1179208773, 0, 32; draw_string_vec4
    %concat/vec4; draw_string_vec4
    %pushi/vec4 1395617125, 0, 32; draw_string_vec4
    %concat/vec4; draw_string_vec4
    %pushi/vec4 1834972261, 0, 32; draw_string_vec4
    %concat/vec4; draw_string_vec4
    %pushi/vec4 1936996447, 0, 32; draw_string_vec4
    %concat/vec4; draw_string_vec4
    %pushi/vec4 1784769650, 0, 32; draw_string_vec4
    %concat/vec4; draw_string_vec4
    %pushi/vec4 778921325, 0, 32; draw_string_vec4
    %concat/vec4; draw_string_vec4
    %store/vec4 v000001c678816bc0_0, 0, 2048;
    %jmp T_22.26;
T_22.12 ;
    %pushi/vec4 0, 0, 32; draw_string_vec4
    %pushi/vec4 0, 0, 32; draw_string_vec4
    %concat/vec4; draw_string_vec4
    %pushi/vec4 0, 0, 32; draw_string_vec4
    %concat/vec4; draw_string_vec4
    %pushi/vec4 0, 0, 32; draw_string_vec4
    %concat/vec4; draw_string_vec4
    %pushi/vec4 0, 0, 32; draw_string_vec4
    %concat/vec4; draw_string_vec4
    %pushi/vec4 0, 0, 32; draw_string_vec4
    %concat/vec4; draw_string_vec4
    %pushi/vec4 0, 0, 32; draw_string_vec4
    %concat/vec4; draw_string_vec4
    %pushi/vec4 0, 0, 32; draw_string_vec4
    %concat/vec4; draw_string_vec4
    %pushi/vec4 0, 0, 32; draw_string_vec4
    %concat/vec4; draw_string_vec4
    %pushi/vec4 0, 0, 32; draw_string_vec4
    %concat/vec4; draw_string_vec4
    %pushi/vec4 0, 0, 32; draw_string_vec4
    %concat/vec4; draw_string_vec4
    %pushi/vec4 0, 0, 32; draw_string_vec4
    %concat/vec4; draw_string_vec4
    %pushi/vec4 0, 0, 32; draw_string_vec4
    %concat/vec4; draw_string_vec4
    %pushi/vec4 0, 0, 32; draw_string_vec4
    %concat/vec4; draw_string_vec4
    %pushi/vec4 0, 0, 32; draw_string_vec4
    %concat/vec4; draw_string_vec4
    %pushi/vec4 0, 0, 32; draw_string_vec4
    %concat/vec4; draw_string_vec4
    %pushi/vec4 0, 0, 32; draw_string_vec4
    %concat/vec4; draw_string_vec4
    %pushi/vec4 0, 0, 32; draw_string_vec4
    %concat/vec4; draw_string_vec4
    %pushi/vec4 0, 0, 32; draw_string_vec4
    %concat/vec4; draw_string_vec4
    %pushi/vec4 0, 0, 32; draw_string_vec4
    %concat/vec4; draw_string_vec4
    %pushi/vec4 0, 0, 32; draw_string_vec4
    %concat/vec4; draw_string_vec4
    %pushi/vec4 0, 0, 32; draw_string_vec4
    %concat/vec4; draw_string_vec4
    %pushi/vec4 0, 0, 32; draw_string_vec4
    %concat/vec4; draw_string_vec4
    %pushi/vec4 0, 0, 32; draw_string_vec4
    %concat/vec4; draw_string_vec4
    %pushi/vec4 0, 0, 32; draw_string_vec4
    %concat/vec4; draw_string_vec4
    %pushi/vec4 0, 0, 32; draw_string_vec4
    %concat/vec4; draw_string_vec4
    %pushi/vec4 0, 0, 32; draw_string_vec4
    %concat/vec4; draw_string_vec4
    %pushi/vec4 0, 0, 32; draw_string_vec4
    %concat/vec4; draw_string_vec4
    %pushi/vec4 0, 0, 32; draw_string_vec4
    %concat/vec4; draw_string_vec4
    %pushi/vec4 0, 0, 32; draw_string_vec4
    %concat/vec4; draw_string_vec4
    %pushi/vec4 0, 0, 32; draw_string_vec4
    %concat/vec4; draw_string_vec4
    %pushi/vec4 0, 0, 32; draw_string_vec4
    %concat/vec4; draw_string_vec4
    %pushi/vec4 0, 0, 32; draw_string_vec4
    %concat/vec4; draw_string_vec4
    %pushi/vec4 0, 0, 32; draw_string_vec4
    %concat/vec4; draw_string_vec4
    %pushi/vec4 0, 0, 32; draw_string_vec4
    %concat/vec4; draw_string_vec4
    %pushi/vec4 0, 0, 32; draw_string_vec4
    %concat/vec4; draw_string_vec4
    %pushi/vec4 0, 0, 32; draw_string_vec4
    %concat/vec4; draw_string_vec4
    %pushi/vec4 0, 0, 32; draw_string_vec4
    %concat/vec4; draw_string_vec4
    %pushi/vec4 0, 0, 32; draw_string_vec4
    %concat/vec4; draw_string_vec4
    %pushi/vec4 0, 0, 32; draw_string_vec4
    %concat/vec4; draw_string_vec4
    %pushi/vec4 0, 0, 32; draw_string_vec4
    %concat/vec4; draw_string_vec4
    %pushi/vec4 0, 0, 32; draw_string_vec4
    %concat/vec4; draw_string_vec4
    %pushi/vec4 0, 0, 32; draw_string_vec4
    %concat/vec4; draw_string_vec4
    %pushi/vec4 0, 0, 32; draw_string_vec4
    %concat/vec4; draw_string_vec4
    %pushi/vec4 0, 0, 32; draw_string_vec4
    %concat/vec4; draw_string_vec4
    %pushi/vec4 0, 0, 32; draw_string_vec4
    %concat/vec4; draw_string_vec4
    %pushi/vec4 0, 0, 32; draw_string_vec4
    %concat/vec4; draw_string_vec4
    %pushi/vec4 0, 0, 32; draw_string_vec4
    %concat/vec4; draw_string_vec4
    %pushi/vec4 0, 0, 32; draw_string_vec4
    %concat/vec4; draw_string_vec4
    %pushi/vec4 0, 0, 32; draw_string_vec4
    %concat/vec4; draw_string_vec4
    %pushi/vec4 0, 0, 32; draw_string_vec4
    %concat/vec4; draw_string_vec4
    %pushi/vec4 0, 0, 32; draw_string_vec4
    %concat/vec4; draw_string_vec4
    %pushi/vec4 0, 0, 32; draw_string_vec4
    %concat/vec4; draw_string_vec4
    %pushi/vec4 0, 0, 32; draw_string_vec4
    %concat/vec4; draw_string_vec4
    %pushi/vec4 0, 0, 32; draw_string_vec4
    %concat/vec4; draw_string_vec4
    %pushi/vec4 0, 0, 32; draw_string_vec4
    %concat/vec4; draw_string_vec4
    %pushi/vec4 21573, 0, 32; draw_string_vec4
    %concat/vec4; draw_string_vec4
    %pushi/vec4 1398038342, 0, 32; draw_string_vec4
    %concat/vec4; draw_string_vec4
    %pushi/vec4 1229735251, 0, 32; draw_string_vec4
    %concat/vec4; draw_string_vec4
    %pushi/vec4 795698541, 0, 32; draw_string_vec4
    %concat/vec4; draw_string_vec4
    %pushi/vec4 1601463667, 0, 32; draw_string_vec4
    %concat/vec4; draw_string_vec4
    %pushi/vec4 1949917036, 0, 32; draw_string_vec4
    %concat/vec4; draw_string_vec4
    %pushi/vec4 1650422626, 0, 32; draw_string_vec4
    %concat/vec4; draw_string_vec4
    %pushi/vec4 778921325, 0, 32; draw_string_vec4
    %concat/vec4; draw_string_vec4
    %store/vec4 v000001c678816bc0_0, 0, 2048;
    %jmp T_22.26;
T_22.13 ;
    %pushi/vec4 0, 0, 32; draw_string_vec4
    %pushi/vec4 0, 0, 32; draw_string_vec4
    %concat/vec4; draw_string_vec4
    %pushi/vec4 0, 0, 32; draw_string_vec4
    %concat/vec4; draw_string_vec4
    %pushi/vec4 0, 0, 32; draw_string_vec4
    %concat/vec4; draw_string_vec4
    %pushi/vec4 0, 0, 32; draw_string_vec4
    %concat/vec4; draw_string_vec4
    %pushi/vec4 0, 0, 32; draw_string_vec4
    %concat/vec4; draw_string_vec4
    %pushi/vec4 0, 0, 32; draw_string_vec4
    %concat/vec4; draw_string_vec4
    %pushi/vec4 0, 0, 32; draw_string_vec4
    %concat/vec4; draw_string_vec4
    %pushi/vec4 0, 0, 32; draw_string_vec4
    %concat/vec4; draw_string_vec4
    %pushi/vec4 0, 0, 32; draw_string_vec4
    %concat/vec4; draw_string_vec4
    %pushi/vec4 0, 0, 32; draw_string_vec4
    %concat/vec4; draw_string_vec4
    %pushi/vec4 0, 0, 32; draw_string_vec4
    %concat/vec4; draw_string_vec4
    %pushi/vec4 0, 0, 32; draw_string_vec4
    %concat/vec4; draw_string_vec4
    %pushi/vec4 0, 0, 32; draw_string_vec4
    %concat/vec4; draw_string_vec4
    %pushi/vec4 0, 0, 32; draw_string_vec4
    %concat/vec4; draw_string_vec4
    %pushi/vec4 0, 0, 32; draw_string_vec4
    %concat/vec4; draw_string_vec4
    %pushi/vec4 0, 0, 32; draw_string_vec4
    %concat/vec4; draw_string_vec4
    %pushi/vec4 0, 0, 32; draw_string_vec4
    %concat/vec4; draw_string_vec4
    %pushi/vec4 0, 0, 32; draw_string_vec4
    %concat/vec4; draw_string_vec4
    %pushi/vec4 0, 0, 32; draw_string_vec4
    %concat/vec4; draw_string_vec4
    %pushi/vec4 0, 0, 32; draw_string_vec4
    %concat/vec4; draw_string_vec4
    %pushi/vec4 0, 0, 32; draw_string_vec4
    %concat/vec4; draw_string_vec4
    %pushi/vec4 0, 0, 32; draw_string_vec4
    %concat/vec4; draw_string_vec4
    %pushi/vec4 0, 0, 32; draw_string_vec4
    %concat/vec4; draw_string_vec4
    %pushi/vec4 0, 0, 32; draw_string_vec4
    %concat/vec4; draw_string_vec4
    %pushi/vec4 0, 0, 32; draw_string_vec4
    %concat/vec4; draw_string_vec4
    %pushi/vec4 0, 0, 32; draw_string_vec4
    %concat/vec4; draw_string_vec4
    %pushi/vec4 0, 0, 32; draw_string_vec4
    %concat/vec4; draw_string_vec4
    %pushi/vec4 0, 0, 32; draw_string_vec4
    %concat/vec4; draw_string_vec4
    %pushi/vec4 0, 0, 32; draw_string_vec4
    %concat/vec4; draw_string_vec4
    %pushi/vec4 0, 0, 32; draw_string_vec4
    %concat/vec4; draw_string_vec4
    %pushi/vec4 0, 0, 32; draw_string_vec4
    %concat/vec4; draw_string_vec4
    %pushi/vec4 0, 0, 32; draw_string_vec4
    %concat/vec4; draw_string_vec4
    %pushi/vec4 0, 0, 32; draw_string_vec4
    %concat/vec4; draw_string_vec4
    %pushi/vec4 0, 0, 32; draw_string_vec4
    %concat/vec4; draw_string_vec4
    %pushi/vec4 0, 0, 32; draw_string_vec4
    %concat/vec4; draw_string_vec4
    %pushi/vec4 0, 0, 32; draw_string_vec4
    %concat/vec4; draw_string_vec4
    %pushi/vec4 0, 0, 32; draw_string_vec4
    %concat/vec4; draw_string_vec4
    %pushi/vec4 0, 0, 32; draw_string_vec4
    %concat/vec4; draw_string_vec4
    %pushi/vec4 0, 0, 32; draw_string_vec4
    %concat/vec4; draw_string_vec4
    %pushi/vec4 0, 0, 32; draw_string_vec4
    %concat/vec4; draw_string_vec4
    %pushi/vec4 0, 0, 32; draw_string_vec4
    %concat/vec4; draw_string_vec4
    %pushi/vec4 0, 0, 32; draw_string_vec4
    %concat/vec4; draw_string_vec4
    %pushi/vec4 0, 0, 32; draw_string_vec4
    %concat/vec4; draw_string_vec4
    %pushi/vec4 0, 0, 32; draw_string_vec4
    %concat/vec4; draw_string_vec4
    %pushi/vec4 0, 0, 32; draw_string_vec4
    %concat/vec4; draw_string_vec4
    %pushi/vec4 0, 0, 32; draw_string_vec4
    %concat/vec4; draw_string_vec4
    %pushi/vec4 0, 0, 32; draw_string_vec4
    %concat/vec4; draw_string_vec4
    %pushi/vec4 0, 0, 32; draw_string_vec4
    %concat/vec4; draw_string_vec4
    %pushi/vec4 0, 0, 32; draw_string_vec4
    %concat/vec4; draw_string_vec4
    %pushi/vec4 0, 0, 32; draw_string_vec4
    %concat/vec4; draw_string_vec4
    %pushi/vec4 0, 0, 32; draw_string_vec4
    %concat/vec4; draw_string_vec4
    %pushi/vec4 0, 0, 32; draw_string_vec4
    %concat/vec4; draw_string_vec4
    %pushi/vec4 0, 0, 32; draw_string_vec4
    %concat/vec4; draw_string_vec4
    %pushi/vec4 0, 0, 32; draw_string_vec4
    %concat/vec4; draw_string_vec4
    %pushi/vec4 0, 0, 32; draw_string_vec4
    %concat/vec4; draw_string_vec4
    %pushi/vec4 1413829460, 0, 32; draw_string_vec4
    %concat/vec4; draw_string_vec4
    %pushi/vec4 1598441804, 0, 32; draw_string_vec4
    %concat/vec4; draw_string_vec4
    %pushi/vec4 1163079533, 0, 32; draw_string_vec4
    %concat/vec4; draw_string_vec4
    %pushi/vec4 1701666676, 0, 32; draw_string_vec4
    %concat/vec4; draw_string_vec4
    %pushi/vec4 1702065201, 0, 32; draw_string_vec4
    %concat/vec4; draw_string_vec4
    %pushi/vec4 811560040, 0, 32; draw_string_vec4
    %concat/vec4; draw_string_vec4
    %pushi/vec4 1969189736, 0, 32; draw_string_vec4
    %concat/vec4; draw_string_vec4
    %pushi/vec4 778921325, 0, 32; draw_string_vec4
    %concat/vec4; draw_string_vec4
    %store/vec4 v000001c678816bc0_0, 0, 2048;
    %jmp T_22.26;
T_22.14 ;
    %pushi/vec4 0, 0, 32; draw_string_vec4
    %pushi/vec4 0, 0, 32; draw_string_vec4
    %concat/vec4; draw_string_vec4
    %pushi/vec4 0, 0, 32; draw_string_vec4
    %concat/vec4; draw_string_vec4
    %pushi/vec4 0, 0, 32; draw_string_vec4
    %concat/vec4; draw_string_vec4
    %pushi/vec4 0, 0, 32; draw_string_vec4
    %concat/vec4; draw_string_vec4
    %pushi/vec4 0, 0, 32; draw_string_vec4
    %concat/vec4; draw_string_vec4
    %pushi/vec4 0, 0, 32; draw_string_vec4
    %concat/vec4; draw_string_vec4
    %pushi/vec4 0, 0, 32; draw_string_vec4
    %concat/vec4; draw_string_vec4
    %pushi/vec4 0, 0, 32; draw_string_vec4
    %concat/vec4; draw_string_vec4
    %pushi/vec4 0, 0, 32; draw_string_vec4
    %concat/vec4; draw_string_vec4
    %pushi/vec4 0, 0, 32; draw_string_vec4
    %concat/vec4; draw_string_vec4
    %pushi/vec4 0, 0, 32; draw_string_vec4
    %concat/vec4; draw_string_vec4
    %pushi/vec4 0, 0, 32; draw_string_vec4
    %concat/vec4; draw_string_vec4
    %pushi/vec4 0, 0, 32; draw_string_vec4
    %concat/vec4; draw_string_vec4
    %pushi/vec4 0, 0, 32; draw_string_vec4
    %concat/vec4; draw_string_vec4
    %pushi/vec4 0, 0, 32; draw_string_vec4
    %concat/vec4; draw_string_vec4
    %pushi/vec4 0, 0, 32; draw_string_vec4
    %concat/vec4; draw_string_vec4
    %pushi/vec4 0, 0, 32; draw_string_vec4
    %concat/vec4; draw_string_vec4
    %pushi/vec4 0, 0, 32; draw_string_vec4
    %concat/vec4; draw_string_vec4
    %pushi/vec4 0, 0, 32; draw_string_vec4
    %concat/vec4; draw_string_vec4
    %pushi/vec4 0, 0, 32; draw_string_vec4
    %concat/vec4; draw_string_vec4
    %pushi/vec4 0, 0, 32; draw_string_vec4
    %concat/vec4; draw_string_vec4
    %pushi/vec4 0, 0, 32; draw_string_vec4
    %concat/vec4; draw_string_vec4
    %pushi/vec4 0, 0, 32; draw_string_vec4
    %concat/vec4; draw_string_vec4
    %pushi/vec4 0, 0, 32; draw_string_vec4
    %concat/vec4; draw_string_vec4
    %pushi/vec4 0, 0, 32; draw_string_vec4
    %concat/vec4; draw_string_vec4
    %pushi/vec4 0, 0, 32; draw_string_vec4
    %concat/vec4; draw_string_vec4
    %pushi/vec4 0, 0, 32; draw_string_vec4
    %concat/vec4; draw_string_vec4
    %pushi/vec4 0, 0, 32; draw_string_vec4
    %concat/vec4; draw_string_vec4
    %pushi/vec4 0, 0, 32; draw_string_vec4
    %concat/vec4; draw_string_vec4
    %pushi/vec4 0, 0, 32; draw_string_vec4
    %concat/vec4; draw_string_vec4
    %pushi/vec4 0, 0, 32; draw_string_vec4
    %concat/vec4; draw_string_vec4
    %pushi/vec4 0, 0, 32; draw_string_vec4
    %concat/vec4; draw_string_vec4
    %pushi/vec4 0, 0, 32; draw_string_vec4
    %concat/vec4; draw_string_vec4
    %pushi/vec4 0, 0, 32; draw_string_vec4
    %concat/vec4; draw_string_vec4
    %pushi/vec4 0, 0, 32; draw_string_vec4
    %concat/vec4; draw_string_vec4
    %pushi/vec4 0, 0, 32; draw_string_vec4
    %concat/vec4; draw_string_vec4
    %pushi/vec4 0, 0, 32; draw_string_vec4
    %concat/vec4; draw_string_vec4
    %pushi/vec4 0, 0, 32; draw_string_vec4
    %concat/vec4; draw_string_vec4
    %pushi/vec4 0, 0, 32; draw_string_vec4
    %concat/vec4; draw_string_vec4
    %pushi/vec4 0, 0, 32; draw_string_vec4
    %concat/vec4; draw_string_vec4
    %pushi/vec4 0, 0, 32; draw_string_vec4
    %concat/vec4; draw_string_vec4
    %pushi/vec4 0, 0, 32; draw_string_vec4
    %concat/vec4; draw_string_vec4
    %pushi/vec4 0, 0, 32; draw_string_vec4
    %concat/vec4; draw_string_vec4
    %pushi/vec4 0, 0, 32; draw_string_vec4
    %concat/vec4; draw_string_vec4
    %pushi/vec4 0, 0, 32; draw_string_vec4
    %concat/vec4; draw_string_vec4
    %pushi/vec4 0, 0, 32; draw_string_vec4
    %concat/vec4; draw_string_vec4
    %pushi/vec4 0, 0, 32; draw_string_vec4
    %concat/vec4; draw_string_vec4
    %pushi/vec4 0, 0, 32; draw_string_vec4
    %concat/vec4; draw_string_vec4
    %pushi/vec4 0, 0, 32; draw_string_vec4
    %concat/vec4; draw_string_vec4
    %pushi/vec4 0, 0, 32; draw_string_vec4
    %concat/vec4; draw_string_vec4
    %pushi/vec4 0, 0, 32; draw_string_vec4
    %concat/vec4; draw_string_vec4
    %pushi/vec4 0, 0, 32; draw_string_vec4
    %concat/vec4; draw_string_vec4
    %pushi/vec4 0, 0, 32; draw_string_vec4
    %concat/vec4; draw_string_vec4
    %pushi/vec4 0, 0, 32; draw_string_vec4
    %concat/vec4; draw_string_vec4
    %pushi/vec4 21573, 0, 32; draw_string_vec4
    %concat/vec4; draw_string_vec4
    %pushi/vec4 1398038342, 0, 32; draw_string_vec4
    %concat/vec4; draw_string_vec4
    %pushi/vec4 1229735251, 0, 32; draw_string_vec4
    %concat/vec4; draw_string_vec4
    %pushi/vec4 795698541, 0, 32; draw_string_vec4
    %concat/vec4; draw_string_vec4
    %pushi/vec4 1601463667, 0, 32; draw_string_vec4
    %concat/vec4; draw_string_vec4
    %pushi/vec4 1949380959, 0, 32; draw_string_vec4
    %concat/vec4; draw_string_vec4
    %pushi/vec4 1819242087, 0, 32; draw_string_vec4
    %concat/vec4; draw_string_vec4
    %pushi/vec4 1601005944, 0, 32; draw_string_vec4
    %concat/vec4; draw_string_vec4
    %pushi/vec4 778921325, 0, 32; draw_string_vec4
    %concat/vec4; draw_string_vec4
    %store/vec4 v000001c678816bc0_0, 0, 2048;
    %jmp T_22.26;
T_22.15 ;
    %pushi/vec4 0, 0, 32; draw_string_vec4
    %pushi/vec4 0, 0, 32; draw_string_vec4
    %concat/vec4; draw_string_vec4
    %pushi/vec4 0, 0, 32; draw_string_vec4
    %concat/vec4; draw_string_vec4
    %pushi/vec4 0, 0, 32; draw_string_vec4
    %concat/vec4; draw_string_vec4
    %pushi/vec4 0, 0, 32; draw_string_vec4
    %concat/vec4; draw_string_vec4
    %pushi/vec4 0, 0, 32; draw_string_vec4
    %concat/vec4; draw_string_vec4
    %pushi/vec4 0, 0, 32; draw_string_vec4
    %concat/vec4; draw_string_vec4
    %pushi/vec4 0, 0, 32; draw_string_vec4
    %concat/vec4; draw_string_vec4
    %pushi/vec4 0, 0, 32; draw_string_vec4
    %concat/vec4; draw_string_vec4
    %pushi/vec4 0, 0, 32; draw_string_vec4
    %concat/vec4; draw_string_vec4
    %pushi/vec4 0, 0, 32; draw_string_vec4
    %concat/vec4; draw_string_vec4
    %pushi/vec4 0, 0, 32; draw_string_vec4
    %concat/vec4; draw_string_vec4
    %pushi/vec4 0, 0, 32; draw_string_vec4
    %concat/vec4; draw_string_vec4
    %pushi/vec4 0, 0, 32; draw_string_vec4
    %concat/vec4; draw_string_vec4
    %pushi/vec4 0, 0, 32; draw_string_vec4
    %concat/vec4; draw_string_vec4
    %pushi/vec4 0, 0, 32; draw_string_vec4
    %concat/vec4; draw_string_vec4
    %pushi/vec4 0, 0, 32; draw_string_vec4
    %concat/vec4; draw_string_vec4
    %pushi/vec4 0, 0, 32; draw_string_vec4
    %concat/vec4; draw_string_vec4
    %pushi/vec4 0, 0, 32; draw_string_vec4
    %concat/vec4; draw_string_vec4
    %pushi/vec4 0, 0, 32; draw_string_vec4
    %concat/vec4; draw_string_vec4
    %pushi/vec4 0, 0, 32; draw_string_vec4
    %concat/vec4; draw_string_vec4
    %pushi/vec4 0, 0, 32; draw_string_vec4
    %concat/vec4; draw_string_vec4
    %pushi/vec4 0, 0, 32; draw_string_vec4
    %concat/vec4; draw_string_vec4
    %pushi/vec4 0, 0, 32; draw_string_vec4
    %concat/vec4; draw_string_vec4
    %pushi/vec4 0, 0, 32; draw_string_vec4
    %concat/vec4; draw_string_vec4
    %pushi/vec4 0, 0, 32; draw_string_vec4
    %concat/vec4; draw_string_vec4
    %pushi/vec4 0, 0, 32; draw_string_vec4
    %concat/vec4; draw_string_vec4
    %pushi/vec4 0, 0, 32; draw_string_vec4
    %concat/vec4; draw_string_vec4
    %pushi/vec4 0, 0, 32; draw_string_vec4
    %concat/vec4; draw_string_vec4
    %pushi/vec4 0, 0, 32; draw_string_vec4
    %concat/vec4; draw_string_vec4
    %pushi/vec4 0, 0, 32; draw_string_vec4
    %concat/vec4; draw_string_vec4
    %pushi/vec4 0, 0, 32; draw_string_vec4
    %concat/vec4; draw_string_vec4
    %pushi/vec4 0, 0, 32; draw_string_vec4
    %concat/vec4; draw_string_vec4
    %pushi/vec4 0, 0, 32; draw_string_vec4
    %concat/vec4; draw_string_vec4
    %pushi/vec4 0, 0, 32; draw_string_vec4
    %concat/vec4; draw_string_vec4
    %pushi/vec4 0, 0, 32; draw_string_vec4
    %concat/vec4; draw_string_vec4
    %pushi/vec4 0, 0, 32; draw_string_vec4
    %concat/vec4; draw_string_vec4
    %pushi/vec4 0, 0, 32; draw_string_vec4
    %concat/vec4; draw_string_vec4
    %pushi/vec4 0, 0, 32; draw_string_vec4
    %concat/vec4; draw_string_vec4
    %pushi/vec4 0, 0, 32; draw_string_vec4
    %concat/vec4; draw_string_vec4
    %pushi/vec4 0, 0, 32; draw_string_vec4
    %concat/vec4; draw_string_vec4
    %pushi/vec4 0, 0, 32; draw_string_vec4
    %concat/vec4; draw_string_vec4
    %pushi/vec4 0, 0, 32; draw_string_vec4
    %concat/vec4; draw_string_vec4
    %pushi/vec4 0, 0, 32; draw_string_vec4
    %concat/vec4; draw_string_vec4
    %pushi/vec4 0, 0, 32; draw_string_vec4
    %concat/vec4; draw_string_vec4
    %pushi/vec4 0, 0, 32; draw_string_vec4
    %concat/vec4; draw_string_vec4
    %pushi/vec4 0, 0, 32; draw_string_vec4
    %concat/vec4; draw_string_vec4
    %pushi/vec4 0, 0, 32; draw_string_vec4
    %concat/vec4; draw_string_vec4
    %pushi/vec4 0, 0, 32; draw_string_vec4
    %concat/vec4; draw_string_vec4
    %pushi/vec4 0, 0, 32; draw_string_vec4
    %concat/vec4; draw_string_vec4
    %pushi/vec4 0, 0, 32; draw_string_vec4
    %concat/vec4; draw_string_vec4
    %pushi/vec4 0, 0, 32; draw_string_vec4
    %concat/vec4; draw_string_vec4
    %pushi/vec4 0, 0, 32; draw_string_vec4
    %concat/vec4; draw_string_vec4
    %pushi/vec4 0, 0, 32; draw_string_vec4
    %concat/vec4; draw_string_vec4
    %pushi/vec4 0, 0, 32; draw_string_vec4
    %concat/vec4; draw_string_vec4
    %pushi/vec4 21573, 0, 32; draw_string_vec4
    %concat/vec4; draw_string_vec4
    %pushi/vec4 1398038342, 0, 32; draw_string_vec4
    %concat/vec4; draw_string_vec4
    %pushi/vec4 1229735251, 0, 32; draw_string_vec4
    %concat/vec4; draw_string_vec4
    %pushi/vec4 795698541, 0, 32; draw_string_vec4
    %concat/vec4; draw_string_vec4
    %pushi/vec4 1601463667, 0, 32; draw_string_vec4
    %concat/vec4; draw_string_vec4
    %pushi/vec4 1949381215, 0, 32; draw_string_vec4
    %concat/vec4; draw_string_vec4
    %pushi/vec4 1819242087, 0, 32; draw_string_vec4
    %concat/vec4; draw_string_vec4
    %pushi/vec4 1601004909, 0, 32; draw_string_vec4
    %concat/vec4; draw_string_vec4
    %pushi/vec4 778921325, 0, 32; draw_string_vec4
    %concat/vec4; draw_string_vec4
    %store/vec4 v000001c678816bc0_0, 0, 2048;
    %jmp T_22.26;
T_22.16 ;
    %pushi/vec4 0, 0, 32; draw_string_vec4
    %pushi/vec4 0, 0, 32; draw_string_vec4
    %concat/vec4; draw_string_vec4
    %pushi/vec4 0, 0, 32; draw_string_vec4
    %concat/vec4; draw_string_vec4
    %pushi/vec4 0, 0, 32; draw_string_vec4
    %concat/vec4; draw_string_vec4
    %pushi/vec4 0, 0, 32; draw_string_vec4
    %concat/vec4; draw_string_vec4
    %pushi/vec4 0, 0, 32; draw_string_vec4
    %concat/vec4; draw_string_vec4
    %pushi/vec4 0, 0, 32; draw_string_vec4
    %concat/vec4; draw_string_vec4
    %pushi/vec4 0, 0, 32; draw_string_vec4
    %concat/vec4; draw_string_vec4
    %pushi/vec4 0, 0, 32; draw_string_vec4
    %concat/vec4; draw_string_vec4
    %pushi/vec4 0, 0, 32; draw_string_vec4
    %concat/vec4; draw_string_vec4
    %pushi/vec4 0, 0, 32; draw_string_vec4
    %concat/vec4; draw_string_vec4
    %pushi/vec4 0, 0, 32; draw_string_vec4
    %concat/vec4; draw_string_vec4
    %pushi/vec4 0, 0, 32; draw_string_vec4
    %concat/vec4; draw_string_vec4
    %pushi/vec4 0, 0, 32; draw_string_vec4
    %concat/vec4; draw_string_vec4
    %pushi/vec4 0, 0, 32; draw_string_vec4
    %concat/vec4; draw_string_vec4
    %pushi/vec4 0, 0, 32; draw_string_vec4
    %concat/vec4; draw_string_vec4
    %pushi/vec4 0, 0, 32; draw_string_vec4
    %concat/vec4; draw_string_vec4
    %pushi/vec4 0, 0, 32; draw_string_vec4
    %concat/vec4; draw_string_vec4
    %pushi/vec4 0, 0, 32; draw_string_vec4
    %concat/vec4; draw_string_vec4
    %pushi/vec4 0, 0, 32; draw_string_vec4
    %concat/vec4; draw_string_vec4
    %pushi/vec4 0, 0, 32; draw_string_vec4
    %concat/vec4; draw_string_vec4
    %pushi/vec4 0, 0, 32; draw_string_vec4
    %concat/vec4; draw_string_vec4
    %pushi/vec4 0, 0, 32; draw_string_vec4
    %concat/vec4; draw_string_vec4
    %pushi/vec4 0, 0, 32; draw_string_vec4
    %concat/vec4; draw_string_vec4
    %pushi/vec4 0, 0, 32; draw_string_vec4
    %concat/vec4; draw_string_vec4
    %pushi/vec4 0, 0, 32; draw_string_vec4
    %concat/vec4; draw_string_vec4
    %pushi/vec4 0, 0, 32; draw_string_vec4
    %concat/vec4; draw_string_vec4
    %pushi/vec4 0, 0, 32; draw_string_vec4
    %concat/vec4; draw_string_vec4
    %pushi/vec4 0, 0, 32; draw_string_vec4
    %concat/vec4; draw_string_vec4
    %pushi/vec4 0, 0, 32; draw_string_vec4
    %concat/vec4; draw_string_vec4
    %pushi/vec4 0, 0, 32; draw_string_vec4
    %concat/vec4; draw_string_vec4
    %pushi/vec4 0, 0, 32; draw_string_vec4
    %concat/vec4; draw_string_vec4
    %pushi/vec4 0, 0, 32; draw_string_vec4
    %concat/vec4; draw_string_vec4
    %pushi/vec4 0, 0, 32; draw_string_vec4
    %concat/vec4; draw_string_vec4
    %pushi/vec4 0, 0, 32; draw_string_vec4
    %concat/vec4; draw_string_vec4
    %pushi/vec4 0, 0, 32; draw_string_vec4
    %concat/vec4; draw_string_vec4
    %pushi/vec4 0, 0, 32; draw_string_vec4
    %concat/vec4; draw_string_vec4
    %pushi/vec4 0, 0, 32; draw_string_vec4
    %concat/vec4; draw_string_vec4
    %pushi/vec4 0, 0, 32; draw_string_vec4
    %concat/vec4; draw_string_vec4
    %pushi/vec4 0, 0, 32; draw_string_vec4
    %concat/vec4; draw_string_vec4
    %pushi/vec4 0, 0, 32; draw_string_vec4
    %concat/vec4; draw_string_vec4
    %pushi/vec4 0, 0, 32; draw_string_vec4
    %concat/vec4; draw_string_vec4
    %pushi/vec4 0, 0, 32; draw_string_vec4
    %concat/vec4; draw_string_vec4
    %pushi/vec4 0, 0, 32; draw_string_vec4
    %concat/vec4; draw_string_vec4
    %pushi/vec4 0, 0, 32; draw_string_vec4
    %concat/vec4; draw_string_vec4
    %pushi/vec4 0, 0, 32; draw_string_vec4
    %concat/vec4; draw_string_vec4
    %pushi/vec4 0, 0, 32; draw_string_vec4
    %concat/vec4; draw_string_vec4
    %pushi/vec4 0, 0, 32; draw_string_vec4
    %concat/vec4; draw_string_vec4
    %pushi/vec4 0, 0, 32; draw_string_vec4
    %concat/vec4; draw_string_vec4
    %pushi/vec4 0, 0, 32; draw_string_vec4
    %concat/vec4; draw_string_vec4
    %pushi/vec4 0, 0, 32; draw_string_vec4
    %concat/vec4; draw_string_vec4
    %pushi/vec4 0, 0, 32; draw_string_vec4
    %concat/vec4; draw_string_vec4
    %pushi/vec4 0, 0, 32; draw_string_vec4
    %concat/vec4; draw_string_vec4
    %pushi/vec4 0, 0, 32; draw_string_vec4
    %concat/vec4; draw_string_vec4
    %pushi/vec4 0, 0, 32; draw_string_vec4
    %concat/vec4; draw_string_vec4
    %pushi/vec4 0, 0, 32; draw_string_vec4
    %concat/vec4; draw_string_vec4
    %pushi/vec4 1413829460, 0, 32; draw_string_vec4
    %concat/vec4; draw_string_vec4
    %pushi/vec4 1598441804, 0, 32; draw_string_vec4
    %concat/vec4; draw_string_vec4
    %pushi/vec4 1163079533, 0, 32; draw_string_vec4
    %concat/vec4; draw_string_vec4
    %pushi/vec4 1701666676, 0, 32; draw_string_vec4
    %concat/vec4; draw_string_vec4
    %pushi/vec4 1702065201, 0, 32; draw_string_vec4
    %concat/vec4; draw_string_vec4
    %pushi/vec4 861893492, 0, 32; draw_string_vec4
    %concat/vec4; draw_string_vec4
    %pushi/vec4 1919251315, 0, 32; draw_string_vec4
    %concat/vec4; draw_string_vec4
    %pushi/vec4 778921325, 0, 32; draw_string_vec4
    %concat/vec4; draw_string_vec4
    %store/vec4 v000001c678816bc0_0, 0, 2048;
    %jmp T_22.26;
T_22.17 ;
    %pushi/vec4 0, 0, 32; draw_string_vec4
    %pushi/vec4 0, 0, 32; draw_string_vec4
    %concat/vec4; draw_string_vec4
    %pushi/vec4 0, 0, 32; draw_string_vec4
    %concat/vec4; draw_string_vec4
    %pushi/vec4 0, 0, 32; draw_string_vec4
    %concat/vec4; draw_string_vec4
    %pushi/vec4 0, 0, 32; draw_string_vec4
    %concat/vec4; draw_string_vec4
    %pushi/vec4 0, 0, 32; draw_string_vec4
    %concat/vec4; draw_string_vec4
    %pushi/vec4 0, 0, 32; draw_string_vec4
    %concat/vec4; draw_string_vec4
    %pushi/vec4 0, 0, 32; draw_string_vec4
    %concat/vec4; draw_string_vec4
    %pushi/vec4 0, 0, 32; draw_string_vec4
    %concat/vec4; draw_string_vec4
    %pushi/vec4 0, 0, 32; draw_string_vec4
    %concat/vec4; draw_string_vec4
    %pushi/vec4 0, 0, 32; draw_string_vec4
    %concat/vec4; draw_string_vec4
    %pushi/vec4 0, 0, 32; draw_string_vec4
    %concat/vec4; draw_string_vec4
    %pushi/vec4 0, 0, 32; draw_string_vec4
    %concat/vec4; draw_string_vec4
    %pushi/vec4 0, 0, 32; draw_string_vec4
    %concat/vec4; draw_string_vec4
    %pushi/vec4 0, 0, 32; draw_string_vec4
    %concat/vec4; draw_string_vec4
    %pushi/vec4 0, 0, 32; draw_string_vec4
    %concat/vec4; draw_string_vec4
    %pushi/vec4 0, 0, 32; draw_string_vec4
    %concat/vec4; draw_string_vec4
    %pushi/vec4 0, 0, 32; draw_string_vec4
    %concat/vec4; draw_string_vec4
    %pushi/vec4 0, 0, 32; draw_string_vec4
    %concat/vec4; draw_string_vec4
    %pushi/vec4 0, 0, 32; draw_string_vec4
    %concat/vec4; draw_string_vec4
    %pushi/vec4 0, 0, 32; draw_string_vec4
    %concat/vec4; draw_string_vec4
    %pushi/vec4 0, 0, 32; draw_string_vec4
    %concat/vec4; draw_string_vec4
    %pushi/vec4 0, 0, 32; draw_string_vec4
    %concat/vec4; draw_string_vec4
    %pushi/vec4 0, 0, 32; draw_string_vec4
    %concat/vec4; draw_string_vec4
    %pushi/vec4 0, 0, 32; draw_string_vec4
    %concat/vec4; draw_string_vec4
    %pushi/vec4 0, 0, 32; draw_string_vec4
    %concat/vec4; draw_string_vec4
    %pushi/vec4 0, 0, 32; draw_string_vec4
    %concat/vec4; draw_string_vec4
    %pushi/vec4 0, 0, 32; draw_string_vec4
    %concat/vec4; draw_string_vec4
    %pushi/vec4 0, 0, 32; draw_string_vec4
    %concat/vec4; draw_string_vec4
    %pushi/vec4 0, 0, 32; draw_string_vec4
    %concat/vec4; draw_string_vec4
    %pushi/vec4 0, 0, 32; draw_string_vec4
    %concat/vec4; draw_string_vec4
    %pushi/vec4 0, 0, 32; draw_string_vec4
    %concat/vec4; draw_string_vec4
    %pushi/vec4 0, 0, 32; draw_string_vec4
    %concat/vec4; draw_string_vec4
    %pushi/vec4 0, 0, 32; draw_string_vec4
    %concat/vec4; draw_string_vec4
    %pushi/vec4 0, 0, 32; draw_string_vec4
    %concat/vec4; draw_string_vec4
    %pushi/vec4 0, 0, 32; draw_string_vec4
    %concat/vec4; draw_string_vec4
    %pushi/vec4 0, 0, 32; draw_string_vec4
    %concat/vec4; draw_string_vec4
    %pushi/vec4 0, 0, 32; draw_string_vec4
    %concat/vec4; draw_string_vec4
    %pushi/vec4 0, 0, 32; draw_string_vec4
    %concat/vec4; draw_string_vec4
    %pushi/vec4 0, 0, 32; draw_string_vec4
    %concat/vec4; draw_string_vec4
    %pushi/vec4 0, 0, 32; draw_string_vec4
    %concat/vec4; draw_string_vec4
    %pushi/vec4 0, 0, 32; draw_string_vec4
    %concat/vec4; draw_string_vec4
    %pushi/vec4 0, 0, 32; draw_string_vec4
    %concat/vec4; draw_string_vec4
    %pushi/vec4 0, 0, 32; draw_string_vec4
    %concat/vec4; draw_string_vec4
    %pushi/vec4 0, 0, 32; draw_string_vec4
    %concat/vec4; draw_string_vec4
    %pushi/vec4 0, 0, 32; draw_string_vec4
    %concat/vec4; draw_string_vec4
    %pushi/vec4 0, 0, 32; draw_string_vec4
    %concat/vec4; draw_string_vec4
    %pushi/vec4 0, 0, 32; draw_string_vec4
    %concat/vec4; draw_string_vec4
    %pushi/vec4 0, 0, 32; draw_string_vec4
    %concat/vec4; draw_string_vec4
    %pushi/vec4 0, 0, 32; draw_string_vec4
    %concat/vec4; draw_string_vec4
    %pushi/vec4 0, 0, 32; draw_string_vec4
    %concat/vec4; draw_string_vec4
    %pushi/vec4 0, 0, 32; draw_string_vec4
    %concat/vec4; draw_string_vec4
    %pushi/vec4 0, 0, 32; draw_string_vec4
    %concat/vec4; draw_string_vec4
    %pushi/vec4 0, 0, 32; draw_string_vec4
    %concat/vec4; draw_string_vec4
    %pushi/vec4 0, 0, 32; draw_string_vec4
    %concat/vec4; draw_string_vec4
    %pushi/vec4 84, 0, 32; draw_string_vec4
    %concat/vec4; draw_string_vec4
    %pushi/vec4 1163088991, 0, 32; draw_string_vec4
    %concat/vec4; draw_string_vec4
    %pushi/vec4 1179208773, 0, 32; draw_string_vec4
    %concat/vec4; draw_string_vec4
    %pushi/vec4 1395617125, 0, 32; draw_string_vec4
    %concat/vec4; draw_string_vec4
    %pushi/vec4 1834972261, 0, 32; draw_string_vec4
    %concat/vec4; draw_string_vec4
    %pushi/vec4 1936994612, 0, 32; draw_string_vec4
    %concat/vec4; draw_string_vec4
    %pushi/vec4 1600742495, 0, 32; draw_string_vec4
    %concat/vec4; draw_string_vec4
    %pushi/vec4 1835627379, 0, 32; draw_string_vec4
    %concat/vec4; draw_string_vec4
    %pushi/vec4 778921325, 0, 32; draw_string_vec4
    %concat/vec4; draw_string_vec4
    %store/vec4 v000001c678816bc0_0, 0, 2048;
    %jmp T_22.26;
T_22.18 ;
    %pushi/vec4 0, 0, 32; draw_string_vec4
    %pushi/vec4 0, 0, 32; draw_string_vec4
    %concat/vec4; draw_string_vec4
    %pushi/vec4 0, 0, 32; draw_string_vec4
    %concat/vec4; draw_string_vec4
    %pushi/vec4 0, 0, 32; draw_string_vec4
    %concat/vec4; draw_string_vec4
    %pushi/vec4 0, 0, 32; draw_string_vec4
    %concat/vec4; draw_string_vec4
    %pushi/vec4 0, 0, 32; draw_string_vec4
    %concat/vec4; draw_string_vec4
    %pushi/vec4 0, 0, 32; draw_string_vec4
    %concat/vec4; draw_string_vec4
    %pushi/vec4 0, 0, 32; draw_string_vec4
    %concat/vec4; draw_string_vec4
    %pushi/vec4 0, 0, 32; draw_string_vec4
    %concat/vec4; draw_string_vec4
    %pushi/vec4 0, 0, 32; draw_string_vec4
    %concat/vec4; draw_string_vec4
    %pushi/vec4 0, 0, 32; draw_string_vec4
    %concat/vec4; draw_string_vec4
    %pushi/vec4 0, 0, 32; draw_string_vec4
    %concat/vec4; draw_string_vec4
    %pushi/vec4 0, 0, 32; draw_string_vec4
    %concat/vec4; draw_string_vec4
    %pushi/vec4 0, 0, 32; draw_string_vec4
    %concat/vec4; draw_string_vec4
    %pushi/vec4 0, 0, 32; draw_string_vec4
    %concat/vec4; draw_string_vec4
    %pushi/vec4 0, 0, 32; draw_string_vec4
    %concat/vec4; draw_string_vec4
    %pushi/vec4 0, 0, 32; draw_string_vec4
    %concat/vec4; draw_string_vec4
    %pushi/vec4 0, 0, 32; draw_string_vec4
    %concat/vec4; draw_string_vec4
    %pushi/vec4 0, 0, 32; draw_string_vec4
    %concat/vec4; draw_string_vec4
    %pushi/vec4 0, 0, 32; draw_string_vec4
    %concat/vec4; draw_string_vec4
    %pushi/vec4 0, 0, 32; draw_string_vec4
    %concat/vec4; draw_string_vec4
    %pushi/vec4 0, 0, 32; draw_string_vec4
    %concat/vec4; draw_string_vec4
    %pushi/vec4 0, 0, 32; draw_string_vec4
    %concat/vec4; draw_string_vec4
    %pushi/vec4 0, 0, 32; draw_string_vec4
    %concat/vec4; draw_string_vec4
    %pushi/vec4 0, 0, 32; draw_string_vec4
    %concat/vec4; draw_string_vec4
    %pushi/vec4 0, 0, 32; draw_string_vec4
    %concat/vec4; draw_string_vec4
    %pushi/vec4 0, 0, 32; draw_string_vec4
    %concat/vec4; draw_string_vec4
    %pushi/vec4 0, 0, 32; draw_string_vec4
    %concat/vec4; draw_string_vec4
    %pushi/vec4 0, 0, 32; draw_string_vec4
    %concat/vec4; draw_string_vec4
    %pushi/vec4 0, 0, 32; draw_string_vec4
    %concat/vec4; draw_string_vec4
    %pushi/vec4 0, 0, 32; draw_string_vec4
    %concat/vec4; draw_string_vec4
    %pushi/vec4 0, 0, 32; draw_string_vec4
    %concat/vec4; draw_string_vec4
    %pushi/vec4 0, 0, 32; draw_string_vec4
    %concat/vec4; draw_string_vec4
    %pushi/vec4 0, 0, 32; draw_string_vec4
    %concat/vec4; draw_string_vec4
    %pushi/vec4 0, 0, 32; draw_string_vec4
    %concat/vec4; draw_string_vec4
    %pushi/vec4 0, 0, 32; draw_string_vec4
    %concat/vec4; draw_string_vec4
    %pushi/vec4 0, 0, 32; draw_string_vec4
    %concat/vec4; draw_string_vec4
    %pushi/vec4 0, 0, 32; draw_string_vec4
    %concat/vec4; draw_string_vec4
    %pushi/vec4 0, 0, 32; draw_string_vec4
    %concat/vec4; draw_string_vec4
    %pushi/vec4 0, 0, 32; draw_string_vec4
    %concat/vec4; draw_string_vec4
    %pushi/vec4 0, 0, 32; draw_string_vec4
    %concat/vec4; draw_string_vec4
    %pushi/vec4 0, 0, 32; draw_string_vec4
    %concat/vec4; draw_string_vec4
    %pushi/vec4 0, 0, 32; draw_string_vec4
    %concat/vec4; draw_string_vec4
    %pushi/vec4 0, 0, 32; draw_string_vec4
    %concat/vec4; draw_string_vec4
    %pushi/vec4 0, 0, 32; draw_string_vec4
    %concat/vec4; draw_string_vec4
    %pushi/vec4 0, 0, 32; draw_string_vec4
    %concat/vec4; draw_string_vec4
    %pushi/vec4 0, 0, 32; draw_string_vec4
    %concat/vec4; draw_string_vec4
    %pushi/vec4 0, 0, 32; draw_string_vec4
    %concat/vec4; draw_string_vec4
    %pushi/vec4 0, 0, 32; draw_string_vec4
    %concat/vec4; draw_string_vec4
    %pushi/vec4 0, 0, 32; draw_string_vec4
    %concat/vec4; draw_string_vec4
    %pushi/vec4 0, 0, 32; draw_string_vec4
    %concat/vec4; draw_string_vec4
    %pushi/vec4 0, 0, 32; draw_string_vec4
    %concat/vec4; draw_string_vec4
    %pushi/vec4 0, 0, 32; draw_string_vec4
    %concat/vec4; draw_string_vec4
    %pushi/vec4 0, 0, 32; draw_string_vec4
    %concat/vec4; draw_string_vec4
    %pushi/vec4 0, 0, 32; draw_string_vec4
    %concat/vec4; draw_string_vec4
    %pushi/vec4 0, 0, 32; draw_string_vec4
    %concat/vec4; draw_string_vec4
    %pushi/vec4 1413829460, 0, 32; draw_string_vec4
    %concat/vec4; draw_string_vec4
    %pushi/vec4 1598441804, 0, 32; draw_string_vec4
    %concat/vec4; draw_string_vec4
    %pushi/vec4 1163079533, 0, 32; draw_string_vec4
    %concat/vec4; draw_string_vec4
    %pushi/vec4 1701666676, 0, 32; draw_string_vec4
    %concat/vec4; draw_string_vec4
    %pushi/vec4 1702065201, 0, 32; draw_string_vec4
    %concat/vec4; draw_string_vec4
    %pushi/vec4 1600220277, 0, 32; draw_string_vec4
    %concat/vec4; draw_string_vec4
    %pushi/vec4 1600550756, 0, 32; draw_string_vec4
    %concat/vec4; draw_string_vec4
    %pushi/vec4 778921325, 0, 32; draw_string_vec4
    %concat/vec4; draw_string_vec4
    %store/vec4 v000001c678816bc0_0, 0, 2048;
    %jmp T_22.26;
T_22.19 ;
    %pushi/vec4 0, 0, 32; draw_string_vec4
    %pushi/vec4 0, 0, 32; draw_string_vec4
    %concat/vec4; draw_string_vec4
    %pushi/vec4 0, 0, 32; draw_string_vec4
    %concat/vec4; draw_string_vec4
    %pushi/vec4 0, 0, 32; draw_string_vec4
    %concat/vec4; draw_string_vec4
    %pushi/vec4 0, 0, 32; draw_string_vec4
    %concat/vec4; draw_string_vec4
    %pushi/vec4 0, 0, 32; draw_string_vec4
    %concat/vec4; draw_string_vec4
    %pushi/vec4 0, 0, 32; draw_string_vec4
    %concat/vec4; draw_string_vec4
    %pushi/vec4 0, 0, 32; draw_string_vec4
    %concat/vec4; draw_string_vec4
    %pushi/vec4 0, 0, 32; draw_string_vec4
    %concat/vec4; draw_string_vec4
    %pushi/vec4 0, 0, 32; draw_string_vec4
    %concat/vec4; draw_string_vec4
    %pushi/vec4 0, 0, 32; draw_string_vec4
    %concat/vec4; draw_string_vec4
    %pushi/vec4 0, 0, 32; draw_string_vec4
    %concat/vec4; draw_string_vec4
    %pushi/vec4 0, 0, 32; draw_string_vec4
    %concat/vec4; draw_string_vec4
    %pushi/vec4 0, 0, 32; draw_string_vec4
    %concat/vec4; draw_string_vec4
    %pushi/vec4 0, 0, 32; draw_string_vec4
    %concat/vec4; draw_string_vec4
    %pushi/vec4 0, 0, 32; draw_string_vec4
    %concat/vec4; draw_string_vec4
    %pushi/vec4 0, 0, 32; draw_string_vec4
    %concat/vec4; draw_string_vec4
    %pushi/vec4 0, 0, 32; draw_string_vec4
    %concat/vec4; draw_string_vec4
    %pushi/vec4 0, 0, 32; draw_string_vec4
    %concat/vec4; draw_string_vec4
    %pushi/vec4 0, 0, 32; draw_string_vec4
    %concat/vec4; draw_string_vec4
    %pushi/vec4 0, 0, 32; draw_string_vec4
    %concat/vec4; draw_string_vec4
    %pushi/vec4 0, 0, 32; draw_string_vec4
    %concat/vec4; draw_string_vec4
    %pushi/vec4 0, 0, 32; draw_string_vec4
    %concat/vec4; draw_string_vec4
    %pushi/vec4 0, 0, 32; draw_string_vec4
    %concat/vec4; draw_string_vec4
    %pushi/vec4 0, 0, 32; draw_string_vec4
    %concat/vec4; draw_string_vec4
    %pushi/vec4 0, 0, 32; draw_string_vec4
    %concat/vec4; draw_string_vec4
    %pushi/vec4 0, 0, 32; draw_string_vec4
    %concat/vec4; draw_string_vec4
    %pushi/vec4 0, 0, 32; draw_string_vec4
    %concat/vec4; draw_string_vec4
    %pushi/vec4 0, 0, 32; draw_string_vec4
    %concat/vec4; draw_string_vec4
    %pushi/vec4 0, 0, 32; draw_string_vec4
    %concat/vec4; draw_string_vec4
    %pushi/vec4 0, 0, 32; draw_string_vec4
    %concat/vec4; draw_string_vec4
    %pushi/vec4 0, 0, 32; draw_string_vec4
    %concat/vec4; draw_string_vec4
    %pushi/vec4 0, 0, 32; draw_string_vec4
    %concat/vec4; draw_string_vec4
    %pushi/vec4 0, 0, 32; draw_string_vec4
    %concat/vec4; draw_string_vec4
    %pushi/vec4 0, 0, 32; draw_string_vec4
    %concat/vec4; draw_string_vec4
    %pushi/vec4 0, 0, 32; draw_string_vec4
    %concat/vec4; draw_string_vec4
    %pushi/vec4 0, 0, 32; draw_string_vec4
    %concat/vec4; draw_string_vec4
    %pushi/vec4 0, 0, 32; draw_string_vec4
    %concat/vec4; draw_string_vec4
    %pushi/vec4 0, 0, 32; draw_string_vec4
    %concat/vec4; draw_string_vec4
    %pushi/vec4 0, 0, 32; draw_string_vec4
    %concat/vec4; draw_string_vec4
    %pushi/vec4 0, 0, 32; draw_string_vec4
    %concat/vec4; draw_string_vec4
    %pushi/vec4 0, 0, 32; draw_string_vec4
    %concat/vec4; draw_string_vec4
    %pushi/vec4 0, 0, 32; draw_string_vec4
    %concat/vec4; draw_string_vec4
    %pushi/vec4 0, 0, 32; draw_string_vec4
    %concat/vec4; draw_string_vec4
    %pushi/vec4 0, 0, 32; draw_string_vec4
    %concat/vec4; draw_string_vec4
    %pushi/vec4 0, 0, 32; draw_string_vec4
    %concat/vec4; draw_string_vec4
    %pushi/vec4 0, 0, 32; draw_string_vec4
    %concat/vec4; draw_string_vec4
    %pushi/vec4 0, 0, 32; draw_string_vec4
    %concat/vec4; draw_string_vec4
    %pushi/vec4 0, 0, 32; draw_string_vec4
    %concat/vec4; draw_string_vec4
    %pushi/vec4 0, 0, 32; draw_string_vec4
    %concat/vec4; draw_string_vec4
    %pushi/vec4 0, 0, 32; draw_string_vec4
    %concat/vec4; draw_string_vec4
    %pushi/vec4 0, 0, 32; draw_string_vec4
    %concat/vec4; draw_string_vec4
    %pushi/vec4 0, 0, 32; draw_string_vec4
    %concat/vec4; draw_string_vec4
    %pushi/vec4 0, 0, 32; draw_string_vec4
    %concat/vec4; draw_string_vec4
    %pushi/vec4 0, 0, 32; draw_string_vec4
    %concat/vec4; draw_string_vec4
    %pushi/vec4 5522771, 0, 32; draw_string_vec4
    %concat/vec4; draw_string_vec4
    %pushi/vec4 1415530057, 0, 32; draw_string_vec4
    %concat/vec4; draw_string_vec4
    %pushi/vec4 1279611695, 0, 32; draw_string_vec4
    %concat/vec4; draw_string_vec4
    %pushi/vec4 1835363679, 0, 32; draw_string_vec4
    %concat/vec4; draw_string_vec4
    %pushi/vec4 1952805748, 0, 32; draw_string_vec4
    %concat/vec4; draw_string_vec4
    %pushi/vec4 895446127, 0, 32; draw_string_vec4
    %concat/vec4; draw_string_vec4
    %pushi/vec4 1633967987, 0, 32; draw_string_vec4
    %concat/vec4; draw_string_vec4
    %pushi/vec4 1953460837, 0, 32; draw_string_vec4
    %concat/vec4; draw_string_vec4
    %pushi/vec4 778921325, 0, 32; draw_string_vec4
    %concat/vec4; draw_string_vec4
    %store/vec4 v000001c678816bc0_0, 0, 2048;
    %jmp T_22.26;
T_22.20 ;
    %pushi/vec4 0, 0, 32; draw_string_vec4
    %pushi/vec4 0, 0, 32; draw_string_vec4
    %concat/vec4; draw_string_vec4
    %pushi/vec4 0, 0, 32; draw_string_vec4
    %concat/vec4; draw_string_vec4
    %pushi/vec4 0, 0, 32; draw_string_vec4
    %concat/vec4; draw_string_vec4
    %pushi/vec4 0, 0, 32; draw_string_vec4
    %concat/vec4; draw_string_vec4
    %pushi/vec4 0, 0, 32; draw_string_vec4
    %concat/vec4; draw_string_vec4
    %pushi/vec4 0, 0, 32; draw_string_vec4
    %concat/vec4; draw_string_vec4
    %pushi/vec4 0, 0, 32; draw_string_vec4
    %concat/vec4; draw_string_vec4
    %pushi/vec4 0, 0, 32; draw_string_vec4
    %concat/vec4; draw_string_vec4
    %pushi/vec4 0, 0, 32; draw_string_vec4
    %concat/vec4; draw_string_vec4
    %pushi/vec4 0, 0, 32; draw_string_vec4
    %concat/vec4; draw_string_vec4
    %pushi/vec4 0, 0, 32; draw_string_vec4
    %concat/vec4; draw_string_vec4
    %pushi/vec4 0, 0, 32; draw_string_vec4
    %concat/vec4; draw_string_vec4
    %pushi/vec4 0, 0, 32; draw_string_vec4
    %concat/vec4; draw_string_vec4
    %pushi/vec4 0, 0, 32; draw_string_vec4
    %concat/vec4; draw_string_vec4
    %pushi/vec4 0, 0, 32; draw_string_vec4
    %concat/vec4; draw_string_vec4
    %pushi/vec4 0, 0, 32; draw_string_vec4
    %concat/vec4; draw_string_vec4
    %pushi/vec4 0, 0, 32; draw_string_vec4
    %concat/vec4; draw_string_vec4
    %pushi/vec4 0, 0, 32; draw_string_vec4
    %concat/vec4; draw_string_vec4
    %pushi/vec4 0, 0, 32; draw_string_vec4
    %concat/vec4; draw_string_vec4
    %pushi/vec4 0, 0, 32; draw_string_vec4
    %concat/vec4; draw_string_vec4
    %pushi/vec4 0, 0, 32; draw_string_vec4
    %concat/vec4; draw_string_vec4
    %pushi/vec4 0, 0, 32; draw_string_vec4
    %concat/vec4; draw_string_vec4
    %pushi/vec4 0, 0, 32; draw_string_vec4
    %concat/vec4; draw_string_vec4
    %pushi/vec4 0, 0, 32; draw_string_vec4
    %concat/vec4; draw_string_vec4
    %pushi/vec4 0, 0, 32; draw_string_vec4
    %concat/vec4; draw_string_vec4
    %pushi/vec4 0, 0, 32; draw_string_vec4
    %concat/vec4; draw_string_vec4
    %pushi/vec4 0, 0, 32; draw_string_vec4
    %concat/vec4; draw_string_vec4
    %pushi/vec4 0, 0, 32; draw_string_vec4
    %concat/vec4; draw_string_vec4
    %pushi/vec4 0, 0, 32; draw_string_vec4
    %concat/vec4; draw_string_vec4
    %pushi/vec4 0, 0, 32; draw_string_vec4
    %concat/vec4; draw_string_vec4
    %pushi/vec4 0, 0, 32; draw_string_vec4
    %concat/vec4; draw_string_vec4
    %pushi/vec4 0, 0, 32; draw_string_vec4
    %concat/vec4; draw_string_vec4
    %pushi/vec4 0, 0, 32; draw_string_vec4
    %concat/vec4; draw_string_vec4
    %pushi/vec4 0, 0, 32; draw_string_vec4
    %concat/vec4; draw_string_vec4
    %pushi/vec4 0, 0, 32; draw_string_vec4
    %concat/vec4; draw_string_vec4
    %pushi/vec4 0, 0, 32; draw_string_vec4
    %concat/vec4; draw_string_vec4
    %pushi/vec4 0, 0, 32; draw_string_vec4
    %concat/vec4; draw_string_vec4
    %pushi/vec4 0, 0, 32; draw_string_vec4
    %concat/vec4; draw_string_vec4
    %pushi/vec4 0, 0, 32; draw_string_vec4
    %concat/vec4; draw_string_vec4
    %pushi/vec4 0, 0, 32; draw_string_vec4
    %concat/vec4; draw_string_vec4
    %pushi/vec4 0, 0, 32; draw_string_vec4
    %concat/vec4; draw_string_vec4
    %pushi/vec4 0, 0, 32; draw_string_vec4
    %concat/vec4; draw_string_vec4
    %pushi/vec4 0, 0, 32; draw_string_vec4
    %concat/vec4; draw_string_vec4
    %pushi/vec4 0, 0, 32; draw_string_vec4
    %concat/vec4; draw_string_vec4
    %pushi/vec4 0, 0, 32; draw_string_vec4
    %concat/vec4; draw_string_vec4
    %pushi/vec4 0, 0, 32; draw_string_vec4
    %concat/vec4; draw_string_vec4
    %pushi/vec4 0, 0, 32; draw_string_vec4
    %concat/vec4; draw_string_vec4
    %pushi/vec4 0, 0, 32; draw_string_vec4
    %concat/vec4; draw_string_vec4
    %pushi/vec4 0, 0, 32; draw_string_vec4
    %concat/vec4; draw_string_vec4
    %pushi/vec4 0, 0, 32; draw_string_vec4
    %concat/vec4; draw_string_vec4
    %pushi/vec4 0, 0, 32; draw_string_vec4
    %concat/vec4; draw_string_vec4
    %pushi/vec4 0, 0, 32; draw_string_vec4
    %concat/vec4; draw_string_vec4
    %pushi/vec4 0, 0, 32; draw_string_vec4
    %concat/vec4; draw_string_vec4
    %pushi/vec4 5522771, 0, 32; draw_string_vec4
    %concat/vec4; draw_string_vec4
    %pushi/vec4 1415530057, 0, 32; draw_string_vec4
    %concat/vec4; draw_string_vec4
    %pushi/vec4 1279611695, 0, 32; draw_string_vec4
    %concat/vec4; draw_string_vec4
    %pushi/vec4 1835363679, 0, 32; draw_string_vec4
    %concat/vec4; draw_string_vec4
    %pushi/vec4 1952805748, 0, 32; draw_string_vec4
    %concat/vec4; draw_string_vec4
    %pushi/vec4 825712489, 0, 32; draw_string_vec4
    %concat/vec4; draw_string_vec4
    %pushi/vec4 1667326824, 0, 32; draw_string_vec4
    %concat/vec4; draw_string_vec4
    %pushi/vec4 1700754292, 0, 32; draw_string_vec4
    %concat/vec4; draw_string_vec4
    %pushi/vec4 1919251315, 0, 32; draw_string_vec4
    %concat/vec4; draw_string_vec4
    %pushi/vec4 778921325, 0, 32; draw_string_vec4
    %concat/vec4; draw_string_vec4
    %store/vec4 v000001c678816bc0_0, 0, 2048;
    %jmp T_22.26;
T_22.21 ;
    %pushi/vec4 0, 0, 32; draw_string_vec4
    %pushi/vec4 0, 0, 32; draw_string_vec4
    %concat/vec4; draw_string_vec4
    %pushi/vec4 0, 0, 32; draw_string_vec4
    %concat/vec4; draw_string_vec4
    %pushi/vec4 0, 0, 32; draw_string_vec4
    %concat/vec4; draw_string_vec4
    %pushi/vec4 0, 0, 32; draw_string_vec4
    %concat/vec4; draw_string_vec4
    %pushi/vec4 0, 0, 32; draw_string_vec4
    %concat/vec4; draw_string_vec4
    %pushi/vec4 0, 0, 32; draw_string_vec4
    %concat/vec4; draw_string_vec4
    %pushi/vec4 0, 0, 32; draw_string_vec4
    %concat/vec4; draw_string_vec4
    %pushi/vec4 0, 0, 32; draw_string_vec4
    %concat/vec4; draw_string_vec4
    %pushi/vec4 0, 0, 32; draw_string_vec4
    %concat/vec4; draw_string_vec4
    %pushi/vec4 0, 0, 32; draw_string_vec4
    %concat/vec4; draw_string_vec4
    %pushi/vec4 0, 0, 32; draw_string_vec4
    %concat/vec4; draw_string_vec4
    %pushi/vec4 0, 0, 32; draw_string_vec4
    %concat/vec4; draw_string_vec4
    %pushi/vec4 0, 0, 32; draw_string_vec4
    %concat/vec4; draw_string_vec4
    %pushi/vec4 0, 0, 32; draw_string_vec4
    %concat/vec4; draw_string_vec4
    %pushi/vec4 0, 0, 32; draw_string_vec4
    %concat/vec4; draw_string_vec4
    %pushi/vec4 0, 0, 32; draw_string_vec4
    %concat/vec4; draw_string_vec4
    %pushi/vec4 0, 0, 32; draw_string_vec4
    %concat/vec4; draw_string_vec4
    %pushi/vec4 0, 0, 32; draw_string_vec4
    %concat/vec4; draw_string_vec4
    %pushi/vec4 0, 0, 32; draw_string_vec4
    %concat/vec4; draw_string_vec4
    %pushi/vec4 0, 0, 32; draw_string_vec4
    %concat/vec4; draw_string_vec4
    %pushi/vec4 0, 0, 32; draw_string_vec4
    %concat/vec4; draw_string_vec4
    %pushi/vec4 0, 0, 32; draw_string_vec4
    %concat/vec4; draw_string_vec4
    %pushi/vec4 0, 0, 32; draw_string_vec4
    %concat/vec4; draw_string_vec4
    %pushi/vec4 0, 0, 32; draw_string_vec4
    %concat/vec4; draw_string_vec4
    %pushi/vec4 0, 0, 32; draw_string_vec4
    %concat/vec4; draw_string_vec4
    %pushi/vec4 0, 0, 32; draw_string_vec4
    %concat/vec4; draw_string_vec4
    %pushi/vec4 0, 0, 32; draw_string_vec4
    %concat/vec4; draw_string_vec4
    %pushi/vec4 0, 0, 32; draw_string_vec4
    %concat/vec4; draw_string_vec4
    %pushi/vec4 0, 0, 32; draw_string_vec4
    %concat/vec4; draw_string_vec4
    %pushi/vec4 0, 0, 32; draw_string_vec4
    %concat/vec4; draw_string_vec4
    %pushi/vec4 0, 0, 32; draw_string_vec4
    %concat/vec4; draw_string_vec4
    %pushi/vec4 0, 0, 32; draw_string_vec4
    %concat/vec4; draw_string_vec4
    %pushi/vec4 0, 0, 32; draw_string_vec4
    %concat/vec4; draw_string_vec4
    %pushi/vec4 0, 0, 32; draw_string_vec4
    %concat/vec4; draw_string_vec4
    %pushi/vec4 0, 0, 32; draw_string_vec4
    %concat/vec4; draw_string_vec4
    %pushi/vec4 0, 0, 32; draw_string_vec4
    %concat/vec4; draw_string_vec4
    %pushi/vec4 0, 0, 32; draw_string_vec4
    %concat/vec4; draw_string_vec4
    %pushi/vec4 0, 0, 32; draw_string_vec4
    %concat/vec4; draw_string_vec4
    %pushi/vec4 0, 0, 32; draw_string_vec4
    %concat/vec4; draw_string_vec4
    %pushi/vec4 0, 0, 32; draw_string_vec4
    %concat/vec4; draw_string_vec4
    %pushi/vec4 0, 0, 32; draw_string_vec4
    %concat/vec4; draw_string_vec4
    %pushi/vec4 0, 0, 32; draw_string_vec4
    %concat/vec4; draw_string_vec4
    %pushi/vec4 0, 0, 32; draw_string_vec4
    %concat/vec4; draw_string_vec4
    %pushi/vec4 0, 0, 32; draw_string_vec4
    %concat/vec4; draw_string_vec4
    %pushi/vec4 0, 0, 32; draw_string_vec4
    %concat/vec4; draw_string_vec4
    %pushi/vec4 0, 0, 32; draw_string_vec4
    %concat/vec4; draw_string_vec4
    %pushi/vec4 0, 0, 32; draw_string_vec4
    %concat/vec4; draw_string_vec4
    %pushi/vec4 0, 0, 32; draw_string_vec4
    %concat/vec4; draw_string_vec4
    %pushi/vec4 0, 0, 32; draw_string_vec4
    %concat/vec4; draw_string_vec4
    %pushi/vec4 0, 0, 32; draw_string_vec4
    %concat/vec4; draw_string_vec4
    %pushi/vec4 0, 0, 32; draw_string_vec4
    %concat/vec4; draw_string_vec4
    %pushi/vec4 0, 0, 32; draw_string_vec4
    %concat/vec4; draw_string_vec4
    %pushi/vec4 0, 0, 32; draw_string_vec4
    %concat/vec4; draw_string_vec4
    %pushi/vec4 0, 0, 32; draw_string_vec4
    %concat/vec4; draw_string_vec4
    %pushi/vec4 5522771, 0, 32; draw_string_vec4
    %concat/vec4; draw_string_vec4
    %pushi/vec4 1415530057, 0, 32; draw_string_vec4
    %concat/vec4; draw_string_vec4
    %pushi/vec4 1279611695, 0, 32; draw_string_vec4
    %concat/vec4; draw_string_vec4
    %pushi/vec4 1835363679, 0, 32; draw_string_vec4
    %concat/vec4; draw_string_vec4
    %pushi/vec4 1952805748, 0, 32; draw_string_vec4
    %concat/vec4; draw_string_vec4
    %pushi/vec4 825778020, 0, 32; draw_string_vec4
    %concat/vec4; draw_string_vec4
    %pushi/vec4 1667326824, 0, 32; draw_string_vec4
    %concat/vec4; draw_string_vec4
    %pushi/vec4 1700755298, 0, 32; draw_string_vec4
    %concat/vec4; draw_string_vec4
    %pushi/vec4 778921325, 0, 32; draw_string_vec4
    %concat/vec4; draw_string_vec4
    %store/vec4 v000001c678816bc0_0, 0, 2048;
    %jmp T_22.26;
T_22.22 ;
    %pushi/vec4 0, 0, 32; draw_string_vec4
    %pushi/vec4 0, 0, 32; draw_string_vec4
    %concat/vec4; draw_string_vec4
    %pushi/vec4 0, 0, 32; draw_string_vec4
    %concat/vec4; draw_string_vec4
    %pushi/vec4 0, 0, 32; draw_string_vec4
    %concat/vec4; draw_string_vec4
    %pushi/vec4 0, 0, 32; draw_string_vec4
    %concat/vec4; draw_string_vec4
    %pushi/vec4 0, 0, 32; draw_string_vec4
    %concat/vec4; draw_string_vec4
    %pushi/vec4 0, 0, 32; draw_string_vec4
    %concat/vec4; draw_string_vec4
    %pushi/vec4 0, 0, 32; draw_string_vec4
    %concat/vec4; draw_string_vec4
    %pushi/vec4 0, 0, 32; draw_string_vec4
    %concat/vec4; draw_string_vec4
    %pushi/vec4 0, 0, 32; draw_string_vec4
    %concat/vec4; draw_string_vec4
    %pushi/vec4 0, 0, 32; draw_string_vec4
    %concat/vec4; draw_string_vec4
    %pushi/vec4 0, 0, 32; draw_string_vec4
    %concat/vec4; draw_string_vec4
    %pushi/vec4 0, 0, 32; draw_string_vec4
    %concat/vec4; draw_string_vec4
    %pushi/vec4 0, 0, 32; draw_string_vec4
    %concat/vec4; draw_string_vec4
    %pushi/vec4 0, 0, 32; draw_string_vec4
    %concat/vec4; draw_string_vec4
    %pushi/vec4 0, 0, 32; draw_string_vec4
    %concat/vec4; draw_string_vec4
    %pushi/vec4 0, 0, 32; draw_string_vec4
    %concat/vec4; draw_string_vec4
    %pushi/vec4 0, 0, 32; draw_string_vec4
    %concat/vec4; draw_string_vec4
    %pushi/vec4 0, 0, 32; draw_string_vec4
    %concat/vec4; draw_string_vec4
    %pushi/vec4 0, 0, 32; draw_string_vec4
    %concat/vec4; draw_string_vec4
    %pushi/vec4 0, 0, 32; draw_string_vec4
    %concat/vec4; draw_string_vec4
    %pushi/vec4 0, 0, 32; draw_string_vec4
    %concat/vec4; draw_string_vec4
    %pushi/vec4 0, 0, 32; draw_string_vec4
    %concat/vec4; draw_string_vec4
    %pushi/vec4 0, 0, 32; draw_string_vec4
    %concat/vec4; draw_string_vec4
    %pushi/vec4 0, 0, 32; draw_string_vec4
    %concat/vec4; draw_string_vec4
    %pushi/vec4 0, 0, 32; draw_string_vec4
    %concat/vec4; draw_string_vec4
    %pushi/vec4 0, 0, 32; draw_string_vec4
    %concat/vec4; draw_string_vec4
    %pushi/vec4 0, 0, 32; draw_string_vec4
    %concat/vec4; draw_string_vec4
    %pushi/vec4 0, 0, 32; draw_string_vec4
    %concat/vec4; draw_string_vec4
    %pushi/vec4 0, 0, 32; draw_string_vec4
    %concat/vec4; draw_string_vec4
    %pushi/vec4 0, 0, 32; draw_string_vec4
    %concat/vec4; draw_string_vec4
    %pushi/vec4 0, 0, 32; draw_string_vec4
    %concat/vec4; draw_string_vec4
    %pushi/vec4 0, 0, 32; draw_string_vec4
    %concat/vec4; draw_string_vec4
    %pushi/vec4 0, 0, 32; draw_string_vec4
    %concat/vec4; draw_string_vec4
    %pushi/vec4 0, 0, 32; draw_string_vec4
    %concat/vec4; draw_string_vec4
    %pushi/vec4 0, 0, 32; draw_string_vec4
    %concat/vec4; draw_string_vec4
    %pushi/vec4 0, 0, 32; draw_string_vec4
    %concat/vec4; draw_string_vec4
    %pushi/vec4 0, 0, 32; draw_string_vec4
    %concat/vec4; draw_string_vec4
    %pushi/vec4 0, 0, 32; draw_string_vec4
    %concat/vec4; draw_string_vec4
    %pushi/vec4 0, 0, 32; draw_string_vec4
    %concat/vec4; draw_string_vec4
    %pushi/vec4 0, 0, 32; draw_string_vec4
    %concat/vec4; draw_string_vec4
    %pushi/vec4 0, 0, 32; draw_string_vec4
    %concat/vec4; draw_string_vec4
    %pushi/vec4 0, 0, 32; draw_string_vec4
    %concat/vec4; draw_string_vec4
    %pushi/vec4 0, 0, 32; draw_string_vec4
    %concat/vec4; draw_string_vec4
    %pushi/vec4 0, 0, 32; draw_string_vec4
    %concat/vec4; draw_string_vec4
    %pushi/vec4 0, 0, 32; draw_string_vec4
    %concat/vec4; draw_string_vec4
    %pushi/vec4 0, 0, 32; draw_string_vec4
    %concat/vec4; draw_string_vec4
    %pushi/vec4 0, 0, 32; draw_string_vec4
    %concat/vec4; draw_string_vec4
    %pushi/vec4 0, 0, 32; draw_string_vec4
    %concat/vec4; draw_string_vec4
    %pushi/vec4 0, 0, 32; draw_string_vec4
    %concat/vec4; draw_string_vec4
    %pushi/vec4 0, 0, 32; draw_string_vec4
    %concat/vec4; draw_string_vec4
    %pushi/vec4 0, 0, 32; draw_string_vec4
    %concat/vec4; draw_string_vec4
    %pushi/vec4 0, 0, 32; draw_string_vec4
    %concat/vec4; draw_string_vec4
    %pushi/vec4 0, 0, 32; draw_string_vec4
    %concat/vec4; draw_string_vec4
    %pushi/vec4 5522771, 0, 32; draw_string_vec4
    %concat/vec4; draw_string_vec4
    %pushi/vec4 1415530057, 0, 32; draw_string_vec4
    %concat/vec4; draw_string_vec4
    %pushi/vec4 1279611695, 0, 32; draw_string_vec4
    %concat/vec4; draw_string_vec4
    %pushi/vec4 1835363679, 0, 32; draw_string_vec4
    %concat/vec4; draw_string_vec4
    %pushi/vec4 1952805748, 0, 32; draw_string_vec4
    %concat/vec4; draw_string_vec4
    %pushi/vec4 825843560, 0, 32; draw_string_vec4
    %concat/vec4; draw_string_vec4
    %pushi/vec4 1635410290, 0, 32; draw_string_vec4
    %concat/vec4; draw_string_vec4
    %pushi/vec4 1683972722, 0, 32; draw_string_vec4
    %concat/vec4; draw_string_vec4
    %pushi/vec4 1634624360, 0, 32; draw_string_vec4
    %concat/vec4; draw_string_vec4
    %pushi/vec4 778921325, 0, 32; draw_string_vec4
    %concat/vec4; draw_string_vec4
    %store/vec4 v000001c678816bc0_0, 0, 2048;
    %jmp T_22.26;
T_22.23 ;
    %pushi/vec4 0, 0, 32; draw_string_vec4
    %pushi/vec4 0, 0, 32; draw_string_vec4
    %concat/vec4; draw_string_vec4
    %pushi/vec4 0, 0, 32; draw_string_vec4
    %concat/vec4; draw_string_vec4
    %pushi/vec4 0, 0, 32; draw_string_vec4
    %concat/vec4; draw_string_vec4
    %pushi/vec4 0, 0, 32; draw_string_vec4
    %concat/vec4; draw_string_vec4
    %pushi/vec4 0, 0, 32; draw_string_vec4
    %concat/vec4; draw_string_vec4
    %pushi/vec4 0, 0, 32; draw_string_vec4
    %concat/vec4; draw_string_vec4
    %pushi/vec4 0, 0, 32; draw_string_vec4
    %concat/vec4; draw_string_vec4
    %pushi/vec4 0, 0, 32; draw_string_vec4
    %concat/vec4; draw_string_vec4
    %pushi/vec4 0, 0, 32; draw_string_vec4
    %concat/vec4; draw_string_vec4
    %pushi/vec4 0, 0, 32; draw_string_vec4
    %concat/vec4; draw_string_vec4
    %pushi/vec4 0, 0, 32; draw_string_vec4
    %concat/vec4; draw_string_vec4
    %pushi/vec4 0, 0, 32; draw_string_vec4
    %concat/vec4; draw_string_vec4
    %pushi/vec4 0, 0, 32; draw_string_vec4
    %concat/vec4; draw_string_vec4
    %pushi/vec4 0, 0, 32; draw_string_vec4
    %concat/vec4; draw_string_vec4
    %pushi/vec4 0, 0, 32; draw_string_vec4
    %concat/vec4; draw_string_vec4
    %pushi/vec4 0, 0, 32; draw_string_vec4
    %concat/vec4; draw_string_vec4
    %pushi/vec4 0, 0, 32; draw_string_vec4
    %concat/vec4; draw_string_vec4
    %pushi/vec4 0, 0, 32; draw_string_vec4
    %concat/vec4; draw_string_vec4
    %pushi/vec4 0, 0, 32; draw_string_vec4
    %concat/vec4; draw_string_vec4
    %pushi/vec4 0, 0, 32; draw_string_vec4
    %concat/vec4; draw_string_vec4
    %pushi/vec4 0, 0, 32; draw_string_vec4
    %concat/vec4; draw_string_vec4
    %pushi/vec4 0, 0, 32; draw_string_vec4
    %concat/vec4; draw_string_vec4
    %pushi/vec4 0, 0, 32; draw_string_vec4
    %concat/vec4; draw_string_vec4
    %pushi/vec4 0, 0, 32; draw_string_vec4
    %concat/vec4; draw_string_vec4
    %pushi/vec4 0, 0, 32; draw_string_vec4
    %concat/vec4; draw_string_vec4
    %pushi/vec4 0, 0, 32; draw_string_vec4
    %concat/vec4; draw_string_vec4
    %pushi/vec4 0, 0, 32; draw_string_vec4
    %concat/vec4; draw_string_vec4
    %pushi/vec4 0, 0, 32; draw_string_vec4
    %concat/vec4; draw_string_vec4
    %pushi/vec4 0, 0, 32; draw_string_vec4
    %concat/vec4; draw_string_vec4
    %pushi/vec4 0, 0, 32; draw_string_vec4
    %concat/vec4; draw_string_vec4
    %pushi/vec4 0, 0, 32; draw_string_vec4
    %concat/vec4; draw_string_vec4
    %pushi/vec4 0, 0, 32; draw_string_vec4
    %concat/vec4; draw_string_vec4
    %pushi/vec4 0, 0, 32; draw_string_vec4
    %concat/vec4; draw_string_vec4
    %pushi/vec4 0, 0, 32; draw_string_vec4
    %concat/vec4; draw_string_vec4
    %pushi/vec4 0, 0, 32; draw_string_vec4
    %concat/vec4; draw_string_vec4
    %pushi/vec4 0, 0, 32; draw_string_vec4
    %concat/vec4; draw_string_vec4
    %pushi/vec4 0, 0, 32; draw_string_vec4
    %concat/vec4; draw_string_vec4
    %pushi/vec4 0, 0, 32; draw_string_vec4
    %concat/vec4; draw_string_vec4
    %pushi/vec4 0, 0, 32; draw_string_vec4
    %concat/vec4; draw_string_vec4
    %pushi/vec4 0, 0, 32; draw_string_vec4
    %concat/vec4; draw_string_vec4
    %pushi/vec4 0, 0, 32; draw_string_vec4
    %concat/vec4; draw_string_vec4
    %pushi/vec4 0, 0, 32; draw_string_vec4
    %concat/vec4; draw_string_vec4
    %pushi/vec4 0, 0, 32; draw_string_vec4
    %concat/vec4; draw_string_vec4
    %pushi/vec4 0, 0, 32; draw_string_vec4
    %concat/vec4; draw_string_vec4
    %pushi/vec4 0, 0, 32; draw_string_vec4
    %concat/vec4; draw_string_vec4
    %pushi/vec4 0, 0, 32; draw_string_vec4
    %concat/vec4; draw_string_vec4
    %pushi/vec4 0, 0, 32; draw_string_vec4
    %concat/vec4; draw_string_vec4
    %pushi/vec4 0, 0, 32; draw_string_vec4
    %concat/vec4; draw_string_vec4
    %pushi/vec4 0, 0, 32; draw_string_vec4
    %concat/vec4; draw_string_vec4
    %pushi/vec4 0, 0, 32; draw_string_vec4
    %concat/vec4; draw_string_vec4
    %pushi/vec4 0, 0, 32; draw_string_vec4
    %concat/vec4; draw_string_vec4
    %pushi/vec4 0, 0, 32; draw_string_vec4
    %concat/vec4; draw_string_vec4
    %pushi/vec4 0, 0, 32; draw_string_vec4
    %concat/vec4; draw_string_vec4
    %pushi/vec4 0, 0, 32; draw_string_vec4
    %concat/vec4; draw_string_vec4
    %pushi/vec4 21573, 0, 32; draw_string_vec4
    %concat/vec4; draw_string_vec4
    %pushi/vec4 1398038342, 0, 32; draw_string_vec4
    %concat/vec4; draw_string_vec4
    %pushi/vec4 1229735251, 0, 32; draw_string_vec4
    %concat/vec4; draw_string_vec4
    %pushi/vec4 795698541, 0, 32; draw_string_vec4
    %concat/vec4; draw_string_vec4
    %pushi/vec4 1601463667, 0, 32; draw_string_vec4
    %concat/vec4; draw_string_vec4
    %pushi/vec4 1949446239, 0, 32; draw_string_vec4
    %concat/vec4; draw_string_vec4
    %pushi/vec4 1819242087, 0, 32; draw_string_vec4
    %concat/vec4; draw_string_vec4
    %pushi/vec4 1601005944, 0, 32; draw_string_vec4
    %concat/vec4; draw_string_vec4
    %pushi/vec4 778921325, 0, 32; draw_string_vec4
    %concat/vec4; draw_string_vec4
    %store/vec4 v000001c678816bc0_0, 0, 2048;
    %jmp T_22.26;
T_22.24 ;
    %pushi/vec4 0, 0, 32; draw_string_vec4
    %pushi/vec4 0, 0, 32; draw_string_vec4
    %concat/vec4; draw_string_vec4
    %pushi/vec4 0, 0, 32; draw_string_vec4
    %concat/vec4; draw_string_vec4
    %pushi/vec4 0, 0, 32; draw_string_vec4
    %concat/vec4; draw_string_vec4
    %pushi/vec4 0, 0, 32; draw_string_vec4
    %concat/vec4; draw_string_vec4
    %pushi/vec4 0, 0, 32; draw_string_vec4
    %concat/vec4; draw_string_vec4
    %pushi/vec4 0, 0, 32; draw_string_vec4
    %concat/vec4; draw_string_vec4
    %pushi/vec4 0, 0, 32; draw_string_vec4
    %concat/vec4; draw_string_vec4
    %pushi/vec4 0, 0, 32; draw_string_vec4
    %concat/vec4; draw_string_vec4
    %pushi/vec4 0, 0, 32; draw_string_vec4
    %concat/vec4; draw_string_vec4
    %pushi/vec4 0, 0, 32; draw_string_vec4
    %concat/vec4; draw_string_vec4
    %pushi/vec4 0, 0, 32; draw_string_vec4
    %concat/vec4; draw_string_vec4
    %pushi/vec4 0, 0, 32; draw_string_vec4
    %concat/vec4; draw_string_vec4
    %pushi/vec4 0, 0, 32; draw_string_vec4
    %concat/vec4; draw_string_vec4
    %pushi/vec4 0, 0, 32; draw_string_vec4
    %concat/vec4; draw_string_vec4
    %pushi/vec4 0, 0, 32; draw_string_vec4
    %concat/vec4; draw_string_vec4
    %pushi/vec4 0, 0, 32; draw_string_vec4
    %concat/vec4; draw_string_vec4
    %pushi/vec4 0, 0, 32; draw_string_vec4
    %concat/vec4; draw_string_vec4
    %pushi/vec4 0, 0, 32; draw_string_vec4
    %concat/vec4; draw_string_vec4
    %pushi/vec4 0, 0, 32; draw_string_vec4
    %concat/vec4; draw_string_vec4
    %pushi/vec4 0, 0, 32; draw_string_vec4
    %concat/vec4; draw_string_vec4
    %pushi/vec4 0, 0, 32; draw_string_vec4
    %concat/vec4; draw_string_vec4
    %pushi/vec4 0, 0, 32; draw_string_vec4
    %concat/vec4; draw_string_vec4
    %pushi/vec4 0, 0, 32; draw_string_vec4
    %concat/vec4; draw_string_vec4
    %pushi/vec4 0, 0, 32; draw_string_vec4
    %concat/vec4; draw_string_vec4
    %pushi/vec4 0, 0, 32; draw_string_vec4
    %concat/vec4; draw_string_vec4
    %pushi/vec4 0, 0, 32; draw_string_vec4
    %concat/vec4; draw_string_vec4
    %pushi/vec4 0, 0, 32; draw_string_vec4
    %concat/vec4; draw_string_vec4
    %pushi/vec4 0, 0, 32; draw_string_vec4
    %concat/vec4; draw_string_vec4
    %pushi/vec4 0, 0, 32; draw_string_vec4
    %concat/vec4; draw_string_vec4
    %pushi/vec4 0, 0, 32; draw_string_vec4
    %concat/vec4; draw_string_vec4
    %pushi/vec4 0, 0, 32; draw_string_vec4
    %concat/vec4; draw_string_vec4
    %pushi/vec4 0, 0, 32; draw_string_vec4
    %concat/vec4; draw_string_vec4
    %pushi/vec4 0, 0, 32; draw_string_vec4
    %concat/vec4; draw_string_vec4
    %pushi/vec4 0, 0, 32; draw_string_vec4
    %concat/vec4; draw_string_vec4
    %pushi/vec4 0, 0, 32; draw_string_vec4
    %concat/vec4; draw_string_vec4
    %pushi/vec4 0, 0, 32; draw_string_vec4
    %concat/vec4; draw_string_vec4
    %pushi/vec4 0, 0, 32; draw_string_vec4
    %concat/vec4; draw_string_vec4
    %pushi/vec4 0, 0, 32; draw_string_vec4
    %concat/vec4; draw_string_vec4
    %pushi/vec4 0, 0, 32; draw_string_vec4
    %concat/vec4; draw_string_vec4
    %pushi/vec4 0, 0, 32; draw_string_vec4
    %concat/vec4; draw_string_vec4
    %pushi/vec4 0, 0, 32; draw_string_vec4
    %concat/vec4; draw_string_vec4
    %pushi/vec4 0, 0, 32; draw_string_vec4
    %concat/vec4; draw_string_vec4
    %pushi/vec4 0, 0, 32; draw_string_vec4
    %concat/vec4; draw_string_vec4
    %pushi/vec4 0, 0, 32; draw_string_vec4
    %concat/vec4; draw_string_vec4
    %pushi/vec4 0, 0, 32; draw_string_vec4
    %concat/vec4; draw_string_vec4
    %pushi/vec4 0, 0, 32; draw_string_vec4
    %concat/vec4; draw_string_vec4
    %pushi/vec4 0, 0, 32; draw_string_vec4
    %concat/vec4; draw_string_vec4
    %pushi/vec4 0, 0, 32; draw_string_vec4
    %concat/vec4; draw_string_vec4
    %pushi/vec4 0, 0, 32; draw_string_vec4
    %concat/vec4; draw_string_vec4
    %pushi/vec4 0, 0, 32; draw_string_vec4
    %concat/vec4; draw_string_vec4
    %pushi/vec4 0, 0, 32; draw_string_vec4
    %concat/vec4; draw_string_vec4
    %pushi/vec4 0, 0, 32; draw_string_vec4
    %concat/vec4; draw_string_vec4
    %pushi/vec4 0, 0, 32; draw_string_vec4
    %concat/vec4; draw_string_vec4
    %pushi/vec4 84, 0, 32; draw_string_vec4
    %concat/vec4; draw_string_vec4
    %pushi/vec4 1163088991, 0, 32; draw_string_vec4
    %concat/vec4; draw_string_vec4
    %pushi/vec4 1179208773, 0, 32; draw_string_vec4
    %concat/vec4; draw_string_vec4
    %pushi/vec4 1395617125, 0, 32; draw_string_vec4
    %concat/vec4; draw_string_vec4
    %pushi/vec4 1834972261, 0, 32; draw_string_vec4
    %concat/vec4; draw_string_vec4
    %pushi/vec4 1936994865, 0, 32; draw_string_vec4
    %concat/vec4; draw_string_vec4
    %pushi/vec4 1600941934, 0, 32; draw_string_vec4
    %concat/vec4; draw_string_vec4
    %pushi/vec4 1734304370, 0, 32; draw_string_vec4
    %concat/vec4; draw_string_vec4
    %pushi/vec4 1634624360, 0, 32; draw_string_vec4
    %concat/vec4; draw_string_vec4
    %pushi/vec4 778921325, 0, 32; draw_string_vec4
    %concat/vec4; draw_string_vec4
    %store/vec4 v000001c678816bc0_0, 0, 2048;
    %jmp T_22.26;
T_22.26 ;
    %pop/vec4 1;
T_22.2 ;
T_22.1 ;
    %pushi/vec4 0, 0, 32;
    %store/vec4 v000001c678818880_0, 0, 32;
T_22.27 ;
    %load/vec4 v000001c678818880_0;
    %cmpi/s 262144, 0, 32;
    %jmp/0xz T_22.28, 5;
    %pushi/vec4 19, 0, 32;
    %ix/getv/s 4, v000001c678818880_0;
    %store/vec4a v000001c6788166c0, 4, 0;
    %load/vec4 v000001c678818880_0;
    %addi 1, 0, 32;
    %store/vec4 v000001c678818880_0, 0, 32;
    %jmp T_22.27;
T_22.28 ;
    %vpi_call/w 3 804 "$readmemh", v000001c678816bc0_0, v000001c6788166c0 {0 0 0};
    %pushi/vec4 0, 0, 32;
    %store/vec4 v000001c678818880_0, 0, 32;
T_22.29 ;
    %load/vec4 v000001c678818880_0;
    %cmpi/s 262144, 0, 32;
    %jmp/0xz T_22.30, 5;
    %ix/getv/s 4, v000001c678818880_0;
    %load/vec4a v000001c6788166c0, 4;
    %parti/s 8, 0, 2;
    %load/vec4 v000001c678818880_0;
    %muli 4, 0, 32;
    %addi 0, 0, 32;
    %ix/vec4/s 4;
    %store/vec4a v000001c678816f80, 4, 0;
    %ix/getv/s 4, v000001c678818880_0;
    %load/vec4a v000001c6788166c0, 4;
    %parti/s 8, 8, 5;
    %load/vec4 v000001c678818880_0;
    %muli 4, 0, 32;
    %addi 1, 0, 32;
    %ix/vec4/s 4;
    %store/vec4a v000001c678816f80, 4, 0;
    %ix/getv/s 4, v000001c678818880_0;
    %load/vec4a v000001c6788166c0, 4;
    %parti/s 8, 16, 6;
    %load/vec4 v000001c678818880_0;
    %muli 4, 0, 32;
    %addi 2, 0, 32;
    %ix/vec4/s 4;
    %store/vec4a v000001c678816f80, 4, 0;
    %ix/getv/s 4, v000001c678818880_0;
    %load/vec4a v000001c6788166c0, 4;
    %parti/s 8, 24, 6;
    %load/vec4 v000001c678818880_0;
    %muli 4, 0, 32;
    %addi 3, 0, 32;
    %ix/vec4/s 4;
    %store/vec4a v000001c678816f80, 4, 0;
    %load/vec4 v000001c678818880_0;
    %addi 1, 0, 32;
    %store/vec4 v000001c678818880_0, 0, 32;
    %jmp T_22.29;
T_22.30 ;
    %end;
    .thread T_22;
    .scope S_000001c678862530;
T_23 ;
    %wait E_000001c678823990;
    %load/vec4 v000001c6788184c0_0;
    %flag_set/vec4 8;
    %jmp/0xz  T_23.0, 8;
    %pushi/vec4 0, 0, 1;
    %assign/vec4 v000001c678817fc0_0, 0;
    %pushi/vec4 0, 0, 1;
    %assign/vec4 v000001c6788181a0_0, 0;
    %pushi/vec4 0, 0, 1;
    %assign/vec4 v000001c678817160_0, 0;
    %pushi/vec4 0, 0, 1;
    %assign/vec4 v000001c6788182e0_0, 0;
    %pushi/vec4 0, 0, 128;
    %assign/vec4 v000001c6788170c0_0, 0;
    %pushi/vec4 0, 0, 1;
    %assign/vec4 v000001c678818100_0, 0;
    %pushi/vec4 0, 0, 1;
    %assign/vec4 v000001c678817340_0, 0;
    %pushi/vec4 0, 0, 28;
    %assign/vec4 v000001c678817020_0, 0;
    %pushi/vec4 0, 0, 28;
    %assign/vec4 v000001c678817e80_0, 0;
    %pushi/vec4 0, 0, 1;
    %assign/vec4 v000001c678816da0_0, 0;
    %pushi/vec4 0, 0, 1;
    %assign/vec4 v000001c678817de0_0, 0;
    %pushi/vec4 0, 0, 1;
    %assign/vec4 v000001c678818240_0, 0;
    %pushi/vec4 1, 0, 1;
    %assign/vec4 v000001c678818740_0, 0;
    %jmp T_23.1;
T_23.0 ;
    %pushi/vec4 1, 0, 1;
    %assign/vec4 v000001c678817fc0_0, 0;
    %pushi/vec4 1, 0, 1;
    %assign/vec4 v000001c6788181a0_0, 0;
    %pushi/vec4 0, 0, 1;
    %assign/vec4 v000001c678816da0_0, 0;
    %pushi/vec4 0, 0, 1;
    %assign/vec4 v000001c678817de0_0, 0;
    %pushi/vec4 0, 0, 1;
    %assign/vec4 v000001c678818240_0, 0;
    %pushi/vec4 0, 0, 1;
    %assign/vec4 v000001c678818740_0, 0;
    %load/vec4 v000001c678816ee0_0;
    %flag_set/vec4 12;
    %flag_get/vec4 12;
    %jmp/0 T_23.7, 12;
    %load/vec4 v000001c678817fc0_0;
    %and;
T_23.7;
    %flag_set/vec4 11;
    %flag_get/vec4 11;
    %jmp/0 T_23.6, 11;
    %load/vec4 v000001c678817f20_0;
    %pushi/vec4 0, 0, 3;
    %cmp/e;
    %flag_get/vec4 4;
    %and;
T_23.6;
    %flag_set/vec4 10;
    %flag_get/vec4 10;
    %jmp/0 T_23.5, 10;
    %load/vec4 v000001c678817a20_0;
    %and;
T_23.5;
    %flag_set/vec4 9;
    %flag_get/vec4 9;
    %jmp/0 T_23.4, 9;
    %load/vec4 v000001c6788181a0_0;
    %and;
T_23.4;
    %flag_set/vec4 8;
    %jmp/0xz  T_23.2, 8;
    %load/vec4 v000001c678814640_0;
    %store/vec4 v000001c678814000_0, 0, 28;
    %load/vec4 v000001c678816c60_0;
    %store/vec4 v000001c6788140a0_0, 0, 128;
    %load/vec4 v000001c678818060_0;
    %store/vec4 v000001c6788145a0_0, 0, 16;
    %fork TD_icache_pipeline_tb.dut.GEN_MIG.u_mig.u_mig_7series_0_mig.wr128, S_000001c678862b70;
    %join;
T_23.2 ;
    %load/vec4 v000001c678816ee0_0;
    %flag_set/vec4 9;
    %flag_get/vec4 9;
    %jmp/0 T_23.9, 9;
    %load/vec4 v000001c678817fc0_0;
    %and;
T_23.9;
    %flag_set/vec4 8;
    %flag_get/vec4 8;
    %jmp/0 T_23.8, 8;
    %load/vec4 v000001c678817f20_0;
    %pushi/vec4 1, 0, 3;
    %cmp/e;
    %flag_get/vec4 4;
    %and;
T_23.8;
    %assign/vec4 v000001c678818100_0, 0;
    %load/vec4 v000001c678814640_0;
    %assign/vec4 v000001c678817020_0, 0;
    %load/vec4 v000001c678818100_0;
    %assign/vec4 v000001c678817340_0, 0;
    %load/vec4 v000001c678817020_0;
    %assign/vec4 v000001c678817e80_0, 0;
    %load/vec4 v000001c678817340_0;
    %assign/vec4 v000001c678817160_0, 0;
    %load/vec4 v000001c678817340_0;
    %assign/vec4 v000001c6788182e0_0, 0;
    %load/vec4 v000001c678817340_0;
    %flag_set/vec4 8;
    %jmp/0xz  T_23.10, 8;
    %load/vec4 v000001c678817e80_0;
    %store/vec4 v000001c678816260_0, 0, 28;
    %callf/vec4 TD_icache_pipeline_tb.dut.GEN_MIG.u_mig.u_mig_7series_0_mig.rd128, S_000001c678863980;
    %assign/vec4 v000001c6788170c0_0, 0;
T_23.10 ;
T_23.1 ;
    %jmp T_23;
    .thread T_23;
    .scope S_000001c678863ca0;
T_24 ;
    %wait E_000001c6788234d0;
    %pushi/vec4 0, 0, 1;
    %store/vec4 v000001c67841db00_0, 0, 1;
    %pushi/vec4 0, 0, 1;
    %store/vec4 v000001c6786803d0_0, 0, 1;
    %pushi/vec4 0, 0, 64;
    %store/vec4 v000001c678680b50_0, 0, 64;
    %pushi/vec4 0, 0, 1;
    %store/vec4 v000001c678680ab0_0, 0, 1;
    %pushi/vec4 0, 0, 1;
    %store/vec4 v000001c6786812d0_0, 0, 1;
    %pushi/vec4 0, 0, 28;
    %store/vec4 v000001c67841ae00_0, 0, 28;
    %pushi/vec4 1, 0, 3;
    %store/vec4 v000001c67841c3e0_0, 0, 3;
    %pushi/vec4 0, 0, 1;
    %store/vec4 v000001c67841c480_0, 0, 1;
    %pushi/vec4 0, 0, 128;
    %store/vec4 v000001c67841cb60_0, 0, 128;
    %pushi/vec4 0, 0, 1;
    %store/vec4 v000001c67841c980_0, 0, 1;
    %pushi/vec4 65535, 0, 16;
    %store/vec4 v000001c67841cf20_0, 0, 16;
    %pushi/vec4 0, 0, 1;
    %store/vec4 v000001c67841de20_0, 0, 1;
    %load/vec4 v000001c67841c840_0;
    %flag_set/vec4 9;
    %flag_get/vec4 9;
    %jmp/0 T_24.2, 9;
    %load/vec4 v000001c67867fc50_0;
    %nor/r;
    %and;
T_24.2;
    %flag_set/vec4 8;
    %jmp/0xz  T_24.0, 8;
    %load/vec4 v000001c678681370_0;
    %cmpi/e 0, 0, 5;
    %jmp/0xz  T_24.3, 4;
    %pushi/vec4 1, 0, 1;
    %store/vec4 v000001c67841db00_0, 0, 1;
    %jmp T_24.4;
T_24.3 ;
    %load/vec4 v000001c678681370_0;
    %cmpi/e 8, 0, 5;
    %jmp/0xz  T_24.5, 4;
    %pushi/vec4 1, 0, 1;
    %store/vec4 v000001c67841db00_0, 0, 1;
T_24.5 ;
T_24.4 ;
T_24.0 ;
    %load/vec4 v000001c678681370_0;
    %cmpi/e 2, 0, 5;
    %jmp/0xz  T_24.7, 4;
    %pushi/vec4 1, 0, 1;
    %store/vec4 v000001c6786803d0_0, 0, 1;
    %load/vec4 v000001c67841d6a0_0;
    %load/vec4 v000001c6786805b0_0;
    %store/vec4 v000001c678796d50_0, 0, 3;
    %store/vec4 v000001c678796df0_0, 0, 512;
    %callf/vec4 TD_icache_pipeline_tb.dut.GEN_MIG.u_l2.u_core.get_beat64, S_000001c678863b10;
    %store/vec4 v000001c678680b50_0, 0, 64;
    %load/vec4 v000001c6786805b0_0;
    %pushi/vec4 7, 0, 3;
    %cmp/e;
    %flag_get/vec4 4;
    %store/vec4 v000001c6786812d0_0, 0, 1;
    %jmp T_24.8;
T_24.7 ;
    %load/vec4 v000001c678681370_0;
    %cmpi/e 7, 0, 5;
    %jmp/0xz  T_24.9, 4;
    %pushi/vec4 1, 0, 1;
    %store/vec4 v000001c6786803d0_0, 0, 1;
    %load/vec4 v000001c67841d6a0_0;
    %load/vec4 v000001c6786805b0_0;
    %store/vec4 v000001c678796d50_0, 0, 3;
    %store/vec4 v000001c678796df0_0, 0, 512;
    %callf/vec4 TD_icache_pipeline_tb.dut.GEN_MIG.u_l2.u_core.get_beat64, S_000001c678863b10;
    %store/vec4 v000001c678680b50_0, 0, 64;
    %load/vec4 v000001c6786805b0_0;
    %pushi/vec4 7, 0, 3;
    %cmp/e;
    %flag_get/vec4 4;
    %store/vec4 v000001c6786812d0_0, 0, 1;
    %jmp T_24.10;
T_24.9 ;
    %load/vec4 v000001c678681370_0;
    %cmpi/e 14, 0, 5;
    %jmp/0xz  T_24.11, 4;
    %pushi/vec4 1, 0, 1;
    %store/vec4 v000001c6786803d0_0, 0, 1;
    %load/vec4 v000001c678680bf0_0;
    %store/vec4 v000001c678680b50_0, 0, 64;
    %pushi/vec4 1, 0, 1;
    %store/vec4 v000001c6786812d0_0, 0, 1;
    %jmp T_24.12;
T_24.11 ;
    %load/vec4 v000001c678681370_0;
    %cmpi/e 11, 0, 5;
    %jmp/0xz  T_24.13, 4;
    %pushi/vec4 1, 0, 1;
    %store/vec4 v000001c6786803d0_0, 0, 1;
    %pushi/vec4 0, 0, 64;
    %store/vec4 v000001c678680b50_0, 0, 64;
    %pushi/vec4 1, 0, 1;
    %store/vec4 v000001c6786812d0_0, 0, 1;
    %jmp T_24.14;
T_24.13 ;
    %load/vec4 v000001c678681370_0;
    %cmpi/e 16, 0, 5;
    %jmp/0xz  T_24.15, 4;
    %pushi/vec4 1, 0, 1;
    %store/vec4 v000001c6786803d0_0, 0, 1;
    %pushi/vec4 0, 0, 64;
    %store/vec4 v000001c678680b50_0, 0, 64;
    %pushi/vec4 1, 0, 1;
    %store/vec4 v000001c6786812d0_0, 0, 1;
    %jmp T_24.16;
T_24.15 ;
    %load/vec4 v000001c678681370_0;
    %cmpi/e 17, 0, 5;
    %jmp/0xz  T_24.17, 4;
    %pushi/vec4 1, 0, 1;
    %store/vec4 v000001c6786803d0_0, 0, 1;
    %pushi/vec4 0, 0, 64;
    %store/vec4 v000001c678680b50_0, 0, 64;
    %pushi/vec4 1, 0, 1;
    %store/vec4 v000001c678680ab0_0, 0, 1;
    %pushi/vec4 1, 0, 1;
    %store/vec4 v000001c6786812d0_0, 0, 1;
T_24.17 ;
T_24.16 ;
T_24.14 ;
T_24.12 ;
T_24.10 ;
T_24.8 ;
    %load/vec4 v000001c678681370_0;
    %cmpi/e 3, 0, 5;
    %jmp/0xz  T_24.19, 4;
    %pushi/vec4 0, 0, 3;
    %store/vec4 v000001c67841c3e0_0, 0, 3;
    %load/vec4 v000001c67841ce80_0;
    %flag_set/vec4 8;
    %flag_get/vec4 8;
    %jmp/0 T_24.21, 8;
    %load/vec4 v000001c67841d060_0;
    %and;
T_24.21;
    %store/vec4 v000001c67841c480_0, 0, 1;
    %load/vec4 v000001c67841ce80_0;
    %flag_set/vec4 8;
    %flag_get/vec4 8;
    %jmp/0 T_24.22, 8;
    %load/vec4 v000001c67841d060_0;
    %and;
T_24.22;
    %store/vec4 v000001c67841de20_0, 0, 1;
    %load/vec4 v000001c67841d4c0_0;
    %cmpi/e 3, 0, 2;
    %flag_get/vec4 4;
    %jmp/0 T_24.23, 4;
    %load/vec4 v000001c67841ce80_0;
    %flag_set/vec4 8;
    %flag_get/vec4 8;
    %jmp/0 T_24.24, 8;
    %load/vec4 v000001c67841d060_0;
    %and;
T_24.24;
    %and;
T_24.23;
    %store/vec4 v000001c67841c980_0, 0, 1;
    %pushi/vec4 0, 0, 16;
    %store/vec4 v000001c67841cf20_0, 0, 16;
    %fork t_1, S_000001c678863020;
    %jmp t_0;
    .scope S_000001c678863020;
t_1 ;
    %load/vec4 v000001c678680650_0;
    %load/vec4 v000001c67841d380_0;
    %concat/vec4; draw_concat_vec4
    %concati/vec4 0, 0, 6;
    %store/vec4 v000001c6787d42d0_0, 0, 32;
    %load/vec4 v000001c6787d42d0_0;
    %pad/u 34;
    %pushi/vec4 0, 0, 28;
    %load/vec4 v000001c67841d4c0_0;
    %concat/vec4; draw_concat_vec4
    %concati/vec4 0, 0, 4;
    %add;
    %pad/u 32;
    %store/vec4 v000001c6787d2930_0, 0, 32;
    %load/vec4 v000001c6787d2930_0;
    %store/vec4 v000001c6787940f0_0, 0, 32;
    %callf/vec4 TD_icache_pipeline_tb.dut.GEN_MIG.u_l2.u_core.pa_to_app_addr16, S_000001c6788629e0;
    %store/vec4 v000001c67841ae00_0, 0, 28;
    %load/vec4 v000001c6786814b0_0;
    %load/vec4 v000001c67841d4c0_0;
    %store/vec4 v000001c6787d54f0_0, 0, 2;
    %store/vec4 v000001c6787d6170_0, 0, 512;
    %callf/vec4 TD_icache_pipeline_tb.dut.GEN_MIG.u_l2.u_core.get_beat128, S_000001c6788623a0;
    %store/vec4 v000001c67841cb60_0, 0, 128;
    %end;
    .scope S_000001c678863ca0;
t_0 %join;
T_24.19 ;
    %load/vec4 v000001c678681370_0;
    %cmpi/e 4, 0, 5;
    %jmp/0xz  T_24.25, 4;
    %pushi/vec4 1, 0, 3;
    %store/vec4 v000001c67841c3e0_0, 0, 3;
    %load/vec4 v000001c67841ce80_0;
    %store/vec4 v000001c67841c480_0, 0, 1;
    %fork t_3, S_000001c6788637f0;
    %jmp t_2;
    .scope S_000001c6788637f0;
t_3 ;
    %load/vec4 v000001c67841d560_0;
    %pad/u 34;
    %pushi/vec4 0, 0, 28;
    %load/vec4 v000001c67841d4c0_0;
    %concat/vec4; draw_concat_vec4
    %concati/vec4 0, 0, 4;
    %add;
    %pad/u 32;
    %store/vec4 v000001c6787d4a50_0, 0, 32;
    %load/vec4 v000001c6787d4a50_0;
    %store/vec4 v000001c6787940f0_0, 0, 32;
    %callf/vec4 TD_icache_pipeline_tb.dut.GEN_MIG.u_l2.u_core.pa_to_app_addr16, S_000001c6788629e0;
    %store/vec4 v000001c67841ae00_0, 0, 28;
    %end;
    .scope S_000001c678863ca0;
t_2 %join;
T_24.25 ;
    %load/vec4 v000001c678681370_0;
    %cmpi/e 9, 0, 5;
    %jmp/0xz  T_24.27, 4;
    %pushi/vec4 0, 0, 3;
    %store/vec4 v000001c67841c3e0_0, 0, 3;
    %load/vec4 v000001c67841ce80_0;
    %flag_set/vec4 8;
    %flag_get/vec4 8;
    %jmp/0 T_24.29, 8;
    %load/vec4 v000001c67841d060_0;
    %and;
T_24.29;
    %store/vec4 v000001c67841c480_0, 0, 1;
    %load/vec4 v000001c67841ce80_0;
    %flag_set/vec4 8;
    %flag_get/vec4 8;
    %jmp/0 T_24.30, 8;
    %load/vec4 v000001c67841d060_0;
    %and;
T_24.30;
    %store/vec4 v000001c67841de20_0, 0, 1;
    %load/vec4 v000001c67841d4c0_0;
    %cmpi/e 3, 0, 2;
    %flag_get/vec4 4;
    %jmp/0 T_24.31, 4;
    %load/vec4 v000001c67841ce80_0;
    %flag_set/vec4 8;
    %flag_get/vec4 8;
    %jmp/0 T_24.32, 8;
    %load/vec4 v000001c67841d060_0;
    %and;
T_24.32;
    %and;
T_24.31;
    %store/vec4 v000001c67841c980_0, 0, 1;
    %pushi/vec4 0, 0, 16;
    %store/vec4 v000001c67841cf20_0, 0, 16;
    %fork t_5, S_000001c678862850;
    %jmp t_4;
    .scope S_000001c678862850;
t_5 ;
    %load/vec4 v000001c678680650_0;
    %load/vec4 v000001c67841d380_0;
    %concat/vec4; draw_concat_vec4
    %concati/vec4 0, 0, 6;
    %store/vec4 v000001c6787d4730_0, 0, 32;
    %load/vec4 v000001c6787d4730_0;
    %pad/u 34;
    %pushi/vec4 0, 0, 28;
    %load/vec4 v000001c67841d4c0_0;
    %concat/vec4; draw_concat_vec4
    %concati/vec4 0, 0, 4;
    %add;
    %pad/u 32;
    %store/vec4 v000001c6787d4370_0, 0, 32;
    %load/vec4 v000001c6787d4370_0;
    %store/vec4 v000001c6787940f0_0, 0, 32;
    %callf/vec4 TD_icache_pipeline_tb.dut.GEN_MIG.u_l2.u_core.pa_to_app_addr16, S_000001c6788629e0;
    %store/vec4 v000001c67841ae00_0, 0, 28;
    %load/vec4 v000001c6786814b0_0;
    %load/vec4 v000001c67841d4c0_0;
    %store/vec4 v000001c6787d54f0_0, 0, 2;
    %store/vec4 v000001c6787d6170_0, 0, 512;
    %callf/vec4 TD_icache_pipeline_tb.dut.GEN_MIG.u_l2.u_core.get_beat128, S_000001c6788623a0;
    %store/vec4 v000001c67841cb60_0, 0, 128;
    %end;
    .scope S_000001c678863ca0;
t_4 %join;
T_24.27 ;
    %load/vec4 v000001c678681370_0;
    %cmpi/e 12, 0, 5;
    %jmp/0xz  T_24.33, 4;
    %pushi/vec4 1, 0, 3;
    %store/vec4 v000001c67841c3e0_0, 0, 3;
    %load/vec4 v000001c67841ce80_0;
    %store/vec4 v000001c67841c480_0, 0, 1;
    %fork t_7, S_000001c678862080;
    %jmp t_6;
    .scope S_000001c678862080;
t_7 ;
    %load/vec4 v000001c67841c2a0_0;
    %parti/s 28, 4, 4;
    %concati/vec4 0, 0, 4;
    %store/vec4 v000001c6787d2bb0_0, 0, 32;
    %load/vec4 v000001c6787d2bb0_0;
    %store/vec4 v000001c6787940f0_0, 0, 32;
    %callf/vec4 TD_icache_pipeline_tb.dut.GEN_MIG.u_l2.u_core.pa_to_app_addr16, S_000001c6788629e0;
    %store/vec4 v000001c67841ae00_0, 0, 28;
    %end;
    .scope S_000001c678863ca0;
t_6 %join;
T_24.33 ;
    %load/vec4 v000001c678681370_0;
    %cmpi/e 15, 0, 5;
    %jmp/0xz  T_24.35, 4;
    %pushi/vec4 0, 0, 3;
    %store/vec4 v000001c67841c3e0_0, 0, 3;
    %load/vec4 v000001c67841ce80_0;
    %flag_set/vec4 8;
    %flag_get/vec4 8;
    %jmp/0 T_24.37, 8;
    %load/vec4 v000001c67841d060_0;
    %and;
T_24.37;
    %store/vec4 v000001c67841c480_0, 0, 1;
    %load/vec4 v000001c67841ce80_0;
    %flag_set/vec4 8;
    %flag_get/vec4 8;
    %jmp/0 T_24.38, 8;
    %load/vec4 v000001c67841d060_0;
    %and;
T_24.38;
    %store/vec4 v000001c67841de20_0, 0, 1;
    %load/vec4 v000001c67841ce80_0;
    %flag_set/vec4 8;
    %flag_get/vec4 8;
    %jmp/0 T_24.39, 8;
    %load/vec4 v000001c67841d060_0;
    %and;
T_24.39;
    %store/vec4 v000001c67841c980_0, 0, 1;
    %fork t_9, S_000001c678862210;
    %jmp t_8;
    .scope S_000001c678862210;
t_9 ;
    %load/vec4 v000001c67841c2a0_0;
    %parti/s 28, 4, 4;
    %concati/vec4 0, 0, 4;
    %store/vec4 v000001c6787d3290_0, 0, 32;
    %load/vec4 v000001c6787d3290_0;
    %store/vec4 v000001c6787940f0_0, 0, 32;
    %callf/vec4 TD_icache_pipeline_tb.dut.GEN_MIG.u_l2.u_core.pa_to_app_addr16, S_000001c6788629e0;
    %store/vec4 v000001c67841ae00_0, 0, 28;
    %pushi/vec4 0, 0, 128;
    %store/vec4 v000001c6787d3470_0, 0, 128;
    %pushi/vec4 65535, 0, 16;
    %store/vec4 v000001c6787d3150_0, 0, 16;
    %load/vec4 v000001c67867f750_0;
    %flag_set/vec4 8;
    %jmp/0xz  T_24.40, 8;
    %load/vec4 v000001c6786819b0_0;
    %ix/load 4, 64, 0;
    %flag_set/imm 4, 0;
    %store/vec4 v000001c6787d3470_0, 4, 64;
    %load/vec4 v000001c67867fb10_0;
    %inv;
    %ix/load 4, 8, 0;
    %flag_set/imm 4, 0;
    %store/vec4 v000001c6787d3150_0, 4, 8;
    %jmp T_24.41;
T_24.40 ;
    %load/vec4 v000001c6786819b0_0;
    %ix/load 4, 0, 0;
    %flag_set/imm 4, 0;
    %store/vec4 v000001c6787d3470_0, 4, 64;
    %load/vec4 v000001c67867fb10_0;
    %inv;
    %ix/load 4, 0, 0;
    %flag_set/imm 4, 0;
    %store/vec4 v000001c6787d3150_0, 4, 8;
T_24.41 ;
    %load/vec4 v000001c6787d3470_0;
    %store/vec4 v000001c67841cb60_0, 0, 128;
    %load/vec4 v000001c6787d3150_0;
    %store/vec4 v000001c67841cf20_0, 0, 16;
    %end;
    .scope S_000001c678863ca0;
t_8 %join;
T_24.35 ;
    %jmp T_24;
    .thread T_24, $push;
    .scope S_000001c678863ca0;
T_25 ;
    %wait E_000001c678822410;
    %load/vec4 v000001c67867fc50_0;
    %flag_set/vec4 8;
    %jmp/0xz  T_25.0, 8;
    %pushi/vec4 0, 0, 5;
    %assign/vec4 v000001c678681370_0, 0;
    %pushi/vec4 0, 0, 3;
    %assign/vec4 v000001c6786805b0_0, 0;
    %pushi/vec4 0, 0, 2;
    %assign/vec4 v000001c67841d4c0_0, 0;
    %pushi/vec4 0, 0, 3;
    %assign/vec4 v000001c678681910_0, 0;
    %pushi/vec4 0, 0, 2;
    %assign/vec4 v000001c67841d100_0, 0;
    %pushi/vec4 0, 0, 32;
    %assign/vec4 v000001c67841c2a0_0, 0;
    %pushi/vec4 0, 0, 3;
    %assign/vec4 v000001c678681190_0, 0;
    %pushi/vec4 0, 0, 8;
    %assign/vec4 v000001c67841d740_0, 0;
    %pushi/vec4 0, 0, 64;
    %assign/vec4 v000001c6786819b0_0, 0;
    %pushi/vec4 0, 0, 8;
    %assign/vec4 v000001c67867fb10_0, 0;
    %pushi/vec4 0, 0, 1;
    %assign/vec4 v000001c678680c90_0, 0;
    %pushi/vec4 0, 0, 512;
    %assign/vec4 v000001c67841d6a0_0, 0;
    %pushi/vec4 0, 0, 512;
    %assign/vec4 v000001c67841cca0_0, 0;
    %pushi/vec4 0, 0, 512;
    %assign/vec4 v000001c6786801f0_0, 0;
    %pushi/vec4 0, 0, 512;
    %assign/vec4 v000001c6786814b0_0, 0;
    %pushi/vec4 0, 0, 15;
    %assign/vec4 v000001c678680650_0, 0;
    %pushi/vec4 0, 0, 1;
    %assign/vec4 v000001c678680290_0, 0;
    %pushi/vec4 0, 0, 1;
    %assign/vec4 v000001c678680790_0, 0;
    %pushi/vec4 0, 0, 1;
    %assign/vec4 v000001c678681230_0, 0;
    %pushi/vec4 0, 0, 1;
    %assign/vec4 v000001c67841d600_0, 0;
    %pushi/vec4 0, 0, 1;
    %assign/vec4 v000001c67841d240_0, 0;
    %pushi/vec4 0, 0, 64;
    %assign/vec4 v000001c678680bf0_0, 0;
    %pushi/vec4 0, 0, 32;
    %store/vec4 v000001c678680d30_0, 0, 32;
T_25.2 ;
    %load/vec4 v000001c678680d30_0;
    %cmpi/s 2048, 0, 32;
    %jmp/0xz T_25.3, 5;
    %pushi/vec4 0, 0, 1;
    %ix/getv/s 3, v000001c678680d30_0;
    %ix/load 4, 0, 0; Constant delay
    %assign/vec4/a/d v000001c678680470, 0, 4;
    %pushi/vec4 0, 0, 1;
    %ix/getv/s 3, v000001c678680d30_0;
    %ix/load 4, 0, 0; Constant delay
    %assign/vec4/a/d v000001c67867fed0, 0, 4;
    %pushi/vec4 0, 0, 1;
    %ix/getv/s 3, v000001c678680d30_0;
    %ix/load 4, 0, 0; Constant delay
    %assign/vec4/a/d v000001c67841dce0, 0, 4;
    %pushi/vec4 0, 0, 1;
    %ix/getv/s 3, v000001c678680d30_0;
    %ix/load 4, 0, 0; Constant delay
    %assign/vec4/a/d v000001c67841cc00, 0, 4;
    %pushi/vec4 0, 0, 1;
    %ix/getv/s 3, v000001c678680d30_0;
    %ix/load 4, 0, 0; Constant delay
    %assign/vec4/a/d v000001c67841d920, 0, 4;
    %load/vec4 v000001c678680d30_0;
    %addi 1, 0, 32;
    %store/vec4 v000001c678680d30_0, 0, 32;
    %jmp T_25.2;
T_25.3 ;
    %jmp T_25.1;
T_25.0 ;
    %load/vec4 v000001c678681370_0;
    %dup/vec4;
    %pushi/vec4 0, 0, 5;
    %cmp/u;
    %jmp/1 T_25.4, 6;
    %dup/vec4;
    %pushi/vec4 1, 0, 5;
    %cmp/u;
    %jmp/1 T_25.5, 6;
    %dup/vec4;
    %pushi/vec4 2, 0, 5;
    %cmp/u;
    %jmp/1 T_25.6, 6;
    %dup/vec4;
    %pushi/vec4 3, 0, 5;
    %cmp/u;
    %jmp/1 T_25.7, 6;
    %dup/vec4;
    %pushi/vec4 4, 0, 5;
    %cmp/u;
    %jmp/1 T_25.8, 6;
    %dup/vec4;
    %pushi/vec4 5, 0, 5;
    %cmp/u;
    %jmp/1 T_25.9, 6;
    %dup/vec4;
    %pushi/vec4 6, 0, 5;
    %cmp/u;
    %jmp/1 T_25.10, 6;
    %dup/vec4;
    %pushi/vec4 7, 0, 5;
    %cmp/u;
    %jmp/1 T_25.11, 6;
    %dup/vec4;
    %pushi/vec4 8, 0, 5;
    %cmp/u;
    %jmp/1 T_25.12, 6;
    %dup/vec4;
    %pushi/vec4 9, 0, 5;
    %cmp/u;
    %jmp/1 T_25.13, 6;
    %dup/vec4;
    %pushi/vec4 10, 0, 5;
    %cmp/u;
    %jmp/1 T_25.14, 6;
    %dup/vec4;
    %pushi/vec4 11, 0, 5;
    %cmp/u;
    %jmp/1 T_25.15, 6;
    %dup/vec4;
    %pushi/vec4 12, 0, 5;
    %cmp/u;
    %jmp/1 T_25.16, 6;
    %dup/vec4;
    %pushi/vec4 13, 0, 5;
    %cmp/u;
    %jmp/1 T_25.17, 6;
    %dup/vec4;
    %pushi/vec4 14, 0, 5;
    %cmp/u;
    %jmp/1 T_25.18, 6;
    %dup/vec4;
    %pushi/vec4 15, 0, 5;
    %cmp/u;
    %jmp/1 T_25.19, 6;
    %dup/vec4;
    %pushi/vec4 16, 0, 5;
    %cmp/u;
    %jmp/1 T_25.20, 6;
    %dup/vec4;
    %pushi/vec4 17, 0, 5;
    %cmp/u;
    %jmp/1 T_25.21, 6;
    %pushi/vec4 0, 0, 5;
    %assign/vec4 v000001c678681370_0, 0;
    %jmp T_25.23;
T_25.4 ;
    %load/vec4 v000001c678680fb0_0;
    %flag_set/vec4 9;
    %flag_get/vec4 9;
    %jmp/0 T_25.26, 9;
    %load/vec4 v000001c67841db00_0;
    %and;
T_25.26;
    %flag_set/vec4 8;
    %jmp/0xz  T_25.24, 8;
    %load/vec4 v000001c67841dba0_0;
    %assign/vec4 v000001c67841d100_0, 0;
    %load/vec4 v000001c67841cd40_0;
    %assign/vec4 v000001c67841c2a0_0, 0;
    %load/vec4 v000001c67841dd80_0;
    %assign/vec4 v000001c678681190_0, 0;
    %load/vec4 v000001c67841ca20_0;
    %assign/vec4 v000001c67841d740_0, 0;
    %load/vec4 v000001c678680330_0;
    %assign/vec4 v000001c6786819b0_0, 0;
    %load/vec4 v000001c6786806f0_0;
    %assign/vec4 v000001c67867fb10_0, 0;
    %load/vec4 v000001c678681cd0_0;
    %assign/vec4 v000001c678680c90_0, 0;
    %pushi/vec4 1, 0, 5;
    %assign/vec4 v000001c678681370_0, 0;
T_25.24 ;
    %jmp T_25.23;
T_25.5 ;
    %load/vec4 v000001c67841ab80_0;
    %nor/r;
    %flag_set/vec4 8;
    %jmp/1 T_25.29, 8;
    %load/vec4 v000001c67841d9c0_0;
    %nor/r;
    %flag_set/vec4 9;
    %flag_or 8, 9;
T_25.29;
    %jmp/0xz  T_25.27, 8;
    %pushi/vec4 17, 0, 5;
    %assign/vec4 v000001c678681370_0, 0;
    %jmp T_25.28;
T_25.27 ;
    %load/vec4 v000001c67841d100_0;
    %cmpi/e 0, 0, 2;
    %flag_get/vec4 4;
    %jmp/0 T_25.32, 4;
    %load/vec4 v000001c67867f7f0_0;
    %and;
T_25.32;
    %flag_set/vec4 8;
    %jmp/0xz  T_25.30, 8;
    %pushi/vec4 12, 0, 5;
    %assign/vec4 v000001c678681370_0, 0;
    %jmp T_25.31;
T_25.30 ;
    %load/vec4 v000001c67841d100_0;
    %cmpi/e 1, 0, 2;
    %jmp/0xz  T_25.33, 4;
    %pushi/vec4 12, 0, 5;
    %assign/vec4 v000001c678681370_0, 0;
    %jmp T_25.34;
T_25.33 ;
    %load/vec4 v000001c67841d100_0;
    %cmpi/e 2, 0, 2;
    %jmp/0xz  T_25.35, 4;
    %pushi/vec4 15, 0, 5;
    %assign/vec4 v000001c678681370_0, 0;
    %jmp T_25.36;
T_25.35 ;
    %load/vec4 v000001c67841d100_0;
    %cmpi/e 3, 0, 2;
    %jmp/0xz  T_25.37, 4;
    %pushi/vec4 0, 0, 512;
    %assign/vec4 v000001c6786801f0_0, 0;
    %load/vec4 v000001c6786819b0_0;
    %ix/load 4, 0, 0;
    %ix/load 5, 0, 0;
    %flag_set/imm 4, 0;
    %assign/vec4/off/d v000001c6786801f0_0, 4, 5;
    %pushi/vec4 1, 0, 3;
    %assign/vec4 v000001c678681910_0, 0;
    %pushi/vec4 8, 0, 5;
    %assign/vec4 v000001c678681370_0, 0;
    %jmp T_25.38;
T_25.37 ;
    %load/vec4 v000001c67841d2e0_0;
    %flag_set/vec4 8;
    %jmp/0xz  T_25.39, 8;
    %load/vec4 v000001c67841dec0_0;
    %flag_set/vec4 8;
    %jmp/0 T_25.41, 8;
    %load/vec4 v000001c67841d380_0;
    %pad/u 13;
    %ix/vec4 4;
    %load/vec4a v000001c67841d1a0, 4;
    %jmp/1 T_25.42, 8;
T_25.41 ; End of true expr.
    %load/vec4 v000001c67841d380_0;
    %pad/u 13;
    %ix/vec4 4;
    %load/vec4a v000001c67841d7e0, 4;
    %jmp/0 T_25.42, 8;
 ; End of false expr.
    %blend;
T_25.42;
    %assign/vec4 v000001c67841d6a0_0, 0;
    %pushi/vec4 0, 0, 3;
    %assign/vec4 v000001c6786805b0_0, 0;
    %load/vec4 v000001c67841dec0_0;
    %flag_set/vec4 8;
    %jmp/0xz  T_25.43, 8;
    %pushi/vec4 1, 0, 1;
    %load/vec4 v000001c67841d380_0;
    %pad/u 13;
    %ix/vec4 3;
    %ix/load 4, 0, 0; Constant delay
    %assign/vec4/a/d v000001c67841d920, 0, 4;
    %jmp T_25.44;
T_25.43 ;
    %pushi/vec4 0, 0, 1;
    %load/vec4 v000001c67841d380_0;
    %pad/u 13;
    %ix/vec4 3;
    %ix/load 4, 0, 0; Constant delay
    %assign/vec4/a/d v000001c67841d920, 0, 4;
T_25.44 ;
    %pushi/vec4 2, 0, 5;
    %assign/vec4 v000001c678681370_0, 0;
    %jmp T_25.40;
T_25.39 ;
    %load/vec4 v000001c678680e70_0;
    %assign/vec4 v000001c678681230_0, 0;
    %load/vec4 v000001c678680510_0;
    %assign/vec4 v000001c6786814b0_0, 0;
    %load/vec4 v000001c678681730_0;
    %assign/vec4 v000001c678680650_0, 0;
    %load/vec4 v000001c67867fd90_0;
    %assign/vec4 v000001c678680290_0, 0;
    %load/vec4 v000001c678681410_0;
    %assign/vec4 v000001c678680790_0, 0;
    %load/vec4 v000001c678680e70_0;
    %assign/vec4 v000001c67841d600_0, 0;
    %load/vec4 v000001c678681410_0;
    %flag_set/vec4 8;
    %flag_get/vec4 8;
    %jmp/0 T_25.45, 8;
    %load/vec4 v000001c67867fd90_0;
    %and;
T_25.45;
    %assign/vec4 v000001c67841d240_0, 0;
    %pushi/vec4 0, 0, 2;
    %assign/vec4 v000001c67841d4c0_0, 0;
    %load/vec4 v000001c678681410_0;
    %flag_set/vec4 9;
    %flag_get/vec4 9;
    %jmp/0 T_25.48, 9;
    %load/vec4 v000001c67867fd90_0;
    %and;
T_25.48;
    %flag_set/vec4 8;
    %jmp/0xz  T_25.46, 8;
    %pushi/vec4 3, 0, 5;
    %assign/vec4 v000001c678681370_0, 0;
    %jmp T_25.47;
T_25.46 ;
    %pushi/vec4 4, 0, 5;
    %assign/vec4 v000001c678681370_0, 0;
T_25.47 ;
T_25.40 ;
T_25.38 ;
T_25.36 ;
T_25.34 ;
T_25.31 ;
T_25.28 ;
    %jmp T_25.23;
T_25.6 ;
    %load/vec4 v000001c67867fa70_0;
    %flag_set/vec4 8;
    %jmp/0xz  T_25.49, 8;
    %load/vec4 v000001c6786805b0_0;
    %cmpi/e 7, 0, 3;
    %jmp/0xz  T_25.51, 4;
    %pushi/vec4 0, 0, 3;
    %assign/vec4 v000001c6786805b0_0, 0;
    %pushi/vec4 0, 0, 5;
    %assign/vec4 v000001c678681370_0, 0;
    %jmp T_25.52;
T_25.51 ;
    %load/vec4 v000001c6786805b0_0;
    %addi 1, 0, 3;
    %assign/vec4 v000001c6786805b0_0, 0;
T_25.52 ;
T_25.49 ;
    %jmp T_25.23;
T_25.7 ;
    %load/vec4 v000001c67841ce80_0;
    %flag_set/vec4 9;
    %flag_get/vec4 9;
    %jmp/0 T_25.55, 9;
    %load/vec4 v000001c67841d060_0;
    %and;
T_25.55;
    %flag_set/vec4 8;
    %jmp/0xz  T_25.53, 8;
    %load/vec4 v000001c67841d4c0_0;
    %cmpi/e 3, 0, 2;
    %jmp/0xz  T_25.56, 4;
    %pushi/vec4 0, 0, 2;
    %assign/vec4 v000001c67841d4c0_0, 0;
    %pushi/vec4 4, 0, 5;
    %assign/vec4 v000001c678681370_0, 0;
    %jmp T_25.57;
T_25.56 ;
    %load/vec4 v000001c67841d4c0_0;
    %addi 1, 0, 2;
    %assign/vec4 v000001c67841d4c0_0, 0;
T_25.57 ;
T_25.53 ;
    %jmp T_25.23;
T_25.8 ;
    %load/vec4 v000001c67841ce80_0;
    %flag_set/vec4 8;
    %jmp/0xz  T_25.58, 8;
    %pushi/vec4 5, 0, 5;
    %assign/vec4 v000001c678681370_0, 0;
T_25.58 ;
    %jmp T_25.23;
T_25.9 ;
    %load/vec4 v000001c67841c660_0;
    %flag_set/vec4 8;
    %jmp/0xz  T_25.60, 8;
    %load/vec4 v000001c67841c520_0;
    %ix/load 5, 0, 0;
    %load/vec4 v000001c67841d4c0_0;
    %concati/vec4 0, 0, 7;
    %ix/vec4 4;
    %assign/vec4/off/d v000001c67841cca0_0, 4, 5;
    %load/vec4 v000001c67841d4c0_0;
    %cmpi/e 3, 0, 2;
    %jmp/0xz  T_25.62, 4;
    %pushi/vec4 0, 0, 2;
    %assign/vec4 v000001c67841d4c0_0, 0;
    %pushi/vec4 6, 0, 5;
    %assign/vec4 v000001c678681370_0, 0;
    %jmp T_25.63;
T_25.62 ;
    %load/vec4 v000001c67841d4c0_0;
    %addi 1, 0, 2;
    %assign/vec4 v000001c67841d4c0_0, 0;
    %pushi/vec4 4, 0, 5;
    %assign/vec4 v000001c678681370_0, 0;
T_25.63 ;
T_25.60 ;
    %jmp T_25.23;
T_25.10 ;
    %load/vec4 v000001c67841d600_0;
    %cmpi/e 0, 0, 1;
    %jmp/0xz  T_25.64, 4;
    %load/vec4 v000001c67841cca0_0;
    %load/vec4 v000001c67841d380_0;
    %pad/u 13;
    %ix/vec4 3;
    %ix/load 4, 0, 0; Constant delay
    %assign/vec4/a/d v000001c67841d1a0, 0, 4;
    %load/vec4 v000001c678680a10_0;
    %load/vec4 v000001c67841d380_0;
    %pad/u 13;
    %ix/vec4 3;
    %ix/load 4, 0, 0; Constant delay
    %assign/vec4/a/d v000001c678681b90, 0, 4;
    %pushi/vec4 1, 0, 1;
    %load/vec4 v000001c67841d380_0;
    %pad/u 13;
    %ix/vec4 3;
    %ix/load 4, 0, 0; Constant delay
    %assign/vec4/a/d v000001c678680470, 0, 4;
    %pushi/vec4 0, 0, 1;
    %load/vec4 v000001c67841d380_0;
    %pad/u 13;
    %ix/vec4 3;
    %ix/load 4, 0, 0; Constant delay
    %assign/vec4/a/d v000001c67841dce0, 0, 4;
    %pushi/vec4 1, 0, 1;
    %load/vec4 v000001c67841d380_0;
    %pad/u 13;
    %ix/vec4 3;
    %ix/load 4, 0, 0; Constant delay
    %assign/vec4/a/d v000001c67841d920, 0, 4;
    %jmp T_25.65;
T_25.64 ;
    %load/vec4 v000001c67841cca0_0;
    %load/vec4 v000001c67841d380_0;
    %pad/u 13;
    %ix/vec4 3;
    %ix/load 4, 0, 0; Constant delay
    %assign/vec4/a/d v000001c67841d7e0, 0, 4;
    %load/vec4 v000001c678680a10_0;
    %load/vec4 v000001c67841d380_0;
    %pad/u 13;
    %ix/vec4 3;
    %ix/load 4, 0, 0; Constant delay
    %assign/vec4/a/d v000001c67867fbb0, 0, 4;
    %pushi/vec4 1, 0, 1;
    %load/vec4 v000001c67841d380_0;
    %pad/u 13;
    %ix/vec4 3;
    %ix/load 4, 0, 0; Constant delay
    %assign/vec4/a/d v000001c67867fed0, 0, 4;
    %pushi/vec4 0, 0, 1;
    %load/vec4 v000001c67841d380_0;
    %pad/u 13;
    %ix/vec4 3;
    %ix/load 4, 0, 0; Constant delay
    %assign/vec4/a/d v000001c67841cc00, 0, 4;
    %pushi/vec4 0, 0, 1;
    %load/vec4 v000001c67841d380_0;
    %pad/u 13;
    %ix/vec4 3;
    %ix/load 4, 0, 0; Constant delay
    %assign/vec4/a/d v000001c67841d920, 0, 4;
T_25.65 ;
    %load/vec4 v000001c67841cca0_0;
    %assign/vec4 v000001c67841d6a0_0, 0;
    %pushi/vec4 0, 0, 3;
    %assign/vec4 v000001c6786805b0_0, 0;
    %pushi/vec4 7, 0, 5;
    %assign/vec4 v000001c678681370_0, 0;
    %jmp T_25.23;
T_25.11 ;
    %load/vec4 v000001c67867fa70_0;
    %flag_set/vec4 8;
    %jmp/0xz  T_25.66, 8;
    %load/vec4 v000001c6786805b0_0;
    %cmpi/e 7, 0, 3;
    %jmp/0xz  T_25.68, 4;
    %pushi/vec4 0, 0, 3;
    %assign/vec4 v000001c6786805b0_0, 0;
    %pushi/vec4 0, 0, 5;
    %assign/vec4 v000001c678681370_0, 0;
    %jmp T_25.69;
T_25.68 ;
    %load/vec4 v000001c6786805b0_0;
    %addi 1, 0, 3;
    %assign/vec4 v000001c6786805b0_0, 0;
T_25.69 ;
T_25.66 ;
    %jmp T_25.23;
T_25.12 ;
    %load/vec4 v000001c678680fb0_0;
    %flag_set/vec4 9;
    %flag_get/vec4 9;
    %jmp/0 T_25.72, 9;
    %load/vec4 v000001c67841db00_0;
    %and;
T_25.72;
    %flag_set/vec4 8;
    %jmp/0xz  T_25.70, 8;
    %load/vec4 v000001c678680330_0;
    %ix/load 5, 0, 0;
    %load/vec4 v000001c678681910_0;
    %concati/vec4 0, 0, 6;
    %ix/vec4 4;
    %assign/vec4/off/d v000001c6786801f0_0, 4, 5;
    %load/vec4 v000001c678681910_0;
    %cmpi/e 7, 0, 3;
    %jmp/0xz  T_25.73, 4;
    %load/vec4 v000001c67841d2e0_0;
    %flag_set/vec4 8;
    %jmp/0xz  T_25.75, 8;
    %load/vec4 v000001c67841d880_0;
    %assign/vec4 v000001c67841d600_0, 0;
    %pushi/vec4 0, 0, 1;
    %assign/vec4 v000001c67841d240_0, 0;
    %pushi/vec4 10, 0, 5;
    %assign/vec4 v000001c678681370_0, 0;
    %jmp T_25.76;
T_25.75 ;
    %load/vec4 v000001c678680e70_0;
    %assign/vec4 v000001c678681230_0, 0;
    %load/vec4 v000001c678680510_0;
    %assign/vec4 v000001c6786814b0_0, 0;
    %load/vec4 v000001c678681730_0;
    %assign/vec4 v000001c678680650_0, 0;
    %load/vec4 v000001c67867fd90_0;
    %assign/vec4 v000001c678680290_0, 0;
    %load/vec4 v000001c678681410_0;
    %assign/vec4 v000001c678680790_0, 0;
    %load/vec4 v000001c678680e70_0;
    %assign/vec4 v000001c67841d600_0, 0;
    %load/vec4 v000001c678681410_0;
    %flag_set/vec4 8;
    %flag_get/vec4 8;
    %jmp/0 T_25.77, 8;
    %load/vec4 v000001c67867fd90_0;
    %and;
T_25.77;
    %assign/vec4 v000001c67841d240_0, 0;
    %pushi/vec4 0, 0, 2;
    %assign/vec4 v000001c67841d4c0_0, 0;
    %load/vec4 v000001c678681410_0;
    %flag_set/vec4 9;
    %flag_get/vec4 9;
    %jmp/0 T_25.80, 9;
    %load/vec4 v000001c67867fd90_0;
    %and;
T_25.80;
    %flag_set/vec4 8;
    %jmp/0xz  T_25.78, 8;
    %pushi/vec4 9, 0, 5;
    %assign/vec4 v000001c678681370_0, 0;
    %jmp T_25.79;
T_25.78 ;
    %pushi/vec4 10, 0, 5;
    %assign/vec4 v000001c678681370_0, 0;
T_25.79 ;
T_25.76 ;
    %pushi/vec4 0, 0, 3;
    %assign/vec4 v000001c678681910_0, 0;
    %jmp T_25.74;
T_25.73 ;
    %load/vec4 v000001c678681910_0;
    %addi 1, 0, 3;
    %assign/vec4 v000001c678681910_0, 0;
T_25.74 ;
T_25.70 ;
    %jmp T_25.23;
T_25.13 ;
    %load/vec4 v000001c67841ce80_0;
    %flag_set/vec4 9;
    %flag_get/vec4 9;
    %jmp/0 T_25.83, 9;
    %load/vec4 v000001c67841d060_0;
    %and;
T_25.83;
    %flag_set/vec4 8;
    %jmp/0xz  T_25.81, 8;
    %load/vec4 v000001c67841d4c0_0;
    %cmpi/e 3, 0, 2;
    %jmp/0xz  T_25.84, 4;
    %pushi/vec4 0, 0, 2;
    %assign/vec4 v000001c67841d4c0_0, 0;
    %pushi/vec4 10, 0, 5;
    %assign/vec4 v000001c678681370_0, 0;
    %jmp T_25.85;
T_25.84 ;
    %load/vec4 v000001c67841d4c0_0;
    %addi 1, 0, 2;
    %assign/vec4 v000001c67841d4c0_0, 0;
T_25.85 ;
T_25.81 ;
    %jmp T_25.23;
T_25.14 ;
    %load/vec4 v000001c67841d600_0;
    %cmpi/e 0, 0, 1;
    %jmp/0xz  T_25.86, 4;
    %load/vec4 v000001c6786801f0_0;
    %load/vec4 v000001c67841d380_0;
    %pad/u 13;
    %ix/vec4 3;
    %ix/load 4, 0, 0; Constant delay
    %assign/vec4/a/d v000001c67841d1a0, 0, 4;
    %load/vec4 v000001c678680a10_0;
    %load/vec4 v000001c67841d380_0;
    %pad/u 13;
    %ix/vec4 3;
    %ix/load 4, 0, 0; Constant delay
    %assign/vec4/a/d v000001c678681b90, 0, 4;
    %pushi/vec4 1, 0, 1;
    %load/vec4 v000001c67841d380_0;
    %pad/u 13;
    %ix/vec4 3;
    %ix/load 4, 0, 0; Constant delay
    %assign/vec4/a/d v000001c678680470, 0, 4;
    %pushi/vec4 1, 0, 1;
    %load/vec4 v000001c67841d380_0;
    %pad/u 13;
    %ix/vec4 3;
    %ix/load 4, 0, 0; Constant delay
    %assign/vec4/a/d v000001c67841dce0, 0, 4;
    %pushi/vec4 1, 0, 1;
    %load/vec4 v000001c67841d380_0;
    %pad/u 13;
    %ix/vec4 3;
    %ix/load 4, 0, 0; Constant delay
    %assign/vec4/a/d v000001c67841d920, 0, 4;
    %jmp T_25.87;
T_25.86 ;
    %load/vec4 v000001c6786801f0_0;
    %load/vec4 v000001c67841d380_0;
    %pad/u 13;
    %ix/vec4 3;
    %ix/load 4, 0, 0; Constant delay
    %assign/vec4/a/d v000001c67841d7e0, 0, 4;
    %load/vec4 v000001c678680a10_0;
    %load/vec4 v000001c67841d380_0;
    %pad/u 13;
    %ix/vec4 3;
    %ix/load 4, 0, 0; Constant delay
    %assign/vec4/a/d v000001c67867fbb0, 0, 4;
    %pushi/vec4 1, 0, 1;
    %load/vec4 v000001c67841d380_0;
    %pad/u 13;
    %ix/vec4 3;
    %ix/load 4, 0, 0; Constant delay
    %assign/vec4/a/d v000001c67867fed0, 0, 4;
    %pushi/vec4 1, 0, 1;
    %load/vec4 v000001c67841d380_0;
    %pad/u 13;
    %ix/vec4 3;
    %ix/load 4, 0, 0; Constant delay
    %assign/vec4/a/d v000001c67841cc00, 0, 4;
    %pushi/vec4 0, 0, 1;
    %load/vec4 v000001c67841d380_0;
    %pad/u 13;
    %ix/vec4 3;
    %ix/load 4, 0, 0; Constant delay
    %assign/vec4/a/d v000001c67841d920, 0, 4;
T_25.87 ;
    %pushi/vec4 11, 0, 5;
    %assign/vec4 v000001c678681370_0, 0;
    %jmp T_25.23;
T_25.15 ;
    %load/vec4 v000001c67867fa70_0;
    %flag_set/vec4 8;
    %jmp/0xz  T_25.88, 8;
    %pushi/vec4 0, 0, 5;
    %assign/vec4 v000001c678681370_0, 0;
T_25.88 ;
    %jmp T_25.23;
T_25.16 ;
    %load/vec4 v000001c67841ce80_0;
    %flag_set/vec4 8;
    %jmp/0xz  T_25.90, 8;
    %pushi/vec4 13, 0, 5;
    %assign/vec4 v000001c678681370_0, 0;
T_25.90 ;
    %jmp T_25.23;
T_25.17 ;
    %load/vec4 v000001c67841c660_0;
    %flag_set/vec4 8;
    %jmp/0xz  T_25.92, 8;
    %load/vec4 v000001c67867f750_0;
    %flag_set/vec4 8;
    %jmp/0 T_25.94, 8;
    %load/vec4 v000001c67841c520_0;
    %parti/s 64, 64, 8;
    %jmp/1 T_25.95, 8;
T_25.94 ; End of true expr.
    %load/vec4 v000001c67841c520_0;
    %parti/s 64, 0, 2;
    %jmp/0 T_25.95, 8;
 ; End of false expr.
    %blend;
T_25.95;
    %assign/vec4 v000001c678680bf0_0, 0;
    %pushi/vec4 14, 0, 5;
    %assign/vec4 v000001c678681370_0, 0;
T_25.92 ;
    %jmp T_25.23;
T_25.18 ;
    %load/vec4 v000001c67867fa70_0;
    %flag_set/vec4 8;
    %jmp/0xz  T_25.96, 8;
    %pushi/vec4 0, 0, 5;
    %assign/vec4 v000001c678681370_0, 0;
T_25.96 ;
    %jmp T_25.23;
T_25.19 ;
    %load/vec4 v000001c67841ce80_0;
    %flag_set/vec4 9;
    %flag_get/vec4 9;
    %jmp/0 T_25.100, 9;
    %load/vec4 v000001c67841d060_0;
    %and;
T_25.100;
    %flag_set/vec4 8;
    %jmp/0xz  T_25.98, 8;
    %pushi/vec4 16, 0, 5;
    %assign/vec4 v000001c678681370_0, 0;
T_25.98 ;
    %jmp T_25.23;
T_25.20 ;
    %load/vec4 v000001c67867fa70_0;
    %flag_set/vec4 8;
    %jmp/0xz  T_25.101, 8;
    %pushi/vec4 0, 0, 5;
    %assign/vec4 v000001c678681370_0, 0;
T_25.101 ;
    %jmp T_25.23;
T_25.21 ;
    %load/vec4 v000001c67867fa70_0;
    %flag_set/vec4 8;
    %jmp/0xz  T_25.103, 8;
    %pushi/vec4 0, 0, 5;
    %assign/vec4 v000001c678681370_0, 0;
T_25.103 ;
    %jmp T_25.23;
T_25.23 ;
    %pop/vec4 1;
T_25.1 ;
    %jmp T_25;
    .thread T_25;
    .scope S_000001c6786a6000;
T_26 ;
    %pushi/vec4 0, 0, 1;
    %store/vec4 v000001c678815fe0_0, 0, 1;
    %pushi/vec4 0, 0, 1;
    %store/vec4 v000001c678815c20_0, 0, 1;
    %pushi/vec4 4294967295, 0, 32;
    %store/vec4 v000001c678815220_0, 0, 32;
    %vpi_func 5 76 "$value$plusargs" 32, "TEST=%d", v000001c678815220_0 {0 0 0};
    %cmpi/ne 0, 0, 32;
    %jmp/0xz  T_26.0, 4;
    %load/vec4 v000001c678815220_0;
    %cmpi/e 15, 0, 32;
    %jmp/0xz  T_26.2, 4;
    %pushi/vec4 1, 0, 1;
    %store/vec4 v000001c678815fe0_0, 0, 1;
T_26.2 ;
    %load/vec4 v000001c678815220_0;
    %cmpi/e 16, 0, 32;
    %jmp/0xz  T_26.4, 4;
    %pushi/vec4 1, 0, 1;
    %store/vec4 v000001c678815c20_0, 0, 1;
T_26.4 ;
T_26.0 ;
    %vpi_func 5 81 "$value$plusargs" 32, "I_ERR_ONCE=%d", v000001c678815fe0_0 {0 0 0};
    %cmpi/ne 0, 0, 32;
    %jmp/0xz  T_26.6, 4;
T_26.6 ;
    %vpi_func 5 82 "$value$plusargs" 32, "D_ERR_ONCE=%d", v000001c678815c20_0 {0 0 0};
    %cmpi/ne 0, 0, 32;
    %jmp/0xz  T_26.8, 4;
T_26.8 ;
    %end;
    .thread T_26;
    .scope S_000001c6786a6000;
T_27 ;
    %wait E_000001c678822410;
    %load/vec4 v000001c678815ae0_0;
    %flag_set/vec4 8;
    %jmp/0xz  T_27.0, 8;
    %pushi/vec4 0, 0, 1;
    %assign/vec4 v000001c678813ce0_0, 0;
    %pushi/vec4 0, 0, 1;
    %assign/vec4 v000001c6788148c0_0, 0;
    %jmp T_27.1;
T_27.0 ;
    %load/vec4 v000001c678815360_0;
    %flag_set/vec4 8;
    %jmp/0xz  T_27.2, 8;
    %pushi/vec4 1, 0, 1;
    %assign/vec4 v000001c678813ce0_0, 0;
    %load/vec4 v000001c678815d60_0;
    %assign/vec4 v000001c6788148c0_0, 0;
T_27.2 ;
    %load/vec4 v000001c678813ce0_0;
    %flag_set/vec4 8;
    %jmp/0xz  T_27.4, 8;
    %load/vec4 v000001c678814d20_0;
    %flag_set/vec4 8;
    %jmp/0xz  T_27.6, 8;
    %load/vec4 v000001c6788148c0_0;
    %flag_set/vec4 9;
    %flag_get/vec4 9;
    %jmp/0 T_27.10, 9;
    %load/vec4 v000001c678815c20_0;
    %and;
T_27.10;
    %flag_set/vec4 8;
    %jmp/0xz  T_27.8, 8;
    %pushi/vec4 0, 0, 1;
    %assign/vec4 v000001c678815c20_0, 0;
T_27.8 ;
    %load/vec4 v000001c6788148c0_0;
    %nor/r;
    %flag_set/vec4 9;
    %flag_get/vec4 9;
    %jmp/0 T_27.13, 9;
    %load/vec4 v000001c678815fe0_0;
    %and;
T_27.13;
    %flag_set/vec4 8;
    %jmp/0xz  T_27.11, 8;
    %pushi/vec4 0, 0, 1;
    %assign/vec4 v000001c678815fe0_0, 0;
T_27.11 ;
T_27.6 ;
    %load/vec4 v000001c678814d20_0;
    %flag_set/vec4 9;
    %flag_get/vec4 9;
    %jmp/0 T_27.16, 9;
    %load/vec4 v000001c678814960_0;
    %and;
T_27.16;
    %flag_set/vec4 8;
    %jmp/0xz  T_27.14, 8;
    %pushi/vec4 0, 0, 1;
    %assign/vec4 v000001c678813ce0_0, 0;
T_27.14 ;
T_27.4 ;
T_27.1 ;
    %jmp T_27;
    .thread T_27;
    .scope S_000001c6788c6310;
T_28 ;
    %wait E_000001c678823250;
    %load/vec4 v000001c6788f2c70_0;
    %flag_set/vec4 8;
    %jmp/0xz  T_28.0, 8;
    %load/vec4 v000001c6788f2ef0_0;
    %store/vec4 v000001c6788f2a90_0, 0, 32;
    %callf/vec4 TD_icache_pipeline_tb.dut.u_pc.align4, S_000001c6788c64a0;
    %store/vec4 v000001c6788f23b0_0, 0, 32;
    %jmp T_28.1;
T_28.0 ;
    %load/vec4 v000001c6788f41b0_0;
    %flag_set/vec4 8;
    %jmp/0xz  T_28.2, 8;
    %load/vec4 v000001c6788f4110_0;
    %store/vec4 v000001c6788f23b0_0, 0, 32;
    %jmp T_28.3;
T_28.2 ;
    %load/vec4 v000001c6788f4110_0;
    %addi 4, 0, 32;
    %store/vec4 v000001c6788f23b0_0, 0, 32;
T_28.3 ;
T_28.1 ;
    %jmp T_28;
    .thread T_28, $push;
    .scope S_000001c6788c6310;
T_29 ;
    %wait E_000001c678823510;
    %load/vec4 v000001c6788f3c10_0;
    %nor/r;
    %flag_set/vec4 8;
    %jmp/0xz  T_29.0, 8;
    %pushi/vec4 2147483648, 0, 32;
    %assign/vec4 v000001c6788f4110_0, 0;
    %jmp T_29.1;
T_29.0 ;
    %load/vec4 v000001c6788f23b0_0;
    %assign/vec4 v000001c6788f4110_0, 0;
T_29.1 ;
    %jmp T_29;
    .thread T_29;
    .scope S_000001c6788c59b0;
T_30 ;
    %wait E_000001c678823510;
    %load/vec4 v000001c6788ceea0_0;
    %nor/r;
    %flag_set/vec4 8;
    %jmp/0xz  T_30.0, 8;
    %pushi/vec4 0, 0, 3;
    %assign/vec4 v000001c6788d0700_0, 0;
    %pushi/vec4 0, 0, 1;
    %assign/vec4 v000001c6788d0160_0, 0;
    %pushi/vec4 0, 0, 1;
    %assign/vec4 v000001c6788cf800_0, 0;
    %pushi/vec4 0, 0, 1;
    %assign/vec4 v000001c6788caa90_0, 0;
    %pushi/vec4 0, 0, 32;
    %assign/vec4 v000001c6788ca130_0, 0;
    %pushi/vec4 0, 0, 32;
    %assign/vec4 v000001c6788caef0_0, 0;
    %pushi/vec4 0, 0, 1;
    %assign/vec4 v000001c6788ca090_0, 0;
    %pushi/vec4 0, 0, 1;
    %assign/vec4 v000001c6788cfee0_0, 0;
    %pushi/vec4 0, 0, 32;
    %assign/vec4 v000001c6788caf90_0, 0;
    %pushi/vec4 0, 0, 2;
    %assign/vec4 v000001c6788cb210_0, 0;
    %pushi/vec4 0, 0, 3;
    %assign/vec4 v000001c6788cb5d0_0, 0;
    %pushi/vec4 0, 0, 8;
    %assign/vec4 v000001c6788cb3f0_0, 0;
    %pushi/vec4 0, 0, 1;
    %assign/vec4 v000001c6788cf300_0, 0;
    %pushi/vec4 0, 0, 1;
    %assign/vec4 v000001c6788c9a50_0, 0;
    %pushi/vec4 0, 0, 1;
    %assign/vec4 v000001c6788c9d70_0, 0;
    %pushi/vec4 0, 0, 1;
    %assign/vec4 v000001c6788cabd0_0, 0;
    %pushi/vec4 0, 0, 1;
    %assign/vec4 v000001c6788cae50_0, 0;
    %pushi/vec4 0, 0, 1;
    %assign/vec4 v000001c6788c9230_0, 0;
    %pushi/vec4 0, 0, 9;
    %assign/vec4 v000001c6788c9550_0, 0;
    %pushi/vec4 0, 0, 1;
    %assign/vec4 v000001c6788ca270_0, 0;
    %pushi/vec4 0, 0, 1;
    %assign/vec4 v000001c6788ca450_0, 0;
    %pushi/vec4 0, 0, 9;
    %assign/vec4 v000001c6788cb170_0, 0;
    %pushi/vec4 0, 0, 1;
    %assign/vec4 v000001c6788ca590_0, 0;
    %pushi/vec4 0, 0, 1;
    %assign/vec4 v000001c6788d0b60_0, 0;
    %pushi/vec4 0, 0, 32;
    %store/vec4 v000001c6788ca1d0_0, 0, 32;
T_30.2 ;
    %load/vec4 v000001c6788ca1d0_0;
    %pad/s 64;
    %cmpi/s 512, 0, 64;
    %jmp/0xz T_30.3, 5;
    %pushi/vec4 0, 0, 1;
    %ix/getv/s 3, v000001c6788ca1d0_0;
    %ix/load 4, 0, 0; Constant delay
    %assign/vec4/a/d v000001c6788d05c0, 0, 4;
    %pushi/vec4 0, 0, 1;
    %ix/getv/s 3, v000001c6788ca1d0_0;
    %ix/load 4, 0, 0; Constant delay
    %assign/vec4/a/d v000001c6788d0660, 0, 4;
    %pushi/vec4 0, 0, 1;
    %ix/getv/s 3, v000001c6788ca1d0_0;
    %ix/load 4, 0, 0; Constant delay
    %assign/vec4/a/d v000001c6788cf3a0, 0, 4;
    %load/vec4 v000001c6788ca1d0_0;
    %addi 1, 0, 32;
    %store/vec4 v000001c6788ca1d0_0, 0, 32;
    %jmp T_30.2;
T_30.3 ;
    %jmp T_30.1;
T_30.0 ;
    %pushi/vec4 0, 0, 1;
    %assign/vec4 v000001c6788c9a50_0, 0;
    %pushi/vec4 0, 0, 1;
    %assign/vec4 v000001c6788c9d70_0, 0;
    %load/vec4 v000001c6788cac70_0;
    %assign/vec4 v000001c6788cabd0_0, 0;
    %load/vec4 v000001c6788cac70_0;
    %flag_set/vec4 9;
    %flag_get/vec4 9;
    %jmp/0 T_30.6, 9;
    %load/vec4 v000001c6788cabd0_0;
    %nor/r;
    %and;
T_30.6;
    %flag_set/vec4 8;
    %jmp/0xz  T_30.4, 8;
    %load/vec4 v000001c6788cae50_0;
    %inv;
    %assign/vec4 v000001c6788cae50_0, 0;
T_30.4 ;
    %load/vec4 v000001c6788caa90_0;
    %flag_set/vec4 9;
    %flag_get/vec4 9;
    %jmp/0 T_30.9, 9;
    %load/vec4 v000001c6788cab30_0;
    %and;
T_30.9;
    %flag_set/vec4 8;
    %jmp/0xz  T_30.7, 8;
    %pushi/vec4 0, 0, 1;
    %assign/vec4 v000001c6788caa90_0, 0;
T_30.7 ;
    %load/vec4 v000001c6788ca3b0_0;
    %flag_set/vec4 8;
    %jmp/0xz  T_30.10, 8;
    %pushi/vec4 1, 0, 1;
    %assign/vec4 v000001c6788c9230_0, 0;
T_30.10 ;
    %load/vec4 v000001c6788c9eb0_0;
    %flag_set/vec4 8;
    %jmp/0xz  T_30.12, 8;
    %pushi/vec4 1, 0, 1;
    %assign/vec4 v000001c6788ca270_0, 0;
    %load/vec4 v000001c6788ca6d0_0;
    %assign/vec4 v000001c6788ca450_0, 0;
    %load/vec4 v000001c6788c9e10_0;
    %assign/vec4 v000001c6788cb170_0, 0;
    %load/vec4 v000001c6788c9f50_0;
    %assign/vec4 v000001c6788ca590_0, 0;
T_30.12 ;
    %load/vec4 v000001c6788d0700_0;
    %pushi/vec4 1, 0, 3;
    %cmp/e;
    %flag_get/vec4 4;
    %nor/r;
    %flag_set/vec4 8;
    %jmp/0xz  T_30.14, 8;
    %load/vec4 v000001c6788cfee0_0;
    %flag_set/vec4 9;
    %flag_get/vec4 9;
    %jmp/0 T_30.18, 9;
    %load/vec4 v000001c6788cb530_0;
    %and;
T_30.18;
    %flag_set/vec4 8;
    %jmp/0xz  T_30.16, 8;
    %pushi/vec4 0, 0, 1;
    %assign/vec4 v000001c6788cfee0_0, 0;
T_30.16 ;
T_30.14 ;
    %load/vec4 v000001c6788d0700_0;
    %dup/vec4;
    %pushi/vec4 0, 0, 3;
    %cmp/u;
    %jmp/1 T_30.19, 6;
    %dup/vec4;
    %pushi/vec4 1, 0, 3;
    %cmp/u;
    %jmp/1 T_30.20, 6;
    %dup/vec4;
    %pushi/vec4 2, 0, 3;
    %cmp/u;
    %jmp/1 T_30.21, 6;
    %dup/vec4;
    %pushi/vec4 3, 0, 3;
    %cmp/u;
    %jmp/1 T_30.22, 6;
    %dup/vec4;
    %pushi/vec4 4, 0, 3;
    %cmp/u;
    %jmp/1 T_30.23, 6;
    %dup/vec4;
    %pushi/vec4 5, 0, 3;
    %cmp/u;
    %jmp/1 T_30.24, 6;
    %dup/vec4;
    %pushi/vec4 6, 0, 3;
    %cmp/u;
    %jmp/1 T_30.25, 6;
    %pushi/vec4 0, 0, 3;
    %assign/vec4 v000001c6788d0700_0, 0;
    %jmp T_30.27;
T_30.19 ;
    %pushi/vec4 0, 0, 1;
    %assign/vec4 v000001c6788cf300_0, 0;
    %load/vec4 v000001c6788c9230_0;
    %flag_set/vec4 8;
    %jmp/0xz  T_30.28, 8;
    %pushi/vec4 0, 0, 1;
    %assign/vec4 v000001c6788c9230_0, 0;
    %pushi/vec4 0, 0, 9;
    %assign/vec4 v000001c6788c9550_0, 0;
    %pushi/vec4 6, 0, 3;
    %assign/vec4 v000001c6788d0700_0, 0;
    %jmp T_30.29;
T_30.28 ;
    %load/vec4 v000001c6788ca270_0;
    %flag_set/vec4 8;
    %jmp/0xz  T_30.30, 8;
    %pushi/vec4 0, 0, 1;
    %assign/vec4 v000001c6788ca270_0, 0;
    %load/vec4 v000001c6788ca450_0;
    %flag_set/vec4 8;
    %jmp/0xz  T_30.32, 8;
    %pushi/vec4 0, 0, 9;
    %assign/vec4 v000001c6788c9550_0, 0;
    %pushi/vec4 6, 0, 3;
    %assign/vec4 v000001c6788d0700_0, 0;
    %jmp T_30.33;
T_30.32 ;
    %load/vec4 v000001c6788ca590_0;
    %cmpi/e 0, 0, 1;
    %jmp/0xz  T_30.34, 4;
    %pushi/vec4 0, 0, 1;
    %load/vec4 v000001c6788cb170_0;
    %pad/u 11;
    %ix/vec4 3;
    %ix/load 4, 0, 0; Constant delay
    %assign/vec4/a/d v000001c6788d05c0, 0, 4;
    %jmp T_30.35;
T_30.34 ;
    %pushi/vec4 0, 0, 1;
    %load/vec4 v000001c6788cb170_0;
    %pad/u 11;
    %ix/vec4 3;
    %ix/load 4, 0, 0; Constant delay
    %assign/vec4/a/d v000001c6788d0660, 0, 4;
T_30.35 ;
    %pushi/vec4 1, 0, 1;
    %assign/vec4 v000001c6788c9d70_0, 0;
    %pushi/vec4 0, 0, 3;
    %assign/vec4 v000001c6788d0700_0, 0;
T_30.33 ;
    %jmp T_30.31;
T_30.30 ;
    %load/vec4 v000001c6788c9c30_0;
    %assign/vec4 v000001c6788d0160_0, 0;
    %load/vec4 v000001c6788c9c30_0;
    %flag_set/vec4 8;
    %jmp/0xz  T_30.36, 8;
    %load/vec4 v000001c6788c9ff0_0;
    %assign/vec4 v000001c6788cfd00_0, 0;
    %load/vec4 v000001c6788ca810_0;
    %assign/vec4 v000001c6788cf120_0, 0;
    %load/vec4 v000001c6788cae50_0;
    %assign/vec4 v000001c6788d07a0_0, 0;
    %jmp T_30.37;
T_30.36 ;
    %load/vec4 v000001c6788cfd00_0;
    %assign/vec4 v000001c6788cfd00_0, 0;
    %load/vec4 v000001c6788cf120_0;
    %assign/vec4 v000001c6788cf120_0, 0;
    %load/vec4 v000001c6788d07a0_0;
    %assign/vec4 v000001c6788d07a0_0, 0;
T_30.37 ;
    %load/vec4 v000001c6788d0160_0;
    %assign/vec4 v000001c6788cf800_0, 0;
    %load/vec4 v000001c6788d0160_0;
    %flag_set/vec4 8;
    %jmp/0xz  T_30.38, 8;
    %load/vec4 v000001c6788cfd00_0;
    %assign/vec4 v000001c6788d02a0_0, 0;
    %load/vec4 v000001c6788cf120_0;
    %assign/vec4 v000001c6788ce720_0, 0;
    %load/vec4 v000001c6788d07a0_0;
    %assign/vec4 v000001c6788d0340_0, 0;
    %load/vec4 v000001c6788cfb20_0;
    %pad/u 11;
    %ix/vec4 4;
    %load/vec4a v000001c6788d08e0, 4;
    %assign/vec4 v000001c6788d03e0_0, 0;
    %load/vec4 v000001c6788cfb20_0;
    %pad/u 11;
    %ix/vec4 4;
    %load/vec4a v000001c6788cef40, 4;
    %assign/vec4 v000001c6788cf760_0, 0;
    %load/vec4 v000001c6788cfb20_0;
    %pad/u 11;
    %ix/vec4 4;
    %load/vec4a v000001c6788d05c0, 4;
    %assign/vec4 v000001c6788d0480_0, 0;
    %load/vec4 v000001c6788cfb20_0;
    %pad/u 11;
    %ix/vec4 4;
    %load/vec4a v000001c6788d0660, 4;
    %assign/vec4 v000001c6788d0520_0, 0;
    %load/vec4 v000001c6788cfb20_0;
    %pad/u 11;
    %ix/vec4 4;
    %load/vec4a v000001c6788cad10, 4;
    %assign/vec4 v000001c6788cf6c0_0, 0;
    %load/vec4 v000001c6788cfb20_0;
    %pad/u 11;
    %ix/vec4 4;
    %load/vec4a v000001c6788c94b0, 4;
    %assign/vec4 v000001c6788d0200_0, 0;
T_30.38 ;
    %load/vec4 v000001c6788cf800_0;
    %flag_set/vec4 8;
    %jmp/0xz  T_30.40, 8;
    %load/vec4 v000001c6788ce720_0;
    %flag_set/vec4 8;
    %jmp/0xz  T_30.42, 8;
    %load/vec4 v000001c6788d02a0_0;
    %assign/vec4 v000001c6788cefe0_0, 0;
    %pushi/vec4 1, 0, 1;
    %assign/vec4 v000001c6788ce7c0_0, 0;
    %load/vec4 v000001c6788d0340_0;
    %assign/vec4 v000001c6788cf4e0_0, 0;
    %load/vec4 v000001c6788d02a0_0;
    %assign/vec4 v000001c6788d00c0_0, 0;
    %pushi/vec4 0, 0, 1;
    %assign/vec4 v000001c6788d0b60_0, 0;
    %pushi/vec4 1, 0, 3;
    %assign/vec4 v000001c6788d0700_0, 0;
    %jmp T_30.43;
T_30.42 ;
    %load/vec4 v000001c6788ca630_0;
    %flag_set/vec4 8;
    %jmp/0xz  T_30.44, 8;
    %load/vec4 v000001c6788ca4f0_0;
    %nor/r;
    %flag_set/vec4 8;
    %jmp/0xz  T_30.46, 8;
    %pushi/vec4 1, 0, 1;
    %assign/vec4 v000001c6788caa90_0, 0;
    %load/vec4 v000001c6788d02a0_0;
    %assign/vec4 v000001c6788caef0_0, 0;
    %pushi/vec4 0, 0, 1;
    %assign/vec4 v000001c6788ca090_0, 0;
    %load/vec4 v000001c6788cb350_0;
    %flag_set/vec4 8;
    %jmp/0xz  T_30.48, 8;
    %load/vec4 v000001c6788cf6c0_0;
    %load/vec4 v000001c6788cf8a0_0;
    %store/vec4 v000001c6788ca310_0, 0, 4;
    %store/vec4 v000001c6788c99b0_0, 0, 512;
    %callf/vec4 TD_icache_pipeline_tb.dut.u_icache.u_icache.pick_word32, S_000001c6788c4ba0;
    %assign/vec4 v000001c6788ca130_0, 0;
    %pushi/vec4 1, 0, 1;
    %load/vec4 v000001c6788cf620_0;
    %pad/u 11;
    %ix/vec4 3;
    %ix/load 4, 0, 0; Constant delay
    %assign/vec4/a/d v000001c6788cf3a0, 0, 4;
    %jmp T_30.49;
T_30.48 ;
    %load/vec4 v000001c6788d0200_0;
    %load/vec4 v000001c6788cf8a0_0;
    %store/vec4 v000001c6788ca310_0, 0, 4;
    %store/vec4 v000001c6788c99b0_0, 0, 512;
    %callf/vec4 TD_icache_pipeline_tb.dut.u_icache.u_icache.pick_word32, S_000001c6788c4ba0;
    %assign/vec4 v000001c6788ca130_0, 0;
    %pushi/vec4 0, 0, 1;
    %load/vec4 v000001c6788cf620_0;
    %pad/u 11;
    %ix/vec4 3;
    %ix/load 4, 0, 0; Constant delay
    %assign/vec4/a/d v000001c6788cf3a0, 0, 4;
T_30.49 ;
T_30.46 ;
    %jmp T_30.45;
T_30.44 ;
    %load/vec4 v000001c6788d02a0_0;
    %assign/vec4 v000001c6788cefe0_0, 0;
    %pushi/vec4 0, 0, 1;
    %assign/vec4 v000001c6788ce7c0_0, 0;
    %load/vec4 v000001c6788d0340_0;
    %assign/vec4 v000001c6788cf4e0_0, 0;
    %load/vec4 v000001c6788cf620_0;
    %assign/vec4 v000001c6788cfc60_0, 0;
    %load/vec4 v000001c6788cf580_0;
    %assign/vec4 v000001c6788d0840_0, 0;
    %load/vec4 v000001c6788d02a0_0;
    %parti/s 26, 6, 4;
    %concati/vec4 0, 0, 6;
    %assign/vec4 v000001c6788d00c0_0, 0;
    %pushi/vec4 0, 0, 1;
    %assign/vec4 v000001c6788d0b60_0, 0;
    %load/vec4 v000001c6788d0480_0;
    %nor/r;
    %flag_set/vec4 8;
    %jmp/0xz  T_30.50, 8;
    %pushi/vec4 0, 0, 1;
    %assign/vec4 v000001c6788cf260_0, 0;
    %jmp T_30.51;
T_30.50 ;
    %load/vec4 v000001c6788d0520_0;
    %nor/r;
    %flag_set/vec4 8;
    %jmp/0xz  T_30.52, 8;
    %pushi/vec4 1, 0, 1;
    %assign/vec4 v000001c6788cf260_0, 0;
    %jmp T_30.53;
T_30.52 ;
    %load/vec4 v000001c6788cf620_0;
    %pad/u 11;
    %ix/vec4 4;
    %load/vec4a v000001c6788cf3a0, 4;
    %assign/vec4 v000001c6788cf260_0, 0;
T_30.53 ;
T_30.51 ;
    %pushi/vec4 1, 0, 3;
    %assign/vec4 v000001c6788d0700_0, 0;
T_30.45 ;
T_30.43 ;
T_30.40 ;
T_30.31 ;
T_30.29 ;
    %jmp T_30.27;
T_30.20 ;
    %pushi/vec4 1, 0, 1;
    %assign/vec4 v000001c6788cfee0_0, 0;
    %load/vec4 v000001c6788ce7c0_0;
    %flag_set/vec4 8;
    %jmp/0xz  T_30.54, 8;
    %pushi/vec4 1, 0, 2;
    %assign/vec4 v000001c6788cb210_0, 0;
    %load/vec4 v000001c6788d00c0_0;
    %assign/vec4 v000001c6788caf90_0, 0;
    %pushi/vec4 2, 0, 3;
    %assign/vec4 v000001c6788cb5d0_0, 0;
    %pushi/vec4 0, 0, 8;
    %assign/vec4 v000001c6788cb3f0_0, 0;
    %jmp T_30.55;
T_30.54 ;
    %pushi/vec4 0, 0, 2;
    %assign/vec4 v000001c6788cb210_0, 0;
    %load/vec4 v000001c6788d00c0_0;
    %assign/vec4 v000001c6788caf90_0, 0;
    %pushi/vec4 3, 0, 3;
    %assign/vec4 v000001c6788cb5d0_0, 0;
    %pushi/vec4 7, 0, 8;
    %assign/vec4 v000001c6788cb3f0_0, 0;
T_30.55 ;
    %pushi/vec4 0, 0, 1;
    %assign/vec4 v000001c6788cf300_0, 0;
    %load/vec4 v000001c6788cfee0_0;
    %flag_set/vec4 9;
    %flag_get/vec4 9;
    %jmp/0 T_30.58, 9;
    %load/vec4 v000001c6788cb530_0;
    %and;
T_30.58;
    %flag_set/vec4 8;
    %jmp/0xz  T_30.56, 8;
    %pushi/vec4 0, 0, 1;
    %assign/vec4 v000001c6788cfee0_0, 0;
    %pushi/vec4 1, 0, 1;
    %assign/vec4 v000001c6788cf300_0, 0;
    %pushi/vec4 0, 0, 512;
    %assign/vec4 v000001c6788cf9e0_0, 0;
    %pushi/vec4 0, 0, 4;
    %assign/vec4 v000001c6788d0ac0_0, 0;
    %pushi/vec4 0, 0, 1;
    %assign/vec4 v000001c6788d0b60_0, 0;
    %pushi/vec4 2, 0, 3;
    %assign/vec4 v000001c6788d0700_0, 0;
T_30.56 ;
    %jmp T_30.27;
T_30.21 ;
    %pushi/vec4 1, 0, 1;
    %assign/vec4 v000001c6788cf300_0, 0;
    %load/vec4 v000001c6788cee00_0;
    %flag_set/vec4 9;
    %flag_get/vec4 9;
    %jmp/0 T_30.61, 9;
    %load/vec4 v000001c6788cf300_0;
    %and;
T_30.61;
    %flag_set/vec4 8;
    %jmp/0xz  T_30.59, 8;
    %load/vec4 v000001c6788cf1c0_0;
    %flag_set/vec4 8;
    %jmp/0xz  T_30.62, 8;
    %pushi/vec4 1, 0, 1;
    %assign/vec4 v000001c6788d0b60_0, 0;
T_30.62 ;
    %load/vec4 v000001c6788ce7c0_0;
    %flag_set/vec4 8;
    %jmp/0xz  T_30.64, 8;
    %load/vec4 v000001c6788cf4e0_0;
    %load/vec4 v000001c6788cae50_0;
    %cmp/ne;
    %flag_get/vec4 4;
    %nor/r;
    %flag_set/vec4 8;
    %jmp/0xz  T_30.66, 8;
    %pushi/vec4 1, 0, 1;
    %assign/vec4 v000001c6788caa90_0, 0;
    %load/vec4 v000001c6788cefe0_0;
    %assign/vec4 v000001c6788caef0_0, 0;
    %load/vec4 v000001c6788cf440_0;
    %parti/s 32, 0, 2;
    %assign/vec4 v000001c6788ca130_0, 0;
    %load/vec4 v000001c6788cf1c0_0;
    %assign/vec4 v000001c6788ca090_0, 0;
T_30.66 ;
    %pushi/vec4 0, 0, 1;
    %assign/vec4 v000001c6788cf300_0, 0;
    %pushi/vec4 0, 0, 3;
    %assign/vec4 v000001c6788d0700_0, 0;
    %jmp T_30.65;
T_30.64 ;
    %load/vec4 v000001c6788d0ac0_0;
    %dup/vec4;
    %pushi/vec4 0, 0, 4;
    %cmp/u;
    %jmp/1 T_30.68, 6;
    %dup/vec4;
    %pushi/vec4 1, 0, 4;
    %cmp/u;
    %jmp/1 T_30.69, 6;
    %dup/vec4;
    %pushi/vec4 2, 0, 4;
    %cmp/u;
    %jmp/1 T_30.70, 6;
    %dup/vec4;
    %pushi/vec4 3, 0, 4;
    %cmp/u;
    %jmp/1 T_30.71, 6;
    %dup/vec4;
    %pushi/vec4 4, 0, 4;
    %cmp/u;
    %jmp/1 T_30.72, 6;
    %dup/vec4;
    %pushi/vec4 5, 0, 4;
    %cmp/u;
    %jmp/1 T_30.73, 6;
    %dup/vec4;
    %pushi/vec4 6, 0, 4;
    %cmp/u;
    %jmp/1 T_30.74, 6;
    %dup/vec4;
    %pushi/vec4 7, 0, 4;
    %cmp/u;
    %jmp/1 T_30.75, 6;
    %load/vec4 v000001c6788cf9e0_0;
    %assign/vec4 v000001c6788cf9e0_0, 0;
    %jmp T_30.77;
T_30.68 ;
    %load/vec4 v000001c6788cf440_0;
    %ix/load 4, 0, 0;
    %ix/load 5, 0, 0;
    %flag_set/imm 4, 0;
    %assign/vec4/off/d v000001c6788cf9e0_0, 4, 5;
    %jmp T_30.77;
T_30.69 ;
    %load/vec4 v000001c6788cf440_0;
    %ix/load 4, 64, 0;
    %ix/load 5, 0, 0;
    %flag_set/imm 4, 0;
    %assign/vec4/off/d v000001c6788cf9e0_0, 4, 5;
    %jmp T_30.77;
T_30.70 ;
    %load/vec4 v000001c6788cf440_0;
    %ix/load 4, 128, 0;
    %ix/load 5, 0, 0;
    %flag_set/imm 4, 0;
    %assign/vec4/off/d v000001c6788cf9e0_0, 4, 5;
    %jmp T_30.77;
T_30.71 ;
    %load/vec4 v000001c6788cf440_0;
    %ix/load 4, 192, 0;
    %ix/load 5, 0, 0;
    %flag_set/imm 4, 0;
    %assign/vec4/off/d v000001c6788cf9e0_0, 4, 5;
    %jmp T_30.77;
T_30.72 ;
    %load/vec4 v000001c6788cf440_0;
    %ix/load 4, 256, 0;
    %ix/load 5, 0, 0;
    %flag_set/imm 4, 0;
    %assign/vec4/off/d v000001c6788cf9e0_0, 4, 5;
    %jmp T_30.77;
T_30.73 ;
    %load/vec4 v000001c6788cf440_0;
    %ix/load 4, 320, 0;
    %ix/load 5, 0, 0;
    %flag_set/imm 4, 0;
    %assign/vec4/off/d v000001c6788cf9e0_0, 4, 5;
    %jmp T_30.77;
T_30.74 ;
    %load/vec4 v000001c6788cf440_0;
    %ix/load 4, 384, 0;
    %ix/load 5, 0, 0;
    %flag_set/imm 4, 0;
    %assign/vec4/off/d v000001c6788cf9e0_0, 4, 5;
    %jmp T_30.77;
T_30.75 ;
    %load/vec4 v000001c6788cf440_0;
    %ix/load 4, 448, 0;
    %ix/load 5, 0, 0;
    %flag_set/imm 4, 0;
    %assign/vec4/off/d v000001c6788cf9e0_0, 4, 5;
    %jmp T_30.77;
T_30.77 ;
    %pop/vec4 1;
    %load/vec4 v000001c6788cf080_0;
    %flag_set/vec4 8;
    %jmp/0xz  T_30.78, 8;
    %pushi/vec4 0, 0, 1;
    %assign/vec4 v000001c6788cf300_0, 0;
    %pushi/vec4 3, 0, 3;
    %assign/vec4 v000001c6788d0700_0, 0;
    %jmp T_30.79;
T_30.78 ;
    %load/vec4 v000001c6788d0ac0_0;
    %addi 1, 0, 4;
    %assign/vec4 v000001c6788d0ac0_0, 0;
T_30.79 ;
T_30.65 ;
T_30.59 ;
    %jmp T_30.27;
T_30.22 ;
    %load/vec4 v000001c6788cf260_0;
    %cmpi/e 0, 0, 1;
    %jmp/0xz  T_30.80, 4;
    %load/vec4 v000001c6788cf9e0_0;
    %load/vec4 v000001c6788cfc60_0;
    %pad/u 11;
    %ix/vec4 3;
    %ix/load 4, 0, 0; Constant delay
    %assign/vec4/a/d v000001c6788cad10, 0, 4;
    %load/vec4 v000001c6788d0840_0;
    %load/vec4 v000001c6788cfc60_0;
    %pad/u 11;
    %ix/vec4 3;
    %ix/load 4, 0, 0; Constant delay
    %assign/vec4/a/d v000001c6788d08e0, 0, 4;
    %pushi/vec4 1, 0, 1;
    %load/vec4 v000001c6788cfc60_0;
    %pad/u 11;
    %ix/vec4 3;
    %ix/load 4, 0, 0; Constant delay
    %assign/vec4/a/d v000001c6788d05c0, 0, 4;
    %pushi/vec4 1, 0, 1;
    %load/vec4 v000001c6788cfc60_0;
    %pad/u 11;
    %ix/vec4 3;
    %ix/load 4, 0, 0; Constant delay
    %assign/vec4/a/d v000001c6788cf3a0, 0, 4;
    %jmp T_30.81;
T_30.80 ;
    %load/vec4 v000001c6788cf9e0_0;
    %load/vec4 v000001c6788cfc60_0;
    %pad/u 11;
    %ix/vec4 3;
    %ix/load 4, 0, 0; Constant delay
    %assign/vec4/a/d v000001c6788c94b0, 0, 4;
    %load/vec4 v000001c6788d0840_0;
    %load/vec4 v000001c6788cfc60_0;
    %pad/u 11;
    %ix/vec4 3;
    %ix/load 4, 0, 0; Constant delay
    %assign/vec4/a/d v000001c6788cef40, 0, 4;
    %pushi/vec4 1, 0, 1;
    %load/vec4 v000001c6788cfc60_0;
    %pad/u 11;
    %ix/vec4 3;
    %ix/load 4, 0, 0; Constant delay
    %assign/vec4/a/d v000001c6788d0660, 0, 4;
    %pushi/vec4 0, 0, 1;
    %load/vec4 v000001c6788cfc60_0;
    %pad/u 11;
    %ix/vec4 3;
    %ix/load 4, 0, 0; Constant delay
    %assign/vec4/a/d v000001c6788cf3a0, 0, 4;
T_30.81 ;
    %pushi/vec4 4, 0, 3;
    %assign/vec4 v000001c6788d0700_0, 0;
    %jmp T_30.27;
T_30.23 ;
    %pushi/vec4 1, 0, 1;
    %assign/vec4 v000001c6788cf800_0, 0;
    %load/vec4 v000001c6788cefe0_0;
    %assign/vec4 v000001c6788d02a0_0, 0;
    %pushi/vec4 0, 0, 1;
    %assign/vec4 v000001c6788ce720_0, 0;
    %load/vec4 v000001c6788cf4e0_0;
    %assign/vec4 v000001c6788d0340_0, 0;
    %load/vec4 v000001c6788cefe0_0;
    %parti/s 9, 6, 4;
    %pad/u 11;
    %ix/vec4 4;
    %load/vec4a v000001c6788d08e0, 4;
    %assign/vec4 v000001c6788d03e0_0, 0;
    %load/vec4 v000001c6788cefe0_0;
    %parti/s 9, 6, 4;
    %pad/u 11;
    %ix/vec4 4;
    %load/vec4a v000001c6788cef40, 4;
    %assign/vec4 v000001c6788cf760_0, 0;
    %load/vec4 v000001c6788cefe0_0;
    %parti/s 9, 6, 4;
    %pad/u 11;
    %ix/vec4 4;
    %load/vec4a v000001c6788d05c0, 4;
    %assign/vec4 v000001c6788d0480_0, 0;
    %load/vec4 v000001c6788cefe0_0;
    %parti/s 9, 6, 4;
    %pad/u 11;
    %ix/vec4 4;
    %load/vec4a v000001c6788d0660, 4;
    %assign/vec4 v000001c6788d0520_0, 0;
    %load/vec4 v000001c6788cefe0_0;
    %parti/s 9, 6, 4;
    %pad/u 11;
    %ix/vec4 4;
    %load/vec4a v000001c6788cad10, 4;
    %assign/vec4 v000001c6788cf6c0_0, 0;
    %load/vec4 v000001c6788cefe0_0;
    %parti/s 9, 6, 4;
    %pad/u 11;
    %ix/vec4 4;
    %load/vec4a v000001c6788c94b0, 4;
    %assign/vec4 v000001c6788d0200_0, 0;
    %pushi/vec4 5, 0, 3;
    %assign/vec4 v000001c6788d0700_0, 0;
    %jmp T_30.27;
T_30.24 ;
    %load/vec4 v000001c6788ca630_0;
    %flag_set/vec4 8;
    %jmp/0xz  T_30.82, 8;
    %load/vec4 v000001c6788d0340_0;
    %load/vec4 v000001c6788cae50_0;
    %cmp/ne;
    %flag_get/vec4 4;
    %nor/r;
    %flag_set/vec4 8;
    %jmp/0xz  T_30.84, 8;
    %pushi/vec4 1, 0, 1;
    %assign/vec4 v000001c6788caa90_0, 0;
    %load/vec4 v000001c6788d02a0_0;
    %assign/vec4 v000001c6788caef0_0, 0;
    %load/vec4 v000001c6788d0b60_0;
    %assign/vec4 v000001c6788ca090_0, 0;
    %load/vec4 v000001c6788cb350_0;
    %flag_set/vec4 8;
    %jmp/0xz  T_30.86, 8;
    %load/vec4 v000001c6788cf6c0_0;
    %load/vec4 v000001c6788cf8a0_0;
    %store/vec4 v000001c6788ca310_0, 0, 4;
    %store/vec4 v000001c6788c99b0_0, 0, 512;
    %callf/vec4 TD_icache_pipeline_tb.dut.u_icache.u_icache.pick_word32, S_000001c6788c4ba0;
    %assign/vec4 v000001c6788ca130_0, 0;
    %pushi/vec4 1, 0, 1;
    %load/vec4 v000001c6788cf620_0;
    %pad/u 11;
    %ix/vec4 3;
    %ix/load 4, 0, 0; Constant delay
    %assign/vec4/a/d v000001c6788cf3a0, 0, 4;
    %jmp T_30.87;
T_30.86 ;
    %load/vec4 v000001c6788d0200_0;
    %load/vec4 v000001c6788cf8a0_0;
    %store/vec4 v000001c6788ca310_0, 0, 4;
    %store/vec4 v000001c6788c99b0_0, 0, 512;
    %callf/vec4 TD_icache_pipeline_tb.dut.u_icache.u_icache.pick_word32, S_000001c6788c4ba0;
    %assign/vec4 v000001c6788ca130_0, 0;
    %pushi/vec4 0, 0, 1;
    %load/vec4 v000001c6788cf620_0;
    %pad/u 11;
    %ix/vec4 3;
    %ix/load 4, 0, 0; Constant delay
    %assign/vec4/a/d v000001c6788cf3a0, 0, 4;
T_30.87 ;
T_30.84 ;
    %jmp T_30.83;
T_30.82 ;
    %pushi/vec4 1, 0, 1;
    %assign/vec4 v000001c6788caa90_0, 0;
    %load/vec4 v000001c6788d02a0_0;
    %assign/vec4 v000001c6788caef0_0, 0;
    %pushi/vec4 19, 0, 32;
    %assign/vec4 v000001c6788ca130_0, 0;
    %pushi/vec4 1, 0, 1;
    %assign/vec4 v000001c6788ca090_0, 0;
T_30.83 ;
    %pushi/vec4 0, 0, 1;
    %assign/vec4 v000001c6788cf800_0, 0;
    %pushi/vec4 0, 0, 3;
    %assign/vec4 v000001c6788d0700_0, 0;
    %jmp T_30.27;
T_30.25 ;
    %pushi/vec4 0, 0, 1;
    %load/vec4 v000001c6788c9550_0;
    %pad/u 11;
    %ix/vec4 3;
    %ix/load 4, 0, 0; Constant delay
    %assign/vec4/a/d v000001c6788d05c0, 0, 4;
    %pushi/vec4 0, 0, 1;
    %load/vec4 v000001c6788c9550_0;
    %pad/u 11;
    %ix/vec4 3;
    %ix/load 4, 0, 0; Constant delay
    %assign/vec4/a/d v000001c6788d0660, 0, 4;
    %load/vec4 v000001c6788c9550_0;
    %pad/u 64;
    %cmpi/e 511, 0, 64;
    %jmp/0xz  T_30.88, 4;
    %pushi/vec4 1, 0, 1;
    %assign/vec4 v000001c6788c9a50_0, 0;
    %pushi/vec4 1, 0, 1;
    %assign/vec4 v000001c6788c9d70_0, 0;
    %pushi/vec4 0, 0, 3;
    %assign/vec4 v000001c6788d0700_0, 0;
    %jmp T_30.89;
T_30.88 ;
    %load/vec4 v000001c6788c9550_0;
    %addi 1, 0, 9;
    %assign/vec4 v000001c6788c9550_0, 0;
T_30.89 ;
    %jmp T_30.27;
T_30.27 ;
    %pop/vec4 1;
T_30.1 ;
    %jmp T_30;
    .thread T_30;
    .scope S_000001c6788c5cd0;
T_31 ;
    %wait E_000001c678823510;
    %load/vec4 v000001c6788ee490_0;
    %nor/r;
    %flag_set/vec4 8;
    %jmp/0xz  T_31.0, 8;
    %pushi/vec4 0, 0, 32;
    %assign/vec4 v000001c6788ed270_0, 0;
    %pushi/vec4 19, 0, 32;
    %assign/vec4 v000001c6788ee350_0, 0;
    %pushi/vec4 0, 0, 1;
    %assign/vec4 v000001c6788ed310_0, 0;
    %jmp T_31.1;
T_31.0 ;
    %load/vec4 v000001c6788ed130_0;
    %assign/vec4 v000001c6788ed270_0, 0;
    %load/vec4 v000001c6788eedf0_0;
    %assign/vec4 v000001c6788ee350_0, 0;
    %load/vec4 v000001c6788ed1d0_0;
    %assign/vec4 v000001c6788ed310_0, 0;
T_31.1 ;
    %jmp T_31;
    .thread T_31;
    .scope S_000001c6788c4880;
T_32 ;
    %wait E_000001c678823510;
    %load/vec4 v000001c6788d1ba0_0;
    %nor/r;
    %flag_set/vec4 8;
    %jmp/0xz  T_32.0, 8;
    %pushi/vec4 0, 0, 32;
    %store/vec4 v000001c6788d0f20_0, 0, 32;
T_32.2 ;
    %load/vec4 v000001c6788d0f20_0;
    %cmpi/s 32, 0, 32;
    %jmp/0xz T_32.3, 5;
    %pushi/vec4 0, 0, 32;
    %ix/getv/s 3, v000001c6788d0f20_0;
    %ix/load 4, 0, 0; Constant delay
    %assign/vec4/a/d v000001c6788d2780, 0, 4;
    %load/vec4 v000001c6788d0f20_0;
    %addi 1, 0, 32;
    %store/vec4 v000001c6788d0f20_0, 0, 32;
    %jmp T_32.2;
T_32.3 ;
    %jmp T_32.1;
T_32.0 ;
    %load/vec4 v000001c6788d1ce0_0;
    %flag_set/vec4 9;
    %flag_get/vec4 9;
    %jmp/0 T_32.6, 9;
    %load/vec4 v000001c6788d3360_0;
    %pushi/vec4 0, 0, 5;
    %cmp/ne;
    %flag_get/vec4 4;
    %and;
T_32.6;
    %flag_set/vec4 8;
    %jmp/0xz  T_32.4, 8;
    %load/vec4 v000001c6788d1060_0;
    %load/vec4 v000001c6788d3360_0;
    %pad/u 7;
    %ix/vec4 3;
    %ix/load 4, 0, 0; Constant delay
    %assign/vec4/a/d v000001c6788d2780, 0, 4;
T_32.4 ;
T_32.1 ;
    %jmp T_32;
    .thread T_32;
    .scope S_000001c6788c4d30;
T_33 ;
    %wait E_000001c6788231d0;
    %pushi/vec4 0, 0, 32;
    %store/vec4 v000001c6788d5840_0, 0, 32;
    %pushi/vec4 0, 0, 3;
    %store/vec4 v000001c6788d35e0_0, 0, 3;
    %pushi/vec4 0, 0, 1;
    %store/vec4 v000001c6788d3040_0, 0, 1;
    %pushi/vec4 0, 0, 1;
    %store/vec4 v000001c6788d3400_0, 0, 1;
    %pushi/vec4 0, 0, 1;
    %store/vec4 v000001c6788d4760_0, 0, 1;
    %pushi/vec4 0, 0, 1;
    %store/vec4 v000001c6788d53e0_0, 0, 1;
    %pushi/vec4 0, 0, 1;
    %store/vec4 v000001c6788d4a80_0, 0, 1;
    %pushi/vec4 0, 0, 1;
    %store/vec4 v000001c6788d3b80_0, 0, 1;
    %pushi/vec4 0, 0, 2;
    %store/vec4 v000001c6788d3900_0, 0, 2;
    %pushi/vec4 0, 0, 1;
    %store/vec4 v000001c6788d4da0_0, 0, 1;
    %pushi/vec4 0, 0, 1;
    %store/vec4 v000001c6788d57a0_0, 0, 1;
    %pushi/vec4 0, 0, 1;
    %store/vec4 v000001c6788d5340_0, 0, 1;
    %pushi/vec4 0, 0, 1;
    %store/vec4 v000001c6788d48a0_0, 0, 1;
    %pushi/vec4 0, 0, 1;
    %store/vec4 v000001c6788d5e80_0, 0, 1;
    %pushi/vec4 2, 0, 3;
    %store/vec4 v000001c6788d4580_0, 0, 3;
    %load/vec4 v000001c6788d4b20_0;
    %dup/vec4;
    %pushi/vec4 55, 0, 7;
    %cmp/u;
    %jmp/1 T_33.0, 6;
    %dup/vec4;
    %pushi/vec4 23, 0, 7;
    %cmp/u;
    %jmp/1 T_33.1, 6;
    %dup/vec4;
    %pushi/vec4 111, 0, 7;
    %cmp/u;
    %jmp/1 T_33.2, 6;
    %dup/vec4;
    %pushi/vec4 103, 0, 7;
    %cmp/u;
    %jmp/1 T_33.3, 6;
    %dup/vec4;
    %pushi/vec4 99, 0, 7;
    %cmp/u;
    %jmp/1 T_33.4, 6;
    %dup/vec4;
    %pushi/vec4 3, 0, 7;
    %cmp/u;
    %jmp/1 T_33.5, 6;
    %dup/vec4;
    %pushi/vec4 35, 0, 7;
    %cmp/u;
    %jmp/1 T_33.6, 6;
    %dup/vec4;
    %pushi/vec4 19, 0, 7;
    %cmp/u;
    %jmp/1 T_33.7, 6;
    %dup/vec4;
    %pushi/vec4 51, 0, 7;
    %cmp/u;
    %jmp/1 T_33.8, 6;
    %jmp T_33.10;
T_33.0 ;
    %load/vec4 v000001c6788d4ee0_0;
    %store/vec4 v000001c6788d5840_0, 0, 32;
    %pushi/vec4 0, 0, 3;
    %store/vec4 v000001c6788d35e0_0, 0, 3;
    %pushi/vec4 1, 0, 1;
    %store/vec4 v000001c6788d3040_0, 0, 1;
    %pushi/vec4 0, 0, 2;
    %store/vec4 v000001c6788d3900_0, 0, 2;
    %pushi/vec4 1, 0, 1;
    %store/vec4 v000001c6788d4da0_0, 0, 1;
    %pushi/vec4 1, 0, 1;
    %store/vec4 v000001c6788d5e80_0, 0, 1;
    %jmp T_33.10;
T_33.1 ;
    %load/vec4 v000001c6788d4ee0_0;
    %store/vec4 v000001c6788d5840_0, 0, 32;
    %pushi/vec4 0, 0, 3;
    %store/vec4 v000001c6788d35e0_0, 0, 3;
    %pushi/vec4 1, 0, 1;
    %store/vec4 v000001c6788d3040_0, 0, 1;
    %pushi/vec4 0, 0, 2;
    %store/vec4 v000001c6788d3900_0, 0, 2;
    %pushi/vec4 1, 0, 1;
    %store/vec4 v000001c6788d4da0_0, 0, 1;
    %pushi/vec4 1, 0, 1;
    %store/vec4 v000001c6788d48a0_0, 0, 1;
    %jmp T_33.10;
T_33.2 ;
    %load/vec4 v000001c6788d5200_0;
    %store/vec4 v000001c6788d5840_0, 0, 32;
    %pushi/vec4 1, 0, 1;
    %store/vec4 v000001c6788d4760_0, 0, 1;
    %pushi/vec4 2, 0, 2;
    %store/vec4 v000001c6788d3900_0, 0, 2;
    %pushi/vec4 1, 0, 1;
    %store/vec4 v000001c6788d4da0_0, 0, 1;
    %jmp T_33.10;
T_33.3 ;
    %load/vec4 v000001c6788d41c0_0;
    %store/vec4 v000001c6788d5840_0, 0, 32;
    %pushi/vec4 1, 0, 1;
    %store/vec4 v000001c6788d53e0_0, 0, 1;
    %pushi/vec4 2, 0, 2;
    %store/vec4 v000001c6788d3900_0, 0, 2;
    %pushi/vec4 1, 0, 1;
    %store/vec4 v000001c6788d4da0_0, 0, 1;
    %jmp T_33.10;
T_33.4 ;
    %load/vec4 v000001c6788d5980_0;
    %store/vec4 v000001c6788d5840_0, 0, 32;
    %pushi/vec4 1, 0, 1;
    %store/vec4 v000001c6788d3400_0, 0, 1;
    %jmp T_33.10;
T_33.5 ;
    %load/vec4 v000001c6788d41c0_0;
    %store/vec4 v000001c6788d5840_0, 0, 32;
    %pushi/vec4 0, 0, 3;
    %store/vec4 v000001c6788d35e0_0, 0, 3;
    %pushi/vec4 1, 0, 1;
    %store/vec4 v000001c6788d3040_0, 0, 1;
    %pushi/vec4 1, 0, 1;
    %store/vec4 v000001c6788d4a80_0, 0, 1;
    %pushi/vec4 1, 0, 2;
    %store/vec4 v000001c6788d3900_0, 0, 2;
    %pushi/vec4 1, 0, 1;
    %store/vec4 v000001c6788d4da0_0, 0, 1;
    %load/vec4 v000001c6788d3fe0_0;
    %store/vec4 v000001c6788d4580_0, 0, 3;
    %jmp T_33.10;
T_33.6 ;
    %load/vec4 v000001c6788d4800_0;
    %store/vec4 v000001c6788d5840_0, 0, 32;
    %pushi/vec4 0, 0, 3;
    %store/vec4 v000001c6788d35e0_0, 0, 3;
    %pushi/vec4 1, 0, 1;
    %store/vec4 v000001c6788d3040_0, 0, 1;
    %pushi/vec4 1, 0, 1;
    %store/vec4 v000001c6788d3b80_0, 0, 1;
    %load/vec4 v000001c6788d3fe0_0;
    %store/vec4 v000001c6788d4580_0, 0, 3;
    %jmp T_33.10;
T_33.7 ;
    %load/vec4 v000001c6788d41c0_0;
    %store/vec4 v000001c6788d5840_0, 0, 32;
    %pushi/vec4 1, 0, 1;
    %store/vec4 v000001c6788d3040_0, 0, 1;
    %pushi/vec4 1, 0, 1;
    %store/vec4 v000001c6788d4da0_0, 0, 1;
    %load/vec4 v000001c6788d3fe0_0;
    %dup/vec4;
    %pushi/vec4 0, 0, 3;
    %cmp/u;
    %jmp/1 T_33.11, 6;
    %dup/vec4;
    %pushi/vec4 2, 0, 3;
    %cmp/u;
    %jmp/1 T_33.12, 6;
    %dup/vec4;
    %pushi/vec4 3, 0, 3;
    %cmp/u;
    %jmp/1 T_33.13, 6;
    %dup/vec4;
    %pushi/vec4 4, 0, 3;
    %cmp/u;
    %jmp/1 T_33.14, 6;
    %dup/vec4;
    %pushi/vec4 6, 0, 3;
    %cmp/u;
    %jmp/1 T_33.15, 6;
    %dup/vec4;
    %pushi/vec4 7, 0, 3;
    %cmp/u;
    %jmp/1 T_33.16, 6;
    %dup/vec4;
    %pushi/vec4 1, 0, 3;
    %cmp/u;
    %jmp/1 T_33.17, 6;
    %dup/vec4;
    %pushi/vec4 5, 0, 3;
    %cmp/u;
    %jmp/1 T_33.18, 6;
    %jmp T_33.19;
T_33.11 ;
    %pushi/vec4 0, 0, 3;
    %store/vec4 v000001c6788d35e0_0, 0, 3;
    %jmp T_33.19;
T_33.12 ;
    %pushi/vec4 2, 0, 3;
    %store/vec4 v000001c6788d35e0_0, 0, 3;
    %jmp T_33.19;
T_33.13 ;
    %pushi/vec4 3, 0, 3;
    %store/vec4 v000001c6788d35e0_0, 0, 3;
    %jmp T_33.19;
T_33.14 ;
    %pushi/vec4 4, 0, 3;
    %store/vec4 v000001c6788d35e0_0, 0, 3;
    %jmp T_33.19;
T_33.15 ;
    %pushi/vec4 5, 0, 3;
    %store/vec4 v000001c6788d35e0_0, 0, 3;
    %jmp T_33.19;
T_33.16 ;
    %pushi/vec4 6, 0, 3;
    %store/vec4 v000001c6788d35e0_0, 0, 3;
    %jmp T_33.19;
T_33.17 ;
    %pushi/vec4 7, 0, 3;
    %store/vec4 v000001c6788d35e0_0, 0, 3;
    %pushi/vec4 0, 0, 1;
    %store/vec4 v000001c6788d57a0_0, 0, 1;
    %jmp T_33.19;
T_33.18 ;
    %pushi/vec4 7, 0, 3;
    %store/vec4 v000001c6788d35e0_0, 0, 3;
    %pushi/vec4 1, 0, 1;
    %store/vec4 v000001c6788d57a0_0, 0, 1;
    %load/vec4 v000001c6788d4260_0;
    %parti/s 1, 30, 6;
    %store/vec4 v000001c6788d5340_0, 0, 1;
    %jmp T_33.19;
T_33.19 ;
    %pop/vec4 1;
    %jmp T_33.10;
T_33.8 ;
    %pushi/vec4 1, 0, 1;
    %store/vec4 v000001c6788d4da0_0, 0, 1;
    %pushi/vec4 0, 0, 1;
    %store/vec4 v000001c6788d3040_0, 0, 1;
    %load/vec4 v000001c6788d3fe0_0;
    %dup/vec4;
    %pushi/vec4 0, 0, 3;
    %cmp/u;
    %jmp/1 T_33.20, 6;
    %dup/vec4;
    %pushi/vec4 1, 0, 3;
    %cmp/u;
    %jmp/1 T_33.21, 6;
    %dup/vec4;
    %pushi/vec4 5, 0, 3;
    %cmp/u;
    %jmp/1 T_33.22, 6;
    %dup/vec4;
    %pushi/vec4 2, 0, 3;
    %cmp/u;
    %jmp/1 T_33.23, 6;
    %dup/vec4;
    %pushi/vec4 3, 0, 3;
    %cmp/u;
    %jmp/1 T_33.24, 6;
    %dup/vec4;
    %pushi/vec4 4, 0, 3;
    %cmp/u;
    %jmp/1 T_33.25, 6;
    %dup/vec4;
    %pushi/vec4 6, 0, 3;
    %cmp/u;
    %jmp/1 T_33.26, 6;
    %dup/vec4;
    %pushi/vec4 7, 0, 3;
    %cmp/u;
    %jmp/1 T_33.27, 6;
    %jmp T_33.28;
T_33.20 ;
    %load/vec4 v000001c6788d3ea0_0;
    %parti/s 1, 5, 4;
    %flag_set/vec4 8;
    %jmp/0 T_33.29, 8;
    %pushi/vec4 1, 0, 3;
    %jmp/1 T_33.30, 8;
T_33.29 ; End of true expr.
    %pushi/vec4 0, 0, 3;
    %jmp/0 T_33.30, 8;
 ; End of false expr.
    %blend;
T_33.30;
    %store/vec4 v000001c6788d35e0_0, 0, 3;
    %jmp T_33.28;
T_33.21 ;
    %pushi/vec4 7, 0, 3;
    %store/vec4 v000001c6788d35e0_0, 0, 3;
    %pushi/vec4 0, 0, 1;
    %store/vec4 v000001c6788d57a0_0, 0, 1;
    %jmp T_33.28;
T_33.22 ;
    %pushi/vec4 7, 0, 3;
    %store/vec4 v000001c6788d35e0_0, 0, 3;
    %pushi/vec4 1, 0, 1;
    %store/vec4 v000001c6788d57a0_0, 0, 1;
    %load/vec4 v000001c6788d3ea0_0;
    %parti/s 1, 5, 4;
    %store/vec4 v000001c6788d5340_0, 0, 1;
    %jmp T_33.28;
T_33.23 ;
    %pushi/vec4 2, 0, 3;
    %store/vec4 v000001c6788d35e0_0, 0, 3;
    %jmp T_33.28;
T_33.24 ;
    %pushi/vec4 3, 0, 3;
    %store/vec4 v000001c6788d35e0_0, 0, 3;
    %jmp T_33.28;
T_33.25 ;
    %pushi/vec4 4, 0, 3;
    %store/vec4 v000001c6788d35e0_0, 0, 3;
    %jmp T_33.28;
T_33.26 ;
    %pushi/vec4 5, 0, 3;
    %store/vec4 v000001c6788d35e0_0, 0, 3;
    %jmp T_33.28;
T_33.27 ;
    %pushi/vec4 6, 0, 3;
    %store/vec4 v000001c6788d35e0_0, 0, 3;
    %jmp T_33.28;
T_33.28 ;
    %pop/vec4 1;
    %jmp T_33.10;
T_33.10 ;
    %pop/vec4 1;
    %jmp T_33;
    .thread T_33, $push;
    .scope S_000001c6788c5b40;
T_34 ;
    %wait E_000001c678823510;
    %load/vec4 v000001c6788ebe70_0;
    %nor/r;
    %flag_set/vec4 8;
    %jmp/0xz  T_34.0, 8;
    %pushi/vec4 0, 0, 32;
    %assign/vec4 v000001c6788eb0b0_0, 0;
    %pushi/vec4 0, 0, 32;
    %assign/vec4 v000001c6788ec550_0, 0;
    %pushi/vec4 0, 0, 32;
    %assign/vec4 v000001c6788eb510_0, 0;
    %pushi/vec4 0, 0, 32;
    %assign/vec4 v000001c6788ec410_0, 0;
    %pushi/vec4 0, 0, 5;
    %assign/vec4 v000001c6788eb470_0, 0;
    %pushi/vec4 0, 0, 5;
    %assign/vec4 v000001c6788eceb0_0, 0;
    %pushi/vec4 0, 0, 5;
    %assign/vec4 v000001c6788eaf70_0, 0;
    %pushi/vec4 0, 0, 3;
    %assign/vec4 v000001c6788ea390_0, 0;
    %pushi/vec4 0, 0, 1;
    %assign/vec4 v000001c6788e9490_0, 0;
    %pushi/vec4 0, 0, 1;
    %assign/vec4 v000001c6788e9c10_0, 0;
    %pushi/vec4 0, 0, 1;
    %assign/vec4 v000001c6788ebfb0_0, 0;
    %pushi/vec4 0, 0, 1;
    %assign/vec4 v000001c6788ec910_0, 0;
    %pushi/vec4 0, 0, 1;
    %assign/vec4 v000001c6788eccd0_0, 0;
    %pushi/vec4 0, 0, 1;
    %assign/vec4 v000001c6788eb330_0, 0;
    %pushi/vec4 0, 0, 2;
    %assign/vec4 v000001c6788eacf0_0, 0;
    %pushi/vec4 0, 0, 1;
    %assign/vec4 v000001c6788ec230_0, 0;
    %pushi/vec4 0, 0, 3;
    %assign/vec4 v000001c6788e8810_0, 0;
    %pushi/vec4 0, 0, 1;
    %assign/vec4 v000001c6788eba10_0, 0;
    %pushi/vec4 0, 0, 1;
    %assign/vec4 v000001c6788eb970_0, 0;
    %pushi/vec4 0, 0, 1;
    %assign/vec4 v000001c6788eb8d0_0, 0;
    %pushi/vec4 0, 0, 1;
    %assign/vec4 v000001c6788eab10_0, 0;
    %pushi/vec4 0, 0, 1;
    %assign/vec4 v000001c6788eaa70_0, 0;
    %pushi/vec4 2, 0, 3;
    %assign/vec4 v000001c6788eb010_0, 0;
    %jmp T_34.1;
T_34.0 ;
    %load/vec4 v000001c6788eb290_0;
    %assign/vec4 v000001c6788eb0b0_0, 0;
    %load/vec4 v000001c6788ec2d0_0;
    %assign/vec4 v000001c6788ec550_0, 0;
    %load/vec4 v000001c6788ebab0_0;
    %assign/vec4 v000001c6788eb510_0, 0;
    %load/vec4 v000001c6788eb150_0;
    %assign/vec4 v000001c6788ec410_0, 0;
    %load/vec4 v000001c6788eca50_0;
    %assign/vec4 v000001c6788eb470_0, 0;
    %load/vec4 v000001c6788ecff0_0;
    %assign/vec4 v000001c6788eceb0_0, 0;
    %load/vec4 v000001c6788eb790_0;
    %assign/vec4 v000001c6788eaf70_0, 0;
    %load/vec4 v000001c6788e9a30_0;
    %assign/vec4 v000001c6788ea390_0, 0;
    %load/vec4 v000001c6788e9530_0;
    %assign/vec4 v000001c6788e9490_0, 0;
    %load/vec4 v000001c6788e89f0_0;
    %assign/vec4 v000001c6788e9c10_0, 0;
    %load/vec4 v000001c6788ec730_0;
    %assign/vec4 v000001c6788ebfb0_0, 0;
    %load/vec4 v000001c6788ec7d0_0;
    %assign/vec4 v000001c6788ec910_0, 0;
    %load/vec4 v000001c6788ec9b0_0;
    %assign/vec4 v000001c6788eccd0_0, 0;
    %load/vec4 v000001c6788eac50_0;
    %assign/vec4 v000001c6788eb330_0, 0;
    %load/vec4 v000001c6788ebb50_0;
    %assign/vec4 v000001c6788eacf0_0, 0;
    %load/vec4 v000001c6788ecf50_0;
    %assign/vec4 v000001c6788ec230_0, 0;
    %load/vec4 v000001c6788e8ef0_0;
    %assign/vec4 v000001c6788e8810_0, 0;
    %load/vec4 v000001c6788ecaf0_0;
    %assign/vec4 v000001c6788eba10_0, 0;
    %load/vec4 v000001c6788ec5f0_0;
    %assign/vec4 v000001c6788eb970_0, 0;
    %load/vec4 v000001c6788eb5b0_0;
    %assign/vec4 v000001c6788eb8d0_0, 0;
    %load/vec4 v000001c6788eb1f0_0;
    %assign/vec4 v000001c6788eab10_0, 0;
    %load/vec4 v000001c6788eabb0_0;
    %assign/vec4 v000001c6788eaa70_0, 0;
    %load/vec4 v000001c6788ec050_0;
    %assign/vec4 v000001c6788eb010_0, 0;
T_34.1 ;
    %jmp T_34;
    .thread T_34;
    .scope S_000001c6788c5b40;
T_35 ;
    %wait E_000001c678822410;
    %load/vec4 v000001c6788ec690_0;
    %nor/r;
    %flag_set/vec4 10;
    %flag_get/vec4 10;
    %jmp/0 T_35.3, 10;
    %load/vec4 v000001c6788e9fd0_0;
    %nor/r;
    %and;
T_35.3;
    %flag_set/vec4 9;
    %flag_get/vec4 9;
    %jmp/0 T_35.2, 9;
    %load/vec4 v000001c6788ec4b0_0;
    %and;
T_35.2;
    %flag_set/vec4 8;
    %jmp/0xz  T_35.0, 8;
    %vpi_call/w 16 195 "$display", "[%0t] ID_EX ISSUE pc=0x%08x rd=%0d rs1=%0d rs2=%0d mem_read=%0d mem_write=%0d wb_sel=%0d", $time, v000001c6788ebdd0_0, v000001c6788ea9d0_0, v000001c6788ecc30_0, v000001c6788eb830_0, v000001c6788ea930_0, v000001c6788ebc90_0, v000001c6788ec370_0 {0 0 0};
T_35.0 ;
    %jmp T_35;
    .thread T_35;
    .scope S_000001c678863660;
T_36 ;
    %wait E_000001c6788232d0;
    %load/vec4 v000001c6788c0110_0;
    %dup/vec4;
    %pushi/vec4 0, 0, 3;
    %cmp/u;
    %jmp/1 T_36.0, 6;
    %dup/vec4;
    %pushi/vec4 1, 0, 3;
    %cmp/u;
    %jmp/1 T_36.1, 6;
    %dup/vec4;
    %pushi/vec4 6, 0, 3;
    %cmp/u;
    %jmp/1 T_36.2, 6;
    %dup/vec4;
    %pushi/vec4 5, 0, 3;
    %cmp/u;
    %jmp/1 T_36.3, 6;
    %dup/vec4;
    %pushi/vec4 4, 0, 3;
    %cmp/u;
    %jmp/1 T_36.4, 6;
    %dup/vec4;
    %pushi/vec4 2, 0, 3;
    %cmp/u;
    %jmp/1 T_36.5, 6;
    %dup/vec4;
    %pushi/vec4 3, 0, 3;
    %cmp/u;
    %jmp/1 T_36.6, 6;
    %dup/vec4;
    %pushi/vec4 7, 0, 3;
    %cmp/u;
    %jmp/1 T_36.7, 6;
    %pushi/vec4 0, 0, 32;
    %store/vec4 v000001c6788bf3f0_0, 0, 32;
    %jmp T_36.9;
T_36.0 ;
    %load/vec4 v000001c6788bffd0_0;
    %load/vec4 v000001c6788c0070_0;
    %add;
    %store/vec4 v000001c6788bf3f0_0, 0, 32;
    %jmp T_36.9;
T_36.1 ;
    %load/vec4 v000001c6788bffd0_0;
    %load/vec4 v000001c6788c0070_0;
    %sub;
    %store/vec4 v000001c6788bf3f0_0, 0, 32;
    %jmp T_36.9;
T_36.2 ;
    %load/vec4 v000001c6788bffd0_0;
    %load/vec4 v000001c6788c0070_0;
    %and;
    %store/vec4 v000001c6788bf3f0_0, 0, 32;
    %jmp T_36.9;
T_36.3 ;
    %load/vec4 v000001c6788bffd0_0;
    %load/vec4 v000001c6788c0070_0;
    %or;
    %store/vec4 v000001c6788bf3f0_0, 0, 32;
    %jmp T_36.9;
T_36.4 ;
    %load/vec4 v000001c6788bffd0_0;
    %load/vec4 v000001c6788c0070_0;
    %xor;
    %store/vec4 v000001c6788bf3f0_0, 0, 32;
    %jmp T_36.9;
T_36.5 ;
    %load/vec4 v000001c6788bffd0_0;
    %load/vec4 v000001c6788c0070_0;
    %cmp/s;
    %flag_mov 8, 5;
    %jmp/0 T_36.10, 8;
    %pushi/vec4 1, 0, 32;
    %jmp/1 T_36.11, 8;
T_36.10 ; End of true expr.
    %pushi/vec4 0, 0, 32;
    %jmp/0 T_36.11, 8;
 ; End of false expr.
    %blend;
T_36.11;
    %store/vec4 v000001c6788bf3f0_0, 0, 32;
    %jmp T_36.9;
T_36.6 ;
    %load/vec4 v000001c6788bffd0_0;
    %load/vec4 v000001c6788c0070_0;
    %cmp/u;
    %flag_mov 8, 5;
    %jmp/0 T_36.12, 8;
    %pushi/vec4 1, 0, 32;
    %jmp/1 T_36.13, 8;
T_36.12 ; End of true expr.
    %pushi/vec4 0, 0, 32;
    %jmp/0 T_36.13, 8;
 ; End of false expr.
    %blend;
T_36.13;
    %store/vec4 v000001c6788bf3f0_0, 0, 32;
    %jmp T_36.9;
T_36.7 ;
    %load/vec4 v000001c6788bf710_0;
    %nor/r;
    %flag_set/vec4 8;
    %jmp/0xz  T_36.14, 8;
    %load/vec4 v000001c6788bffd0_0;
    %ix/getv 4, v000001c6788c15b0_0;
    %shiftl 4;
    %store/vec4 v000001c6788bf3f0_0, 0, 32;
    %jmp T_36.15;
T_36.14 ;
    %load/vec4 v000001c6788bfdf0_0;
    %flag_set/vec4 8;
    %jmp/0xz  T_36.16, 8;
    %load/vec4 v000001c6788bffd0_0;
    %ix/getv 4, v000001c6788c15b0_0;
    %shiftr/s 4;
    %store/vec4 v000001c6788bf3f0_0, 0, 32;
    %jmp T_36.17;
T_36.16 ;
    %load/vec4 v000001c6788bffd0_0;
    %ix/getv 4, v000001c6788c15b0_0;
    %shiftr 4;
    %store/vec4 v000001c6788bf3f0_0, 0, 32;
T_36.17 ;
T_36.15 ;
    %jmp T_36.9;
T_36.9 ;
    %pop/vec4 1;
    %jmp T_36;
    .thread T_36, $push;
    .scope S_000001c678863660;
T_37 ;
    %wait E_000001c678823f50;
    %load/vec4 v000001c6788c02f0_0;
    %dup/vec4;
    %pushi/vec4 0, 0, 3;
    %cmp/u;
    %jmp/1 T_37.0, 6;
    %dup/vec4;
    %pushi/vec4 1, 0, 3;
    %cmp/u;
    %jmp/1 T_37.1, 6;
    %dup/vec4;
    %pushi/vec4 4, 0, 3;
    %cmp/u;
    %jmp/1 T_37.2, 6;
    %dup/vec4;
    %pushi/vec4 5, 0, 3;
    %cmp/u;
    %jmp/1 T_37.3, 6;
    %dup/vec4;
    %pushi/vec4 6, 0, 3;
    %cmp/u;
    %jmp/1 T_37.4, 6;
    %dup/vec4;
    %pushi/vec4 7, 0, 3;
    %cmp/u;
    %jmp/1 T_37.5, 6;
    %pushi/vec4 0, 0, 1;
    %store/vec4 v000001c6788c0430_0, 0, 1;
    %jmp T_37.7;
T_37.0 ;
    %load/vec4 v000001c6788bfb70_0;
    %store/vec4 v000001c6788c0430_0, 0, 1;
    %jmp T_37.7;
T_37.1 ;
    %load/vec4 v000001c6788beef0_0;
    %store/vec4 v000001c6788c0430_0, 0, 1;
    %jmp T_37.7;
T_37.2 ;
    %load/vec4 v000001c6788c0a70_0;
    %store/vec4 v000001c6788c0430_0, 0, 1;
    %jmp T_37.7;
T_37.3 ;
    %load/vec4 v000001c6788c0930_0;
    %store/vec4 v000001c6788c0430_0, 0, 1;
    %jmp T_37.7;
T_37.4 ;
    %load/vec4 v000001c6788c01b0_0;
    %store/vec4 v000001c6788c0430_0, 0, 1;
    %jmp T_37.7;
T_37.5 ;
    %load/vec4 v000001c6788c1290_0;
    %store/vec4 v000001c6788c0430_0, 0, 1;
    %jmp T_37.7;
T_37.7 ;
    %pop/vec4 1;
    %jmp T_37;
    .thread T_37, $push;
    .scope S_000001c6788c5370;
T_38 ;
    %wait E_000001c678823510;
    %load/vec4 v000001c6788cbdf0_0;
    %nor/r;
    %flag_set/vec4 8;
    %jmp/0xz  T_38.0, 8;
    %pushi/vec4 0, 0, 32;
    %assign/vec4 v000001c6788cde70_0, 0;
    %pushi/vec4 0, 0, 32;
    %assign/vec4 v000001c6788bf530_0, 0;
    %pushi/vec4 0, 0, 32;
    %assign/vec4 v000001c6788cd330_0, 0;
    %pushi/vec4 0, 0, 5;
    %assign/vec4 v000001c6788cb990_0, 0;
    %pushi/vec4 0, 0, 1;
    %assign/vec4 v000001c6788ccc50_0, 0;
    %pushi/vec4 0, 0, 2;
    %assign/vec4 v000001c6788cd6f0_0, 0;
    %pushi/vec4 0, 0, 1;
    %assign/vec4 v000001c6788cc390_0, 0;
    %pushi/vec4 0, 0, 1;
    %assign/vec4 v000001c6788cdb50_0, 0;
    %pushi/vec4 0, 0, 1;
    %assign/vec4 v000001c6788cd8d0_0, 0;
    %pushi/vec4 2, 0, 3;
    %assign/vec4 v000001c6788c13d0_0, 0;
    %jmp T_38.1;
T_38.0 ;
    %load/vec4 v000001c6788cbb70_0;
    %assign/vec4 v000001c6788cde70_0, 0;
    %load/vec4 v000001c6788c0d90_0;
    %assign/vec4 v000001c6788bf530_0, 0;
    %load/vec4 v000001c6788cc250_0;
    %assign/vec4 v000001c6788cd330_0, 0;
    %load/vec4 v000001c6788cced0_0;
    %assign/vec4 v000001c6788cb990_0, 0;
    %load/vec4 v000001c6788ccb10_0;
    %assign/vec4 v000001c6788ccc50_0, 0;
    %load/vec4 v000001c6788cc570_0;
    %assign/vec4 v000001c6788cd6f0_0, 0;
    %load/vec4 v000001c6788cd0b0_0;
    %assign/vec4 v000001c6788cc390_0, 0;
    %load/vec4 v000001c6788cce30_0;
    %assign/vec4 v000001c6788cdb50_0, 0;
    %load/vec4 v000001c6788cd510_0;
    %assign/vec4 v000001c6788cd8d0_0, 0;
    %load/vec4 v000001c6788c11f0_0;
    %assign/vec4 v000001c6788c13d0_0, 0;
T_38.1 ;
    %jmp T_38;
    .thread T_38;
    .scope S_000001c6788c5370;
T_39 ;
    %wait E_000001c678822410;
    %load/vec4 v000001c6788cc4d0_0;
    %nor/r;
    %flag_set/vec4 10;
    %flag_get/vec4 10;
    %jmp/0 T_39.3, 10;
    %load/vec4 v000001c6788bfcb0_0;
    %nor/r;
    %and;
T_39.3;
    %flag_set/vec4 9;
    %flag_get/vec4 9;
    %jmp/0 T_39.2, 9;
    %load/vec4 v000001c6788bf990_0;
    %and;
T_39.2;
    %flag_set/vec4 8;
    %jmp/0xz  T_39.0, 8;
    %vpi_call/w 10 100 "$display", "[%0t] EX_MEM CAPTURE rd=%0d addr=0x%08x mem_read=%0d mem_write=%0d", $time, v000001c6788bf0d0_0, v000001c6788bf5d0_0, v000001c6788bf210_0, v000001c6788c0ed0_0 {0 0 0};
T_39.0 ;
    %load/vec4 v000001c6788cbd50_0;
    %flag_set/vec4 9;
    %flag_get/vec4 9;
    %jmp/0 T_39.6, 9;
    %load/vec4 v000001c6788bfad0_0;
    %flag_set/vec4 9;
    %flag_get/vec4 9;
    %jmp/1 T_39.7, 9;
    %load/vec4 v000001c6788bf350_0;
    %or;
T_39.7;
    %and;
T_39.6;
    %flag_set/vec4 8;
    %jmp/0xz  T_39.4, 8;
    %vpi_call/w 10 104 "$display", "[%0t] EX_MEM OUT rd=%0d addr=0x%08x mem_read=%0d mem_write=%0d", $time, v000001c6788cb8f0_0, v000001c6788bfa30_0, v000001c6788bfad0_0, v000001c6788bf350_0 {0 0 0};
T_39.4 ;
    %load/vec4 v000001c6788bfcb0_0;
    %flag_set/vec4 8;
    %jmp/0xz  T_39.8, 8;
    %vpi_call/w 10 108 "$display", "[%0t] EX_MEM FLUSH asserted (ex_valid=%0d rd=%0d addr=0x%08x mem_read=%0d mem_write=%0d)", $time, v000001c6788bf990_0, v000001c6788bf0d0_0, v000001c6788bf5d0_0, v000001c6788bf210_0, v000001c6788c0ed0_0 {0 0 0};
T_39.8 ;
    %load/vec4 v000001c6788cc4d0_0;
    %flag_set/vec4 8;
    %jmp/0xz  T_39.10, 8;
    %vpi_call/w 10 112 "$display", "[%0t] EX_MEM STALL asserted", $time {0 0 0};
T_39.10 ;
    %jmp T_39;
    .thread T_39;
    .scope S_000001c6788c51e0;
T_40 ;
    %wait E_000001c678823ed0;
    %load/vec4 v000001c6788f1190_0;
    %flag_set/vec4 8;
    %jmp/0xz  T_40.0, 8;
    %load/vec4 v000001c6788f03d0_0;
    %parti/s 2, 0, 2;
    %dup/vec4;
    %pushi/vec4 0, 0, 2;
    %cmp/u;
    %jmp/1 T_40.2, 6;
    %dup/vec4;
    %pushi/vec4 1, 0, 2;
    %cmp/u;
    %jmp/1 T_40.3, 6;
    %dup/vec4;
    %pushi/vec4 2, 0, 2;
    %cmp/u;
    %jmp/1 T_40.4, 6;
    %pushi/vec4 0, 0, 24;
    %load/vec4 v000001c6788f1550_0;
    %parti/s 8, 24, 6;
    %concat/vec4; draw_concat_vec4
    %store/vec4 v000001c6788f01f0_0, 0, 32;
    %jmp T_40.6;
T_40.2 ;
    %pushi/vec4 0, 0, 24;
    %load/vec4 v000001c6788f1550_0;
    %parti/s 8, 0, 2;
    %concat/vec4; draw_concat_vec4
    %store/vec4 v000001c6788f01f0_0, 0, 32;
    %jmp T_40.6;
T_40.3 ;
    %pushi/vec4 0, 0, 24;
    %load/vec4 v000001c6788f1550_0;
    %parti/s 8, 8, 5;
    %concat/vec4; draw_concat_vec4
    %store/vec4 v000001c6788f01f0_0, 0, 32;
    %jmp T_40.6;
T_40.4 ;
    %pushi/vec4 0, 0, 24;
    %load/vec4 v000001c6788f1550_0;
    %parti/s 8, 16, 6;
    %concat/vec4; draw_concat_vec4
    %store/vec4 v000001c6788f01f0_0, 0, 32;
    %jmp T_40.6;
T_40.6 ;
    %pop/vec4 1;
    %jmp T_40.1;
T_40.0 ;
    %load/vec4 v000001c6788f1230_0;
    %flag_set/vec4 8;
    %jmp/0xz  T_40.7, 8;
    %load/vec4 v000001c6788f03d0_0;
    %parti/s 1, 1, 2;
    %flag_set/vec4 8;
    %jmp/0 T_40.9, 8;
    %pushi/vec4 0, 0, 16;
    %load/vec4 v000001c6788f1550_0;
    %parti/s 16, 16, 6;
    %concat/vec4; draw_concat_vec4
    %jmp/1 T_40.10, 8;
T_40.9 ; End of true expr.
    %pushi/vec4 0, 0, 16;
    %load/vec4 v000001c6788f1550_0;
    %parti/s 16, 0, 2;
    %concat/vec4; draw_concat_vec4
    %jmp/0 T_40.10, 8;
 ; End of false expr.
    %blend;
T_40.10;
    %store/vec4 v000001c6788f01f0_0, 0, 32;
    %jmp T_40.8;
T_40.7 ;
    %load/vec4 v000001c6788f1550_0;
    %store/vec4 v000001c6788f01f0_0, 0, 32;
T_40.8 ;
T_40.1 ;
    %jmp T_40;
    .thread T_40, $push;
    .scope S_000001c6788c51e0;
T_41 ;
    %wait E_000001c678823510;
    %load/vec4 v000001c6788f05b0_0;
    %nor/r;
    %flag_set/vec4 8;
    %jmp/0xz  T_41.0, 8;
    %pushi/vec4 0, 0, 1;
    %assign/vec4 v000001c6788f1ff0_0, 0;
    %pushi/vec4 0, 0, 1;
    %assign/vec4 v000001c6788f1730_0, 0;
    %pushi/vec4 0, 0, 32;
    %assign/vec4 v000001c6788f03d0_0, 0;
    %pushi/vec4 0, 0, 32;
    %assign/vec4 v000001c6788f1d70_0, 0;
    %pushi/vec4 2, 0, 3;
    %assign/vec4 v000001c6788f0fb0_0, 0;
    %pushi/vec4 0, 0, 1;
    %assign/vec4 v000001c6788f0330_0, 0;
    %pushi/vec4 0, 0, 32;
    %assign/vec4 v000001c6788efbb0_0, 0;
    %pushi/vec4 0, 0, 1;
    %assign/vec4 v000001c6788f0c90_0, 0;
    %pushi/vec4 0, 0, 1;
    %assign/vec4 v000001c6788f1eb0_0, 0;
    %pushi/vec4 0, 0, 1;
    %assign/vec4 v000001c6788f0510_0, 0;
    %jmp T_41.1;
T_41.0 ;
    %load/vec4 v000001c6788f1ff0_0;
    %flag_set/vec4 8;
    %jmp/0xz  T_41.2, 8;
    %load/vec4 v000001c6788f1730_0;
    %flag_set/vec4 8;
    %jmp/0xz  T_41.4, 8;
    %load/vec4 v000001c6788f1370_0;
    %flag_set/vec4 8;
    %jmp/0xz  T_41.6, 8;
    %pushi/vec4 0, 0, 1;
    %assign/vec4 v000001c6788f1ff0_0, 0;
    %pushi/vec4 1, 0, 1;
    %assign/vec4 v000001c6788f0330_0, 0;
T_41.6 ;
    %jmp T_41.5;
T_41.4 ;
    %load/vec4 v000001c6788f0650_0;
    %flag_set/vec4 8;
    %jmp/0xz  T_41.8, 8;
    %pushi/vec4 0, 0, 1;
    %assign/vec4 v000001c6788f1ff0_0, 0;
    %pushi/vec4 1, 0, 1;
    %assign/vec4 v000001c6788f0330_0, 0;
    %load/vec4 v000001c6788efcf0_0;
    %assign/vec4 v000001c6788efbb0_0, 0;
    %pushi/vec4 0, 0, 1;
    %assign/vec4 v000001c6788f0c90_0, 0;
T_41.8 ;
T_41.5 ;
T_41.2 ;
    %load/vec4 v000001c6788f15f0_0;
    %flag_set/vec4 8;
    %jmp/0xz  T_41.10, 8;
    %pushi/vec4 1, 0, 1;
    %assign/vec4 v000001c6788f1ff0_0, 0;
    %load/vec4 v000001c6788ef930_0;
    %assign/vec4 v000001c6788f1730_0, 0;
    %load/vec4 v000001c6788f14b0_0;
    %assign/vec4 v000001c6788f03d0_0, 0;
    %load/vec4 v000001c6788f0e70_0;
    %assign/vec4 v000001c6788f1d70_0, 0;
    %load/vec4 v000001c6788f10f0_0;
    %assign/vec4 v000001c6788f0fb0_0, 0;
    %load/vec4 v000001c6788f0dd0_0;
    %assign/vec4 v000001c6788f1eb0_0, 0;
    %pushi/vec4 0, 0, 1;
    %assign/vec4 v000001c6788f0330_0, 0;
    %load/vec4 v000001c6788ef930_0;
    %inv;
    %assign/vec4 v000001c6788f0c90_0, 0;
    %jmp T_41.11;
T_41.10 ;
    %load/vec4 v000001c6788f1ff0_0;
    %inv;
    %flag_set/vec4 8;
    %jmp/0xz  T_41.12, 8;
    %load/vec4 v000001c6788efd90_0;
    %inv;
    %flag_set/vec4 8;
    %jmp/1 T_41.17, 8;
    %load/vec4 v000001c6788f1af0_0;
    %inv;
    %flag_set/vec4 9;
    %flag_or 8, 9;
T_41.17;
    %jmp/1 T_41.16, 8;
    %load/vec4 v000001c6788f0010_0;
    %inv;
    %flag_set/vec4 9;
    %flag_or 8, 9;
T_41.16;
    %jmp/0xz  T_41.14, 8;
    %pushi/vec4 0, 0, 1;
    %assign/vec4 v000001c6788f0330_0, 0;
T_41.14 ;
T_41.12 ;
T_41.11 ;
T_41.1 ;
    %jmp T_41;
    .thread T_41;
    .scope S_000001c6788c51e0;
T_42 ;
    %wait E_000001c678823510;
    %load/vec4 v000001c6788f05b0_0;
    %nor/r;
    %flag_set/vec4 8;
    %jmp/0xz  T_42.0, 8;
    %pushi/vec4 0, 0, 1;
    %assign/vec4 v000001c6788f0510_0, 0;
    %jmp T_42.1;
T_42.0 ;
    %load/vec4 v000001c6788f0510_0;
    %flag_set/vec4 9;
    %flag_get/vec4 9;
    %jmp/0 T_42.4, 9;
    %load/vec4 v000001c6788eff70_0;
    %and;
T_42.4;
    %flag_set/vec4 8;
    %jmp/0xz  T_42.2, 8;
    %pushi/vec4 0, 0, 1;
    %assign/vec4 v000001c6788f0510_0, 0;
    %jmp T_42.3;
T_42.2 ;
    %load/vec4 v000001c6788f15f0_0;
    %flag_set/vec4 8;
    %jmp/0xz  T_42.5, 8;
    %pushi/vec4 1, 0, 1;
    %assign/vec4 v000001c6788f0510_0, 0;
T_42.5 ;
T_42.3 ;
T_42.1 ;
    %jmp T_42;
    .thread T_42;
    .scope S_000001c6788c51e0;
T_43 ;
    %wait E_000001c678822410;
    %load/vec4 v000001c6788efd90_0;
    %flag_set/vec4 8;
    %jmp/0xz  T_43.0, 8;
    %vpi_call/w 18 162 "$display", "[%0t] MEM_STAGE INPUT mem_read=%0d mem_write=%0d addr=0x%08x stall=%0d", $time, v000001c6788f0dd0_0, v000001c6788ef930_0, v000001c6788f14b0_0, v000001c6788f06f0_0 {0 0 0};
T_43.0 ;
    %jmp T_43;
    .thread T_43;
    .scope S_000001c6788c51e0;
T_44 ;
    %wait E_000001c678822410;
    %load/vec4 v000001c6788f15f0_0;
    %flag_set/vec4 8;
    %jmp/0xz  T_44.0, 8;
    %vpi_call/w 18 229 "$display", "[%0t] MEM_STAGE REQ we=%0d addr=0x%08x size=%0d", $time, v000001c6788ef930_0, v000001c6788f14b0_0, v000001c6788f10f0_0 {0 0 0};
    %load/vec4 v000001c6788ef930_0;
    %flag_set/vec4 8;
    %jmp/0xz  T_44.2, 8;
    %load/vec4 v000001c6788f10f0_0;
    %load/vec4 v000001c6788f14b0_0;
    %parti/s 2, 0, 2;
    %store/vec4 v000001c6788eefd0_0, 0, 2;
    %store/vec4 v000001c6788ed4f0_0, 0, 3;
    %callf/vec4 TD_icache_pipeline_tb.dut.u_mem.mk_wstrb, S_000001c6788c5ff0;
    %vpi_call/w 18 232 "$display", "         store_data=0x%08x wstrb=%b", v000001c6788f0e70_0, S<0,vec4,u4> {1 0 0};
T_44.2 ;
T_44.0 ;
    %load/vec4 v000001c6788efed0_0;
    %flag_set/vec4 8;
    %jmp/0xz  T_44.4, 8;
    %vpi_call/w 18 237 "$display", "[%0t] MEM_STAGE LOAD_RSP addr=0x%08x data=0x%08x", $time, v000001c6788f03d0_0, v000001c6788efcf0_0 {0 0 0};
T_44.4 ;
    %jmp T_44;
    .thread T_44;
    .scope S_000001c6788626c0;
T_45 ;
    %wait E_000001c678822410;
    %load/vec4 v000001c6788be3b0_0;
    %nor/r;
    %flag_set/vec4 8;
    %jmp/0xz  T_45.0, 8;
    %pushi/vec4 0, 0, 4;
    %assign/vec4 v000001c6788be090_0, 0;
    %pushi/vec4 0, 0, 1;
    %assign/vec4 v000001c6788c4490_0, 0;
    %pushi/vec4 0, 0, 32;
    %assign/vec4 v000001c6788c42b0_0, 0;
    %pushi/vec4 0, 0, 1;
    %assign/vec4 v000001c6788c3810_0, 0;
    %pushi/vec4 0, 0, 1;
    %assign/vec4 v000001c6788bee50_0, 0;
    %pushi/vec4 0, 0, 2;
    %assign/vec4 v000001c6788bd690_0, 0;
    %pushi/vec4 0, 0, 32;
    %assign/vec4 v000001c6788bd2d0_0, 0;
    %pushi/vec4 3, 0, 3;
    %assign/vec4 v000001c6788be270_0, 0;
    %pushi/vec4 0, 0, 8;
    %assign/vec4 v000001c6788bd550_0, 0;
    %pushi/vec4 0, 0, 64;
    %assign/vec4 v000001c6788be4f0_0, 0;
    %pushi/vec4 0, 0, 8;
    %assign/vec4 v000001c6788bcbf0_0, 0;
    %pushi/vec4 0, 0, 32;
    %assign/vec4 v000001c6788bd370_0, 0;
    %pushi/vec4 0, 0, 1;
    %assign/vec4 v000001c6788be8b0_0, 0;
    %pushi/vec4 0, 0, 32;
    %assign/vec4 v000001c6788bd190_0, 0;
    %pushi/vec4 0, 0, 4;
    %assign/vec4 v000001c6788bc970_0, 0;
    %pushi/vec4 0, 0, 2;
    %assign/vec4 v000001c6788be6d0_0, 0;
    %pushi/vec4 0, 0, 1;
    %assign/vec4 v000001c6788bd870_0, 0;
    %pushi/vec4 0, 0, 10;
    %assign/vec4 v000001c6788bd4b0_0, 0;
    %pushi/vec4 0, 0, 16;
    %assign/vec4 v000001c6788bd5f0_0, 0;
    %pushi/vec4 0, 0, 4;
    %assign/vec4 v000001c6788be9f0_0, 0;
    %pushi/vec4 0, 0, 1;
    %assign/vec4 v000001c6788be310_0, 0;
    %pushi/vec4 0, 0, 10;
    %assign/vec4 v000001c6788bdb90_0, 0;
    %pushi/vec4 0, 0, 16;
    %assign/vec4 v000001c6788be770_0, 0;
    %pushi/vec4 0, 0, 16;
    %assign/vec4 v000001c6788be810_0, 0;
    %pushi/vec4 0, 0, 1;
    %assign/vec4 v000001c6788be590_0, 0;
    %pushi/vec4 0, 0, 1;
    %assign/vec4 v000001c6788beb30_0, 0;
    %pushi/vec4 0, 0, 1;
    %assign/vec4 v000001c6788c3ef0_0, 0;
    %pushi/vec4 0, 0, 1;
    %assign/vec4 v000001c6788c3f90_0, 0;
    %pushi/vec4 0, 0, 512;
    %assign/vec4 v000001c6788bd7d0_0, 0;
    %pushi/vec4 0, 0, 512;
    %assign/vec4 v000001c6788bdd70_0, 0;
    %pushi/vec4 0, 0, 1;
    %assign/vec4 v000001c6788be630_0, 0;
    %pushi/vec4 0, 0, 3;
    %assign/vec4 v000001c6788c3db0_0, 0;
    %pushi/vec4 0, 0, 32;
    %assign/vec4 v000001c6788bcc90_0, 0;
    %pushi/vec4 0, 0, 512;
    %assign/vec4 v000001c6788be1d0_0, 0;
    %pushi/vec4 0, 0, 512;
    %assign/vec4 v000001c6788bce70_0, 0;
    %pushi/vec4 0, 0, 1;
    %assign/vec4 v000001c6788bc8d0_0, 0;
    %pushi/vec4 0, 0, 16;
    %assign/vec4 v000001c6788bcf10_0, 0;
    %pushi/vec4 0, 0, 1;
    %assign/vec4 v000001c6788bdaf0_0, 0;
    %pushi/vec4 0, 0, 32;
    %store/vec4 v000001c6788be950_0, 0, 32;
T_45.2 ;
    %load/vec4 v000001c6788be950_0;
    %cmpi/s 1024, 0, 32;
    %jmp/0xz T_45.3, 5;
    %pushi/vec4 0, 0, 1;
    %ix/getv/s 3, v000001c6788be950_0;
    %ix/load 4, 0, 0; Constant delay
    %assign/vec4/a/d v000001c6788bea90, 0, 4;
    %pushi/vec4 0, 0, 1;
    %ix/getv/s 3, v000001c6788be950_0;
    %ix/load 4, 0, 0; Constant delay
    %assign/vec4/a/d v000001c6788bedb0, 0, 4;
    %pushi/vec4 0, 0, 1;
    %ix/getv/s 3, v000001c6788be950_0;
    %ix/load 4, 0, 0; Constant delay
    %assign/vec4/a/d v000001c6788c4210, 0, 4;
    %pushi/vec4 0, 0, 1;
    %ix/getv/s 3, v000001c6788be950_0;
    %ix/load 4, 0, 0; Constant delay
    %assign/vec4/a/d v000001c6788c43f0, 0, 4;
    %pushi/vec4 0, 0, 1;
    %ix/getv/s 3, v000001c6788be950_0;
    %ix/load 4, 0, 0; Constant delay
    %assign/vec4/a/d v000001c6788bdc30, 0, 4;
    %pushi/vec4 0, 0, 16;
    %ix/getv/s 3, v000001c6788be950_0;
    %ix/load 4, 0, 0; Constant delay
    %assign/vec4/a/d v000001c6788bde10, 0, 4;
    %pushi/vec4 0, 0, 16;
    %ix/getv/s 3, v000001c6788be950_0;
    %ix/load 4, 0, 0; Constant delay
    %assign/vec4/a/d v000001c6788bd910, 0, 4;
    %pushi/vec4 0, 0, 512;
    %ix/getv/s 3, v000001c6788be950_0;
    %ix/load 4, 0, 0; Constant delay
    %assign/vec4/a/d v000001c6788c4530, 0, 4;
    %pushi/vec4 0, 0, 512;
    %ix/getv/s 3, v000001c6788be950_0;
    %ix/load 4, 0, 0; Constant delay
    %assign/vec4/a/d v000001c6788c45d0, 0, 4;
    %load/vec4 v000001c6788be950_0;
    %addi 1, 0, 32;
    %store/vec4 v000001c6788be950_0, 0, 32;
    %jmp T_45.2;
T_45.3 ;
    %jmp T_45.1;
T_45.0 ;
    %load/vec4 v000001c6788c4490_0;
    %flag_set/vec4 9;
    %flag_get/vec4 9;
    %jmp/0 T_45.6, 9;
    %load/vec4 v000001c6788c40d0_0;
    %and;
T_45.6;
    %flag_set/vec4 8;
    %jmp/0xz  T_45.4, 8;
    %pushi/vec4 0, 0, 1;
    %assign/vec4 v000001c6788c4490_0, 0;
T_45.4 ;
    %load/vec4 v000001c6788be090_0;
    %cmpi/e 5, 0, 4;
    %jmp/1 T_45.10, 4;
    %flag_mov 9, 4;
    %load/vec4 v000001c6788be090_0;
    %cmpi/e 7, 0, 4;
    %flag_or 4, 9;
T_45.10;
    %flag_get/vec4 4;
    %jmp/1 T_45.9, 4;
    %load/vec4 v000001c6788be090_0;
    %pushi/vec4 10, 0, 4;
    %cmp/e;
    %flag_get/vec4 4;
    %or;
T_45.9;
    %nor/r;
    %flag_set/vec4 8;
    %jmp/0xz  T_45.7, 8;
    %pushi/vec4 0, 0, 1;
    %assign/vec4 v000001c6788bee50_0, 0;
T_45.7 ;
    %load/vec4 v000001c6788be090_0;
    %dup/vec4;
    %pushi/vec4 0, 0, 4;
    %cmp/u;
    %jmp/1 T_45.11, 6;
    %dup/vec4;
    %pushi/vec4 1, 0, 4;
    %cmp/u;
    %jmp/1 T_45.12, 6;
    %dup/vec4;
    %pushi/vec4 2, 0, 4;
    %cmp/u;
    %jmp/1 T_45.13, 6;
    %dup/vec4;
    %pushi/vec4 3, 0, 4;
    %cmp/u;
    %jmp/1 T_45.14, 6;
    %dup/vec4;
    %pushi/vec4 4, 0, 4;
    %cmp/u;
    %jmp/1 T_45.15, 6;
    %dup/vec4;
    %pushi/vec4 5, 0, 4;
    %cmp/u;
    %jmp/1 T_45.16, 6;
    %dup/vec4;
    %pushi/vec4 6, 0, 4;
    %cmp/u;
    %jmp/1 T_45.17, 6;
    %dup/vec4;
    %pushi/vec4 7, 0, 4;
    %cmp/u;
    %jmp/1 T_45.18, 6;
    %dup/vec4;
    %pushi/vec4 8, 0, 4;
    %cmp/u;
    %jmp/1 T_45.19, 6;
    %dup/vec4;
    %pushi/vec4 9, 0, 4;
    %cmp/u;
    %jmp/1 T_45.20, 6;
    %dup/vec4;
    %pushi/vec4 10, 0, 4;
    %cmp/u;
    %jmp/1 T_45.21, 6;
    %dup/vec4;
    %pushi/vec4 11, 0, 4;
    %cmp/u;
    %jmp/1 T_45.22, 6;
    %pushi/vec4 0, 0, 4;
    %assign/vec4 v000001c6788be090_0, 0;
    %jmp T_45.24;
T_45.11 ;
    %pushi/vec4 0, 0, 1;
    %assign/vec4 v000001c6788c3810_0, 0;
    %load/vec4 v000001c6788c3450_0;
    %flag_set/vec4 8;
    %jmp/0xz  T_45.25, 8;
    %load/vec4 v000001c6788c3090_0;
    %assign/vec4 v000001c6788bd370_0, 0;
    %load/vec4 v000001c6788c3d10_0;
    %assign/vec4 v000001c6788be8b0_0, 0;
    %load/vec4 v000001c6788c34f0_0;
    %assign/vec4 v000001c6788bd190_0, 0;
    %load/vec4 v000001c6788c3590_0;
    %assign/vec4 v000001c6788bc970_0, 0;
    %load/vec4 v000001c6788c3310_0;
    %assign/vec4 v000001c6788be6d0_0, 0;
    %load/vec4 v000001c6788c33b0_0;
    %assign/vec4 v000001c6788bd870_0, 0;
    %load/vec4 v000001c6788c3090_0;
    %parti/s 10, 6, 4;
    %assign/vec4 v000001c6788bd4b0_0, 0;
    %load/vec4 v000001c6788c3090_0;
    %parti/s 16, 16, 6;
    %assign/vec4 v000001c6788bd5f0_0, 0;
    %load/vec4 v000001c6788c3090_0;
    %parti/s 4, 2, 3;
    %assign/vec4 v000001c6788be9f0_0, 0;
    %load/vec4 v000001c6788c3090_0;
    %parti/s 1, 2, 3;
    %assign/vec4 v000001c6788be310_0, 0;
    %pushi/vec4 0, 0, 1;
    %assign/vec4 v000001c6788bdaf0_0, 0;
    %pushi/vec4 1, 0, 4;
    %assign/vec4 v000001c6788be090_0, 0;
T_45.25 ;
    %jmp T_45.24;
T_45.12 ;
    %load/vec4 v000001c6788bd4b0_0;
    %assign/vec4 v000001c6788bdb90_0, 0;
    %load/vec4 v000001c6788bd4b0_0;
    %pad/u 12;
    %ix/vec4 4;
    %load/vec4a v000001c6788bde10, 4;
    %assign/vec4 v000001c6788be770_0, 0;
    %load/vec4 v000001c6788bd4b0_0;
    %pad/u 12;
    %ix/vec4 4;
    %load/vec4a v000001c6788bea90, 4;
    %assign/vec4 v000001c6788be590_0, 0;
    %load/vec4 v000001c6788bd4b0_0;
    %pad/u 12;
    %ix/vec4 4;
    %load/vec4a v000001c6788c4210, 4;
    %assign/vec4 v000001c6788c3ef0_0, 0;
    %load/vec4 v000001c6788bd4b0_0;
    %pad/u 12;
    %ix/vec4 4;
    %load/vec4a v000001c6788c4530, 4;
    %assign/vec4 v000001c6788bd7d0_0, 0;
    %load/vec4 v000001c6788bd4b0_0;
    %pad/u 12;
    %ix/vec4 4;
    %load/vec4a v000001c6788bd910, 4;
    %assign/vec4 v000001c6788be810_0, 0;
    %load/vec4 v000001c6788bd4b0_0;
    %pad/u 12;
    %ix/vec4 4;
    %load/vec4a v000001c6788bedb0, 4;
    %assign/vec4 v000001c6788beb30_0, 0;
    %load/vec4 v000001c6788bd4b0_0;
    %pad/u 12;
    %ix/vec4 4;
    %load/vec4a v000001c6788c43f0, 4;
    %assign/vec4 v000001c6788c3f90_0, 0;
    %load/vec4 v000001c6788bd4b0_0;
    %pad/u 12;
    %ix/vec4 4;
    %load/vec4a v000001c6788c45d0, 4;
    %assign/vec4 v000001c6788bdd70_0, 0;
    %load/vec4 v000001c6788bd4b0_0;
    %pad/u 12;
    %ix/vec4 4;
    %load/vec4a v000001c6788bdc30, 4;
    %assign/vec4 v000001c6788be630_0, 0;
    %pushi/vec4 2, 0, 4;
    %assign/vec4 v000001c6788be090_0, 0;
    %jmp T_45.24;
T_45.13 ;
    %load/vec4 v000001c6788bd870_0;
    %flag_set/vec4 8;
    %jmp/0xz  T_45.27, 8;
    %pushi/vec4 10, 0, 4;
    %assign/vec4 v000001c6788be090_0, 0;
    %jmp T_45.28;
T_45.27 ;
    %load/vec4 v000001c6788c4350_0;
    %flag_set/vec4 8;
    %jmp/0xz  T_45.29, 8;
    %load/vec4 v000001c6788bcfb0_0;
    %cmpi/e 0, 0, 1;
    %flag_mov 8, 4;
    %jmp/0 T_45.31, 8;
    %pushi/vec4 1, 0, 1;
    %jmp/1 T_45.32, 8;
T_45.31 ; End of true expr.
    %pushi/vec4 0, 0, 1;
    %jmp/0 T_45.32, 8;
 ; End of false expr.
    %blend;
T_45.32;
    %load/vec4 v000001c6788bdb90_0;
    %pad/u 12;
    %ix/vec4 3;
    %ix/load 4, 0, 0; Constant delay
    %assign/vec4/a/d v000001c6788bdc30, 0, 4;
    %load/vec4 v000001c6788be8b0_0;
    %nor/r;
    %flag_set/vec4 8;
    %jmp/0xz  T_45.33, 8;
    %load/vec4 v000001c6788bcfb0_0;
    %cmpi/e 0, 0, 1;
    %jmp/0xz  T_45.35, 4;
    %load/vec4 v000001c6788bd7d0_0;
    %load/vec4 v000001c6788be9f0_0;
    %store/vec4 v000001c67881aa40_0, 0, 4;
    %store/vec4 v000001c67881a0e0_0, 0, 512;
    %callf/vec4 TD_icache_pipeline_tb.dut.u_dcache.line_get_word32, S_000001c678862e90;
    %assign/vec4 v000001c6788c42b0_0, 0;
    %jmp T_45.36;
T_45.35 ;
    %load/vec4 v000001c6788bdd70_0;
    %load/vec4 v000001c6788be9f0_0;
    %store/vec4 v000001c67881aa40_0, 0, 4;
    %store/vec4 v000001c67881a0e0_0, 0, 512;
    %callf/vec4 TD_icache_pipeline_tb.dut.u_dcache.line_get_word32, S_000001c678862e90;
    %assign/vec4 v000001c6788c42b0_0, 0;
T_45.36 ;
    %pushi/vec4 0, 0, 1;
    %assign/vec4 v000001c6788c3810_0, 0;
    %pushi/vec4 1, 0, 1;
    %assign/vec4 v000001c6788c4490_0, 0;
    %pushi/vec4 3, 0, 4;
    %assign/vec4 v000001c6788be090_0, 0;
    %jmp T_45.34;
T_45.33 ;
    %load/vec4 v000001c6788c4030_0;
    %flag_set/vec4 8;
    %jmp/0xz  T_45.37, 8;
    %load/vec4 v000001c6788bd7d0_0;
    %load/vec4 v000001c6788be9f0_0;
    %store/vec4 v000001c67881aa40_0, 0, 4;
    %store/vec4 v000001c67881a0e0_0, 0, 512;
    %callf/vec4 TD_icache_pipeline_tb.dut.u_dcache.line_get_word32, S_000001c678862e90;
    %store/vec4 v000001c6788bcdd0_0, 0, 32;
    %load/vec4 v000001c6788bcdd0_0;
    %load/vec4 v000001c6788bd190_0;
    %load/vec4 v000001c6788bc970_0;
    %store/vec4 v000001c6788c2690_0, 0, 4;
    %store/vec4 v000001c6788c1a10_0, 0, 32;
    %store/vec4 v000001c6788c1bf0_0, 0, 32;
    %callf/vec4 TD_icache_pipeline_tb.dut.u_dcache.merge_wstrb32, S_000001c6788634d0;
    %store/vec4 v000001c6788bc790_0, 0, 32;
    %load/vec4 v000001c6788bd7d0_0;
    %load/vec4 v000001c6788be9f0_0;
    %load/vec4 v000001c6788bc790_0;
    %store/vec4 v000001c6788c38b0_0, 0, 32;
    %store/vec4 v000001c6788c1b50_0, 0, 4;
    %store/vec4 v000001c6788c18d0_0, 0, 512;
    %callf/vec4 TD_icache_pipeline_tb.dut.u_dcache.line_set_word32, S_000001c678863340;
    %store/vec4 v000001c6788bcd30_0, 0, 512;
    %load/vec4 v000001c6788bcd30_0;
    %load/vec4 v000001c6788bdb90_0;
    %pad/u 12;
    %ix/vec4 3;
    %ix/load 4, 0, 0; Constant delay
    %assign/vec4/a/d v000001c6788c4530, 0, 4;
    %pushi/vec4 1, 0, 1;
    %load/vec4 v000001c6788bdb90_0;
    %pad/u 12;
    %ix/vec4 3;
    %ix/load 4, 0, 0; Constant delay
    %assign/vec4/a/d v000001c6788c4210, 0, 4;
    %jmp T_45.38;
T_45.37 ;
    %load/vec4 v000001c6788bdd70_0;
    %load/vec4 v000001c6788be9f0_0;
    %store/vec4 v000001c67881aa40_0, 0, 4;
    %store/vec4 v000001c67881a0e0_0, 0, 512;
    %callf/vec4 TD_icache_pipeline_tb.dut.u_dcache.line_get_word32, S_000001c678862e90;
    %store/vec4 v000001c6788bcdd0_0, 0, 32;
    %load/vec4 v000001c6788bcdd0_0;
    %load/vec4 v000001c6788bd190_0;
    %load/vec4 v000001c6788bc970_0;
    %store/vec4 v000001c6788c2690_0, 0, 4;
    %store/vec4 v000001c6788c1a10_0, 0, 32;
    %store/vec4 v000001c6788c1bf0_0, 0, 32;
    %callf/vec4 TD_icache_pipeline_tb.dut.u_dcache.merge_wstrb32, S_000001c6788634d0;
    %store/vec4 v000001c6788bc790_0, 0, 32;
    %load/vec4 v000001c6788bdd70_0;
    %load/vec4 v000001c6788be9f0_0;
    %load/vec4 v000001c6788bc790_0;
    %store/vec4 v000001c6788c38b0_0, 0, 32;
    %store/vec4 v000001c6788c1b50_0, 0, 4;
    %store/vec4 v000001c6788c18d0_0, 0, 512;
    %callf/vec4 TD_icache_pipeline_tb.dut.u_dcache.line_set_word32, S_000001c678863340;
    %store/vec4 v000001c6788bcd30_0, 0, 512;
    %load/vec4 v000001c6788bcd30_0;
    %load/vec4 v000001c6788bdb90_0;
    %pad/u 12;
    %ix/vec4 3;
    %ix/load 4, 0, 0; Constant delay
    %assign/vec4/a/d v000001c6788c45d0, 0, 4;
    %pushi/vec4 1, 0, 1;
    %load/vec4 v000001c6788bdb90_0;
    %pad/u 12;
    %ix/vec4 3;
    %ix/load 4, 0, 0; Constant delay
    %assign/vec4/a/d v000001c6788c43f0, 0, 4;
T_45.38 ;
    %pushi/vec4 0, 0, 32;
    %assign/vec4 v000001c6788c42b0_0, 0;
    %pushi/vec4 0, 0, 1;
    %assign/vec4 v000001c6788c3810_0, 0;
    %pushi/vec4 1, 0, 1;
    %assign/vec4 v000001c6788c4490_0, 0;
    %pushi/vec4 3, 0, 4;
    %assign/vec4 v000001c6788be090_0, 0;
T_45.34 ;
    %jmp T_45.30;
T_45.29 ;
    %load/vec4 v000001c6788be8b0_0;
    %flag_set/vec4 8;
    %jmp/0xz  T_45.39, 8;
    %pushi/vec4 10, 0, 4;
    %assign/vec4 v000001c6788be090_0, 0;
    %jmp T_45.40;
T_45.39 ;
    %pushi/vec4 4, 0, 4;
    %assign/vec4 v000001c6788be090_0, 0;
T_45.40 ;
T_45.30 ;
T_45.28 ;
    %jmp T_45.24;
T_45.14 ;
    %load/vec4 v000001c6788c4490_0;
    %flag_set/vec4 9;
    %flag_get/vec4 9;
    %jmp/0 T_45.43, 9;
    %load/vec4 v000001c6788c40d0_0;
    %and;
T_45.43;
    %flag_set/vec4 8;
    %jmp/0xz  T_45.41, 8;
    %pushi/vec4 0, 0, 4;
    %assign/vec4 v000001c6788be090_0, 0;
T_45.41 ;
    %jmp T_45.24;
T_45.15 ;
    %load/vec4 v000001c6788bd410_0;
    %assign/vec4 v000001c6788bc8d0_0, 0;
    %load/vec4 v000001c6788bd5f0_0;
    %assign/vec4 v000001c6788bcf10_0, 0;
    %load/vec4 v000001c6788bd050_0;
    %assign/vec4 v000001c6788be1d0_0, 0;
    %load/vec4 v000001c6788bd0f0_0;
    %load/vec4 v000001c6788bdb90_0;
    %concat/vec4; draw_concat_vec4
    %concati/vec4 0, 0, 6;
    %assign/vec4 v000001c6788bcc90_0, 0;
    %pushi/vec4 0, 0, 3;
    %assign/vec4 v000001c6788c3db0_0, 0;
    %load/vec4 v000001c6788bd9b0_0;
    %flag_set/vec4 9;
    %flag_get/vec4 9;
    %jmp/0 T_45.46, 9;
    %load/vec4 v000001c6788bd230_0;
    %and;
T_45.46;
    %flag_set/vec4 8;
    %jmp/0xz  T_45.44, 8;
    %pushi/vec4 5, 0, 4;
    %assign/vec4 v000001c6788be090_0, 0;
    %jmp T_45.45;
T_45.44 ;
    %pushi/vec4 7, 0, 4;
    %assign/vec4 v000001c6788be090_0, 0;
T_45.45 ;
    %jmp T_45.24;
T_45.16 ;
    %pushi/vec4 1, 0, 1;
    %assign/vec4 v000001c6788bee50_0, 0;
    %pushi/vec4 3, 0, 2;
    %assign/vec4 v000001c6788bd690_0, 0;
    %load/vec4 v000001c6788bcc90_0;
    %assign/vec4 v000001c6788bd2d0_0, 0;
    %pushi/vec4 3, 0, 3;
    %assign/vec4 v000001c6788be270_0, 0;
    %pushi/vec4 7, 0, 8;
    %assign/vec4 v000001c6788bd550_0, 0;
    %load/vec4 v000001c6788be1d0_0;
    %load/vec4 v000001c6788c3db0_0;
    %store/vec4 v000001c67881b120_0, 0, 3;
    %store/vec4 v000001c678819dc0_0, 0, 512;
    %callf/vec4 TD_icache_pipeline_tb.dut.u_dcache.line_get_beat64, S_000001c678862d00;
    %assign/vec4 v000001c6788be4f0_0, 0;
    %pushi/vec4 255, 0, 8;
    %assign/vec4 v000001c6788bcbf0_0, 0;
    %load/vec4 v000001c6788bda50_0;
    %flag_set/vec4 8;
    %jmp/0xz  T_45.47, 8;
    %load/vec4 v000001c6788c3db0_0;
    %cmpi/e 7, 0, 3;
    %jmp/0xz  T_45.49, 4;
    %pushi/vec4 6, 0, 4;
    %assign/vec4 v000001c6788be090_0, 0;
T_45.49 ;
    %load/vec4 v000001c6788c3db0_0;
    %addi 1, 0, 3;
    %assign/vec4 v000001c6788c3db0_0, 0;
T_45.47 ;
    %jmp T_45.24;
T_45.17 ;
    %load/vec4 v000001c6788be450_0;
    %flag_set/vec4 9;
    %flag_get/vec4 9;
    %jmp/0 T_45.53, 9;
    %load/vec4 v000001c6788bca10_0;
    %and;
T_45.53;
    %flag_set/vec4 8;
    %jmp/0xz  T_45.51, 8;
    %load/vec4 v000001c6788bd730_0;
    %assign/vec4 v000001c6788bdaf0_0, 0;
    %pushi/vec4 7, 0, 4;
    %assign/vec4 v000001c6788be090_0, 0;
T_45.51 ;
    %jmp T_45.24;
T_45.18 ;
    %pushi/vec4 1, 0, 1;
    %assign/vec4 v000001c6788bee50_0, 0;
    %pushi/vec4 0, 0, 2;
    %assign/vec4 v000001c6788bd690_0, 0;
    %load/vec4 v000001c6788bd5f0_0;
    %load/vec4 v000001c6788bdb90_0;
    %concat/vec4; draw_concat_vec4
    %concati/vec4 0, 0, 6;
    %assign/vec4 v000001c6788bd2d0_0, 0;
    %pushi/vec4 3, 0, 3;
    %assign/vec4 v000001c6788be270_0, 0;
    %pushi/vec4 7, 0, 8;
    %assign/vec4 v000001c6788bd550_0, 0;
    %pushi/vec4 0, 0, 64;
    %assign/vec4 v000001c6788be4f0_0, 0;
    %pushi/vec4 0, 0, 8;
    %assign/vec4 v000001c6788bcbf0_0, 0;
    %load/vec4 v000001c6788bda50_0;
    %flag_set/vec4 8;
    %jmp/0xz  T_45.54, 8;
    %pushi/vec4 0, 0, 512;
    %assign/vec4 v000001c6788bce70_0, 0;
    %pushi/vec4 0, 0, 3;
    %assign/vec4 v000001c6788c3db0_0, 0;
    %pushi/vec4 8, 0, 4;
    %assign/vec4 v000001c6788be090_0, 0;
T_45.54 ;
    %jmp T_45.24;
T_45.19 ;
    %load/vec4 v000001c6788be450_0;
    %flag_set/vec4 9;
    %flag_get/vec4 9;
    %jmp/0 T_45.58, 9;
    %load/vec4 v000001c6788bca10_0;
    %and;
T_45.58;
    %flag_set/vec4 8;
    %jmp/0xz  T_45.56, 8;
    %load/vec4 v000001c6788bce70_0;
    %load/vec4 v000001c6788c3db0_0;
    %load/vec4 v000001c6788bc6f0_0;
    %store/vec4 v000001c6788c1ab0_0, 0, 64;
    %store/vec4 v000001c67881afe0_0, 0, 3;
    %store/vec4 v000001c6788c27d0_0, 0, 512;
    %callf/vec4 TD_icache_pipeline_tb.dut.u_dcache.line_set_beat64, S_000001c6788631b0;
    %assign/vec4 v000001c6788bce70_0, 0;
    %load/vec4 v000001c6788c3db0_0;
    %cmpi/e 7, 0, 3;
    %jmp/0xz  T_45.59, 4;
    %pushi/vec4 9, 0, 4;
    %assign/vec4 v000001c6788be090_0, 0;
T_45.59 ;
    %load/vec4 v000001c6788c3db0_0;
    %addi 1, 0, 3;
    %assign/vec4 v000001c6788c3db0_0, 0;
T_45.56 ;
    %jmp T_45.24;
T_45.20 ;
    %load/vec4 v000001c6788bc8d0_0;
    %cmpi/e 0, 0, 1;
    %jmp/0xz  T_45.61, 4;
    %load/vec4 v000001c6788bce70_0;
    %load/vec4 v000001c6788bdb90_0;
    %pad/u 12;
    %ix/vec4 3;
    %ix/load 4, 0, 0; Constant delay
    %assign/vec4/a/d v000001c6788c4530, 0, 4;
    %load/vec4 v000001c6788bcf10_0;
    %load/vec4 v000001c6788bdb90_0;
    %pad/u 12;
    %ix/vec4 3;
    %ix/load 4, 0, 0; Constant delay
    %assign/vec4/a/d v000001c6788bde10, 0, 4;
    %pushi/vec4 1, 0, 1;
    %load/vec4 v000001c6788bdb90_0;
    %pad/u 12;
    %ix/vec4 3;
    %ix/load 4, 0, 0; Constant delay
    %assign/vec4/a/d v000001c6788bea90, 0, 4;
    %pushi/vec4 0, 0, 1;
    %load/vec4 v000001c6788bdb90_0;
    %pad/u 12;
    %ix/vec4 3;
    %ix/load 4, 0, 0; Constant delay
    %assign/vec4/a/d v000001c6788c4210, 0, 4;
    %jmp T_45.62;
T_45.61 ;
    %load/vec4 v000001c6788bce70_0;
    %load/vec4 v000001c6788bdb90_0;
    %pad/u 12;
    %ix/vec4 3;
    %ix/load 4, 0, 0; Constant delay
    %assign/vec4/a/d v000001c6788c45d0, 0, 4;
    %load/vec4 v000001c6788bcf10_0;
    %load/vec4 v000001c6788bdb90_0;
    %pad/u 12;
    %ix/vec4 3;
    %ix/load 4, 0, 0; Constant delay
    %assign/vec4/a/d v000001c6788bd910, 0, 4;
    %pushi/vec4 1, 0, 1;
    %load/vec4 v000001c6788bdb90_0;
    %pad/u 12;
    %ix/vec4 3;
    %ix/load 4, 0, 0; Constant delay
    %assign/vec4/a/d v000001c6788bedb0, 0, 4;
    %pushi/vec4 0, 0, 1;
    %load/vec4 v000001c6788bdb90_0;
    %pad/u 12;
    %ix/vec4 3;
    %ix/load 4, 0, 0; Constant delay
    %assign/vec4/a/d v000001c6788c43f0, 0, 4;
T_45.62 ;
    %load/vec4 v000001c6788bc8d0_0;
    %cmpi/e 0, 0, 1;
    %flag_mov 8, 4;
    %jmp/0 T_45.63, 8;
    %pushi/vec4 1, 0, 1;
    %jmp/1 T_45.64, 8;
T_45.63 ; End of true expr.
    %pushi/vec4 0, 0, 1;
    %jmp/0 T_45.64, 8;
 ; End of false expr.
    %blend;
T_45.64;
    %load/vec4 v000001c6788bdb90_0;
    %pad/u 12;
    %ix/vec4 3;
    %ix/load 4, 0, 0; Constant delay
    %assign/vec4/a/d v000001c6788bdc30, 0, 4;
    %load/vec4 v000001c6788bce70_0;
    %load/vec4 v000001c6788be9f0_0;
    %store/vec4 v000001c67881aa40_0, 0, 4;
    %store/vec4 v000001c67881a0e0_0, 0, 512;
    %callf/vec4 TD_icache_pipeline_tb.dut.u_dcache.line_get_word32, S_000001c678862e90;
    %assign/vec4 v000001c6788c42b0_0, 0;
    %load/vec4 v000001c6788bd730_0;
    %load/vec4 v000001c6788bdaf0_0;
    %or;
    %assign/vec4 v000001c6788c3810_0, 0;
    %pushi/vec4 1, 0, 1;
    %assign/vec4 v000001c6788c4490_0, 0;
    %pushi/vec4 3, 0, 4;
    %assign/vec4 v000001c6788be090_0, 0;
    %jmp T_45.24;
T_45.21 ;
    %pushi/vec4 1, 0, 1;
    %assign/vec4 v000001c6788bee50_0, 0;
    %load/vec4 v000001c6788bd370_0;
    %assign/vec4 v000001c6788bd2d0_0, 0;
    %pushi/vec4 0, 0, 8;
    %assign/vec4 v000001c6788bd550_0, 0;
    %load/vec4 v000001c6788be8b0_0;
    %nor/r;
    %flag_set/vec4 8;
    %jmp/0xz  T_45.65, 8;
    %pushi/vec4 1, 0, 2;
    %assign/vec4 v000001c6788bd690_0, 0;
    %pushi/vec4 2, 0, 3;
    %assign/vec4 v000001c6788be270_0, 0;
    %pushi/vec4 0, 0, 64;
    %assign/vec4 v000001c6788be4f0_0, 0;
    %pushi/vec4 0, 0, 8;
    %assign/vec4 v000001c6788bcbf0_0, 0;
    %jmp T_45.66;
T_45.65 ;
    %pushi/vec4 2, 0, 2;
    %assign/vec4 v000001c6788bd690_0, 0;
    %pushi/vec4 2, 0, 3;
    %assign/vec4 v000001c6788be270_0, 0;
    %load/vec4 v000001c6788be310_0;
    %flag_set/vec4 8;
    %jmp/0xz  T_45.67, 8;
    %load/vec4 v000001c6788bd190_0;
    %concati/vec4 0, 0, 32;
    %assign/vec4 v000001c6788be4f0_0, 0;
    %load/vec4 v000001c6788bc970_0;
    %concati/vec4 0, 0, 4;
    %assign/vec4 v000001c6788bcbf0_0, 0;
    %jmp T_45.68;
T_45.67 ;
    %pushi/vec4 0, 0, 32;
    %load/vec4 v000001c6788bd190_0;
    %concat/vec4; draw_concat_vec4
    %assign/vec4 v000001c6788be4f0_0, 0;
    %pushi/vec4 0, 0, 4;
    %load/vec4 v000001c6788bc970_0;
    %concat/vec4; draw_concat_vec4
    %assign/vec4 v000001c6788bcbf0_0, 0;
T_45.68 ;
T_45.66 ;
    %load/vec4 v000001c6788bda50_0;
    %flag_set/vec4 8;
    %jmp/0xz  T_45.69, 8;
    %pushi/vec4 11, 0, 4;
    %assign/vec4 v000001c6788be090_0, 0;
T_45.69 ;
    %jmp T_45.24;
T_45.22 ;
    %load/vec4 v000001c6788be450_0;
    %flag_set/vec4 9;
    %flag_get/vec4 9;
    %jmp/0 T_45.73, 9;
    %load/vec4 v000001c6788bca10_0;
    %and;
T_45.73;
    %flag_set/vec4 8;
    %jmp/0xz  T_45.71, 8;
    %load/vec4 v000001c6788bd730_0;
    %assign/vec4 v000001c6788c3810_0, 0;
    %load/vec4 v000001c6788be8b0_0;
    %nor/r;
    %flag_set/vec4 8;
    %jmp/0xz  T_45.74, 8;
    %load/vec4 v000001c6788be310_0;
    %flag_set/vec4 8;
    %jmp/0 T_45.76, 8;
    %load/vec4 v000001c6788bc6f0_0;
    %parti/s 32, 32, 7;
    %jmp/1 T_45.77, 8;
T_45.76 ; End of true expr.
    %load/vec4 v000001c6788bc6f0_0;
    %parti/s 32, 0, 2;
    %jmp/0 T_45.77, 8;
 ; End of false expr.
    %blend;
T_45.77;
    %assign/vec4 v000001c6788c42b0_0, 0;
    %jmp T_45.75;
T_45.74 ;
    %pushi/vec4 0, 0, 32;
    %assign/vec4 v000001c6788c42b0_0, 0;
T_45.75 ;
    %pushi/vec4 1, 0, 1;
    %assign/vec4 v000001c6788c4490_0, 0;
    %pushi/vec4 3, 0, 4;
    %assign/vec4 v000001c6788be090_0, 0;
T_45.71 ;
    %jmp T_45.24;
T_45.24 ;
    %pop/vec4 1;
T_45.1 ;
    %jmp T_45;
    .thread T_45;
    .scope S_000001c6788c6180;
T_46 ;
    %wait E_000001c678823750;
    %load/vec4 v000001c6788f28b0_0;
    %store/vec4 v000001c6788f2090_0, 0, 1;
    %load/vec4 v000001c6788f3ad0_0;
    %store/vec4 v000001c6788f21d0_0, 0, 5;
    %load/vec4 v000001c6788f33f0_0;
    %store/vec4 v000001c6788f4430_0, 0, 1;
    %load/vec4 v000001c6788f2450_0;
    %store/vec4 v000001c6788f29f0_0, 0, 32;
    %load/vec4 v000001c6788f37b0_0;
    %flag_set/vec4 8;
    %jmp/0xz  T_46.0, 8;
    %pushi/vec4 0, 0, 1;
    %store/vec4 v000001c6788f2090_0, 0, 1;
    %pushi/vec4 0, 0, 1;
    %store/vec4 v000001c6788f4430_0, 0, 1;
    %jmp T_46.1;
T_46.0 ;
    %load/vec4 v000001c6788f38f0_0;
    %nor/r;
    %flag_set/vec4 8;
    %jmp/0xz  T_46.2, 8;
    %load/vec4 v000001c6788f2db0_0;
    %store/vec4 v000001c6788f2090_0, 0, 1;
    %load/vec4 v000001c6788f2130_0;
    %store/vec4 v000001c6788f21d0_0, 0, 5;
    %load/vec4 v000001c6788f2db0_0;
    %flag_set/vec4 8;
    %jmp/0 T_46.4, 8;
    %load/vec4 v000001c6788f3f30_0;
    %jmp/1 T_46.5, 8;
T_46.4 ; End of true expr.
    %pushi/vec4 0, 0, 1;
    %jmp/0 T_46.5, 8;
 ; End of false expr.
    %blend;
T_46.5;
    %store/vec4 v000001c6788f4430_0, 0, 1;
    %load/vec4 v000001c6788f2b30_0;
    %load/vec4 v000001c6788f3a30_0;
    %load/vec4 v000001c6788f3490_0;
    %load/vec4 v000001c6788f3850_0;
    %store/vec4 v000001c6788f1b90_0, 0, 32;
    %store/vec4 v000001c6788f1a50_0, 0, 32;
    %store/vec4 v000001c6788f19b0_0, 0, 32;
    %store/vec4 v000001c6788f1c30_0, 0, 2;
    %callf/vec4 TD_icache_pipeline_tb.dut.u_mem_wb.wb_mux, S_000001c6788c5050;
    %store/vec4 v000001c6788f29f0_0, 0, 32;
T_46.2 ;
T_46.1 ;
    %jmp T_46;
    .thread T_46, $push;
    .scope S_000001c6788c6180;
T_47 ;
    %wait E_000001c678823510;
    %load/vec4 v000001c6788f3fd0_0;
    %nor/r;
    %flag_set/vec4 8;
    %jmp/0xz  T_47.0, 8;
    %pushi/vec4 0, 0, 1;
    %assign/vec4 v000001c6788f28b0_0, 0;
    %pushi/vec4 0, 0, 5;
    %assign/vec4 v000001c6788f3ad0_0, 0;
    %pushi/vec4 0, 0, 1;
    %assign/vec4 v000001c6788f33f0_0, 0;
    %pushi/vec4 0, 0, 32;
    %assign/vec4 v000001c6788f2450_0, 0;
    %jmp T_47.1;
T_47.0 ;
    %load/vec4 v000001c6788f2090_0;
    %assign/vec4 v000001c6788f28b0_0, 0;
    %load/vec4 v000001c6788f21d0_0;
    %assign/vec4 v000001c6788f3ad0_0, 0;
    %load/vec4 v000001c6788f4430_0;
    %assign/vec4 v000001c6788f33f0_0, 0;
    %load/vec4 v000001c6788f29f0_0;
    %assign/vec4 v000001c6788f2450_0, 0;
T_47.1 ;
    %jmp T_47;
    .thread T_47;
    .scope S_000001c6788c4a10;
T_48 ;
    %wait E_000001c6788238d0;
    %load/vec4 v000001c6788c7e30_0;
    %flag_set/vec4 8;
    %jmp/0xz  T_48.0, 8;
    %vpi_call/w 12 124 "$display", "[%0t] HAZARD pending load hit rs1=%0d rs2=%0d mask=0x%08x", $time, v000001c6788c74d0_0, v000001c6788c7610_0, v000001c6788c8010_0 {0 0 0};
T_48.0 ;
    %jmp T_48;
    .thread T_48, $push;
    .scope S_000001c6786a5b50;
T_49 ;
    %wait E_000001c678823510;
    %load/vec4 v000001c6788f5d30_0;
    %nor/r;
    %flag_set/vec4 8;
    %jmp/0xz  T_49.0, 8;
    %pushi/vec4 0, 0, 1;
    %assign/vec4 v000001c6788fbde0_0, 0;
    %jmp T_49.1;
T_49.0 ;
    %load/vec4 v000001c6788fe4a0_0;
    %flag_set/vec4 8;
    %jmp/0xz  T_49.2, 8;
    %pushi/vec4 0, 0, 1;
    %assign/vec4 v000001c6788fbde0_0, 0;
    %jmp T_49.3;
T_49.2 ;
    %load/vec4 v000001c6788fb8e0_0;
    %flag_set/vec4 9;
    %flag_get/vec4 9;
    %jmp/0 T_49.6, 9;
    %load/vec4 v000001c6788fa9e0_0;
    %and;
T_49.6;
    %flag_set/vec4 8;
    %jmp/0xz  T_49.4, 8;
    %pushi/vec4 0, 0, 1;
    %assign/vec4 v000001c6788fbde0_0, 0;
    %jmp T_49.5;
T_49.4 ;
    %load/vec4 v000001c6788f73b0_0;
    %flag_set/vec4 9;
    %flag_get/vec4 9;
    %jmp/0 T_49.9, 9;
    %load/vec4 v000001c6788f7ef0_0;
    %and;
T_49.9;
    %flag_set/vec4 8;
    %jmp/0xz  T_49.7, 8;
    %pushi/vec4 1, 0, 1;
    %assign/vec4 v000001c6788fbde0_0, 0;
T_49.7 ;
T_49.5 ;
T_49.3 ;
T_49.1 ;
    %jmp T_49;
    .thread T_49;
    .scope S_000001c6786a5830;
T_50 ;
    %delay 5000, 0;
    %load/vec4 v000001c6788fdaa0_0;
    %inv;
    %store/vec4 v000001c6788fdaa0_0, 0, 1;
    %jmp T_50;
    .thread T_50;
    .scope S_000001c6786a5830;
T_51 ;
    %wait E_000001c678823050;
    %load/vec4 v000001c678901ec0_0;
    %inv;
    %store/vec4 v000001c678901240_0, 0, 1;
    %jmp T_51;
    .thread T_51, $push;
    .scope S_000001c6786a5830;
T_52 ;
    %wait E_000001c678822c10;
    %load/vec4 v000001c678902be0_0;
    %nor/r;
    %flag_set/vec4 8;
    %jmp/0xz  T_52.0, 8;
    %pushi/vec4 0, 0, 1;
    %assign/vec4 v000001c678901ec0_0, 0;
    %pushi/vec4 0, 0, 1;
    %assign/vec4 v000001c678902780_0, 0;
    %pushi/vec4 0, 0, 32;
    %assign/vec4 v000001c678900480_0, 0;
    %pushi/vec4 0, 0, 4;
    %assign/vec4 v000001c678900700_0, 0;
    %pushi/vec4 0, 0, 32;
    %assign/vec4 v000001c678901ba0_0, 0;
    %pushi/vec4 0, 0, 1;
    %assign/vec4 v000001c6788ffb20_0, 0;
    %pushi/vec4 0, 0, 1;
    %assign/vec4 v000001c678900340_0, 0;
    %pushi/vec4 0, 0, 64;
    %assign/vec4 v000001c678900200_0, 0;
    %pushi/vec4 0, 0, 1;
    %assign/vec4 v000001c6789002a0_0, 0;
    %pushi/vec4 0, 0, 1;
    %assign/vec4 v000001c6789005c0_0, 0;
    %pushi/vec4 0, 0, 32;
    %assign/vec4 v000001c678901740_0, 0;
    %jmp T_52.1;
T_52.0 ;
    %load/vec4 v000001c678900520_0;
    %flag_set/vec4 10;
    %flag_get/vec4 10;
    %jmp/0 T_52.5, 10;
    %load/vec4 v000001c678901240_0;
    %and;
T_52.5;
    %flag_set/vec4 9;
    %flag_get/vec4 9;
    %jmp/0 T_52.4, 9;
    %load/vec4 v000001c6788ffc60_0;
    %pushi/vec4 0, 0, 2;
    %cmp/e;
    %flag_get/vec4 4;
    %and;
T_52.4;
    %flag_set/vec4 8;
    %jmp/0xz  T_52.2, 8;
    %load/vec4 v000001c678901740_0;
    %addi 1, 0, 32;
    %assign/vec4 v000001c678901740_0, 0;
T_52.2 ;
    %load/vec4 v000001c678900520_0;
    %flag_set/vec4 9;
    %flag_get/vec4 9;
    %jmp/0 T_52.8, 9;
    %load/vec4 v000001c678901240_0;
    %and;
T_52.8;
    %flag_set/vec4 8;
    %jmp/0xz  T_52.6, 8;
    %pushi/vec4 1, 0, 1;
    %assign/vec4 v000001c678901ec0_0, 0;
    %load/vec4 v000001c6788ffc60_0;
    %pushi/vec4 1, 0, 2;
    %cmp/e;
    %flag_get/vec4 4;
    %assign/vec4 v000001c678902780_0, 0;
    %load/vec4 v000001c678901060_0;
    %assign/vec4 v000001c678900480_0, 0;
    %pushi/vec4 0, 0, 4;
    %assign/vec4 v000001c678900700_0, 0;
    %load/vec4 v000001c6788ff940_0;
    %assign/vec4 v000001c678901ba0_0, 0;
    %load/vec4 v000001c678901c40_0;
    %assign/vec4 v000001c6788ffb20_0, 0;
T_52.6 ;
    %load/vec4 v000001c678900340_0;
    %flag_set/vec4 9;
    %flag_get/vec4 9;
    %jmp/0 T_52.11, 9;
    %load/vec4 v000001c6789016a0_0;
    %and;
T_52.11;
    %flag_set/vec4 8;
    %jmp/0xz  T_52.9, 8;
    %pushi/vec4 0, 0, 1;
    %assign/vec4 v000001c678900340_0, 0;
T_52.9 ;
    %load/vec4 v000001c678901ec0_0;
    %flag_set/vec4 8;
    %jmp/0xz  T_52.12, 8;
    %load/vec4 v000001c678901ba0_0;
    %cmpi/ne 0, 0, 32;
    %jmp/0xz  T_52.14, 4;
    %load/vec4 v000001c678901ba0_0;
    %subi 1, 0, 32;
    %assign/vec4 v000001c678901ba0_0, 0;
    %jmp T_52.15;
T_52.14 ;
    %load/vec4 v000001c678900340_0;
    %nor/r;
    %flag_set/vec4 8;
    %jmp/1 T_52.18, 8;
    %load/vec4 v000001c678900340_0;
    %flag_set/vec4 10;
    %flag_get/vec4 10;
    %jmp/0 T_52.19, 10;
    %load/vec4 v000001c6789016a0_0;
    %and;
T_52.19;
    %flag_set/vec4 9;
    %flag_or 8, 9;
T_52.18;
    %jmp/0xz  T_52.16, 8;
    %pushi/vec4 1, 0, 1;
    %assign/vec4 v000001c678900340_0, 0;
    %load/vec4 v000001c6788ffb20_0;
    %assign/vec4 v000001c6789005c0_0, 0;
    %load/vec4 v000001c678902780_0;
    %flag_set/vec4 8;
    %jmp/0xz  T_52.20, 8;
    %pushi/vec4 0, 0, 32;
    %load/vec4 v000001c678900480_0;
    %store/vec4 v000001c6788fd640_0, 0, 32;
    %callf/vec4 TD_icache_pipeline_tb.mem_word, S_000001c678908b70;
    %concat/vec4; draw_concat_vec4
    %assign/vec4 v000001c678900200_0, 0;
    %pushi/vec4 1, 0, 1;
    %assign/vec4 v000001c6789002a0_0, 0;
    %load/vec4 v000001c6789016a0_0;
    %flag_set/vec4 8;
    %jmp/0xz  T_52.22, 8;
    %pushi/vec4 0, 0, 1;
    %assign/vec4 v000001c678901ec0_0, 0;
T_52.22 ;
    %jmp T_52.21;
T_52.20 ;
    %load/vec4 v000001c678900480_0;
    %load/vec4 v000001c678900700_0;
    %store/vec4 v000001c6788ff760_0, 0, 4;
    %store/vec4 v000001c6788fe2c0_0, 0, 32;
    %callf/vec4 TD_icache_pipeline_tb.make_beat, S_000001c6789083a0;
    %assign/vec4 v000001c678900200_0, 0;
    %load/vec4 v000001c678900700_0;
    %pushi/vec4 7, 0, 4;
    %cmp/e;
    %flag_get/vec4 4;
    %assign/vec4 v000001c6789002a0_0, 0;
    %load/vec4 v000001c6789016a0_0;
    %flag_set/vec4 8;
    %jmp/0xz  T_52.24, 8;
    %load/vec4 v000001c678900700_0;
    %cmpi/e 7, 0, 4;
    %jmp/0xz  T_52.26, 4;
    %pushi/vec4 0, 0, 1;
    %assign/vec4 v000001c678901ec0_0, 0;
    %jmp T_52.27;
T_52.26 ;
    %load/vec4 v000001c678900700_0;
    %addi 1, 0, 4;
    %assign/vec4 v000001c678900700_0, 0;
T_52.27 ;
T_52.24 ;
T_52.21 ;
    %load/vec4 v000001c6788ffb20_0;
    %flag_set/vec4 9;
    %flag_get/vec4 9;
    %jmp/0 T_52.30, 9;
    %load/vec4 v000001c6789016a0_0;
    %and;
T_52.30;
    %flag_set/vec4 8;
    %jmp/0xz  T_52.28, 8;
    %pushi/vec4 0, 0, 1;
    %assign/vec4 v000001c6788ffb20_0, 0;
T_52.28 ;
T_52.16 ;
T_52.15 ;
T_52.12 ;
T_52.1 ;
    %jmp T_52;
    .thread T_52;
    .scope S_000001c6786a5830;
T_53 ;
    %wait E_000001c678822c10;
    %load/vec4 v000001c678902be0_0;
    %nor/r;
    %flag_set/vec4 8;
    %jmp/0xz  T_53.0, 8;
    %pushi/vec4 0, 0, 1;
    %assign/vec4 v000001c678902000_0, 0;
    %pushi/vec4 0, 0, 2;
    %assign/vec4 v000001c678900b60_0, 0;
    %pushi/vec4 0, 0, 32;
    %assign/vec4 v000001c678900840_0, 0;
    %pushi/vec4 0, 0, 3;
    %assign/vec4 v000001c6789011a0_0, 0;
    %pushi/vec4 0, 0, 3;
    %assign/vec4 v000001c6788ff8a0_0, 0;
    %pushi/vec4 0, 0, 32;
    %assign/vec4 v000001c6788ffee0_0, 0;
    %pushi/vec4 0, 0, 1;
    %assign/vec4 v000001c6789012e0_0, 0;
    %pushi/vec4 0, 0, 1;
    %assign/vec4 v000001c678900a20_0, 0;
    %pushi/vec4 0, 0, 64;
    %assign/vec4 v000001c6789014c0_0, 0;
    %pushi/vec4 0, 0, 1;
    %assign/vec4 v000001c678900980_0, 0;
    %pushi/vec4 0, 0, 1;
    %assign/vec4 v000001c6789007a0_0, 0;
    %jmp T_53.1;
T_53.0 ;
    %load/vec4 v000001c678900a20_0;
    %flag_set/vec4 9;
    %flag_get/vec4 9;
    %jmp/0 T_53.4, 9;
    %load/vec4 v000001c6789003e0_0;
    %and;
T_53.4;
    %flag_set/vec4 8;
    %jmp/0xz  T_53.2, 8;
    %pushi/vec4 0, 0, 1;
    %assign/vec4 v000001c678900a20_0, 0;
T_53.2 ;
    %load/vec4 v000001c678901f60_0;
    %flag_set/vec4 9;
    %flag_get/vec4 9;
    %jmp/0 T_53.7, 9;
    %load/vec4 v000001c678900ac0_0;
    %and;
T_53.7;
    %flag_set/vec4 8;
    %jmp/0xz  T_53.5, 8;
    %load/vec4 v000001c678901380_0;
    %dup/vec4;
    %pushi/vec4 0, 0, 2;
    %cmp/u;
    %jmp/1 T_53.8, 6;
    %dup/vec4;
    %pushi/vec4 1, 0, 2;
    %cmp/u;
    %jmp/1 T_53.9, 6;
    %dup/vec4;
    %pushi/vec4 2, 0, 2;
    %cmp/u;
    %jmp/1 T_53.10, 6;
    %dup/vec4;
    %pushi/vec4 3, 0, 2;
    %cmp/u;
    %jmp/1 T_53.11, 6;
    %jmp T_53.13;
T_53.8 ;
    %pushi/vec4 1, 0, 1;
    %assign/vec4 v000001c678902000_0, 0;
    %pushi/vec4 0, 0, 2;
    %assign/vec4 v000001c678900b60_0, 0;
    %load/vec4 v000001c678901b00_0;
    %assign/vec4 v000001c678900840_0, 0;
    %pushi/vec4 0, 0, 3;
    %assign/vec4 v000001c6789011a0_0, 0;
    %load/vec4 v000001c6788ffda0_0;
    %assign/vec4 v000001c6788ffee0_0, 0;
    %load/vec4 v000001c678901a60_0;
    %assign/vec4 v000001c6789012e0_0, 0;
    %jmp T_53.13;
T_53.9 ;
    %pushi/vec4 1, 0, 1;
    %assign/vec4 v000001c678902000_0, 0;
    %pushi/vec4 1, 0, 2;
    %assign/vec4 v000001c678900b60_0, 0;
    %load/vec4 v000001c678901b00_0;
    %assign/vec4 v000001c678900840_0, 0;
    %pushi/vec4 0, 0, 3;
    %assign/vec4 v000001c6789011a0_0, 0;
    %load/vec4 v000001c6788ffda0_0;
    %assign/vec4 v000001c6788ffee0_0, 0;
    %load/vec4 v000001c678901a60_0;
    %assign/vec4 v000001c6789012e0_0, 0;
    %jmp T_53.13;
T_53.10 ;
    %load/vec4 v000001c678901b00_0;
    %parti/s 29, 3, 3;
    %concati/vec4 0, 0, 3;
    %store/vec4 v000001c6788fdb40_0, 0, 32;
    %load/vec4 v000001c678900c00_0;
    %store/vec4 v000001c6788fe680_0, 0, 64;
    %load/vec4 v000001c678900fc0_0;
    %store/vec4 v000001c6788fd500_0, 0, 8;
    %fork TD_icache_pipeline_tb.mem_write64, S_000001c678908d00;
    %join;
    %pushi/vec4 1, 0, 1;
    %assign/vec4 v000001c678902000_0, 0;
    %pushi/vec4 2, 0, 2;
    %assign/vec4 v000001c678900b60_0, 0;
    %load/vec4 v000001c678901b00_0;
    %assign/vec4 v000001c678900840_0, 0;
    %pushi/vec4 0, 0, 3;
    %assign/vec4 v000001c6789011a0_0, 0;
    %load/vec4 v000001c6788ffda0_0;
    %assign/vec4 v000001c6788ffee0_0, 0;
    %load/vec4 v000001c678901a60_0;
    %assign/vec4 v000001c6789012e0_0, 0;
    %jmp T_53.13;
T_53.11 ;
    %load/vec4 v000001c678901b00_0;
    %load/vec4 v000001c6788ff8a0_0;
    %concati/vec4 0, 0, 3;
    %pad/u 32;
    %add;
    %store/vec4 v000001c6788fdb40_0, 0, 32;
    %load/vec4 v000001c678900c00_0;
    %store/vec4 v000001c6788fe680_0, 0, 64;
    %load/vec4 v000001c678900fc0_0;
    %store/vec4 v000001c6788fd500_0, 0, 8;
    %fork TD_icache_pipeline_tb.mem_write64, S_000001c678908d00;
    %join;
    %load/vec4 v000001c6788ff8a0_0;
    %cmpi/e 7, 0, 3;
    %jmp/0xz  T_53.14, 4;
    %pushi/vec4 0, 0, 3;
    %assign/vec4 v000001c6788ff8a0_0, 0;
    %pushi/vec4 1, 0, 1;
    %assign/vec4 v000001c678902000_0, 0;
    %pushi/vec4 3, 0, 2;
    %assign/vec4 v000001c678900b60_0, 0;
    %load/vec4 v000001c678901b00_0;
    %assign/vec4 v000001c678900840_0, 0;
    %pushi/vec4 0, 0, 3;
    %assign/vec4 v000001c6789011a0_0, 0;
    %load/vec4 v000001c6788ffda0_0;
    %assign/vec4 v000001c6788ffee0_0, 0;
    %load/vec4 v000001c678901a60_0;
    %assign/vec4 v000001c6789012e0_0, 0;
    %jmp T_53.15;
T_53.14 ;
    %load/vec4 v000001c6788ff8a0_0;
    %addi 1, 0, 3;
    %assign/vec4 v000001c6788ff8a0_0, 0;
T_53.15 ;
    %jmp T_53.13;
T_53.13 ;
    %pop/vec4 1;
T_53.5 ;
    %load/vec4 v000001c678902000_0;
    %flag_set/vec4 8;
    %jmp/0xz  T_53.16, 8;
    %load/vec4 v000001c6788ffee0_0;
    %cmpi/ne 0, 0, 32;
    %jmp/0xz  T_53.18, 4;
    %load/vec4 v000001c6788ffee0_0;
    %subi 1, 0, 32;
    %assign/vec4 v000001c6788ffee0_0, 0;
    %jmp T_53.19;
T_53.18 ;
    %load/vec4 v000001c678900a20_0;
    %nor/r;
    %flag_set/vec4 8;
    %jmp/1 T_53.22, 8;
    %load/vec4 v000001c678900a20_0;
    %flag_set/vec4 10;
    %flag_get/vec4 10;
    %jmp/0 T_53.23, 10;
    %load/vec4 v000001c6789003e0_0;
    %and;
T_53.23;
    %flag_set/vec4 9;
    %flag_or 8, 9;
T_53.22;
    %jmp/0xz  T_53.20, 8;
    %pushi/vec4 1, 0, 1;
    %assign/vec4 v000001c678900a20_0, 0;
    %load/vec4 v000001c6789012e0_0;
    %assign/vec4 v000001c6789007a0_0, 0;
    %load/vec4 v000001c678900b60_0;
    %dup/vec4;
    %pushi/vec4 0, 0, 2;
    %cmp/u;
    %jmp/1 T_53.24, 6;
    %dup/vec4;
    %pushi/vec4 1, 0, 2;
    %cmp/u;
    %jmp/1 T_53.25, 6;
    %pushi/vec4 0, 0, 64;
    %assign/vec4 v000001c6789014c0_0, 0;
    %pushi/vec4 1, 0, 1;
    %assign/vec4 v000001c678900980_0, 0;
    %load/vec4 v000001c6789003e0_0;
    %flag_set/vec4 8;
    %jmp/0xz  T_53.28, 8;
    %pushi/vec4 0, 0, 1;
    %assign/vec4 v000001c678902000_0, 0;
T_53.28 ;
    %jmp T_53.27;
T_53.24 ;
    %load/vec4 v000001c678900840_0;
    %load/vec4 v000001c6789011a0_0;
    %pad/u 4;
    %store/vec4 v000001c6788ff760_0, 0, 4;
    %store/vec4 v000001c6788fe2c0_0, 0, 32;
    %callf/vec4 TD_icache_pipeline_tb.make_beat, S_000001c6789083a0;
    %assign/vec4 v000001c6789014c0_0, 0;
    %load/vec4 v000001c6789011a0_0;
    %pushi/vec4 7, 0, 3;
    %cmp/e;
    %flag_get/vec4 4;
    %assign/vec4 v000001c678900980_0, 0;
    %load/vec4 v000001c6789003e0_0;
    %flag_set/vec4 8;
    %jmp/0xz  T_53.30, 8;
    %load/vec4 v000001c6789011a0_0;
    %cmpi/e 7, 0, 3;
    %jmp/0xz  T_53.32, 4;
    %pushi/vec4 0, 0, 1;
    %assign/vec4 v000001c678902000_0, 0;
    %jmp T_53.33;
T_53.32 ;
    %load/vec4 v000001c6789011a0_0;
    %addi 1, 0, 3;
    %assign/vec4 v000001c6789011a0_0, 0;
T_53.33 ;
T_53.30 ;
    %jmp T_53.27;
T_53.25 ;
    %load/vec4 v000001c678900840_0;
    %load/vec4 v000001c678900840_0;
    %store/vec4 v000001c6788feae0_0, 0, 32;
    %callf/vec4 TD_icache_pipeline_tb.mem_read_word, S_000001c678908e90;
    %store/vec4 v000001c6788ff620_0, 0, 32;
    %store/vec4 v000001c6788ff580_0, 0, 32;
    %callf/vec4 TD_icache_pipeline_tb.uc_read_data, S_000001c678909ca0;
    %assign/vec4 v000001c6789014c0_0, 0;
    %pushi/vec4 1, 0, 1;
    %assign/vec4 v000001c678900980_0, 0;
    %load/vec4 v000001c6789003e0_0;
    %flag_set/vec4 8;
    %jmp/0xz  T_53.34, 8;
    %pushi/vec4 0, 0, 1;
    %assign/vec4 v000001c678902000_0, 0;
T_53.34 ;
    %jmp T_53.27;
T_53.27 ;
    %pop/vec4 1;
    %load/vec4 v000001c6789012e0_0;
    %flag_set/vec4 9;
    %flag_get/vec4 9;
    %jmp/0 T_53.38, 9;
    %load/vec4 v000001c6789003e0_0;
    %and;
T_53.38;
    %flag_set/vec4 8;
    %jmp/0xz  T_53.36, 8;
    %pushi/vec4 0, 0, 1;
    %assign/vec4 v000001c6789012e0_0, 0;
T_53.36 ;
T_53.20 ;
T_53.19 ;
T_53.16 ;
T_53.1 ;
    %jmp T_53;
    .thread T_53;
    .scope S_000001c6786a5830;
T_54 ;
    %pushi/vec4 0, 0, 32;
    %store/vec4 v000001c6789025a0_0, 0, 32;
    %vpi_func 3 447 "$value$plusargs" 32, "TEST=%d", v000001c6789025a0_0 {0 0 0};
    %nor/r;
    %flag_set/vec4 8;
    %jmp/0xz  T_54.0, 8;
    %pushi/vec4 0, 0, 32;
    %store/vec4 v000001c6789025a0_0, 0, 32;
T_54.0 ;
    %pushi/vec4 0, 0, 32; draw_string_vec4
    %pushi/vec4 0, 0, 32; draw_string_vec4
    %concat/vec4; draw_string_vec4
    %pushi/vec4 0, 0, 32; draw_string_vec4
    %concat/vec4; draw_string_vec4
    %pushi/vec4 0, 0, 32; draw_string_vec4
    %concat/vec4; draw_string_vec4
    %pushi/vec4 0, 0, 32; draw_string_vec4
    %concat/vec4; draw_string_vec4
    %pushi/vec4 0, 0, 32; draw_string_vec4
    %concat/vec4; draw_string_vec4
    %pushi/vec4 0, 0, 32; draw_string_vec4
    %concat/vec4; draw_string_vec4
    %pushi/vec4 0, 0, 32; draw_string_vec4
    %concat/vec4; draw_string_vec4
    %pushi/vec4 0, 0, 32; draw_string_vec4
    %concat/vec4; draw_string_vec4
    %pushi/vec4 0, 0, 32; draw_string_vec4
    %concat/vec4; draw_string_vec4
    %pushi/vec4 0, 0, 32; draw_string_vec4
    %concat/vec4; draw_string_vec4
    %pushi/vec4 0, 0, 32; draw_string_vec4
    %concat/vec4; draw_string_vec4
    %pushi/vec4 7369327, 0, 32; draw_string_vec4
    %concat/vec4; draw_string_vec4
    %pushi/vec4 1735549293, 0, 32; draw_string_vec4
    %concat/vec4; draw_string_vec4
    %pushi/vec4 1600414834, 0, 32; draw_string_vec4
    %concat/vec4; draw_string_vec4
    %pushi/vec4 778921325, 0, 32; draw_string_vec4
    %concat/vec4; draw_string_vec4
    %store/vec4 v000001c6789019c0_0, 0, 512;
    %pushi/vec4 4, 0, 5;
    %store/vec4 v000001c678900f20_0, 0, 5;
    %pushi/vec4 17, 0, 32;
    %store/vec4 v000001c6788ffa80_0, 0, 32;
    %pushi/vec4 1, 0, 1;
    %store/vec4 v000001c678902dc0_0, 0, 1;
    %pushi/vec4 2000, 0, 32;
    %store/vec4 v000001c678901880_0, 0, 32;
    %pushi/vec4 0, 0, 32;
    %store/vec4 v000001c6788ff940_0, 0, 32;
    %pushi/vec4 0, 0, 32;
    %store/vec4 v000001c6788ffda0_0, 0, 32;
    %pushi/vec4 0, 0, 1;
    %store/vec4 v000001c678901c40_0, 0, 1;
    %pushi/vec4 0, 0, 1;
    %store/vec4 v000001c678901a60_0, 0, 1;
    %load/vec4 v000001c6789025a0_0;
    %dup/vec4;
    %pushi/vec4 1, 0, 32;
    %cmp/u;
    %jmp/1 T_54.2, 6;
    %dup/vec4;
    %pushi/vec4 2, 0, 32;
    %cmp/u;
    %jmp/1 T_54.3, 6;
    %dup/vec4;
    %pushi/vec4 3, 0, 32;
    %cmp/u;
    %jmp/1 T_54.4, 6;
    %dup/vec4;
    %pushi/vec4 4, 0, 32;
    %cmp/u;
    %jmp/1 T_54.5, 6;
    %dup/vec4;
    %pushi/vec4 5, 0, 32;
    %cmp/u;
    %jmp/1 T_54.6, 6;
    %dup/vec4;
    %pushi/vec4 6, 0, 32;
    %cmp/u;
    %jmp/1 T_54.7, 6;
    %dup/vec4;
    %pushi/vec4 7, 0, 32;
    %cmp/u;
    %jmp/1 T_54.8, 6;
    %dup/vec4;
    %pushi/vec4 8, 0, 32;
    %cmp/u;
    %jmp/1 T_54.9, 6;
    %dup/vec4;
    %pushi/vec4 9, 0, 32;
    %cmp/u;
    %jmp/1 T_54.10, 6;
    %dup/vec4;
    %pushi/vec4 10, 0, 32;
    %cmp/u;
    %jmp/1 T_54.11, 6;
    %dup/vec4;
    %pushi/vec4 11, 0, 32;
    %cmp/u;
    %jmp/1 T_54.12, 6;
    %dup/vec4;
    %pushi/vec4 12, 0, 32;
    %cmp/u;
    %jmp/1 T_54.13, 6;
    %dup/vec4;
    %pushi/vec4 13, 0, 32;
    %cmp/u;
    %jmp/1 T_54.14, 6;
    %dup/vec4;
    %pushi/vec4 14, 0, 32;
    %cmp/u;
    %jmp/1 T_54.15, 6;
    %dup/vec4;
    %pushi/vec4 15, 0, 32;
    %cmp/u;
    %jmp/1 T_54.16, 6;
    %dup/vec4;
    %pushi/vec4 16, 0, 32;
    %cmp/u;
    %jmp/1 T_54.17, 6;
    %dup/vec4;
    %pushi/vec4 17, 0, 32;
    %cmp/u;
    %jmp/1 T_54.18, 6;
    %dup/vec4;
    %pushi/vec4 18, 0, 32;
    %cmp/u;
    %jmp/1 T_54.19, 6;
    %dup/vec4;
    %pushi/vec4 19, 0, 32;
    %cmp/u;
    %jmp/1 T_54.20, 6;
    %dup/vec4;
    %pushi/vec4 20, 0, 32;
    %cmp/u;
    %jmp/1 T_54.21, 6;
    %dup/vec4;
    %pushi/vec4 21, 0, 32;
    %cmp/u;
    %jmp/1 T_54.22, 6;
    %jmp T_54.24;
T_54.2 ;
    %pushi/vec4 0, 0, 32; draw_string_vec4
    %pushi/vec4 0, 0, 32; draw_string_vec4
    %concat/vec4; draw_string_vec4
    %pushi/vec4 0, 0, 32; draw_string_vec4
    %concat/vec4; draw_string_vec4
    %pushi/vec4 0, 0, 32; draw_string_vec4
    %concat/vec4; draw_string_vec4
    %pushi/vec4 0, 0, 32; draw_string_vec4
    %concat/vec4; draw_string_vec4
    %pushi/vec4 0, 0, 32; draw_string_vec4
    %concat/vec4; draw_string_vec4
    %pushi/vec4 0, 0, 32; draw_string_vec4
    %concat/vec4; draw_string_vec4
    %pushi/vec4 0, 0, 32; draw_string_vec4
    %concat/vec4; draw_string_vec4
    %pushi/vec4 1413829460, 0, 32; draw_string_vec4
    %concat/vec4; draw_string_vec4
    %pushi/vec4 1598441804, 0, 32; draw_string_vec4
    %concat/vec4; draw_string_vec4
    %pushi/vec4 1163079533, 0, 32; draw_string_vec4
    %concat/vec4; draw_string_vec4
    %pushi/vec4 1701666676, 0, 32; draw_string_vec4
    %concat/vec4; draw_string_vec4
    %pushi/vec4 1702065201, 0, 32; draw_string_vec4
    %concat/vec4; draw_string_vec4
    %pushi/vec4 1600220277, 0, 32; draw_string_vec4
    %concat/vec4; draw_string_vec4
    %pushi/vec4 1600550756, 0, 32; draw_string_vec4
    %concat/vec4; draw_string_vec4
    %pushi/vec4 778921325, 0, 32; draw_string_vec4
    %concat/vec4; draw_string_vec4
    %store/vec4 v000001c6789019c0_0, 0, 512;
    %pushi/vec4 3, 0, 5;
    %store/vec4 v000001c678900f20_0, 0, 5;
    %pushi/vec4 4, 0, 32;
    %store/vec4 v000001c6788ffa80_0, 0, 32;
    %pushi/vec4 0, 0, 1;
    %store/vec4 v000001c678902dc0_0, 0, 1;
    %jmp T_54.24;
T_54.3 ;
    %pushi/vec4 0, 0, 32; draw_string_vec4
    %pushi/vec4 0, 0, 32; draw_string_vec4
    %concat/vec4; draw_string_vec4
    %pushi/vec4 0, 0, 32; draw_string_vec4
    %concat/vec4; draw_string_vec4
    %pushi/vec4 0, 0, 32; draw_string_vec4
    %concat/vec4; draw_string_vec4
    %pushi/vec4 0, 0, 32; draw_string_vec4
    %concat/vec4; draw_string_vec4
    %pushi/vec4 0, 0, 32; draw_string_vec4
    %concat/vec4; draw_string_vec4
    %pushi/vec4 0, 0, 32; draw_string_vec4
    %concat/vec4; draw_string_vec4
    %pushi/vec4 84, 0, 32; draw_string_vec4
    %concat/vec4; draw_string_vec4
    %pushi/vec4 1163088991, 0, 32; draw_string_vec4
    %concat/vec4; draw_string_vec4
    %pushi/vec4 1179208773, 0, 32; draw_string_vec4
    %concat/vec4; draw_string_vec4
    %pushi/vec4 1395617125, 0, 32; draw_string_vec4
    %concat/vec4; draw_string_vec4
    %pushi/vec4 1834972261, 0, 32; draw_string_vec4
    %concat/vec4; draw_string_vec4
    %pushi/vec4 1936994911, 0, 32; draw_string_vec4
    %concat/vec4; draw_string_vec4
    %pushi/vec4 1819238756, 0, 32; draw_string_vec4
    %concat/vec4; draw_string_vec4
    %pushi/vec4 1601532773, 0, 32; draw_string_vec4
    %concat/vec4; draw_string_vec4
    %pushi/vec4 778921325, 0, 32; draw_string_vec4
    %concat/vec4; draw_string_vec4
    %store/vec4 v000001c6789019c0_0, 0, 512;
    %pushi/vec4 2, 0, 5;
    %store/vec4 v000001c678900f20_0, 0, 5;
    %pushi/vec4 18, 0, 32;
    %store/vec4 v000001c6788ffa80_0, 0, 32;
    %pushi/vec4 0, 0, 1;
    %store/vec4 v000001c678902dc0_0, 0, 1;
    %jmp T_54.24;
T_54.4 ;
    %pushi/vec4 0, 0, 32; draw_string_vec4
    %pushi/vec4 0, 0, 32; draw_string_vec4
    %concat/vec4; draw_string_vec4
    %pushi/vec4 0, 0, 32; draw_string_vec4
    %concat/vec4; draw_string_vec4
    %pushi/vec4 0, 0, 32; draw_string_vec4
    %concat/vec4; draw_string_vec4
    %pushi/vec4 0, 0, 32; draw_string_vec4
    %concat/vec4; draw_string_vec4
    %pushi/vec4 0, 0, 32; draw_string_vec4
    %concat/vec4; draw_string_vec4
    %pushi/vec4 0, 0, 32; draw_string_vec4
    %concat/vec4; draw_string_vec4
    %pushi/vec4 21573, 0, 32; draw_string_vec4
    %concat/vec4; draw_string_vec4
    %pushi/vec4 1398038342, 0, 32; draw_string_vec4
    %concat/vec4; draw_string_vec4
    %pushi/vec4 1229735251, 0, 32; draw_string_vec4
    %concat/vec4; draw_string_vec4
    %pushi/vec4 795698541, 0, 32; draw_string_vec4
    %concat/vec4; draw_string_vec4
    %pushi/vec4 1601463667, 0, 32; draw_string_vec4
    %concat/vec4; draw_string_vec4
    %pushi/vec4 1949523827, 0, 32; draw_string_vec4
    %concat/vec4; draw_string_vec4
    %pushi/vec4 1953460837, 0, 32; draw_string_vec4
    %concat/vec4; draw_string_vec4
    %pushi/vec4 1600415088, 0, 32; draw_string_vec4
    %concat/vec4; draw_string_vec4
    %pushi/vec4 778921325, 0, 32; draw_string_vec4
    %concat/vec4; draw_string_vec4
    %store/vec4 v000001c6789019c0_0, 0, 512;
    %pushi/vec4 2, 0, 5;
    %store/vec4 v000001c678900f20_0, 0, 5;
    %pushi/vec4 5, 0, 32;
    %store/vec4 v000001c6788ffa80_0, 0, 32;
    %pushi/vec4 0, 0, 1;
    %store/vec4 v000001c678902dc0_0, 0, 1;
    %jmp T_54.24;
T_54.5 ;
    %pushi/vec4 0, 0, 32; draw_string_vec4
    %pushi/vec4 0, 0, 32; draw_string_vec4
    %concat/vec4; draw_string_vec4
    %pushi/vec4 0, 0, 32; draw_string_vec4
    %concat/vec4; draw_string_vec4
    %pushi/vec4 0, 0, 32; draw_string_vec4
    %concat/vec4; draw_string_vec4
    %pushi/vec4 0, 0, 32; draw_string_vec4
    %concat/vec4; draw_string_vec4
    %pushi/vec4 0, 0, 32; draw_string_vec4
    %concat/vec4; draw_string_vec4
    %pushi/vec4 84, 0, 32; draw_string_vec4
    %concat/vec4; draw_string_vec4
    %pushi/vec4 1163088991, 0, 32; draw_string_vec4
    %concat/vec4; draw_string_vec4
    %pushi/vec4 1179208773, 0, 32; draw_string_vec4
    %concat/vec4; draw_string_vec4
    %pushi/vec4 1395617125, 0, 32; draw_string_vec4
    %concat/vec4; draw_string_vec4
    %pushi/vec4 1834972261, 0, 32; draw_string_vec4
    %concat/vec4; draw_string_vec4
    %pushi/vec4 1936995423, 0, 32; draw_string_vec4
    %concat/vec4; draw_string_vec4
    %pushi/vec4 1651663214, 0, 32; draw_string_vec4
    %concat/vec4; draw_string_vec4
    %pushi/vec4 1667784564, 0, 32; draw_string_vec4
    %concat/vec4; draw_string_vec4
    %pushi/vec4 1634428270, 0, 32; draw_string_vec4
    %concat/vec4; draw_string_vec4
    %pushi/vec4 778921325, 0, 32; draw_string_vec4
    %concat/vec4; draw_string_vec4
    %store/vec4 v000001c6789019c0_0, 0, 512;
    %pushi/vec4 2, 0, 5;
    %store/vec4 v000001c678900f20_0, 0, 5;
    %pushi/vec4 2, 0, 32;
    %store/vec4 v000001c6788ffa80_0, 0, 32;
    %pushi/vec4 0, 0, 1;
    %store/vec4 v000001c678902dc0_0, 0, 1;
    %jmp T_54.24;
T_54.6 ;
    %pushi/vec4 0, 0, 32; draw_string_vec4
    %pushi/vec4 0, 0, 32; draw_string_vec4
    %concat/vec4; draw_string_vec4
    %pushi/vec4 0, 0, 32; draw_string_vec4
    %concat/vec4; draw_string_vec4
    %pushi/vec4 0, 0, 32; draw_string_vec4
    %concat/vec4; draw_string_vec4
    %pushi/vec4 0, 0, 32; draw_string_vec4
    %concat/vec4; draw_string_vec4
    %pushi/vec4 0, 0, 32; draw_string_vec4
    %concat/vec4; draw_string_vec4
    %pushi/vec4 0, 0, 32; draw_string_vec4
    %concat/vec4; draw_string_vec4
    %pushi/vec4 5522771, 0, 32; draw_string_vec4
    %concat/vec4; draw_string_vec4
    %pushi/vec4 1415530057, 0, 32; draw_string_vec4
    %concat/vec4; draw_string_vec4
    %pushi/vec4 1279611695, 0, 32; draw_string_vec4
    %concat/vec4; draw_string_vec4
    %pushi/vec4 1835363679, 0, 32; draw_string_vec4
    %concat/vec4; draw_string_vec4
    %pushi/vec4 1952805748, 0, 32; draw_string_vec4
    %concat/vec4; draw_string_vec4
    %pushi/vec4 895446127, 0, 32; draw_string_vec4
    %concat/vec4; draw_string_vec4
    %pushi/vec4 1633967987, 0, 32; draw_string_vec4
    %concat/vec4; draw_string_vec4
    %pushi/vec4 1953460837, 0, 32; draw_string_vec4
    %concat/vec4; draw_string_vec4
    %pushi/vec4 778921325, 0, 32; draw_string_vec4
    %concat/vec4; draw_string_vec4
    %store/vec4 v000001c6789019c0_0, 0, 512;
    %pushi/vec4 2, 0, 5;
    %store/vec4 v000001c678900f20_0, 0, 5;
    %pushi/vec4 9, 0, 32;
    %store/vec4 v000001c6788ffa80_0, 0, 32;
    %pushi/vec4 0, 0, 1;
    %store/vec4 v000001c678902dc0_0, 0, 1;
    %jmp T_54.24;
T_54.7 ;
    %pushi/vec4 0, 0, 32; draw_string_vec4
    %pushi/vec4 0, 0, 32; draw_string_vec4
    %concat/vec4; draw_string_vec4
    %pushi/vec4 0, 0, 32; draw_string_vec4
    %concat/vec4; draw_string_vec4
    %pushi/vec4 0, 0, 32; draw_string_vec4
    %concat/vec4; draw_string_vec4
    %pushi/vec4 0, 0, 32; draw_string_vec4
    %concat/vec4; draw_string_vec4
    %pushi/vec4 84, 0, 32; draw_string_vec4
    %concat/vec4; draw_string_vec4
    %pushi/vec4 1163088991, 0, 32; draw_string_vec4
    %concat/vec4; draw_string_vec4
    %pushi/vec4 1179208773, 0, 32; draw_string_vec4
    %concat/vec4; draw_string_vec4
    %pushi/vec4 1395617125, 0, 32; draw_string_vec4
    %concat/vec4; draw_string_vec4
    %pushi/vec4 1834972261, 0, 32; draw_string_vec4
    %concat/vec4; draw_string_vec4
    %pushi/vec4 1936995935, 0, 32; draw_string_vec4
    %concat/vec4; draw_string_vec4
    %pushi/vec4 1651663214, 0, 32; draw_string_vec4
    %concat/vec4; draw_string_vec4
    %pushi/vec4 1667784558, 0, 32; draw_string_vec4
    %concat/vec4; draw_string_vec4
    %pushi/vec4 1869897588, 0, 32; draw_string_vec4
    %concat/vec4; draw_string_vec4
    %pushi/vec4 1634428270, 0, 32; draw_string_vec4
    %concat/vec4; draw_string_vec4
    %pushi/vec4 778921325, 0, 32; draw_string_vec4
    %concat/vec4; draw_string_vec4
    %store/vec4 v000001c6789019c0_0, 0, 512;
    %pushi/vec4 2, 0, 5;
    %store/vec4 v000001c678900f20_0, 0, 5;
    %pushi/vec4 2, 0, 32;
    %store/vec4 v000001c6788ffa80_0, 0, 32;
    %pushi/vec4 0, 0, 1;
    %store/vec4 v000001c678902dc0_0, 0, 1;
    %jmp T_54.24;
T_54.8 ;
    %pushi/vec4 0, 0, 32; draw_string_vec4
    %pushi/vec4 0, 0, 32; draw_string_vec4
    %concat/vec4; draw_string_vec4
    %pushi/vec4 0, 0, 32; draw_string_vec4
    %concat/vec4; draw_string_vec4
    %pushi/vec4 0, 0, 32; draw_string_vec4
    %concat/vec4; draw_string_vec4
    %pushi/vec4 0, 0, 32; draw_string_vec4
    %concat/vec4; draw_string_vec4
    %pushi/vec4 0, 0, 32; draw_string_vec4
    %concat/vec4; draw_string_vec4
    %pushi/vec4 0, 0, 32; draw_string_vec4
    %concat/vec4; draw_string_vec4
    %pushi/vec4 0, 0, 32; draw_string_vec4
    %concat/vec4; draw_string_vec4
    %pushi/vec4 0, 0, 32; draw_string_vec4
    %concat/vec4; draw_string_vec4
    %pushi/vec4 1413829460, 0, 32; draw_string_vec4
    %concat/vec4; draw_string_vec4
    %pushi/vec4 1598441804, 0, 32; draw_string_vec4
    %concat/vec4; draw_string_vec4
    %pushi/vec4 1163079533, 0, 32; draw_string_vec4
    %concat/vec4; draw_string_vec4
    %pushi/vec4 1701666676, 0, 32; draw_string_vec4
    %concat/vec4; draw_string_vec4
    %pushi/vec4 1702065207, 0, 32; draw_string_vec4
    %concat/vec4; draw_string_vec4
    %pushi/vec4 1600807276, 0, 32; draw_string_vec4
    %concat/vec4; draw_string_vec4
    %pushi/vec4 778921325, 0, 32; draw_string_vec4
    %concat/vec4; draw_string_vec4
    %store/vec4 v000001c6789019c0_0, 0, 512;
    %pushi/vec4 2, 0, 5;
    %store/vec4 v000001c678900f20_0, 0, 5;
    %pushi/vec4 4, 0, 32;
    %store/vec4 v000001c6788ffa80_0, 0, 32;
    %pushi/vec4 0, 0, 1;
    %store/vec4 v000001c678902dc0_0, 0, 1;
    %jmp T_54.24;
T_54.9 ;
    %pushi/vec4 0, 0, 32; draw_string_vec4
    %pushi/vec4 0, 0, 32; draw_string_vec4
    %concat/vec4; draw_string_vec4
    %pushi/vec4 0, 0, 32; draw_string_vec4
    %concat/vec4; draw_string_vec4
    %pushi/vec4 0, 0, 32; draw_string_vec4
    %concat/vec4; draw_string_vec4
    %pushi/vec4 0, 0, 32; draw_string_vec4
    %concat/vec4; draw_string_vec4
    %pushi/vec4 0, 0, 32; draw_string_vec4
    %concat/vec4; draw_string_vec4
    %pushi/vec4 0, 0, 32; draw_string_vec4
    %concat/vec4; draw_string_vec4
    %pushi/vec4 0, 0, 32; draw_string_vec4
    %concat/vec4; draw_string_vec4
    %pushi/vec4 84, 0, 32; draw_string_vec4
    %concat/vec4; draw_string_vec4
    %pushi/vec4 1163088991, 0, 32; draw_string_vec4
    %concat/vec4; draw_string_vec4
    %pushi/vec4 1179208773, 0, 32; draw_string_vec4
    %concat/vec4; draw_string_vec4
    %pushi/vec4 1395617125, 0, 32; draw_string_vec4
    %concat/vec4; draw_string_vec4
    %pushi/vec4 1834972261, 0, 32; draw_string_vec4
    %concat/vec4; draw_string_vec4
    %pushi/vec4 1936996447, 0, 32; draw_string_vec4
    %concat/vec4; draw_string_vec4
    %pushi/vec4 1784769650, 0, 32; draw_string_vec4
    %concat/vec4; draw_string_vec4
    %pushi/vec4 778921325, 0, 32; draw_string_vec4
    %concat/vec4; draw_string_vec4
    %store/vec4 v000001c6789019c0_0, 0, 512;
    %pushi/vec4 2, 0, 5;
    %store/vec4 v000001c678900f20_0, 0, 5;
    %pushi/vec4 4, 0, 32;
    %store/vec4 v000001c6788ffa80_0, 0, 32;
    %pushi/vec4 0, 0, 1;
    %store/vec4 v000001c678902dc0_0, 0, 1;
    %jmp T_54.24;
T_54.10 ;
    %pushi/vec4 0, 0, 32; draw_string_vec4
    %pushi/vec4 0, 0, 32; draw_string_vec4
    %concat/vec4; draw_string_vec4
    %pushi/vec4 0, 0, 32; draw_string_vec4
    %concat/vec4; draw_string_vec4
    %pushi/vec4 0, 0, 32; draw_string_vec4
    %concat/vec4; draw_string_vec4
    %pushi/vec4 0, 0, 32; draw_string_vec4
    %concat/vec4; draw_string_vec4
    %pushi/vec4 0, 0, 32; draw_string_vec4
    %concat/vec4; draw_string_vec4
    %pushi/vec4 0, 0, 32; draw_string_vec4
    %concat/vec4; draw_string_vec4
    %pushi/vec4 0, 0, 32; draw_string_vec4
    %concat/vec4; draw_string_vec4
    %pushi/vec4 21573, 0, 32; draw_string_vec4
    %concat/vec4; draw_string_vec4
    %pushi/vec4 1398038342, 0, 32; draw_string_vec4
    %concat/vec4; draw_string_vec4
    %pushi/vec4 1229735251, 0, 32; draw_string_vec4
    %concat/vec4; draw_string_vec4
    %pushi/vec4 795698541, 0, 32; draw_string_vec4
    %concat/vec4; draw_string_vec4
    %pushi/vec4 1601463667, 0, 32; draw_string_vec4
    %concat/vec4; draw_string_vec4
    %pushi/vec4 1949917036, 0, 32; draw_string_vec4
    %concat/vec4; draw_string_vec4
    %pushi/vec4 1650422626, 0, 32; draw_string_vec4
    %concat/vec4; draw_string_vec4
    %pushi/vec4 778921325, 0, 32; draw_string_vec4
    %concat/vec4; draw_string_vec4
    %store/vec4 v000001c6789019c0_0, 0, 512;
    %pushi/vec4 2, 0, 5;
    %store/vec4 v000001c678900f20_0, 0, 5;
    %pushi/vec4 4294967168, 0, 32;
    %store/vec4 v000001c6788ffa80_0, 0, 32;
    %pushi/vec4 0, 0, 1;
    %store/vec4 v000001c678902dc0_0, 0, 1;
    %jmp T_54.24;
T_54.11 ;
    %pushi/vec4 0, 0, 32; draw_string_vec4
    %pushi/vec4 0, 0, 32; draw_string_vec4
    %concat/vec4; draw_string_vec4
    %pushi/vec4 0, 0, 32; draw_string_vec4
    %concat/vec4; draw_string_vec4
    %pushi/vec4 0, 0, 32; draw_string_vec4
    %concat/vec4; draw_string_vec4
    %pushi/vec4 0, 0, 32; draw_string_vec4
    %concat/vec4; draw_string_vec4
    %pushi/vec4 0, 0, 32; draw_string_vec4
    %concat/vec4; draw_string_vec4
    %pushi/vec4 0, 0, 32; draw_string_vec4
    %concat/vec4; draw_string_vec4
    %pushi/vec4 0, 0, 32; draw_string_vec4
    %concat/vec4; draw_string_vec4
    %pushi/vec4 1413829460, 0, 32; draw_string_vec4
    %concat/vec4; draw_string_vec4
    %pushi/vec4 1598441804, 0, 32; draw_string_vec4
    %concat/vec4; draw_string_vec4
    %pushi/vec4 1163079533, 0, 32; draw_string_vec4
    %concat/vec4; draw_string_vec4
    %pushi/vec4 1701666676, 0, 32; draw_string_vec4
    %concat/vec4; draw_string_vec4
    %pushi/vec4 1702065201, 0, 32; draw_string_vec4
    %concat/vec4; draw_string_vec4
    %pushi/vec4 811560040, 0, 32; draw_string_vec4
    %concat/vec4; draw_string_vec4
    %pushi/vec4 1969189736, 0, 32; draw_string_vec4
    %concat/vec4; draw_string_vec4
    %pushi/vec4 778921325, 0, 32; draw_string_vec4
    %concat/vec4; draw_string_vec4
    %store/vec4 v000001c6789019c0_0, 0, 512;
    %pushi/vec4 2, 0, 5;
    %store/vec4 v000001c678900f20_0, 0, 5;
    %pushi/vec4 240, 0, 32;
    %store/vec4 v000001c6788ffa80_0, 0, 32;
    %pushi/vec4 0, 0, 1;
    %store/vec4 v000001c678902dc0_0, 0, 1;
    %jmp T_54.24;
T_54.12 ;
    %pushi/vec4 0, 0, 32; draw_string_vec4
    %pushi/vec4 0, 0, 32; draw_string_vec4
    %concat/vec4; draw_string_vec4
    %pushi/vec4 0, 0, 32; draw_string_vec4
    %concat/vec4; draw_string_vec4
    %pushi/vec4 0, 0, 32; draw_string_vec4
    %concat/vec4; draw_string_vec4
    %pushi/vec4 0, 0, 32; draw_string_vec4
    %concat/vec4; draw_string_vec4
    %pushi/vec4 0, 0, 32; draw_string_vec4
    %concat/vec4; draw_string_vec4
    %pushi/vec4 0, 0, 32; draw_string_vec4
    %concat/vec4; draw_string_vec4
    %pushi/vec4 21573, 0, 32; draw_string_vec4
    %concat/vec4; draw_string_vec4
    %pushi/vec4 1398038342, 0, 32; draw_string_vec4
    %concat/vec4; draw_string_vec4
    %pushi/vec4 1229735251, 0, 32; draw_string_vec4
    %concat/vec4; draw_string_vec4
    %pushi/vec4 795698541, 0, 32; draw_string_vec4
    %concat/vec4; draw_string_vec4
    %pushi/vec4 1601463667, 0, 32; draw_string_vec4
    %concat/vec4; draw_string_vec4
    %pushi/vec4 1949380959, 0, 32; draw_string_vec4
    %concat/vec4; draw_string_vec4
    %pushi/vec4 1819242087, 0, 32; draw_string_vec4
    %concat/vec4; draw_string_vec4
    %pushi/vec4 1601005944, 0, 32; draw_string_vec4
    %concat/vec4; draw_string_vec4
    %pushi/vec4 778921325, 0, 32; draw_string_vec4
    %concat/vec4; draw_string_vec4
    %store/vec4 v000001c6789019c0_0, 0, 512;
    %pushi/vec4 8, 0, 5;
    %store/vec4 v000001c678900f20_0, 0, 5;
    %pushi/vec4 27, 0, 32;
    %store/vec4 v000001c6788ffa80_0, 0, 32;
    %pushi/vec4 0, 0, 1;
    %store/vec4 v000001c678902dc0_0, 0, 1;
    %jmp T_54.24;
T_54.13 ;
    %pushi/vec4 0, 0, 32; draw_string_vec4
    %pushi/vec4 0, 0, 32; draw_string_vec4
    %concat/vec4; draw_string_vec4
    %pushi/vec4 0, 0, 32; draw_string_vec4
    %concat/vec4; draw_string_vec4
    %pushi/vec4 0, 0, 32; draw_string_vec4
    %concat/vec4; draw_string_vec4
    %pushi/vec4 0, 0, 32; draw_string_vec4
    %concat/vec4; draw_string_vec4
    %pushi/vec4 0, 0, 32; draw_string_vec4
    %concat/vec4; draw_string_vec4
    %pushi/vec4 0, 0, 32; draw_string_vec4
    %concat/vec4; draw_string_vec4
    %pushi/vec4 21573, 0, 32; draw_string_vec4
    %concat/vec4; draw_string_vec4
    %pushi/vec4 1398038342, 0, 32; draw_string_vec4
    %concat/vec4; draw_string_vec4
    %pushi/vec4 1229735251, 0, 32; draw_string_vec4
    %concat/vec4; draw_string_vec4
    %pushi/vec4 795698541, 0, 32; draw_string_vec4
    %concat/vec4; draw_string_vec4
    %pushi/vec4 1601463667, 0, 32; draw_string_vec4
    %concat/vec4; draw_string_vec4
    %pushi/vec4 1949381215, 0, 32; draw_string_vec4
    %concat/vec4; draw_string_vec4
    %pushi/vec4 1819242087, 0, 32; draw_string_vec4
    %concat/vec4; draw_string_vec4
    %pushi/vec4 1601004909, 0, 32; draw_string_vec4
    %concat/vec4; draw_string_vec4
    %pushi/vec4 778921325, 0, 32; draw_string_vec4
    %concat/vec4; draw_string_vec4
    %store/vec4 v000001c6789019c0_0, 0, 512;
    %pushi/vec4 10, 0, 5;
    %store/vec4 v000001c678900f20_0, 0, 5;
    %pushi/vec4 259, 0, 32;
    %store/vec4 v000001c6788ffa80_0, 0, 32;
    %pushi/vec4 0, 0, 1;
    %store/vec4 v000001c678902dc0_0, 0, 1;
    %jmp T_54.24;
T_54.14 ;
    %pushi/vec4 0, 0, 32; draw_string_vec4
    %pushi/vec4 0, 0, 32; draw_string_vec4
    %concat/vec4; draw_string_vec4
    %pushi/vec4 0, 0, 32; draw_string_vec4
    %concat/vec4; draw_string_vec4
    %pushi/vec4 0, 0, 32; draw_string_vec4
    %concat/vec4; draw_string_vec4
    %pushi/vec4 0, 0, 32; draw_string_vec4
    %concat/vec4; draw_string_vec4
    %pushi/vec4 0, 0, 32; draw_string_vec4
    %concat/vec4; draw_string_vec4
    %pushi/vec4 0, 0, 32; draw_string_vec4
    %concat/vec4; draw_string_vec4
    %pushi/vec4 0, 0, 32; draw_string_vec4
    %concat/vec4; draw_string_vec4
    %pushi/vec4 1413829460, 0, 32; draw_string_vec4
    %concat/vec4; draw_string_vec4
    %pushi/vec4 1598441804, 0, 32; draw_string_vec4
    %concat/vec4; draw_string_vec4
    %pushi/vec4 1163079533, 0, 32; draw_string_vec4
    %concat/vec4; draw_string_vec4
    %pushi/vec4 1701666676, 0, 32; draw_string_vec4
    %concat/vec4; draw_string_vec4
    %pushi/vec4 1702065201, 0, 32; draw_string_vec4
    %concat/vec4; draw_string_vec4
    %pushi/vec4 861893492, 0, 32; draw_string_vec4
    %concat/vec4; draw_string_vec4
    %pushi/vec4 1919251315, 0, 32; draw_string_vec4
    %concat/vec4; draw_string_vec4
    %pushi/vec4 778921325, 0, 32; draw_string_vec4
    %concat/vec4; draw_string_vec4
    %store/vec4 v000001c6789019c0_0, 0, 512;
    %pushi/vec4 8, 0, 5;
    %store/vec4 v000001c678900f20_0, 0, 5;
    %pushi/vec4 755387550, 0, 32;
    %store/vec4 v000001c6788ffa80_0, 0, 32;
    %pushi/vec4 0, 0, 1;
    %store/vec4 v000001c678902dc0_0, 0, 1;
    %pushi/vec4 20000, 0, 32;
    %store/vec4 v000001c678901880_0, 0, 32;
    %jmp T_54.24;
T_54.15 ;
    %pushi/vec4 0, 0, 32; draw_string_vec4
    %pushi/vec4 0, 0, 32; draw_string_vec4
    %concat/vec4; draw_string_vec4
    %pushi/vec4 0, 0, 32; draw_string_vec4
    %concat/vec4; draw_string_vec4
    %pushi/vec4 0, 0, 32; draw_string_vec4
    %concat/vec4; draw_string_vec4
    %pushi/vec4 0, 0, 32; draw_string_vec4
    %concat/vec4; draw_string_vec4
    %pushi/vec4 0, 0, 32; draw_string_vec4
    %concat/vec4; draw_string_vec4
    %pushi/vec4 0, 0, 32; draw_string_vec4
    %concat/vec4; draw_string_vec4
    %pushi/vec4 84, 0, 32; draw_string_vec4
    %concat/vec4; draw_string_vec4
    %pushi/vec4 1163088991, 0, 32; draw_string_vec4
    %concat/vec4; draw_string_vec4
    %pushi/vec4 1179208773, 0, 32; draw_string_vec4
    %concat/vec4; draw_string_vec4
    %pushi/vec4 1395617125, 0, 32; draw_string_vec4
    %concat/vec4; draw_string_vec4
    %pushi/vec4 1834972261, 0, 32; draw_string_vec4
    %concat/vec4; draw_string_vec4
    %pushi/vec4 1936994612, 0, 32; draw_string_vec4
    %concat/vec4; draw_string_vec4
    %pushi/vec4 1600742495, 0, 32; draw_string_vec4
    %concat/vec4; draw_string_vec4
    %pushi/vec4 1835627379, 0, 32; draw_string_vec4
    %concat/vec4; draw_string_vec4
    %pushi/vec4 778921325, 0, 32; draw_string_vec4
    %concat/vec4; draw_string_vec4
    %store/vec4 v000001c6789019c0_0, 0, 512;
    %pushi/vec4 8, 0, 5;
    %store/vec4 v000001c678900f20_0, 0, 5;
    %pushi/vec4 196596, 0, 32;
    %store/vec4 v000001c6788ffa80_0, 0, 32;
    %pushi/vec4 0, 0, 1;
    %store/vec4 v000001c678902dc0_0, 0, 1;
    %pushi/vec4 20000, 0, 32;
    %store/vec4 v000001c678901880_0, 0, 32;
    %jmp T_54.24;
T_54.16 ;
    %pushi/vec4 0, 0, 32; draw_string_vec4
    %pushi/vec4 0, 0, 32; draw_string_vec4
    %concat/vec4; draw_string_vec4
    %pushi/vec4 0, 0, 32; draw_string_vec4
    %concat/vec4; draw_string_vec4
    %pushi/vec4 0, 0, 32; draw_string_vec4
    %concat/vec4; draw_string_vec4
    %pushi/vec4 0, 0, 32; draw_string_vec4
    %concat/vec4; draw_string_vec4
    %pushi/vec4 0, 0, 32; draw_string_vec4
    %concat/vec4; draw_string_vec4
    %pushi/vec4 0, 0, 32; draw_string_vec4
    %concat/vec4; draw_string_vec4
    %pushi/vec4 0, 0, 32; draw_string_vec4
    %concat/vec4; draw_string_vec4
    %pushi/vec4 1413829460, 0, 32; draw_string_vec4
    %concat/vec4; draw_string_vec4
    %pushi/vec4 1598441804, 0, 32; draw_string_vec4
    %concat/vec4; draw_string_vec4
    %pushi/vec4 1163079533, 0, 32; draw_string_vec4
    %concat/vec4; draw_string_vec4
    %pushi/vec4 1701666676, 0, 32; draw_string_vec4
    %concat/vec4; draw_string_vec4
    %pushi/vec4 1702065201, 0, 32; draw_string_vec4
    %concat/vec4; draw_string_vec4
    %pushi/vec4 1600220277, 0, 32; draw_string_vec4
    %concat/vec4; draw_string_vec4
    %pushi/vec4 1600550756, 0, 32; draw_string_vec4
    %concat/vec4; draw_string_vec4
    %pushi/vec4 778921325, 0, 32; draw_string_vec4
    %concat/vec4; draw_string_vec4
    %store/vec4 v000001c6789019c0_0, 0, 512;
    %pushi/vec4 1, 0, 1;
    %store/vec4 v000001c678901c40_0, 0, 1;
    %pushi/vec4 0, 0, 5;
    %store/vec4 v000001c678900f20_0, 0, 5;
    %pushi/vec4 0, 0, 32;
    %store/vec4 v000001c6788ffa80_0, 0, 32;
    %pushi/vec4 0, 0, 1;
    %store/vec4 v000001c678902dc0_0, 0, 1;
    %pushi/vec4 2000, 0, 32;
    %store/vec4 v000001c678901880_0, 0, 32;
    %jmp T_54.24;
T_54.17 ;
    %pushi/vec4 0, 0, 32; draw_string_vec4
    %pushi/vec4 0, 0, 32; draw_string_vec4
    %concat/vec4; draw_string_vec4
    %pushi/vec4 0, 0, 32; draw_string_vec4
    %concat/vec4; draw_string_vec4
    %pushi/vec4 0, 0, 32; draw_string_vec4
    %concat/vec4; draw_string_vec4
    %pushi/vec4 0, 0, 32; draw_string_vec4
    %concat/vec4; draw_string_vec4
    %pushi/vec4 0, 0, 32; draw_string_vec4
    %concat/vec4; draw_string_vec4
    %pushi/vec4 0, 0, 32; draw_string_vec4
    %concat/vec4; draw_string_vec4
    %pushi/vec4 5522771, 0, 32; draw_string_vec4
    %concat/vec4; draw_string_vec4
    %pushi/vec4 1415530057, 0, 32; draw_string_vec4
    %concat/vec4; draw_string_vec4
    %pushi/vec4 1279611695, 0, 32; draw_string_vec4
    %concat/vec4; draw_string_vec4
    %pushi/vec4 1835363679, 0, 32; draw_string_vec4
    %concat/vec4; draw_string_vec4
    %pushi/vec4 1952805748, 0, 32; draw_string_vec4
    %concat/vec4; draw_string_vec4
    %pushi/vec4 895446127, 0, 32; draw_string_vec4
    %concat/vec4; draw_string_vec4
    %pushi/vec4 1633967987, 0, 32; draw_string_vec4
    %concat/vec4; draw_string_vec4
    %pushi/vec4 1953460837, 0, 32; draw_string_vec4
    %concat/vec4; draw_string_vec4
    %pushi/vec4 778921325, 0, 32; draw_string_vec4
    %concat/vec4; draw_string_vec4
    %store/vec4 v000001c6789019c0_0, 0, 512;
    %pushi/vec4 1, 0, 1;
    %store/vec4 v000001c678901a60_0, 0, 1;
    %pushi/vec4 0, 0, 5;
    %store/vec4 v000001c678900f20_0, 0, 5;
    %pushi/vec4 0, 0, 32;
    %store/vec4 v000001c6788ffa80_0, 0, 32;
    %pushi/vec4 0, 0, 1;
    %store/vec4 v000001c678902dc0_0, 0, 1;
    %pushi/vec4 4000, 0, 32;
    %store/vec4 v000001c678901880_0, 0, 32;
    %jmp T_54.24;
T_54.18 ;
    %pushi/vec4 0, 0, 32; draw_string_vec4
    %pushi/vec4 0, 0, 32; draw_string_vec4
    %concat/vec4; draw_string_vec4
    %pushi/vec4 0, 0, 32; draw_string_vec4
    %concat/vec4; draw_string_vec4
    %pushi/vec4 0, 0, 32; draw_string_vec4
    %concat/vec4; draw_string_vec4
    %pushi/vec4 0, 0, 32; draw_string_vec4
    %concat/vec4; draw_string_vec4
    %pushi/vec4 0, 0, 32; draw_string_vec4
    %concat/vec4; draw_string_vec4
    %pushi/vec4 5522771, 0, 32; draw_string_vec4
    %concat/vec4; draw_string_vec4
    %pushi/vec4 1415530057, 0, 32; draw_string_vec4
    %concat/vec4; draw_string_vec4
    %pushi/vec4 1279611695, 0, 32; draw_string_vec4
    %concat/vec4; draw_string_vec4
    %pushi/vec4 1835363679, 0, 32; draw_string_vec4
    %concat/vec4; draw_string_vec4
    %pushi/vec4 1952805748, 0, 32; draw_string_vec4
    %concat/vec4; draw_string_vec4
    %pushi/vec4 825712489, 0, 32; draw_string_vec4
    %concat/vec4; draw_string_vec4
    %pushi/vec4 1667326824, 0, 32; draw_string_vec4
    %concat/vec4; draw_string_vec4
    %pushi/vec4 1700754292, 0, 32; draw_string_vec4
    %concat/vec4; draw_string_vec4
    %pushi/vec4 1919251315, 0, 32; draw_string_vec4
    %concat/vec4; draw_string_vec4
    %pushi/vec4 778921325, 0, 32; draw_string_vec4
    %concat/vec4; draw_string_vec4
    %store/vec4 v000001c6789019c0_0, 0, 512;
    %pushi/vec4 4, 0, 5;
    %store/vec4 v000001c678900f20_0, 0, 5;
    %pushi/vec4 17, 0, 32;
    %store/vec4 v000001c6788ffa80_0, 0, 32;
    %pushi/vec4 1, 0, 1;
    %store/vec4 v000001c678902dc0_0, 0, 1;
    %pushi/vec4 8000, 0, 32;
    %store/vec4 v000001c678901880_0, 0, 32;
    %jmp T_54.24;
T_54.19 ;
    %pushi/vec4 0, 0, 32; draw_string_vec4
    %pushi/vec4 0, 0, 32; draw_string_vec4
    %concat/vec4; draw_string_vec4
    %pushi/vec4 0, 0, 32; draw_string_vec4
    %concat/vec4; draw_string_vec4
    %pushi/vec4 0, 0, 32; draw_string_vec4
    %concat/vec4; draw_string_vec4
    %pushi/vec4 0, 0, 32; draw_string_vec4
    %concat/vec4; draw_string_vec4
    %pushi/vec4 0, 0, 32; draw_string_vec4
    %concat/vec4; draw_string_vec4
    %pushi/vec4 0, 0, 32; draw_string_vec4
    %concat/vec4; draw_string_vec4
    %pushi/vec4 5522771, 0, 32; draw_string_vec4
    %concat/vec4; draw_string_vec4
    %pushi/vec4 1415530057, 0, 32; draw_string_vec4
    %concat/vec4; draw_string_vec4
    %pushi/vec4 1279611695, 0, 32; draw_string_vec4
    %concat/vec4; draw_string_vec4
    %pushi/vec4 1835363679, 0, 32; draw_string_vec4
    %concat/vec4; draw_string_vec4
    %pushi/vec4 1952805748, 0, 32; draw_string_vec4
    %concat/vec4; draw_string_vec4
    %pushi/vec4 825778020, 0, 32; draw_string_vec4
    %concat/vec4; draw_string_vec4
    %pushi/vec4 1667326824, 0, 32; draw_string_vec4
    %concat/vec4; draw_string_vec4
    %pushi/vec4 1700755298, 0, 32; draw_string_vec4
    %concat/vec4; draw_string_vec4
    %pushi/vec4 778921325, 0, 32; draw_string_vec4
    %concat/vec4; draw_string_vec4
    %store/vec4 v000001c6789019c0_0, 0, 512;
    %pushi/vec4 8, 0, 5;
    %store/vec4 v000001c678900f20_0, 0, 5;
    %pushi/vec4 17, 0, 32;
    %store/vec4 v000001c6788ffa80_0, 0, 32;
    %pushi/vec4 0, 0, 1;
    %store/vec4 v000001c678902dc0_0, 0, 1;
    %pushi/vec4 8000, 0, 32;
    %store/vec4 v000001c678901880_0, 0, 32;
    %jmp T_54.24;
T_54.20 ;
    %pushi/vec4 0, 0, 32; draw_string_vec4
    %pushi/vec4 0, 0, 32; draw_string_vec4
    %concat/vec4; draw_string_vec4
    %pushi/vec4 0, 0, 32; draw_string_vec4
    %concat/vec4; draw_string_vec4
    %pushi/vec4 0, 0, 32; draw_string_vec4
    %concat/vec4; draw_string_vec4
    %pushi/vec4 0, 0, 32; draw_string_vec4
    %concat/vec4; draw_string_vec4
    %pushi/vec4 0, 0, 32; draw_string_vec4
    %concat/vec4; draw_string_vec4
    %pushi/vec4 5522771, 0, 32; draw_string_vec4
    %concat/vec4; draw_string_vec4
    %pushi/vec4 1415530057, 0, 32; draw_string_vec4
    %concat/vec4; draw_string_vec4
    %pushi/vec4 1279611695, 0, 32; draw_string_vec4
    %concat/vec4; draw_string_vec4
    %pushi/vec4 1835363679, 0, 32; draw_string_vec4
    %concat/vec4; draw_string_vec4
    %pushi/vec4 1952805748, 0, 32; draw_string_vec4
    %concat/vec4; draw_string_vec4
    %pushi/vec4 825843560, 0, 32; draw_string_vec4
    %concat/vec4; draw_string_vec4
    %pushi/vec4 1635410290, 0, 32; draw_string_vec4
    %concat/vec4; draw_string_vec4
    %pushi/vec4 1683972722, 0, 32; draw_string_vec4
    %concat/vec4; draw_string_vec4
    %pushi/vec4 1634624360, 0, 32; draw_string_vec4
    %concat/vec4; draw_string_vec4
    %pushi/vec4 778921325, 0, 32; draw_string_vec4
    %concat/vec4; draw_string_vec4
    %store/vec4 v000001c6789019c0_0, 0, 512;
    %pushi/vec4 6, 0, 5;
    %store/vec4 v000001c678900f20_0, 0, 5;
    %pushi/vec4 204, 0, 32;
    %store/vec4 v000001c6788ffa80_0, 0, 32;
    %pushi/vec4 0, 0, 1;
    %store/vec4 v000001c678902dc0_0, 0, 1;
    %pushi/vec4 4000, 0, 32;
    %store/vec4 v000001c678901880_0, 0, 32;
    %jmp T_54.24;
T_54.21 ;
    %pushi/vec4 0, 0, 32; draw_string_vec4
    %pushi/vec4 0, 0, 32; draw_string_vec4
    %concat/vec4; draw_string_vec4
    %pushi/vec4 0, 0, 32; draw_string_vec4
    %concat/vec4; draw_string_vec4
    %pushi/vec4 0, 0, 32; draw_string_vec4
    %concat/vec4; draw_string_vec4
    %pushi/vec4 0, 0, 32; draw_string_vec4
    %concat/vec4; draw_string_vec4
    %pushi/vec4 0, 0, 32; draw_string_vec4
    %concat/vec4; draw_string_vec4
    %pushi/vec4 0, 0, 32; draw_string_vec4
    %concat/vec4; draw_string_vec4
    %pushi/vec4 21573, 0, 32; draw_string_vec4
    %concat/vec4; draw_string_vec4
    %pushi/vec4 1398038342, 0, 32; draw_string_vec4
    %concat/vec4; draw_string_vec4
    %pushi/vec4 1229735251, 0, 32; draw_string_vec4
    %concat/vec4; draw_string_vec4
    %pushi/vec4 795698541, 0, 32; draw_string_vec4
    %concat/vec4; draw_string_vec4
    %pushi/vec4 1601463667, 0, 32; draw_string_vec4
    %concat/vec4; draw_string_vec4
    %pushi/vec4 1949446239, 0, 32; draw_string_vec4
    %concat/vec4; draw_string_vec4
    %pushi/vec4 1819242087, 0, 32; draw_string_vec4
    %concat/vec4; draw_string_vec4
    %pushi/vec4 1601005944, 0, 32; draw_string_vec4
    %concat/vec4; draw_string_vec4
    %pushi/vec4 778921325, 0, 32; draw_string_vec4
    %concat/vec4; draw_string_vec4
    %store/vec4 v000001c6789019c0_0, 0, 512;
    %pushi/vec4 8, 0, 5;
    %store/vec4 v000001c678900f20_0, 0, 5;
    %pushi/vec4 90, 0, 32;
    %store/vec4 v000001c6788ffa80_0, 0, 32;
    %pushi/vec4 0, 0, 1;
    %store/vec4 v000001c678902dc0_0, 0, 1;
    %pushi/vec4 50000, 0, 32;
    %store/vec4 v000001c678901880_0, 0, 32;
    %jmp T_54.24;
T_54.22 ;
    %pushi/vec4 0, 0, 32; draw_string_vec4
    %pushi/vec4 0, 0, 32; draw_string_vec4
    %concat/vec4; draw_string_vec4
    %pushi/vec4 0, 0, 32; draw_string_vec4
    %concat/vec4; draw_string_vec4
    %pushi/vec4 0, 0, 32; draw_string_vec4
    %concat/vec4; draw_string_vec4
    %pushi/vec4 0, 0, 32; draw_string_vec4
    %concat/vec4; draw_string_vec4
    %pushi/vec4 0, 0, 32; draw_string_vec4
    %concat/vec4; draw_string_vec4
    %pushi/vec4 84, 0, 32; draw_string_vec4
    %concat/vec4; draw_string_vec4
    %pushi/vec4 1163088991, 0, 32; draw_string_vec4
    %concat/vec4; draw_string_vec4
    %pushi/vec4 1179208773, 0, 32; draw_string_vec4
    %concat/vec4; draw_string_vec4
    %pushi/vec4 1395617125, 0, 32; draw_string_vec4
    %concat/vec4; draw_string_vec4
    %pushi/vec4 1834972261, 0, 32; draw_string_vec4
    %concat/vec4; draw_string_vec4
    %pushi/vec4 1936994865, 0, 32; draw_string_vec4
    %concat/vec4; draw_string_vec4
    %pushi/vec4 1600941934, 0, 32; draw_string_vec4
    %concat/vec4; draw_string_vec4
    %pushi/vec4 1734304370, 0, 32; draw_string_vec4
    %concat/vec4; draw_string_vec4
    %pushi/vec4 1634624360, 0, 32; draw_string_vec4
    %concat/vec4; draw_string_vec4
    %pushi/vec4 778921325, 0, 32; draw_string_vec4
    %concat/vec4; draw_string_vec4
    %store/vec4 v000001c6789019c0_0, 0, 512;
    %pushi/vec4 8, 0, 5;
    %store/vec4 v000001c678900f20_0, 0, 5;
    %pushi/vec4 90, 0, 32;
    %store/vec4 v000001c6788ffa80_0, 0, 32;
    %pushi/vec4 0, 0, 1;
    %store/vec4 v000001c678902dc0_0, 0, 1;
    %pushi/vec4 200000, 0, 32;
    %store/vec4 v000001c678901880_0, 0, 32;
    %jmp T_54.24;
T_54.24 ;
    %pop/vec4 1;
    %vpi_func 3 602 "$value$plusargs" 32, "MEMFILE=%s", v000001c6789019c0_0 {0 0 0};
    %cmpi/ne 0, 0, 32;
    %jmp/0xz  T_54.25, 4;
T_54.25 ;
    %vpi_func 3 605 "$value$plusargs" 32, "EXPECT_RD=%d", v000001c678901560_0 {0 0 0};
    %cmpi/ne 0, 0, 32;
    %jmp/0xz  T_54.27, 4;
    %load/vec4 v000001c678901560_0;
    %parti/s 5, 0, 2;
    %store/vec4 v000001c678900f20_0, 0, 5;
T_54.27 ;
    %vpi_func 3 607 "$value$plusargs" 32, "EXPECT_VAL=%h", v000001c6788ffa80_0 {0 0 0};
    %cmpi/ne 0, 0, 32;
    %jmp/0xz  T_54.29, 4;
T_54.29 ;
    %vpi_func 3 610 "$value$plusargs" 32, "MAXCYCLES=%d", v000001c678901880_0 {0 0 0};
    %cmpi/ne 0, 0, 32;
    %jmp/0xz  T_54.31, 4;
T_54.31 ;
    %vpi_func 3 613 "$value$plusargs" 32, "I_RSP_DELAY=%d", v000001c6788ff940_0 {0 0 0};
    %cmpi/ne 0, 0, 32;
    %jmp/0xz  T_54.33, 4;
T_54.33 ;
    %vpi_func 3 616 "$value$plusargs" 32, "D_RSP_DELAY=%d", v000001c6788ffda0_0 {0 0 0};
    %cmpi/ne 0, 0, 32;
    %jmp/0xz  T_54.35, 4;
T_54.35 ;
    %vpi_func 3 619 "$value$plusargs" 32, "I_ERR_ONCE=%d", v000001c678901c40_0 {0 0 0};
    %cmpi/ne 0, 0, 32;
    %jmp/0xz  T_54.37, 4;
T_54.37 ;
    %vpi_func 3 622 "$value$plusargs" 32, "D_ERR_ONCE=%d", v000001c678901a60_0 {0 0 0};
    %cmpi/ne 0, 0, 32;
    %jmp/0xz  T_54.39, 4;
T_54.39 ;
    %pushi/vec4 0, 0, 1;
    %store/vec4 v000001c6788fdaa0_0, 0, 1;
    %pushi/vec4 0, 0, 1;
    %store/vec4 v000001c678902be0_0, 0, 1;
    %pushi/vec4 1, 0, 1;
    %store/vec4 v000001c678903220_0, 0, 1;
    %pushi/vec4 0, 0, 1;
    %store/vec4 v000001c678900340_0, 0, 1;
    %pushi/vec4 0, 0, 64;
    %store/vec4 v000001c678900200_0, 0, 64;
    %pushi/vec4 0, 0, 1;
    %store/vec4 v000001c6789002a0_0, 0, 1;
    %pushi/vec4 0, 0, 1;
    %store/vec4 v000001c6789005c0_0, 0, 1;
    %pushi/vec4 0, 0, 1;
    %store/vec4 v000001c678900a20_0, 0, 1;
    %pushi/vec4 0, 0, 64;
    %store/vec4 v000001c6789014c0_0, 0, 64;
    %pushi/vec4 0, 0, 1;
    %store/vec4 v000001c678900980_0, 0, 1;
    %pushi/vec4 0, 0, 1;
    %store/vec4 v000001c6789007a0_0, 0, 1;
    %pushi/vec4 0, 0, 32;
    %store/vec4 v000001c678901d80_0, 0, 32;
T_54.41 ;
    %load/vec4 v000001c678901d80_0;
    %cmpi/s 256, 0, 32;
    %jmp/0xz T_54.42, 5;
    %pushi/vec4 19, 0, 32;
    %ix/getv/s 4, v000001c678901d80_0;
    %store/vec4a v000001c678901920, 4, 0;
    %load/vec4 v000001c678901d80_0;
    %addi 1, 0, 32;
    %store/vec4 v000001c678901d80_0, 0, 32;
    %jmp T_54.41;
T_54.42 ;
    %vpi_call/w 3 640 "$readmemh", v000001c6789019c0_0, v000001c678901920 {0 0 0};
    %pushi/vec4 4, 0, 32;
T_54.43 %dup/vec4;
    %pushi/vec4 0, 0, 32;
    %cmp/s;
    %jmp/1xz T_54.44, 5;
    %jmp/1 T_54.44, 4;
    %pushi/vec4 1, 0, 32;
    %sub;
    %wait E_000001c678823010;
    %jmp T_54.43;
T_54.44 ;
    %pop/vec4 1;
    %pushi/vec4 1, 0, 1;
    %store/vec4 v000001c678902be0_0, 0, 1;
    %end;
    .thread T_54;
    .scope S_000001c6786a5830;
T_55 ;
    %wait E_000001c678822c10;
    %load/vec4 v000001c678902be0_0;
    %nor/r;
    %flag_set/vec4 8;
    %jmp/0xz  T_55.0, 8;
    %pushi/vec4 0, 0, 32;
    %assign/vec4 v000001c6788fdfa0_0, 0;
    %jmp T_55.1;
T_55.0 ;
    %load/vec4 v000001c6788fdfa0_0;
    %addi 1, 0, 32;
    %assign/vec4 v000001c6788fdfa0_0, 0;
T_55.1 ;
    %jmp T_55;
    .thread T_55;
    .scope S_000001c6786a5830;
T_56 ;
    %wait E_000001c678823010;
    %load/vec4 v000001c678902be0_0;
    %flag_set/vec4 9;
    %flag_get/vec4 9;
    %jmp/0 T_56.2, 9;
    %load/vec4 v000001c678901880_0;
    %load/vec4 v000001c6788fdfa0_0;
    %cmp/s;
    %flag_get/vec4 5;
    %and;
T_56.2;
    %flag_set/vec4 8;
    %jmp/0xz  T_56.0, 8;
    %vpi_call/w 3 656 "$display", "TIMEOUT" {0 0 0};
    %vpi_call/w 3 657 "$finish" {0 0 0};
T_56.0 ;
    %jmp T_56;
    .thread T_56;
    .scope S_000001c6786a5830;
T_57 ;
    %wait E_000001c678823010;
    %load/vec4 v000001c678902be0_0;
    %flag_set/vec4 9;
    %flag_get/vec4 9;
    %jmp/0 T_57.2, 9;
    %load/vec4 v000001c678901e20_0;
    %and;
T_57.2;
    %flag_set/vec4 8;
    %jmp/0xz  T_57.0, 8;
    %load/vec4 v000001c6789025a0_0;
    %cmpi/e 15, 0, 32;
    %jmp/0xz  T_57.3, 4;
    %vpi_call/w 3 665 "$display", "PASS: test 15 I$ error observed" {0 0 0};
    %jmp T_57.4;
T_57.3 ;
    %vpi_call/w 3 667 "$display", "I$ fetch error -> FAIL" {0 0 0};
T_57.4 ;
    %vpi_call/w 3 669 "$finish" {0 0 0};
T_57.0 ;
    %load/vec4 v000001c678902be0_0;
    %flag_set/vec4 10;
    %flag_get/vec4 10;
    %jmp/0 T_57.8, 10;
    %load/vec4 v000001c6789025a0_0;
    %pushi/vec4 16, 0, 32;
    %cmp/e;
    %flag_get/vec4 4;
    %and;
T_57.8;
    %flag_set/vec4 9;
    %flag_get/vec4 9;
    %jmp/0 T_57.7, 9;
    %load/vec4 v000001c678900a20_0;
    %flag_set/vec4 9;
    %flag_get/vec4 9;
    %jmp/0 T_57.9, 9;
    %load/vec4 v000001c6789007a0_0;
    %and;
T_57.9;
    %and;
T_57.7;
    %flag_set/vec4 8;
    %jmp/0xz  T_57.5, 8;
    %vpi_call/w 3 672 "$display", "PASS: test 16 D$ error observed" {0 0 0};
    %vpi_call/w 3 673 "$finish" {0 0 0};
T_57.5 ;
    %load/vec4 v000001c678902be0_0;
    %flag_set/vec4 9;
    %flag_get/vec4 9;
    %jmp/0 T_57.12, 9;
    %load/vec4 v000001c678903040_0;
    %and;
T_57.12;
    %flag_set/vec4 8;
    %jmp/0xz  T_57.10, 8;
    %vpi_call/w 3 676 "$display", "WB: x%0d <= 0x%08x", v000001c678904120_0, v000001c678902c80_0 {0 0 0};
    %load/vec4 v000001c678904120_0;
    %load/vec4 v000001c678900f20_0;
    %cmp/e;
    %flag_get/vec4 4;
    %jmp/0 T_57.15, 4;
    %load/vec4 v000001c678902c80_0;
    %load/vec4 v000001c6788ffa80_0;
    %cmp/e;
    %flag_get/vec4 4;
    %and;
T_57.15;
    %flag_set/vec4 8;
    %jmp/0xz  T_57.13, 8;
    %load/vec4 v000001c678902dc0_0;
    %flag_set/vec4 9;
    %flag_get/vec4 9;
    %jmp/0 T_57.18, 9;
    %load/vec4 v000001c678901740_0;
    %pushi/vec4 0, 0, 32;
    %cmp/e;
    %flag_get/vec4 4;
    %and;
T_57.18;
    %flag_set/vec4 8;
    %jmp/0xz  T_57.16, 8;
    %vpi_call/w 3 679 "$display", "FAIL: no I$ linefill observed" {0 0 0};
    %vpi_call/w 3 680 "$finish" {0 0 0};
T_57.16 ;
    %vpi_call/w 3 682 "$display", "PASS: test %0d expect x%0d = 0x%08x", v000001c6789025a0_0, v000001c678900f20_0, v000001c6788ffa80_0 {0 0 0};
    %vpi_call/w 3 683 "$finish" {0 0 0};
T_57.13 ;
T_57.10 ;
    %jmp T_57;
    .thread T_57;
# The file index is used to find the file name in the following table.
:file_names 22;
    "N/A";
    "<interactive>";
    "-";
    "icache_pipeline_tb.v";
    "icache_pipeline_top.v";
    "I_D_arbitration.v";
    "L2_cache.v";
    "MIG_DDR2_interface.v";
    "dcache.v";
    "EX.v";
    "EXMEM_register.v";
    "forward_unit.v";
    "hazard_unit.v";
    "icache_top.v";
    "icache.v";
    "ID.v";
    "IDEX_register.v";
    "IFID_register.v";
    "MEM.v";
    "MEMWB_register.v";
    "IF.v";
    "WB.v";
