#! /c/Source/iverilog-install/bin/vvp
:ivl_version "12.0 (devel)" "(s20150603-1539-g2693dd32b)";
:ivl_delay_selection "TYPICAL";
:vpi_time_precision - 12;
:vpi_module "C:\iverilog\lib\ivl\system.vpi";
:vpi_module "C:\iverilog\lib\ivl\vhdl_sys.vpi";
:vpi_module "C:\iverilog\lib\ivl\vhdl_textio.vpi";
:vpi_module "C:\iverilog\lib\ivl\v2005_math.vpi";
:vpi_module "C:\iverilog\lib\ivl\va_math.vpi";
:vpi_module "C:\iverilog\lib\ivl\v2009.vpi";
S_000001f1e155d6d0 .scope package, "$unit" "$unit" 2 1;
 .timescale 0 0;
S_000001f1e155e200 .scope module, "l2_arb_tb" "l2_arb_tb" 3 5;
 .timescale -9 -12;
P_000001f1e155e390 .param/l "CMD_LINE_RD" 1 3 10, C4<00>;
P_000001f1e155e3c8 .param/l "CMD_UC_RD" 1 3 11, C4<01>;
P_000001f1e155e400 .param/l "CMD_UC_WR" 1 3 12, C4<10>;
P_000001f1e155e438 .param/l "CMD_WB_LINE" 1 3 13, C4<11>;
P_000001f1e155e470 .param/l "DDR_BASE" 1 3 6, C4<10000000000000000000000000000000>;
P_000001f1e155e4a8 .param/l "MIG_CMD_READ" 1 3 7, C4<001>;
P_000001f1e155e4e0 .param/l "MIG_CMD_WRITE" 1 3 8, C4<000>;
v000001f1e15d4410_0 .net "app_addr", 27 0, v000001f1e15c9680_0;  1 drivers
v000001f1e15d5310_0 .net "app_cmd", 2 0, v000001f1e15ca4e0_0;  1 drivers
v000001f1e15d53b0_0 .net "app_en", 0 0, v000001f1e15c9720_0;  1 drivers
v000001f1e15d5450_0 .var "app_rd_data", 127 0;
v000001f1e15d3dd0_0 .var "app_rd_data_end", 0 0;
v000001f1e15d9720_0 .var "app_rd_data_valid", 0 0;
v000001f1e15d9860_0 .var "app_rdy", 0 0;
v000001f1e15d9ae0_0 .net "app_wdf_data", 127 0, v000001f1e15c8d20_0;  1 drivers
v000001f1e15d9040_0 .net "app_wdf_end", 0 0, v000001f1e15ca760_0;  1 drivers
v000001f1e15d8d20_0 .net "app_wdf_mask", 15 0, v000001f1e15c8960_0;  1 drivers
v000001f1e15d9b80_0 .var "app_wdf_rdy", 0 0;
v000001f1e15dad00_0 .net "app_wdf_wren", 0 0, v000001f1e15cb8c0_0;  1 drivers
v000001f1e15d9900_0 .var "clk", 0 0;
v000001f1e15da6c0_0 .var/i "cycle", 31 0;
v000001f1e15db160_0 .var "d_req_addr", 31 0;
v000001f1e15d95e0_0 .var "d_req_cmd", 1 0;
v000001f1e15da9e0_0 .var "d_req_len", 7 0;
v000001f1e15db480_0 .net "d_req_ready", 0 0, L_000001f1e15dbe80;  1 drivers
v000001f1e15dabc0_0 .var "d_req_size", 2 0;
v000001f1e15d92c0_0 .var "d_req_uncached", 0 0;
v000001f1e15da620_0 .var "d_req_valid", 0 0;
v000001f1e15db200_0 .var "d_req_wdata", 63 0;
v000001f1e15d8dc0_0 .var "d_req_wstrb", 7 0;
v000001f1e15d9400_0 .net "d_rsp_err", 0 0, L_000001f1e15dc240;  1 drivers
v000001f1e15da760_0 .var "d_rsp_err_seen", 0 0;
v000001f1e15da800_0 .net "d_rsp_last", 0 0, L_000001f1e15dba20;  1 drivers
v000001f1e15d8e60_0 .var "d_rsp_last_seen", 0 0;
v000001f1e15dac60_0 .net "d_rsp_rdata", 63 0, L_000001f1e152f560;  1 drivers
v000001f1e15db2a0_0 .var "d_rsp_ready", 0 0;
v000001f1e15d99a0_0 .var "d_rsp_seen", 0 0;
v000001f1e15d97c0_0 .net "d_rsp_valid", 0 0, L_000001f1e15dbb60;  1 drivers
v000001f1e15d9180_0 .var/i "errors", 31 0;
v000001f1e15da440_0 .var "i_req_addr", 31 0;
v000001f1e15da8a0_0 .var "i_req_cmd", 1 0;
v000001f1e15da940_0 .var "i_req_len", 7 0;
v000001f1e15d9680_0 .net "i_req_ready", 0 0, L_000001f1e15dc100;  1 drivers
v000001f1e15daa80_0 .var "i_req_size", 2 0;
v000001f1e15db340_0 .var "i_req_uncached", 0 0;
v000001f1e15d90e0_0 .var "i_req_valid", 0 0;
v000001f1e15d8f00_0 .var "i_req_wdata", 63 0;
v000001f1e15d9220_0 .var "i_req_wstrb", 7 0;
v000001f1e15db3e0_0 .net "i_rsp_err", 0 0, L_000001f1e15dc9c0;  1 drivers
v000001f1e15d9360_0 .net "i_rsp_last", 0 0, L_000001f1e15dcba0;  1 drivers
v000001f1e15dab20_0 .net "i_rsp_rdata", 63 0, L_000001f1e152f020;  1 drivers
v000001f1e15d9540_0 .var "i_rsp_ready", 0 0;
v000001f1e15dada0_0 .net "i_rsp_valid", 0 0, L_000001f1e15dcb00;  1 drivers
v000001f1e15d94a0_0 .var "init_calib_complete", 0 0;
v000001f1e15daee0_0 .var "rd_data_reg", 127 0;
v000001f1e15d9a40_0 .var "rd_pending", 0 0;
v000001f1e15dae40_0 .var "rst", 0 0;
v000001f1e15da580_0 .var/i "stage", 31 0;
S_000001f1e1094800 .scope begin, "bad_len_check" "bad_len_check" 3 659, 3 659 0, S_000001f1e155e200;
 .timescale -9 -12;
v000001f1e1531640_0 .var/i "found", 31 0;
v000001f1e152fca0_0 .var/i "tmo", 31 0;
E_000001f1e153e580 .event posedge, v000001f1e15cc680_0;
S_000001f1e1094990 .scope module, "dut" "l2_cache_top" 3 77, 4 12 0, S_000001f1e155e200;
 .timescale -9 -12;
    .port_info 0 /INPUT 1 "clk";
    .port_info 1 /INPUT 1 "rst";
    .port_info 2 /INPUT 1 "init_calib_complete";
    .port_info 3 /INPUT 1 "i_req_valid";
    .port_info 4 /OUTPUT 1 "i_req_ready";
    .port_info 5 /INPUT 2 "i_req_cmd";
    .port_info 6 /INPUT 32 "i_req_addr";
    .port_info 7 /INPUT 3 "i_req_size";
    .port_info 8 /INPUT 8 "i_req_len";
    .port_info 9 /INPUT 64 "i_req_wdata";
    .port_info 10 /INPUT 8 "i_req_wstrb";
    .port_info 11 /INPUT 1 "i_req_uncached";
    .port_info 12 /OUTPUT 1 "i_rsp_valid";
    .port_info 13 /INPUT 1 "i_rsp_ready";
    .port_info 14 /OUTPUT 64 "i_rsp_rdata";
    .port_info 15 /OUTPUT 1 "i_rsp_err";
    .port_info 16 /OUTPUT 1 "i_rsp_last";
    .port_info 17 /INPUT 1 "d_req_valid";
    .port_info 18 /OUTPUT 1 "d_req_ready";
    .port_info 19 /INPUT 2 "d_req_cmd";
    .port_info 20 /INPUT 32 "d_req_addr";
    .port_info 21 /INPUT 3 "d_req_size";
    .port_info 22 /INPUT 8 "d_req_len";
    .port_info 23 /INPUT 64 "d_req_wdata";
    .port_info 24 /INPUT 8 "d_req_wstrb";
    .port_info 25 /INPUT 1 "d_req_uncached";
    .port_info 26 /OUTPUT 1 "d_rsp_valid";
    .port_info 27 /INPUT 1 "d_rsp_ready";
    .port_info 28 /OUTPUT 64 "d_rsp_rdata";
    .port_info 29 /OUTPUT 1 "d_rsp_err";
    .port_info 30 /OUTPUT 1 "d_rsp_last";
    .port_info 31 /OUTPUT 28 "app_addr";
    .port_info 32 /OUTPUT 3 "app_cmd";
    .port_info 33 /OUTPUT 1 "app_en";
    .port_info 34 /OUTPUT 128 "app_wdf_data";
    .port_info 35 /OUTPUT 1 "app_wdf_end";
    .port_info 36 /OUTPUT 16 "app_wdf_mask";
    .port_info 37 /OUTPUT 1 "app_wdf_wren";
    .port_info 38 /INPUT 128 "app_rd_data";
    .port_info 39 /INPUT 1 "app_rd_data_end";
    .port_info 40 /INPUT 1 "app_rd_data_valid";
    .port_info 41 /INPUT 1 "app_rdy";
    .port_info 42 /INPUT 1 "app_wdf_rdy";
L_000001f1e152dc70 .functor AND 1, v000001f1e15da620_0, v000001f1e15d92c0_0, C4<1>, C4<1>;
L_000001f1e152eae0 .functor AND 1, v000001f1e15d90e0_0, v000001f1e15db340_0, C4<1>, C4<1>;
L_000001f1e152ed10 .functor OR 1, v000001f1e15d92c0_0, L_000001f1e15d9c20, C4<0>, C4<0>;
L_000001f1e152dce0 .functor AND 1, v000001f1e15da620_0, L_000001f1e152ed10, C4<1>, C4<1>;
L_000001f1e152df80 .functor AND 1, v000001f1e15d90e0_0, L_000001f1e15daf80, C4<1>, C4<1>;
L_000001f1e152e990 .functor AND 1, v000001f1e15d3790_0, v000001f1e15d1cb0_0, C4<1>, C4<1>;
L_000001f1e152f560 .functor BUFZ 64, v000001f1e15cbbe0_0, C4<0000000000000000000000000000000000000000000000000000000000000000>, C4<0000000000000000000000000000000000000000000000000000000000000000>, C4<0000000000000000000000000000000000000000000000000000000000000000>;
L_000001f1e152e140 .functor AND 1, v000001f1e15d3790_0, v000001f1e15d1cb0_0, C4<1>, C4<1>;
L_000001f1e152f480 .functor AND 1, v000001f1e15d3790_0, v000001f1e15d1cb0_0, C4<1>, C4<1>;
L_000001f1e152f250 .functor AND 1, v000001f1e15d3790_0, L_000001f1e15dc740, C4<1>, C4<1>;
L_000001f1e152f020 .functor BUFZ 64, v000001f1e15cbbe0_0, C4<0000000000000000000000000000000000000000000000000000000000000000>, C4<0000000000000000000000000000000000000000000000000000000000000000>, C4<0000000000000000000000000000000000000000000000000000000000000000>;
L_000001f1e152e8b0 .functor AND 1, v000001f1e15d3790_0, L_000001f1e15dc060, C4<1>, C4<1>;
L_000001f1e152dea0 .functor AND 1, v000001f1e15d3790_0, L_000001f1e15dc560, C4<1>, C4<1>;
L_000001f1e152e300 .functor AND 1, L_000001f1e15d9d60, v000001f1e15cc220_0, C4<1>, C4<1>;
L_000001f1e152f2c0 .functor AND 1, L_000001f1e152e300, L_000001f1e15dc7e0, C4<1>, C4<1>;
L_000001f1e152f5d0 .functor AND 1, v000001f1e15cbd20_0, L_000001f1e15dbac0, C4<1>, C4<1>;
L_000001f1e152f090 .functor AND 1, L_000001f1e152f5d0, v000001f1e15d3790_0, C4<1>, C4<1>;
v000001f1e15cf440_0 .net *"_ivl_101", 0 0, L_000001f1e152e990;  1 drivers
L_000001f1e15df138 .functor BUFT 1, C4<0>, C4<0>, C4<0>, C4<0>;
v000001f1e15ce9a0_0 .net/2u *"_ivl_102", 0 0, L_000001f1e15df138;  1 drivers
v000001f1e15ce4a0_0 .net *"_ivl_109", 0 0, L_000001f1e152e140;  1 drivers
v000001f1e15cf260_0 .net *"_ivl_11", 0 0, L_000001f1e15daf80;  1 drivers
L_000001f1e15df180 .functor BUFT 1, C4<0>, C4<0>, C4<0>, C4<0>;
v000001f1e15cddc0_0 .net/2u *"_ivl_110", 0 0, L_000001f1e15df180;  1 drivers
v000001f1e15ce540_0 .net *"_ivl_115", 0 0, L_000001f1e152f480;  1 drivers
L_000001f1e15df1c8 .functor BUFT 1, C4<0>, C4<0>, C4<0>, C4<0>;
v000001f1e15cd5a0_0 .net/2u *"_ivl_116", 0 0, L_000001f1e15df1c8;  1 drivers
v000001f1e15ce040_0 .net *"_ivl_121", 0 0, L_000001f1e15dc740;  1 drivers
v000001f1e15ce720_0 .net *"_ivl_123", 0 0, L_000001f1e152f250;  1 drivers
L_000001f1e15df210 .functor BUFT 1, C4<0>, C4<0>, C4<0>, C4<0>;
v000001f1e15ce7c0_0 .net/2u *"_ivl_124", 0 0, L_000001f1e15df210;  1 drivers
v000001f1e15ce860_0 .net *"_ivl_131", 0 0, L_000001f1e15dc060;  1 drivers
v000001f1e15cd780_0 .net *"_ivl_133", 0 0, L_000001f1e152e8b0;  1 drivers
L_000001f1e15df258 .functor BUFT 1, C4<0>, C4<0>, C4<0>, C4<0>;
v000001f1e15cea40_0 .net/2u *"_ivl_134", 0 0, L_000001f1e15df258;  1 drivers
v000001f1e15ce900_0 .net *"_ivl_139", 0 0, L_000001f1e15dc560;  1 drivers
L_000001f1e15deef8 .functor BUFT 1, C4<1>, C4<0>, C4<0>, C4<0>;
v000001f1e15ceae0_0 .net/2u *"_ivl_14", 0 0, L_000001f1e15deef8;  1 drivers
v000001f1e15cd640_0 .net *"_ivl_141", 0 0, L_000001f1e152dea0;  1 drivers
L_000001f1e15df2a0 .functor BUFT 1, C4<0>, C4<0>, C4<0>, C4<0>;
v000001f1e15cec20_0 .net/2u *"_ivl_142", 0 0, L_000001f1e15df2a0;  1 drivers
v000001f1e15cecc0_0 .net *"_ivl_147", 0 0, L_000001f1e152e300;  1 drivers
v000001f1e15ced60_0 .net *"_ivl_149", 0 0, L_000001f1e15dc7e0;  1 drivers
v000001f1e15cd8c0_0 .net *"_ivl_153", 0 0, L_000001f1e152f5d0;  1 drivers
L_000001f1e15def40 .functor BUFT 1, C4<0>, C4<0>, C4<0>, C4<0>;
v000001f1e15ceea0_0 .net/2u *"_ivl_16", 0 0, L_000001f1e15def40;  1 drivers
v000001f1e15cee00_0 .net *"_ivl_20", 0 0, L_000001f1e15db020;  1 drivers
L_000001f1e15def88 .functor BUFT 1, C4<0>, C4<0>, C4<0>, C4<0>;
v000001f1e15cefe0_0 .net/2u *"_ivl_22", 0 0, L_000001f1e15def88;  1 drivers
v000001f1e15cf120_0 .net *"_ivl_24", 0 0, L_000001f1e15d8fa0;  1 drivers
v000001f1e15cf1c0_0 .net *"_ivl_26", 0 0, L_000001f1e15db0c0;  1 drivers
v000001f1e15cd960_0 .net *"_ivl_30", 1 0, L_000001f1e15d9e00;  1 drivers
v000001f1e15cda00_0 .net *"_ivl_32", 1 0, L_000001f1e15d9ea0;  1 drivers
v000001f1e15cf300_0 .net *"_ivl_36", 31 0, L_000001f1e15d9fe0;  1 drivers
v000001f1e15d0d70_0 .net *"_ivl_38", 31 0, L_000001f1e15da1c0;  1 drivers
v000001f1e15cfe70_0 .net *"_ivl_42", 2 0, L_000001f1e15da120;  1 drivers
v000001f1e15d04b0_0 .net *"_ivl_44", 2 0, L_000001f1e15da260;  1 drivers
v000001f1e15cffb0_0 .net *"_ivl_48", 7 0, L_000001f1e15da3a0;  1 drivers
v000001f1e15d0870_0 .net *"_ivl_5", 0 0, L_000001f1e15d9c20;  1 drivers
v000001f1e15cf6f0_0 .net *"_ivl_50", 7 0, L_000001f1e15da4e0;  1 drivers
v000001f1e15d0190_0 .net *"_ivl_54", 63 0, L_000001f1e15dc920;  1 drivers
v000001f1e15d0ff0_0 .net *"_ivl_56", 63 0, L_000001f1e15db660;  1 drivers
v000001f1e15d1450_0 .net *"_ivl_60", 7 0, L_000001f1e15dc380;  1 drivers
v000001f1e15d09b0_0 .net *"_ivl_62", 7 0, L_000001f1e15db7a0;  1 drivers
v000001f1e15cf790_0 .net *"_ivl_66", 0 0, L_000001f1e15dbde0;  1 drivers
v000001f1e15d0a50_0 .net *"_ivl_68", 0 0, L_000001f1e15dc2e0;  1 drivers
v000001f1e15d0230_0 .net *"_ivl_7", 0 0, L_000001f1e152ed10;  1 drivers
L_000001f1e15defd0 .functor BUFT 1, C4<0>, C4<0>, C4<0>, C4<0>;
v000001f1e15d0690_0 .net/2u *"_ivl_72", 0 0, L_000001f1e15defd0;  1 drivers
v000001f1e15d1130_0 .net *"_ivl_74", 0 0, L_000001f1e15db980;  1 drivers
L_000001f1e15df018 .functor BUFT 1, C4<0>, C4<0>, C4<0>, C4<0>;
v000001f1e15d11d0_0 .net/2u *"_ivl_76", 0 0, L_000001f1e15df018;  1 drivers
v000001f1e15d02d0_0 .net *"_ivl_78", 0 0, L_000001f1e15dc420;  1 drivers
v000001f1e15d05f0_0 .net *"_ivl_83", 0 0, L_000001f1e15dbfc0;  1 drivers
L_000001f1e15df060 .functor BUFT 1, C4<0>, C4<0>, C4<0>, C4<0>;
v000001f1e15d0730_0 .net/2u *"_ivl_84", 0 0, L_000001f1e15df060;  1 drivers
v000001f1e15d0050_0 .net *"_ivl_86", 0 0, L_000001f1e15dc4c0;  1 drivers
L_000001f1e15df0a8 .functor BUFT 1, C4<0>, C4<0>, C4<0>, C4<0>;
v000001f1e15cfab0_0 .net/2u *"_ivl_88", 0 0, L_000001f1e15df0a8;  1 drivers
v000001f1e15cfdd0_0 .net *"_ivl_90", 0 0, L_000001f1e15dbca0;  1 drivers
v000001f1e15d0af0_0 .net *"_ivl_94", 0 0, L_000001f1e15dbd40;  1 drivers
L_000001f1e15df0f0 .functor BUFT 1, C4<0>, C4<0>, C4<0>, C4<0>;
v000001f1e15cfb50_0 .net/2u *"_ivl_96", 0 0, L_000001f1e15df0f0;  1 drivers
v000001f1e15cfd30_0 .net "app_addr", 27 0, v000001f1e15c9680_0;  alias, 1 drivers
v000001f1e15cff10_0 .net "app_cmd", 2 0, v000001f1e15ca4e0_0;  alias, 1 drivers
v000001f1e15d00f0_0 .net "app_en", 0 0, v000001f1e15c9720_0;  alias, 1 drivers
v000001f1e15d1310_0 .net "app_rd_data", 127 0, v000001f1e15d5450_0;  1 drivers
v000001f1e15d0370_0 .net "app_rd_data_end", 0 0, v000001f1e15d3dd0_0;  1 drivers
v000001f1e15cfbf0_0 .net "app_rd_data_valid", 0 0, v000001f1e15d9720_0;  1 drivers
v000001f1e15d0410_0 .net "app_rdy", 0 0, v000001f1e15d9860_0;  1 drivers
v000001f1e15d0eb0_0 .net "app_wdf_data", 127 0, v000001f1e15c8d20_0;  alias, 1 drivers
v000001f1e15d0b90_0 .net "app_wdf_end", 0 0, v000001f1e15ca760_0;  alias, 1 drivers
v000001f1e15d07d0_0 .net "app_wdf_mask", 15 0, v000001f1e15c8960_0;  alias, 1 drivers
v000001f1e15d1270_0 .net "app_wdf_rdy", 0 0, v000001f1e15d9b80_0;  1 drivers
v000001f1e15cfc90_0 .net "app_wdf_wren", 0 0, v000001f1e15cb8c0_0;  alias, 1 drivers
v000001f1e15d0550_0 .net "choose_d", 0 0, L_000001f1e152dce0;  1 drivers
v000001f1e15d0910_0 .net "choose_i", 0 0, L_000001f1e152df80;  1 drivers
v000001f1e15d0c30_0 .net "clk", 0 0, v000001f1e15d9900_0;  1 drivers
v000001f1e15d0f50_0 .net "core_req_addr", 31 0, L_000001f1e15da080;  1 drivers
v000001f1e15d0cd0_0 .net "core_req_cmd", 1 0, L_000001f1e15d9f40;  1 drivers
v000001f1e15d0e10_0 .net "core_req_fire", 0 0, L_000001f1e152f2c0;  1 drivers
v000001f1e15d13b0_0 .net "core_req_len", 7 0, L_000001f1e15dc1a0;  1 drivers
v000001f1e15cf5b0_0 .net "core_req_ready", 0 0, v000001f1e15cc220_0;  1 drivers
v000001f1e15d1090_0 .net "core_req_size", 2 0, L_000001f1e15da300;  1 drivers
v000001f1e15cf650_0 .net "core_req_unc", 0 0, L_000001f1e15dca60;  1 drivers
v000001f1e15cf830_0 .net "core_req_valid", 0 0, L_000001f1e15d9d60;  1 drivers
v000001f1e15cf8d0_0 .net "core_req_wdata", 63 0, L_000001f1e15db700;  1 drivers
v000001f1e15cf970_0 .net "core_req_wstrb", 7 0, L_000001f1e15dbf20;  1 drivers
v000001f1e15cfa10_0 .net "core_rsp_err", 0 0, v000001f1e15cb320_0;  1 drivers
v000001f1e15d2070_0 .net "core_rsp_fire", 0 0, L_000001f1e152f090;  1 drivers
v000001f1e15d1a30_0 .net "core_rsp_last", 0 0, v000001f1e15cbb40_0;  1 drivers
v000001f1e15d3290_0 .net "core_rsp_rdata", 63 0, v000001f1e15cbbe0_0;  1 drivers
v000001f1e15d1d50_0 .net "core_rsp_ready", 0 0, L_000001f1e15dbac0;  1 drivers
v000001f1e15d38d0_0 .net "core_rsp_valid", 0 0, v000001f1e15cbd20_0;  1 drivers
v000001f1e15d3150_0 .net "d_req_addr", 31 0, v000001f1e15db160_0;  1 drivers
v000001f1e15d1e90_0 .net "d_req_cmd", 1 0, v000001f1e15d95e0_0;  1 drivers
v000001f1e15d2430_0 .net "d_req_len", 7 0, v000001f1e15da9e0_0;  1 drivers
v000001f1e15d1b70_0 .net "d_req_ready", 0 0, L_000001f1e15dbe80;  alias, 1 drivers
v000001f1e15d15d0_0 .net "d_req_size", 2 0, v000001f1e15dabc0_0;  1 drivers
v000001f1e15d2ed0_0 .net "d_req_uncached", 0 0, v000001f1e15d92c0_0;  1 drivers
v000001f1e15d18f0_0 .net "d_req_valid", 0 0, v000001f1e15da620_0;  1 drivers
v000001f1e15d30b0_0 .net "d_req_wdata", 63 0, v000001f1e15db200_0;  1 drivers
v000001f1e15d1ad0_0 .net "d_req_wstrb", 7 0, v000001f1e15d8dc0_0;  1 drivers
v000001f1e15d1c10_0 .net "d_rsp_err", 0 0, L_000001f1e15dc240;  alias, 1 drivers
v000001f1e15d1df0_0 .net "d_rsp_last", 0 0, L_000001f1e15dba20;  alias, 1 drivers
v000001f1e15d31f0_0 .net "d_rsp_rdata", 63 0, L_000001f1e152f560;  alias, 1 drivers
v000001f1e15d1f30_0 .net "d_rsp_ready", 0 0, v000001f1e15db2a0_0;  1 drivers
v000001f1e15d3330_0 .net "d_rsp_valid", 0 0, L_000001f1e15dbb60;  alias, 1 drivers
v000001f1e15d1fd0_0 .net "d_unc", 0 0, L_000001f1e152dc70;  1 drivers
v000001f1e15d33d0_0 .net "i_req_addr", 31 0, v000001f1e15da440_0;  1 drivers
v000001f1e15d2390_0 .net "i_req_cmd", 1 0, v000001f1e15da8a0_0;  1 drivers
v000001f1e15d3b50_0 .net "i_req_len", 7 0, v000001f1e15da940_0;  1 drivers
v000001f1e15d3010_0 .net "i_req_ready", 0 0, L_000001f1e15dc100;  alias, 1 drivers
v000001f1e15d1990_0 .net "i_req_size", 2 0, v000001f1e15daa80_0;  1 drivers
v000001f1e15d29d0_0 .net "i_req_uncached", 0 0, v000001f1e15db340_0;  1 drivers
v000001f1e15d1670_0 .net "i_req_valid", 0 0, v000001f1e15d90e0_0;  1 drivers
v000001f1e15d3510_0 .net "i_req_wdata", 63 0, v000001f1e15d8f00_0;  1 drivers
v000001f1e15d35b0_0 .net "i_req_wstrb", 7 0, v000001f1e15d9220_0;  1 drivers
v000001f1e15d3470_0 .net "i_rsp_err", 0 0, L_000001f1e15dc9c0;  alias, 1 drivers
v000001f1e15d2b10_0 .net "i_rsp_last", 0 0, L_000001f1e15dcba0;  alias, 1 drivers
v000001f1e15d3a10_0 .net "i_rsp_rdata", 63 0, L_000001f1e152f020;  alias, 1 drivers
v000001f1e15d2110_0 .net "i_rsp_ready", 0 0, v000001f1e15d9540_0;  1 drivers
v000001f1e15d21b0_0 .net "i_rsp_valid", 0 0, L_000001f1e15dcb00;  alias, 1 drivers
v000001f1e15d2250_0 .net "i_unc", 0 0, L_000001f1e152eae0;  1 drivers
v000001f1e15d22f0_0 .net "init_calib_complete", 0 0, v000001f1e15d94a0_0;  1 drivers
v000001f1e15d3650_0 .net "rst", 0 0, v000001f1e15dae40_0;  1 drivers
v000001f1e15d3790_0 .var "sel_busy", 0 0;
v000001f1e15d1cb0_0 .var "sel_is_d", 0 0;
v000001f1e15d2f70_0 .net "sel_next_is_d", 0 0, L_000001f1e15d9cc0;  1 drivers
L_000001f1e15d9c20 .reduce/nor L_000001f1e152eae0;
L_000001f1e15daf80 .reduce/nor L_000001f1e152dce0;
L_000001f1e15d9cc0 .functor MUXZ 1, L_000001f1e15def40, L_000001f1e15deef8, L_000001f1e152dce0, C4<>;
L_000001f1e15db020 .functor MUXZ 1, v000001f1e15d90e0_0, v000001f1e15da620_0, v000001f1e15d1cb0_0, C4<>;
L_000001f1e15d8fa0 .functor MUXZ 1, L_000001f1e15def88, v000001f1e15d90e0_0, L_000001f1e152df80, C4<>;
L_000001f1e15db0c0 .functor MUXZ 1, L_000001f1e15d8fa0, v000001f1e15da620_0, L_000001f1e152dce0, C4<>;
L_000001f1e15d9d60 .functor MUXZ 1, L_000001f1e15db0c0, L_000001f1e15db020, v000001f1e15d3790_0, C4<>;
L_000001f1e15d9e00 .functor MUXZ 2, v000001f1e15da8a0_0, v000001f1e15d95e0_0, v000001f1e15d1cb0_0, C4<>;
L_000001f1e15d9ea0 .functor MUXZ 2, v000001f1e15da8a0_0, v000001f1e15d95e0_0, L_000001f1e15d9cc0, C4<>;
L_000001f1e15d9f40 .functor MUXZ 2, L_000001f1e15d9ea0, L_000001f1e15d9e00, v000001f1e15d3790_0, C4<>;
L_000001f1e15d9fe0 .functor MUXZ 32, v000001f1e15da440_0, v000001f1e15db160_0, v000001f1e15d1cb0_0, C4<>;
L_000001f1e15da1c0 .functor MUXZ 32, v000001f1e15da440_0, v000001f1e15db160_0, L_000001f1e15d9cc0, C4<>;
L_000001f1e15da080 .functor MUXZ 32, L_000001f1e15da1c0, L_000001f1e15d9fe0, v000001f1e15d3790_0, C4<>;
L_000001f1e15da120 .functor MUXZ 3, v000001f1e15daa80_0, v000001f1e15dabc0_0, v000001f1e15d1cb0_0, C4<>;
L_000001f1e15da260 .functor MUXZ 3, v000001f1e15daa80_0, v000001f1e15dabc0_0, L_000001f1e15d9cc0, C4<>;
L_000001f1e15da300 .functor MUXZ 3, L_000001f1e15da260, L_000001f1e15da120, v000001f1e15d3790_0, C4<>;
L_000001f1e15da3a0 .functor MUXZ 8, v000001f1e15da940_0, v000001f1e15da9e0_0, v000001f1e15d1cb0_0, C4<>;
L_000001f1e15da4e0 .functor MUXZ 8, v000001f1e15da940_0, v000001f1e15da9e0_0, L_000001f1e15d9cc0, C4<>;
L_000001f1e15dc1a0 .functor MUXZ 8, L_000001f1e15da4e0, L_000001f1e15da3a0, v000001f1e15d3790_0, C4<>;
L_000001f1e15dc920 .functor MUXZ 64, v000001f1e15d8f00_0, v000001f1e15db200_0, v000001f1e15d1cb0_0, C4<>;
L_000001f1e15db660 .functor MUXZ 64, v000001f1e15d8f00_0, v000001f1e15db200_0, L_000001f1e15d9cc0, C4<>;
L_000001f1e15db700 .functor MUXZ 64, L_000001f1e15db660, L_000001f1e15dc920, v000001f1e15d3790_0, C4<>;
L_000001f1e15dc380 .functor MUXZ 8, v000001f1e15d9220_0, v000001f1e15d8dc0_0, v000001f1e15d1cb0_0, C4<>;
L_000001f1e15db7a0 .functor MUXZ 8, v000001f1e15d9220_0, v000001f1e15d8dc0_0, L_000001f1e15d9cc0, C4<>;
L_000001f1e15dbf20 .functor MUXZ 8, L_000001f1e15db7a0, L_000001f1e15dc380, v000001f1e15d3790_0, C4<>;
L_000001f1e15dbde0 .functor MUXZ 1, v000001f1e15db340_0, v000001f1e15d92c0_0, v000001f1e15d1cb0_0, C4<>;
L_000001f1e15dc2e0 .functor MUXZ 1, v000001f1e15db340_0, v000001f1e15d92c0_0, L_000001f1e15d9cc0, C4<>;
L_000001f1e15dca60 .functor MUXZ 1, L_000001f1e15dc2e0, L_000001f1e15dbde0, v000001f1e15d3790_0, C4<>;
L_000001f1e15db980 .functor MUXZ 1, L_000001f1e15defd0, v000001f1e15cc220_0, v000001f1e15d1cb0_0, C4<>;
L_000001f1e15dc420 .functor MUXZ 1, L_000001f1e15df018, v000001f1e15cc220_0, L_000001f1e152dce0, C4<>;
L_000001f1e15dbe80 .functor MUXZ 1, L_000001f1e15dc420, L_000001f1e15db980, v000001f1e15d3790_0, C4<>;
L_000001f1e15dbfc0 .reduce/nor v000001f1e15d1cb0_0;
L_000001f1e15dc4c0 .functor MUXZ 1, L_000001f1e15df060, v000001f1e15cc220_0, L_000001f1e15dbfc0, C4<>;
L_000001f1e15dbca0 .functor MUXZ 1, L_000001f1e15df0a8, v000001f1e15cc220_0, L_000001f1e152df80, C4<>;
L_000001f1e15dc100 .functor MUXZ 1, L_000001f1e15dbca0, L_000001f1e15dc4c0, v000001f1e15d3790_0, C4<>;
L_000001f1e15dbd40 .functor MUXZ 1, v000001f1e15d9540_0, v000001f1e15db2a0_0, v000001f1e15d1cb0_0, C4<>;
L_000001f1e15dbac0 .functor MUXZ 1, L_000001f1e15df0f0, L_000001f1e15dbd40, v000001f1e15d3790_0, C4<>;
L_000001f1e15dbb60 .functor MUXZ 1, L_000001f1e15df138, v000001f1e15cbd20_0, L_000001f1e152e990, C4<>;
L_000001f1e15dc240 .functor MUXZ 1, L_000001f1e15df180, v000001f1e15cb320_0, L_000001f1e152e140, C4<>;
L_000001f1e15dba20 .functor MUXZ 1, L_000001f1e15df1c8, v000001f1e15cbb40_0, L_000001f1e152f480, C4<>;
L_000001f1e15dc740 .reduce/nor v000001f1e15d1cb0_0;
L_000001f1e15dcb00 .functor MUXZ 1, L_000001f1e15df210, v000001f1e15cbd20_0, L_000001f1e152f250, C4<>;
L_000001f1e15dc060 .reduce/nor v000001f1e15d1cb0_0;
L_000001f1e15dc9c0 .functor MUXZ 1, L_000001f1e15df258, v000001f1e15cb320_0, L_000001f1e152e8b0, C4<>;
L_000001f1e15dc560 .reduce/nor v000001f1e15d1cb0_0;
L_000001f1e15dcba0 .functor MUXZ 1, L_000001f1e15df2a0, v000001f1e15cbb40_0, L_000001f1e152dea0, C4<>;
L_000001f1e15dc7e0 .reduce/nor v000001f1e15d3790_0;
S_000001f1e10f02d0 .scope module, "u_core" "l2_cache_core" 4 152, 5 15 0, S_000001f1e1094990;
 .timescale -9 -12;
    .port_info 0 /INPUT 1 "clk";
    .port_info 1 /INPUT 1 "rst";
    .port_info 2 /INPUT 1 "init_calib_complete";
    .port_info 3 /INPUT 1 "req_valid";
    .port_info 4 /OUTPUT 1 "req_ready";
    .port_info 5 /INPUT 2 "req_cmd";
    .port_info 6 /INPUT 32 "req_addr";
    .port_info 7 /INPUT 3 "req_size";
    .port_info 8 /INPUT 8 "req_len";
    .port_info 9 /INPUT 64 "req_wdata";
    .port_info 10 /INPUT 8 "req_wstrb";
    .port_info 11 /INPUT 1 "req_uncached";
    .port_info 12 /OUTPUT 1 "rsp_valid";
    .port_info 13 /INPUT 1 "rsp_ready";
    .port_info 14 /OUTPUT 64 "rsp_rdata";
    .port_info 15 /OUTPUT 1 "rsp_err";
    .port_info 16 /OUTPUT 1 "rsp_last";
    .port_info 17 /OUTPUT 28 "app_addr";
    .port_info 18 /OUTPUT 3 "app_cmd";
    .port_info 19 /OUTPUT 1 "app_en";
    .port_info 20 /OUTPUT 128 "app_wdf_data";
    .port_info 21 /OUTPUT 1 "app_wdf_end";
    .port_info 22 /OUTPUT 16 "app_wdf_mask";
    .port_info 23 /OUTPUT 1 "app_wdf_wren";
    .port_info 24 /INPUT 128 "app_rd_data";
    .port_info 25 /INPUT 1 "app_rd_data_end";
    .port_info 26 /INPUT 1 "app_rd_data_valid";
    .port_info 27 /INPUT 1 "app_rdy";
    .port_info 28 /INPUT 1 "app_wdf_rdy";
P_000001f1e15c5930 .param/l "CMD_LINE_RD" 1 5 60, C4<00>;
P_000001f1e15c5968 .param/l "CMD_UC_RD" 1 5 61, C4<01>;
P_000001f1e15c59a0 .param/l "CMD_UC_WR" 1 5 62, C4<10>;
P_000001f1e15c59d8 .param/l "CMD_WB_LINE" 1 5 63, C4<11>;
P_000001f1e15c5a10 .param/l "DDR_BASE" 1 5 66, C4<10000000000000000000000000000000>;
P_000001f1e15c5a48 .param/l "DDR_END" 1 5 67, C4<10000111111111111111111111111111>;
P_000001f1e15c5a80 .param/l "INDEX_BITS" 1 5 76, +C4<00000000000000000000000000001011>;
P_000001f1e15c5ab8 .param/l "LINE_BYTES" 1 5 73, +C4<00000000000000000000000001000000>;
P_000001f1e15c5af0 .param/l "MIG_CMD_READ" 1 5 212, C4<001>;
P_000001f1e15c5b28 .param/l "MIG_CMD_WRITE" 1 5 213, C4<000>;
P_000001f1e15c5b60 .param/l "MMIO_BASE" 1 5 68, C4<01000000000000000000000000000000>;
P_000001f1e15c5b98 .param/l "MMIO_END" 1 5 69, C4<01000000000000001111111111111111>;
P_000001f1e15c5bd0 .param/l "OFFSET_BITS" 1 5 74, +C4<00000000000000000000000000000110>;
P_000001f1e15c5c08 .param/l "PA_W" 1 5 72, +C4<00000000000000000000000000100000>;
P_000001f1e15c5c40 .param/l "SETS" 1 5 75, +C4<00000000000000000000100000000000>;
P_000001f1e15c5c78 .param/l "S_ERR_RSP" 1 5 184, C4<10001>;
P_000001f1e15c5cb0 .param/l "S_HIT_RSP" 1 5 165, C4<00010>;
P_000001f1e15c5ce8 .param/l "S_IDLE" 1 5 163, C4<00000>;
P_000001f1e15c5d20 .param/l "S_LOOKUP" 1 5 164, C4<00001>;
P_000001f1e15c5d58 .param/l "S_MISS_EVICT" 1 5 167, C4<00011>;
P_000001f1e15c5d90 .param/l "S_MISS_INSTALL" 1 5 170, C4<00110>;
P_000001f1e15c5dc8 .param/l "S_MISS_REFILL" 1 5 168, C4<00100>;
P_000001f1e15c5e00 .param/l "S_MISS_RSP" 1 5 171, C4<00111>;
P_000001f1e15c5e38 .param/l "S_MISS_WAITRD" 1 5 169, C4<00101>;
P_000001f1e15c5e70 .param/l "S_UC_RD_REQ" 1 5 178, C4<01100>;
P_000001f1e15c5ea8 .param/l "S_UC_RD_RSP" 1 5 180, C4<01110>;
P_000001f1e15c5ee0 .param/l "S_UC_RD_WAIT" 1 5 179, C4<01101>;
P_000001f1e15c5f18 .param/l "S_UC_WR_REQ" 1 5 181, C4<01111>;
P_000001f1e15c5f50 .param/l "S_UC_WR_RSP" 1 5 182, C4<10000>;
P_000001f1e15c5f88 .param/l "S_WB_EVICT" 1 5 174, C4<01001>;
P_000001f1e15c5fc0 .param/l "S_WB_INSTALL" 1 5 175, C4<01010>;
P_000001f1e15c5ff8 .param/l "S_WB_RECV" 1 5 173, C4<01000>;
P_000001f1e15c6030 .param/l "S_WB_RSP" 1 5 176, C4<01011>;
P_000001f1e15c6068 .param/l "TAG_BITS" 1 5 77, +C4<00000000000000000000000000001111>;
L_000001f1e152ddc0 .functor AND 1, L_000001f1e15db520, L_000001f1e15dc600, C4<1>, C4<1>;
L_000001f1e152f640 .functor AND 1, L_000001f1e15db5c0, L_000001f1e15dc6a0, C4<1>, C4<1>;
L_000001f1e152ed80 .functor BUFZ 1, L_000001f1e152ddc0, C4<0>, C4<0>, C4<0>;
L_000001f1e152dab0 .functor OR 1, v000001f1e15ce220_0, L_000001f1e152f640, C4<0>, C4<0>;
L_000001f1e152f100 .functor AND 1, L_000001f1e15db840, L_000001f1e15db8e0, C4<1>, C4<1>;
L_000001f1e152f3a0 .functor AND 1, L_000001f1e15dbc00, L_000001f1e15dc880, C4<1>, C4<1>;
L_000001f1e152e920 .functor AND 1, L_000001f1e1638ee0, L_000001f1e16397a0, C4<1>, C4<1>;
L_000001f1e152e3e0 .functor AND 1, L_000001f1e1638440, L_000001f1e1639ca0, C4<1>, C4<1>;
L_000001f1e152e5a0 .functor AND 1, L_000001f1e1638120, L_000001f1e1639de0, C4<1>, C4<1>;
L_000001f1e152f170 .functor OR 1, L_000001f1e152e3e0, L_000001f1e152e5a0, C4<0>, C4<0>;
L_000001f1e15dfa80 .functor BUFT 1, C4<0>, C4<0>, C4<0>, C4<0>;
L_000001f1e152edf0 .functor XNOR 1, L_000001f1e16395c0, L_000001f1e15dfa80, C4<0>, C4<0>;
L_000001f1e15dfb58 .functor BUFT 1, C4<0>, C4<0>, C4<0>, C4<0>;
L_000001f1e152efb0 .functor XNOR 1, L_000001f1e16395c0, L_000001f1e15dfb58, C4<0>, C4<0>;
L_000001f1e15dfc30 .functor BUFT 1, C4<0>, C4<0>, C4<0>, C4<0>;
L_000001f1e152e290 .functor XNOR 1, L_000001f1e16395c0, L_000001f1e15dfc30, C4<0>, C4<0>;
L_000001f1e15dfd08 .functor BUFT 1, C4<0>, C4<0>, C4<0>, C4<0>;
L_000001f1e152db20 .functor XNOR 1, L_000001f1e16395c0, L_000001f1e15dfd08, C4<0>, C4<0>;
L_000001f1e15df2e8 .functor BUFT 1, C4<10000000000000000000000000000000>, C4<0>, C4<0>, C4<0>;
v000001f1e1530560_0 .net/2u *"_ivl_0", 31 0, L_000001f1e15df2e8;  1 drivers
L_000001f1e15df378 .functor BUFT 1, C4<01000000000000000000000000000000>, C4<0>, C4<0>, C4<0>;
v000001f1e1531780_0 .net/2u *"_ivl_10", 31 0, L_000001f1e15df378;  1 drivers
L_000001f1e15df7b0 .functor BUFT 1, C4<00>, C4<0>, C4<0>, C4<0>;
v000001f1e152fd40_0 .net *"_ivl_101", 1 0, L_000001f1e15df7b0;  1 drivers
v000001f1e15309c0_0 .net *"_ivl_102", 0 0, L_000001f1e1639ca0;  1 drivers
v000001f1e1530b00_0 .net *"_ivl_106", 0 0, L_000001f1e1638120;  1 drivers
v000001f1e1531820_0 .net *"_ivl_108", 12 0, L_000001f1e16390c0;  1 drivers
L_000001f1e15df7f8 .functor BUFT 1, C4<00>, C4<0>, C4<0>, C4<0>;
v000001f1e15c8220_0 .net *"_ivl_111", 1 0, L_000001f1e15df7f8;  1 drivers
v000001f1e15c7be0_0 .net *"_ivl_112", 14 0, L_000001f1e1638b20;  1 drivers
v000001f1e15c6d80_0 .net *"_ivl_114", 12 0, L_000001f1e1638620;  1 drivers
L_000001f1e15df840 .functor BUFT 1, C4<00>, C4<0>, C4<0>, C4<0>;
v000001f1e15c6e20_0 .net *"_ivl_117", 1 0, L_000001f1e15df840;  1 drivers
v000001f1e15c7fa0_0 .net *"_ivl_118", 0 0, L_000001f1e1639de0;  1 drivers
v000001f1e15c71e0_0 .net *"_ivl_12", 0 0, L_000001f1e15db5c0;  1 drivers
L_000001f1e15df888 .functor BUFT 1, C4<0>, C4<0>, C4<0>, C4<0>;
v000001f1e15c6880_0 .net/2u *"_ivl_124", 0 0, L_000001f1e15df888;  1 drivers
L_000001f1e15df8d0 .functor BUFT 1, C4<1>, C4<0>, C4<0>, C4<0>;
v000001f1e15c82c0_0 .net/2u *"_ivl_126", 0 0, L_000001f1e15df8d0;  1 drivers
v000001f1e15c7960_0 .net *"_ivl_130", 0 0, L_000001f1e1639340;  1 drivers
v000001f1e15c70a0_0 .net *"_ivl_132", 12 0, L_000001f1e16383a0;  1 drivers
L_000001f1e15df918 .functor BUFT 1, C4<00>, C4<0>, C4<0>, C4<0>;
v000001f1e15c7f00_0 .net *"_ivl_135", 1 0, L_000001f1e15df918;  1 drivers
v000001f1e15c7280_0 .net *"_ivl_138", 0 0, L_000001f1e1639ac0;  1 drivers
L_000001f1e15df3c0 .functor BUFT 1, C4<01000000000000001111111111111111>, C4<0>, C4<0>, C4<0>;
v000001f1e15c78c0_0 .net/2u *"_ivl_14", 31 0, L_000001f1e15df3c0;  1 drivers
v000001f1e15c7320_0 .net *"_ivl_140", 12 0, L_000001f1e16389e0;  1 drivers
L_000001f1e15df960 .functor BUFT 1, C4<00>, C4<0>, C4<0>, C4<0>;
v000001f1e15c7b40_0 .net *"_ivl_143", 1 0, L_000001f1e15df960;  1 drivers
L_000001f1e15df9a8 .functor BUFT 1, C4<0>, C4<0>, C4<0>, C4<0>;
v000001f1e15c6ce0_0 .net/2u *"_ivl_146", 0 0, L_000001f1e15df9a8;  1 drivers
L_000001f1e15df9f0 .functor BUFT 1, C4<1>, C4<0>, C4<0>, C4<0>;
v000001f1e15c75a0_0 .net/2u *"_ivl_148", 0 0, L_000001f1e15df9f0;  1 drivers
v000001f1e15c76e0_0 .net *"_ivl_150", 0 0, L_000001f1e1639b60;  1 drivers
v000001f1e15c73c0_0 .net *"_ivl_152", 12 0, L_000001f1e1638080;  1 drivers
L_000001f1e15dfa38 .functor BUFT 1, C4<00>, C4<0>, C4<0>, C4<0>;
v000001f1e15c7c80_0 .net *"_ivl_155", 1 0, L_000001f1e15dfa38;  1 drivers
v000001f1e15c8540_0 .net *"_ivl_156", 0 0, L_000001f1e1637680;  1 drivers
v000001f1e15c69c0_0 .net *"_ivl_16", 0 0, L_000001f1e15dc6a0;  1 drivers
v000001f1e15c6ec0_0 .net/2u *"_ivl_160", 0 0, L_000001f1e15dfa80;  1 drivers
v000001f1e15c7820_0 .net *"_ivl_162", 0 0, L_000001f1e152edf0;  1 drivers
v000001f1e15c6ba0_0 .net *"_ivl_164", 0 0, L_000001f1e1637f40;  1 drivers
v000001f1e15c6920_0 .net *"_ivl_166", 12 0, L_000001f1e16393e0;  1 drivers
L_000001f1e15dfac8 .functor BUFT 1, C4<00>, C4<0>, C4<0>, C4<0>;
v000001f1e15c7aa0_0 .net *"_ivl_169", 1 0, L_000001f1e15dfac8;  1 drivers
v000001f1e15c8360_0 .net *"_ivl_170", 0 0, L_000001f1e1639700;  1 drivers
v000001f1e15c6a60_0 .net *"_ivl_172", 12 0, L_000001f1e1637ea0;  1 drivers
L_000001f1e15dfb10 .functor BUFT 1, C4<00>, C4<0>, C4<0>, C4<0>;
v000001f1e15c7d20_0 .net *"_ivl_175", 1 0, L_000001f1e15dfb10;  1 drivers
v000001f1e15c7780_0 .net/2u *"_ivl_178", 0 0, L_000001f1e15dfb58;  1 drivers
v000001f1e15c7a00_0 .net *"_ivl_180", 0 0, L_000001f1e152efb0;  1 drivers
v000001f1e15c7640_0 .net *"_ivl_182", 0 0, L_000001f1e1637900;  1 drivers
v000001f1e15c7140_0 .net *"_ivl_184", 12 0, L_000001f1e1638d00;  1 drivers
L_000001f1e15dfba0 .functor BUFT 1, C4<00>, C4<0>, C4<0>, C4<0>;
v000001f1e15c7dc0_0 .net *"_ivl_187", 1 0, L_000001f1e15dfba0;  1 drivers
v000001f1e15c7460_0 .net *"_ivl_188", 0 0, L_000001f1e16381c0;  1 drivers
v000001f1e15c85e0_0 .net *"_ivl_190", 12 0, L_000001f1e1637ae0;  1 drivers
L_000001f1e15dfbe8 .functor BUFT 1, C4<00>, C4<0>, C4<0>, C4<0>;
v000001f1e15c6b00_0 .net *"_ivl_193", 1 0, L_000001f1e15dfbe8;  1 drivers
v000001f1e15c8040_0 .net/2u *"_ivl_196", 0 0, L_000001f1e15dfc30;  1 drivers
v000001f1e15c80e0_0 .net *"_ivl_198", 0 0, L_000001f1e152e290;  1 drivers
v000001f1e15c6c40_0 .net *"_ivl_2", 0 0, L_000001f1e15db520;  1 drivers
v000001f1e15c6f60_0 .net *"_ivl_200", 14 0, L_000001f1e16379a0;  1 drivers
v000001f1e15c8400_0 .net *"_ivl_202", 12 0, L_000001f1e1637a40;  1 drivers
L_000001f1e15dfc78 .functor BUFT 1, C4<00>, C4<0>, C4<0>, C4<0>;
v000001f1e15c7e60_0 .net *"_ivl_205", 1 0, L_000001f1e15dfc78;  1 drivers
v000001f1e15c84a0_0 .net *"_ivl_206", 14 0, L_000001f1e16392a0;  1 drivers
v000001f1e15c6740_0 .net *"_ivl_208", 12 0, L_000001f1e1637c20;  1 drivers
L_000001f1e15dfcc0 .functor BUFT 1, C4<00>, C4<0>, C4<0>, C4<0>;
v000001f1e15c7500_0 .net *"_ivl_211", 1 0, L_000001f1e15dfcc0;  1 drivers
v000001f1e15c8180_0 .net/2u *"_ivl_214", 0 0, L_000001f1e15dfd08;  1 drivers
v000001f1e15c67e0_0 .net *"_ivl_216", 0 0, L_000001f1e152db20;  1 drivers
v000001f1e15c7000_0 .net *"_ivl_218", 511 0, L_000001f1e1639480;  1 drivers
v000001f1e15c9860_0 .net *"_ivl_220", 12 0, L_000001f1e16386c0;  1 drivers
L_000001f1e15dfd50 .functor BUFT 1, C4<00>, C4<0>, C4<0>, C4<0>;
v000001f1e15c9e00_0 .net *"_ivl_223", 1 0, L_000001f1e15dfd50;  1 drivers
v000001f1e15c9c20_0 .net *"_ivl_224", 511 0, L_000001f1e1637fe0;  1 drivers
v000001f1e15c90e0_0 .net *"_ivl_226", 12 0, L_000001f1e1637cc0;  1 drivers
L_000001f1e15dfd98 .functor BUFT 1, C4<00>, C4<0>, C4<0>, C4<0>;
v000001f1e15c8b40_0 .net *"_ivl_229", 1 0, L_000001f1e15dfd98;  1 drivers
L_000001f1e15df408 .functor BUFT 1, C4<00000111>, C4<0>, C4<0>, C4<0>;
v000001f1e15c8aa0_0 .net/2u *"_ivl_24", 7 0, L_000001f1e15df408;  1 drivers
v000001f1e15ca080_0 .net *"_ivl_26", 0 0, L_000001f1e15db840;  1 drivers
L_000001f1e15df450 .functor BUFT 1, C4<011>, C4<0>, C4<0>, C4<0>;
v000001f1e15c9400_0 .net/2u *"_ivl_28", 2 0, L_000001f1e15df450;  1 drivers
v000001f1e15c9220_0 .net *"_ivl_30", 0 0, L_000001f1e15db8e0;  1 drivers
L_000001f1e15df498 .functor BUFT 1, C4<00000000>, C4<0>, C4<0>, C4<0>;
v000001f1e15c8a00_0 .net/2u *"_ivl_34", 7 0, L_000001f1e15df498;  1 drivers
v000001f1e15ca260_0 .net *"_ivl_36", 0 0, L_000001f1e15dbc00;  1 drivers
L_000001f1e15df4e0 .functor BUFT 1, C4<011>, C4<0>, C4<0>, C4<0>;
v000001f1e15c92c0_0 .net/2u *"_ivl_38", 2 0, L_000001f1e15df4e0;  1 drivers
L_000001f1e15df330 .functor BUFT 1, C4<10000111111111111111111111111111>, C4<0>, C4<0>, C4<0>;
v000001f1e15c9a40_0 .net/2u *"_ivl_4", 31 0, L_000001f1e15df330;  1 drivers
v000001f1e15ca620_0 .net *"_ivl_40", 0 0, L_000001f1e15dc880;  1 drivers
L_000001f1e15df528 .functor BUFT 1, C4<00000111>, C4<0>, C4<0>, C4<0>;
v000001f1e15c8fa0_0 .net/2u *"_ivl_44", 7 0, L_000001f1e15df528;  1 drivers
v000001f1e15c9fe0_0 .net *"_ivl_46", 0 0, L_000001f1e1638ee0;  1 drivers
L_000001f1e15df570 .functor BUFT 1, C4<011>, C4<0>, C4<0>, C4<0>;
v000001f1e15c8e60_0 .net/2u *"_ivl_48", 2 0, L_000001f1e15df570;  1 drivers
v000001f1e15ca300_0 .net *"_ivl_50", 0 0, L_000001f1e16397a0;  1 drivers
L_000001f1e15df5b8 .functor BUFT 1, C4<00>, C4<0>, C4<0>, C4<0>;
v000001f1e15ca3a0_0 .net/2u *"_ivl_54", 1 0, L_000001f1e15df5b8;  1 drivers
v000001f1e15ca120_0 .net *"_ivl_56", 0 0, L_000001f1e1638bc0;  1 drivers
L_000001f1e15df600 .functor BUFT 1, C4<01>, C4<0>, C4<0>, C4<0>;
v000001f1e15c9ea0_0 .net/2u *"_ivl_58", 1 0, L_000001f1e15df600;  1 drivers
v000001f1e15c8be0_0 .net *"_ivl_6", 0 0, L_000001f1e15dc600;  1 drivers
v000001f1e15ca800_0 .net *"_ivl_60", 0 0, L_000001f1e1639980;  1 drivers
L_000001f1e15df648 .functor BUFT 1, C4<10>, C4<0>, C4<0>, C4<0>;
v000001f1e15c8f00_0 .net/2u *"_ivl_62", 1 0, L_000001f1e15df648;  1 drivers
v000001f1e15c9900_0 .net *"_ivl_64", 0 0, L_000001f1e1637860;  1 drivers
L_000001f1e15df690 .functor BUFT 1, C4<11>, C4<0>, C4<0>, C4<0>;
v000001f1e15c99a0_0 .net/2u *"_ivl_66", 1 0, L_000001f1e15df690;  1 drivers
v000001f1e15ca1c0_0 .net *"_ivl_68", 0 0, L_000001f1e1639d40;  1 drivers
L_000001f1e15df6d8 .functor BUFT 1, C4<0>, C4<0>, C4<0>, C4<0>;
v000001f1e15c9ae0_0 .net/2u *"_ivl_70", 0 0, L_000001f1e15df6d8;  1 drivers
v000001f1e15c9360_0 .net *"_ivl_72", 0 0, L_000001f1e1638260;  1 drivers
v000001f1e15c8dc0_0 .net *"_ivl_74", 0 0, L_000001f1e1637d60;  1 drivers
v000001f1e15ca440_0 .net *"_ivl_76", 0 0, L_000001f1e16388a0;  1 drivers
v000001f1e15c9040_0 .net *"_ivl_85", 25 0, L_000001f1e1639660;  1 drivers
L_000001f1e15df720 .functor BUFT 1, C4<000000>, C4<0>, C4<0>, C4<0>;
v000001f1e15c94a0_0 .net/2u *"_ivl_86", 5 0, L_000001f1e15df720;  1 drivers
v000001f1e15c9b80_0 .net *"_ivl_90", 0 0, L_000001f1e1638440;  1 drivers
v000001f1e15c9cc0_0 .net *"_ivl_92", 12 0, L_000001f1e1638940;  1 drivers
L_000001f1e15df768 .functor BUFT 1, C4<00>, C4<0>, C4<0>, C4<0>;
v000001f1e15c9540_0 .net *"_ivl_95", 1 0, L_000001f1e15df768;  1 drivers
v000001f1e15c95e0_0 .net *"_ivl_96", 14 0, L_000001f1e16384e0;  1 drivers
v000001f1e15c8c80_0 .net *"_ivl_98", 12 0, L_000001f1e1638580;  1 drivers
v000001f1e15c9d60_0 .net "addr_legal", 0 0, L_000001f1e152ed80;  1 drivers
v000001f1e15c9180_0 .var "addr_r", 31 0;
v000001f1e15c9680_0 .var "app_addr", 27 0;
v000001f1e15ca4e0_0 .var "app_cmd", 2 0;
v000001f1e15c9720_0 .var "app_en", 0 0;
v000001f1e15c9f40_0 .net "app_rd_data", 127 0, v000001f1e15d5450_0;  alias, 1 drivers
v000001f1e15c97c0_0 .net "app_rd_data_end", 0 0, v000001f1e15d3dd0_0;  alias, 1 drivers
v000001f1e15ca580_0 .net "app_rd_data_valid", 0 0, v000001f1e15d9720_0;  alias, 1 drivers
v000001f1e15ca6c0_0 .net "app_rdy", 0 0, v000001f1e15d9860_0;  alias, 1 drivers
v000001f1e15c8d20_0 .var "app_wdf_data", 127 0;
v000001f1e15ca760_0 .var "app_wdf_end", 0 0;
v000001f1e15c8960_0 .var "app_wdf_mask", 15 0;
v000001f1e15cb3c0_0 .net "app_wdf_rdy", 0 0, v000001f1e15d9b80_0;  alias, 1 drivers
v000001f1e15cb8c0_0 .var "app_wdf_wren", 0 0;
v000001f1e15cc680_0 .net "clk", 0 0, v000001f1e15d9900_0;  alias, 1 drivers
v000001f1e15cb640_0 .var "cmd_r", 1 0;
v000001f1e15cbe60 .array "data0_mem", 2047 0, 511 0;
v000001f1e15cc9a0 .array "data1_mem", 2047 0, 511 0;
v000001f1e15cc040 .array "dir0_mem", 2047 0, 0 0;
v000001f1e15cb460 .array "dir1_mem", 2047 0, 0 0;
v000001f1e15cae20_0 .var "evict_needed_buf", 0 0;
v000001f1e15cc400_0 .net "hit", 0 0, L_000001f1e152f170;  1 drivers
v000001f1e15cb280_0 .net "hit0", 0 0, L_000001f1e152e3e0;  1 drivers
v000001f1e15ccc20_0 .net "hit1", 0 0, L_000001f1e152e5a0;  1 drivers
v000001f1e15cc540_0 .net "hit_way", 0 0, L_000001f1e1639c00;  1 drivers
v000001f1e15cb500_0 .net "index_r", 10 0, L_000001f1e1638800;  1 drivers
v000001f1e15cc0e0_0 .net "init_calib_complete", 0 0, v000001f1e15d94a0_0;  alias, 1 drivers
v000001f1e15cca40_0 .var "install_way_buf", 0 0;
v000001f1e15caec0_0 .net "is_ddr", 0 0, L_000001f1e152ddc0;  1 drivers
v000001f1e15cad80_0 .net "is_mmio", 0 0, L_000001f1e152f640;  1 drivers
v000001f1e15cb5a0_0 .var "len_r", 7 0;
v000001f1e15cbf00_0 .net "line_addr_r", 31 0, L_000001f1e1639a20;  1 drivers
v000001f1e15caf60_0 .var "line_buf", 511 0;
v000001f1e15cc180_0 .var "mig_beat_cnt", 1 0;
v000001f1e15cbfa0 .array "plru_mem", 2047 0, 0 0;
v000001f1e15cb960_0 .var "refill_buf", 511 0;
v000001f1e15cb6e0_0 .net "req_addr", 31 0, L_000001f1e15da080;  alias, 1 drivers
v000001f1e15ccae0_0 .net "req_cmd", 1 0, L_000001f1e15d9f40;  alias, 1 drivers
v000001f1e15cb780_0 .net "req_len", 7 0, L_000001f1e15dc1a0;  alias, 1 drivers
v000001f1e15cb000_0 .net "req_len_ok", 0 0, L_000001f1e1638f80;  1 drivers
v000001f1e15ccb80_0 .net "req_len_ok_line", 0 0, L_000001f1e152f100;  1 drivers
v000001f1e15cb820_0 .net "req_len_ok_uc", 0 0, L_000001f1e152f3a0;  1 drivers
v000001f1e15cc720_0 .net "req_len_ok_wb", 0 0, L_000001f1e152e920;  1 drivers
v000001f1e15cc220_0 .var "req_ready", 0 0;
v000001f1e15cba00_0 .net "req_size", 2 0, L_000001f1e15da300;  alias, 1 drivers
v000001f1e15cb0a0_0 .net "req_uncached", 0 0, L_000001f1e15dca60;  alias, 1 drivers
v000001f1e15cc4a0_0 .net "req_valid", 0 0, L_000001f1e15d9d60;  alias, 1 drivers
v000001f1e15cbaa0_0 .net "req_wdata", 63 0, L_000001f1e15db700;  alias, 1 drivers
v000001f1e15cb140_0 .net "req_wstrb", 7 0, L_000001f1e15dbf20;  alias, 1 drivers
v000001f1e15cb1e0_0 .var "rsp_beat_cnt", 2 0;
v000001f1e15cb320_0 .var "rsp_err", 0 0;
v000001f1e15cbb40_0 .var "rsp_last", 0 0;
v000001f1e15cbbe0_0 .var "rsp_rdata", 63 0;
v000001f1e15cbc80_0 .net "rsp_ready", 0 0, L_000001f1e15dbac0;  alias, 1 drivers
v000001f1e15cbd20_0 .var "rsp_valid", 0 0;
v000001f1e15cbdc0_0 .net "rst", 0 0, v000001f1e15dae40_0;  alias, 1 drivers
v000001f1e15cc2c0_0 .var/i "si", 31 0;
v000001f1e15cc360_0 .var "size_r", 2 0;
v000001f1e15cc5e0_0 .var "state", 4 0;
v000001f1e15cc7c0 .array "tag0_mem", 2047 0, 14 0;
v000001f1e15cc900 .array "tag1_mem", 2047 0, 14 0;
v000001f1e15cc860_0 .net "tag_r", 14 0, L_000001f1e1637b80;  1 drivers
v000001f1e15cdfa0_0 .net "uc_hi64", 0 0, L_000001f1e1639020;  1 drivers
v000001f1e15cdb40_0 .var "uc_rdata_buf", 63 0;
v000001f1e15cde60_0 .net "unc_eff", 0 0, L_000001f1e152dab0;  1 drivers
v000001f1e15ce220_0 .var "unc_r", 0 0;
v000001f1e15ce180_0 .net "v0_inv", 0 0, L_000001f1e1637720;  1 drivers
v000001f1e15cdbe0_0 .net "v1_inv", 0 0, L_000001f1e1639160;  1 drivers
v000001f1e15ceb80 .array "val0_mem", 2047 0, 0 0;
v000001f1e15cef40 .array "val1_mem", 2047 0, 0 0;
v000001f1e15cdc80_0 .var "victim_dirty_buf", 0 0;
v000001f1e15cdaa0_0 .net "victim_dirty_w", 0 0, L_000001f1e1637e00;  1 drivers
v000001f1e15ce2c0_0 .var "victim_line_buf", 511 0;
v000001f1e15ce360_0 .net "victim_line_w", 511 0, L_000001f1e1638300;  1 drivers
v000001f1e15ce680_0 .var "victim_tag_buf", 14 0;
v000001f1e15ce5e0_0 .net "victim_tag_w", 14 0, L_000001f1e16398e0;  1 drivers
v000001f1e15cf080_0 .var "victim_valid_buf", 0 0;
v000001f1e15cd820_0 .net "victim_valid_w", 0 0, L_000001f1e16377c0;  1 drivers
v000001f1e15cdd20_0 .var "victim_way_buf", 0 0;
v000001f1e15cd6e0_0 .net "victim_way_w", 0 0, L_000001f1e16395c0;  1 drivers
v000001f1e15ce400_0 .var "wb_beat_cnt", 2 0;
v000001f1e15cf3a0_0 .var "wb_buf", 511 0;
v000001f1e15ce0e0_0 .var "wdata_r", 63 0;
v000001f1e15cdf00_0 .var "wstrb_r", 7 0;
E_000001f1e153e140/0 .event anyedge, v000001f1e15cc0e0_0, v000001f1e15cbdc0_0, v000001f1e15cc5e0_0, v000001f1e15caf60_0;
E_000001f1e153e140/1 .event anyedge, v000001f1e15cb1e0_0, v000001f1e15cdb40_0, v000001f1e15ca6c0_0, v000001f1e15cb3c0_0;
E_000001f1e153e140/2 .event anyedge, v000001f1e15cc180_0, v000001f1e15ce680_0, v000001f1e15cb500_0, v000001f1e152fb60_0;
E_000001f1e153e140/3 .event anyedge, v000001f1e15310a0_0, v000001f1e15ce2c0_0, v000001f1e15cbf00_0, v000001f1e152ff20_0;
E_000001f1e153e140/4 .event anyedge, v000001f1e1531000_0, v000001f1e15302e0_0, v000001f1e15c9180_0, v000001f1e1530060_0;
E_000001f1e153e140/5 .event anyedge, v000001f1e1530240_0, v000001f1e15cdfa0_0, v000001f1e15ce0e0_0, v000001f1e15cdf00_0;
E_000001f1e153e140/6 .event anyedge, v000001f1e1530ce0_0, v000001f1e1531280_0;
E_000001f1e153e140 .event/or E_000001f1e153e140/0, E_000001f1e153e140/1, E_000001f1e153e140/2, E_000001f1e153e140/3, E_000001f1e153e140/4, E_000001f1e153e140/5, E_000001f1e153e140/6;
L_000001f1e15db520 .cmp/ge 32, v000001f1e15c9180_0, L_000001f1e15df2e8;
L_000001f1e15dc600 .cmp/ge 32, L_000001f1e15df330, v000001f1e15c9180_0;
L_000001f1e15db5c0 .cmp/ge 32, v000001f1e15c9180_0, L_000001f1e15df378;
L_000001f1e15dc6a0 .cmp/ge 32, L_000001f1e15df3c0, v000001f1e15c9180_0;
L_000001f1e15db840 .cmp/eq 8, v000001f1e15cb5a0_0, L_000001f1e15df408;
L_000001f1e15db8e0 .cmp/eq 3, v000001f1e15cc360_0, L_000001f1e15df450;
L_000001f1e15dbc00 .cmp/eq 8, v000001f1e15cb5a0_0, L_000001f1e15df498;
L_000001f1e15dc880 .cmp/eq 3, v000001f1e15cc360_0, L_000001f1e15df4e0;
L_000001f1e1638ee0 .cmp/eq 8, v000001f1e15cb5a0_0, L_000001f1e15df528;
L_000001f1e16397a0 .cmp/eq 3, v000001f1e15cc360_0, L_000001f1e15df570;
L_000001f1e1638bc0 .cmp/eq 2, v000001f1e15cb640_0, L_000001f1e15df5b8;
L_000001f1e1639980 .cmp/eq 2, v000001f1e15cb640_0, L_000001f1e15df600;
L_000001f1e1637860 .cmp/eq 2, v000001f1e15cb640_0, L_000001f1e15df648;
L_000001f1e1639d40 .cmp/eq 2, v000001f1e15cb640_0, L_000001f1e15df690;
L_000001f1e1638260 .functor MUXZ 1, L_000001f1e15df6d8, L_000001f1e152e920, L_000001f1e1639d40, C4<>;
L_000001f1e1637d60 .functor MUXZ 1, L_000001f1e1638260, L_000001f1e152f3a0, L_000001f1e1637860, C4<>;
L_000001f1e16388a0 .functor MUXZ 1, L_000001f1e1637d60, L_000001f1e152f3a0, L_000001f1e1639980, C4<>;
L_000001f1e1638f80 .functor MUXZ 1, L_000001f1e16388a0, L_000001f1e152f100, L_000001f1e1638bc0, C4<>;
L_000001f1e1638800 .part v000001f1e15c9180_0, 6, 11;
L_000001f1e1637b80 .part v000001f1e15c9180_0, 17, 15;
L_000001f1e1639660 .part v000001f1e15c9180_0, 6, 26;
L_000001f1e1639a20 .concat [ 6 26 0 0], L_000001f1e15df720, L_000001f1e1639660;
L_000001f1e1638440 .array/port v000001f1e15ceb80, L_000001f1e1638940;
L_000001f1e1638940 .concat [ 11 2 0 0], L_000001f1e1638800, L_000001f1e15df768;
L_000001f1e16384e0 .array/port v000001f1e15cc7c0, L_000001f1e1638580;
L_000001f1e1638580 .concat [ 11 2 0 0], L_000001f1e1638800, L_000001f1e15df7b0;
L_000001f1e1639ca0 .cmp/eq 15, L_000001f1e16384e0, L_000001f1e1637b80;
L_000001f1e1638120 .array/port v000001f1e15cef40, L_000001f1e16390c0;
L_000001f1e16390c0 .concat [ 11 2 0 0], L_000001f1e1638800, L_000001f1e15df7f8;
L_000001f1e1638b20 .array/port v000001f1e15cc900, L_000001f1e1638620;
L_000001f1e1638620 .concat [ 11 2 0 0], L_000001f1e1638800, L_000001f1e15df840;
L_000001f1e1639de0 .cmp/eq 15, L_000001f1e1638b20, L_000001f1e1637b80;
L_000001f1e1639c00 .functor MUXZ 1, L_000001f1e15df8d0, L_000001f1e15df888, L_000001f1e152e3e0, C4<>;
L_000001f1e1639340 .array/port v000001f1e15ceb80, L_000001f1e16383a0;
L_000001f1e16383a0 .concat [ 11 2 0 0], L_000001f1e1638800, L_000001f1e15df918;
L_000001f1e1637720 .reduce/nor L_000001f1e1639340;
L_000001f1e1639ac0 .array/port v000001f1e15cef40, L_000001f1e16389e0;
L_000001f1e16389e0 .concat [ 11 2 0 0], L_000001f1e1638800, L_000001f1e15df960;
L_000001f1e1639160 .reduce/nor L_000001f1e1639ac0;
L_000001f1e1639b60 .array/port v000001f1e15cbfa0, L_000001f1e1638080;
L_000001f1e1638080 .concat [ 11 2 0 0], L_000001f1e1638800, L_000001f1e15dfa38;
L_000001f1e1637680 .functor MUXZ 1, L_000001f1e1639b60, L_000001f1e15df9f0, L_000001f1e1639160, C4<>;
L_000001f1e16395c0 .functor MUXZ 1, L_000001f1e1637680, L_000001f1e15df9a8, L_000001f1e1637720, C4<>;
L_000001f1e1637f40 .array/port v000001f1e15ceb80, L_000001f1e16393e0;
L_000001f1e16393e0 .concat [ 11 2 0 0], L_000001f1e1638800, L_000001f1e15dfac8;
L_000001f1e1639700 .array/port v000001f1e15cef40, L_000001f1e1637ea0;
L_000001f1e1637ea0 .concat [ 11 2 0 0], L_000001f1e1638800, L_000001f1e15dfb10;
L_000001f1e16377c0 .functor MUXZ 1, L_000001f1e1639700, L_000001f1e1637f40, L_000001f1e152edf0, C4<>;
L_000001f1e1637900 .array/port v000001f1e15cc040, L_000001f1e1638d00;
L_000001f1e1638d00 .concat [ 11 2 0 0], L_000001f1e1638800, L_000001f1e15dfba0;
L_000001f1e16381c0 .array/port v000001f1e15cb460, L_000001f1e1637ae0;
L_000001f1e1637ae0 .concat [ 11 2 0 0], L_000001f1e1638800, L_000001f1e15dfbe8;
L_000001f1e1637e00 .functor MUXZ 1, L_000001f1e16381c0, L_000001f1e1637900, L_000001f1e152efb0, C4<>;
L_000001f1e16379a0 .array/port v000001f1e15cc7c0, L_000001f1e1637a40;
L_000001f1e1637a40 .concat [ 11 2 0 0], L_000001f1e1638800, L_000001f1e15dfc78;
L_000001f1e16392a0 .array/port v000001f1e15cc900, L_000001f1e1637c20;
L_000001f1e1637c20 .concat [ 11 2 0 0], L_000001f1e1638800, L_000001f1e15dfcc0;
L_000001f1e16398e0 .functor MUXZ 15, L_000001f1e16392a0, L_000001f1e16379a0, L_000001f1e152e290, C4<>;
L_000001f1e1639480 .array/port v000001f1e15cbe60, L_000001f1e16386c0;
L_000001f1e16386c0 .concat [ 11 2 0 0], L_000001f1e1638800, L_000001f1e15dfd50;
L_000001f1e1637fe0 .array/port v000001f1e15cc9a0, L_000001f1e1637cc0;
L_000001f1e1637cc0 .concat [ 11 2 0 0], L_000001f1e1638800, L_000001f1e15dfd98;
L_000001f1e1638300 .functor MUXZ 512, L_000001f1e1637fe0, L_000001f1e1639480, L_000001f1e152db20, C4<>;
L_000001f1e1639020 .part v000001f1e15c9180_0, 3, 1;
S_000001f1e110b6f0 .scope begin, "BLK_MISS_EVICT_ADDR" "BLK_MISS_EVICT_ADDR" 5 298, 5 298 0, S_000001f1e10f02d0;
 .timescale -9 -12;
v000001f1e15310a0_0 .var "beat_pa", 31 0;
v000001f1e152fb60_0 .var "victim_pa", 31 0;
S_000001f1e1062ce0 .scope begin, "BLK_REFILL_ADDR" "BLK_REFILL_ADDR" 5 312, 5 312 0, S_000001f1e10f02d0;
 .timescale -9 -12;
v000001f1e152ff20_0 .var "pa0", 31 0;
S_000001f1e1062e70 .scope begin, "BLK_UC_RD_ADDR" "BLK_UC_RD_ADDR" 5 340, 5 340 0, S_000001f1e10f02d0;
 .timescale -9 -12;
v000001f1e1530060_0 .var "pa16", 31 0;
S_000001f1e1063000 .scope begin, "BLK_UC_WR" "BLK_UC_WR" 5 353, 5 353 0, S_000001f1e10f02d0;
 .timescale -9 -12;
v000001f1e1531280_0 .var "msk", 15 0;
v000001f1e1530240_0 .var "pa16", 31 0;
v000001f1e1530ce0_0 .var "wdf", 127 0;
S_000001f1e15c60b0 .scope begin, "BLK_WB_EVICT_ADDR" "BLK_WB_EVICT_ADDR" 5 326, 5 326 0, S_000001f1e10f02d0;
 .timescale -9 -12;
v000001f1e15302e0_0 .var "beat_pa", 31 0;
v000001f1e1531000_0 .var "victim_pa", 31 0;
S_000001f1e15c6240 .scope function.vec4.s128, "get_beat128" "get_beat128" 5 103, 5 103 0, S_000001f1e10f02d0;
 .timescale -9 -12;
v000001f1e15318c0_0 .var "beat", 1 0;
; Variable get_beat128 is vec4 return value of scope S_000001f1e15c6240
v000001f1e1530380_0 .var "line", 511 0;
v000001f1e1530a60_0 .var "sh", 9 0;
TD_l2_arb_tb.dut.u_core.get_beat128 ;
    %load/vec4 v000001f1e15318c0_0;
    %concati/vec4 0, 0, 7;
    %pad/u 10;
    %store/vec4 v000001f1e1530a60_0, 0, 10;
    %load/vec4 v000001f1e1530380_0;
    %load/vec4 v000001f1e1530a60_0;
    %part/u 128;
    %ret/vec4 0, 0, 128;  Assign to get_beat128 (store_vec4_to_lval)
    %end;
S_000001f1e15c63d0 .scope function.vec4.s64, "get_beat64" "get_beat64" 5 92, 5 92 0, S_000001f1e10f02d0;
 .timescale -9 -12;
v000001f1e15304c0_0 .var "beat", 2 0;
; Variable get_beat64 is vec4 return value of scope S_000001f1e15c63d0
v000001f1e1531460_0 .var "line", 511 0;
v000001f1e1530420_0 .var "sh", 9 0;
TD_l2_arb_tb.dut.u_core.get_beat64 ;
    %load/vec4 v000001f1e15304c0_0;
    %concati/vec4 0, 0, 6;
    %pad/u 10;
    %store/vec4 v000001f1e1530420_0, 0, 10;
    %load/vec4 v000001f1e1531460_0;
    %load/vec4 v000001f1e1530420_0;
    %part/u 64;
    %ret/vec4 0, 0, 64;  Assign to get_beat64 (store_vec4_to_lval)
    %end;
S_000001f1e15c6560 .scope function.vec4.s28, "pa_to_app_addr16" "pa_to_app_addr16" 5 216, 5 216 0, S_000001f1e10f02d0;
 .timescale -9 -12;
v000001f1e1530ba0_0 .var "off", 31 0;
v000001f1e15315a0_0 .var "pa16_aligned", 31 0;
; Variable pa_to_app_addr16 is vec4 return value of scope S_000001f1e15c6560
TD_l2_arb_tb.dut.u_core.pa_to_app_addr16 ;
    %load/vec4 v000001f1e15315a0_0;
    %subi 2147483648, 0, 32;
    %store/vec4 v000001f1e1530ba0_0, 0, 32;
    %load/vec4 v000001f1e1530ba0_0;
    %parti/s 28, 4, 4;
    %ret/vec4 0, 0, 28;  Assign to pa_to_app_addr16 (store_vec4_to_lval)
    %end;
S_000001f1e15c8700 .scope function.vec4.s64, "exp_line_rd_beat" "exp_line_rd_beat" 3 151, 3 151 0, S_000001f1e155e200;
 .timescale -9 -12;
v000001f1e15d17b0_0 .var "app_addr_base", 31 0;
v000001f1e15d36f0_0 .var "base_word", 31 0;
v000001f1e15d24d0_0 .var "beat", 2 0;
v000001f1e15d3830_0 .var "beat2", 31 0;
; Variable exp_line_rd_beat is vec4 return value of scope S_000001f1e15c8700
v000001f1e15d3ab0_0 .var "line_addr", 31 0;
TD_l2_arb_tb.exp_line_rd_beat ;
    %load/vec4 v000001f1e15d3ab0_0;
    %subi 2147483648, 0, 32;
    %ix/load 4, 4, 0;
    %flag_set/imm 4, 0;
    %shiftr 4;
    %store/vec4 v000001f1e15d17b0_0, 0, 32;
    %load/vec4 v000001f1e15d17b0_0;
    %ix/load 4, 2, 0;
    %flag_set/imm 4, 0;
    %shiftl 4;
    %store/vec4 v000001f1e15d36f0_0, 0, 32;
    %pushi/vec4 0, 0, 29;
    %load/vec4 v000001f1e15d24d0_0;
    %concat/vec4; draw_concat_vec4
    %concati/vec4 0, 0, 1;
    %pad/u 32;
    %store/vec4 v000001f1e15d3830_0, 0, 32;
    %load/vec4 v000001f1e15d36f0_0;
    %load/vec4 v000001f1e15d3830_0;
    %add;
    %addi 1, 0, 32;
    %load/vec4 v000001f1e15d36f0_0;
    %load/vec4 v000001f1e15d3830_0;
    %add;
    %concat/vec4; draw_concat_vec4
    %ret/vec4 0, 0, 64;  Assign to exp_line_rd_beat (store_vec4_to_lval)
    %end;
S_000001f1e15d5980 .scope function.vec4.s64, "exp_uc_rd_data" "exp_uc_rd_data" 3 165, 3 165 0, S_000001f1e155e200;
 .timescale -9 -12;
v000001f1e15d2a70_0 .var "addr", 31 0;
v000001f1e15d2570_0 .var "app_addr_base", 31 0;
v000001f1e15d3bf0_0 .var "base_word", 31 0;
; Variable exp_uc_rd_data is vec4 return value of scope S_000001f1e15d5980
TD_l2_arb_tb.exp_uc_rd_data ;
    %load/vec4 v000001f1e15d2a70_0;
    %pushi/vec4 4294967280, 0, 32;
    %and;
    %subi 2147483648, 0, 32;
    %ix/load 4, 4, 0;
    %flag_set/imm 4, 0;
    %shiftr 4;
    %store/vec4 v000001f1e15d2570_0, 0, 32;
    %load/vec4 v000001f1e15d2570_0;
    %ix/load 4, 2, 0;
    %flag_set/imm 4, 0;
    %shiftl 4;
    %store/vec4 v000001f1e15d3bf0_0, 0, 32;
    %load/vec4 v000001f1e15d2a70_0;
    %parti/s 1, 3, 3;
    %flag_set/vec4 8;
    %jmp/0xz  T_4.0, 8;
    %load/vec4 v000001f1e15d3bf0_0;
    %addi 3, 0, 32;
    %load/vec4 v000001f1e15d3bf0_0;
    %addi 2, 0, 32;
    %concat/vec4; draw_concat_vec4
    %ret/vec4 0, 0, 64;  Assign to exp_uc_rd_data (store_vec4_to_lval)
    %jmp T_4.1;
T_4.0 ;
    %load/vec4 v000001f1e15d3bf0_0;
    %addi 1, 0, 32;
    %load/vec4 v000001f1e15d3bf0_0;
    %addi 0, 0, 32;
    %concat/vec4; draw_concat_vec4
    %ret/vec4 0, 0, 64;  Assign to exp_uc_rd_data (store_vec4_to_lval)
T_4.1 ;
    %end;
S_000001f1e15d5b10 .scope function.vec4.s128, "gen_rd_data" "gen_rd_data" 3 142, 3 142 0, S_000001f1e155e200;
 .timescale -9 -12;
v000001f1e15d2610_0 .var "a", 27 0;
v000001f1e15d26b0_0 .var "base_word", 31 0;
; Variable gen_rd_data is vec4 return value of scope S_000001f1e15d5b10
TD_l2_arb_tb.gen_rd_data ;
    %pushi/vec4 0, 0, 4;
    %load/vec4 v000001f1e15d2610_0;
    %concat/vec4; draw_concat_vec4
    %ix/load 4, 2, 0;
    %flag_set/imm 4, 0;
    %shiftl 4;
    %store/vec4 v000001f1e15d26b0_0, 0, 32;
    %load/vec4 v000001f1e15d26b0_0;
    %addi 3, 0, 32;
    %load/vec4 v000001f1e15d26b0_0;
    %addi 2, 0, 32;
    %concat/vec4; draw_concat_vec4
    %load/vec4 v000001f1e15d26b0_0;
    %addi 1, 0, 32;
    %concat/vec4; draw_concat_vec4
    %load/vec4 v000001f1e15d26b0_0;
    %concat/vec4; draw_concat_vec4
    %ret/vec4 0, 0, 128;  Assign to gen_rd_data (store_vec4_to_lval)
    %end;
S_000001f1e15d6650 .scope task, "reset_dut" "reset_dut" 3 217, 3 217 0, S_000001f1e155e200;
 .timescale -9 -12;
TD_l2_arb_tb.reset_dut ;
    %pushi/vec4 1, 0, 1;
    %store/vec4 v000001f1e15dae40_0, 0, 1;
    %pushi/vec4 0, 0, 1;
    %store/vec4 v000001f1e15d94a0_0, 0, 1;
    %pushi/vec4 0, 0, 1;
    %store/vec4 v000001f1e15d90e0_0, 0, 1;
    %pushi/vec4 0, 0, 1;
    %store/vec4 v000001f1e15da620_0, 0, 1;
    %pushi/vec4 0, 0, 2;
    %store/vec4 v000001f1e15da8a0_0, 0, 2;
    %pushi/vec4 0, 0, 2;
    %store/vec4 v000001f1e15d95e0_0, 0, 2;
    %pushi/vec4 0, 0, 32;
    %store/vec4 v000001f1e15da440_0, 0, 32;
    %pushi/vec4 0, 0, 32;
    %store/vec4 v000001f1e15db160_0, 0, 32;
    %pushi/vec4 0, 0, 3;
    %store/vec4 v000001f1e15daa80_0, 0, 3;
    %pushi/vec4 0, 0, 3;
    %store/vec4 v000001f1e15dabc0_0, 0, 3;
    %pushi/vec4 0, 0, 8;
    %store/vec4 v000001f1e15da940_0, 0, 8;
    %pushi/vec4 0, 0, 8;
    %store/vec4 v000001f1e15da9e0_0, 0, 8;
    %pushi/vec4 0, 0, 64;
    %store/vec4 v000001f1e15d8f00_0, 0, 64;
    %pushi/vec4 0, 0, 64;
    %store/vec4 v000001f1e15db200_0, 0, 64;
    %pushi/vec4 0, 0, 8;
    %store/vec4 v000001f1e15d9220_0, 0, 8;
    %pushi/vec4 0, 0, 8;
    %store/vec4 v000001f1e15d8dc0_0, 0, 8;
    %pushi/vec4 0, 0, 1;
    %store/vec4 v000001f1e15db340_0, 0, 1;
    %pushi/vec4 0, 0, 1;
    %store/vec4 v000001f1e15d92c0_0, 0, 1;
    %pushi/vec4 1, 0, 1;
    %store/vec4 v000001f1e15d9540_0, 0, 1;
    %pushi/vec4 1, 0, 1;
    %store/vec4 v000001f1e15db2a0_0, 0, 1;
    %pushi/vec4 1, 0, 1;
    %store/vec4 v000001f1e15d9860_0, 0, 1;
    %pushi/vec4 1, 0, 1;
    %store/vec4 v000001f1e15d9b80_0, 0, 1;
    %pushi/vec4 0, 0, 32;
    %store/vec4 v000001f1e15da6c0_0, 0, 32;
    %pushi/vec4 0, 0, 32;
    %store/vec4 v000001f1e15da580_0, 0, 32;
    %pushi/vec4 5, 0, 32;
T_6.2 %dup/vec4;
    %pushi/vec4 0, 0, 32;
    %cmp/s;
    %jmp/1xz T_6.3, 5;
    %jmp/1 T_6.3, 4;
    %pushi/vec4 1, 0, 32;
    %sub;
    %wait E_000001f1e153e580;
    %jmp T_6.2;
T_6.3 ;
    %pop/vec4 1;
    %pushi/vec4 0, 0, 1;
    %store/vec4 v000001f1e15dae40_0, 0, 1;
    %pushi/vec4 1, 0, 1;
    %store/vec4 v000001f1e15d94a0_0, 0, 1;
    %pushi/vec4 2, 0, 32;
T_6.4 %dup/vec4;
    %pushi/vec4 0, 0, 32;
    %cmp/s;
    %jmp/1xz T_6.5, 5;
    %jmp/1 T_6.5, 4;
    %pushi/vec4 1, 0, 32;
    %sub;
    %wait E_000001f1e153e580;
    %jmp T_6.4;
T_6.5 ;
    %pop/vec4 1;
    %end;
S_000001f1e15d67e0 .scope task, "send_req_single" "send_req_single" 3 361, 3 361 0, S_000001f1e155e200;
 .timescale -9 -12;
v000001f1e15d2890_0 .var "addr", 31 0;
v000001f1e15d2750_0 .var "cmd", 1 0;
v000001f1e15d1850_0 .var "is_d", 0 0;
v000001f1e15d2930_0 .var "len", 7 0;
v000001f1e15d2d90_0 .var "size", 2 0;
v000001f1e15d3c90_0 .var "unc", 0 0;
v000001f1e15d3d30_0 .var "wdata", 63 0;
v000001f1e15d2e30_0 .var "wstrb", 7 0;
TD_l2_arb_tb.send_req_single ;
    %load/vec4 v000001f1e15d1850_0;
    %flag_set/vec4 8;
    %jmp/0xz  T_7.6, 8;
    %load/vec4 v000001f1e15d2750_0;
    %store/vec4 v000001f1e15d95e0_0, 0, 2;
    %load/vec4 v000001f1e15d2890_0;
    %store/vec4 v000001f1e15db160_0, 0, 32;
    %load/vec4 v000001f1e15d2d90_0;
    %store/vec4 v000001f1e15dabc0_0, 0, 3;
    %load/vec4 v000001f1e15d2930_0;
    %store/vec4 v000001f1e15da9e0_0, 0, 8;
    %load/vec4 v000001f1e15d3d30_0;
    %store/vec4 v000001f1e15db200_0, 0, 64;
    %load/vec4 v000001f1e15d2e30_0;
    %store/vec4 v000001f1e15d8dc0_0, 0, 8;
    %load/vec4 v000001f1e15d3c90_0;
    %store/vec4 v000001f1e15d92c0_0, 0, 1;
    %pushi/vec4 1, 0, 1;
    %store/vec4 v000001f1e15da620_0, 0, 1;
    %fork t_1, S_000001f1e15d5e80;
    %jmp t_0;
    .scope S_000001f1e15d5e80;
t_1 ;
    %pushi/vec4 0, 0, 32;
    %store/vec4 v000001f1e15d27f0_0, 0, 32;
T_7.8 ;
    %wait E_000001f1e153e580;
    %load/vec4 v000001f1e15d27f0_0;
    %addi 1, 0, 32;
    %store/vec4 v000001f1e15d27f0_0, 0, 32;
    %load/vec4 v000001f1e15db480_0;
    %nor/r;
    %flag_set/vec4 9;
    %flag_get/vec4 9;
    %jmp/0 T_7.9, 9;
    %load/vec4 v000001f1e15d27f0_0;
    %cmpi/s 200, 0, 32;
    %flag_get/vec4 5;
    %and;
T_7.9;
    %flag_set/vec4 8;
    %jmp/1 T_7.8, 8;
    %load/vec4 v000001f1e15d27f0_0;
    %cmpi/s 200, 0, 32;
    %flag_inv 5; GE is !LT
    %jmp/0xz  T_7.10, 5;
    %vpi_call/w 3 388 "$display", "ERROR: D req handshake timeout in send_req_single" {0 0 0};
    %load/vec4 v000001f1e15d9180_0;
    %addi 1, 0, 32;
    %store/vec4 v000001f1e15d9180_0, 0, 32;
T_7.10 ;
    %end;
    .scope S_000001f1e15d67e0;
t_0 %join;
    %pushi/vec4 0, 0, 1;
    %store/vec4 v000001f1e15da620_0, 0, 1;
    %jmp T_7.7;
T_7.6 ;
    %load/vec4 v000001f1e15d2750_0;
    %store/vec4 v000001f1e15da8a0_0, 0, 2;
    %load/vec4 v000001f1e15d2890_0;
    %store/vec4 v000001f1e15da440_0, 0, 32;
    %load/vec4 v000001f1e15d2d90_0;
    %store/vec4 v000001f1e15daa80_0, 0, 3;
    %load/vec4 v000001f1e15d2930_0;
    %store/vec4 v000001f1e15da940_0, 0, 8;
    %load/vec4 v000001f1e15d3d30_0;
    %store/vec4 v000001f1e15d8f00_0, 0, 64;
    %load/vec4 v000001f1e15d2e30_0;
    %store/vec4 v000001f1e15d9220_0, 0, 8;
    %load/vec4 v000001f1e15d3c90_0;
    %store/vec4 v000001f1e15db340_0, 0, 1;
    %pushi/vec4 1, 0, 1;
    %store/vec4 v000001f1e15d90e0_0, 0, 1;
    %fork t_3, S_000001f1e15d6330;
    %jmp t_2;
    .scope S_000001f1e15d6330;
t_3 ;
    %pushi/vec4 0, 0, 32;
    %store/vec4 v000001f1e15d2bb0_0, 0, 32;
T_7.12 ;
    %wait E_000001f1e153e580;
    %load/vec4 v000001f1e15d2bb0_0;
    %addi 1, 0, 32;
    %store/vec4 v000001f1e15d2bb0_0, 0, 32;
    %load/vec4 v000001f1e15d9680_0;
    %nor/r;
    %flag_set/vec4 9;
    %flag_get/vec4 9;
    %jmp/0 T_7.13, 9;
    %load/vec4 v000001f1e15d2bb0_0;
    %cmpi/s 200, 0, 32;
    %flag_get/vec4 5;
    %and;
T_7.13;
    %flag_set/vec4 8;
    %jmp/1 T_7.12, 8;
    %load/vec4 v000001f1e15d2bb0_0;
    %cmpi/s 200, 0, 32;
    %flag_inv 5; GE is !LT
    %jmp/0xz  T_7.14, 5;
    %vpi_call/w 3 410 "$display", "ERROR: I req handshake timeout in send_req_single" {0 0 0};
    %load/vec4 v000001f1e15d9180_0;
    %addi 1, 0, 32;
    %store/vec4 v000001f1e15d9180_0, 0, 32;
T_7.14 ;
    %end;
    .scope S_000001f1e15d67e0;
t_2 %join;
    %pushi/vec4 0, 0, 1;
    %store/vec4 v000001f1e15d90e0_0, 0, 1;
T_7.7 ;
    %end;
S_000001f1e15d5e80 .scope begin, "d_req_handshake" "d_req_handshake" 3 380, 3 380 0, S_000001f1e15d67e0;
 .timescale -9 -12;
v000001f1e15d27f0_0 .var/i "tmo", 31 0;
S_000001f1e15d6330 .scope begin, "i_req_handshake" "i_req_handshake" 3 402, 3 402 0, S_000001f1e15d67e0;
 .timescale -9 -12;
v000001f1e15d2bb0_0 .var/i "tmo", 31 0;
S_000001f1e15d6010 .scope task, "send_wb_line" "send_wb_line" 3 461, 3 461 0, S_000001f1e155e200;
 .timescale -9 -12;
v000001f1e15d1710_0 .var "addr", 31 0;
v000001f1e15d4af0_0 .var/i "b", 31 0;
v000001f1e15d4050_0 .var "base", 63 0;
v000001f1e15d4b90_0 .var "is_d", 0 0;
v000001f1e15d3f10_0 .var/i "tmo", 31 0;
TD_l2_arb_tb.send_wb_line ;
    %load/vec4 v000001f1e15d4b90_0;
    %nor/r;
    %flag_set/vec4 8;
    %jmp/0xz  T_8.16, 8;
    %vpi_call/w 3 469 "$display", "ERROR: WB_LINE only tested on D port" {0 0 0};
    %load/vec4 v000001f1e15d9180_0;
    %addi 1, 0, 32;
    %store/vec4 v000001f1e15d9180_0, 0, 32;
T_8.16 ;
    %pushi/vec4 3, 0, 2;
    %store/vec4 v000001f1e15d95e0_0, 0, 2;
    %load/vec4 v000001f1e15d1710_0;
    %store/vec4 v000001f1e15db160_0, 0, 32;
    %pushi/vec4 3, 0, 3;
    %store/vec4 v000001f1e15dabc0_0, 0, 3;
    %pushi/vec4 7, 0, 8;
    %store/vec4 v000001f1e15da9e0_0, 0, 8;
    %pushi/vec4 0, 0, 1;
    %store/vec4 v000001f1e15d92c0_0, 0, 1;
    %pushi/vec4 1, 0, 1;
    %store/vec4 v000001f1e15da620_0, 0, 1;
    %pushi/vec4 255, 0, 8;
    %store/vec4 v000001f1e15d8dc0_0, 0, 8;
    %pushi/vec4 0, 0, 32;
    %store/vec4 v000001f1e15d4af0_0, 0, 32;
    %pushi/vec4 0, 0, 32;
    %store/vec4 v000001f1e15d3f10_0, 0, 32;
T_8.18 ;
    %load/vec4 v000001f1e15d4af0_0;
    %cmpi/s 8, 0, 32;
    %flag_get/vec4 5;
    %jmp/0 T_8.20, 5;
    %load/vec4 v000001f1e15d3f10_0;
    %cmpi/s 500, 0, 32;
    %flag_get/vec4 5;
    %and;
T_8.20;
    %flag_set/vec4 8;
    %jmp/0xz T_8.19, 8;
    %load/vec4 v000001f1e15db480_0;
    %flag_set/vec4 8;
    %jmp/0xz  T_8.21, 8;
    %load/vec4 v000001f1e15d4050_0;
    %load/vec4 v000001f1e15d4af0_0;
    %pad/u 64;
    %add;
    %store/vec4 v000001f1e15db200_0, 0, 64;
    %load/vec4 v000001f1e15d4af0_0;
    %addi 1, 0, 32;
    %store/vec4 v000001f1e15d4af0_0, 0, 32;
T_8.21 ;
    %wait E_000001f1e153e580;
    %load/vec4 v000001f1e15d3f10_0;
    %addi 1, 0, 32;
    %store/vec4 v000001f1e15d3f10_0, 0, 32;
    %jmp T_8.18;
T_8.19 ;
    %load/vec4 v000001f1e15d3f10_0;
    %cmpi/s 500, 0, 32;
    %flag_inv 5; GE is !LT
    %jmp/0xz  T_8.23, 5;
    %vpi_call/w 3 490 "$display", "ERROR: WB_LINE streaming timeout (b=%0d)", v000001f1e15d4af0_0 {0 0 0};
    %load/vec4 v000001f1e15d9180_0;
    %addi 1, 0, 32;
    %store/vec4 v000001f1e15d9180_0, 0, 32;
T_8.23 ;
    %pushi/vec4 0, 0, 1;
    %store/vec4 v000001f1e15da620_0, 0, 1;
    %end;
S_000001f1e15d6b00 .scope begin, "uc_rd_check" "uc_rd_check" 3 556, 3 556 0, S_000001f1e155e200;
 .timescale -9 -12;
v000001f1e15d40f0_0 .var "exp_uc", 63 0;
v000001f1e15d4190_0 .var/i "found", 31 0;
v000001f1e15d3e70_0 .var/i "tmo", 31 0;
S_000001f1e15d61a0 .scope begin, "uc_wr_check" "uc_wr_check" 3 596, 3 596 0, S_000001f1e155e200;
 .timescale -9 -12;
v000001f1e15d4690_0 .var/i "found", 31 0;
v000001f1e15d49b0_0 .var/i "tmo", 31 0;
S_000001f1e15d5cf0 .scope task, "wait_accept" "wait_accept" 3 419, 3 419 0, S_000001f1e155e200;
 .timescale -9 -12;
v000001f1e15d4550_0 .var "is_d", 0 0;
v000001f1e15d3fb0_0 .var/i "tmo", 31 0;
TD_l2_arb_tb.wait_accept ;
    %pushi/vec4 0, 0, 32;
    %store/vec4 v000001f1e15d3fb0_0, 0, 32;
    %load/vec4 v000001f1e15d4550_0;
    %flag_set/vec4 8;
    %jmp/0xz  T_9.25, 8;
T_9.27 ;
    %load/vec4 v000001f1e15da620_0;
    %flag_set/vec4 10;
    %flag_get/vec4 10;
    %jmp/0 T_9.30, 10;
    %load/vec4 v000001f1e15db480_0;
    %and;
T_9.30;
    %nor/r;
    %flag_set/vec4 9;
    %flag_get/vec4 9;
    %jmp/0 T_9.29, 9;
    %load/vec4 v000001f1e15d3fb0_0;
    %cmpi/s 200, 0, 32;
    %flag_get/vec4 5;
    %and;
T_9.29;
    %flag_set/vec4 8;
    %jmp/0xz T_9.28, 8;
    %wait E_000001f1e153e580;
    %load/vec4 v000001f1e15d3fb0_0;
    %addi 1, 0, 32;
    %store/vec4 v000001f1e15d3fb0_0, 0, 32;
    %jmp T_9.27;
T_9.28 ;
    %load/vec4 v000001f1e15d3fb0_0;
    %cmpi/s 200, 0, 32;
    %flag_inv 5; GE is !LT
    %jmp/0xz  T_9.31, 5;
    %vpi_call/w 3 430 "$display", "ERROR: D req accept timeout (valid=%b ready=%b)", v000001f1e15da620_0, v000001f1e15db480_0 {0 0 0};
    %load/vec4 v000001f1e15d9180_0;
    %addi 1, 0, 32;
    %store/vec4 v000001f1e15d9180_0, 0, 32;
T_9.31 ;
    %jmp T_9.26;
T_9.25 ;
T_9.33 ;
    %load/vec4 v000001f1e15d90e0_0;
    %flag_set/vec4 10;
    %flag_get/vec4 10;
    %jmp/0 T_9.36, 10;
    %load/vec4 v000001f1e15d9680_0;
    %and;
T_9.36;
    %nor/r;
    %flag_set/vec4 9;
    %flag_get/vec4 9;
    %jmp/0 T_9.35, 9;
    %load/vec4 v000001f1e15d3fb0_0;
    %cmpi/s 200, 0, 32;
    %flag_get/vec4 5;
    %and;
T_9.35;
    %flag_set/vec4 8;
    %jmp/0xz T_9.34, 8;
    %wait E_000001f1e153e580;
    %load/vec4 v000001f1e15d3fb0_0;
    %addi 1, 0, 32;
    %store/vec4 v000001f1e15d3fb0_0, 0, 32;
    %jmp T_9.33;
T_9.34 ;
    %load/vec4 v000001f1e15d3fb0_0;
    %cmpi/s 200, 0, 32;
    %flag_inv 5; GE is !LT
    %jmp/0xz  T_9.37, 5;
    %vpi_call/w 3 439 "$display", "ERROR: I req accept timeout (valid=%b ready=%b)", v000001f1e15d90e0_0, v000001f1e15d9680_0 {0 0 0};
    %load/vec4 v000001f1e15d9180_0;
    %addi 1, 0, 32;
    %store/vec4 v000001f1e15d9180_0, 0, 32;
T_9.37 ;
T_9.26 ;
    %end;
S_000001f1e15d64c0 .scope task, "wait_core_idle" "wait_core_idle" 3 446, 3 446 0, S_000001f1e155e200;
 .timescale -9 -12;
v000001f1e15d45f0_0 .var/i "tmo", 31 0;
TD_l2_arb_tb.wait_core_idle ;
    %pushi/vec4 0, 0, 32;
    %store/vec4 v000001f1e15d45f0_0, 0, 32;
T_10.39 ;
    %load/vec4 v000001f1e15cc5e0_0;
    %pad/u 32;
    %cmpi/e 0, 0, 32;
    %flag_get/vec4 4;
    %jmp/0 T_10.43, 4;
    %load/vec4 v000001f1e15d97c0_0;
    %pushi/vec4 0, 0, 1;
    %cmp/e;
    %flag_get/vec4 4;
    %and;
T_10.43;
    %flag_set/vec4 10;
    %flag_get/vec4 10;
    %jmp/0 T_10.42, 10;
    %load/vec4 v000001f1e15dada0_0;
    %pushi/vec4 0, 0, 1;
    %cmp/e;
    %flag_get/vec4 4;
    %and;
T_10.42;
    %nor/r;
    %flag_set/vec4 9;
    %flag_get/vec4 9;
    %jmp/0 T_10.41, 9;
    %load/vec4 v000001f1e15d45f0_0;
    %cmpi/s 500, 0, 32;
    %flag_get/vec4 5;
    %and;
T_10.41;
    %flag_set/vec4 8;
    %jmp/0xz T_10.40, 8;
    %wait E_000001f1e153e580;
    %load/vec4 v000001f1e15d45f0_0;
    %addi 1, 0, 32;
    %store/vec4 v000001f1e15d45f0_0, 0, 32;
    %jmp T_10.39;
T_10.40 ;
    %load/vec4 v000001f1e15d45f0_0;
    %cmpi/s 500, 0, 32;
    %flag_inv 5; GE is !LT
    %jmp/0xz  T_10.44, 5;
    %vpi_call/w 3 455 "$display", "ERROR: core idle timeout (state=%0d d_rsp_valid=%b i_rsp_valid=%b)", v000001f1e15cc5e0_0, v000001f1e15d97c0_0, v000001f1e15dada0_0 {0 0 0};
    %load/vec4 v000001f1e15d9180_0;
    %addi 1, 0, 32;
    %store/vec4 v000001f1e15d9180_0, 0, 32;
T_10.44 ;
    %end;
S_000001f1e15d6970 .scope task, "wait_line_rsp_and_check" "wait_line_rsp_and_check" 3 300, 3 300 0, S_000001f1e155e200;
 .timescale -9 -12;
v000001f1e15d4370_0 .var "addr", 31 0;
v000001f1e15d4c30_0 .var/i "b", 31 0;
v000001f1e15d4730_0 .var "exp", 63 0;
v000001f1e15d4230_0 .var/i "found", 31 0;
v000001f1e15d42d0_0 .var "is_d", 0 0;
v000001f1e15d47d0_0 .var "line_addr", 31 0;
v000001f1e15d4cd0_0 .var "rdata", 63 0;
v000001f1e15d4d70_0 .var "rerr", 0 0;
v000001f1e15d44b0_0 .var "rlast", 0 0;
v000001f1e15d4e10_0 .var/i "timeout", 31 0;
TD_l2_arb_tb.wait_line_rsp_and_check ;
    %load/vec4 v000001f1e15d4370_0;
    %parti/s 26, 6, 4;
    %concati/vec4 0, 0, 6;
    %store/vec4 v000001f1e15d47d0_0, 0, 32;
    %pushi/vec4 0, 0, 32;
    %store/vec4 v000001f1e15d4c30_0, 0, 32;
T_11.46 ;
    %load/vec4 v000001f1e15d4c30_0;
    %cmpi/s 8, 0, 32;
    %jmp/0xz T_11.47, 5;
    %pushi/vec4 0, 0, 32;
    %store/vec4 v000001f1e15d4e10_0, 0, 32;
    %pushi/vec4 0, 0, 32;
    %store/vec4 v000001f1e15d4230_0, 0, 32;
T_11.48 ;
    %load/vec4 v000001f1e15d4230_0;
    %nor/r;
    %flag_set/vec4 8;
    %jmp/0xz T_11.49, 8;
    %wait E_000001f1e153e580;
    %load/vec4 v000001f1e15d42d0_0;
    %flag_set/vec4 8;
    %jmp/0xz  T_11.50, 8;
    %load/vec4 v000001f1e15d97c0_0;
    %flag_set/vec4 8;
    %jmp/0xz  T_11.52, 8;
    %load/vec4 v000001f1e15dac60_0;
    %store/vec4 v000001f1e15d4cd0_0, 0, 64;
    %load/vec4 v000001f1e15da800_0;
    %store/vec4 v000001f1e15d44b0_0, 0, 1;
    %load/vec4 v000001f1e15d9400_0;
    %store/vec4 v000001f1e15d4d70_0, 0, 1;
    %pushi/vec4 1, 0, 32;
    %store/vec4 v000001f1e15d4230_0, 0, 32;
T_11.52 ;
    %jmp T_11.51;
T_11.50 ;
    %load/vec4 v000001f1e15dada0_0;
    %flag_set/vec4 8;
    %jmp/0xz  T_11.54, 8;
    %load/vec4 v000001f1e15dab20_0;
    %store/vec4 v000001f1e15d4cd0_0, 0, 64;
    %load/vec4 v000001f1e15d9360_0;
    %store/vec4 v000001f1e15d44b0_0, 0, 1;
    %load/vec4 v000001f1e15db3e0_0;
    %store/vec4 v000001f1e15d4d70_0, 0, 1;
    %pushi/vec4 1, 0, 32;
    %store/vec4 v000001f1e15d4230_0, 0, 32;
T_11.54 ;
T_11.51 ;
    %load/vec4 v000001f1e15d4e10_0;
    %addi 1, 0, 32;
    %store/vec4 v000001f1e15d4e10_0, 0, 32;
    %load/vec4 v000001f1e15d4e10_0;
    %cmpi/s 200, 0, 32;
    %flag_or 5, 4; GT is !LE
    %flag_inv 5;
    %jmp/0xz  T_11.56, 5;
    %vpi_call/w 3 335 "$display", "ERROR: line response timeout" {0 0 0};
    %load/vec4 v000001f1e15d9180_0;
    %addi 1, 0, 32;
    %store/vec4 v000001f1e15d9180_0, 0, 32;
    %pushi/vec4 1, 0, 32;
    %store/vec4 v000001f1e15d4230_0, 0, 32;
T_11.56 ;
    %jmp T_11.48;
T_11.49 ;
    %load/vec4 v000001f1e15d47d0_0;
    %load/vec4 v000001f1e15d4c30_0;
    %parti/s 3, 0, 2;
    %store/vec4 v000001f1e15d24d0_0, 0, 3;
    %store/vec4 v000001f1e15d3ab0_0, 0, 32;
    %callf/vec4 TD_l2_arb_tb.exp_line_rd_beat, S_000001f1e15c8700;
    %store/vec4 v000001f1e15d4730_0, 0, 64;
    %load/vec4 v000001f1e15d4cd0_0;
    %load/vec4 v000001f1e15d4730_0;
    %cmp/ne;
    %jmp/0xz  T_11.58, 6;
    %vpi_call/w 3 342 "$display", "ERROR: line beat mismatch b=%0d got=%h exp=%h", v000001f1e15d4c30_0, v000001f1e15d4cd0_0, v000001f1e15d4730_0 {0 0 0};
    %load/vec4 v000001f1e15d9180_0;
    %addi 1, 0, 32;
    %store/vec4 v000001f1e15d9180_0, 0, 32;
T_11.58 ;
    %load/vec4 v000001f1e15d4d70_0;
    %flag_set/vec4 8;
    %jmp/0xz  T_11.60, 8;
    %vpi_call/w 3 346 "$display", "ERROR: line rsp err" {0 0 0};
    %load/vec4 v000001f1e15d9180_0;
    %addi 1, 0, 32;
    %store/vec4 v000001f1e15d9180_0, 0, 32;
T_11.60 ;
    %load/vec4 v000001f1e15d4c30_0;
    %cmpi/ne 7, 0, 32;
    %flag_get/vec4 4;
    %jmp/0 T_11.64, 4;
    %load/vec4 v000001f1e15d44b0_0;
    %and;
T_11.64;
    %flag_set/vec4 8;
    %jmp/0xz  T_11.62, 8;
    %vpi_call/w 3 350 "$display", "ERROR: rsp_last early" {0 0 0};
    %load/vec4 v000001f1e15d9180_0;
    %addi 1, 0, 32;
    %store/vec4 v000001f1e15d9180_0, 0, 32;
T_11.62 ;
    %load/vec4 v000001f1e15d4c30_0;
    %cmpi/e 7, 0, 32;
    %flag_get/vec4 4;
    %jmp/0 T_11.67, 4;
    %load/vec4 v000001f1e15d44b0_0;
    %nor/r;
    %and;
T_11.67;
    %flag_set/vec4 8;
    %jmp/0xz  T_11.65, 8;
    %vpi_call/w 3 354 "$display", "ERROR: rsp_last missing" {0 0 0};
    %load/vec4 v000001f1e15d9180_0;
    %addi 1, 0, 32;
    %store/vec4 v000001f1e15d9180_0, 0, 32;
T_11.65 ;
    %load/vec4 v000001f1e15d4c30_0;
    %addi 1, 0, 32;
    %store/vec4 v000001f1e15d4c30_0, 0, 32;
    %jmp T_11.46;
T_11.47 ;
    %end;
S_000001f1e15d7b10 .scope task, "wait_rsp_beats" "wait_rsp_beats" 3 251, 3 251 0, S_000001f1e155e200;
 .timescale -9 -12;
v000001f1e15d4870_0 .var/i "b", 31 0;
v000001f1e15d4eb0_0 .var/i "beats", 31 0;
v000001f1e15d4f50_0 .var/i "found", 31 0;
v000001f1e15d4910_0 .var "is_d", 0 0;
v000001f1e15d4ff0_0 .var "rdata", 63 0;
v000001f1e15d4a50_0 .var "rerr", 0 0;
v000001f1e15d5090_0 .var "rlast", 0 0;
v000001f1e15d51d0_0 .var/i "timeout", 31 0;
TD_l2_arb_tb.wait_rsp_beats ;
    %pushi/vec4 0, 0, 32;
    %store/vec4 v000001f1e15d4870_0, 0, 32;
T_12.68 ;
    %load/vec4 v000001f1e15d4870_0;
    %load/vec4 v000001f1e15d4eb0_0;
    %cmp/s;
    %jmp/0xz T_12.69, 5;
    %pushi/vec4 0, 0, 32;
    %store/vec4 v000001f1e15d51d0_0, 0, 32;
    %pushi/vec4 0, 0, 32;
    %store/vec4 v000001f1e15d4f50_0, 0, 32;
T_12.70 ;
    %load/vec4 v000001f1e15d4f50_0;
    %nor/r;
    %flag_set/vec4 8;
    %jmp/0xz T_12.71, 8;
    %wait E_000001f1e153e580;
    %load/vec4 v000001f1e15d4910_0;
    %flag_set/vec4 8;
    %jmp/0xz  T_12.72, 8;
    %load/vec4 v000001f1e15d97c0_0;
    %flag_set/vec4 8;
    %jmp/0xz  T_12.74, 8;
    %load/vec4 v000001f1e15dac60_0;
    %store/vec4 v000001f1e15d4ff0_0, 0, 64;
    %load/vec4 v000001f1e15da800_0;
    %store/vec4 v000001f1e15d5090_0, 0, 1;
    %load/vec4 v000001f1e15d9400_0;
    %store/vec4 v000001f1e15d4a50_0, 0, 1;
    %pushi/vec4 1, 0, 32;
    %store/vec4 v000001f1e15d4f50_0, 0, 32;
T_12.74 ;
    %jmp T_12.73;
T_12.72 ;
    %load/vec4 v000001f1e15dada0_0;
    %flag_set/vec4 8;
    %jmp/0xz  T_12.76, 8;
    %load/vec4 v000001f1e15dab20_0;
    %store/vec4 v000001f1e15d4ff0_0, 0, 64;
    %load/vec4 v000001f1e15d9360_0;
    %store/vec4 v000001f1e15d5090_0, 0, 1;
    %load/vec4 v000001f1e15db3e0_0;
    %store/vec4 v000001f1e15d4a50_0, 0, 1;
    %pushi/vec4 1, 0, 32;
    %store/vec4 v000001f1e15d4f50_0, 0, 32;
T_12.76 ;
T_12.73 ;
    %load/vec4 v000001f1e15d51d0_0;
    %addi 1, 0, 32;
    %store/vec4 v000001f1e15d51d0_0, 0, 32;
    %load/vec4 v000001f1e15d51d0_0;
    %cmpi/s 200, 0, 32;
    %flag_or 5, 4; GT is !LE
    %flag_inv 5;
    %jmp/0xz  T_12.78, 5;
    %vpi_call/w 3 283 "$display", "ERROR: response timeout" {0 0 0};
    %load/vec4 v000001f1e15d9180_0;
    %addi 1, 0, 32;
    %store/vec4 v000001f1e15d9180_0, 0, 32;
    %pushi/vec4 1, 0, 32;
    %store/vec4 v000001f1e15d4f50_0, 0, 32;
T_12.78 ;
    %jmp T_12.70;
T_12.71 ;
    %load/vec4 v000001f1e15d4870_0;
    %load/vec4 v000001f1e15d4eb0_0;
    %subi 1, 0, 32;
    %cmp/ne;
    %flag_get/vec4 4;
    %jmp/0 T_12.82, 4;
    %load/vec4 v000001f1e15d5090_0;
    %and;
T_12.82;
    %flag_set/vec4 8;
    %jmp/0xz  T_12.80, 8;
    %vpi_call/w 3 289 "$display", "ERROR: rsp_last early" {0 0 0};
    %load/vec4 v000001f1e15d9180_0;
    %addi 1, 0, 32;
    %store/vec4 v000001f1e15d9180_0, 0, 32;
T_12.80 ;
    %load/vec4 v000001f1e15d4870_0;
    %load/vec4 v000001f1e15d4eb0_0;
    %subi 1, 0, 32;
    %cmp/e;
    %flag_get/vec4 4;
    %jmp/0 T_12.85, 4;
    %load/vec4 v000001f1e15d5090_0;
    %nor/r;
    %and;
T_12.85;
    %flag_set/vec4 8;
    %jmp/0xz  T_12.83, 8;
    %vpi_call/w 3 293 "$display", "ERROR: rsp_last missing" {0 0 0};
    %load/vec4 v000001f1e15d9180_0;
    %addi 1, 0, 32;
    %store/vec4 v000001f1e15d9180_0, 0, 32;
T_12.83 ;
    %load/vec4 v000001f1e15d4870_0;
    %addi 1, 0, 32;
    %store/vec4 v000001f1e15d4870_0, 0, 32;
    %jmp T_12.68;
T_12.69 ;
    %end;
S_000001f1e15d8920 .scope begin, "wb_ack_check" "wb_ack_check" 3 627, 3 627 0, S_000001f1e155e200;
 .timescale -9 -12;
v000001f1e15d5130_0 .var/i "found", 31 0;
v000001f1e15d5270_0 .var/i "tmo", 31 0;
    .scope S_000001f1e10f02d0;
T_13 ;
    %wait E_000001f1e153e140;
    %pushi/vec4 0, 0, 1;
    %store/vec4 v000001f1e15cc220_0, 0, 1;
    %pushi/vec4 0, 0, 1;
    %store/vec4 v000001f1e15cbd20_0, 0, 1;
    %pushi/vec4 0, 0, 64;
    %store/vec4 v000001f1e15cbbe0_0, 0, 64;
    %pushi/vec4 0, 0, 1;
    %store/vec4 v000001f1e15cb320_0, 0, 1;
    %pushi/vec4 0, 0, 1;
    %store/vec4 v000001f1e15cbb40_0, 0, 1;
    %pushi/vec4 0, 0, 28;
    %store/vec4 v000001f1e15c9680_0, 0, 28;
    %pushi/vec4 1, 0, 3;
    %store/vec4 v000001f1e15ca4e0_0, 0, 3;
    %pushi/vec4 0, 0, 1;
    %store/vec4 v000001f1e15c9720_0, 0, 1;
    %pushi/vec4 0, 0, 128;
    %store/vec4 v000001f1e15c8d20_0, 0, 128;
    %pushi/vec4 0, 0, 1;
    %store/vec4 v000001f1e15ca760_0, 0, 1;
    %pushi/vec4 65535, 0, 16;
    %store/vec4 v000001f1e15c8960_0, 0, 16;
    %pushi/vec4 0, 0, 1;
    %store/vec4 v000001f1e15cb8c0_0, 0, 1;
    %load/vec4 v000001f1e15cc0e0_0;
    %flag_set/vec4 9;
    %flag_get/vec4 9;
    %jmp/0 T_13.2, 9;
    %load/vec4 v000001f1e15cbdc0_0;
    %nor/r;
    %and;
T_13.2;
    %flag_set/vec4 8;
    %jmp/0xz  T_13.0, 8;
    %load/vec4 v000001f1e15cc5e0_0;
    %cmpi/e 0, 0, 5;
    %jmp/0xz  T_13.3, 4;
    %pushi/vec4 1, 0, 1;
    %store/vec4 v000001f1e15cc220_0, 0, 1;
    %jmp T_13.4;
T_13.3 ;
    %load/vec4 v000001f1e15cc5e0_0;
    %cmpi/e 8, 0, 5;
    %jmp/0xz  T_13.5, 4;
    %pushi/vec4 1, 0, 1;
    %store/vec4 v000001f1e15cc220_0, 0, 1;
T_13.5 ;
T_13.4 ;
T_13.0 ;
    %load/vec4 v000001f1e15cc5e0_0;
    %cmpi/e 2, 0, 5;
    %jmp/0xz  T_13.7, 4;
    %pushi/vec4 1, 0, 1;
    %store/vec4 v000001f1e15cbd20_0, 0, 1;
    %load/vec4 v000001f1e15caf60_0;
    %load/vec4 v000001f1e15cb1e0_0;
    %store/vec4 v000001f1e15304c0_0, 0, 3;
    %store/vec4 v000001f1e1531460_0, 0, 512;
    %callf/vec4 TD_l2_arb_tb.dut.u_core.get_beat64, S_000001f1e15c63d0;
    %store/vec4 v000001f1e15cbbe0_0, 0, 64;
    %load/vec4 v000001f1e15cb1e0_0;
    %pushi/vec4 7, 0, 3;
    %cmp/e;
    %flag_get/vec4 4;
    %store/vec4 v000001f1e15cbb40_0, 0, 1;
    %jmp T_13.8;
T_13.7 ;
    %load/vec4 v000001f1e15cc5e0_0;
    %cmpi/e 7, 0, 5;
    %jmp/0xz  T_13.9, 4;
    %pushi/vec4 1, 0, 1;
    %store/vec4 v000001f1e15cbd20_0, 0, 1;
    %load/vec4 v000001f1e15caf60_0;
    %load/vec4 v000001f1e15cb1e0_0;
    %store/vec4 v000001f1e15304c0_0, 0, 3;
    %store/vec4 v000001f1e1531460_0, 0, 512;
    %callf/vec4 TD_l2_arb_tb.dut.u_core.get_beat64, S_000001f1e15c63d0;
    %store/vec4 v000001f1e15cbbe0_0, 0, 64;
    %load/vec4 v000001f1e15cb1e0_0;
    %pushi/vec4 7, 0, 3;
    %cmp/e;
    %flag_get/vec4 4;
    %store/vec4 v000001f1e15cbb40_0, 0, 1;
    %jmp T_13.10;
T_13.9 ;
    %load/vec4 v000001f1e15cc5e0_0;
    %cmpi/e 14, 0, 5;
    %jmp/0xz  T_13.11, 4;
    %pushi/vec4 1, 0, 1;
    %store/vec4 v000001f1e15cbd20_0, 0, 1;
    %load/vec4 v000001f1e15cdb40_0;
    %store/vec4 v000001f1e15cbbe0_0, 0, 64;
    %pushi/vec4 1, 0, 1;
    %store/vec4 v000001f1e15cbb40_0, 0, 1;
    %jmp T_13.12;
T_13.11 ;
    %load/vec4 v000001f1e15cc5e0_0;
    %cmpi/e 11, 0, 5;
    %jmp/0xz  T_13.13, 4;
    %pushi/vec4 1, 0, 1;
    %store/vec4 v000001f1e15cbd20_0, 0, 1;
    %pushi/vec4 0, 0, 64;
    %store/vec4 v000001f1e15cbbe0_0, 0, 64;
    %pushi/vec4 1, 0, 1;
    %store/vec4 v000001f1e15cbb40_0, 0, 1;
    %jmp T_13.14;
T_13.13 ;
    %load/vec4 v000001f1e15cc5e0_0;
    %cmpi/e 16, 0, 5;
    %jmp/0xz  T_13.15, 4;
    %pushi/vec4 1, 0, 1;
    %store/vec4 v000001f1e15cbd20_0, 0, 1;
    %pushi/vec4 0, 0, 64;
    %store/vec4 v000001f1e15cbbe0_0, 0, 64;
    %pushi/vec4 1, 0, 1;
    %store/vec4 v000001f1e15cbb40_0, 0, 1;
    %jmp T_13.16;
T_13.15 ;
    %load/vec4 v000001f1e15cc5e0_0;
    %cmpi/e 17, 0, 5;
    %jmp/0xz  T_13.17, 4;
    %pushi/vec4 1, 0, 1;
    %store/vec4 v000001f1e15cbd20_0, 0, 1;
    %pushi/vec4 0, 0, 64;
    %store/vec4 v000001f1e15cbbe0_0, 0, 64;
    %pushi/vec4 1, 0, 1;
    %store/vec4 v000001f1e15cb320_0, 0, 1;
    %pushi/vec4 1, 0, 1;
    %store/vec4 v000001f1e15cbb40_0, 0, 1;
T_13.17 ;
T_13.16 ;
T_13.14 ;
T_13.12 ;
T_13.10 ;
T_13.8 ;
    %load/vec4 v000001f1e15cc5e0_0;
    %cmpi/e 3, 0, 5;
    %jmp/0xz  T_13.19, 4;
    %pushi/vec4 0, 0, 3;
    %store/vec4 v000001f1e15ca4e0_0, 0, 3;
    %load/vec4 v000001f1e15ca6c0_0;
    %flag_set/vec4 8;
    %flag_get/vec4 8;
    %jmp/0 T_13.21, 8;
    %load/vec4 v000001f1e15cb3c0_0;
    %and;
T_13.21;
    %store/vec4 v000001f1e15c9720_0, 0, 1;
    %load/vec4 v000001f1e15ca6c0_0;
    %flag_set/vec4 8;
    %flag_get/vec4 8;
    %jmp/0 T_13.22, 8;
    %load/vec4 v000001f1e15cb3c0_0;
    %and;
T_13.22;
    %store/vec4 v000001f1e15cb8c0_0, 0, 1;
    %load/vec4 v000001f1e15cc180_0;
    %cmpi/e 3, 0, 2;
    %flag_get/vec4 4;
    %jmp/0 T_13.23, 4;
    %load/vec4 v000001f1e15ca6c0_0;
    %flag_set/vec4 8;
    %flag_get/vec4 8;
    %jmp/0 T_13.24, 8;
    %load/vec4 v000001f1e15cb3c0_0;
    %and;
T_13.24;
    %and;
T_13.23;
    %store/vec4 v000001f1e15ca760_0, 0, 1;
    %pushi/vec4 0, 0, 16;
    %store/vec4 v000001f1e15c8960_0, 0, 16;
    %fork t_5, S_000001f1e110b6f0;
    %jmp t_4;
    .scope S_000001f1e110b6f0;
t_5 ;
    %load/vec4 v000001f1e15ce680_0;
    %load/vec4 v000001f1e15cb500_0;
    %concat/vec4; draw_concat_vec4
    %concati/vec4 0, 0, 6;
    %store/vec4 v000001f1e152fb60_0, 0, 32;
    %load/vec4 v000001f1e152fb60_0;
    %pad/u 34;
    %pushi/vec4 0, 0, 28;
    %load/vec4 v000001f1e15cc180_0;
    %concat/vec4; draw_concat_vec4
    %concati/vec4 0, 0, 4;
    %add;
    %pad/u 32;
    %store/vec4 v000001f1e15310a0_0, 0, 32;
    %load/vec4 v000001f1e15310a0_0;
    %store/vec4 v000001f1e15315a0_0, 0, 32;
    %callf/vec4 TD_l2_arb_tb.dut.u_core.pa_to_app_addr16, S_000001f1e15c6560;
    %store/vec4 v000001f1e15c9680_0, 0, 28;
    %load/vec4 v000001f1e15ce2c0_0;
    %load/vec4 v000001f1e15cc180_0;
    %store/vec4 v000001f1e15318c0_0, 0, 2;
    %store/vec4 v000001f1e1530380_0, 0, 512;
    %callf/vec4 TD_l2_arb_tb.dut.u_core.get_beat128, S_000001f1e15c6240;
    %store/vec4 v000001f1e15c8d20_0, 0, 128;
    %end;
    .scope S_000001f1e10f02d0;
t_4 %join;
T_13.19 ;
    %load/vec4 v000001f1e15cc5e0_0;
    %cmpi/e 4, 0, 5;
    %jmp/0xz  T_13.25, 4;
    %pushi/vec4 1, 0, 3;
    %store/vec4 v000001f1e15ca4e0_0, 0, 3;
    %load/vec4 v000001f1e15ca6c0_0;
    %store/vec4 v000001f1e15c9720_0, 0, 1;
    %fork t_7, S_000001f1e1062ce0;
    %jmp t_6;
    .scope S_000001f1e1062ce0;
t_7 ;
    %load/vec4 v000001f1e15cbf00_0;
    %pad/u 34;
    %pushi/vec4 0, 0, 28;
    %load/vec4 v000001f1e15cc180_0;
    %concat/vec4; draw_concat_vec4
    %concati/vec4 0, 0, 4;
    %add;
    %pad/u 32;
    %store/vec4 v000001f1e152ff20_0, 0, 32;
    %load/vec4 v000001f1e152ff20_0;
    %store/vec4 v000001f1e15315a0_0, 0, 32;
    %callf/vec4 TD_l2_arb_tb.dut.u_core.pa_to_app_addr16, S_000001f1e15c6560;
    %store/vec4 v000001f1e15c9680_0, 0, 28;
    %end;
    .scope S_000001f1e10f02d0;
t_6 %join;
T_13.25 ;
    %load/vec4 v000001f1e15cc5e0_0;
    %cmpi/e 9, 0, 5;
    %jmp/0xz  T_13.27, 4;
    %pushi/vec4 0, 0, 3;
    %store/vec4 v000001f1e15ca4e0_0, 0, 3;
    %load/vec4 v000001f1e15ca6c0_0;
    %flag_set/vec4 8;
    %flag_get/vec4 8;
    %jmp/0 T_13.29, 8;
    %load/vec4 v000001f1e15cb3c0_0;
    %and;
T_13.29;
    %store/vec4 v000001f1e15c9720_0, 0, 1;
    %load/vec4 v000001f1e15ca6c0_0;
    %flag_set/vec4 8;
    %flag_get/vec4 8;
    %jmp/0 T_13.30, 8;
    %load/vec4 v000001f1e15cb3c0_0;
    %and;
T_13.30;
    %store/vec4 v000001f1e15cb8c0_0, 0, 1;
    %load/vec4 v000001f1e15cc180_0;
    %cmpi/e 3, 0, 2;
    %flag_get/vec4 4;
    %jmp/0 T_13.31, 4;
    %load/vec4 v000001f1e15ca6c0_0;
    %flag_set/vec4 8;
    %flag_get/vec4 8;
    %jmp/0 T_13.32, 8;
    %load/vec4 v000001f1e15cb3c0_0;
    %and;
T_13.32;
    %and;
T_13.31;
    %store/vec4 v000001f1e15ca760_0, 0, 1;
    %pushi/vec4 0, 0, 16;
    %store/vec4 v000001f1e15c8960_0, 0, 16;
    %fork t_9, S_000001f1e15c60b0;
    %jmp t_8;
    .scope S_000001f1e15c60b0;
t_9 ;
    %load/vec4 v000001f1e15ce680_0;
    %load/vec4 v000001f1e15cb500_0;
    %concat/vec4; draw_concat_vec4
    %concati/vec4 0, 0, 6;
    %store/vec4 v000001f1e1531000_0, 0, 32;
    %load/vec4 v000001f1e1531000_0;
    %pad/u 34;
    %pushi/vec4 0, 0, 28;
    %load/vec4 v000001f1e15cc180_0;
    %concat/vec4; draw_concat_vec4
    %concati/vec4 0, 0, 4;
    %add;
    %pad/u 32;
    %store/vec4 v000001f1e15302e0_0, 0, 32;
    %load/vec4 v000001f1e15302e0_0;
    %store/vec4 v000001f1e15315a0_0, 0, 32;
    %callf/vec4 TD_l2_arb_tb.dut.u_core.pa_to_app_addr16, S_000001f1e15c6560;
    %store/vec4 v000001f1e15c9680_0, 0, 28;
    %load/vec4 v000001f1e15ce2c0_0;
    %load/vec4 v000001f1e15cc180_0;
    %store/vec4 v000001f1e15318c0_0, 0, 2;
    %store/vec4 v000001f1e1530380_0, 0, 512;
    %callf/vec4 TD_l2_arb_tb.dut.u_core.get_beat128, S_000001f1e15c6240;
    %store/vec4 v000001f1e15c8d20_0, 0, 128;
    %end;
    .scope S_000001f1e10f02d0;
t_8 %join;
T_13.27 ;
    %load/vec4 v000001f1e15cc5e0_0;
    %cmpi/e 12, 0, 5;
    %jmp/0xz  T_13.33, 4;
    %pushi/vec4 1, 0, 3;
    %store/vec4 v000001f1e15ca4e0_0, 0, 3;
    %load/vec4 v000001f1e15ca6c0_0;
    %store/vec4 v000001f1e15c9720_0, 0, 1;
    %fork t_11, S_000001f1e1062e70;
    %jmp t_10;
    .scope S_000001f1e1062e70;
t_11 ;
    %load/vec4 v000001f1e15c9180_0;
    %parti/s 28, 4, 4;
    %concati/vec4 0, 0, 4;
    %store/vec4 v000001f1e1530060_0, 0, 32;
    %load/vec4 v000001f1e1530060_0;
    %store/vec4 v000001f1e15315a0_0, 0, 32;
    %callf/vec4 TD_l2_arb_tb.dut.u_core.pa_to_app_addr16, S_000001f1e15c6560;
    %store/vec4 v000001f1e15c9680_0, 0, 28;
    %end;
    .scope S_000001f1e10f02d0;
t_10 %join;
T_13.33 ;
    %load/vec4 v000001f1e15cc5e0_0;
    %cmpi/e 15, 0, 5;
    %jmp/0xz  T_13.35, 4;
    %pushi/vec4 0, 0, 3;
    %store/vec4 v000001f1e15ca4e0_0, 0, 3;
    %load/vec4 v000001f1e15ca6c0_0;
    %flag_set/vec4 8;
    %flag_get/vec4 8;
    %jmp/0 T_13.37, 8;
    %load/vec4 v000001f1e15cb3c0_0;
    %and;
T_13.37;
    %store/vec4 v000001f1e15c9720_0, 0, 1;
    %load/vec4 v000001f1e15ca6c0_0;
    %flag_set/vec4 8;
    %flag_get/vec4 8;
    %jmp/0 T_13.38, 8;
    %load/vec4 v000001f1e15cb3c0_0;
    %and;
T_13.38;
    %store/vec4 v000001f1e15cb8c0_0, 0, 1;
    %load/vec4 v000001f1e15ca6c0_0;
    %flag_set/vec4 8;
    %flag_get/vec4 8;
    %jmp/0 T_13.39, 8;
    %load/vec4 v000001f1e15cb3c0_0;
    %and;
T_13.39;
    %store/vec4 v000001f1e15ca760_0, 0, 1;
    %fork t_13, S_000001f1e1063000;
    %jmp t_12;
    .scope S_000001f1e1063000;
t_13 ;
    %load/vec4 v000001f1e15c9180_0;
    %parti/s 28, 4, 4;
    %concati/vec4 0, 0, 4;
    %store/vec4 v000001f1e1530240_0, 0, 32;
    %load/vec4 v000001f1e1530240_0;
    %store/vec4 v000001f1e15315a0_0, 0, 32;
    %callf/vec4 TD_l2_arb_tb.dut.u_core.pa_to_app_addr16, S_000001f1e15c6560;
    %store/vec4 v000001f1e15c9680_0, 0, 28;
    %pushi/vec4 0, 0, 128;
    %store/vec4 v000001f1e1530ce0_0, 0, 128;
    %pushi/vec4 65535, 0, 16;
    %store/vec4 v000001f1e1531280_0, 0, 16;
    %load/vec4 v000001f1e15cdfa0_0;
    %flag_set/vec4 8;
    %jmp/0xz  T_13.40, 8;
    %load/vec4 v000001f1e15ce0e0_0;
    %ix/load 4, 64, 0;
    %flag_set/imm 4, 0;
    %store/vec4 v000001f1e1530ce0_0, 4, 64;
    %load/vec4 v000001f1e15cdf00_0;
    %inv;
    %ix/load 4, 8, 0;
    %flag_set/imm 4, 0;
    %store/vec4 v000001f1e1531280_0, 4, 8;
    %jmp T_13.41;
T_13.40 ;
    %load/vec4 v000001f1e15ce0e0_0;
    %ix/load 4, 0, 0;
    %flag_set/imm 4, 0;
    %store/vec4 v000001f1e1530ce0_0, 4, 64;
    %load/vec4 v000001f1e15cdf00_0;
    %inv;
    %ix/load 4, 0, 0;
    %flag_set/imm 4, 0;
    %store/vec4 v000001f1e1531280_0, 4, 8;
T_13.41 ;
    %load/vec4 v000001f1e1530ce0_0;
    %store/vec4 v000001f1e15c8d20_0, 0, 128;
    %load/vec4 v000001f1e1531280_0;
    %store/vec4 v000001f1e15c8960_0, 0, 16;
    %end;
    .scope S_000001f1e10f02d0;
t_12 %join;
T_13.35 ;
    %jmp T_13;
    .thread T_13, $push;
    .scope S_000001f1e10f02d0;
T_14 ;
    %wait E_000001f1e153e580;
    %load/vec4 v000001f1e15cbdc0_0;
    %flag_set/vec4 8;
    %jmp/0xz  T_14.0, 8;
    %pushi/vec4 0, 0, 5;
    %assign/vec4 v000001f1e15cc5e0_0, 0;
    %pushi/vec4 0, 0, 3;
    %assign/vec4 v000001f1e15cb1e0_0, 0;
    %pushi/vec4 0, 0, 2;
    %assign/vec4 v000001f1e15cc180_0, 0;
    %pushi/vec4 0, 0, 3;
    %assign/vec4 v000001f1e15ce400_0, 0;
    %pushi/vec4 0, 0, 2;
    %assign/vec4 v000001f1e15cb640_0, 0;
    %pushi/vec4 0, 0, 32;
    %assign/vec4 v000001f1e15c9180_0, 0;
    %pushi/vec4 0, 0, 3;
    %assign/vec4 v000001f1e15cc360_0, 0;
    %pushi/vec4 0, 0, 8;
    %assign/vec4 v000001f1e15cb5a0_0, 0;
    %pushi/vec4 0, 0, 64;
    %assign/vec4 v000001f1e15ce0e0_0, 0;
    %pushi/vec4 0, 0, 8;
    %assign/vec4 v000001f1e15cdf00_0, 0;
    %pushi/vec4 0, 0, 1;
    %assign/vec4 v000001f1e15ce220_0, 0;
    %pushi/vec4 0, 0, 512;
    %assign/vec4 v000001f1e15caf60_0, 0;
    %pushi/vec4 0, 0, 512;
    %assign/vec4 v000001f1e15cb960_0, 0;
    %pushi/vec4 0, 0, 512;
    %assign/vec4 v000001f1e15cf3a0_0, 0;
    %pushi/vec4 0, 0, 512;
    %assign/vec4 v000001f1e15ce2c0_0, 0;
    %pushi/vec4 0, 0, 15;
    %assign/vec4 v000001f1e15ce680_0, 0;
    %pushi/vec4 0, 0, 1;
    %assign/vec4 v000001f1e15cdc80_0, 0;
    %pushi/vec4 0, 0, 1;
    %assign/vec4 v000001f1e15cf080_0, 0;
    %pushi/vec4 0, 0, 1;
    %assign/vec4 v000001f1e15cdd20_0, 0;
    %pushi/vec4 0, 0, 1;
    %assign/vec4 v000001f1e15cca40_0, 0;
    %pushi/vec4 0, 0, 1;
    %assign/vec4 v000001f1e15cae20_0, 0;
    %pushi/vec4 0, 0, 64;
    %assign/vec4 v000001f1e15cdb40_0, 0;
    %pushi/vec4 0, 0, 32;
    %store/vec4 v000001f1e15cc2c0_0, 0, 32;
T_14.2 ;
    %load/vec4 v000001f1e15cc2c0_0;
    %cmpi/s 2048, 0, 32;
    %jmp/0xz T_14.3, 5;
    %pushi/vec4 0, 0, 1;
    %ix/getv/s 3, v000001f1e15cc2c0_0;
    %ix/load 4, 0, 0; Constant delay
    %assign/vec4/a/d v000001f1e15ceb80, 0, 4;
    %pushi/vec4 0, 0, 1;
    %ix/getv/s 3, v000001f1e15cc2c0_0;
    %ix/load 4, 0, 0; Constant delay
    %assign/vec4/a/d v000001f1e15cef40, 0, 4;
    %pushi/vec4 0, 0, 1;
    %ix/getv/s 3, v000001f1e15cc2c0_0;
    %ix/load 4, 0, 0; Constant delay
    %assign/vec4/a/d v000001f1e15cc040, 0, 4;
    %pushi/vec4 0, 0, 1;
    %ix/getv/s 3, v000001f1e15cc2c0_0;
    %ix/load 4, 0, 0; Constant delay
    %assign/vec4/a/d v000001f1e15cb460, 0, 4;
    %pushi/vec4 0, 0, 1;
    %ix/getv/s 3, v000001f1e15cc2c0_0;
    %ix/load 4, 0, 0; Constant delay
    %assign/vec4/a/d v000001f1e15cbfa0, 0, 4;
    %load/vec4 v000001f1e15cc2c0_0;
    %addi 1, 0, 32;
    %store/vec4 v000001f1e15cc2c0_0, 0, 32;
    %jmp T_14.2;
T_14.3 ;
    %jmp T_14.1;
T_14.0 ;
    %load/vec4 v000001f1e15cc5e0_0;
    %dup/vec4;
    %pushi/vec4 0, 0, 5;
    %cmp/u;
    %jmp/1 T_14.4, 6;
    %dup/vec4;
    %pushi/vec4 1, 0, 5;
    %cmp/u;
    %jmp/1 T_14.5, 6;
    %dup/vec4;
    %pushi/vec4 2, 0, 5;
    %cmp/u;
    %jmp/1 T_14.6, 6;
    %dup/vec4;
    %pushi/vec4 3, 0, 5;
    %cmp/u;
    %jmp/1 T_14.7, 6;
    %dup/vec4;
    %pushi/vec4 4, 0, 5;
    %cmp/u;
    %jmp/1 T_14.8, 6;
    %dup/vec4;
    %pushi/vec4 5, 0, 5;
    %cmp/u;
    %jmp/1 T_14.9, 6;
    %dup/vec4;
    %pushi/vec4 6, 0, 5;
    %cmp/u;
    %jmp/1 T_14.10, 6;
    %dup/vec4;
    %pushi/vec4 7, 0, 5;
    %cmp/u;
    %jmp/1 T_14.11, 6;
    %dup/vec4;
    %pushi/vec4 8, 0, 5;
    %cmp/u;
    %jmp/1 T_14.12, 6;
    %dup/vec4;
    %pushi/vec4 9, 0, 5;
    %cmp/u;
    %jmp/1 T_14.13, 6;
    %dup/vec4;
    %pushi/vec4 10, 0, 5;
    %cmp/u;
    %jmp/1 T_14.14, 6;
    %dup/vec4;
    %pushi/vec4 11, 0, 5;
    %cmp/u;
    %jmp/1 T_14.15, 6;
    %dup/vec4;
    %pushi/vec4 12, 0, 5;
    %cmp/u;
    %jmp/1 T_14.16, 6;
    %dup/vec4;
    %pushi/vec4 13, 0, 5;
    %cmp/u;
    %jmp/1 T_14.17, 6;
    %dup/vec4;
    %pushi/vec4 14, 0, 5;
    %cmp/u;
    %jmp/1 T_14.18, 6;
    %dup/vec4;
    %pushi/vec4 15, 0, 5;
    %cmp/u;
    %jmp/1 T_14.19, 6;
    %dup/vec4;
    %pushi/vec4 16, 0, 5;
    %cmp/u;
    %jmp/1 T_14.20, 6;
    %dup/vec4;
    %pushi/vec4 17, 0, 5;
    %cmp/u;
    %jmp/1 T_14.21, 6;
    %pushi/vec4 0, 0, 5;
    %assign/vec4 v000001f1e15cc5e0_0, 0;
    %jmp T_14.23;
T_14.4 ;
    %load/vec4 v000001f1e15cc4a0_0;
    %flag_set/vec4 9;
    %flag_get/vec4 9;
    %jmp/0 T_14.26, 9;
    %load/vec4 v000001f1e15cc220_0;
    %and;
T_14.26;
    %flag_set/vec4 8;
    %jmp/0xz  T_14.24, 8;
    %load/vec4 v000001f1e15ccae0_0;
    %assign/vec4 v000001f1e15cb640_0, 0;
    %load/vec4 v000001f1e15cb6e0_0;
    %assign/vec4 v000001f1e15c9180_0, 0;
    %load/vec4 v000001f1e15cba00_0;
    %assign/vec4 v000001f1e15cc360_0, 0;
    %load/vec4 v000001f1e15cb780_0;
    %assign/vec4 v000001f1e15cb5a0_0, 0;
    %load/vec4 v000001f1e15cbaa0_0;
    %assign/vec4 v000001f1e15ce0e0_0, 0;
    %load/vec4 v000001f1e15cb140_0;
    %assign/vec4 v000001f1e15cdf00_0, 0;
    %load/vec4 v000001f1e15cb0a0_0;
    %assign/vec4 v000001f1e15ce220_0, 0;
    %pushi/vec4 1, 0, 5;
    %assign/vec4 v000001f1e15cc5e0_0, 0;
T_14.24 ;
    %jmp T_14.23;
T_14.5 ;
    %load/vec4 v000001f1e15c9d60_0;
    %nor/r;
    %flag_set/vec4 8;
    %jmp/1 T_14.29, 8;
    %load/vec4 v000001f1e15cb000_0;
    %nor/r;
    %flag_set/vec4 9;
    %flag_or 8, 9;
T_14.29;
    %jmp/0xz  T_14.27, 8;
    %pushi/vec4 17, 0, 5;
    %assign/vec4 v000001f1e15cc5e0_0, 0;
    %jmp T_14.28;
T_14.27 ;
    %load/vec4 v000001f1e15cb640_0;
    %cmpi/e 0, 0, 2;
    %flag_get/vec4 4;
    %jmp/0 T_14.32, 4;
    %load/vec4 v000001f1e15cde60_0;
    %and;
T_14.32;
    %flag_set/vec4 8;
    %jmp/0xz  T_14.30, 8;
    %pushi/vec4 12, 0, 5;
    %assign/vec4 v000001f1e15cc5e0_0, 0;
    %jmp T_14.31;
T_14.30 ;
    %load/vec4 v000001f1e15cb640_0;
    %cmpi/e 1, 0, 2;
    %jmp/0xz  T_14.33, 4;
    %pushi/vec4 12, 0, 5;
    %assign/vec4 v000001f1e15cc5e0_0, 0;
    %jmp T_14.34;
T_14.33 ;
    %load/vec4 v000001f1e15cb640_0;
    %cmpi/e 2, 0, 2;
    %jmp/0xz  T_14.35, 4;
    %pushi/vec4 15, 0, 5;
    %assign/vec4 v000001f1e15cc5e0_0, 0;
    %jmp T_14.36;
T_14.35 ;
    %load/vec4 v000001f1e15cb640_0;
    %cmpi/e 3, 0, 2;
    %jmp/0xz  T_14.37, 4;
    %pushi/vec4 0, 0, 3;
    %assign/vec4 v000001f1e15ce400_0, 0;
    %pushi/vec4 0, 0, 512;
    %assign/vec4 v000001f1e15cf3a0_0, 0;
    %pushi/vec4 8, 0, 5;
    %assign/vec4 v000001f1e15cc5e0_0, 0;
    %jmp T_14.38;
T_14.37 ;
    %load/vec4 v000001f1e15cc400_0;
    %flag_set/vec4 8;
    %jmp/0xz  T_14.39, 8;
    %load/vec4 v000001f1e15cb280_0;
    %flag_set/vec4 8;
    %jmp/0 T_14.41, 8;
    %load/vec4 v000001f1e15cb500_0;
    %pad/u 13;
    %ix/vec4 4;
    %load/vec4a v000001f1e15cbe60, 4;
    %jmp/1 T_14.42, 8;
T_14.41 ; End of true expr.
    %load/vec4 v000001f1e15cb500_0;
    %pad/u 13;
    %ix/vec4 4;
    %load/vec4a v000001f1e15cc9a0, 4;
    %jmp/0 T_14.42, 8;
 ; End of false expr.
    %blend;
T_14.42;
    %assign/vec4 v000001f1e15caf60_0, 0;
    %pushi/vec4 0, 0, 3;
    %assign/vec4 v000001f1e15cb1e0_0, 0;
    %load/vec4 v000001f1e15cb280_0;
    %flag_set/vec4 8;
    %jmp/0xz  T_14.43, 8;
    %pushi/vec4 1, 0, 1;
    %load/vec4 v000001f1e15cb500_0;
    %pad/u 13;
    %ix/vec4 3;
    %ix/load 4, 0, 0; Constant delay
    %assign/vec4/a/d v000001f1e15cbfa0, 0, 4;
    %jmp T_14.44;
T_14.43 ;
    %pushi/vec4 0, 0, 1;
    %load/vec4 v000001f1e15cb500_0;
    %pad/u 13;
    %ix/vec4 3;
    %ix/load 4, 0, 0; Constant delay
    %assign/vec4/a/d v000001f1e15cbfa0, 0, 4;
T_14.44 ;
    %pushi/vec4 2, 0, 5;
    %assign/vec4 v000001f1e15cc5e0_0, 0;
    %jmp T_14.40;
T_14.39 ;
    %load/vec4 v000001f1e15cd6e0_0;
    %assign/vec4 v000001f1e15cdd20_0, 0;
    %load/vec4 v000001f1e15ce360_0;
    %assign/vec4 v000001f1e15ce2c0_0, 0;
    %load/vec4 v000001f1e15ce5e0_0;
    %assign/vec4 v000001f1e15ce680_0, 0;
    %load/vec4 v000001f1e15cdaa0_0;
    %assign/vec4 v000001f1e15cdc80_0, 0;
    %load/vec4 v000001f1e15cd820_0;
    %assign/vec4 v000001f1e15cf080_0, 0;
    %load/vec4 v000001f1e15cd6e0_0;
    %assign/vec4 v000001f1e15cca40_0, 0;
    %load/vec4 v000001f1e15cd820_0;
    %flag_set/vec4 8;
    %flag_get/vec4 8;
    %jmp/0 T_14.45, 8;
    %load/vec4 v000001f1e15cdaa0_0;
    %and;
T_14.45;
    %assign/vec4 v000001f1e15cae20_0, 0;
    %pushi/vec4 0, 0, 2;
    %assign/vec4 v000001f1e15cc180_0, 0;
    %load/vec4 v000001f1e15cd820_0;
    %flag_set/vec4 9;
    %flag_get/vec4 9;
    %jmp/0 T_14.48, 9;
    %load/vec4 v000001f1e15cdaa0_0;
    %and;
T_14.48;
    %flag_set/vec4 8;
    %jmp/0xz  T_14.46, 8;
    %pushi/vec4 3, 0, 5;
    %assign/vec4 v000001f1e15cc5e0_0, 0;
    %jmp T_14.47;
T_14.46 ;
    %pushi/vec4 4, 0, 5;
    %assign/vec4 v000001f1e15cc5e0_0, 0;
T_14.47 ;
T_14.40 ;
T_14.38 ;
T_14.36 ;
T_14.34 ;
T_14.31 ;
T_14.28 ;
    %jmp T_14.23;
T_14.6 ;
    %load/vec4 v000001f1e15cbc80_0;
    %flag_set/vec4 8;
    %jmp/0xz  T_14.49, 8;
    %load/vec4 v000001f1e15cb1e0_0;
    %cmpi/e 7, 0, 3;
    %jmp/0xz  T_14.51, 4;
    %pushi/vec4 0, 0, 3;
    %assign/vec4 v000001f1e15cb1e0_0, 0;
    %pushi/vec4 0, 0, 5;
    %assign/vec4 v000001f1e15cc5e0_0, 0;
    %jmp T_14.52;
T_14.51 ;
    %load/vec4 v000001f1e15cb1e0_0;
    %addi 1, 0, 3;
    %assign/vec4 v000001f1e15cb1e0_0, 0;
T_14.52 ;
T_14.49 ;
    %jmp T_14.23;
T_14.7 ;
    %load/vec4 v000001f1e15ca6c0_0;
    %flag_set/vec4 9;
    %flag_get/vec4 9;
    %jmp/0 T_14.55, 9;
    %load/vec4 v000001f1e15cb3c0_0;
    %and;
T_14.55;
    %flag_set/vec4 8;
    %jmp/0xz  T_14.53, 8;
    %load/vec4 v000001f1e15cc180_0;
    %cmpi/e 3, 0, 2;
    %jmp/0xz  T_14.56, 4;
    %pushi/vec4 0, 0, 2;
    %assign/vec4 v000001f1e15cc180_0, 0;
    %pushi/vec4 4, 0, 5;
    %assign/vec4 v000001f1e15cc5e0_0, 0;
    %jmp T_14.57;
T_14.56 ;
    %load/vec4 v000001f1e15cc180_0;
    %addi 1, 0, 2;
    %assign/vec4 v000001f1e15cc180_0, 0;
T_14.57 ;
T_14.53 ;
    %jmp T_14.23;
T_14.8 ;
    %load/vec4 v000001f1e15ca6c0_0;
    %flag_set/vec4 8;
    %jmp/0xz  T_14.58, 8;
    %pushi/vec4 5, 0, 5;
    %assign/vec4 v000001f1e15cc5e0_0, 0;
T_14.58 ;
    %jmp T_14.23;
T_14.9 ;
    %load/vec4 v000001f1e15ca580_0;
    %flag_set/vec4 8;
    %jmp/0xz  T_14.60, 8;
    %load/vec4 v000001f1e15c9f40_0;
    %ix/load 5, 0, 0;
    %load/vec4 v000001f1e15cc180_0;
    %concati/vec4 0, 0, 7;
    %ix/vec4 4;
    %assign/vec4/off/d v000001f1e15cb960_0, 4, 5;
    %load/vec4 v000001f1e15cc180_0;
    %cmpi/e 3, 0, 2;
    %jmp/0xz  T_14.62, 4;
    %pushi/vec4 0, 0, 2;
    %assign/vec4 v000001f1e15cc180_0, 0;
    %pushi/vec4 6, 0, 5;
    %assign/vec4 v000001f1e15cc5e0_0, 0;
    %jmp T_14.63;
T_14.62 ;
    %load/vec4 v000001f1e15cc180_0;
    %addi 1, 0, 2;
    %assign/vec4 v000001f1e15cc180_0, 0;
    %pushi/vec4 4, 0, 5;
    %assign/vec4 v000001f1e15cc5e0_0, 0;
T_14.63 ;
T_14.60 ;
    %jmp T_14.23;
T_14.10 ;
    %load/vec4 v000001f1e15cca40_0;
    %cmpi/e 0, 0, 1;
    %jmp/0xz  T_14.64, 4;
    %load/vec4 v000001f1e15cb960_0;
    %load/vec4 v000001f1e15cb500_0;
    %pad/u 13;
    %ix/vec4 3;
    %ix/load 4, 0, 0; Constant delay
    %assign/vec4/a/d v000001f1e15cbe60, 0, 4;
    %load/vec4 v000001f1e15cc860_0;
    %load/vec4 v000001f1e15cb500_0;
    %pad/u 13;
    %ix/vec4 3;
    %ix/load 4, 0, 0; Constant delay
    %assign/vec4/a/d v000001f1e15cc7c0, 0, 4;
    %pushi/vec4 1, 0, 1;
    %load/vec4 v000001f1e15cb500_0;
    %pad/u 13;
    %ix/vec4 3;
    %ix/load 4, 0, 0; Constant delay
    %assign/vec4/a/d v000001f1e15ceb80, 0, 4;
    %pushi/vec4 0, 0, 1;
    %load/vec4 v000001f1e15cb500_0;
    %pad/u 13;
    %ix/vec4 3;
    %ix/load 4, 0, 0; Constant delay
    %assign/vec4/a/d v000001f1e15cc040, 0, 4;
    %pushi/vec4 1, 0, 1;
    %load/vec4 v000001f1e15cb500_0;
    %pad/u 13;
    %ix/vec4 3;
    %ix/load 4, 0, 0; Constant delay
    %assign/vec4/a/d v000001f1e15cbfa0, 0, 4;
    %jmp T_14.65;
T_14.64 ;
    %load/vec4 v000001f1e15cb960_0;
    %load/vec4 v000001f1e15cb500_0;
    %pad/u 13;
    %ix/vec4 3;
    %ix/load 4, 0, 0; Constant delay
    %assign/vec4/a/d v000001f1e15cc9a0, 0, 4;
    %load/vec4 v000001f1e15cc860_0;
    %load/vec4 v000001f1e15cb500_0;
    %pad/u 13;
    %ix/vec4 3;
    %ix/load 4, 0, 0; Constant delay
    %assign/vec4/a/d v000001f1e15cc900, 0, 4;
    %pushi/vec4 1, 0, 1;
    %load/vec4 v000001f1e15cb500_0;
    %pad/u 13;
    %ix/vec4 3;
    %ix/load 4, 0, 0; Constant delay
    %assign/vec4/a/d v000001f1e15cef40, 0, 4;
    %pushi/vec4 0, 0, 1;
    %load/vec4 v000001f1e15cb500_0;
    %pad/u 13;
    %ix/vec4 3;
    %ix/load 4, 0, 0; Constant delay
    %assign/vec4/a/d v000001f1e15cb460, 0, 4;
    %pushi/vec4 0, 0, 1;
    %load/vec4 v000001f1e15cb500_0;
    %pad/u 13;
    %ix/vec4 3;
    %ix/load 4, 0, 0; Constant delay
    %assign/vec4/a/d v000001f1e15cbfa0, 0, 4;
T_14.65 ;
    %load/vec4 v000001f1e15cb960_0;
    %assign/vec4 v000001f1e15caf60_0, 0;
    %pushi/vec4 0, 0, 3;
    %assign/vec4 v000001f1e15cb1e0_0, 0;
    %pushi/vec4 7, 0, 5;
    %assign/vec4 v000001f1e15cc5e0_0, 0;
    %jmp T_14.23;
T_14.11 ;
    %load/vec4 v000001f1e15cbc80_0;
    %flag_set/vec4 8;
    %jmp/0xz  T_14.66, 8;
    %load/vec4 v000001f1e15cb1e0_0;
    %cmpi/e 7, 0, 3;
    %jmp/0xz  T_14.68, 4;
    %pushi/vec4 0, 0, 3;
    %assign/vec4 v000001f1e15cb1e0_0, 0;
    %pushi/vec4 0, 0, 5;
    %assign/vec4 v000001f1e15cc5e0_0, 0;
    %jmp T_14.69;
T_14.68 ;
    %load/vec4 v000001f1e15cb1e0_0;
    %addi 1, 0, 3;
    %assign/vec4 v000001f1e15cb1e0_0, 0;
T_14.69 ;
T_14.66 ;
    %jmp T_14.23;
T_14.12 ;
    %load/vec4 v000001f1e15cc4a0_0;
    %flag_set/vec4 9;
    %flag_get/vec4 9;
    %jmp/0 T_14.72, 9;
    %load/vec4 v000001f1e15cc220_0;
    %and;
T_14.72;
    %flag_set/vec4 8;
    %jmp/0xz  T_14.70, 8;
    %load/vec4 v000001f1e15cbaa0_0;
    %ix/load 5, 0, 0;
    %load/vec4 v000001f1e15ce400_0;
    %concati/vec4 0, 0, 6;
    %ix/vec4 4;
    %assign/vec4/off/d v000001f1e15cf3a0_0, 4, 5;
    %load/vec4 v000001f1e15ce400_0;
    %cmpi/e 7, 0, 3;
    %jmp/0xz  T_14.73, 4;
    %load/vec4 v000001f1e15cc400_0;
    %flag_set/vec4 8;
    %jmp/0xz  T_14.75, 8;
    %load/vec4 v000001f1e15cc540_0;
    %assign/vec4 v000001f1e15cca40_0, 0;
    %pushi/vec4 0, 0, 1;
    %assign/vec4 v000001f1e15cae20_0, 0;
    %pushi/vec4 10, 0, 5;
    %assign/vec4 v000001f1e15cc5e0_0, 0;
    %jmp T_14.76;
T_14.75 ;
    %load/vec4 v000001f1e15cd6e0_0;
    %assign/vec4 v000001f1e15cdd20_0, 0;
    %load/vec4 v000001f1e15ce360_0;
    %assign/vec4 v000001f1e15ce2c0_0, 0;
    %load/vec4 v000001f1e15ce5e0_0;
    %assign/vec4 v000001f1e15ce680_0, 0;
    %load/vec4 v000001f1e15cdaa0_0;
    %assign/vec4 v000001f1e15cdc80_0, 0;
    %load/vec4 v000001f1e15cd820_0;
    %assign/vec4 v000001f1e15cf080_0, 0;
    %load/vec4 v000001f1e15cd6e0_0;
    %assign/vec4 v000001f1e15cca40_0, 0;
    %load/vec4 v000001f1e15cd820_0;
    %flag_set/vec4 8;
    %flag_get/vec4 8;
    %jmp/0 T_14.77, 8;
    %load/vec4 v000001f1e15cdaa0_0;
    %and;
T_14.77;
    %assign/vec4 v000001f1e15cae20_0, 0;
    %pushi/vec4 0, 0, 2;
    %assign/vec4 v000001f1e15cc180_0, 0;
    %load/vec4 v000001f1e15cd820_0;
    %flag_set/vec4 9;
    %flag_get/vec4 9;
    %jmp/0 T_14.80, 9;
    %load/vec4 v000001f1e15cdaa0_0;
    %and;
T_14.80;
    %flag_set/vec4 8;
    %jmp/0xz  T_14.78, 8;
    %pushi/vec4 9, 0, 5;
    %assign/vec4 v000001f1e15cc5e0_0, 0;
    %jmp T_14.79;
T_14.78 ;
    %pushi/vec4 10, 0, 5;
    %assign/vec4 v000001f1e15cc5e0_0, 0;
T_14.79 ;
T_14.76 ;
    %pushi/vec4 0, 0, 3;
    %assign/vec4 v000001f1e15ce400_0, 0;
    %jmp T_14.74;
T_14.73 ;
    %load/vec4 v000001f1e15ce400_0;
    %addi 1, 0, 3;
    %assign/vec4 v000001f1e15ce400_0, 0;
T_14.74 ;
T_14.70 ;
    %jmp T_14.23;
T_14.13 ;
    %load/vec4 v000001f1e15ca6c0_0;
    %flag_set/vec4 9;
    %flag_get/vec4 9;
    %jmp/0 T_14.83, 9;
    %load/vec4 v000001f1e15cb3c0_0;
    %and;
T_14.83;
    %flag_set/vec4 8;
    %jmp/0xz  T_14.81, 8;
    %load/vec4 v000001f1e15cc180_0;
    %cmpi/e 3, 0, 2;
    %jmp/0xz  T_14.84, 4;
    %pushi/vec4 0, 0, 2;
    %assign/vec4 v000001f1e15cc180_0, 0;
    %pushi/vec4 10, 0, 5;
    %assign/vec4 v000001f1e15cc5e0_0, 0;
    %jmp T_14.85;
T_14.84 ;
    %load/vec4 v000001f1e15cc180_0;
    %addi 1, 0, 2;
    %assign/vec4 v000001f1e15cc180_0, 0;
T_14.85 ;
T_14.81 ;
    %jmp T_14.23;
T_14.14 ;
    %load/vec4 v000001f1e15cca40_0;
    %cmpi/e 0, 0, 1;
    %jmp/0xz  T_14.86, 4;
    %load/vec4 v000001f1e15cf3a0_0;
    %load/vec4 v000001f1e15cb500_0;
    %pad/u 13;
    %ix/vec4 3;
    %ix/load 4, 0, 0; Constant delay
    %assign/vec4/a/d v000001f1e15cbe60, 0, 4;
    %load/vec4 v000001f1e15cc860_0;
    %load/vec4 v000001f1e15cb500_0;
    %pad/u 13;
    %ix/vec4 3;
    %ix/load 4, 0, 0; Constant delay
    %assign/vec4/a/d v000001f1e15cc7c0, 0, 4;
    %pushi/vec4 1, 0, 1;
    %load/vec4 v000001f1e15cb500_0;
    %pad/u 13;
    %ix/vec4 3;
    %ix/load 4, 0, 0; Constant delay
    %assign/vec4/a/d v000001f1e15ceb80, 0, 4;
    %pushi/vec4 1, 0, 1;
    %load/vec4 v000001f1e15cb500_0;
    %pad/u 13;
    %ix/vec4 3;
    %ix/load 4, 0, 0; Constant delay
    %assign/vec4/a/d v000001f1e15cc040, 0, 4;
    %pushi/vec4 1, 0, 1;
    %load/vec4 v000001f1e15cb500_0;
    %pad/u 13;
    %ix/vec4 3;
    %ix/load 4, 0, 0; Constant delay
    %assign/vec4/a/d v000001f1e15cbfa0, 0, 4;
    %jmp T_14.87;
T_14.86 ;
    %load/vec4 v000001f1e15cf3a0_0;
    %load/vec4 v000001f1e15cb500_0;
    %pad/u 13;
    %ix/vec4 3;
    %ix/load 4, 0, 0; Constant delay
    %assign/vec4/a/d v000001f1e15cc9a0, 0, 4;
    %load/vec4 v000001f1e15cc860_0;
    %load/vec4 v000001f1e15cb500_0;
    %pad/u 13;
    %ix/vec4 3;
    %ix/load 4, 0, 0; Constant delay
    %assign/vec4/a/d v000001f1e15cc900, 0, 4;
    %pushi/vec4 1, 0, 1;
    %load/vec4 v000001f1e15cb500_0;
    %pad/u 13;
    %ix/vec4 3;
    %ix/load 4, 0, 0; Constant delay
    %assign/vec4/a/d v000001f1e15cef40, 0, 4;
    %pushi/vec4 1, 0, 1;
    %load/vec4 v000001f1e15cb500_0;
    %pad/u 13;
    %ix/vec4 3;
    %ix/load 4, 0, 0; Constant delay
    %assign/vec4/a/d v000001f1e15cb460, 0, 4;
    %pushi/vec4 0, 0, 1;
    %load/vec4 v000001f1e15cb500_0;
    %pad/u 13;
    %ix/vec4 3;
    %ix/load 4, 0, 0; Constant delay
    %assign/vec4/a/d v000001f1e15cbfa0, 0, 4;
T_14.87 ;
    %pushi/vec4 11, 0, 5;
    %assign/vec4 v000001f1e15cc5e0_0, 0;
    %jmp T_14.23;
T_14.15 ;
    %load/vec4 v000001f1e15cbc80_0;
    %flag_set/vec4 8;
    %jmp/0xz  T_14.88, 8;
    %pushi/vec4 0, 0, 5;
    %assign/vec4 v000001f1e15cc5e0_0, 0;
T_14.88 ;
    %jmp T_14.23;
T_14.16 ;
    %load/vec4 v000001f1e15ca6c0_0;
    %flag_set/vec4 8;
    %jmp/0xz  T_14.90, 8;
    %pushi/vec4 13, 0, 5;
    %assign/vec4 v000001f1e15cc5e0_0, 0;
T_14.90 ;
    %jmp T_14.23;
T_14.17 ;
    %load/vec4 v000001f1e15ca580_0;
    %flag_set/vec4 8;
    %jmp/0xz  T_14.92, 8;
    %load/vec4 v000001f1e15cdfa0_0;
    %flag_set/vec4 8;
    %jmp/0 T_14.94, 8;
    %load/vec4 v000001f1e15c9f40_0;
    %parti/s 64, 64, 8;
    %jmp/1 T_14.95, 8;
T_14.94 ; End of true expr.
    %load/vec4 v000001f1e15c9f40_0;
    %parti/s 64, 0, 2;
    %jmp/0 T_14.95, 8;
 ; End of false expr.
    %blend;
T_14.95;
    %assign/vec4 v000001f1e15cdb40_0, 0;
    %pushi/vec4 14, 0, 5;
    %assign/vec4 v000001f1e15cc5e0_0, 0;
T_14.92 ;
    %jmp T_14.23;
T_14.18 ;
    %load/vec4 v000001f1e15cbc80_0;
    %flag_set/vec4 8;
    %jmp/0xz  T_14.96, 8;
    %pushi/vec4 0, 0, 5;
    %assign/vec4 v000001f1e15cc5e0_0, 0;
T_14.96 ;
    %jmp T_14.23;
T_14.19 ;
    %load/vec4 v000001f1e15ca6c0_0;
    %flag_set/vec4 9;
    %flag_get/vec4 9;
    %jmp/0 T_14.100, 9;
    %load/vec4 v000001f1e15cb3c0_0;
    %and;
T_14.100;
    %flag_set/vec4 8;
    %jmp/0xz  T_14.98, 8;
    %pushi/vec4 16, 0, 5;
    %assign/vec4 v000001f1e15cc5e0_0, 0;
T_14.98 ;
    %jmp T_14.23;
T_14.20 ;
    %load/vec4 v000001f1e15cbc80_0;
    %flag_set/vec4 8;
    %jmp/0xz  T_14.101, 8;
    %pushi/vec4 0, 0, 5;
    %assign/vec4 v000001f1e15cc5e0_0, 0;
T_14.101 ;
    %jmp T_14.23;
T_14.21 ;
    %load/vec4 v000001f1e15cbc80_0;
    %flag_set/vec4 8;
    %jmp/0xz  T_14.103, 8;
    %pushi/vec4 0, 0, 5;
    %assign/vec4 v000001f1e15cc5e0_0, 0;
T_14.103 ;
    %jmp T_14.23;
T_14.23 ;
    %pop/vec4 1;
T_14.1 ;
    %jmp T_14;
    .thread T_14;
    .scope S_000001f1e1094990;
T_15 ;
    %wait E_000001f1e153e580;
    %load/vec4 v000001f1e15d3650_0;
    %flag_set/vec4 8;
    %jmp/0xz  T_15.0, 8;
    %pushi/vec4 0, 0, 1;
    %assign/vec4 v000001f1e15d3790_0, 0;
    %pushi/vec4 0, 0, 1;
    %assign/vec4 v000001f1e15d1cb0_0, 0;
    %jmp T_15.1;
T_15.0 ;
    %load/vec4 v000001f1e15d0e10_0;
    %flag_set/vec4 8;
    %jmp/0xz  T_15.2, 8;
    %pushi/vec4 1, 0, 1;
    %assign/vec4 v000001f1e15d3790_0, 0;
    %load/vec4 v000001f1e15d2f70_0;
    %assign/vec4 v000001f1e15d1cb0_0, 0;
T_15.2 ;
    %load/vec4 v000001f1e15d3790_0;
    %flag_set/vec4 8;
    %jmp/0xz  T_15.4, 8;
    %load/vec4 v000001f1e15d2070_0;
    %flag_set/vec4 9;
    %flag_get/vec4 9;
    %jmp/0 T_15.8, 9;
    %load/vec4 v000001f1e15d1a30_0;
    %and;
T_15.8;
    %flag_set/vec4 8;
    %jmp/0xz  T_15.6, 8;
    %pushi/vec4 0, 0, 1;
    %assign/vec4 v000001f1e15d3790_0, 0;
T_15.6 ;
T_15.4 ;
T_15.1 ;
    %jmp T_15;
    .thread T_15;
    .scope S_000001f1e155e200;
T_16 ;
    %delay 5000, 0;
    %load/vec4 v000001f1e15d9900_0;
    %inv;
    %store/vec4 v000001f1e15d9900_0, 0, 1;
    %jmp T_16;
    .thread T_16;
    .scope S_000001f1e155e200;
T_17 ;
    %wait E_000001f1e153e580;
    %load/vec4 v000001f1e15da6c0_0;
    %addi 1, 0, 32;
    %assign/vec4 v000001f1e15da6c0_0, 0;
    %load/vec4 v000001f1e15da6c0_0;
    %cmpi/s 20000, 0, 32;
    %flag_or 5, 4; GT is !LE
    %flag_inv 5;
    %jmp/0xz  T_17.0, 5;
    %vpi_call/w 3 135 "$display", "ERROR: watchdog timeout at stage=%0d", v000001f1e15da580_0 {0 0 0};
    %load/vec4 v000001f1e15d9180_0;
    %addi 1, 0, 32;
    %store/vec4 v000001f1e15d9180_0, 0, 32;
    %vpi_call/w 3 137 "$finish" {0 0 0};
T_17.0 ;
    %jmp T_17;
    .thread T_17;
    .scope S_000001f1e155e200;
T_18 ;
    %wait E_000001f1e153e580;
    %load/vec4 v000001f1e15dae40_0;
    %flag_set/vec4 8;
    %jmp/0xz  T_18.0, 8;
    %pushi/vec4 0, 0, 1;
    %assign/vec4 v000001f1e15d9a40_0, 0;
    %pushi/vec4 0, 0, 128;
    %assign/vec4 v000001f1e15daee0_0, 0;
    %pushi/vec4 0, 0, 128;
    %assign/vec4 v000001f1e15d5450_0, 0;
    %pushi/vec4 0, 0, 1;
    %assign/vec4 v000001f1e15d9720_0, 0;
    %pushi/vec4 0, 0, 1;
    %assign/vec4 v000001f1e15d3dd0_0, 0;
    %jmp T_18.1;
T_18.0 ;
    %load/vec4 v000001f1e15d9a40_0;
    %assign/vec4 v000001f1e15d9720_0, 0;
    %load/vec4 v000001f1e15d9a40_0;
    %assign/vec4 v000001f1e15d3dd0_0, 0;
    %load/vec4 v000001f1e15d9a40_0;
    %flag_set/vec4 8;
    %jmp/0xz  T_18.2, 8;
    %pushi/vec4 0, 0, 1;
    %assign/vec4 v000001f1e15d9a40_0, 0;
T_18.2 ;
    %load/vec4 v000001f1e15d53b0_0;
    %flag_set/vec4 9;
    %flag_get/vec4 9;
    %jmp/0 T_18.6, 9;
    %load/vec4 v000001f1e15d5310_0;
    %pushi/vec4 1, 0, 3;
    %cmp/e;
    %flag_get/vec4 4;
    %and;
T_18.6;
    %flag_set/vec4 8;
    %jmp/0xz  T_18.4, 8;
    %load/vec4 v000001f1e15d9a40_0;
    %flag_set/vec4 8;
    %jmp/0xz  T_18.7, 8;
    %vpi_call/w 3 194 "$display", "ERROR: overlapping MIG read" {0 0 0};
    %load/vec4 v000001f1e15d9180_0;
    %addi 1, 0, 32;
    %store/vec4 v000001f1e15d9180_0, 0, 32;
T_18.7 ;
    %load/vec4 v000001f1e15d4410_0;
    %store/vec4 v000001f1e15d2610_0, 0, 28;
    %callf/vec4 TD_l2_arb_tb.gen_rd_data, S_000001f1e15d5b10;
    %assign/vec4 v000001f1e15daee0_0, 0;
    %pushi/vec4 1, 0, 1;
    %assign/vec4 v000001f1e15d9a40_0, 0;
T_18.4 ;
    %load/vec4 v000001f1e15d9a40_0;
    %flag_set/vec4 8;
    %jmp/0xz  T_18.9, 8;
    %load/vec4 v000001f1e15daee0_0;
    %assign/vec4 v000001f1e15d5450_0, 0;
T_18.9 ;
T_18.1 ;
    %jmp T_18;
    .thread T_18;
    .scope S_000001f1e155e200;
T_19 ;
    %wait E_000001f1e153e580;
    %load/vec4 v000001f1e15d97c0_0;
    %flag_set/vec4 8;
    %jmp/0xz  T_19.0, 8;
    %pushi/vec4 1, 0, 1;
    %assign/vec4 v000001f1e15d99a0_0, 0;
    %load/vec4 v000001f1e15d9400_0;
    %assign/vec4 v000001f1e15da760_0, 0;
    %load/vec4 v000001f1e15da800_0;
    %assign/vec4 v000001f1e15d8e60_0, 0;
T_19.0 ;
    %jmp T_19;
    .thread T_19;
    .scope S_000001f1e155e200;
T_20 ;
    %pushi/vec4 0, 0, 1;
    %store/vec4 v000001f1e15d9900_0, 0, 1;
    %pushi/vec4 0, 0, 32;
    %store/vec4 v000001f1e15d9180_0, 0, 32;
    %pushi/vec4 0, 0, 32;
    %store/vec4 v000001f1e15da6c0_0, 0, 32;
    %pushi/vec4 0, 0, 32;
    %store/vec4 v000001f1e15da580_0, 0, 32;
    %fork TD_l2_arb_tb.reset_dut, S_000001f1e15d6650;
    %join;
    %pushi/vec4 1, 0, 32;
    %store/vec4 v000001f1e15da580_0, 0, 32;
    %pushi/vec4 0, 0, 2;
    %store/vec4 v000001f1e15da8a0_0, 0, 2;
    %pushi/vec4 0, 0, 2;
    %store/vec4 v000001f1e15d95e0_0, 0, 2;
    %pushi/vec4 2147483712, 0, 32;
    %store/vec4 v000001f1e15da440_0, 0, 32;
    %pushi/vec4 2147483776, 0, 32;
    %store/vec4 v000001f1e15db160_0, 0, 32;
    %pushi/vec4 3, 0, 3;
    %store/vec4 v000001f1e15daa80_0, 0, 3;
    %pushi/vec4 3, 0, 3;
    %store/vec4 v000001f1e15dabc0_0, 0, 3;
    %pushi/vec4 7, 0, 8;
    %store/vec4 v000001f1e15da940_0, 0, 8;
    %pushi/vec4 7, 0, 8;
    %store/vec4 v000001f1e15da9e0_0, 0, 8;
    %pushi/vec4 0, 0, 1;
    %store/vec4 v000001f1e15db340_0, 0, 1;
    %pushi/vec4 0, 0, 1;
    %store/vec4 v000001f1e15d92c0_0, 0, 1;
    %pushi/vec4 1, 0, 1;
    %store/vec4 v000001f1e15d90e0_0, 0, 1;
    %pushi/vec4 1, 0, 1;
    %store/vec4 v000001f1e15da620_0, 0, 1;
    %wait E_000001f1e153e580;
    %load/vec4 v000001f1e15db480_0;
    %flag_set/vec4 9;
    %flag_get/vec4 9;
    %jmp/0 T_20.2, 9;
    %load/vec4 v000001f1e15d9680_0;
    %nor/r;
    %and;
T_20.2;
    %nor/r;
    %flag_set/vec4 8;
    %jmp/0xz  T_20.0, 8;
    %vpi_call/w 3 521 "$display", "ERROR: arbitration priority D > I failed" {0 0 0};
    %load/vec4 v000001f1e15d9180_0;
    %addi 1, 0, 32;
    %store/vec4 v000001f1e15d9180_0, 0, 32;
T_20.0 ;
    %pushi/vec4 1, 0, 1;
    %store/vec4 v000001f1e15d4550_0, 0, 1;
    %fork TD_l2_arb_tb.wait_accept, S_000001f1e15d5cf0;
    %join;
    %pushi/vec4 0, 0, 1;
    %store/vec4 v000001f1e15da620_0, 0, 1;
    %pushi/vec4 1, 0, 1;
    %store/vec4 v000001f1e15d42d0_0, 0, 1;
    %load/vec4 v000001f1e15db160_0;
    %store/vec4 v000001f1e15d4370_0, 0, 32;
    %fork TD_l2_arb_tb.wait_line_rsp_and_check, S_000001f1e15d6970;
    %join;
    %pushi/vec4 0, 0, 1;
    %store/vec4 v000001f1e15d4550_0, 0, 1;
    %fork TD_l2_arb_tb.wait_accept, S_000001f1e15d5cf0;
    %join;
    %pushi/vec4 0, 0, 1;
    %store/vec4 v000001f1e15d90e0_0, 0, 1;
    %pushi/vec4 0, 0, 1;
    %store/vec4 v000001f1e15d42d0_0, 0, 1;
    %load/vec4 v000001f1e15da440_0;
    %store/vec4 v000001f1e15d4370_0, 0, 32;
    %fork TD_l2_arb_tb.wait_line_rsp_and_check, S_000001f1e15d6970;
    %join;
    %pushi/vec4 2, 0, 32;
    %store/vec4 v000001f1e15da580_0, 0, 32;
    %pushi/vec4 1, 0, 2;
    %store/vec4 v000001f1e15da8a0_0, 0, 2;
    %pushi/vec4 0, 0, 2;
    %store/vec4 v000001f1e15d95e0_0, 0, 2;
    %pushi/vec4 2147483904, 0, 32;
    %store/vec4 v000001f1e15da440_0, 0, 32;
    %pushi/vec4 2147483968, 0, 32;
    %store/vec4 v000001f1e15db160_0, 0, 32;
    %pushi/vec4 3, 0, 3;
    %store/vec4 v000001f1e15daa80_0, 0, 3;
    %pushi/vec4 3, 0, 3;
    %store/vec4 v000001f1e15dabc0_0, 0, 3;
    %pushi/vec4 0, 0, 8;
    %store/vec4 v000001f1e15da940_0, 0, 8;
    %pushi/vec4 7, 0, 8;
    %store/vec4 v000001f1e15da9e0_0, 0, 8;
    %pushi/vec4 1, 0, 1;
    %store/vec4 v000001f1e15db340_0, 0, 1;
    %pushi/vec4 0, 0, 1;
    %store/vec4 v000001f1e15d92c0_0, 0, 1;
    %pushi/vec4 1, 0, 1;
    %store/vec4 v000001f1e15d90e0_0, 0, 1;
    %pushi/vec4 1, 0, 1;
    %store/vec4 v000001f1e15da620_0, 0, 1;
    %wait E_000001f1e153e580;
    %load/vec4 v000001f1e15d9680_0;
    %flag_set/vec4 9;
    %flag_get/vec4 9;
    %jmp/0 T_20.5, 9;
    %load/vec4 v000001f1e15db480_0;
    %nor/r;
    %and;
T_20.5;
    %nor/r;
    %flag_set/vec4 8;
    %jmp/0xz  T_20.3, 8;
    %vpi_call/w 3 549 "$display", "ERROR: arbitration priority uncached failed" {0 0 0};
    %load/vec4 v000001f1e15d9180_0;
    %addi 1, 0, 32;
    %store/vec4 v000001f1e15d9180_0, 0, 32;
T_20.3 ;
    %pushi/vec4 0, 0, 1;
    %store/vec4 v000001f1e15d4550_0, 0, 1;
    %fork TD_l2_arb_tb.wait_accept, S_000001f1e15d5cf0;
    %join;
    %pushi/vec4 0, 0, 1;
    %store/vec4 v000001f1e15d90e0_0, 0, 1;
    %fork t_15, S_000001f1e15d6b00;
    %jmp t_14;
    .scope S_000001f1e15d6b00;
t_15 ;
    %pushi/vec4 0, 0, 32;
    %store/vec4 v000001f1e15d3e70_0, 0, 32;
    %pushi/vec4 0, 0, 32;
    %store/vec4 v000001f1e15d4190_0, 0, 32;
    %load/vec4 v000001f1e15da440_0;
    %store/vec4 v000001f1e15d2a70_0, 0, 32;
    %callf/vec4 TD_l2_arb_tb.exp_uc_rd_data, S_000001f1e15d5980;
    %store/vec4 v000001f1e15d40f0_0, 0, 64;
T_20.6 ;
    %load/vec4 v000001f1e15d4190_0;
    %nor/r;
    %flag_set/vec4 8;
    %jmp/0xz T_20.7, 8;
    %wait E_000001f1e153e580;
    %load/vec4 v000001f1e15dada0_0;
    %flag_set/vec4 8;
    %jmp/0xz  T_20.8, 8;
    %load/vec4 v000001f1e15dab20_0;
    %load/vec4 v000001f1e15d40f0_0;
    %cmp/ne;
    %jmp/0xz  T_20.10, 6;
    %vpi_call/w 3 567 "$display", "ERROR: UC_RD data mismatch got=%h exp=%h", v000001f1e15dab20_0, v000001f1e15d40f0_0 {0 0 0};
    %load/vec4 v000001f1e15d9180_0;
    %addi 1, 0, 32;
    %store/vec4 v000001f1e15d9180_0, 0, 32;
T_20.10 ;
    %load/vec4 v000001f1e15d9360_0;
    %nor/r;
    %flag_set/vec4 8;
    %jmp/0xz  T_20.12, 8;
    %vpi_call/w 3 571 "$display", "ERROR: UC_RD rsp_last missing" {0 0 0};
    %load/vec4 v000001f1e15d9180_0;
    %addi 1, 0, 32;
    %store/vec4 v000001f1e15d9180_0, 0, 32;
T_20.12 ;
    %load/vec4 v000001f1e15db3e0_0;
    %flag_set/vec4 8;
    %jmp/0xz  T_20.14, 8;
    %vpi_call/w 3 575 "$display", "ERROR: UC_RD rsp_err unexpected" {0 0 0};
    %load/vec4 v000001f1e15d9180_0;
    %addi 1, 0, 32;
    %store/vec4 v000001f1e15d9180_0, 0, 32;
T_20.14 ;
    %pushi/vec4 1, 0, 32;
    %store/vec4 v000001f1e15d4190_0, 0, 32;
T_20.8 ;
    %load/vec4 v000001f1e15d3e70_0;
    %addi 1, 0, 32;
    %store/vec4 v000001f1e15d3e70_0, 0, 32;
    %load/vec4 v000001f1e15d3e70_0;
    %cmpi/s 200, 0, 32;
    %flag_or 5, 4; GT is !LE
    %flag_inv 5;
    %jmp/0xz  T_20.16, 5;
    %vpi_call/w 3 582 "$display", "ERROR: UC_RD timeout" {0 0 0};
    %load/vec4 v000001f1e15d9180_0;
    %addi 1, 0, 32;
    %store/vec4 v000001f1e15d9180_0, 0, 32;
    %pushi/vec4 1, 0, 32;
    %store/vec4 v000001f1e15d4190_0, 0, 32;
T_20.16 ;
    %jmp T_20.6;
T_20.7 ;
    %end;
    .scope S_000001f1e155e200;
t_14 %join;
    %pushi/vec4 1, 0, 1;
    %store/vec4 v000001f1e15d4550_0, 0, 1;
    %fork TD_l2_arb_tb.wait_accept, S_000001f1e15d5cf0;
    %join;
    %pushi/vec4 0, 0, 1;
    %store/vec4 v000001f1e15da620_0, 0, 1;
    %pushi/vec4 1, 0, 1;
    %store/vec4 v000001f1e15d42d0_0, 0, 1;
    %load/vec4 v000001f1e15db160_0;
    %store/vec4 v000001f1e15d4370_0, 0, 32;
    %fork TD_l2_arb_tb.wait_line_rsp_and_check, S_000001f1e15d6970;
    %join;
    %pushi/vec4 3, 0, 32;
    %store/vec4 v000001f1e15da580_0, 0, 32;
    %pushi/vec4 1, 0, 1;
    %store/vec4 v000001f1e15d1850_0, 0, 1;
    %pushi/vec4 2, 0, 2;
    %store/vec4 v000001f1e15d2750_0, 0, 2;
    %pushi/vec4 2147484160, 0, 32;
    %store/vec4 v000001f1e15d2890_0, 0, 32;
    %pushi/vec4 3, 0, 3;
    %store/vec4 v000001f1e15d2d90_0, 0, 3;
    %pushi/vec4 0, 0, 8;
    %store/vec4 v000001f1e15d2930_0, 0, 8;
    %pushi/vec4 2779054080, 0, 32;
    %concati/vec4 1, 0, 32;
    %store/vec4 v000001f1e15d3d30_0, 0, 64;
    %pushi/vec4 255, 0, 8;
    %store/vec4 v000001f1e15d2e30_0, 0, 8;
    %pushi/vec4 1, 0, 1;
    %store/vec4 v000001f1e15d3c90_0, 0, 1;
    %fork TD_l2_arb_tb.send_req_single, S_000001f1e15d67e0;
    %join;
    %fork t_17, S_000001f1e15d61a0;
    %jmp t_16;
    .scope S_000001f1e15d61a0;
t_17 ;
    %pushi/vec4 0, 0, 32;
    %store/vec4 v000001f1e15d49b0_0, 0, 32;
    %pushi/vec4 0, 0, 32;
    %store/vec4 v000001f1e15d4690_0, 0, 32;
T_20.18 ;
    %load/vec4 v000001f1e15d4690_0;
    %nor/r;
    %flag_set/vec4 8;
    %jmp/0xz T_20.19, 8;
    %wait E_000001f1e153e580;
    %load/vec4 v000001f1e15d97c0_0;
    %flag_set/vec4 8;
    %jmp/0xz  T_20.20, 8;
    %load/vec4 v000001f1e15da800_0;
    %nor/r;
    %flag_set/vec4 8;
    %jmp/0xz  T_20.22, 8;
    %vpi_call/w 3 605 "$display", "ERROR: UC_WR rsp_last missing" {0 0 0};
    %load/vec4 v000001f1e15d9180_0;
    %addi 1, 0, 32;
    %store/vec4 v000001f1e15d9180_0, 0, 32;
T_20.22 ;
    %load/vec4 v000001f1e15d9400_0;
    %flag_set/vec4 8;
    %jmp/0xz  T_20.24, 8;
    %vpi_call/w 3 609 "$display", "ERROR: UC_WR rsp_err unexpected" {0 0 0};
    %load/vec4 v000001f1e15d9180_0;
    %addi 1, 0, 32;
    %store/vec4 v000001f1e15d9180_0, 0, 32;
T_20.24 ;
    %pushi/vec4 1, 0, 32;
    %store/vec4 v000001f1e15d4690_0, 0, 32;
T_20.20 ;
    %load/vec4 v000001f1e15d49b0_0;
    %addi 1, 0, 32;
    %store/vec4 v000001f1e15d49b0_0, 0, 32;
    %load/vec4 v000001f1e15d49b0_0;
    %cmpi/s 200, 0, 32;
    %flag_or 5, 4; GT is !LE
    %flag_inv 5;
    %jmp/0xz  T_20.26, 5;
    %vpi_call/w 3 616 "$display", "ERROR: UC_WR timeout" {0 0 0};
    %load/vec4 v000001f1e15d9180_0;
    %addi 1, 0, 32;
    %store/vec4 v000001f1e15d9180_0, 0, 32;
    %pushi/vec4 1, 0, 32;
    %store/vec4 v000001f1e15d4690_0, 0, 32;
T_20.26 ;
    %jmp T_20.18;
T_20.19 ;
    %end;
    .scope S_000001f1e155e200;
t_16 %join;
    %pushi/vec4 4, 0, 32;
    %store/vec4 v000001f1e15da580_0, 0, 32;
    %pushi/vec4 0, 0, 1;
    %store/vec4 v000001f1e15d99a0_0, 0, 1;
    %pushi/vec4 1, 0, 1;
    %store/vec4 v000001f1e15d4b90_0, 0, 1;
    %pushi/vec4 2147484416, 0, 32;
    %store/vec4 v000001f1e15d1710_0, 0, 32;
    %pushi/vec4 2147483648, 0, 35;
    %concati/vec4 0, 0, 29;
    %store/vec4 v000001f1e15d4050_0, 0, 64;
    %fork TD_l2_arb_tb.send_wb_line, S_000001f1e15d6010;
    %join;
    %fork t_19, S_000001f1e15d8920;
    %jmp t_18;
    .scope S_000001f1e15d8920;
t_19 ;
    %pushi/vec4 0, 0, 32;
    %store/vec4 v000001f1e15d5270_0, 0, 32;
    %pushi/vec4 0, 0, 32;
    %store/vec4 v000001f1e15d5130_0, 0, 32;
T_20.28 ;
    %load/vec4 v000001f1e15d5130_0;
    %nor/r;
    %flag_set/vec4 8;
    %jmp/0xz T_20.29, 8;
    %wait E_000001f1e153e580;
    %load/vec4 v000001f1e15d99a0_0;
    %flag_set/vec4 8;
    %jmp/0xz  T_20.30, 8;
    %load/vec4 v000001f1e15d8e60_0;
    %nor/r;
    %flag_set/vec4 8;
    %jmp/0xz  T_20.32, 8;
    %vpi_call/w 3 636 "$display", "ERROR: WB ack rsp_last missing" {0 0 0};
    %load/vec4 v000001f1e15d9180_0;
    %addi 1, 0, 32;
    %store/vec4 v000001f1e15d9180_0, 0, 32;
T_20.32 ;
    %load/vec4 v000001f1e15da760_0;
    %flag_set/vec4 8;
    %jmp/0xz  T_20.34, 8;
    %vpi_call/w 3 640 "$display", "ERROR: WB ack rsp_err unexpected" {0 0 0};
    %load/vec4 v000001f1e15d9180_0;
    %addi 1, 0, 32;
    %store/vec4 v000001f1e15d9180_0, 0, 32;
T_20.34 ;
    %pushi/vec4 1, 0, 32;
    %store/vec4 v000001f1e15d5130_0, 0, 32;
T_20.30 ;
    %load/vec4 v000001f1e15d5270_0;
    %addi 1, 0, 32;
    %store/vec4 v000001f1e15d5270_0, 0, 32;
    %load/vec4 v000001f1e15d5270_0;
    %cmpi/s 200, 0, 32;
    %flag_or 5, 4; GT is !LE
    %flag_inv 5;
    %jmp/0xz  T_20.36, 5;
    %vpi_call/w 3 647 "$display", "ERROR: WB ack timeout" {0 0 0};
    %load/vec4 v000001f1e15d9180_0;
    %addi 1, 0, 32;
    %store/vec4 v000001f1e15d9180_0, 0, 32;
    %pushi/vec4 1, 0, 32;
    %store/vec4 v000001f1e15d5130_0, 0, 32;
T_20.36 ;
    %jmp T_20.28;
T_20.29 ;
    %end;
    .scope S_000001f1e155e200;
t_18 %join;
    %pushi/vec4 5, 0, 32;
    %store/vec4 v000001f1e15da580_0, 0, 32;
    %fork TD_l2_arb_tb.wait_core_idle, S_000001f1e15d64c0;
    %join;
    %pushi/vec4 0, 0, 1;
    %store/vec4 v000001f1e15d99a0_0, 0, 1;
    %pushi/vec4 1, 0, 1;
    %store/vec4 v000001f1e15d1850_0, 0, 1;
    %pushi/vec4 0, 0, 2;
    %store/vec4 v000001f1e15d2750_0, 0, 2;
    %pushi/vec4 2147484672, 0, 32;
    %store/vec4 v000001f1e15d2890_0, 0, 32;
    %pushi/vec4 3, 0, 3;
    %store/vec4 v000001f1e15d2d90_0, 0, 3;
    %pushi/vec4 0, 0, 8;
    %store/vec4 v000001f1e15d2930_0, 0, 8;
    %pushi/vec4 0, 0, 64;
    %store/vec4 v000001f1e15d3d30_0, 0, 64;
    %pushi/vec4 0, 0, 8;
    %store/vec4 v000001f1e15d2e30_0, 0, 8;
    %pushi/vec4 0, 0, 1;
    %store/vec4 v000001f1e15d3c90_0, 0, 1;
    %fork TD_l2_arb_tb.send_req_single, S_000001f1e15d67e0;
    %join;
    %fork t_21, S_000001f1e1094800;
    %jmp t_20;
    .scope S_000001f1e1094800;
t_21 ;
    %pushi/vec4 0, 0, 32;
    %store/vec4 v000001f1e152fca0_0, 0, 32;
    %pushi/vec4 0, 0, 32;
    %store/vec4 v000001f1e1531640_0, 0, 32;
T_20.38 ;
    %load/vec4 v000001f1e1531640_0;
    %nor/r;
    %flag_set/vec4 8;
    %jmp/0xz T_20.39, 8;
    %wait E_000001f1e153e580;
    %load/vec4 v000001f1e15d99a0_0;
    %flag_set/vec4 8;
    %jmp/0xz  T_20.40, 8;
    %load/vec4 v000001f1e15d8e60_0;
    %nor/r;
    %flag_set/vec4 8;
    %jmp/0xz  T_20.42, 8;
    %vpi_call/w 3 668 "$display", "ERROR: bad-len rsp_last missing" {0 0 0};
    %load/vec4 v000001f1e15d9180_0;
    %addi 1, 0, 32;
    %store/vec4 v000001f1e15d9180_0, 0, 32;
T_20.42 ;
    %load/vec4 v000001f1e15da760_0;
    %nor/r;
    %flag_set/vec4 8;
    %jmp/0xz  T_20.44, 8;
    %vpi_call/w 3 672 "$display", "ERROR: bad-len rsp_err missing" {0 0 0};
    %load/vec4 v000001f1e15d9180_0;
    %addi 1, 0, 32;
    %store/vec4 v000001f1e15d9180_0, 0, 32;
T_20.44 ;
    %pushi/vec4 1, 0, 32;
    %store/vec4 v000001f1e1531640_0, 0, 32;
T_20.40 ;
    %load/vec4 v000001f1e152fca0_0;
    %addi 1, 0, 32;
    %store/vec4 v000001f1e152fca0_0, 0, 32;
    %load/vec4 v000001f1e152fca0_0;
    %cmpi/s 200, 0, 32;
    %flag_or 5, 4; GT is !LE
    %flag_inv 5;
    %jmp/0xz  T_20.46, 5;
    %vpi_call/w 3 679 "$display", "ERROR: bad-len timeout" {0 0 0};
    %load/vec4 v000001f1e15d9180_0;
    %addi 1, 0, 32;
    %store/vec4 v000001f1e15d9180_0, 0, 32;
    %pushi/vec4 1, 0, 32;
    %store/vec4 v000001f1e1531640_0, 0, 32;
T_20.46 ;
    %jmp T_20.38;
T_20.39 ;
    %end;
    .scope S_000001f1e155e200;
t_20 %join;
    %load/vec4 v000001f1e15d9180_0;
    %cmpi/e 0, 0, 32;
    %jmp/0xz  T_20.48, 4;
    %vpi_call/w 3 686 "$display", "L2/ARB TB: PASS" {0 0 0};
    %jmp T_20.49;
T_20.48 ;
    %vpi_call/w 3 687 "$display", "L2/ARB TB: FAIL errors=%0d", v000001f1e15d9180_0 {0 0 0};
T_20.49 ;
    %vpi_call/w 3 688 "$finish" {0 0 0};
    %end;
    .thread T_20;
# The file index is used to find the file name in the following table.
:file_names 6;
    "N/A";
    "<interactive>";
    "-";
    "c:\cpu_design\l2_arb_tb.v";
    "c:\cpu_design\I_D_arbitration.v";
    "c:\cpu_design\L2_cache.v";
