
C:\cpu_design\build_rtos_apps\smoke\rtos_smoke.elf:     file format elf32-littleriscv


Disassembly of section .text:

80000000 <_start>:
80000000:	00080117          	auipc	sp,0x80
80000004:	00010113          	mv	sp,sp
80000008:	00006197          	auipc	gp,0x6
8000000c:	95c18193          	addi	gp,gp,-1700 # 80005964 <__global_pointer$>
80000010:	00005297          	auipc	t0,0x5
80000014:	16028293          	addi	t0,t0,352 # 80005170 <pass_printed>
80000018:	00006317          	auipc	t1,0x6
8000001c:	78830313          	addi	t1,t1,1928 # 800067a0 <__bss_end>
80000020:	00000393          	li	t2,0
80000024:	0062f863          	bgeu	t0,t1,80000034 <_start+0x34>
80000028:	0072a023          	sw	t2,0(t0)
8000002c:	00428293          	addi	t0,t0,4
80000030:	ff5ff06f          	j	80000024 <_start+0x24>
80000034:	00005297          	auipc	t0,0x5
80000038:	acc28293          	addi	t0,t0,-1332 # 80004b00 <freertos_risc_v_trap_handler>
8000003c:	30529073          	csrw	mtvec,t0
80000040:	00000097          	auipc	ra,0x0
80000044:	32c080e7          	jalr	812(ra) # 8000036c <main>
80000048:	00050413          	mv	s0,a0
8000004c:	0000006f          	j	8000004c <_start+0x4c>

80000050 <fatal>:
80000050:	ff010113          	addi	sp,sp,-16 # 8007fff0 <__bss_end+0x79850>
80000054:	00812423          	sw	s0,8(sp)
80000058:	00112623          	sw	ra,12(sp)
8000005c:	00050413          	mv	s0,a0
80000060:	30047073          	csrci	mstatus,8
80000064:	80005537          	lui	a0,0x80005
80000068:	d8850513          	addi	a0,a0,-632 # 80004d88 <__clzsi2+0x88>
8000006c:	00000097          	auipc	ra,0x0
80000070:	454080e7          	jalr	1108(ra) # 800004c0 <rtos_uart_write>
80000074:	00040513          	mv	a0,s0
80000078:	00000097          	auipc	ra,0x0
8000007c:	514080e7          	jalr	1300(ra) # 8000058c <rtos_uart_write_line>
80000080:	00000013          	nop
80000084:	00000013          	nop
80000088:	ff9ff06f          	j	80000080 <fatal+0x30>

8000008c <consumer_task>:
8000008c:	fc010113          	addi	sp,sp,-64
80000090:	02112e23          	sw	ra,60(sp)
80000094:	02812c23          	sw	s0,56(sp)
80000098:	02912a23          	sw	s1,52(sp)
8000009c:	03212823          	sw	s2,48(sp)
800000a0:	03312623          	sw	s3,44(sp)
800000a4:	03412423          	sw	s4,40(sp)
800000a8:	03512223          	sw	s5,36(sp)
800000ac:	03612023          	sw	s6,32(sp)
800000b0:	01712e23          	sw	s7,28(sp)
800000b4:	01812c23          	sw	s8,24(sp)
800000b8:	01912a23          	sw	s9,20(sp)
800000bc:	01a12823          	sw	s10,16(sp)
800000c0:	00012623          	sw	zero,12(sp)
800000c4:	30047073          	csrci	mstatus,8
800000c8:	80005437          	lui	s0,0x80005
800000cc:	16842783          	lw	a5,360(s0) # 80005168 <xCriticalNesting>
800000d0:	80005537          	lui	a0,0x80005
800000d4:	d9850513          	addi	a0,a0,-616 # 80004d98 <__clzsi2+0x98>
800000d8:	00178793          	addi	a5,a5,1
800000dc:	16f42423          	sw	a5,360(s0)
800000e0:	00000097          	auipc	ra,0x0
800000e4:	4ac080e7          	jalr	1196(ra) # 8000058c <rtos_uart_write_line>
800000e8:	16842783          	lw	a5,360(s0)
800000ec:	fff78793          	addi	a5,a5,-1
800000f0:	16f42423          	sw	a5,360(s0)
800000f4:	00079463          	bnez	a5,800000fc <consumer_task+0x70>
800000f8:	30046073          	csrsi	mstatus,8
800000fc:	80005c37          	lui	s8,0x80005
80000100:	80005bb7          	lui	s7,0x80005
80000104:	80005b37          	lui	s6,0x80005
80000108:	80005ab7          	lui	s5,0x80005
8000010c:	80005a37          	lui	s4,0x80005
80000110:	dacc0c13          	addi	s8,s8,-596 # 80004dac <__clzsi2+0xac>
80000114:	dbcb8b93          	addi	s7,s7,-580 # 80004dbc <__clzsi2+0xbc>
80000118:	e54b0b13          	addi	s6,s6,-428 # 80004e54 <__clzsi2+0x154>
8000011c:	dc4a8a93          	addi	s5,s5,-572 # 80004dc4 <__clzsi2+0xc4>
80000120:	dd8a0a13          	addi	s4,s4,-552 # 80004dd8 <__clzsi2+0xd8>
80000124:	800059b7          	lui	s3,0x80005
80000128:	800054b7          	lui	s1,0x80005
8000012c:	80005cb7          	lui	s9,0x80005
80000130:	80005d37          	lui	s10,0x80005
80000134:	00100913          	li	s2,1
80000138:	0240006f          	j	8000015c <consumer_task+0xd0>
8000013c:	16842783          	lw	a5,360(s0)
80000140:	fff78793          	addi	a5,a5,-1
80000144:	16f42423          	sw	a5,360(s0)
80000148:	00079463          	bnez	a5,80000150 <consumer_task+0xc4>
8000014c:	30046073          	csrsi	mstatus,8
80000150:	00100513          	li	a0,1
80000154:	00003097          	auipc	ra,0x3
80000158:	bd0080e7          	jalr	-1072(ra) # 80002d24 <vTaskDelay>
8000015c:	17c9a503          	lw	a0,380(s3) # 8000517c <smoke_queue>
80000160:	fff00613          	li	a2,-1
80000164:	00c10593          	addi	a1,sp,12
80000168:	00001097          	auipc	ra,0x1
8000016c:	448080e7          	jalr	1096(ra) # 800015b0 <xQueueReceive>
80000170:	ff2510e3          	bne	a0,s2,80000150 <consumer_task+0xc4>
80000174:	1744a783          	lw	a5,372(s1) # 80005174 <consumed_count>
80000178:	00178793          	addi	a5,a5,1
8000017c:	16f4aa23          	sw	a5,372(s1)
80000180:	30047073          	csrci	mstatus,8
80000184:	16842783          	lw	a5,360(s0)
80000188:	000c0513          	mv	a0,s8
8000018c:	00178793          	addi	a5,a5,1
80000190:	16f42423          	sw	a5,360(s0)
80000194:	00000097          	auipc	ra,0x0
80000198:	32c080e7          	jalr	812(ra) # 800004c0 <rtos_uart_write>
8000019c:	00003097          	auipc	ra,0x3
800001a0:	c20080e7          	jalr	-992(ra) # 80002dbc <xTaskGetTickCount>
800001a4:	00000097          	auipc	ra,0x0
800001a8:	374080e7          	jalr	884(ra) # 80000518 <rtos_uart_write_hex32>
800001ac:	000b8513          	mv	a0,s7
800001b0:	00000097          	auipc	ra,0x0
800001b4:	310080e7          	jalr	784(ra) # 800004c0 <rtos_uart_write>
800001b8:	000b0513          	mv	a0,s6
800001bc:	00000097          	auipc	ra,0x0
800001c0:	304080e7          	jalr	772(ra) # 800004c0 <rtos_uart_write>
800001c4:	000a8513          	mv	a0,s5
800001c8:	00000097          	auipc	ra,0x0
800001cc:	2f8080e7          	jalr	760(ra) # 800004c0 <rtos_uart_write>
800001d0:	00c12503          	lw	a0,12(sp)
800001d4:	00000097          	auipc	ra,0x0
800001d8:	344080e7          	jalr	836(ra) # 80000518 <rtos_uart_write_hex32>
800001dc:	000a0513          	mv	a0,s4
800001e0:	00000097          	auipc	ra,0x0
800001e4:	2e0080e7          	jalr	736(ra) # 800004c0 <rtos_uart_write>
800001e8:	1744a703          	lw	a4,372(s1)
800001ec:	00200793          	li	a5,2
800001f0:	f4e7f6e3          	bgeu	a5,a4,8000013c <consumer_task+0xb0>
800001f4:	170ca783          	lw	a5,368(s9) # 80005170 <pass_printed>
800001f8:	f40792e3          	bnez	a5,8000013c <consumer_task+0xb0>
800001fc:	ddcd0513          	addi	a0,s10,-548 # 80004ddc <__clzsi2+0xdc>
80000200:	172ca823          	sw	s2,368(s9)
80000204:	00000097          	auipc	ra,0x0
80000208:	388080e7          	jalr	904(ra) # 8000058c <rtos_uart_write_line>
8000020c:	f31ff06f          	j	8000013c <consumer_task+0xb0>

80000210 <producer_task>:
80000210:	fc010113          	addi	sp,sp,-64
80000214:	02112e23          	sw	ra,60(sp)
80000218:	02812c23          	sw	s0,56(sp)
8000021c:	02912a23          	sw	s1,52(sp)
80000220:	03212823          	sw	s2,48(sp)
80000224:	03312623          	sw	s3,44(sp)
80000228:	03412423          	sw	s4,40(sp)
8000022c:	03512223          	sw	s5,36(sp)
80000230:	03612023          	sw	s6,32(sp)
80000234:	01712e23          	sw	s7,28(sp)
80000238:	01812c23          	sw	s8,24(sp)
8000023c:	00012623          	sw	zero,12(sp)
80000240:	30047073          	csrci	mstatus,8
80000244:	80005437          	lui	s0,0x80005
80000248:	16842783          	lw	a5,360(s0) # 80005168 <xCriticalNesting>
8000024c:	80005537          	lui	a0,0x80005
80000250:	dec50513          	addi	a0,a0,-532 # 80004dec <__clzsi2+0xec>
80000254:	00178793          	addi	a5,a5,1
80000258:	16f42423          	sw	a5,360(s0)
8000025c:	00000097          	auipc	ra,0x0
80000260:	330080e7          	jalr	816(ra) # 8000058c <rtos_uart_write_line>
80000264:	16842783          	lw	a5,360(s0)
80000268:	fff78793          	addi	a5,a5,-1
8000026c:	16f42423          	sw	a5,360(s0)
80000270:	00079463          	bnez	a5,80000278 <producer_task+0x68>
80000274:	30046073          	csrsi	mstatus,8
80000278:	80005c37          	lui	s8,0x80005
8000027c:	80005bb7          	lui	s7,0x80005
80000280:	80005b37          	lui	s6,0x80005
80000284:	80005ab7          	lui	s5,0x80005
80000288:	80005a37          	lui	s4,0x80005
8000028c:	dacc0c13          	addi	s8,s8,-596 # 80004dac <__clzsi2+0xac>
80000290:	dbcb8b93          	addi	s7,s7,-580 # 80004dbc <__clzsi2+0xbc>
80000294:	e3cb0b13          	addi	s6,s6,-452 # 80004e3c <__clzsi2+0x13c>
80000298:	e00a8a93          	addi	s5,s5,-512 # 80004e00 <__clzsi2+0x100>
8000029c:	dd8a0a13          	addi	s4,s4,-552 # 80004dd8 <__clzsi2+0xd8>
800002a0:	800059b7          	lui	s3,0x80005
800002a4:	800054b7          	lui	s1,0x80005
800002a8:	00100913          	li	s2,1
800002ac:	00c12783          	lw	a5,12(sp)
800002b0:	17c9a503          	lw	a0,380(s3) # 8000517c <smoke_queue>
800002b4:	00000693          	li	a3,0
800002b8:	00178793          	addi	a5,a5,1
800002bc:	fff00613          	li	a2,-1
800002c0:	00c10593          	addi	a1,sp,12
800002c4:	00f12623          	sw	a5,12(sp)
800002c8:	00001097          	auipc	ra,0x1
800002cc:	d54080e7          	jalr	-684(ra) # 8000101c <xQueueGenericSend>
800002d0:	09251663          	bne	a0,s2,8000035c <producer_task+0x14c>
800002d4:	1784a783          	lw	a5,376(s1) # 80005178 <produced_count>
800002d8:	00178793          	addi	a5,a5,1
800002dc:	16f4ac23          	sw	a5,376(s1)
800002e0:	30047073          	csrci	mstatus,8
800002e4:	16842783          	lw	a5,360(s0)
800002e8:	000c0513          	mv	a0,s8
800002ec:	00178793          	addi	a5,a5,1
800002f0:	16f42423          	sw	a5,360(s0)
800002f4:	00000097          	auipc	ra,0x0
800002f8:	1cc080e7          	jalr	460(ra) # 800004c0 <rtos_uart_write>
800002fc:	00003097          	auipc	ra,0x3
80000300:	ac0080e7          	jalr	-1344(ra) # 80002dbc <xTaskGetTickCount>
80000304:	00000097          	auipc	ra,0x0
80000308:	214080e7          	jalr	532(ra) # 80000518 <rtos_uart_write_hex32>
8000030c:	000b8513          	mv	a0,s7
80000310:	00000097          	auipc	ra,0x0
80000314:	1b0080e7          	jalr	432(ra) # 800004c0 <rtos_uart_write>
80000318:	000b0513          	mv	a0,s6
8000031c:	00000097          	auipc	ra,0x0
80000320:	1a4080e7          	jalr	420(ra) # 800004c0 <rtos_uart_write>
80000324:	000a8513          	mv	a0,s5
80000328:	00000097          	auipc	ra,0x0
8000032c:	198080e7          	jalr	408(ra) # 800004c0 <rtos_uart_write>
80000330:	00c12503          	lw	a0,12(sp)
80000334:	00000097          	auipc	ra,0x0
80000338:	1e4080e7          	jalr	484(ra) # 80000518 <rtos_uart_write_hex32>
8000033c:	000a0513          	mv	a0,s4
80000340:	00000097          	auipc	ra,0x0
80000344:	180080e7          	jalr	384(ra) # 800004c0 <rtos_uart_write>
80000348:	16842783          	lw	a5,360(s0)
8000034c:	fff78793          	addi	a5,a5,-1
80000350:	16f42423          	sw	a5,360(s0)
80000354:	00079463          	bnez	a5,8000035c <producer_task+0x14c>
80000358:	30046073          	csrsi	mstatus,8
8000035c:	00200513          	li	a0,2
80000360:	00003097          	auipc	ra,0x3
80000364:	9c4080e7          	jalr	-1596(ra) # 80002d24 <vTaskDelay>
80000368:	f45ff06f          	j	800002ac <producer_task+0x9c>

8000036c <main>:
8000036c:	80005537          	lui	a0,0x80005
80000370:	ff010113          	addi	sp,sp,-16
80000374:	e1450513          	addi	a0,a0,-492 # 80004e14 <__clzsi2+0x114>
80000378:	00112623          	sw	ra,12(sp)
8000037c:	00812423          	sw	s0,8(sp)
80000380:	00000097          	auipc	ra,0x0
80000384:	20c080e7          	jalr	524(ra) # 8000058c <rtos_uart_write_line>
80000388:	80005437          	lui	s0,0x80005
8000038c:	1c840413          	addi	s0,s0,456 # 800051c8 <queue_tcb>
80000390:	00400593          	li	a1,4
80000394:	00040693          	mv	a3,s0
80000398:	04840613          	addi	a2,s0,72
8000039c:	00058513          	mv	a0,a1
800003a0:	00000713          	li	a4,0
800003a4:	00001097          	auipc	ra,0x1
800003a8:	af0080e7          	jalr	-1296(ra) # 80000e94 <xQueueGenericCreateStatic>
800003ac:	800057b7          	lui	a5,0x80005
800003b0:	16a7ae23          	sw	a0,380(a5) # 8000517c <smoke_queue>
800003b4:	0c050663          	beqz	a0,80000480 <main+0x114>
800003b8:	80005537          	lui	a0,0x80005
800003bc:	e2850513          	addi	a0,a0,-472 # 80004e28 <__clzsi2+0x128>
800003c0:	00000097          	auipc	ra,0x0
800003c4:	1cc080e7          	jalr	460(ra) # 8000058c <rtos_uart_write_line>
800003c8:	800055b7          	lui	a1,0x80005
800003cc:	80000537          	lui	a0,0x80000
800003d0:	05840813          	addi	a6,s0,88
800003d4:	0a040793          	addi	a5,s0,160
800003d8:	e3c58593          	addi	a1,a1,-452 # 80004e3c <__clzsi2+0x13c>
800003dc:	21050513          	addi	a0,a0,528 # 80000210 <producer_task>
800003e0:	00200713          	li	a4,2
800003e4:	00000693          	li	a3,0
800003e8:	18000613          	li	a2,384
800003ec:	00002097          	auipc	ra,0x2
800003f0:	22c080e7          	jalr	556(ra) # 80002618 <xTaskCreateStatic>
800003f4:	06050e63          	beqz	a0,80000470 <main+0x104>
800003f8:	80005537          	lui	a0,0x80005
800003fc:	e4050513          	addi	a0,a0,-448 # 80004e40 <__clzsi2+0x140>
80000400:	00000097          	auipc	ra,0x0
80000404:	18c080e7          	jalr	396(ra) # 8000058c <rtos_uart_write_line>
80000408:	800055b7          	lui	a1,0x80005
8000040c:	80000537          	lui	a0,0x80000
80000410:	6a040813          	addi	a6,s0,1696
80000414:	6e840793          	addi	a5,s0,1768
80000418:	e5458593          	addi	a1,a1,-428 # 80004e54 <__clzsi2+0x154>
8000041c:	08c50513          	addi	a0,a0,140 # 8000008c <consumer_task>
80000420:	00200713          	li	a4,2
80000424:	00000693          	li	a3,0
80000428:	18000613          	li	a2,384
8000042c:	00002097          	auipc	ra,0x2
80000430:	1ec080e7          	jalr	492(ra) # 80002618 <xTaskCreateStatic>
80000434:	04050e63          	beqz	a0,80000490 <main+0x124>
80000438:	80005537          	lui	a0,0x80005
8000043c:	e5850513          	addi	a0,a0,-424 # 80004e58 <__clzsi2+0x158>
80000440:	00000097          	auipc	ra,0x0
80000444:	14c080e7          	jalr	332(ra) # 8000058c <rtos_uart_write_line>
80000448:	80005537          	lui	a0,0x80005
8000044c:	e6850513          	addi	a0,a0,-408 # 80004e68 <__clzsi2+0x168>
80000450:	00000097          	auipc	ra,0x0
80000454:	13c080e7          	jalr	316(ra) # 8000058c <rtos_uart_write_line>
80000458:	00002097          	auipc	ra,0x2
8000045c:	594080e7          	jalr	1428(ra) # 800029ec <vTaskStartScheduler>
80000460:	80005537          	lui	a0,0x80005
80000464:	e7c50513          	addi	a0,a0,-388 # 80004e7c <__clzsi2+0x17c>
80000468:	00000097          	auipc	ra,0x0
8000046c:	be8080e7          	jalr	-1048(ra) # 80000050 <fatal>
80000470:	80005537          	lui	a0,0x80005
80000474:	e3850513          	addi	a0,a0,-456 # 80004e38 <__clzsi2+0x138>
80000478:	00000097          	auipc	ra,0x0
8000047c:	bd8080e7          	jalr	-1064(ra) # 80000050 <fatal>
80000480:	80005537          	lui	a0,0x80005
80000484:	e2050513          	addi	a0,a0,-480 # 80004e20 <__clzsi2+0x120>
80000488:	00000097          	auipc	ra,0x0
8000048c:	bc8080e7          	jalr	-1080(ra) # 80000050 <fatal>
80000490:	80005537          	lui	a0,0x80005
80000494:	e5050513          	addi	a0,a0,-432 # 80004e50 <__clzsi2+0x150>
80000498:	00000097          	auipc	ra,0x0
8000049c:	bb8080e7          	jalr	-1096(ra) # 80000050 <fatal>

800004a0 <rtos_uart_putc>:
800004a0:	40000737          	lui	a4,0x40000
800004a4:	00470713          	addi	a4,a4,4 # 40000004 <_start-0x3ffffffc>
800004a8:	400006b7          	lui	a3,0x40000
800004ac:	00072783          	lw	a5,0(a4)
800004b0:	0017f793          	andi	a5,a5,1
800004b4:	fe078ce3          	beqz	a5,800004ac <rtos_uart_putc+0xc>
800004b8:	00a6a023          	sw	a0,0(a3) # 40000000 <_start-0x40000000>
800004bc:	00008067          	ret

800004c0 <rtos_uart_write>:
800004c0:	00054783          	lbu	a5,0(a0)
800004c4:	02078e63          	beqz	a5,80000500 <rtos_uart_write+0x40>
800004c8:	40000737          	lui	a4,0x40000
800004cc:	00470713          	addi	a4,a4,4 # 40000004 <_start-0x3ffffffc>
800004d0:	00a00593          	li	a1,10
800004d4:	40000637          	lui	a2,0x40000
800004d8:	00d00813          	li	a6,13
800004dc:	02b78463          	beq	a5,a1,80000504 <rtos_uart_write+0x44>
800004e0:	00054683          	lbu	a3,0(a0)
800004e4:	00072783          	lw	a5,0(a4)
800004e8:	0017f793          	andi	a5,a5,1
800004ec:	fe078ce3          	beqz	a5,800004e4 <rtos_uart_write+0x24>
800004f0:	00d62023          	sw	a3,0(a2) # 40000000 <_start-0x40000000>
800004f4:	00154783          	lbu	a5,1(a0)
800004f8:	00150513          	addi	a0,a0,1
800004fc:	fe0790e3          	bnez	a5,800004dc <rtos_uart_write+0x1c>
80000500:	00008067          	ret
80000504:	00072783          	lw	a5,0(a4)
80000508:	0017f793          	andi	a5,a5,1
8000050c:	fe078ce3          	beqz	a5,80000504 <rtos_uart_write+0x44>
80000510:	01062023          	sw	a6,0(a2)
80000514:	fcdff06f          	j	800004e0 <rtos_uart_write+0x20>

80000518 <rtos_uart_write_hex32>:
80000518:	ff010113          	addi	sp,sp,-16
8000051c:	800057b7          	lui	a5,0x80005
80000520:	00812423          	sw	s0,8(sp)
80000524:	00050413          	mv	s0,a0
80000528:	e9078513          	addi	a0,a5,-368 # 80004e90 <__clzsi2+0x190>
8000052c:	00112623          	sw	ra,12(sp)
80000530:	00000097          	auipc	ra,0x0
80000534:	f90080e7          	jalr	-112(ra) # 800004c0 <rtos_uart_write>
80000538:	800055b7          	lui	a1,0x80005
8000053c:	40000737          	lui	a4,0x40000
80000540:	01858593          	addi	a1,a1,24 # 80005018 <hex.0>
80000544:	00470713          	addi	a4,a4,4 # 40000004 <_start-0x3ffffffc>
80000548:	01c00693          	li	a3,28
8000054c:	40000537          	lui	a0,0x40000
80000550:	00d457b3          	srl	a5,s0,a3
80000554:	00f7f793          	andi	a5,a5,15
80000558:	00f587b3          	add	a5,a1,a5
8000055c:	0007c603          	lbu	a2,0(a5)
80000560:	00072783          	lw	a5,0(a4)
80000564:	0017f793          	andi	a5,a5,1
80000568:	fe078ce3          	beqz	a5,80000560 <rtos_uart_write_hex32+0x48>
8000056c:	00c52023          	sw	a2,0(a0) # 40000000 <_start-0x40000000>
80000570:	00068663          	beqz	a3,8000057c <rtos_uart_write_hex32+0x64>
80000574:	ffc68693          	addi	a3,a3,-4
80000578:	fd9ff06f          	j	80000550 <rtos_uart_write_hex32+0x38>
8000057c:	00c12083          	lw	ra,12(sp)
80000580:	00812403          	lw	s0,8(sp)
80000584:	01010113          	addi	sp,sp,16
80000588:	00008067          	ret

8000058c <rtos_uart_write_line>:
8000058c:	ff010113          	addi	sp,sp,-16
80000590:	00112623          	sw	ra,12(sp)
80000594:	00000097          	auipc	ra,0x0
80000598:	f2c080e7          	jalr	-212(ra) # 800004c0 <rtos_uart_write>
8000059c:	00c12083          	lw	ra,12(sp)
800005a0:	80005537          	lui	a0,0x80005
800005a4:	dd850513          	addi	a0,a0,-552 # 80004dd8 <__clzsi2+0xd8>
800005a8:	01010113          	addi	sp,sp,16
800005ac:	00000317          	auipc	t1,0x0
800005b0:	f1430067          	jr	-236(t1) # 800004c0 <rtos_uart_write>

800005b4 <rtos_uart_wait_tx_idle>:
800005b4:	40000737          	lui	a4,0x40000
800005b8:	00470713          	addi	a4,a4,4 # 40000004 <_start-0x3ffffffc>
800005bc:	00072783          	lw	a5,0(a4)
800005c0:	0017f793          	andi	a5,a5,1
800005c4:	fe078ce3          	beqz	a5,800005bc <rtos_uart_wait_tx_idle+0x8>
800005c8:	00008067          	ret

800005cc <vAssertCalled>:
800005cc:	fe010113          	addi	sp,sp,-32
800005d0:	01212823          	sw	s2,16(sp)
800005d4:	01312623          	sw	s3,12(sp)
800005d8:	00112e23          	sw	ra,28(sp)
800005dc:	00812c23          	sw	s0,24(sp)
800005e0:	00912a23          	sw	s1,20(sp)
800005e4:	00050993          	mv	s3,a0
800005e8:	00058913          	mv	s2,a1
800005ec:	00008493          	mv	s1,ra
800005f0:	00010413          	mv	s0,sp
800005f4:	30047073          	csrci	mstatus,8
800005f8:	80005537          	lui	a0,0x80005
800005fc:	e9450513          	addi	a0,a0,-364 # 80004e94 <__clzsi2+0x194>
80000600:	00000097          	auipc	ra,0x0
80000604:	ec0080e7          	jalr	-320(ra) # 800004c0 <rtos_uart_write>
80000608:	00098513          	mv	a0,s3
8000060c:	00000097          	auipc	ra,0x0
80000610:	f0c080e7          	jalr	-244(ra) # 80000518 <rtos_uart_write_hex32>
80000614:	80005537          	lui	a0,0x80005
80000618:	ea850513          	addi	a0,a0,-344 # 80004ea8 <__clzsi2+0x1a8>
8000061c:	00000097          	auipc	ra,0x0
80000620:	ea4080e7          	jalr	-348(ra) # 800004c0 <rtos_uart_write>
80000624:	00090513          	mv	a0,s2
80000628:	00000097          	auipc	ra,0x0
8000062c:	ef0080e7          	jalr	-272(ra) # 80000518 <rtos_uart_write_hex32>
80000630:	80005537          	lui	a0,0x80005
80000634:	eb050513          	addi	a0,a0,-336 # 80004eb0 <__clzsi2+0x1b0>
80000638:	00000097          	auipc	ra,0x0
8000063c:	e88080e7          	jalr	-376(ra) # 800004c0 <rtos_uart_write>
80000640:	00048513          	mv	a0,s1
80000644:	00000097          	auipc	ra,0x0
80000648:	ed4080e7          	jalr	-300(ra) # 80000518 <rtos_uart_write_hex32>
8000064c:	80005537          	lui	a0,0x80005
80000650:	eb850513          	addi	a0,a0,-328 # 80004eb8 <__clzsi2+0x1b8>
80000654:	00000097          	auipc	ra,0x0
80000658:	e6c080e7          	jalr	-404(ra) # 800004c0 <rtos_uart_write>
8000065c:	800057b7          	lui	a5,0x80005
80000660:	1b07a503          	lw	a0,432(a5) # 800051b0 <pxCurrentTCB>
80000664:	00000097          	auipc	ra,0x0
80000668:	eb4080e7          	jalr	-332(ra) # 80000518 <rtos_uart_write_hex32>
8000066c:	80005537          	lui	a0,0x80005
80000670:	ec050513          	addi	a0,a0,-320 # 80004ec0 <__clzsi2+0x1c0>
80000674:	00000097          	auipc	ra,0x0
80000678:	e4c080e7          	jalr	-436(ra) # 800004c0 <rtos_uart_write>
8000067c:	00040513          	mv	a0,s0
80000680:	00000097          	auipc	ra,0x0
80000684:	e98080e7          	jalr	-360(ra) # 80000518 <rtos_uart_write_hex32>
80000688:	80005537          	lui	a0,0x80005
8000068c:	dd850513          	addi	a0,a0,-552 # 80004dd8 <__clzsi2+0xd8>
80000690:	00000097          	auipc	ra,0x0
80000694:	e30080e7          	jalr	-464(ra) # 800004c0 <rtos_uart_write>
80000698:	00000013          	nop
8000069c:	00000013          	nop
800006a0:	ff9ff06f          	j	80000698 <vAssertCalled+0xcc>

800006a4 <vApplicationGetIdleTaskMemory>:
800006a4:	800067b7          	lui	a5,0x80006
800006a8:	eb078793          	addi	a5,a5,-336 # 80005eb0 <idle_tcb>
800006ac:	00f52023          	sw	a5,0(a0)
800006b0:	04878793          	addi	a5,a5,72
800006b4:	00f5a023          	sw	a5,0(a1)
800006b8:	10000793          	li	a5,256
800006bc:	00f62023          	sw	a5,0(a2)
800006c0:	00008067          	ret

800006c4 <vApplicationStackOverflowHook>:
800006c4:	ff010113          	addi	sp,sp,-16
800006c8:	00812423          	sw	s0,8(sp)
800006cc:	00112623          	sw	ra,12(sp)
800006d0:	00058413          	mv	s0,a1
800006d4:	30047073          	csrci	mstatus,8
800006d8:	80005537          	lui	a0,0x80005
800006dc:	ed450513          	addi	a0,a0,-300 # 80004ed4 <__clzsi2+0x1d4>
800006e0:	00000097          	auipc	ra,0x0
800006e4:	de0080e7          	jalr	-544(ra) # 800004c0 <rtos_uart_write>
800006e8:	00040e63          	beqz	s0,80000704 <vApplicationStackOverflowHook+0x40>
800006ec:	00040513          	mv	a0,s0
800006f0:	00000097          	auipc	ra,0x0
800006f4:	e9c080e7          	jalr	-356(ra) # 8000058c <rtos_uart_write_line>
800006f8:	00000013          	nop
800006fc:	00000013          	nop
80000700:	ff9ff06f          	j	800006f8 <vApplicationStackOverflowHook+0x34>
80000704:	80005437          	lui	s0,0x80005
80000708:	ec840413          	addi	s0,s0,-312 # 80004ec8 <__clzsi2+0x1c8>
8000070c:	fe1ff06f          	j	800006ec <vApplicationStackOverflowHook+0x28>

80000710 <freertos_risc_v_application_exception_handler>:
80000710:	fe010113          	addi	sp,sp,-32
80000714:	01512223          	sw	s5,4(sp)
80000718:	01612023          	sw	s6,0(sp)
8000071c:	00112e23          	sw	ra,28(sp)
80000720:	00812c23          	sw	s0,24(sp)
80000724:	00912a23          	sw	s1,20(sp)
80000728:	01212823          	sw	s2,16(sp)
8000072c:	01312623          	sw	s3,12(sp)
80000730:	01412423          	sw	s4,8(sp)
80000734:	00050b13          	mv	s6,a0
80000738:	00058a93          	mv	s5,a1
8000073c:	00010413          	mv	s0,sp
80000740:	34302a73          	csrr	s4,mtval
80000744:	300029f3          	csrr	s3,mstatus
80000748:	30402973          	csrr	s2,mie
8000074c:	344024f3          	csrr	s1,mip
80000750:	30047073          	csrci	mstatus,8
80000754:	80005537          	lui	a0,0x80005
80000758:	eec50513          	addi	a0,a0,-276 # 80004eec <__clzsi2+0x1ec>
8000075c:	00000097          	auipc	ra,0x0
80000760:	d64080e7          	jalr	-668(ra) # 800004c0 <rtos_uart_write>
80000764:	000b0513          	mv	a0,s6
80000768:	00000097          	auipc	ra,0x0
8000076c:	db0080e7          	jalr	-592(ra) # 80000518 <rtos_uart_write_hex32>
80000770:	80005537          	lui	a0,0x80005
80000774:	f0850513          	addi	a0,a0,-248 # 80004f08 <__clzsi2+0x208>
80000778:	00000097          	auipc	ra,0x0
8000077c:	d48080e7          	jalr	-696(ra) # 800004c0 <rtos_uart_write>
80000780:	000a8513          	mv	a0,s5
80000784:	00000097          	auipc	ra,0x0
80000788:	d94080e7          	jalr	-620(ra) # 80000518 <rtos_uart_write_hex32>
8000078c:	80005537          	lui	a0,0x80005
80000790:	f1050513          	addi	a0,a0,-240 # 80004f10 <__clzsi2+0x210>
80000794:	00000097          	auipc	ra,0x0
80000798:	d2c080e7          	jalr	-724(ra) # 800004c0 <rtos_uart_write>
8000079c:	000a0513          	mv	a0,s4
800007a0:	00000097          	auipc	ra,0x0
800007a4:	d78080e7          	jalr	-648(ra) # 80000518 <rtos_uart_write_hex32>
800007a8:	80005537          	lui	a0,0x80005
800007ac:	f1850513          	addi	a0,a0,-232 # 80004f18 <__clzsi2+0x218>
800007b0:	00000097          	auipc	ra,0x0
800007b4:	d10080e7          	jalr	-752(ra) # 800004c0 <rtos_uart_write>
800007b8:	00098513          	mv	a0,s3
800007bc:	00000097          	auipc	ra,0x0
800007c0:	d5c080e7          	jalr	-676(ra) # 80000518 <rtos_uart_write_hex32>
800007c4:	80005537          	lui	a0,0x80005
800007c8:	f2450513          	addi	a0,a0,-220 # 80004f24 <__clzsi2+0x224>
800007cc:	00000097          	auipc	ra,0x0
800007d0:	cf4080e7          	jalr	-780(ra) # 800004c0 <rtos_uart_write>
800007d4:	00090513          	mv	a0,s2
800007d8:	00000097          	auipc	ra,0x0
800007dc:	d40080e7          	jalr	-704(ra) # 80000518 <rtos_uart_write_hex32>
800007e0:	80005537          	lui	a0,0x80005
800007e4:	f2c50513          	addi	a0,a0,-212 # 80004f2c <__clzsi2+0x22c>
800007e8:	00000097          	auipc	ra,0x0
800007ec:	cd8080e7          	jalr	-808(ra) # 800004c0 <rtos_uart_write>
800007f0:	00048513          	mv	a0,s1
800007f4:	00000097          	auipc	ra,0x0
800007f8:	d24080e7          	jalr	-732(ra) # 80000518 <rtos_uart_write_hex32>
800007fc:	80005537          	lui	a0,0x80005
80000800:	eb850513          	addi	a0,a0,-328 # 80004eb8 <__clzsi2+0x1b8>
80000804:	00000097          	auipc	ra,0x0
80000808:	cbc080e7          	jalr	-836(ra) # 800004c0 <rtos_uart_write>
8000080c:	800057b7          	lui	a5,0x80005
80000810:	1b07a503          	lw	a0,432(a5) # 800051b0 <pxCurrentTCB>
80000814:	00000097          	auipc	ra,0x0
80000818:	d04080e7          	jalr	-764(ra) # 80000518 <rtos_uart_write_hex32>
8000081c:	80005537          	lui	a0,0x80005
80000820:	ec050513          	addi	a0,a0,-320 # 80004ec0 <__clzsi2+0x1c0>
80000824:	00000097          	auipc	ra,0x0
80000828:	c9c080e7          	jalr	-868(ra) # 800004c0 <rtos_uart_write>
8000082c:	00040513          	mv	a0,s0
80000830:	00000097          	auipc	ra,0x0
80000834:	ce8080e7          	jalr	-792(ra) # 80000518 <rtos_uart_write_hex32>
80000838:	80005537          	lui	a0,0x80005
8000083c:	dd850513          	addi	a0,a0,-552 # 80004dd8 <__clzsi2+0xd8>
80000840:	00000097          	auipc	ra,0x0
80000844:	c80080e7          	jalr	-896(ra) # 800004c0 <rtos_uart_write>
80000848:	00000013          	nop
8000084c:	00000013          	nop
80000850:	ff9ff06f          	j	80000848 <freertos_risc_v_application_exception_handler+0x138>

80000854 <freertos_risc_v_application_interrupt_handler>:
80000854:	fe010113          	addi	sp,sp,-32
80000858:	01612023          	sw	s6,0(sp)
8000085c:	00112e23          	sw	ra,28(sp)
80000860:	00812c23          	sw	s0,24(sp)
80000864:	00912a23          	sw	s1,20(sp)
80000868:	01212823          	sw	s2,16(sp)
8000086c:	01312623          	sw	s3,12(sp)
80000870:	01412423          	sw	s4,8(sp)
80000874:	01512223          	sw	s5,4(sp)
80000878:	00050b13          	mv	s6,a0
8000087c:	00010413          	mv	s0,sp
80000880:	34102af3          	csrr	s5,mepc
80000884:	34302a73          	csrr	s4,mtval
80000888:	300029f3          	csrr	s3,mstatus
8000088c:	30402973          	csrr	s2,mie
80000890:	344024f3          	csrr	s1,mip
80000894:	30047073          	csrci	mstatus,8
80000898:	80005537          	lui	a0,0x80005
8000089c:	f3450513          	addi	a0,a0,-204 # 80004f34 <__clzsi2+0x234>
800008a0:	00000097          	auipc	ra,0x0
800008a4:	c20080e7          	jalr	-992(ra) # 800004c0 <rtos_uart_write>
800008a8:	000b0513          	mv	a0,s6
800008ac:	00000097          	auipc	ra,0x0
800008b0:	c6c080e7          	jalr	-916(ra) # 80000518 <rtos_uart_write_hex32>
800008b4:	80005537          	lui	a0,0x80005
800008b8:	f0850513          	addi	a0,a0,-248 # 80004f08 <__clzsi2+0x208>
800008bc:	00000097          	auipc	ra,0x0
800008c0:	c04080e7          	jalr	-1020(ra) # 800004c0 <rtos_uart_write>
800008c4:	000a8513          	mv	a0,s5
800008c8:	00000097          	auipc	ra,0x0
800008cc:	c50080e7          	jalr	-944(ra) # 80000518 <rtos_uart_write_hex32>
800008d0:	80005537          	lui	a0,0x80005
800008d4:	f1050513          	addi	a0,a0,-240 # 80004f10 <__clzsi2+0x210>
800008d8:	00000097          	auipc	ra,0x0
800008dc:	be8080e7          	jalr	-1048(ra) # 800004c0 <rtos_uart_write>
800008e0:	000a0513          	mv	a0,s4
800008e4:	00000097          	auipc	ra,0x0
800008e8:	c34080e7          	jalr	-972(ra) # 80000518 <rtos_uart_write_hex32>
800008ec:	80005537          	lui	a0,0x80005
800008f0:	f1850513          	addi	a0,a0,-232 # 80004f18 <__clzsi2+0x218>
800008f4:	00000097          	auipc	ra,0x0
800008f8:	bcc080e7          	jalr	-1076(ra) # 800004c0 <rtos_uart_write>
800008fc:	00098513          	mv	a0,s3
80000900:	00000097          	auipc	ra,0x0
80000904:	c18080e7          	jalr	-1000(ra) # 80000518 <rtos_uart_write_hex32>
80000908:	80005537          	lui	a0,0x80005
8000090c:	f2450513          	addi	a0,a0,-220 # 80004f24 <__clzsi2+0x224>
80000910:	00000097          	auipc	ra,0x0
80000914:	bb0080e7          	jalr	-1104(ra) # 800004c0 <rtos_uart_write>
80000918:	00090513          	mv	a0,s2
8000091c:	00000097          	auipc	ra,0x0
80000920:	bfc080e7          	jalr	-1028(ra) # 80000518 <rtos_uart_write_hex32>
80000924:	80005537          	lui	a0,0x80005
80000928:	f2c50513          	addi	a0,a0,-212 # 80004f2c <__clzsi2+0x22c>
8000092c:	00000097          	auipc	ra,0x0
80000930:	b94080e7          	jalr	-1132(ra) # 800004c0 <rtos_uart_write>
80000934:	00048513          	mv	a0,s1
80000938:	00000097          	auipc	ra,0x0
8000093c:	be0080e7          	jalr	-1056(ra) # 80000518 <rtos_uart_write_hex32>
80000940:	80005537          	lui	a0,0x80005
80000944:	eb850513          	addi	a0,a0,-328 # 80004eb8 <__clzsi2+0x1b8>
80000948:	00000097          	auipc	ra,0x0
8000094c:	b78080e7          	jalr	-1160(ra) # 800004c0 <rtos_uart_write>
80000950:	800057b7          	lui	a5,0x80005
80000954:	1b07a503          	lw	a0,432(a5) # 800051b0 <pxCurrentTCB>
80000958:	00000097          	auipc	ra,0x0
8000095c:	bc0080e7          	jalr	-1088(ra) # 80000518 <rtos_uart_write_hex32>
80000960:	80005537          	lui	a0,0x80005
80000964:	ec050513          	addi	a0,a0,-320 # 80004ec0 <__clzsi2+0x1c0>
80000968:	00000097          	auipc	ra,0x0
8000096c:	b58080e7          	jalr	-1192(ra) # 800004c0 <rtos_uart_write>
80000970:	00040513          	mv	a0,s0
80000974:	00000097          	auipc	ra,0x0
80000978:	ba4080e7          	jalr	-1116(ra) # 80000518 <rtos_uart_write_hex32>
8000097c:	80005537          	lui	a0,0x80005
80000980:	dd850513          	addi	a0,a0,-552 # 80004dd8 <__clzsi2+0xd8>
80000984:	00000097          	auipc	ra,0x0
80000988:	b3c080e7          	jalr	-1220(ra) # 800004c0 <rtos_uart_write>
8000098c:	00000013          	nop
80000990:	00000013          	nop
80000994:	ff9ff06f          	j	8000098c <freertos_risc_v_application_interrupt_handler+0x138>

80000998 <memset>:
80000998:	00050793          	mv	a5,a0
8000099c:	00c50733          	add	a4,a0,a2
800009a0:	00060863          	beqz	a2,800009b0 <memset+0x18>
800009a4:	00b78023          	sb	a1,0(a5)
800009a8:	00178793          	addi	a5,a5,1
800009ac:	fee79ce3          	bne	a5,a4,800009a4 <memset+0xc>
800009b0:	00008067          	ret

800009b4 <memcpy>:
800009b4:	02060063          	beqz	a2,800009d4 <memcpy+0x20>
800009b8:	00c58633          	add	a2,a1,a2
800009bc:	00050793          	mv	a5,a0
800009c0:	0005c703          	lbu	a4,0(a1)
800009c4:	00158593          	addi	a1,a1,1
800009c8:	00178793          	addi	a5,a5,1
800009cc:	fee78fa3          	sb	a4,-1(a5)
800009d0:	fec598e3          	bne	a1,a2,800009c0 <memcpy+0xc>
800009d4:	00008067          	ret

800009d8 <memmove>:
800009d8:	04b50263          	beq	a0,a1,80000a1c <memmove+0x44>
800009dc:	04060063          	beqz	a2,80000a1c <memmove+0x44>
800009e0:	02b57263          	bgeu	a0,a1,80000a04 <memmove+0x2c>
800009e4:	00000793          	li	a5,0
800009e8:	00f58733          	add	a4,a1,a5
800009ec:	00074683          	lbu	a3,0(a4)
800009f0:	00f50733          	add	a4,a0,a5
800009f4:	00178793          	addi	a5,a5,1
800009f8:	00d70023          	sb	a3,0(a4)
800009fc:	fec7e6e3          	bltu	a5,a2,800009e8 <memmove+0x10>
80000a00:	00008067          	ret
80000a04:	fff60613          	addi	a2,a2,-1
80000a08:	00c587b3          	add	a5,a1,a2
80000a0c:	0007c703          	lbu	a4,0(a5)
80000a10:	00c507b3          	add	a5,a0,a2
80000a14:	00e78023          	sb	a4,0(a5)
80000a18:	fe0616e3          	bnez	a2,80000a04 <memmove+0x2c>
80000a1c:	00008067          	ret

80000a20 <memcmp>:
80000a20:	02060663          	beqz	a2,80000a4c <memcmp+0x2c>
80000a24:	00c50633          	add	a2,a0,a2
80000a28:	0080006f          	j	80000a30 <memcmp+0x10>
80000a2c:	02c50063          	beq	a0,a2,80000a4c <memcmp+0x2c>
80000a30:	00054783          	lbu	a5,0(a0)
80000a34:	0005c703          	lbu	a4,0(a1)
80000a38:	00150513          	addi	a0,a0,1
80000a3c:	00158593          	addi	a1,a1,1
80000a40:	fee786e3          	beq	a5,a4,80000a2c <memcmp+0xc>
80000a44:	40e78533          	sub	a0,a5,a4
80000a48:	00008067          	ret
80000a4c:	00000513          	li	a0,0
80000a50:	00008067          	ret

80000a54 <strlen>:
80000a54:	00054783          	lbu	a5,0(a0)
80000a58:	00078c63          	beqz	a5,80000a70 <strlen+0x1c>
80000a5c:	00000793          	li	a5,0
80000a60:	00178793          	addi	a5,a5,1
80000a64:	00f50733          	add	a4,a0,a5
80000a68:	00074703          	lbu	a4,0(a4)
80000a6c:	fe071ae3          	bnez	a4,80000a60 <strlen+0xc>
80000a70:	00078513          	mv	a0,a5
80000a74:	00008067          	ret

80000a78 <vListInitialise>:
80000a78:	00850793          	addi	a5,a0,8
80000a7c:	fff00713          	li	a4,-1
80000a80:	00052023          	sw	zero,0(a0)
80000a84:	00e52423          	sw	a4,8(a0)
80000a88:	00f52223          	sw	a5,4(a0)
80000a8c:	00f52623          	sw	a5,12(a0)
80000a90:	00f52823          	sw	a5,16(a0)
80000a94:	00008067          	ret

80000a98 <vListInitialiseItem>:
80000a98:	00052823          	sw	zero,16(a0)
80000a9c:	00008067          	ret

80000aa0 <vListInsertEnd>:
80000aa0:	00452703          	lw	a4,4(a0)
80000aa4:	00052783          	lw	a5,0(a0)
80000aa8:	00872683          	lw	a3,8(a4)
80000aac:	00e5a223          	sw	a4,4(a1)
80000ab0:	00178793          	addi	a5,a5,1
80000ab4:	00d5a423          	sw	a3,8(a1)
80000ab8:	00b6a223          	sw	a1,4(a3)
80000abc:	00b72423          	sw	a1,8(a4)
80000ac0:	00a5a823          	sw	a0,16(a1)
80000ac4:	00f52023          	sw	a5,0(a0)
80000ac8:	00008067          	ret

80000acc <vListInsert>:
80000acc:	0005a603          	lw	a2,0(a1)
80000ad0:	fff00713          	li	a4,-1
80000ad4:	00850793          	addi	a5,a0,8
80000ad8:	02e60c63          	beq	a2,a4,80000b10 <vListInsert+0x44>
80000adc:	00078693          	mv	a3,a5
80000ae0:	0047a783          	lw	a5,4(a5)
80000ae4:	0007a703          	lw	a4,0(a5)
80000ae8:	fee67ae3          	bgeu	a2,a4,80000adc <vListInsert+0x10>
80000aec:	00f5a223          	sw	a5,4(a1)
80000af0:	00b7a423          	sw	a1,8(a5)
80000af4:	00052783          	lw	a5,0(a0)
80000af8:	00d5a423          	sw	a3,8(a1)
80000afc:	00b6a223          	sw	a1,4(a3)
80000b00:	00a5a823          	sw	a0,16(a1)
80000b04:	00178793          	addi	a5,a5,1
80000b08:	00f52023          	sw	a5,0(a0)
80000b0c:	00008067          	ret
80000b10:	01052683          	lw	a3,16(a0)
80000b14:	0046a783          	lw	a5,4(a3)
80000b18:	fd5ff06f          	j	80000aec <vListInsert+0x20>

80000b1c <uxListRemove>:
80000b1c:	01052703          	lw	a4,16(a0)
80000b20:	00452683          	lw	a3,4(a0)
80000b24:	00852783          	lw	a5,8(a0)
80000b28:	00472603          	lw	a2,4(a4)
80000b2c:	00f6a423          	sw	a5,8(a3)
80000b30:	00d7a223          	sw	a3,4(a5)
80000b34:	00a60c63          	beq	a2,a0,80000b4c <uxListRemove+0x30>
80000b38:	00072783          	lw	a5,0(a4)
80000b3c:	00052823          	sw	zero,16(a0)
80000b40:	fff78513          	addi	a0,a5,-1
80000b44:	00a72023          	sw	a0,0(a4)
80000b48:	00008067          	ret
80000b4c:	00f72223          	sw	a5,4(a4)
80000b50:	00072783          	lw	a5,0(a4)
80000b54:	00052823          	sw	zero,16(a0)
80000b58:	fff78513          	addi	a0,a5,-1
80000b5c:	00a72023          	sw	a0,0(a4)
80000b60:	00008067          	ret

80000b64 <prvUnlockQueue>:
80000b64:	fe010113          	addi	sp,sp,-32
80000b68:	00912a23          	sw	s1,20(sp)
80000b6c:	00112e23          	sw	ra,28(sp)
80000b70:	00812c23          	sw	s0,24(sp)
80000b74:	01212823          	sw	s2,16(sp)
80000b78:	00050493          	mv	s1,a0
80000b7c:	30047073          	csrci	mstatus,8
80000b80:	80005937          	lui	s2,0x80005
80000b84:	16892783          	lw	a5,360(s2) # 80005168 <xCriticalNesting>
80000b88:	04554403          	lbu	s0,69(a0)
80000b8c:	00178713          	addi	a4,a5,1
80000b90:	01841413          	slli	s0,s0,0x18
80000b94:	41845413          	srai	s0,s0,0x18
80000b98:	16e92423          	sw	a4,360(s2)
80000b9c:	00804a63          	bgtz	s0,80000bb0 <prvUnlockQueue+0x4c>
80000ba0:	0440006f          	j	80000be4 <prvUnlockQueue+0x80>
80000ba4:	fff40413          	addi	s0,s0,-1
80000ba8:	0ff47413          	zext.b	s0,s0
80000bac:	02040863          	beqz	s0,80000bdc <prvUnlockQueue+0x78>
80000bb0:	0244a783          	lw	a5,36(s1)
80000bb4:	02448513          	addi	a0,s1,36
80000bb8:	02078263          	beqz	a5,80000bdc <prvUnlockQueue+0x78>
80000bbc:	00002097          	auipc	ra,0x2
80000bc0:	680080e7          	jalr	1664(ra) # 8000323c <xTaskRemoveFromEventList>
80000bc4:	fe0500e3          	beqz	a0,80000ba4 <prvUnlockQueue+0x40>
80000bc8:	fff40413          	addi	s0,s0,-1
80000bcc:	0ff47413          	zext.b	s0,s0
80000bd0:	00003097          	auipc	ra,0x3
80000bd4:	b0c080e7          	jalr	-1268(ra) # 800036dc <vTaskMissedYield>
80000bd8:	fc041ce3          	bnez	s0,80000bb0 <prvUnlockQueue+0x4c>
80000bdc:	16892783          	lw	a5,360(s2)
80000be0:	fff78793          	addi	a5,a5,-1
80000be4:	fff00713          	li	a4,-1
80000be8:	16f92423          	sw	a5,360(s2)
80000bec:	04e482a3          	sb	a4,69(s1)
80000bf0:	00079463          	bnez	a5,80000bf8 <prvUnlockQueue+0x94>
80000bf4:	30046073          	csrsi	mstatus,8
80000bf8:	30047073          	csrci	mstatus,8
80000bfc:	16892783          	lw	a5,360(s2)
80000c00:	0444c403          	lbu	s0,68(s1)
80000c04:	00178713          	addi	a4,a5,1
80000c08:	01841413          	slli	s0,s0,0x18
80000c0c:	41845413          	srai	s0,s0,0x18
80000c10:	16e92423          	sw	a4,360(s2)
80000c14:	00804a63          	bgtz	s0,80000c28 <prvUnlockQueue+0xc4>
80000c18:	0440006f          	j	80000c5c <prvUnlockQueue+0xf8>
80000c1c:	fff40413          	addi	s0,s0,-1
80000c20:	0ff47413          	zext.b	s0,s0
80000c24:	02040863          	beqz	s0,80000c54 <prvUnlockQueue+0xf0>
80000c28:	0104a783          	lw	a5,16(s1)
80000c2c:	01048513          	addi	a0,s1,16
80000c30:	02078263          	beqz	a5,80000c54 <prvUnlockQueue+0xf0>
80000c34:	00002097          	auipc	ra,0x2
80000c38:	608080e7          	jalr	1544(ra) # 8000323c <xTaskRemoveFromEventList>
80000c3c:	fe0500e3          	beqz	a0,80000c1c <prvUnlockQueue+0xb8>
80000c40:	fff40413          	addi	s0,s0,-1
80000c44:	0ff47413          	zext.b	s0,s0
80000c48:	00003097          	auipc	ra,0x3
80000c4c:	a94080e7          	jalr	-1388(ra) # 800036dc <vTaskMissedYield>
80000c50:	fc041ce3          	bnez	s0,80000c28 <prvUnlockQueue+0xc4>
80000c54:	16892783          	lw	a5,360(s2)
80000c58:	fff78793          	addi	a5,a5,-1
80000c5c:	fff00713          	li	a4,-1
80000c60:	16f92423          	sw	a5,360(s2)
80000c64:	04e48223          	sb	a4,68(s1)
80000c68:	00079463          	bnez	a5,80000c70 <prvUnlockQueue+0x10c>
80000c6c:	30046073          	csrsi	mstatus,8
80000c70:	01c12083          	lw	ra,28(sp)
80000c74:	01812403          	lw	s0,24(sp)
80000c78:	01412483          	lw	s1,20(sp)
80000c7c:	01012903          	lw	s2,16(sp)
80000c80:	02010113          	addi	sp,sp,32
80000c84:	00008067          	ret

80000c88 <prvCopyDataToQueue.isra.0>:
80000c88:	04052803          	lw	a6,64(a0)
80000c8c:	03852703          	lw	a4,56(a0)
80000c90:	00050793          	mv	a5,a0
80000c94:	06080263          	beqz	a6,80000cf8 <prvCopyDataToQueue.isra.0+0x70>
80000c98:	fe010113          	addi	sp,sp,-32
80000c9c:	00112e23          	sw	ra,28(sp)
80000ca0:	06061263          	bnez	a2,80000d04 <prvCopyDataToQueue.isra.0+0x7c>
80000ca4:	00452503          	lw	a0,4(a0)
80000ca8:	00080613          	mv	a2,a6
80000cac:	00e12423          	sw	a4,8(sp)
80000cb0:	00f12223          	sw	a5,4(sp)
80000cb4:	00000097          	auipc	ra,0x0
80000cb8:	d00080e7          	jalr	-768(ra) # 800009b4 <memcpy>
80000cbc:	00412783          	lw	a5,4(sp)
80000cc0:	00812703          	lw	a4,8(sp)
80000cc4:	0047a683          	lw	a3,4(a5)
80000cc8:	0407a583          	lw	a1,64(a5)
80000ccc:	0087a603          	lw	a2,8(a5)
80000cd0:	00b686b3          	add	a3,a3,a1
80000cd4:	00d7a223          	sw	a3,4(a5)
80000cd8:	00c6e663          	bltu	a3,a2,80000ce4 <prvCopyDataToQueue.isra.0+0x5c>
80000cdc:	0007a683          	lw	a3,0(a5)
80000ce0:	00d7a223          	sw	a3,4(a5)
80000ce4:	01c12083          	lw	ra,28(sp)
80000ce8:	00170713          	addi	a4,a4,1
80000cec:	02e7ac23          	sw	a4,56(a5)
80000cf0:	02010113          	addi	sp,sp,32
80000cf4:	00008067          	ret
80000cf8:	00170713          	addi	a4,a4,1
80000cfc:	02e52c23          	sw	a4,56(a0)
80000d00:	00008067          	ret
80000d04:	00c52503          	lw	a0,12(a0)
80000d08:	00c12623          	sw	a2,12(sp)
80000d0c:	00080613          	mv	a2,a6
80000d10:	00e12423          	sw	a4,8(sp)
80000d14:	00f12223          	sw	a5,4(sp)
80000d18:	00000097          	auipc	ra,0x0
80000d1c:	c9c080e7          	jalr	-868(ra) # 800009b4 <memcpy>
80000d20:	00412783          	lw	a5,4(sp)
80000d24:	00812703          	lw	a4,8(sp)
80000d28:	00c12683          	lw	a3,12(sp)
80000d2c:	00c7a603          	lw	a2,12(a5)
80000d30:	0407a583          	lw	a1,64(a5)
80000d34:	0007a503          	lw	a0,0(a5)
80000d38:	40b60633          	sub	a2,a2,a1
80000d3c:	00c7a623          	sw	a2,12(a5)
80000d40:	00a67863          	bgeu	a2,a0,80000d50 <prvCopyDataToQueue.isra.0+0xc8>
80000d44:	0087a603          	lw	a2,8(a5)
80000d48:	40b60633          	sub	a2,a2,a1
80000d4c:	00c7a623          	sw	a2,12(a5)
80000d50:	00200613          	li	a2,2
80000d54:	f8c698e3          	bne	a3,a2,80000ce4 <prvCopyDataToQueue.isra.0+0x5c>
80000d58:	00e036b3          	snez	a3,a4
80000d5c:	40d70733          	sub	a4,a4,a3
80000d60:	f85ff06f          	j	80000ce4 <prvCopyDataToQueue.isra.0+0x5c>

80000d64 <xQueueGenericReset>:
80000d64:	fe010113          	addi	sp,sp,-32
80000d68:	00112e23          	sw	ra,28(sp)
80000d6c:	0e050263          	beqz	a0,80000e50 <xQueueGenericReset+0xec>
80000d70:	03c52703          	lw	a4,60(a0)
80000d74:	00050793          	mv	a5,a0
80000d78:	02071463          	bnez	a4,80000da0 <xQueueGenericReset+0x3c>
80000d7c:	800057b7          	lui	a5,0x80005
80000d80:	f5878513          	addi	a0,a5,-168 # 80004f58 <__clzsi2+0x258>
80000d84:	16c00593          	li	a1,364
80000d88:	00000097          	auipc	ra,0x0
80000d8c:	844080e7          	jalr	-1980(ra) # 800005cc <vAssertCalled>
80000d90:	01c12083          	lw	ra,28(sp)
80000d94:	00000513          	li	a0,0
80000d98:	02010113          	addi	sp,sp,32
80000d9c:	00008067          	ret
80000da0:	04052683          	lw	a3,64(a0)
80000da4:	02d73733          	mulhu	a4,a4,a3
80000da8:	fc071ae3          	bnez	a4,80000d7c <xQueueGenericReset+0x18>
80000dac:	30047073          	csrci	mstatus,8
80000db0:	04052503          	lw	a0,64(a0)
80000db4:	03c7a703          	lw	a4,60(a5)
80000db8:	80005837          	lui	a6,0x80005
80000dbc:	0007a683          	lw	a3,0(a5)
80000dc0:	02e50733          	mul	a4,a0,a4
80000dc4:	16882603          	lw	a2,360(a6) # 80005168 <xCriticalNesting>
80000dc8:	0207ac23          	sw	zero,56(a5)
80000dcc:	fff00893          	li	a7,-1
80000dd0:	00160313          	addi	t1,a2,1
80000dd4:	05178223          	sb	a7,68(a5)
80000dd8:	00d7a223          	sw	a3,4(a5)
80000ddc:	16682423          	sw	t1,360(a6)
80000de0:	051782a3          	sb	a7,69(a5)
80000de4:	40a70533          	sub	a0,a4,a0
80000de8:	00e68733          	add	a4,a3,a4
80000dec:	00a686b3          	add	a3,a3,a0
80000df0:	00e7a423          	sw	a4,8(a5)
80000df4:	00d7a623          	sw	a3,12(a5)
80000df8:	02059463          	bnez	a1,80000e20 <xQueueGenericReset+0xbc>
80000dfc:	0107a703          	lw	a4,16(a5)
80000e00:	06071863          	bnez	a4,80000e70 <xQueueGenericReset+0x10c>
80000e04:	16c82423          	sw	a2,360(a6)
80000e08:	00061463          	bnez	a2,80000e10 <xQueueGenericReset+0xac>
80000e0c:	30046073          	csrsi	mstatus,8
80000e10:	01c12083          	lw	ra,28(sp)
80000e14:	00100513          	li	a0,1
80000e18:	02010113          	addi	sp,sp,32
80000e1c:	00008067          	ret
80000e20:	01078513          	addi	a0,a5,16
80000e24:	00f12623          	sw	a5,12(sp)
80000e28:	00000097          	auipc	ra,0x0
80000e2c:	c50080e7          	jalr	-944(ra) # 80000a78 <vListInitialise>
80000e30:	00c12783          	lw	a5,12(sp)
80000e34:	02478513          	addi	a0,a5,36
80000e38:	00000097          	auipc	ra,0x0
80000e3c:	c40080e7          	jalr	-960(ra) # 80000a78 <vListInitialise>
80000e40:	80005837          	lui	a6,0x80005
80000e44:	16882603          	lw	a2,360(a6) # 80005168 <xCriticalNesting>
80000e48:	fff60613          	addi	a2,a2,-1
80000e4c:	fb9ff06f          	j	80000e04 <xQueueGenericReset+0xa0>
80000e50:	800057b7          	lui	a5,0x80005
80000e54:	f5878513          	addi	a0,a5,-168 # 80004f58 <__clzsi2+0x258>
80000e58:	13700593          	li	a1,311
80000e5c:	00f12623          	sw	a5,12(sp)
80000e60:	fffff097          	auipc	ra,0xfffff
80000e64:	76c080e7          	jalr	1900(ra) # 800005cc <vAssertCalled>
80000e68:	00c12783          	lw	a5,12(sp)
80000e6c:	f15ff06f          	j	80000d80 <xQueueGenericReset+0x1c>
80000e70:	01078513          	addi	a0,a5,16
80000e74:	00002097          	auipc	ra,0x2
80000e78:	3c8080e7          	jalr	968(ra) # 8000323c <xTaskRemoveFromEventList>
80000e7c:	80005837          	lui	a6,0x80005
80000e80:	fc0502e3          	beqz	a0,80000e44 <xQueueGenericReset+0xe0>
80000e84:	00000073          	ecall
80000e88:	16882603          	lw	a2,360(a6) # 80005168 <xCriticalNesting>
80000e8c:	fff60613          	addi	a2,a2,-1
80000e90:	f75ff06f          	j	80000e04 <xQueueGenericReset+0xa0>

80000e94 <xQueueGenericCreateStatic>:
80000e94:	fd010113          	addi	sp,sp,-48
80000e98:	02112623          	sw	ra,44(sp)
80000e9c:	0c068263          	beqz	a3,80000f60 <xQueueGenericCreateStatic+0xcc>
80000ea0:	00050713          	mv	a4,a0
80000ea4:	08050c63          	beqz	a0,80000f3c <xQueueGenericCreateStatic+0xa8>
80000ea8:	00058793          	mv	a5,a1
80000eac:	08060663          	beqz	a2,80000f38 <xQueueGenericCreateStatic+0xa4>
80000eb0:	08058663          	beqz	a1,80000f3c <xQueueGenericCreateStatic+0xa8>
80000eb4:	08060263          	beqz	a2,80000f38 <xQueueGenericCreateStatic+0xa4>
80000eb8:	04800593          	li	a1,72
80000ebc:	00b12e23          	sw	a1,28(sp)
80000ec0:	01c12503          	lw	a0,28(sp)
80000ec4:	02b50c63          	beq	a0,a1,80000efc <xQueueGenericCreateStatic+0x68>
80000ec8:	80005537          	lui	a0,0x80005
80000ecc:	f5850513          	addi	a0,a0,-168 # 80004f58 <__clzsi2+0x258>
80000ed0:	19600593          	li	a1,406
80000ed4:	00d12623          	sw	a3,12(sp)
80000ed8:	00f12423          	sw	a5,8(sp)
80000edc:	00e12223          	sw	a4,4(sp)
80000ee0:	00c12023          	sw	a2,0(sp)
80000ee4:	fffff097          	auipc	ra,0xfffff
80000ee8:	6e8080e7          	jalr	1768(ra) # 800005cc <vAssertCalled>
80000eec:	00c12683          	lw	a3,12(sp)
80000ef0:	00812783          	lw	a5,8(sp)
80000ef4:	00412703          	lw	a4,4(sp)
80000ef8:	00012603          	lw	a2,0(sp)
80000efc:	01c12583          	lw	a1,28(sp)
80000f00:	00079463          	bnez	a5,80000f08 <xQueueGenericCreateStatic+0x74>
80000f04:	00068613          	mv	a2,a3
80000f08:	00c6a023          	sw	a2,0(a3)
80000f0c:	02e6ae23          	sw	a4,60(a3)
80000f10:	04f6a023          	sw	a5,64(a3)
80000f14:	00100593          	li	a1,1
80000f18:	00068513          	mv	a0,a3
80000f1c:	00d12023          	sw	a3,0(sp)
80000f20:	00000097          	auipc	ra,0x0
80000f24:	e44080e7          	jalr	-444(ra) # 80000d64 <xQueueGenericReset>
80000f28:	02c12083          	lw	ra,44(sp)
80000f2c:	00012503          	lw	a0,0(sp)
80000f30:	03010113          	addi	sp,sp,48
80000f34:	00008067          	ret
80000f38:	f80780e3          	beqz	a5,80000eb8 <xQueueGenericCreateStatic+0x24>
80000f3c:	800057b7          	lui	a5,0x80005
80000f40:	f5878513          	addi	a0,a5,-168 # 80004f58 <__clzsi2+0x258>
80000f44:	1b000593          	li	a1,432
80000f48:	fffff097          	auipc	ra,0xfffff
80000f4c:	684080e7          	jalr	1668(ra) # 800005cc <vAssertCalled>
80000f50:	02c12083          	lw	ra,44(sp)
80000f54:	00000513          	li	a0,0
80000f58:	03010113          	addi	sp,sp,48
80000f5c:	00008067          	ret
80000f60:	800057b7          	lui	a5,0x80005
80000f64:	f5878513          	addi	a0,a5,-168 # 80004f58 <__clzsi2+0x258>
80000f68:	18400593          	li	a1,388
80000f6c:	00f12023          	sw	a5,0(sp)
80000f70:	fffff097          	auipc	ra,0xfffff
80000f74:	65c080e7          	jalr	1628(ra) # 800005cc <vAssertCalled>
80000f78:	00012783          	lw	a5,0(sp)
80000f7c:	fc5ff06f          	j	80000f40 <xQueueGenericCreateStatic+0xac>

80000f80 <xQueueGenericGetStaticBuffers>:
80000f80:	fe010113          	addi	sp,sp,-32
80000f84:	00112e23          	sw	ra,28(sp)
80000f88:	00050793          	mv	a5,a0
80000f8c:	00058713          	mv	a4,a1
80000f90:	04050c63          	beqz	a0,80000fe8 <xQueueGenericGetStaticBuffers+0x68>
80000f94:	02060263          	beqz	a2,80000fb8 <xQueueGenericGetStaticBuffers+0x38>
80000f98:	00070663          	beqz	a4,80000fa4 <xQueueGenericGetStaticBuffers+0x24>
80000f9c:	0007a683          	lw	a3,0(a5)
80000fa0:	00d72023          	sw	a3,0(a4)
80000fa4:	01c12083          	lw	ra,28(sp)
80000fa8:	00f62023          	sw	a5,0(a2)
80000fac:	00100513          	li	a0,1
80000fb0:	02010113          	addi	sp,sp,32
80000fb4:	00008067          	ret
80000fb8:	80005537          	lui	a0,0x80005
80000fbc:	f5850513          	addi	a0,a0,-168 # 80004f58 <__clzsi2+0x258>
80000fc0:	1c800593          	li	a1,456
80000fc4:	00c12623          	sw	a2,12(sp)
80000fc8:	00e12423          	sw	a4,8(sp)
80000fcc:	00f12223          	sw	a5,4(sp)
80000fd0:	fffff097          	auipc	ra,0xfffff
80000fd4:	5fc080e7          	jalr	1532(ra) # 800005cc <vAssertCalled>
80000fd8:	00c12603          	lw	a2,12(sp)
80000fdc:	00812703          	lw	a4,8(sp)
80000fe0:	00412783          	lw	a5,4(sp)
80000fe4:	fb5ff06f          	j	80000f98 <xQueueGenericGetStaticBuffers+0x18>
80000fe8:	00a12223          	sw	a0,4(sp)
80000fec:	80005537          	lui	a0,0x80005
80000ff0:	00b12423          	sw	a1,8(sp)
80000ff4:	f5850513          	addi	a0,a0,-168 # 80004f58 <__clzsi2+0x258>
80000ff8:	1c700593          	li	a1,455
80000ffc:	00c12623          	sw	a2,12(sp)
80001000:	fffff097          	auipc	ra,0xfffff
80001004:	5cc080e7          	jalr	1484(ra) # 800005cc <vAssertCalled>
80001008:	00c12603          	lw	a2,12(sp)
8000100c:	00812703          	lw	a4,8(sp)
80001010:	00412783          	lw	a5,4(sp)
80001014:	f80612e3          	bnez	a2,80000f98 <xQueueGenericGetStaticBuffers+0x18>
80001018:	fa1ff06f          	j	80000fb8 <xQueueGenericGetStaticBuffers+0x38>

8000101c <xQueueGenericSend>:
8000101c:	fc010113          	addi	sp,sp,-64
80001020:	02812c23          	sw	s0,56(sp)
80001024:	03412423          	sw	s4,40(sp)
80001028:	03512223          	sw	s5,36(sp)
8000102c:	02112e23          	sw	ra,60(sp)
80001030:	02912a23          	sw	s1,52(sp)
80001034:	00c12623          	sw	a2,12(sp)
80001038:	00050413          	mv	s0,a0
8000103c:	00058a93          	mv	s5,a1
80001040:	00068a13          	mv	s4,a3
80001044:	24050663          	beqz	a0,80001290 <xQueueGenericSend+0x274>
80001048:	200a8463          	beqz	s5,80001250 <xQueueGenericSend+0x234>
8000104c:	00200793          	li	a5,2
80001050:	1cfa0e63          	beq	s4,a5,8000122c <xQueueGenericSend+0x210>
80001054:	00002097          	auipc	ra,0x2
80001058:	698080e7          	jalr	1688(ra) # 800036ec <xTaskGetSchedulerState>
8000105c:	00051663          	bnez	a0,80001068 <xQueueGenericSend+0x4c>
80001060:	00c12783          	lw	a5,12(sp)
80001064:	24079e63          	bnez	a5,800012c0 <xQueueGenericSend+0x2a4>
80001068:	30047073          	csrci	mstatus,8
8000106c:	800054b7          	lui	s1,0x80005
80001070:	1684a783          	lw	a5,360(s1) # 80005168 <xCriticalNesting>
80001074:	03842683          	lw	a3,56(s0)
80001078:	03c42703          	lw	a4,60(s0)
8000107c:	00178613          	addi	a2,a5,1
80001080:	16c4a423          	sw	a2,360(s1)
80001084:	14e6ea63          	bltu	a3,a4,800011d8 <xQueueGenericSend+0x1bc>
80001088:	ffea0713          	addi	a4,s4,-2
8000108c:	14070663          	beqz	a4,800011d8 <xQueueGenericSend+0x1bc>
80001090:	00c12703          	lw	a4,12(sp)
80001094:	03212823          	sw	s2,48(sp)
80001098:	0c070663          	beqz	a4,80001164 <xQueueGenericSend+0x148>
8000109c:	01810513          	addi	a0,sp,24
800010a0:	00002097          	auipc	ra,0x2
800010a4:	534080e7          	jalr	1332(ra) # 800035d4 <vTaskInternalSetTimeOutState>
800010a8:	fff00913          	li	s2,-1
800010ac:	1684a783          	lw	a5,360(s1)
800010b0:	fff78793          	addi	a5,a5,-1
800010b4:	16f4a423          	sw	a5,360(s1)
800010b8:	00079463          	bnez	a5,800010c0 <xQueueGenericSend+0xa4>
800010bc:	30046073          	csrsi	mstatus,8
800010c0:	00002097          	auipc	ra,0x2
800010c4:	9f4080e7          	jalr	-1548(ra) # 80002ab4 <vTaskSuspendAll>
800010c8:	30047073          	csrci	mstatus,8
800010cc:	04444783          	lbu	a5,68(s0)
800010d0:	1684a703          	lw	a4,360(s1)
800010d4:	01879793          	slli	a5,a5,0x18
800010d8:	4187d793          	srai	a5,a5,0x18
800010dc:	01279463          	bne	a5,s2,800010e4 <xQueueGenericSend+0xc8>
800010e0:	04040223          	sb	zero,68(s0)
800010e4:	04544783          	lbu	a5,69(s0)
800010e8:	01879793          	slli	a5,a5,0x18
800010ec:	4187d793          	srai	a5,a5,0x18
800010f0:	0b278263          	beq	a5,s2,80001194 <xQueueGenericSend+0x178>
800010f4:	00071463          	bnez	a4,800010fc <xQueueGenericSend+0xe0>
800010f8:	30046073          	csrsi	mstatus,8
800010fc:	00c10593          	addi	a1,sp,12
80001100:	01810513          	addi	a0,sp,24
80001104:	00002097          	auipc	ra,0x2
80001108:	4ec080e7          	jalr	1260(ra) # 800035f0 <xTaskCheckForTimeOut>
8000110c:	16051263          	bnez	a0,80001270 <xQueueGenericSend+0x254>
80001110:	30047073          	csrci	mstatus,8
80001114:	03842683          	lw	a3,56(s0)
80001118:	03c42703          	lw	a4,60(s0)
8000111c:	1684a783          	lw	a5,360(s1)
80001120:	06e68e63          	beq	a3,a4,8000119c <xQueueGenericSend+0x180>
80001124:	00079463          	bnez	a5,8000112c <xQueueGenericSend+0x110>
80001128:	30046073          	csrsi	mstatus,8
8000112c:	00040513          	mv	a0,s0
80001130:	00000097          	auipc	ra,0x0
80001134:	a34080e7          	jalr	-1484(ra) # 80000b64 <prvUnlockQueue>
80001138:	00002097          	auipc	ra,0x2
8000113c:	990080e7          	jalr	-1648(ra) # 80002ac8 <xTaskResumeAll>
80001140:	30047073          	csrci	mstatus,8
80001144:	1684a783          	lw	a5,360(s1)
80001148:	03842683          	lw	a3,56(s0)
8000114c:	03c42703          	lw	a4,60(s0)
80001150:	00178613          	addi	a2,a5,1
80001154:	16c4a423          	sw	a2,360(s1)
80001158:	06e6ee63          	bltu	a3,a4,800011d4 <xQueueGenericSend+0x1b8>
8000115c:	00c12703          	lw	a4,12(sp)
80001160:	f40716e3          	bnez	a4,800010ac <xQueueGenericSend+0x90>
80001164:	16f4a423          	sw	a5,360(s1)
80001168:	00079463          	bnez	a5,80001170 <xQueueGenericSend+0x154>
8000116c:	30046073          	csrsi	mstatus,8
80001170:	03012903          	lw	s2,48(sp)
80001174:	00000513          	li	a0,0
80001178:	03c12083          	lw	ra,60(sp)
8000117c:	03812403          	lw	s0,56(sp)
80001180:	03412483          	lw	s1,52(sp)
80001184:	02812a03          	lw	s4,40(sp)
80001188:	02412a83          	lw	s5,36(sp)
8000118c:	04010113          	addi	sp,sp,64
80001190:	00008067          	ret
80001194:	040402a3          	sb	zero,69(s0)
80001198:	f5dff06f          	j	800010f4 <xQueueGenericSend+0xd8>
8000119c:	00079463          	bnez	a5,800011a4 <xQueueGenericSend+0x188>
800011a0:	30046073          	csrsi	mstatus,8
800011a4:	00c12583          	lw	a1,12(sp)
800011a8:	01040513          	addi	a0,s0,16
800011ac:	00002097          	auipc	ra,0x2
800011b0:	f30080e7          	jalr	-208(ra) # 800030dc <vTaskPlaceOnEventList>
800011b4:	00040513          	mv	a0,s0
800011b8:	00000097          	auipc	ra,0x0
800011bc:	9ac080e7          	jalr	-1620(ra) # 80000b64 <prvUnlockQueue>
800011c0:	00002097          	auipc	ra,0x2
800011c4:	908080e7          	jalr	-1784(ra) # 80002ac8 <xTaskResumeAll>
800011c8:	f6051ce3          	bnez	a0,80001140 <xQueueGenericSend+0x124>
800011cc:	00000073          	ecall
800011d0:	f71ff06f          	j	80001140 <xQueueGenericSend+0x124>
800011d4:	03012903          	lw	s2,48(sp)
800011d8:	000a0613          	mv	a2,s4
800011dc:	000a8593          	mv	a1,s5
800011e0:	00040513          	mv	a0,s0
800011e4:	00000097          	auipc	ra,0x0
800011e8:	aa4080e7          	jalr	-1372(ra) # 80000c88 <prvCopyDataToQueue.isra.0>
800011ec:	02442783          	lw	a5,36(s0)
800011f0:	0a079c63          	bnez	a5,800012a8 <xQueueGenericSend+0x28c>
800011f4:	1684a783          	lw	a5,360(s1)
800011f8:	fff78793          	addi	a5,a5,-1
800011fc:	16f4a423          	sw	a5,360(s1)
80001200:	02078263          	beqz	a5,80001224 <xQueueGenericSend+0x208>
80001204:	03c12083          	lw	ra,60(sp)
80001208:	03812403          	lw	s0,56(sp)
8000120c:	03412483          	lw	s1,52(sp)
80001210:	02812a03          	lw	s4,40(sp)
80001214:	02412a83          	lw	s5,36(sp)
80001218:	00100513          	li	a0,1
8000121c:	04010113          	addi	sp,sp,64
80001220:	00008067          	ret
80001224:	30046073          	csrsi	mstatus,8
80001228:	fddff06f          	j	80001204 <xQueueGenericSend+0x1e8>
8000122c:	03c42703          	lw	a4,60(s0)
80001230:	00100793          	li	a5,1
80001234:	e2f700e3          	beq	a4,a5,80001054 <xQueueGenericSend+0x38>
80001238:	80005537          	lui	a0,0x80005
8000123c:	f5850513          	addi	a0,a0,-168 # 80004f58 <__clzsi2+0x258>
80001240:	3b800593          	li	a1,952
80001244:	fffff097          	auipc	ra,0xfffff
80001248:	388080e7          	jalr	904(ra) # 800005cc <vAssertCalled>
8000124c:	e09ff06f          	j	80001054 <xQueueGenericSend+0x38>
80001250:	04042783          	lw	a5,64(s0)
80001254:	de078ce3          	beqz	a5,8000104c <xQueueGenericSend+0x30>
80001258:	80005537          	lui	a0,0x80005
8000125c:	f5850513          	addi	a0,a0,-168 # 80004f58 <__clzsi2+0x258>
80001260:	3b700593          	li	a1,951
80001264:	fffff097          	auipc	ra,0xfffff
80001268:	368080e7          	jalr	872(ra) # 800005cc <vAssertCalled>
8000126c:	de1ff06f          	j	8000104c <xQueueGenericSend+0x30>
80001270:	00040513          	mv	a0,s0
80001274:	00000097          	auipc	ra,0x0
80001278:	8f0080e7          	jalr	-1808(ra) # 80000b64 <prvUnlockQueue>
8000127c:	00002097          	auipc	ra,0x2
80001280:	84c080e7          	jalr	-1972(ra) # 80002ac8 <xTaskResumeAll>
80001284:	00000513          	li	a0,0
80001288:	03012903          	lw	s2,48(sp)
8000128c:	eedff06f          	j	80001178 <xQueueGenericSend+0x15c>
80001290:	80005537          	lui	a0,0x80005
80001294:	f5850513          	addi	a0,a0,-168 # 80004f58 <__clzsi2+0x258>
80001298:	3b600593          	li	a1,950
8000129c:	fffff097          	auipc	ra,0xfffff
800012a0:	330080e7          	jalr	816(ra) # 800005cc <vAssertCalled>
800012a4:	da5ff06f          	j	80001048 <xQueueGenericSend+0x2c>
800012a8:	02440513          	addi	a0,s0,36
800012ac:	00002097          	auipc	ra,0x2
800012b0:	f90080e7          	jalr	-112(ra) # 8000323c <xTaskRemoveFromEventList>
800012b4:	f40500e3          	beqz	a0,800011f4 <xQueueGenericSend+0x1d8>
800012b8:	00000073          	ecall
800012bc:	f39ff06f          	j	800011f4 <xQueueGenericSend+0x1d8>
800012c0:	80005537          	lui	a0,0x80005
800012c4:	f5850513          	addi	a0,a0,-168 # 80004f58 <__clzsi2+0x258>
800012c8:	3bb00593          	li	a1,955
800012cc:	fffff097          	auipc	ra,0xfffff
800012d0:	300080e7          	jalr	768(ra) # 800005cc <vAssertCalled>
800012d4:	d95ff06f          	j	80001068 <xQueueGenericSend+0x4c>

800012d8 <xQueueGenericSendFromISR>:
800012d8:	fe010113          	addi	sp,sp,-32
800012dc:	00812c23          	sw	s0,24(sp)
800012e0:	01212823          	sw	s2,16(sp)
800012e4:	00112e23          	sw	ra,28(sp)
800012e8:	00050413          	mv	s0,a0
800012ec:	00058713          	mv	a4,a1
800012f0:	00060913          	mv	s2,a2
800012f4:	0e050a63          	beqz	a0,800013e8 <xQueueGenericSendFromISR+0x110>
800012f8:	08070c63          	beqz	a4,80001390 <xQueueGenericSendFromISR+0xb8>
800012fc:	00200613          	li	a2,2
80001300:	03c42783          	lw	a5,60(s0)
80001304:	06c68c63          	beq	a3,a2,8000137c <xQueueGenericSendFromISR+0xa4>
80001308:	03842603          	lw	a2,56(s0)
8000130c:	00000513          	li	a0,0
80001310:	00f66c63          	bltu	a2,a5,80001328 <xQueueGenericSendFromISR+0x50>
80001314:	01c12083          	lw	ra,28(sp)
80001318:	01812403          	lw	s0,24(sp)
8000131c:	01012903          	lw	s2,16(sp)
80001320:	02010113          	addi	sp,sp,32
80001324:	00008067          	ret
80001328:	00912a23          	sw	s1,20(sp)
8000132c:	04544783          	lbu	a5,69(s0)
80001330:	00068613          	mv	a2,a3
80001334:	00070593          	mv	a1,a4
80001338:	01879493          	slli	s1,a5,0x18
8000133c:	03842783          	lw	a5,56(s0)
80001340:	00040513          	mv	a0,s0
80001344:	00000097          	auipc	ra,0x0
80001348:	944080e7          	jalr	-1724(ra) # 80000c88 <prvCopyDataToQueue.isra.0>
8000134c:	4184d493          	srai	s1,s1,0x18
80001350:	fff00793          	li	a5,-1
80001354:	06f49663          	bne	s1,a5,800013c0 <xQueueGenericSendFromISR+0xe8>
80001358:	02442783          	lw	a5,36(s0)
8000135c:	0e079063          	bnez	a5,8000143c <xQueueGenericSendFromISR+0x164>
80001360:	01412483          	lw	s1,20(sp)
80001364:	00100513          	li	a0,1
80001368:	01c12083          	lw	ra,28(sp)
8000136c:	01812403          	lw	s0,24(sp)
80001370:	01012903          	lw	s2,16(sp)
80001374:	02010113          	addi	sp,sp,32
80001378:	00008067          	ret
8000137c:	00912a23          	sw	s1,20(sp)
80001380:	00100613          	li	a2,1
80001384:	08c79663          	bne	a5,a2,80001410 <xQueueGenericSendFromISR+0x138>
80001388:	03842783          	lw	a5,56(s0)
8000138c:	fa1ff06f          	j	8000132c <xQueueGenericSendFromISR+0x54>
80001390:	04042783          	lw	a5,64(s0)
80001394:	f60784e3          	beqz	a5,800012fc <xQueueGenericSendFromISR+0x24>
80001398:	80005537          	lui	a0,0x80005
8000139c:	f5850513          	addi	a0,a0,-168 # 80004f58 <__clzsi2+0x258>
800013a0:	49100593          	li	a1,1169
800013a4:	00d12623          	sw	a3,12(sp)
800013a8:	00e12423          	sw	a4,8(sp)
800013ac:	fffff097          	auipc	ra,0xfffff
800013b0:	220080e7          	jalr	544(ra) # 800005cc <vAssertCalled>
800013b4:	00c12683          	lw	a3,12(sp)
800013b8:	00812703          	lw	a4,8(sp)
800013bc:	f41ff06f          	j	800012fc <xQueueGenericSendFromISR+0x24>
800013c0:	00002097          	auipc	ra,0x2
800013c4:	a14080e7          	jalr	-1516(ra) # 80002dd4 <uxTaskGetNumberOfTasks>
800013c8:	f8a4fce3          	bgeu	s1,a0,80001360 <xQueueGenericSendFromISR+0x88>
800013cc:	07f00793          	li	a5,127
800013d0:	08f48663          	beq	s1,a5,8000145c <xQueueGenericSendFromISR+0x184>
800013d4:	00148793          	addi	a5,s1,1
800013d8:	04f402a3          	sb	a5,69(s0)
800013dc:	01412483          	lw	s1,20(sp)
800013e0:	00100513          	li	a0,1
800013e4:	f85ff06f          	j	80001368 <xQueueGenericSendFromISR+0x90>
800013e8:	80005537          	lui	a0,0x80005
800013ec:	00b12423          	sw	a1,8(sp)
800013f0:	f5850513          	addi	a0,a0,-168 # 80004f58 <__clzsi2+0x258>
800013f4:	49000593          	li	a1,1168
800013f8:	00d12623          	sw	a3,12(sp)
800013fc:	fffff097          	auipc	ra,0xfffff
80001400:	1d0080e7          	jalr	464(ra) # 800005cc <vAssertCalled>
80001404:	00c12683          	lw	a3,12(sp)
80001408:	00812703          	lw	a4,8(sp)
8000140c:	eedff06f          	j	800012f8 <xQueueGenericSendFromISR+0x20>
80001410:	80005537          	lui	a0,0x80005
80001414:	f5850513          	addi	a0,a0,-168 # 80004f58 <__clzsi2+0x258>
80001418:	49200593          	li	a1,1170
8000141c:	00d12623          	sw	a3,12(sp)
80001420:	00e12423          	sw	a4,8(sp)
80001424:	fffff097          	auipc	ra,0xfffff
80001428:	1a8080e7          	jalr	424(ra) # 800005cc <vAssertCalled>
8000142c:	03842783          	lw	a5,56(s0)
80001430:	00c12683          	lw	a3,12(sp)
80001434:	00812703          	lw	a4,8(sp)
80001438:	ef5ff06f          	j	8000132c <xQueueGenericSendFromISR+0x54>
8000143c:	02440513          	addi	a0,s0,36
80001440:	00002097          	auipc	ra,0x2
80001444:	dfc080e7          	jalr	-516(ra) # 8000323c <xTaskRemoveFromEventList>
80001448:	f0050ce3          	beqz	a0,80001360 <xQueueGenericSendFromISR+0x88>
8000144c:	f0090ae3          	beqz	s2,80001360 <xQueueGenericSendFromISR+0x88>
80001450:	00100793          	li	a5,1
80001454:	00f92023          	sw	a5,0(s2)
80001458:	f09ff06f          	j	80001360 <xQueueGenericSendFromISR+0x88>
8000145c:	80005537          	lui	a0,0x80005
80001460:	f5850513          	addi	a0,a0,-168 # 80004f58 <__clzsi2+0x258>
80001464:	51e00593          	li	a1,1310
80001468:	fffff097          	auipc	ra,0xfffff
8000146c:	164080e7          	jalr	356(ra) # 800005cc <vAssertCalled>
80001470:	f65ff06f          	j	800013d4 <xQueueGenericSendFromISR+0xfc>

80001474 <xQueueGiveFromISR>:
80001474:	fe010113          	addi	sp,sp,-32
80001478:	00812c23          	sw	s0,24(sp)
8000147c:	00912a23          	sw	s1,20(sp)
80001480:	00112e23          	sw	ra,28(sp)
80001484:	00050413          	mv	s0,a0
80001488:	00058493          	mv	s1,a1
8000148c:	0e050663          	beqz	a0,80001578 <xQueueGiveFromISR+0x104>
80001490:	04042783          	lw	a5,64(s0)
80001494:	08079263          	bnez	a5,80001518 <xQueueGiveFromISR+0xa4>
80001498:	00042783          	lw	a5,0(s0)
8000149c:	08078c63          	beqz	a5,80001534 <xQueueGiveFromISR+0xc0>
800014a0:	03842783          	lw	a5,56(s0)
800014a4:	03c42703          	lw	a4,60(s0)
800014a8:	00000513          	li	a0,0
800014ac:	02e7f663          	bgeu	a5,a4,800014d8 <xQueueGiveFromISR+0x64>
800014b0:	04544703          	lbu	a4,69(s0)
800014b4:	00178793          	addi	a5,a5,1
800014b8:	02f42c23          	sw	a5,56(s0)
800014bc:	01871793          	slli	a5,a4,0x18
800014c0:	4187d793          	srai	a5,a5,0x18
800014c4:	fff00713          	li	a4,-1
800014c8:	02e79263          	bne	a5,a4,800014ec <xQueueGiveFromISR+0x78>
800014cc:	02442783          	lw	a5,36(s0)
800014d0:	08079263          	bnez	a5,80001554 <xQueueGiveFromISR+0xe0>
800014d4:	00100513          	li	a0,1
800014d8:	01c12083          	lw	ra,28(sp)
800014dc:	01812403          	lw	s0,24(sp)
800014e0:	01412483          	lw	s1,20(sp)
800014e4:	02010113          	addi	sp,sp,32
800014e8:	00008067          	ret
800014ec:	00f12623          	sw	a5,12(sp)
800014f0:	00002097          	auipc	ra,0x2
800014f4:	8e4080e7          	jalr	-1820(ra) # 80002dd4 <uxTaskGetNumberOfTasks>
800014f8:	00c12783          	lw	a5,12(sp)
800014fc:	fca7fce3          	bgeu	a5,a0,800014d4 <xQueueGiveFromISR+0x60>
80001500:	07f00713          	li	a4,127
80001504:	08e78663          	beq	a5,a4,80001590 <xQueueGiveFromISR+0x11c>
80001508:	00178793          	addi	a5,a5,1
8000150c:	04f402a3          	sb	a5,69(s0)
80001510:	00100513          	li	a0,1
80001514:	fc5ff06f          	j	800014d8 <xQueueGiveFromISR+0x64>
80001518:	80005537          	lui	a0,0x80005
8000151c:	f5850513          	addi	a0,a0,-168 # 80004f58 <__clzsi2+0x258>
80001520:	54400593          	li	a1,1348
80001524:	fffff097          	auipc	ra,0xfffff
80001528:	0a8080e7          	jalr	168(ra) # 800005cc <vAssertCalled>
8000152c:	00042783          	lw	a5,0(s0)
80001530:	f60798e3          	bnez	a5,800014a0 <xQueueGiveFromISR+0x2c>
80001534:	00842783          	lw	a5,8(s0)
80001538:	f60784e3          	beqz	a5,800014a0 <xQueueGiveFromISR+0x2c>
8000153c:	80005537          	lui	a0,0x80005
80001540:	f5850513          	addi	a0,a0,-168 # 80004f58 <__clzsi2+0x258>
80001544:	54900593          	li	a1,1353
80001548:	fffff097          	auipc	ra,0xfffff
8000154c:	084080e7          	jalr	132(ra) # 800005cc <vAssertCalled>
80001550:	f51ff06f          	j	800014a0 <xQueueGiveFromISR+0x2c>
80001554:	02440513          	addi	a0,s0,36
80001558:	00002097          	auipc	ra,0x2
8000155c:	ce4080e7          	jalr	-796(ra) # 8000323c <xTaskRemoveFromEventList>
80001560:	f6048ae3          	beqz	s1,800014d4 <xQueueGiveFromISR+0x60>
80001564:	f60508e3          	beqz	a0,800014d4 <xQueueGiveFromISR+0x60>
80001568:	00100793          	li	a5,1
8000156c:	00f4a023          	sw	a5,0(s1)
80001570:	00100513          	li	a0,1
80001574:	f65ff06f          	j	800014d8 <xQueueGiveFromISR+0x64>
80001578:	80005537          	lui	a0,0x80005
8000157c:	f5850513          	addi	a0,a0,-168 # 80004f58 <__clzsi2+0x258>
80001580:	54000593          	li	a1,1344
80001584:	fffff097          	auipc	ra,0xfffff
80001588:	048080e7          	jalr	72(ra) # 800005cc <vAssertCalled>
8000158c:	f05ff06f          	j	80001490 <xQueueGiveFromISR+0x1c>
80001590:	80005537          	lui	a0,0x80005
80001594:	f5850513          	addi	a0,a0,-168 # 80004f58 <__clzsi2+0x258>
80001598:	5cb00593          	li	a1,1483
8000159c:	00f12623          	sw	a5,12(sp)
800015a0:	fffff097          	auipc	ra,0xfffff
800015a4:	02c080e7          	jalr	44(ra) # 800005cc <vAssertCalled>
800015a8:	00c12783          	lw	a5,12(sp)
800015ac:	f5dff06f          	j	80001508 <xQueueGiveFromISR+0x94>

800015b0 <xQueueReceive>:
800015b0:	fc010113          	addi	sp,sp,-64
800015b4:	02812c23          	sw	s0,56(sp)
800015b8:	03312623          	sw	s3,44(sp)
800015bc:	02112e23          	sw	ra,60(sp)
800015c0:	02912a23          	sw	s1,52(sp)
800015c4:	00c12623          	sw	a2,12(sp)
800015c8:	00050413          	mv	s0,a0
800015cc:	00058993          	mv	s3,a1
800015d0:	24050863          	beqz	a0,80001820 <xQueueReceive+0x270>
800015d4:	22098663          	beqz	s3,80001800 <xQueueReceive+0x250>
800015d8:	00002097          	auipc	ra,0x2
800015dc:	114080e7          	jalr	276(ra) # 800036ec <xTaskGetSchedulerState>
800015e0:	00051663          	bnez	a0,800015ec <xQueueReceive+0x3c>
800015e4:	00c12783          	lw	a5,12(sp)
800015e8:	24079863          	bnez	a5,80001838 <xQueueReceive+0x288>
800015ec:	30047073          	csrci	mstatus,8
800015f0:	800054b7          	lui	s1,0x80005
800015f4:	1684a703          	lw	a4,360(s1) # 80005168 <xCriticalNesting>
800015f8:	03842783          	lw	a5,56(s0)
800015fc:	00170693          	addi	a3,a4,1
80001600:	16d4a423          	sw	a3,360(s1)
80001604:	14079863          	bnez	a5,80001754 <xQueueReceive+0x1a4>
80001608:	00c12783          	lw	a5,12(sp)
8000160c:	03212823          	sw	s2,48(sp)
80001610:	0c078e63          	beqz	a5,800016ec <xQueueReceive+0x13c>
80001614:	01810513          	addi	a0,sp,24
80001618:	00002097          	auipc	ra,0x2
8000161c:	fbc080e7          	jalr	-68(ra) # 800035d4 <vTaskInternalSetTimeOutState>
80001620:	fff00913          	li	s2,-1
80001624:	1684a783          	lw	a5,360(s1)
80001628:	fff78793          	addi	a5,a5,-1
8000162c:	16f4a423          	sw	a5,360(s1)
80001630:	00079463          	bnez	a5,80001638 <xQueueReceive+0x88>
80001634:	30046073          	csrsi	mstatus,8
80001638:	00001097          	auipc	ra,0x1
8000163c:	47c080e7          	jalr	1148(ra) # 80002ab4 <vTaskSuspendAll>
80001640:	30047073          	csrci	mstatus,8
80001644:	04444783          	lbu	a5,68(s0)
80001648:	1684a703          	lw	a4,360(s1)
8000164c:	01879793          	slli	a5,a5,0x18
80001650:	4187d793          	srai	a5,a5,0x18
80001654:	01279463          	bne	a5,s2,8000165c <xQueueReceive+0xac>
80001658:	04040223          	sb	zero,68(s0)
8000165c:	04544783          	lbu	a5,69(s0)
80001660:	01879793          	slli	a5,a5,0x18
80001664:	4187d793          	srai	a5,a5,0x18
80001668:	0b278663          	beq	a5,s2,80001714 <xQueueReceive+0x164>
8000166c:	00071463          	bnez	a4,80001674 <xQueueReceive+0xc4>
80001670:	30046073          	csrsi	mstatus,8
80001674:	00c10593          	addi	a1,sp,12
80001678:	01810513          	addi	a0,sp,24
8000167c:	00002097          	auipc	ra,0x2
80001680:	f74080e7          	jalr	-140(ra) # 800035f0 <xTaskCheckForTimeOut>
80001684:	14051063          	bnez	a0,800017c4 <xQueueReceive+0x214>
80001688:	30047073          	csrci	mstatus,8
8000168c:	03842783          	lw	a5,56(s0)
80001690:	1684a703          	lw	a4,360(s1)
80001694:	08079463          	bnez	a5,8000171c <xQueueReceive+0x16c>
80001698:	00071463          	bnez	a4,800016a0 <xQueueReceive+0xf0>
8000169c:	30046073          	csrsi	mstatus,8
800016a0:	00c12583          	lw	a1,12(sp)
800016a4:	02440513          	addi	a0,s0,36
800016a8:	00002097          	auipc	ra,0x2
800016ac:	a34080e7          	jalr	-1484(ra) # 800030dc <vTaskPlaceOnEventList>
800016b0:	00040513          	mv	a0,s0
800016b4:	fffff097          	auipc	ra,0xfffff
800016b8:	4b0080e7          	jalr	1200(ra) # 80000b64 <prvUnlockQueue>
800016bc:	00001097          	auipc	ra,0x1
800016c0:	40c080e7          	jalr	1036(ra) # 80002ac8 <xTaskResumeAll>
800016c4:	00051463          	bnez	a0,800016cc <xQueueReceive+0x11c>
800016c8:	00000073          	ecall
800016cc:	30047073          	csrci	mstatus,8
800016d0:	1684a703          	lw	a4,360(s1)
800016d4:	03842783          	lw	a5,56(s0)
800016d8:	00170693          	addi	a3,a4,1
800016dc:	16d4a423          	sw	a3,360(s1)
800016e0:	06079863          	bnez	a5,80001750 <xQueueReceive+0x1a0>
800016e4:	00c12783          	lw	a5,12(sp)
800016e8:	f2079ee3          	bnez	a5,80001624 <xQueueReceive+0x74>
800016ec:	16e4a423          	sw	a4,360(s1)
800016f0:	10070463          	beqz	a4,800017f8 <xQueueReceive+0x248>
800016f4:	03c12083          	lw	ra,60(sp)
800016f8:	03812403          	lw	s0,56(sp)
800016fc:	03012903          	lw	s2,48(sp)
80001700:	03412483          	lw	s1,52(sp)
80001704:	02c12983          	lw	s3,44(sp)
80001708:	00000513          	li	a0,0
8000170c:	04010113          	addi	sp,sp,64
80001710:	00008067          	ret
80001714:	040402a3          	sb	zero,69(s0)
80001718:	f55ff06f          	j	8000166c <xQueueReceive+0xbc>
8000171c:	00071463          	bnez	a4,80001724 <xQueueReceive+0x174>
80001720:	30046073          	csrsi	mstatus,8
80001724:	00040513          	mv	a0,s0
80001728:	fffff097          	auipc	ra,0xfffff
8000172c:	43c080e7          	jalr	1084(ra) # 80000b64 <prvUnlockQueue>
80001730:	00001097          	auipc	ra,0x1
80001734:	398080e7          	jalr	920(ra) # 80002ac8 <xTaskResumeAll>
80001738:	30047073          	csrci	mstatus,8
8000173c:	1684a703          	lw	a4,360(s1)
80001740:	03842783          	lw	a5,56(s0)
80001744:	00170693          	addi	a3,a4,1
80001748:	16d4a423          	sw	a3,360(s1)
8000174c:	f8078ce3          	beqz	a5,800016e4 <xQueueReceive+0x134>
80001750:	03012903          	lw	s2,48(sp)
80001754:	04042603          	lw	a2,64(s0)
80001758:	02060663          	beqz	a2,80001784 <xQueueReceive+0x1d4>
8000175c:	00c42583          	lw	a1,12(s0)
80001760:	00842703          	lw	a4,8(s0)
80001764:	00c585b3          	add	a1,a1,a2
80001768:	00b42623          	sw	a1,12(s0)
8000176c:	0ee5f263          	bgeu	a1,a4,80001850 <xQueueReceive+0x2a0>
80001770:	00098513          	mv	a0,s3
80001774:	00f12423          	sw	a5,8(sp)
80001778:	fffff097          	auipc	ra,0xfffff
8000177c:	23c080e7          	jalr	572(ra) # 800009b4 <memcpy>
80001780:	00812783          	lw	a5,8(sp)
80001784:	01042703          	lw	a4,16(s0)
80001788:	fff78793          	addi	a5,a5,-1
8000178c:	02f42c23          	sw	a5,56(s0)
80001790:	0c071663          	bnez	a4,8000185c <xQueueReceive+0x2ac>
80001794:	1684a783          	lw	a5,360(s1)
80001798:	fff78793          	addi	a5,a5,-1
8000179c:	16f4a423          	sw	a5,360(s1)
800017a0:	00079463          	bnez	a5,800017a8 <xQueueReceive+0x1f8>
800017a4:	30046073          	csrsi	mstatus,8
800017a8:	03c12083          	lw	ra,60(sp)
800017ac:	03812403          	lw	s0,56(sp)
800017b0:	03412483          	lw	s1,52(sp)
800017b4:	02c12983          	lw	s3,44(sp)
800017b8:	00100513          	li	a0,1
800017bc:	04010113          	addi	sp,sp,64
800017c0:	00008067          	ret
800017c4:	00040513          	mv	a0,s0
800017c8:	fffff097          	auipc	ra,0xfffff
800017cc:	39c080e7          	jalr	924(ra) # 80000b64 <prvUnlockQueue>
800017d0:	00001097          	auipc	ra,0x1
800017d4:	2f8080e7          	jalr	760(ra) # 80002ac8 <xTaskResumeAll>
800017d8:	30047073          	csrci	mstatus,8
800017dc:	03842703          	lw	a4,56(s0)
800017e0:	1684a783          	lw	a5,360(s1)
800017e4:	00070863          	beqz	a4,800017f4 <xQueueReceive+0x244>
800017e8:	ee0792e3          	bnez	a5,800016cc <xQueueReceive+0x11c>
800017ec:	30046073          	csrsi	mstatus,8
800017f0:	eddff06f          	j	800016cc <xQueueReceive+0x11c>
800017f4:	f00790e3          	bnez	a5,800016f4 <xQueueReceive+0x144>
800017f8:	30046073          	csrsi	mstatus,8
800017fc:	ef9ff06f          	j	800016f4 <xQueueReceive+0x144>
80001800:	04042783          	lw	a5,64(s0)
80001804:	dc078ae3          	beqz	a5,800015d8 <xQueueReceive+0x28>
80001808:	80005537          	lui	a0,0x80005
8000180c:	f5850513          	addi	a0,a0,-168 # 80004f58 <__clzsi2+0x258>
80001810:	5ed00593          	li	a1,1517
80001814:	fffff097          	auipc	ra,0xfffff
80001818:	db8080e7          	jalr	-584(ra) # 800005cc <vAssertCalled>
8000181c:	dbdff06f          	j	800015d8 <xQueueReceive+0x28>
80001820:	80005537          	lui	a0,0x80005
80001824:	f5850513          	addi	a0,a0,-168 # 80004f58 <__clzsi2+0x258>
80001828:	5e900593          	li	a1,1513
8000182c:	fffff097          	auipc	ra,0xfffff
80001830:	da0080e7          	jalr	-608(ra) # 800005cc <vAssertCalled>
80001834:	da1ff06f          	j	800015d4 <xQueueReceive+0x24>
80001838:	80005537          	lui	a0,0x80005
8000183c:	f5850513          	addi	a0,a0,-168 # 80004f58 <__clzsi2+0x258>
80001840:	5f200593          	li	a1,1522
80001844:	fffff097          	auipc	ra,0xfffff
80001848:	d88080e7          	jalr	-632(ra) # 800005cc <vAssertCalled>
8000184c:	da1ff06f          	j	800015ec <xQueueReceive+0x3c>
80001850:	00042583          	lw	a1,0(s0)
80001854:	00b42623          	sw	a1,12(s0)
80001858:	f19ff06f          	j	80001770 <xQueueReceive+0x1c0>
8000185c:	01040513          	addi	a0,s0,16
80001860:	00002097          	auipc	ra,0x2
80001864:	9dc080e7          	jalr	-1572(ra) # 8000323c <xTaskRemoveFromEventList>
80001868:	f20506e3          	beqz	a0,80001794 <xQueueReceive+0x1e4>
8000186c:	00000073          	ecall
80001870:	f25ff06f          	j	80001794 <xQueueReceive+0x1e4>

80001874 <xQueueSemaphoreTake>:
80001874:	fd010113          	addi	sp,sp,-48
80001878:	02812423          	sw	s0,40(sp)
8000187c:	02112623          	sw	ra,44(sp)
80001880:	02912223          	sw	s1,36(sp)
80001884:	00b12623          	sw	a1,12(sp)
80001888:	00050413          	mv	s0,a0
8000188c:	22050663          	beqz	a0,80001ab8 <xQueueSemaphoreTake+0x244>
80001890:	04042783          	lw	a5,64(s0)
80001894:	1e079a63          	bnez	a5,80001a88 <xQueueSemaphoreTake+0x214>
80001898:	00002097          	auipc	ra,0x2
8000189c:	e54080e7          	jalr	-428(ra) # 800036ec <xTaskGetSchedulerState>
800018a0:	00051663          	bnez	a0,800018ac <xQueueSemaphoreTake+0x38>
800018a4:	00c12783          	lw	a5,12(sp)
800018a8:	1e079c63          	bnez	a5,80001aa0 <xQueueSemaphoreTake+0x22c>
800018ac:	30047073          	csrci	mstatus,8
800018b0:	800054b7          	lui	s1,0x80005
800018b4:	1684a703          	lw	a4,360(s1) # 80005168 <xCriticalNesting>
800018b8:	03842783          	lw	a5,56(s0)
800018bc:	00170693          	addi	a3,a4,1
800018c0:	16d4a423          	sw	a3,360(s1)
800018c4:	14079663          	bnez	a5,80001a10 <xQueueSemaphoreTake+0x19c>
800018c8:	00c12783          	lw	a5,12(sp)
800018cc:	03212023          	sw	s2,32(sp)
800018d0:	0c078e63          	beqz	a5,800019ac <xQueueSemaphoreTake+0x138>
800018d4:	01810513          	addi	a0,sp,24
800018d8:	00002097          	auipc	ra,0x2
800018dc:	cfc080e7          	jalr	-772(ra) # 800035d4 <vTaskInternalSetTimeOutState>
800018e0:	fff00913          	li	s2,-1
800018e4:	1684a783          	lw	a5,360(s1)
800018e8:	fff78793          	addi	a5,a5,-1
800018ec:	16f4a423          	sw	a5,360(s1)
800018f0:	00079463          	bnez	a5,800018f8 <xQueueSemaphoreTake+0x84>
800018f4:	30046073          	csrsi	mstatus,8
800018f8:	00001097          	auipc	ra,0x1
800018fc:	1bc080e7          	jalr	444(ra) # 80002ab4 <vTaskSuspendAll>
80001900:	30047073          	csrci	mstatus,8
80001904:	04444783          	lbu	a5,68(s0)
80001908:	1684a703          	lw	a4,360(s1)
8000190c:	01879793          	slli	a5,a5,0x18
80001910:	4187d793          	srai	a5,a5,0x18
80001914:	01279463          	bne	a5,s2,8000191c <xQueueSemaphoreTake+0xa8>
80001918:	04040223          	sb	zero,68(s0)
8000191c:	04544783          	lbu	a5,69(s0)
80001920:	01879793          	slli	a5,a5,0x18
80001924:	4187d793          	srai	a5,a5,0x18
80001928:	0b278463          	beq	a5,s2,800019d0 <xQueueSemaphoreTake+0x15c>
8000192c:	00071463          	bnez	a4,80001934 <xQueueSemaphoreTake+0xc0>
80001930:	30046073          	csrsi	mstatus,8
80001934:	00c10593          	addi	a1,sp,12
80001938:	01810513          	addi	a0,sp,24
8000193c:	00002097          	auipc	ra,0x2
80001940:	cb4080e7          	jalr	-844(ra) # 800035f0 <xTaskCheckForTimeOut>
80001944:	10051463          	bnez	a0,80001a4c <xQueueSemaphoreTake+0x1d8>
80001948:	30047073          	csrci	mstatus,8
8000194c:	03842783          	lw	a5,56(s0)
80001950:	1684a703          	lw	a4,360(s1)
80001954:	08079263          	bnez	a5,800019d8 <xQueueSemaphoreTake+0x164>
80001958:	00071463          	bnez	a4,80001960 <xQueueSemaphoreTake+0xec>
8000195c:	30046073          	csrsi	mstatus,8
80001960:	00c12583          	lw	a1,12(sp)
80001964:	02440513          	addi	a0,s0,36
80001968:	00001097          	auipc	ra,0x1
8000196c:	774080e7          	jalr	1908(ra) # 800030dc <vTaskPlaceOnEventList>
80001970:	00040513          	mv	a0,s0
80001974:	fffff097          	auipc	ra,0xfffff
80001978:	1f0080e7          	jalr	496(ra) # 80000b64 <prvUnlockQueue>
8000197c:	00001097          	auipc	ra,0x1
80001980:	14c080e7          	jalr	332(ra) # 80002ac8 <xTaskResumeAll>
80001984:	00051463          	bnez	a0,8000198c <xQueueSemaphoreTake+0x118>
80001988:	00000073          	ecall
8000198c:	30047073          	csrci	mstatus,8
80001990:	1684a703          	lw	a4,360(s1)
80001994:	03842783          	lw	a5,56(s0)
80001998:	00170693          	addi	a3,a4,1
8000199c:	16d4a423          	sw	a3,360(s1)
800019a0:	06079663          	bnez	a5,80001a0c <xQueueSemaphoreTake+0x198>
800019a4:	00c12783          	lw	a5,12(sp)
800019a8:	f2079ee3          	bnez	a5,800018e4 <xQueueSemaphoreTake+0x70>
800019ac:	16e4a423          	sw	a4,360(s1)
800019b0:	0c070863          	beqz	a4,80001a80 <xQueueSemaphoreTake+0x20c>
800019b4:	02c12083          	lw	ra,44(sp)
800019b8:	02812403          	lw	s0,40(sp)
800019bc:	02012903          	lw	s2,32(sp)
800019c0:	02412483          	lw	s1,36(sp)
800019c4:	00000513          	li	a0,0
800019c8:	03010113          	addi	sp,sp,48
800019cc:	00008067          	ret
800019d0:	040402a3          	sb	zero,69(s0)
800019d4:	f59ff06f          	j	8000192c <xQueueSemaphoreTake+0xb8>
800019d8:	00071463          	bnez	a4,800019e0 <xQueueSemaphoreTake+0x16c>
800019dc:	30046073          	csrsi	mstatus,8
800019e0:	00040513          	mv	a0,s0
800019e4:	fffff097          	auipc	ra,0xfffff
800019e8:	180080e7          	jalr	384(ra) # 80000b64 <prvUnlockQueue>
800019ec:	00001097          	auipc	ra,0x1
800019f0:	0dc080e7          	jalr	220(ra) # 80002ac8 <xTaskResumeAll>
800019f4:	30047073          	csrci	mstatus,8
800019f8:	1684a703          	lw	a4,360(s1)
800019fc:	03842783          	lw	a5,56(s0)
80001a00:	00170693          	addi	a3,a4,1
80001a04:	16d4a423          	sw	a3,360(s1)
80001a08:	f8078ee3          	beqz	a5,800019a4 <xQueueSemaphoreTake+0x130>
80001a0c:	02012903          	lw	s2,32(sp)
80001a10:	01042703          	lw	a4,16(s0)
80001a14:	fff78793          	addi	a5,a5,-1
80001a18:	02f42c23          	sw	a5,56(s0)
80001a1c:	0a071a63          	bnez	a4,80001ad0 <xQueueSemaphoreTake+0x25c>
80001a20:	1684a783          	lw	a5,360(s1)
80001a24:	fff78793          	addi	a5,a5,-1
80001a28:	16f4a423          	sw	a5,360(s1)
80001a2c:	00079463          	bnez	a5,80001a34 <xQueueSemaphoreTake+0x1c0>
80001a30:	30046073          	csrsi	mstatus,8
80001a34:	02c12083          	lw	ra,44(sp)
80001a38:	02812403          	lw	s0,40(sp)
80001a3c:	02412483          	lw	s1,36(sp)
80001a40:	00100513          	li	a0,1
80001a44:	03010113          	addi	sp,sp,48
80001a48:	00008067          	ret
80001a4c:	00040513          	mv	a0,s0
80001a50:	fffff097          	auipc	ra,0xfffff
80001a54:	114080e7          	jalr	276(ra) # 80000b64 <prvUnlockQueue>
80001a58:	00001097          	auipc	ra,0x1
80001a5c:	070080e7          	jalr	112(ra) # 80002ac8 <xTaskResumeAll>
80001a60:	30047073          	csrci	mstatus,8
80001a64:	03842703          	lw	a4,56(s0)
80001a68:	1684a783          	lw	a5,360(s1)
80001a6c:	00070863          	beqz	a4,80001a7c <xQueueSemaphoreTake+0x208>
80001a70:	f0079ee3          	bnez	a5,8000198c <xQueueSemaphoreTake+0x118>
80001a74:	30046073          	csrsi	mstatus,8
80001a78:	f15ff06f          	j	8000198c <xQueueSemaphoreTake+0x118>
80001a7c:	f2079ce3          	bnez	a5,800019b4 <xQueueSemaphoreTake+0x140>
80001a80:	30046073          	csrsi	mstatus,8
80001a84:	f31ff06f          	j	800019b4 <xQueueSemaphoreTake+0x140>
80001a88:	80005537          	lui	a0,0x80005
80001a8c:	f5850513          	addi	a0,a0,-168 # 80004f58 <__clzsi2+0x258>
80001a90:	68600593          	li	a1,1670
80001a94:	fffff097          	auipc	ra,0xfffff
80001a98:	b38080e7          	jalr	-1224(ra) # 800005cc <vAssertCalled>
80001a9c:	dfdff06f          	j	80001898 <xQueueSemaphoreTake+0x24>
80001aa0:	80005537          	lui	a0,0x80005
80001aa4:	f5850513          	addi	a0,a0,-168 # 80004f58 <__clzsi2+0x258>
80001aa8:	68b00593          	li	a1,1675
80001aac:	fffff097          	auipc	ra,0xfffff
80001ab0:	b20080e7          	jalr	-1248(ra) # 800005cc <vAssertCalled>
80001ab4:	df9ff06f          	j	800018ac <xQueueSemaphoreTake+0x38>
80001ab8:	80005537          	lui	a0,0x80005
80001abc:	f5850513          	addi	a0,a0,-168 # 80004f58 <__clzsi2+0x258>
80001ac0:	68200593          	li	a1,1666
80001ac4:	fffff097          	auipc	ra,0xfffff
80001ac8:	b08080e7          	jalr	-1272(ra) # 800005cc <vAssertCalled>
80001acc:	dc5ff06f          	j	80001890 <xQueueSemaphoreTake+0x1c>
80001ad0:	01040513          	addi	a0,s0,16
80001ad4:	00001097          	auipc	ra,0x1
80001ad8:	768080e7          	jalr	1896(ra) # 8000323c <xTaskRemoveFromEventList>
80001adc:	f40502e3          	beqz	a0,80001a20 <xQueueSemaphoreTake+0x1ac>
80001ae0:	00000073          	ecall
80001ae4:	f3dff06f          	j	80001a20 <xQueueSemaphoreTake+0x1ac>

80001ae8 <xQueuePeek>:
80001ae8:	fc010113          	addi	sp,sp,-64
80001aec:	02812c23          	sw	s0,56(sp)
80001af0:	03312623          	sw	s3,44(sp)
80001af4:	02112e23          	sw	ra,60(sp)
80001af8:	02912a23          	sw	s1,52(sp)
80001afc:	03212823          	sw	s2,48(sp)
80001b00:	00c12623          	sw	a2,12(sp)
80001b04:	00050413          	mv	s0,a0
80001b08:	00058993          	mv	s3,a1
80001b0c:	24050063          	beqz	a0,80001d4c <xQueuePeek+0x264>
80001b10:	20098e63          	beqz	s3,80001d2c <xQueuePeek+0x244>
80001b14:	00002097          	auipc	ra,0x2
80001b18:	bd8080e7          	jalr	-1064(ra) # 800036ec <xTaskGetSchedulerState>
80001b1c:	00051663          	bnez	a0,80001b28 <xQueuePeek+0x40>
80001b20:	00c12783          	lw	a5,12(sp)
80001b24:	24079063          	bnez	a5,80001d64 <xQueuePeek+0x27c>
80001b28:	30047073          	csrci	mstatus,8
80001b2c:	800054b7          	lui	s1,0x80005
80001b30:	1684a783          	lw	a5,360(s1) # 80005168 <xCriticalNesting>
80001b34:	03842703          	lw	a4,56(s0)
80001b38:	00178693          	addi	a3,a5,1
80001b3c:	16d4a423          	sw	a3,360(s1)
80001b40:	14071463          	bnez	a4,80001c88 <xQueuePeek+0x1a0>
80001b44:	00c12703          	lw	a4,12(sp)
80001b48:	0c070e63          	beqz	a4,80001c24 <xQueuePeek+0x13c>
80001b4c:	01810513          	addi	a0,sp,24
80001b50:	00002097          	auipc	ra,0x2
80001b54:	a84080e7          	jalr	-1404(ra) # 800035d4 <vTaskInternalSetTimeOutState>
80001b58:	fff00913          	li	s2,-1
80001b5c:	1684a783          	lw	a5,360(s1)
80001b60:	fff78793          	addi	a5,a5,-1
80001b64:	16f4a423          	sw	a5,360(s1)
80001b68:	00079463          	bnez	a5,80001b70 <xQueuePeek+0x88>
80001b6c:	30046073          	csrsi	mstatus,8
80001b70:	00001097          	auipc	ra,0x1
80001b74:	f44080e7          	jalr	-188(ra) # 80002ab4 <vTaskSuspendAll>
80001b78:	30047073          	csrci	mstatus,8
80001b7c:	04444783          	lbu	a5,68(s0)
80001b80:	1684a703          	lw	a4,360(s1)
80001b84:	01879793          	slli	a5,a5,0x18
80001b88:	4187d793          	srai	a5,a5,0x18
80001b8c:	01279463          	bne	a5,s2,80001b94 <xQueuePeek+0xac>
80001b90:	04040223          	sb	zero,68(s0)
80001b94:	04544783          	lbu	a5,69(s0)
80001b98:	01879793          	slli	a5,a5,0x18
80001b9c:	4187d793          	srai	a5,a5,0x18
80001ba0:	0b278663          	beq	a5,s2,80001c4c <xQueuePeek+0x164>
80001ba4:	00071463          	bnez	a4,80001bac <xQueuePeek+0xc4>
80001ba8:	30046073          	csrsi	mstatus,8
80001bac:	00c10593          	addi	a1,sp,12
80001bb0:	01810513          	addi	a0,sp,24
80001bb4:	00002097          	auipc	ra,0x2
80001bb8:	a3c080e7          	jalr	-1476(ra) # 800035f0 <xTaskCheckForTimeOut>
80001bbc:	12051a63          	bnez	a0,80001cf0 <xQueuePeek+0x208>
80001bc0:	30047073          	csrci	mstatus,8
80001bc4:	03842783          	lw	a5,56(s0)
80001bc8:	1684a703          	lw	a4,360(s1)
80001bcc:	08079463          	bnez	a5,80001c54 <xQueuePeek+0x16c>
80001bd0:	00071463          	bnez	a4,80001bd8 <xQueuePeek+0xf0>
80001bd4:	30046073          	csrsi	mstatus,8
80001bd8:	00c12583          	lw	a1,12(sp)
80001bdc:	02440513          	addi	a0,s0,36
80001be0:	00001097          	auipc	ra,0x1
80001be4:	4fc080e7          	jalr	1276(ra) # 800030dc <vTaskPlaceOnEventList>
80001be8:	00040513          	mv	a0,s0
80001bec:	fffff097          	auipc	ra,0xfffff
80001bf0:	f78080e7          	jalr	-136(ra) # 80000b64 <prvUnlockQueue>
80001bf4:	00001097          	auipc	ra,0x1
80001bf8:	ed4080e7          	jalr	-300(ra) # 80002ac8 <xTaskResumeAll>
80001bfc:	00051463          	bnez	a0,80001c04 <xQueuePeek+0x11c>
80001c00:	00000073          	ecall
80001c04:	30047073          	csrci	mstatus,8
80001c08:	1684a783          	lw	a5,360(s1)
80001c0c:	03842703          	lw	a4,56(s0)
80001c10:	00178693          	addi	a3,a5,1
80001c14:	16d4a423          	sw	a3,360(s1)
80001c18:	06071863          	bnez	a4,80001c88 <xQueuePeek+0x1a0>
80001c1c:	00c12703          	lw	a4,12(sp)
80001c20:	f2071ee3          	bnez	a4,80001b5c <xQueuePeek+0x74>
80001c24:	16f4a423          	sw	a5,360(s1)
80001c28:	0e078e63          	beqz	a5,80001d24 <xQueuePeek+0x23c>
80001c2c:	03c12083          	lw	ra,60(sp)
80001c30:	03812403          	lw	s0,56(sp)
80001c34:	03412483          	lw	s1,52(sp)
80001c38:	03012903          	lw	s2,48(sp)
80001c3c:	02c12983          	lw	s3,44(sp)
80001c40:	00000513          	li	a0,0
80001c44:	04010113          	addi	sp,sp,64
80001c48:	00008067          	ret
80001c4c:	040402a3          	sb	zero,69(s0)
80001c50:	f55ff06f          	j	80001ba4 <xQueuePeek+0xbc>
80001c54:	00071463          	bnez	a4,80001c5c <xQueuePeek+0x174>
80001c58:	30046073          	csrsi	mstatus,8
80001c5c:	00040513          	mv	a0,s0
80001c60:	fffff097          	auipc	ra,0xfffff
80001c64:	f04080e7          	jalr	-252(ra) # 80000b64 <prvUnlockQueue>
80001c68:	00001097          	auipc	ra,0x1
80001c6c:	e60080e7          	jalr	-416(ra) # 80002ac8 <xTaskResumeAll>
80001c70:	30047073          	csrci	mstatus,8
80001c74:	1684a783          	lw	a5,360(s1)
80001c78:	03842703          	lw	a4,56(s0)
80001c7c:	00178693          	addi	a3,a5,1
80001c80:	16d4a423          	sw	a3,360(s1)
80001c84:	f8070ce3          	beqz	a4,80001c1c <xQueuePeek+0x134>
80001c88:	04042603          	lw	a2,64(s0)
80001c8c:	00c42903          	lw	s2,12(s0)
80001c90:	02060063          	beqz	a2,80001cb0 <xQueuePeek+0x1c8>
80001c94:	00842783          	lw	a5,8(s0)
80001c98:	00c905b3          	add	a1,s2,a2
80001c9c:	00b42623          	sw	a1,12(s0)
80001ca0:	0cf5fe63          	bgeu	a1,a5,80001d7c <xQueuePeek+0x294>
80001ca4:	00098513          	mv	a0,s3
80001ca8:	fffff097          	auipc	ra,0xfffff
80001cac:	d0c080e7          	jalr	-756(ra) # 800009b4 <memcpy>
80001cb0:	02442783          	lw	a5,36(s0)
80001cb4:	01242623          	sw	s2,12(s0)
80001cb8:	0c079863          	bnez	a5,80001d88 <xQueuePeek+0x2a0>
80001cbc:	1684a783          	lw	a5,360(s1)
80001cc0:	fff78793          	addi	a5,a5,-1
80001cc4:	16f4a423          	sw	a5,360(s1)
80001cc8:	00079463          	bnez	a5,80001cd0 <xQueuePeek+0x1e8>
80001ccc:	30046073          	csrsi	mstatus,8
80001cd0:	03c12083          	lw	ra,60(sp)
80001cd4:	03812403          	lw	s0,56(sp)
80001cd8:	03412483          	lw	s1,52(sp)
80001cdc:	03012903          	lw	s2,48(sp)
80001ce0:	02c12983          	lw	s3,44(sp)
80001ce4:	00100513          	li	a0,1
80001ce8:	04010113          	addi	sp,sp,64
80001cec:	00008067          	ret
80001cf0:	00040513          	mv	a0,s0
80001cf4:	fffff097          	auipc	ra,0xfffff
80001cf8:	e70080e7          	jalr	-400(ra) # 80000b64 <prvUnlockQueue>
80001cfc:	00001097          	auipc	ra,0x1
80001d00:	dcc080e7          	jalr	-564(ra) # 80002ac8 <xTaskResumeAll>
80001d04:	30047073          	csrci	mstatus,8
80001d08:	03842703          	lw	a4,56(s0)
80001d0c:	1684a783          	lw	a5,360(s1)
80001d10:	00070863          	beqz	a4,80001d20 <xQueuePeek+0x238>
80001d14:	ee0798e3          	bnez	a5,80001c04 <xQueuePeek+0x11c>
80001d18:	30046073          	csrsi	mstatus,8
80001d1c:	ee9ff06f          	j	80001c04 <xQueuePeek+0x11c>
80001d20:	f00796e3          	bnez	a5,80001c2c <xQueuePeek+0x144>
80001d24:	30046073          	csrsi	mstatus,8
80001d28:	f05ff06f          	j	80001c2c <xQueuePeek+0x144>
80001d2c:	04042783          	lw	a5,64(s0)
80001d30:	de0782e3          	beqz	a5,80001b14 <xQueuePeek+0x2c>
80001d34:	80005537          	lui	a0,0x80005
80001d38:	f5850513          	addi	a0,a0,-168 # 80004f58 <__clzsi2+0x258>
80001d3c:	76500593          	li	a1,1893
80001d40:	fffff097          	auipc	ra,0xfffff
80001d44:	88c080e7          	jalr	-1908(ra) # 800005cc <vAssertCalled>
80001d48:	dcdff06f          	j	80001b14 <xQueuePeek+0x2c>
80001d4c:	80005537          	lui	a0,0x80005
80001d50:	f5850513          	addi	a0,a0,-168 # 80004f58 <__clzsi2+0x258>
80001d54:	76100593          	li	a1,1889
80001d58:	fffff097          	auipc	ra,0xfffff
80001d5c:	874080e7          	jalr	-1932(ra) # 800005cc <vAssertCalled>
80001d60:	db1ff06f          	j	80001b10 <xQueuePeek+0x28>
80001d64:	80005537          	lui	a0,0x80005
80001d68:	f5850513          	addi	a0,a0,-168 # 80004f58 <__clzsi2+0x258>
80001d6c:	76a00593          	li	a1,1898
80001d70:	fffff097          	auipc	ra,0xfffff
80001d74:	85c080e7          	jalr	-1956(ra) # 800005cc <vAssertCalled>
80001d78:	db1ff06f          	j	80001b28 <xQueuePeek+0x40>
80001d7c:	00042583          	lw	a1,0(s0)
80001d80:	00b42623          	sw	a1,12(s0)
80001d84:	f21ff06f          	j	80001ca4 <xQueuePeek+0x1bc>
80001d88:	02440513          	addi	a0,s0,36
80001d8c:	00001097          	auipc	ra,0x1
80001d90:	4b0080e7          	jalr	1200(ra) # 8000323c <xTaskRemoveFromEventList>
80001d94:	f20504e3          	beqz	a0,80001cbc <xQueuePeek+0x1d4>
80001d98:	00000073          	ecall
80001d9c:	f21ff06f          	j	80001cbc <xQueuePeek+0x1d4>

80001da0 <xQueueReceiveFromISR>:
80001da0:	fe010113          	addi	sp,sp,-32
80001da4:	00812c23          	sw	s0,24(sp)
80001da8:	00112e23          	sw	ra,28(sp)
80001dac:	00050793          	mv	a5,a0
80001db0:	00058693          	mv	a3,a1
80001db4:	00060413          	mv	s0,a2
80001db8:	0c050263          	beqz	a0,80001e7c <xQueueReceiveFromISR+0xdc>
80001dbc:	0a068063          	beqz	a3,80001e5c <xQueueReceiveFromISR+0xbc>
80001dc0:	0387a703          	lw	a4,56(a5)
80001dc4:	00071c63          	bnez	a4,80001ddc <xQueueReceiveFromISR+0x3c>
80001dc8:	01c12083          	lw	ra,28(sp)
80001dcc:	01812403          	lw	s0,24(sp)
80001dd0:	00000513          	li	a0,0
80001dd4:	02010113          	addi	sp,sp,32
80001dd8:	00008067          	ret
80001ddc:	0447c803          	lbu	a6,68(a5)
80001de0:	0407a603          	lw	a2,64(a5)
80001de4:	01881813          	slli	a6,a6,0x18
80001de8:	41885813          	srai	a6,a6,0x18
80001dec:	04060263          	beqz	a2,80001e30 <xQueueReceiveFromISR+0x90>
80001df0:	00c7a583          	lw	a1,12(a5)
80001df4:	0087a503          	lw	a0,8(a5)
80001df8:	00c585b3          	add	a1,a1,a2
80001dfc:	00b7a623          	sw	a1,12(a5)
80001e00:	00a5e663          	bltu	a1,a0,80001e0c <xQueueReceiveFromISR+0x6c>
80001e04:	0007a583          	lw	a1,0(a5)
80001e08:	00b7a623          	sw	a1,12(a5)
80001e0c:	00068513          	mv	a0,a3
80001e10:	00f12623          	sw	a5,12(sp)
80001e14:	01012423          	sw	a6,8(sp)
80001e18:	00e12223          	sw	a4,4(sp)
80001e1c:	fffff097          	auipc	ra,0xfffff
80001e20:	b98080e7          	jalr	-1128(ra) # 800009b4 <memcpy>
80001e24:	00c12783          	lw	a5,12(sp)
80001e28:	00812803          	lw	a6,8(sp)
80001e2c:	00412703          	lw	a4,4(sp)
80001e30:	fff70713          	addi	a4,a4,-1
80001e34:	02e7ac23          	sw	a4,56(a5)
80001e38:	fff00713          	li	a4,-1
80001e3c:	06e81463          	bne	a6,a4,80001ea4 <xQueueReceiveFromISR+0x104>
80001e40:	0107a703          	lw	a4,16(a5)
80001e44:	08071a63          	bnez	a4,80001ed8 <xQueueReceiveFromISR+0x138>
80001e48:	00100513          	li	a0,1
80001e4c:	01c12083          	lw	ra,28(sp)
80001e50:	01812403          	lw	s0,24(sp)
80001e54:	02010113          	addi	sp,sp,32
80001e58:	00008067          	ret
80001e5c:	0407a703          	lw	a4,64(a5)
80001e60:	08071e63          	bnez	a4,80001efc <xQueueReceiveFromISR+0x15c>
80001e64:	0387a703          	lw	a4,56(a5)
80001e68:	f60700e3          	beqz	a4,80001dc8 <xQueueReceiveFromISR+0x28>
80001e6c:	0447c803          	lbu	a6,68(a5)
80001e70:	01881813          	slli	a6,a6,0x18
80001e74:	41885813          	srai	a6,a6,0x18
80001e78:	fb9ff06f          	j	80001e30 <xQueueReceiveFromISR+0x90>
80001e7c:	00a12223          	sw	a0,4(sp)
80001e80:	80005537          	lui	a0,0x80005
80001e84:	00b12423          	sw	a1,8(sp)
80001e88:	f5850513          	addi	a0,a0,-168 # 80004f58 <__clzsi2+0x258>
80001e8c:	7fd00593          	li	a1,2045
80001e90:	ffffe097          	auipc	ra,0xffffe
80001e94:	73c080e7          	jalr	1852(ra) # 800005cc <vAssertCalled>
80001e98:	00812683          	lw	a3,8(sp)
80001e9c:	00412783          	lw	a5,4(sp)
80001ea0:	f1dff06f          	j	80001dbc <xQueueReceiveFromISR+0x1c>
80001ea4:	01012223          	sw	a6,4(sp)
80001ea8:	00f12423          	sw	a5,8(sp)
80001eac:	00001097          	auipc	ra,0x1
80001eb0:	f28080e7          	jalr	-216(ra) # 80002dd4 <uxTaskGetNumberOfTasks>
80001eb4:	00412803          	lw	a6,4(sp)
80001eb8:	f8a878e3          	bgeu	a6,a0,80001e48 <xQueueReceiveFromISR+0xa8>
80001ebc:	07f00713          	li	a4,127
80001ec0:	00812783          	lw	a5,8(sp)
80001ec4:	06e80063          	beq	a6,a4,80001f24 <xQueueReceiveFromISR+0x184>
80001ec8:	00180813          	addi	a6,a6,1
80001ecc:	05078223          	sb	a6,68(a5)
80001ed0:	00100513          	li	a0,1
80001ed4:	f79ff06f          	j	80001e4c <xQueueReceiveFromISR+0xac>
80001ed8:	01078513          	addi	a0,a5,16
80001edc:	00001097          	auipc	ra,0x1
80001ee0:	360080e7          	jalr	864(ra) # 8000323c <xTaskRemoveFromEventList>
80001ee4:	f60402e3          	beqz	s0,80001e48 <xQueueReceiveFromISR+0xa8>
80001ee8:	f60500e3          	beqz	a0,80001e48 <xQueueReceiveFromISR+0xa8>
80001eec:	00100793          	li	a5,1
80001ef0:	00f42023          	sw	a5,0(s0)
80001ef4:	00100513          	li	a0,1
80001ef8:	f55ff06f          	j	80001e4c <xQueueReceiveFromISR+0xac>
80001efc:	80005537          	lui	a0,0x80005
80001f00:	f5850513          	addi	a0,a0,-168 # 80004f58 <__clzsi2+0x258>
80001f04:	7fe00593          	li	a1,2046
80001f08:	00d12423          	sw	a3,8(sp)
80001f0c:	00f12223          	sw	a5,4(sp)
80001f10:	ffffe097          	auipc	ra,0xffffe
80001f14:	6bc080e7          	jalr	1724(ra) # 800005cc <vAssertCalled>
80001f18:	00812683          	lw	a3,8(sp)
80001f1c:	00412783          	lw	a5,4(sp)
80001f20:	ea1ff06f          	j	80001dc0 <xQueueReceiveFromISR+0x20>
80001f24:	80005537          	lui	a0,0x80005
80001f28:	000015b7          	lui	a1,0x1
80001f2c:	84458593          	addi	a1,a1,-1980 # 844 <_start-0x7ffff7bc>
80001f30:	f5850513          	addi	a0,a0,-168 # 80004f58 <__clzsi2+0x258>
80001f34:	01012223          	sw	a6,4(sp)
80001f38:	ffffe097          	auipc	ra,0xffffe
80001f3c:	694080e7          	jalr	1684(ra) # 800005cc <vAssertCalled>
80001f40:	00812783          	lw	a5,8(sp)
80001f44:	00412803          	lw	a6,4(sp)
80001f48:	f81ff06f          	j	80001ec8 <xQueueReceiveFromISR+0x128>

80001f4c <xQueuePeekFromISR>:
80001f4c:	fe010113          	addi	sp,sp,-32
80001f50:	00112e23          	sw	ra,28(sp)
80001f54:	00050793          	mv	a5,a0
80001f58:	00058713          	mv	a4,a1
80001f5c:	08050063          	beqz	a0,80001fdc <xQueuePeekFromISR+0x90>
80001f60:	02070263          	beqz	a4,80001f84 <xQueuePeekFromISR+0x38>
80001f64:	0407a603          	lw	a2,64(a5)
80001f68:	02060263          	beqz	a2,80001f8c <xQueuePeekFromISR+0x40>
80001f6c:	0387a683          	lw	a3,56(a5)
80001f70:	08069c63          	bnez	a3,80002008 <xQueuePeekFromISR+0xbc>
80001f74:	01c12083          	lw	ra,28(sp)
80001f78:	00000513          	li	a0,0
80001f7c:	02010113          	addi	sp,sp,32
80001f80:	00008067          	ret
80001f84:	0407a683          	lw	a3,64(a5)
80001f88:	0a069e63          	bnez	a3,80002044 <xQueuePeekFromISR+0xf8>
80001f8c:	80005537          	lui	a0,0x80005
80001f90:	000015b7          	lui	a1,0x1
80001f94:	86358593          	addi	a1,a1,-1949 # 863 <_start-0x7ffff79d>
80001f98:	f5850513          	addi	a0,a0,-168 # 80004f58 <__clzsi2+0x258>
80001f9c:	00e12623          	sw	a4,12(sp)
80001fa0:	00f12423          	sw	a5,8(sp)
80001fa4:	ffffe097          	auipc	ra,0xffffe
80001fa8:	628080e7          	jalr	1576(ra) # 800005cc <vAssertCalled>
80001fac:	00812783          	lw	a5,8(sp)
80001fb0:	00c12703          	lw	a4,12(sp)
80001fb4:	0387a683          	lw	a3,56(a5)
80001fb8:	fa068ee3          	beqz	a3,80001f74 <xQueuePeekFromISR+0x28>
80001fbc:	0407a603          	lw	a2,64(a5)
80001fc0:	00c7a683          	lw	a3,12(a5)
80001fc4:	04061463          	bnez	a2,8000200c <xQueuePeekFromISR+0xc0>
80001fc8:	01c12083          	lw	ra,28(sp)
80001fcc:	00d7a623          	sw	a3,12(a5)
80001fd0:	00100513          	li	a0,1
80001fd4:	02010113          	addi	sp,sp,32
80001fd8:	00008067          	ret
80001fdc:	00b12623          	sw	a1,12(sp)
80001fe0:	00a12423          	sw	a0,8(sp)
80001fe4:	000015b7          	lui	a1,0x1
80001fe8:	80005537          	lui	a0,0x80005
80001fec:	86158593          	addi	a1,a1,-1951 # 861 <_start-0x7ffff79f>
80001ff0:	f5850513          	addi	a0,a0,-168 # 80004f58 <__clzsi2+0x258>
80001ff4:	ffffe097          	auipc	ra,0xffffe
80001ff8:	5d8080e7          	jalr	1496(ra) # 800005cc <vAssertCalled>
80001ffc:	00c12703          	lw	a4,12(sp)
80002000:	00812783          	lw	a5,8(sp)
80002004:	f5dff06f          	j	80001f60 <xQueuePeekFromISR+0x14>
80002008:	00c7a683          	lw	a3,12(a5)
8000200c:	0087a503          	lw	a0,8(a5)
80002010:	00c685b3          	add	a1,a3,a2
80002014:	00b7a623          	sw	a1,12(a5)
80002018:	00a5e663          	bltu	a1,a0,80002024 <xQueuePeekFromISR+0xd8>
8000201c:	0007a583          	lw	a1,0(a5)
80002020:	00b7a623          	sw	a1,12(a5)
80002024:	00070513          	mv	a0,a4
80002028:	00f12623          	sw	a5,12(sp)
8000202c:	00d12423          	sw	a3,8(sp)
80002030:	fffff097          	auipc	ra,0xfffff
80002034:	984080e7          	jalr	-1660(ra) # 800009b4 <memcpy>
80002038:	00c12783          	lw	a5,12(sp)
8000203c:	00812683          	lw	a3,8(sp)
80002040:	f89ff06f          	j	80001fc8 <xQueuePeekFromISR+0x7c>
80002044:	80005537          	lui	a0,0x80005
80002048:	000015b7          	lui	a1,0x1
8000204c:	86258593          	addi	a1,a1,-1950 # 862 <_start-0x7ffff79e>
80002050:	f5850513          	addi	a0,a0,-168 # 80004f58 <__clzsi2+0x258>
80002054:	00e12623          	sw	a4,12(sp)
80002058:	00f12423          	sw	a5,8(sp)
8000205c:	ffffe097          	auipc	ra,0xffffe
80002060:	570080e7          	jalr	1392(ra) # 800005cc <vAssertCalled>
80002064:	00c12703          	lw	a4,12(sp)
80002068:	00812783          	lw	a5,8(sp)
8000206c:	ef9ff06f          	j	80001f64 <xQueuePeekFromISR+0x18>

80002070 <uxQueueMessagesWaiting>:
80002070:	02050263          	beqz	a0,80002094 <uxQueueMessagesWaiting+0x24>
80002074:	30047073          	csrci	mstatus,8
80002078:	80005737          	lui	a4,0x80005
8000207c:	16872703          	lw	a4,360(a4) # 80005168 <xCriticalNesting>
80002080:	03852503          	lw	a0,56(a0)
80002084:	00071663          	bnez	a4,80002090 <uxQueueMessagesWaiting+0x20>
80002088:	30046073          	csrsi	mstatus,8
8000208c:	00008067          	ret
80002090:	00008067          	ret
80002094:	fe010113          	addi	sp,sp,-32
80002098:	00a12623          	sw	a0,12(sp)
8000209c:	000015b7          	lui	a1,0x1
800020a0:	80005537          	lui	a0,0x80005
800020a4:	89b58593          	addi	a1,a1,-1893 # 89b <_start-0x7ffff765>
800020a8:	f5850513          	addi	a0,a0,-168 # 80004f58 <__clzsi2+0x258>
800020ac:	00112e23          	sw	ra,28(sp)
800020b0:	ffffe097          	auipc	ra,0xffffe
800020b4:	51c080e7          	jalr	1308(ra) # 800005cc <vAssertCalled>
800020b8:	00c12783          	lw	a5,12(sp)
800020bc:	30047073          	csrci	mstatus,8
800020c0:	80005737          	lui	a4,0x80005
800020c4:	16872703          	lw	a4,360(a4) # 80005168 <xCriticalNesting>
800020c8:	0387a503          	lw	a0,56(a5)
800020cc:	00071463          	bnez	a4,800020d4 <uxQueueMessagesWaiting+0x64>
800020d0:	30046073          	csrsi	mstatus,8
800020d4:	01c12083          	lw	ra,28(sp)
800020d8:	02010113          	addi	sp,sp,32
800020dc:	00008067          	ret

800020e0 <uxQueueSpacesAvailable>:
800020e0:	02050663          	beqz	a0,8000210c <uxQueueSpacesAvailable+0x2c>
800020e4:	30047073          	csrci	mstatus,8
800020e8:	800056b7          	lui	a3,0x80005
800020ec:	03852703          	lw	a4,56(a0)
800020f0:	1686a783          	lw	a5,360(a3) # 80005168 <xCriticalNesting>
800020f4:	03c52503          	lw	a0,60(a0)
800020f8:	40e50533          	sub	a0,a0,a4
800020fc:	00079663          	bnez	a5,80002108 <uxQueueSpacesAvailable+0x28>
80002100:	30046073          	csrsi	mstatus,8
80002104:	00008067          	ret
80002108:	00008067          	ret
8000210c:	fe010113          	addi	sp,sp,-32
80002110:	00a12623          	sw	a0,12(sp)
80002114:	000015b7          	lui	a1,0x1
80002118:	80005537          	lui	a0,0x80005
8000211c:	8b058593          	addi	a1,a1,-1872 # 8b0 <_start-0x7ffff750>
80002120:	f5850513          	addi	a0,a0,-168 # 80004f58 <__clzsi2+0x258>
80002124:	00112e23          	sw	ra,28(sp)
80002128:	ffffe097          	auipc	ra,0xffffe
8000212c:	4a4080e7          	jalr	1188(ra) # 800005cc <vAssertCalled>
80002130:	00c12783          	lw	a5,12(sp)
80002134:	30047073          	csrci	mstatus,8
80002138:	800056b7          	lui	a3,0x80005
8000213c:	0387a703          	lw	a4,56(a5)
80002140:	03c7a503          	lw	a0,60(a5)
80002144:	1686a783          	lw	a5,360(a3) # 80005168 <xCriticalNesting>
80002148:	40e50533          	sub	a0,a0,a4
8000214c:	00079463          	bnez	a5,80002154 <uxQueueSpacesAvailable+0x74>
80002150:	30046073          	csrsi	mstatus,8
80002154:	01c12083          	lw	ra,28(sp)
80002158:	02010113          	addi	sp,sp,32
8000215c:	00008067          	ret

80002160 <uxQueueMessagesWaitingFromISR>:
80002160:	00050663          	beqz	a0,8000216c <uxQueueMessagesWaitingFromISR+0xc>
80002164:	03852503          	lw	a0,56(a0)
80002168:	00008067          	ret
8000216c:	fe010113          	addi	sp,sp,-32
80002170:	00a12623          	sw	a0,12(sp)
80002174:	000015b7          	lui	a1,0x1
80002178:	80005537          	lui	a0,0x80005
8000217c:	f5850513          	addi	a0,a0,-168 # 80004f58 <__clzsi2+0x258>
80002180:	8c558593          	addi	a1,a1,-1851 # 8c5 <_start-0x7ffff73b>
80002184:	00112e23          	sw	ra,28(sp)
80002188:	ffffe097          	auipc	ra,0xffffe
8000218c:	444080e7          	jalr	1092(ra) # 800005cc <vAssertCalled>
80002190:	00c12783          	lw	a5,12(sp)
80002194:	01c12083          	lw	ra,28(sp)
80002198:	0387a503          	lw	a0,56(a5)
8000219c:	02010113          	addi	sp,sp,32
800021a0:	00008067          	ret

800021a4 <vQueueDelete>:
800021a4:	00050463          	beqz	a0,800021ac <vQueueDelete+0x8>
800021a8:	00008067          	ret
800021ac:	80005537          	lui	a0,0x80005
800021b0:	000015b7          	lui	a1,0x1
800021b4:	8d458593          	addi	a1,a1,-1836 # 8d4 <_start-0x7ffff72c>
800021b8:	f5850513          	addi	a0,a0,-168 # 80004f58 <__clzsi2+0x258>
800021bc:	ffffe317          	auipc	t1,0xffffe
800021c0:	41030067          	jr	1040(t1) # 800005cc <vAssertCalled>

800021c4 <uxQueueGetQueueItemSize>:
800021c4:	04052503          	lw	a0,64(a0)
800021c8:	00008067          	ret

800021cc <uxQueueGetQueueLength>:
800021cc:	03c52503          	lw	a0,60(a0)
800021d0:	00008067          	ret

800021d4 <xQueueIsQueueEmptyFromISR>:
800021d4:	00050863          	beqz	a0,800021e4 <xQueueIsQueueEmptyFromISR+0x10>
800021d8:	03852503          	lw	a0,56(a0)
800021dc:	00153513          	seqz	a0,a0
800021e0:	00008067          	ret
800021e4:	fe010113          	addi	sp,sp,-32
800021e8:	00a12623          	sw	a0,12(sp)
800021ec:	000015b7          	lui	a1,0x1
800021f0:	80005537          	lui	a0,0x80005
800021f4:	f5850513          	addi	a0,a0,-168 # 80004f58 <__clzsi2+0x258>
800021f8:	a5258593          	addi	a1,a1,-1454 # a52 <_start-0x7ffff5ae>
800021fc:	00112e23          	sw	ra,28(sp)
80002200:	ffffe097          	auipc	ra,0xffffe
80002204:	3cc080e7          	jalr	972(ra) # 800005cc <vAssertCalled>
80002208:	00c12783          	lw	a5,12(sp)
8000220c:	01c12083          	lw	ra,28(sp)
80002210:	0387a503          	lw	a0,56(a5)
80002214:	02010113          	addi	sp,sp,32
80002218:	00153513          	seqz	a0,a0
8000221c:	00008067          	ret

80002220 <xQueueIsQueueFullFromISR>:
80002220:	00050c63          	beqz	a0,80002238 <xQueueIsQueueFullFromISR+0x18>
80002224:	03852703          	lw	a4,56(a0)
80002228:	03c52503          	lw	a0,60(a0)
8000222c:	40e50533          	sub	a0,a0,a4
80002230:	00153513          	seqz	a0,a0
80002234:	00008067          	ret
80002238:	fe010113          	addi	sp,sp,-32
8000223c:	00a12623          	sw	a0,12(sp)
80002240:	000015b7          	lui	a1,0x1
80002244:	80005537          	lui	a0,0x80005
80002248:	f5850513          	addi	a0,a0,-168 # 80004f58 <__clzsi2+0x258>
8000224c:	a7f58593          	addi	a1,a1,-1409 # a7f <_start-0x7ffff581>
80002250:	00112e23          	sw	ra,28(sp)
80002254:	ffffe097          	auipc	ra,0xffffe
80002258:	378080e7          	jalr	888(ra) # 800005cc <vAssertCalled>
8000225c:	00c12783          	lw	a5,12(sp)
80002260:	01c12083          	lw	ra,28(sp)
80002264:	0387a703          	lw	a4,56(a5)
80002268:	03c7a503          	lw	a0,60(a5)
8000226c:	02010113          	addi	sp,sp,32
80002270:	40e50533          	sub	a0,a0,a4
80002274:	00153513          	seqz	a0,a0
80002278:	00008067          	ret

8000227c <prvIdleTask>:
8000227c:	80006737          	lui	a4,0x80006
80002280:	2f870713          	addi	a4,a4,760 # 800062f8 <pxReadyTasksLists>
80002284:	00100693          	li	a3,1
80002288:	0080006f          	j	80002290 <prvIdleTask+0x14>
8000228c:	00000073          	ecall
80002290:	00072783          	lw	a5,0(a4)
80002294:	fef6ece3          	bltu	a3,a5,8000228c <prvIdleTask+0x10>
80002298:	0000006f          	j	80002298 <prvIdleTask+0x1c>

8000229c <prvAddCurrentTaskToDelayedList.isra.0>:
8000229c:	fd010113          	addi	sp,sp,-48
800022a0:	800056b7          	lui	a3,0x80005
800022a4:	80005737          	lui	a4,0x80005
800022a8:	800057b7          	lui	a5,0x80005
800022ac:	02912223          	sw	s1,36(sp)
800022b0:	1a06a483          	lw	s1,416(a3) # 800051a0 <xTickCount>
800022b4:	1ac72703          	lw	a4,428(a4) # 800051ac <pxDelayedTaskList>
800022b8:	1a87a783          	lw	a5,424(a5) # 800051a8 <pxOverflowDelayedTaskList>
800022bc:	02812423          	sw	s0,40(sp)
800022c0:	80005437          	lui	s0,0x80005
800022c4:	01412c23          	sw	s4,24(sp)
800022c8:	00078a13          	mv	s4,a5
800022cc:	1b042783          	lw	a5,432(s0) # 800051b0 <pxCurrentTCB>
800022d0:	03212023          	sw	s2,32(sp)
800022d4:	00050913          	mv	s2,a0
800022d8:	00478513          	addi	a0,a5,4
800022dc:	01312e23          	sw	s3,28(sp)
800022e0:	02112623          	sw	ra,44(sp)
800022e4:	00070993          	mv	s3,a4
800022e8:	fffff097          	auipc	ra,0xfffff
800022ec:	834080e7          	jalr	-1996(ra) # 80000b1c <uxListRemove>
800022f0:	02051463          	bnez	a0,80002318 <prvAddCurrentTaskToDelayedList.isra.0+0x7c>
800022f4:	1b042683          	lw	a3,432(s0)
800022f8:	80005737          	lui	a4,0x80005
800022fc:	00100793          	li	a5,1
80002300:	02c6a603          	lw	a2,44(a3)
80002304:	19c72683          	lw	a3,412(a4) # 8000519c <uxTopReadyPriority>
80002308:	00c797b3          	sll	a5,a5,a2
8000230c:	fff7c793          	not	a5,a5
80002310:	00d7f7b3          	and	a5,a5,a3
80002314:	18f72e23          	sw	a5,412(a4)
80002318:	1b042703          	lw	a4,432(s0)
8000231c:	012487b3          	add	a5,s1,s2
80002320:	00f72223          	sw	a5,4(a4)
80002324:	0297fa63          	bgeu	a5,s1,80002358 <prvAddCurrentTaskToDelayedList.isra.0+0xbc>
80002328:	1b042583          	lw	a1,432(s0)
8000232c:	02812403          	lw	s0,40(sp)
80002330:	02c12083          	lw	ra,44(sp)
80002334:	02412483          	lw	s1,36(sp)
80002338:	02012903          	lw	s2,32(sp)
8000233c:	01c12983          	lw	s3,28(sp)
80002340:	000a0513          	mv	a0,s4
80002344:	01812a03          	lw	s4,24(sp)
80002348:	00458593          	addi	a1,a1,4
8000234c:	03010113          	addi	sp,sp,48
80002350:	ffffe317          	auipc	t1,0xffffe
80002354:	77c30067          	jr	1916(t1) # 80000acc <vListInsert>
80002358:	1b042583          	lw	a1,432(s0)
8000235c:	00098513          	mv	a0,s3
80002360:	00f12623          	sw	a5,12(sp)
80002364:	00458593          	addi	a1,a1,4
80002368:	ffffe097          	auipc	ra,0xffffe
8000236c:	764080e7          	jalr	1892(ra) # 80000acc <vListInsert>
80002370:	80005737          	lui	a4,0x80005
80002374:	18472683          	lw	a3,388(a4) # 80005184 <xNextTaskUnblockTime>
80002378:	00c12783          	lw	a5,12(sp)
8000237c:	00d7f463          	bgeu	a5,a3,80002384 <prvAddCurrentTaskToDelayedList.isra.0+0xe8>
80002380:	18f72223          	sw	a5,388(a4)
80002384:	02c12083          	lw	ra,44(sp)
80002388:	02812403          	lw	s0,40(sp)
8000238c:	02412483          	lw	s1,36(sp)
80002390:	02012903          	lw	s2,32(sp)
80002394:	01c12983          	lw	s3,28(sp)
80002398:	01812a03          	lw	s4,24(sp)
8000239c:	03010113          	addi	sp,sp,48
800023a0:	00008067          	ret

800023a4 <xTaskIncrementTick.part.0>:
800023a4:	800057b7          	lui	a5,0x80005
800023a8:	1a07ae03          	lw	t3,416(a5) # 800051a0 <xTickCount>
800023ac:	fe010113          	addi	sp,sp,-32
800023b0:	00112e23          	sw	ra,28(sp)
800023b4:	001e0e13          	addi	t3,t3,1
800023b8:	1bc7a023          	sw	t3,416(a5)
800023bc:	120e0a63          	beqz	t3,800024f0 <xTaskIncrementTick.part.0+0x14c>
800023c0:	800053b7          	lui	t2,0x80005
800023c4:	1843a783          	lw	a5,388(t2) # 80005184 <xNextTaskUnblockTime>
800023c8:	16fe6e63          	bltu	t3,a5,80002544 <xTaskIncrementTick.part.0+0x1a0>
800023cc:	80005337          	lui	t1,0x80005
800023d0:	1ac32783          	lw	a5,428(t1) # 800051ac <pxDelayedTaskList>
800023d4:	0007a783          	lw	a5,0(a5)
800023d8:	22078663          	beqz	a5,80002604 <xTaskIncrementTick.part.0+0x260>
800023dc:	80006537          	lui	a0,0x80006
800023e0:	00812c23          	sw	s0,24(sp)
800023e4:	2f850513          	addi	a0,a0,760 # 800062f8 <pxReadyTasksLists>
800023e8:	00000e93          	li	t4,0
800023ec:	80005fb7          	lui	t6,0x80005
800023f0:	80005f37          	lui	t5,0x80005
800023f4:	00100293          	li	t0,1
800023f8:	0b00006f          	j	800024a8 <xTaskIncrementTick.part.0+0x104>
800023fc:	0006a583          	lw	a1,0(a3)
80002400:	0287a703          	lw	a4,40(a5)
80002404:	fff58593          	addi	a1,a1,-1
80002408:	00b6a023          	sw	a1,0(a3)
8000240c:	02070863          	beqz	a4,8000243c <xTaskIncrementTick.part.0+0x98>
80002410:	01c7a583          	lw	a1,28(a5)
80002414:	0207a683          	lw	a3,32(a5)
80002418:	00d5a423          	sw	a3,8(a1)
8000241c:	01c7a583          	lw	a1,28(a5)
80002420:	00b6a223          	sw	a1,4(a3)
80002424:	00472683          	lw	a3,4(a4)
80002428:	19168463          	beq	a3,a7,800025b0 <xTaskIncrementTick.part.0+0x20c>
8000242c:	00072683          	lw	a3,0(a4)
80002430:	0207a423          	sw	zero,40(a5)
80002434:	fff68693          	addi	a3,a3,-1
80002438:	00d72023          	sw	a3,0(a4)
8000243c:	02c7a683          	lw	a3,44(a5)
80002440:	19cf2403          	lw	s0,412(t5) # 8000519c <uxTopReadyPriority>
80002444:	00269713          	slli	a4,a3,0x2
80002448:	00d70733          	add	a4,a4,a3
8000244c:	00271713          	slli	a4,a4,0x2
80002450:	00e50733          	add	a4,a0,a4
80002454:	00472803          	lw	a6,4(a4)
80002458:	00072583          	lw	a1,0(a4)
8000245c:	00d296b3          	sll	a3,t0,a3
80002460:	0107a423          	sw	a6,8(a5)
80002464:	00882883          	lw	a7,8(a6)
80002468:	0086e6b3          	or	a3,a3,s0
8000246c:	18df2e23          	sw	a3,412(t5)
80002470:	0117a623          	sw	a7,12(a5)
80002474:	00c8a223          	sw	a2,4(a7)
80002478:	00c82423          	sw	a2,8(a6)
8000247c:	1b0fa803          	lw	a6,432(t6) # 800051b0 <pxCurrentTCB>
80002480:	00e7aa23          	sw	a4,20(a5)
80002484:	00158693          	addi	a3,a1,1
80002488:	1ac32603          	lw	a2,428(t1)
8000248c:	00d72023          	sw	a3,0(a4)
80002490:	02c7a783          	lw	a5,44(a5)
80002494:	02c82683          	lw	a3,44(a6)
80002498:	00062703          	lw	a4,0(a2)
8000249c:	00f6b7b3          	sltu	a5,a3,a5
800024a0:	00feeeb3          	or	t4,t4,a5
800024a4:	12070263          	beqz	a4,800025c8 <xTaskIncrementTick.part.0+0x224>
800024a8:	1ac32783          	lw	a5,428(t1)
800024ac:	00c7a783          	lw	a5,12(a5)
800024b0:	00c7a783          	lw	a5,12(a5)
800024b4:	0047a703          	lw	a4,4(a5)
800024b8:	00478613          	addi	a2,a5,4
800024bc:	01878893          	addi	a7,a5,24
800024c0:	0eee6e63          	bltu	t3,a4,800025bc <xTaskIncrementTick.part.0+0x218>
800024c4:	0087a583          	lw	a1,8(a5)
800024c8:	00c7a703          	lw	a4,12(a5)
800024cc:	0147a683          	lw	a3,20(a5)
800024d0:	00e5a423          	sw	a4,8(a1)
800024d4:	0087a803          	lw	a6,8(a5)
800024d8:	0046a583          	lw	a1,4(a3)
800024dc:	01072223          	sw	a6,4(a4)
800024e0:	f0c59ee3          	bne	a1,a2,800023fc <xTaskIncrementTick.part.0+0x58>
800024e4:	00c7a703          	lw	a4,12(a5)
800024e8:	00e6a223          	sw	a4,4(a3)
800024ec:	f11ff06f          	j	800023fc <xTaskIncrementTick.part.0+0x58>
800024f0:	80005337          	lui	t1,0x80005
800024f4:	1ac32783          	lw	a5,428(t1) # 800051ac <pxDelayedTaskList>
800024f8:	0007a783          	lw	a5,0(a5)
800024fc:	0c079e63          	bnez	a5,800025d8 <xTaskIncrementTick.part.0+0x234>
80002500:	800057b7          	lui	a5,0x80005
80002504:	1ac32683          	lw	a3,428(t1)
80002508:	1a87a603          	lw	a2,424(a5) # 800051a8 <pxOverflowDelayedTaskList>
8000250c:	80005737          	lui	a4,0x80005
80002510:	1ac32623          	sw	a2,428(t1)
80002514:	1ad7a423          	sw	a3,424(a5)
80002518:	18c72783          	lw	a5,396(a4) # 8000518c <xNumOfOverflows>
8000251c:	00178793          	addi	a5,a5,1
80002520:	18f72623          	sw	a5,396(a4)
80002524:	1ac32783          	lw	a5,428(t1)
80002528:	0007a783          	lw	a5,0(a5)
8000252c:	06079663          	bnez	a5,80002598 <xTaskIncrementTick.part.0+0x1f4>
80002530:	800053b7          	lui	t2,0x80005
80002534:	fff00793          	li	a5,-1
80002538:	18f3a223          	sw	a5,388(t2) # 80005184 <xNextTaskUnblockTime>
8000253c:	1843a783          	lw	a5,388(t2)
80002540:	e8fe76e3          	bgeu	t3,a5,800023cc <xTaskIncrementTick.part.0+0x28>
80002544:	80006537          	lui	a0,0x80006
80002548:	2f850513          	addi	a0,a0,760 # 800062f8 <pxReadyTasksLists>
8000254c:	00000e93          	li	t4,0
80002550:	80005fb7          	lui	t6,0x80005
80002554:	1b0fa783          	lw	a5,432(t6) # 800051b0 <pxCurrentTCB>
80002558:	80005737          	lui	a4,0x80005
8000255c:	19072703          	lw	a4,400(a4) # 80005190 <xYieldPendings>
80002560:	02c7a683          	lw	a3,44(a5)
80002564:	01c12083          	lw	ra,28(sp)
80002568:	00e03733          	snez	a4,a4
8000256c:	00269793          	slli	a5,a3,0x2
80002570:	00d787b3          	add	a5,a5,a3
80002574:	00279793          	slli	a5,a5,0x2
80002578:	00f50533          	add	a0,a0,a5
8000257c:	00052503          	lw	a0,0(a0)
80002580:	02010113          	addi	sp,sp,32
80002584:	00253513          	sltiu	a0,a0,2
80002588:	00153513          	seqz	a0,a0
8000258c:	00e56533          	or	a0,a0,a4
80002590:	01d56533          	or	a0,a0,t4
80002594:	00008067          	ret
80002598:	1ac32783          	lw	a5,428(t1)
8000259c:	800053b7          	lui	t2,0x80005
800025a0:	00c7a783          	lw	a5,12(a5)
800025a4:	0007a783          	lw	a5,0(a5)
800025a8:	18f3a223          	sw	a5,388(t2) # 80005184 <xNextTaskUnblockTime>
800025ac:	e19ff06f          	j	800023c4 <xTaskIncrementTick.part.0+0x20>
800025b0:	0207a683          	lw	a3,32(a5)
800025b4:	00d72223          	sw	a3,4(a4)
800025b8:	e75ff06f          	j	8000242c <xTaskIncrementTick.part.0+0x88>
800025bc:	01812403          	lw	s0,24(sp)
800025c0:	18e3a223          	sw	a4,388(t2)
800025c4:	f91ff06f          	j	80002554 <xTaskIncrementTick.part.0+0x1b0>
800025c8:	01812403          	lw	s0,24(sp)
800025cc:	fff00793          	li	a5,-1
800025d0:	18f3a223          	sw	a5,388(t2)
800025d4:	f81ff06f          	j	80002554 <xTaskIncrementTick.part.0+0x1b0>
800025d8:	80005537          	lui	a0,0x80005
800025dc:	000015b7          	lui	a1,0x1
800025e0:	25f58593          	addi	a1,a1,607 # 125f <_start-0x7fffeda1>
800025e4:	fb850513          	addi	a0,a0,-72 # 80004fb8 <__clzsi2+0x2b8>
800025e8:	00612623          	sw	t1,12(sp)
800025ec:	01c12423          	sw	t3,8(sp)
800025f0:	ffffe097          	auipc	ra,0xffffe
800025f4:	fdc080e7          	jalr	-36(ra) # 800005cc <vAssertCalled>
800025f8:	00c12303          	lw	t1,12(sp)
800025fc:	00812e03          	lw	t3,8(sp)
80002600:	f01ff06f          	j	80002500 <xTaskIncrementTick.part.0+0x15c>
80002604:	80006537          	lui	a0,0x80006
80002608:	2f850513          	addi	a0,a0,760 # 800062f8 <pxReadyTasksLists>
8000260c:	00000e93          	li	t4,0
80002610:	80005fb7          	lui	t6,0x80005
80002614:	fb9ff06f          	j	800025cc <xTaskIncrementTick.part.0+0x228>

80002618 <xTaskCreateStatic>:
80002618:	fc010113          	addi	sp,sp,-64
8000261c:	02812c23          	sw	s0,56(sp)
80002620:	02912a23          	sw	s1,52(sp)
80002624:	03212823          	sw	s2,48(sp)
80002628:	03312623          	sw	s3,44(sp)
8000262c:	03412423          	sw	s4,40(sp)
80002630:	03512223          	sw	s5,36(sp)
80002634:	02112e23          	sw	ra,60(sp)
80002638:	00070493          	mv	s1,a4
8000263c:	00080413          	mv	s0,a6
80002640:	00050993          	mv	s3,a0
80002644:	00058913          	mv	s2,a1
80002648:	00060a13          	mv	s4,a2
8000264c:	00068a93          	mv	s5,a3
80002650:	24078c63          	beqz	a5,800028a8 <xTaskCreateStatic+0x290>
80002654:	26040a63          	beqz	s0,800028c8 <xTaskCreateStatic+0x2b0>
80002658:	04800713          	li	a4,72
8000265c:	00e12e23          	sw	a4,28(sp)
80002660:	01c12683          	lw	a3,28(sp)
80002664:	1ce69e63          	bne	a3,a4,80002840 <xTaskCreateStatic+0x228>
80002668:	01c12703          	lw	a4,28(sp)
8000266c:	1e078c63          	beqz	a5,80002864 <xTaskCreateStatic+0x24c>
80002670:	04800613          	li	a2,72
80002674:	00000593          	li	a1,0
80002678:	00040513          	mv	a0,s0
8000267c:	00f12223          	sw	a5,4(sp)
80002680:	ffffe097          	auipc	ra,0xffffe
80002684:	318080e7          	jalr	792(ra) # 80000998 <memset>
80002688:	00412783          	lw	a5,4(sp)
8000268c:	002a1613          	slli	a2,s4,0x2
80002690:	0a500593          	li	a1,165
80002694:	02f42823          	sw	a5,48(s0)
80002698:	00078513          	mv	a0,a5
8000269c:	00c12223          	sw	a2,4(sp)
800026a0:	ffffe097          	auipc	ra,0xffffe
800026a4:	2f8080e7          	jalr	760(ra) # 80000998 <memset>
800026a8:	00412603          	lw	a2,4(sp)
800026ac:	03042503          	lw	a0,48(s0)
800026b0:	ffc60613          	addi	a2,a2,-4
800026b4:	00c50533          	add	a0,a0,a2
800026b8:	ff057a13          	andi	s4,a0,-16
800026bc:	02090663          	beqz	s2,800026e8 <xTaskCreateStatic+0xd0>
800026c0:	00090593          	mv	a1,s2
800026c4:	00c90713          	addi	a4,s2,12
800026c8:	03440793          	addi	a5,s0,52
800026cc:	0005c683          	lbu	a3,0(a1)
800026d0:	00158593          	addi	a1,a1,1
800026d4:	00d78023          	sb	a3,0(a5)
800026d8:	00068663          	beqz	a3,800026e4 <xTaskCreateStatic+0xcc>
800026dc:	00178793          	addi	a5,a5,1
800026e0:	fee596e3          	bne	a1,a4,800026cc <xTaskCreateStatic+0xb4>
800026e4:	02040fa3          	sb	zero,63(s0)
800026e8:	00400793          	li	a5,4
800026ec:	1897ee63          	bltu	a5,s1,80002888 <xTaskCreateStatic+0x270>
800026f0:	00500793          	li	a5,5
800026f4:	409787b3          	sub	a5,a5,s1
800026f8:	00440893          	addi	a7,s0,4
800026fc:	00088513          	mv	a0,a7
80002700:	02942623          	sw	s1,44(s0)
80002704:	00f12423          	sw	a5,8(sp)
80002708:	01112223          	sw	a7,4(sp)
8000270c:	ffffe097          	auipc	ra,0xffffe
80002710:	38c080e7          	jalr	908(ra) # 80000a98 <vListInitialiseItem>
80002714:	01840513          	addi	a0,s0,24
80002718:	ffffe097          	auipc	ra,0xffffe
8000271c:	380080e7          	jalr	896(ra) # 80000a98 <vListInitialiseItem>
80002720:	00812783          	lw	a5,8(sp)
80002724:	00842823          	sw	s0,16(s0)
80002728:	02842223          	sw	s0,36(s0)
8000272c:	00f42c23          	sw	a5,24(s0)
80002730:	000a8613          	mv	a2,s5
80002734:	00098593          	mv	a1,s3
80002738:	000a0513          	mv	a0,s4
8000273c:	00002097          	auipc	ra,0x2
80002740:	cbc080e7          	jalr	-836(ra) # 800043f8 <pxPortInitialiseStack>
80002744:	00a42023          	sw	a0,0(s0)
80002748:	30047073          	csrci	mstatus,8
8000274c:	80005737          	lui	a4,0x80005
80002750:	1a472783          	lw	a5,420(a4) # 800051a4 <uxCurrentNumberOfTasks>
80002754:	800054b7          	lui	s1,0x80005
80002758:	1684a803          	lw	a6,360(s1) # 80005168 <xCriticalNesting>
8000275c:	00178793          	addi	a5,a5,1
80002760:	1af72223          	sw	a5,420(a4)
80002764:	80005337          	lui	t1,0x80005
80002768:	1b032783          	lw	a5,432(t1) # 800051b0 <pxCurrentTCB>
8000276c:	00180693          	addi	a3,a6,1
80002770:	16d4a423          	sw	a3,360(s1)
80002774:	00412883          	lw	a7,4(sp)
80002778:	18078c63          	beqz	a5,80002910 <xTaskCreateStatic+0x2f8>
8000277c:	80005f37          	lui	t5,0x80005
80002780:	198f2783          	lw	a5,408(t5) # 80005198 <xSchedulerRunning>
80002784:	02c42683          	lw	a3,44(s0)
80002788:	0e078263          	beqz	a5,8000286c <xTaskCreateStatic+0x254>
8000278c:	800067b7          	lui	a5,0x80006
80002790:	2f878793          	addi	a5,a5,760 # 800062f8 <pxReadyTasksLists>
80002794:	00269713          	slli	a4,a3,0x2
80002798:	00d70733          	add	a4,a4,a3
8000279c:	00271713          	slli	a4,a4,0x2
800027a0:	00e787b3          	add	a5,a5,a4
800027a4:	0047a503          	lw	a0,4(a5)
800027a8:	80005eb7          	lui	t4,0x80005
800027ac:	80005e37          	lui	t3,0x80005
800027b0:	00a42423          	sw	a0,8(s0)
800027b4:	00852703          	lw	a4,8(a0)
800027b8:	0007a583          	lw	a1,0(a5)
800027bc:	188ea603          	lw	a2,392(t4) # 80005188 <uxTaskNumber>
800027c0:	00e42623          	sw	a4,12(s0)
800027c4:	19ce2f83          	lw	t6,412(t3) # 8000519c <uxTopReadyPriority>
800027c8:	01172223          	sw	a7,4(a4)
800027cc:	00100713          	li	a4,1
800027d0:	01152423          	sw	a7,8(a0)
800027d4:	00d71733          	sll	a4,a4,a3
800027d8:	00f42a23          	sw	a5,20(s0)
800027dc:	00158593          	addi	a1,a1,1
800027e0:	00160693          	addi	a3,a2,1
800027e4:	01f76733          	or	a4,a4,t6
800027e8:	1704a423          	sw	a6,360(s1)
800027ec:	00b7a023          	sw	a1,0(a5)
800027f0:	18dea423          	sw	a3,392(t4)
800027f4:	18ee2e23          	sw	a4,412(t3)
800027f8:	00081463          	bnez	a6,80002800 <xTaskCreateStatic+0x1e8>
800027fc:	30046073          	csrsi	mstatus,8
80002800:	198f2783          	lw	a5,408(t5)
80002804:	00078a63          	beqz	a5,80002818 <xTaskCreateStatic+0x200>
80002808:	1b032703          	lw	a4,432(t1)
8000280c:	02c42783          	lw	a5,44(s0)
80002810:	02c72703          	lw	a4,44(a4)
80002814:	0ef76a63          	bltu	a4,a5,80002908 <xTaskCreateStatic+0x2f0>
80002818:	00040513          	mv	a0,s0
8000281c:	03c12083          	lw	ra,60(sp)
80002820:	03812403          	lw	s0,56(sp)
80002824:	03412483          	lw	s1,52(sp)
80002828:	03012903          	lw	s2,48(sp)
8000282c:	02c12983          	lw	s3,44(sp)
80002830:	02812a03          	lw	s4,40(sp)
80002834:	02412a83          	lw	s5,36(sp)
80002838:	04010113          	addi	sp,sp,64
8000283c:	00008067          	ret
80002840:	80005537          	lui	a0,0x80005
80002844:	fb850513          	addi	a0,a0,-72 # 80004fb8 <__clzsi2+0x2b8>
80002848:	4fa00593          	li	a1,1274
8000284c:	00f12223          	sw	a5,4(sp)
80002850:	ffffe097          	auipc	ra,0xffffe
80002854:	d7c080e7          	jalr	-644(ra) # 800005cc <vAssertCalled>
80002858:	00412783          	lw	a5,4(sp)
8000285c:	01c12703          	lw	a4,28(sp)
80002860:	e00798e3          	bnez	a5,80002670 <xTaskCreateStatic+0x58>
80002864:	00000513          	li	a0,0
80002868:	fb5ff06f          	j	8000281c <xTaskCreateStatic+0x204>
8000286c:	1b032783          	lw	a5,432(t1)
80002870:	02c7a783          	lw	a5,44(a5)
80002874:	f0f6ece3          	bltu	a3,a5,8000278c <xTaskCreateStatic+0x174>
80002878:	800067b7          	lui	a5,0x80006
8000287c:	1a832823          	sw	s0,432(t1)
80002880:	2f878793          	addi	a5,a5,760 # 800062f8 <pxReadyTasksLists>
80002884:	f11ff06f          	j	80002794 <xTaskCreateStatic+0x17c>
80002888:	80005537          	lui	a0,0x80005
8000288c:	fb850513          	addi	a0,a0,-72 # 80004fb8 <__clzsi2+0x2b8>
80002890:	76400593          	li	a1,1892
80002894:	ffffe097          	auipc	ra,0xffffe
80002898:	d38080e7          	jalr	-712(ra) # 800005cc <vAssertCalled>
8000289c:	00400493          	li	s1,4
800028a0:	00100793          	li	a5,1
800028a4:	e55ff06f          	j	800026f8 <xTaskCreateStatic+0xe0>
800028a8:	80005537          	lui	a0,0x80005
800028ac:	fb850513          	addi	a0,a0,-72 # 80004fb8 <__clzsi2+0x2b8>
800028b0:	4f100593          	li	a1,1265
800028b4:	00f12223          	sw	a5,4(sp)
800028b8:	ffffe097          	auipc	ra,0xffffe
800028bc:	d14080e7          	jalr	-748(ra) # 800005cc <vAssertCalled>
800028c0:	00412783          	lw	a5,4(sp)
800028c4:	d8041ae3          	bnez	s0,80002658 <xTaskCreateStatic+0x40>
800028c8:	80005437          	lui	s0,0x80005
800028cc:	fb840513          	addi	a0,s0,-72 # 80004fb8 <__clzsi2+0x2b8>
800028d0:	4f200593          	li	a1,1266
800028d4:	ffffe097          	auipc	ra,0xffffe
800028d8:	cf8080e7          	jalr	-776(ra) # 800005cc <vAssertCalled>
800028dc:	04800793          	li	a5,72
800028e0:	00f12e23          	sw	a5,28(sp)
800028e4:	01c12703          	lw	a4,28(sp)
800028e8:	04f70663          	beq	a4,a5,80002934 <xTaskCreateStatic+0x31c>
800028ec:	fb840513          	addi	a0,s0,-72
800028f0:	4fa00593          	li	a1,1274
800028f4:	ffffe097          	auipc	ra,0xffffe
800028f8:	cd8080e7          	jalr	-808(ra) # 800005cc <vAssertCalled>
800028fc:	01c12783          	lw	a5,28(sp)
80002900:	00000513          	li	a0,0
80002904:	f19ff06f          	j	8000281c <xTaskCreateStatic+0x204>
80002908:	00000073          	ecall
8000290c:	f0dff06f          	j	80002818 <xTaskCreateStatic+0x200>
80002910:	1a832823          	sw	s0,432(t1)
80002914:	1a472703          	lw	a4,420(a4)
80002918:	00100793          	li	a5,1
8000291c:	02f70263          	beq	a4,a5,80002940 <xTaskCreateStatic+0x328>
80002920:	800067b7          	lui	a5,0x80006
80002924:	02c42683          	lw	a3,44(s0)
80002928:	2f878793          	addi	a5,a5,760 # 800062f8 <pxReadyTasksLists>
8000292c:	80005f37          	lui	t5,0x80005
80002930:	e65ff06f          	j	80002794 <xTaskCreateStatic+0x17c>
80002934:	01c12783          	lw	a5,28(sp)
80002938:	00000513          	li	a0,0
8000293c:	ee1ff06f          	j	8000281c <xTaskCreateStatic+0x204>
80002940:	800067b7          	lui	a5,0x80006
80002944:	2f878793          	addi	a5,a5,760 # 800062f8 <pxReadyTasksLists>
80002948:	00078513          	mv	a0,a5
8000294c:	00f12623          	sw	a5,12(sp)
80002950:	01112423          	sw	a7,8(sp)
80002954:	00a12223          	sw	a0,4(sp)
80002958:	ffffe097          	auipc	ra,0xffffe
8000295c:	120080e7          	jalr	288(ra) # 80000a78 <vListInitialise>
80002960:	00412503          	lw	a0,4(sp)
80002964:	800067b7          	lui	a5,0x80006
80002968:	35c78713          	addi	a4,a5,860 # 8000635c <xDelayedTaskList1>
8000296c:	01450513          	addi	a0,a0,20
80002970:	00812883          	lw	a7,8(sp)
80002974:	00c12783          	lw	a5,12(sp)
80002978:	fca71ae3          	bne	a4,a0,8000294c <xTaskCreateStatic+0x334>
8000297c:	80006937          	lui	s2,0x80006
80002980:	35c90513          	addi	a0,s2,860 # 8000635c <xDelayedTaskList1>
80002984:	00f12223          	sw	a5,4(sp)
80002988:	ffffe097          	auipc	ra,0xffffe
8000298c:	0f0080e7          	jalr	240(ra) # 80000a78 <vListInitialise>
80002990:	00412783          	lw	a5,4(sp)
80002994:	07878513          	addi	a0,a5,120
80002998:	ffffe097          	auipc	ra,0xffffe
8000299c:	0e0080e7          	jalr	224(ra) # 80000a78 <vListInitialise>
800029a0:	00412783          	lw	a5,4(sp)
800029a4:	08c78513          	addi	a0,a5,140
800029a8:	ffffe097          	auipc	ra,0xffffe
800029ac:	0d0080e7          	jalr	208(ra) # 80000a78 <vListInitialise>
800029b0:	800056b7          	lui	a3,0x80005
800029b4:	35c90793          	addi	a5,s2,860
800029b8:	1684a803          	lw	a6,360(s1)
800029bc:	1af6a623          	sw	a5,428(a3) # 800051ac <pxDelayedTaskList>
800029c0:	800067b7          	lui	a5,0x80006
800029c4:	800056b7          	lui	a3,0x80005
800029c8:	37078713          	addi	a4,a5,880 # 80006370 <xDelayedTaskList2>
800029cc:	1ae6a423          	sw	a4,424(a3) # 800051a8 <pxOverflowDelayedTaskList>
800029d0:	00412783          	lw	a5,4(sp)
800029d4:	02c42683          	lw	a3,44(s0)
800029d8:	00812883          	lw	a7,8(sp)
800029dc:	fff80813          	addi	a6,a6,-1
800029e0:	80005f37          	lui	t5,0x80005
800029e4:	80005337          	lui	t1,0x80005
800029e8:	dadff06f          	j	80002794 <xTaskCreateStatic+0x17c>

800029ec <vTaskStartScheduler>:
800029ec:	fd010113          	addi	sp,sp,-48
800029f0:	454c47b7          	lui	a5,0x454c4
800029f4:	44978793          	addi	a5,a5,1097 # 454c4449 <_start-0x3ab3bbb7>
800029f8:	01010613          	addi	a2,sp,16
800029fc:	00c10593          	addi	a1,sp,12
80002a00:	00810513          	addi	a0,sp,8
80002a04:	02112623          	sw	ra,44(sp)
80002a08:	00f12a23          	sw	a5,20(sp)
80002a0c:	00010c23          	sb	zero,24(sp)
80002a10:	00012423          	sw	zero,8(sp)
80002a14:	00012623          	sw	zero,12(sp)
80002a18:	ffffe097          	auipc	ra,0xffffe
80002a1c:	c8c080e7          	jalr	-884(ra) # 800006a4 <vApplicationGetIdleTaskMemory>
80002a20:	00812803          	lw	a6,8(sp)
80002a24:	00c12783          	lw	a5,12(sp)
80002a28:	01012603          	lw	a2,16(sp)
80002a2c:	80002537          	lui	a0,0x80002
80002a30:	01410593          	addi	a1,sp,20
80002a34:	27c50513          	addi	a0,a0,636 # 8000227c <prvIdleTask>
80002a38:	00000713          	li	a4,0
80002a3c:	00000693          	li	a3,0
80002a40:	00000097          	auipc	ra,0x0
80002a44:	bd8080e7          	jalr	-1064(ra) # 80002618 <xTaskCreateStatic>
80002a48:	00051c63          	bnez	a0,80002a60 <vTaskStartScheduler+0x74>
80002a4c:	02c12083          	lw	ra,44(sp)
80002a50:	800057b7          	lui	a5,0x80005
80002a54:	1547a783          	lw	a5,340(a5) # 80005154 <uxTopUsedPriority>
80002a58:	03010113          	addi	sp,sp,48
80002a5c:	00008067          	ret
80002a60:	30047073          	csrci	mstatus,8
80002a64:	800057b7          	lui	a5,0x80005
80002a68:	fff00713          	li	a4,-1
80002a6c:	18e7a223          	sw	a4,388(a5) # 80005184 <xNextTaskUnblockTime>
80002a70:	800057b7          	lui	a5,0x80005
80002a74:	00100713          	li	a4,1
80002a78:	18e7ac23          	sw	a4,408(a5) # 80005198 <xSchedulerRunning>
80002a7c:	800057b7          	lui	a5,0x80005
80002a80:	1a07a023          	sw	zero,416(a5) # 800051a0 <xTickCount>
80002a84:	00002097          	auipc	ra,0x2
80002a88:	924080e7          	jalr	-1756(ra) # 800043a8 <xPortStartScheduler>
80002a8c:	02c12083          	lw	ra,44(sp)
80002a90:	800057b7          	lui	a5,0x80005
80002a94:	1547a783          	lw	a5,340(a5) # 80005154 <uxTopUsedPriority>
80002a98:	03010113          	addi	sp,sp,48
80002a9c:	00008067          	ret

80002aa0 <vTaskEndScheduler>:
80002aa0:	30047073          	csrci	mstatus,8
80002aa4:	800057b7          	lui	a5,0x80005
80002aa8:	1807ac23          	sw	zero,408(a5) # 80005198 <xSchedulerRunning>
80002aac:	00002317          	auipc	t1,0x2
80002ab0:	94830067          	jr	-1720(t1) # 800043f4 <vPortEndScheduler>

80002ab4 <vTaskSuspendAll>:
80002ab4:	80005737          	lui	a4,0x80005
80002ab8:	18072783          	lw	a5,384(a4) # 80005180 <uxSchedulerSuspended>
80002abc:	00178793          	addi	a5,a5,1
80002ac0:	18f72023          	sw	a5,384(a4)
80002ac4:	00008067          	ret

80002ac8 <xTaskResumeAll>:
80002ac8:	fe010113          	addi	sp,sp,-32
80002acc:	00112e23          	sw	ra,28(sp)
80002ad0:	30047073          	csrci	mstatus,8
80002ad4:	80005e37          	lui	t3,0x80005
80002ad8:	168e2783          	lw	a5,360(t3) # 80005168 <xCriticalNesting>
80002adc:	800058b7          	lui	a7,0x80005
80002ae0:	1808a703          	lw	a4,384(a7) # 80005180 <uxSchedulerSuspended>
80002ae4:	00178793          	addi	a5,a5,1
80002ae8:	16fe2423          	sw	a5,360(t3)
80002aec:	16070463          	beqz	a4,80002c54 <xTaskResumeAll+0x18c>
80002af0:	1808a783          	lw	a5,384(a7)
80002af4:	fff78793          	addi	a5,a5,-1
80002af8:	18f8a023          	sw	a5,384(a7)
80002afc:	1808a783          	lw	a5,384(a7)
80002b00:	12079263          	bnez	a5,80002c24 <xTaskResumeAll+0x15c>
80002b04:	800057b7          	lui	a5,0x80005
80002b08:	1a47a783          	lw	a5,420(a5) # 800051a4 <uxCurrentNumberOfTasks>
80002b0c:	10078c63          	beqz	a5,80002c24 <xTaskResumeAll+0x15c>
80002b10:	80006837          	lui	a6,0x80006
80002b14:	2f880813          	addi	a6,a6,760 # 800062f8 <pxReadyTasksLists>
80002b18:	08c82783          	lw	a5,140(a6)
80002b1c:	80005fb7          	lui	t6,0x80005
80002b20:	16078e63          	beqz	a5,80002c9c <xTaskResumeAll+0x1d4>
80002b24:	80005eb7          	lui	t4,0x80005
80002b28:	800052b7          	lui	t0,0x80005
80002b2c:	80005fb7          	lui	t6,0x80005
80002b30:	00100f13          	li	t5,1
80002b34:	0ac0006f          	j	80002be0 <xTaskResumeAll+0x118>
80002b38:	00072683          	lw	a3,0(a4)
80002b3c:	0207a423          	sw	zero,40(a5)
80002b40:	fff68693          	addi	a3,a3,-1
80002b44:	00d72023          	sw	a3,0(a4)
80002b48:	0087a583          	lw	a1,8(a5)
80002b4c:	00c7a683          	lw	a3,12(a5)
80002b50:	0147a703          	lw	a4,20(a5)
80002b54:	19cea603          	lw	a2,412(t4) # 8000519c <uxTopReadyPriority>
80002b58:	00d5a423          	sw	a3,8(a1)
80002b5c:	0087a303          	lw	t1,8(a5)
80002b60:	00472583          	lw	a1,4(a4)
80002b64:	00478513          	addi	a0,a5,4
80002b68:	0066a223          	sw	t1,4(a3)
80002b6c:	0ca58e63          	beq	a1,a0,80002c48 <xTaskResumeAll+0x180>
80002b70:	00072683          	lw	a3,0(a4)
80002b74:	fff68693          	addi	a3,a3,-1
80002b78:	00d72023          	sw	a3,0(a4)
80002b7c:	02c7a683          	lw	a3,44(a5)
80002b80:	00269713          	slli	a4,a3,0x2
80002b84:	00d70733          	add	a4,a4,a3
80002b88:	00271713          	slli	a4,a4,0x2
80002b8c:	00e80733          	add	a4,a6,a4
80002b90:	00472583          	lw	a1,4(a4)
80002b94:	00df16b3          	sll	a3,t5,a3
80002b98:	00c6e6b3          	or	a3,a3,a2
80002b9c:	00b7a423          	sw	a1,8(a5)
80002ba0:	0085a303          	lw	t1,8(a1)
80002ba4:	00072603          	lw	a2,0(a4)
80002ba8:	18deae23          	sw	a3,412(t4)
80002bac:	0067a623          	sw	t1,12(a5)
80002bb0:	00a32223          	sw	a0,4(t1)
80002bb4:	00a5a423          	sw	a0,8(a1)
80002bb8:	1b02a583          	lw	a1,432(t0) # 800051b0 <pxCurrentTCB>
80002bbc:	00e7aa23          	sw	a4,20(a5)
80002bc0:	00160693          	addi	a3,a2,1
80002bc4:	00d72023          	sw	a3,0(a4)
80002bc8:	02c7a703          	lw	a4,44(a5)
80002bcc:	02c5a783          	lw	a5,44(a1)
80002bd0:	00e7f463          	bgeu	a5,a4,80002bd8 <xTaskResumeAll+0x110>
80002bd4:	19efa823          	sw	t5,400(t6) # 80005190 <xYieldPendings>
80002bd8:	08c82783          	lw	a5,140(a6)
80002bdc:	08078e63          	beqz	a5,80002c78 <xTaskResumeAll+0x1b0>
80002be0:	09882783          	lw	a5,152(a6)
80002be4:	00c7a783          	lw	a5,12(a5)
80002be8:	01c7a583          	lw	a1,28(a5)
80002bec:	0207a683          	lw	a3,32(a5)
80002bf0:	0287a703          	lw	a4,40(a5)
80002bf4:	01878613          	addi	a2,a5,24
80002bf8:	00d5a423          	sw	a3,8(a1)
80002bfc:	01c7a503          	lw	a0,28(a5)
80002c00:	00472583          	lw	a1,4(a4)
80002c04:	00a6a223          	sw	a0,4(a3)
80002c08:	f2c598e3          	bne	a1,a2,80002b38 <xTaskResumeAll+0x70>
80002c0c:	0207a683          	lw	a3,32(a5)
80002c10:	00d72223          	sw	a3,4(a4)
80002c14:	f25ff06f          	j	80002b38 <xTaskResumeAll+0x70>
80002c18:	1806aa23          	sw	zero,404(a3)
80002c1c:	190fa783          	lw	a5,400(t6)
80002c20:	0e079063          	bnez	a5,80002d00 <xTaskResumeAll+0x238>
80002c24:	00000513          	li	a0,0
80002c28:	168e2783          	lw	a5,360(t3)
80002c2c:	fff78793          	addi	a5,a5,-1
80002c30:	16fe2423          	sw	a5,360(t3)
80002c34:	00079463          	bnez	a5,80002c3c <xTaskResumeAll+0x174>
80002c38:	30046073          	csrsi	mstatus,8
80002c3c:	01c12083          	lw	ra,28(sp)
80002c40:	02010113          	addi	sp,sp,32
80002c44:	00008067          	ret
80002c48:	00c7a683          	lw	a3,12(a5)
80002c4c:	00d72223          	sw	a3,4(a4)
80002c50:	f21ff06f          	j	80002b70 <xTaskResumeAll+0xa8>
80002c54:	80005537          	lui	a0,0x80005
80002c58:	000015b7          	lui	a1,0x1
80002c5c:	f8b58593          	addi	a1,a1,-117 # f8b <_start-0x7ffff075>
80002c60:	fb850513          	addi	a0,a0,-72 # 80004fb8 <__clzsi2+0x2b8>
80002c64:	ffffe097          	auipc	ra,0xffffe
80002c68:	968080e7          	jalr	-1688(ra) # 800005cc <vAssertCalled>
80002c6c:	800058b7          	lui	a7,0x80005
80002c70:	80005e37          	lui	t3,0x80005
80002c74:	e7dff06f          	j	80002af0 <xTaskResumeAll+0x28>
80002c78:	800057b7          	lui	a5,0x80005
80002c7c:	1ac7a703          	lw	a4,428(a5) # 800051ac <pxDelayedTaskList>
80002c80:	00072703          	lw	a4,0(a4)
80002c84:	08070863          	beqz	a4,80002d14 <xTaskResumeAll+0x24c>
80002c88:	1ac7a703          	lw	a4,428(a5)
80002c8c:	800057b7          	lui	a5,0x80005
80002c90:	00c72703          	lw	a4,12(a4)
80002c94:	00072703          	lw	a4,0(a4)
80002c98:	18e7a223          	sw	a4,388(a5) # 80005184 <xNextTaskUnblockTime>
80002c9c:	800056b7          	lui	a3,0x80005
80002ca0:	1946a783          	lw	a5,404(a3) # 80005194 <xPendedTicks>
80002ca4:	f6078ce3          	beqz	a5,80002c1c <xTaskResumeAll+0x154>
80002ca8:	1808a703          	lw	a4,384(a7) # 80005180 <uxSchedulerSuspended>
80002cac:	04071263          	bnez	a4,80002cf0 <xTaskResumeAll+0x228>
80002cb0:	01f12623          	sw	t6,12(sp)
80002cb4:	00f12423          	sw	a5,8(sp)
80002cb8:	fffff097          	auipc	ra,0xfffff
80002cbc:	6ec080e7          	jalr	1772(ra) # 800023a4 <xTaskIncrementTick.part.0>
80002cc0:	00812783          	lw	a5,8(sp)
80002cc4:	00c12f83          	lw	t6,12(sp)
80002cc8:	80005e37          	lui	t3,0x80005
80002ccc:	800058b7          	lui	a7,0x80005
80002cd0:	800056b7          	lui	a3,0x80005
80002cd4:	00050663          	beqz	a0,80002ce0 <xTaskResumeAll+0x218>
80002cd8:	00100713          	li	a4,1
80002cdc:	18efa823          	sw	a4,400(t6)
80002ce0:	fff78793          	addi	a5,a5,-1
80002ce4:	f2078ae3          	beqz	a5,80002c18 <xTaskResumeAll+0x150>
80002ce8:	1808a703          	lw	a4,384(a7) # 80005180 <uxSchedulerSuspended>
80002cec:	fc0702e3          	beqz	a4,80002cb0 <xTaskResumeAll+0x1e8>
80002cf0:	1946a703          	lw	a4,404(a3) # 80005194 <xPendedTicks>
80002cf4:	00170713          	addi	a4,a4,1
80002cf8:	18e6aa23          	sw	a4,404(a3)
80002cfc:	fe5ff06f          	j	80002ce0 <xTaskResumeAll+0x218>
80002d00:	800057b7          	lui	a5,0x80005
80002d04:	1b07a783          	lw	a5,432(a5) # 800051b0 <pxCurrentTCB>
80002d08:	00000073          	ecall
80002d0c:	00100513          	li	a0,1
80002d10:	f19ff06f          	j	80002c28 <xTaskResumeAll+0x160>
80002d14:	800057b7          	lui	a5,0x80005
80002d18:	fff00713          	li	a4,-1
80002d1c:	18e7a223          	sw	a4,388(a5) # 80005184 <xNextTaskUnblockTime>
80002d20:	f7dff06f          	j	80002c9c <xTaskResumeAll+0x1d4>

80002d24 <vTaskDelay>:
80002d24:	00051663          	bnez	a0,80002d30 <vTaskDelay+0xc>
80002d28:	00000073          	ecall
80002d2c:	00008067          	ret
80002d30:	80005737          	lui	a4,0x80005
80002d34:	18072683          	lw	a3,384(a4) # 80005180 <uxSchedulerSuspended>
80002d38:	fe010113          	addi	sp,sp,-32
80002d3c:	00112e23          	sw	ra,28(sp)
80002d40:	00168693          	addi	a3,a3,1
80002d44:	00050793          	mv	a5,a0
80002d48:	18d72023          	sw	a3,384(a4)
80002d4c:	18072683          	lw	a3,384(a4)
80002d50:	00100713          	li	a4,1
80002d54:	02e69663          	bne	a3,a4,80002d80 <vTaskDelay+0x5c>
80002d58:	00078513          	mv	a0,a5
80002d5c:	fffff097          	auipc	ra,0xfffff
80002d60:	540080e7          	jalr	1344(ra) # 8000229c <prvAddCurrentTaskToDelayedList.isra.0>
80002d64:	00000097          	auipc	ra,0x0
80002d68:	d64080e7          	jalr	-668(ra) # 80002ac8 <xTaskResumeAll>
80002d6c:	00051463          	bnez	a0,80002d74 <vTaskDelay+0x50>
80002d70:	00000073          	ecall
80002d74:	01c12083          	lw	ra,28(sp)
80002d78:	02010113          	addi	sp,sp,32
80002d7c:	00008067          	ret
80002d80:	00a12623          	sw	a0,12(sp)
80002d84:	000015b7          	lui	a1,0x1
80002d88:	80005537          	lui	a0,0x80005
80002d8c:	98e58593          	addi	a1,a1,-1650 # 98e <_start-0x7ffff672>
80002d90:	fb850513          	addi	a0,a0,-72 # 80004fb8 <__clzsi2+0x2b8>
80002d94:	ffffe097          	auipc	ra,0xffffe
80002d98:	838080e7          	jalr	-1992(ra) # 800005cc <vAssertCalled>
80002d9c:	00c12783          	lw	a5,12(sp)
80002da0:	00078513          	mv	a0,a5
80002da4:	fffff097          	auipc	ra,0xfffff
80002da8:	4f8080e7          	jalr	1272(ra) # 8000229c <prvAddCurrentTaskToDelayedList.isra.0>
80002dac:	00000097          	auipc	ra,0x0
80002db0:	d1c080e7          	jalr	-740(ra) # 80002ac8 <xTaskResumeAll>
80002db4:	fa050ee3          	beqz	a0,80002d70 <vTaskDelay+0x4c>
80002db8:	fbdff06f          	j	80002d74 <vTaskDelay+0x50>

80002dbc <xTaskGetTickCount>:
80002dbc:	800057b7          	lui	a5,0x80005
80002dc0:	1a07a503          	lw	a0,416(a5) # 800051a0 <xTickCount>
80002dc4:	00008067          	ret

80002dc8 <xTaskGetTickCountFromISR>:
80002dc8:	800057b7          	lui	a5,0x80005
80002dcc:	1a07a503          	lw	a0,416(a5) # 800051a0 <xTickCount>
80002dd0:	00008067          	ret

80002dd4 <uxTaskGetNumberOfTasks>:
80002dd4:	800057b7          	lui	a5,0x80005
80002dd8:	1a47a503          	lw	a0,420(a5) # 800051a4 <uxCurrentNumberOfTasks>
80002ddc:	00008067          	ret

80002de0 <pcTaskGetName>:
80002de0:	00050793          	mv	a5,a0
80002de4:	00050663          	beqz	a0,80002df0 <pcTaskGetName+0x10>
80002de8:	03478513          	addi	a0,a5,52
80002dec:	00008067          	ret
80002df0:	800057b7          	lui	a5,0x80005
80002df4:	1b07a783          	lw	a5,432(a5) # 800051b0 <pxCurrentTCB>
80002df8:	fe0798e3          	bnez	a5,80002de8 <pcTaskGetName+0x8>
80002dfc:	80005537          	lui	a0,0x80005
80002e00:	000015b7          	lui	a1,0x1
80002e04:	fe010113          	addi	sp,sp,-32
80002e08:	fb850513          	addi	a0,a0,-72 # 80004fb8 <__clzsi2+0x2b8>
80002e0c:	05558593          	addi	a1,a1,85 # 1055 <_start-0x7fffefab>
80002e10:	00112e23          	sw	ra,28(sp)
80002e14:	00f12623          	sw	a5,12(sp)
80002e18:	ffffd097          	auipc	ra,0xffffd
80002e1c:	7b4080e7          	jalr	1972(ra) # 800005cc <vAssertCalled>
80002e20:	00c12783          	lw	a5,12(sp)
80002e24:	01c12083          	lw	ra,28(sp)
80002e28:	03478513          	addi	a0,a5,52
80002e2c:	02010113          	addi	sp,sp,32
80002e30:	00008067          	ret

80002e34 <xTaskGetStaticBuffers>:
80002e34:	fe010113          	addi	sp,sp,-32
80002e38:	00112e23          	sw	ra,28(sp)
80002e3c:	00058713          	mv	a4,a1
80002e40:	00050793          	mv	a5,a0
80002e44:	08058063          	beqz	a1,80002ec4 <xTaskGetStaticBuffers+0x90>
80002e48:	04060463          	beqz	a2,80002e90 <xTaskGetStaticBuffers+0x5c>
80002e4c:	02078063          	beqz	a5,80002e6c <xTaskGetStaticBuffers+0x38>
80002e50:	0307a683          	lw	a3,48(a5)
80002e54:	01c12083          	lw	ra,28(sp)
80002e58:	00100513          	li	a0,1
80002e5c:	00d72023          	sw	a3,0(a4)
80002e60:	00f62023          	sw	a5,0(a2)
80002e64:	02010113          	addi	sp,sp,32
80002e68:	00008067          	ret
80002e6c:	800057b7          	lui	a5,0x80005
80002e70:	1b07a783          	lw	a5,432(a5) # 800051b0 <pxCurrentTCB>
80002e74:	01c12083          	lw	ra,28(sp)
80002e78:	00100513          	li	a0,1
80002e7c:	0307a683          	lw	a3,48(a5)
80002e80:	00d72023          	sw	a3,0(a4)
80002e84:	00f62023          	sw	a5,0(a2)
80002e88:	02010113          	addi	sp,sp,32
80002e8c:	00008067          	ret
80002e90:	80005537          	lui	a0,0x80005
80002e94:	000015b7          	lui	a1,0x1
80002e98:	0f558593          	addi	a1,a1,245 # 10f5 <_start-0x7fffef0b>
80002e9c:	fb850513          	addi	a0,a0,-72 # 80004fb8 <__clzsi2+0x2b8>
80002ea0:	00c12623          	sw	a2,12(sp)
80002ea4:	00e12423          	sw	a4,8(sp)
80002ea8:	00f12223          	sw	a5,4(sp)
80002eac:	ffffd097          	auipc	ra,0xffffd
80002eb0:	720080e7          	jalr	1824(ra) # 800005cc <vAssertCalled>
80002eb4:	00c12603          	lw	a2,12(sp)
80002eb8:	00812703          	lw	a4,8(sp)
80002ebc:	00412783          	lw	a5,4(sp)
80002ec0:	f8dff06f          	j	80002e4c <xTaskGetStaticBuffers+0x18>
80002ec4:	00b12423          	sw	a1,8(sp)
80002ec8:	00a12223          	sw	a0,4(sp)
80002ecc:	000015b7          	lui	a1,0x1
80002ed0:	80005537          	lui	a0,0x80005
80002ed4:	0f458593          	addi	a1,a1,244 # 10f4 <_start-0x7fffef0c>
80002ed8:	fb850513          	addi	a0,a0,-72 # 80004fb8 <__clzsi2+0x2b8>
80002edc:	00c12623          	sw	a2,12(sp)
80002ee0:	ffffd097          	auipc	ra,0xffffd
80002ee4:	6ec080e7          	jalr	1772(ra) # 800005cc <vAssertCalled>
80002ee8:	00c12603          	lw	a2,12(sp)
80002eec:	00812703          	lw	a4,8(sp)
80002ef0:	00412783          	lw	a5,4(sp)
80002ef4:	f4061ce3          	bnez	a2,80002e4c <xTaskGetStaticBuffers+0x18>
80002ef8:	f99ff06f          	j	80002e90 <xTaskGetStaticBuffers+0x5c>

80002efc <xTaskCatchUpTicks>:
80002efc:	800057b7          	lui	a5,0x80005
80002f00:	1807a703          	lw	a4,384(a5) # 80005180 <uxSchedulerSuspended>
80002f04:	fe010113          	addi	sp,sp,-32
80002f08:	00112e23          	sw	ra,28(sp)
80002f0c:	00050693          	mv	a3,a0
80002f10:	04071263          	bnez	a4,80002f54 <xTaskCatchUpTicks+0x58>
80002f14:	1807a703          	lw	a4,384(a5)
80002f18:	00170713          	addi	a4,a4,1
80002f1c:	18e7a023          	sw	a4,384(a5)
80002f20:	30047073          	csrci	mstatus,8
80002f24:	800057b7          	lui	a5,0x80005
80002f28:	1947a503          	lw	a0,404(a5) # 80005194 <xPendedTicks>
80002f2c:	80005737          	lui	a4,0x80005
80002f30:	16872703          	lw	a4,360(a4) # 80005168 <xCriticalNesting>
80002f34:	00d50533          	add	a0,a0,a3
80002f38:	18a7aa23          	sw	a0,404(a5)
80002f3c:	00071463          	bnez	a4,80002f44 <xTaskCatchUpTicks+0x48>
80002f40:	30046073          	csrsi	mstatus,8
80002f44:	01c12083          	lw	ra,28(sp)
80002f48:	02010113          	addi	sp,sp,32
80002f4c:	00000317          	auipc	t1,0x0
80002f50:	b7c30067          	jr	-1156(t1) # 80002ac8 <xTaskResumeAll>
80002f54:	00a12623          	sw	a0,12(sp)
80002f58:	000015b7          	lui	a1,0x1
80002f5c:	80005537          	lui	a0,0x80005
80002f60:	1ca58593          	addi	a1,a1,458 # 11ca <_start-0x7fffee36>
80002f64:	fb850513          	addi	a0,a0,-72 # 80004fb8 <__clzsi2+0x2b8>
80002f68:	ffffd097          	auipc	ra,0xffffd
80002f6c:	664080e7          	jalr	1636(ra) # 800005cc <vAssertCalled>
80002f70:	00c12683          	lw	a3,12(sp)
80002f74:	800057b7          	lui	a5,0x80005
80002f78:	f9dff06f          	j	80002f14 <xTaskCatchUpTicks+0x18>

80002f7c <xTaskIncrementTick>:
80002f7c:	800057b7          	lui	a5,0x80005
80002f80:	1807a783          	lw	a5,384(a5) # 80005180 <uxSchedulerSuspended>
80002f84:	00079663          	bnez	a5,80002f90 <xTaskIncrementTick+0x14>
80002f88:	fffff317          	auipc	t1,0xfffff
80002f8c:	41c30067          	jr	1052(t1) # 800023a4 <xTaskIncrementTick.part.0>
80002f90:	80005737          	lui	a4,0x80005
80002f94:	19472783          	lw	a5,404(a4) # 80005194 <xPendedTicks>
80002f98:	00000513          	li	a0,0
80002f9c:	00178793          	addi	a5,a5,1
80002fa0:	18f72a23          	sw	a5,404(a4)
80002fa4:	00008067          	ret

80002fa8 <vTaskSwitchContext>:
80002fa8:	800057b7          	lui	a5,0x80005
80002fac:	1807a783          	lw	a5,384(a5) # 80005180 <uxSchedulerSuspended>
80002fb0:	00078a63          	beqz	a5,80002fc4 <vTaskSwitchContext+0x1c>
80002fb4:	800057b7          	lui	a5,0x80005
80002fb8:	00100713          	li	a4,1
80002fbc:	18e7a823          	sw	a4,400(a5) # 80005190 <xYieldPendings>
80002fc0:	00008067          	ret
80002fc4:	fe010113          	addi	sp,sp,-32
80002fc8:	800057b7          	lui	a5,0x80005
80002fcc:	1807a823          	sw	zero,400(a5) # 80005190 <xYieldPendings>
80002fd0:	00812c23          	sw	s0,24(sp)
80002fd4:	80005437          	lui	s0,0x80005
80002fd8:	1b042703          	lw	a4,432(s0) # 800051b0 <pxCurrentTCB>
80002fdc:	a5a5a7b7          	lui	a5,0xa5a5a
80002fe0:	00112e23          	sw	ra,28(sp)
80002fe4:	03072703          	lw	a4,48(a4)
80002fe8:	5a578793          	addi	a5,a5,1445 # a5a5a5a5 <__stack_top+0x259da5a5>
80002fec:	00072683          	lw	a3,0(a4)
80002ff0:	00f69663          	bne	a3,a5,80002ffc <vTaskSwitchContext+0x54>
80002ff4:	00472783          	lw	a5,4(a4)
80002ff8:	08d78863          	beq	a5,a3,80003088 <vTaskSwitchContext+0xe0>
80002ffc:	1b042583          	lw	a1,432(s0)
80003000:	1b042503          	lw	a0,432(s0)
80003004:	03458593          	addi	a1,a1,52
80003008:	ffffd097          	auipc	ra,0xffffd
8000300c:	6bc080e7          	jalr	1724(ra) # 800006c4 <vApplicationStackOverflowHook>
80003010:	800057b7          	lui	a5,0x80005
80003014:	19c7a503          	lw	a0,412(a5) # 8000519c <uxTopReadyPriority>
80003018:	00002097          	auipc	ra,0x2
8000301c:	ce8080e7          	jalr	-792(ra) # 80004d00 <__clzsi2>
80003020:	01f00693          	li	a3,31
80003024:	40a686b3          	sub	a3,a3,a0
80003028:	00269793          	slli	a5,a3,0x2
8000302c:	00d78633          	add	a2,a5,a3
80003030:	80006737          	lui	a4,0x80006
80003034:	00261613          	slli	a2,a2,0x2
80003038:	2f870713          	addi	a4,a4,760 # 800062f8 <pxReadyTasksLists>
8000303c:	00c70633          	add	a2,a4,a2
80003040:	00062603          	lw	a2,0(a2)
80003044:	04060c63          	beqz	a2,8000309c <vTaskSwitchContext+0xf4>
80003048:	00d787b3          	add	a5,a5,a3
8000304c:	00279793          	slli	a5,a5,0x2
80003050:	00f706b3          	add	a3,a4,a5
80003054:	0046a603          	lw	a2,4(a3)
80003058:	00878793          	addi	a5,a5,8
8000305c:	00f70733          	add	a4,a4,a5
80003060:	00462783          	lw	a5,4(a2)
80003064:	00f6a223          	sw	a5,4(a3)
80003068:	06e78463          	beq	a5,a4,800030d0 <vTaskSwitchContext+0x128>
8000306c:	00c7a783          	lw	a5,12(a5)
80003070:	01c12083          	lw	ra,28(sp)
80003074:	1af42823          	sw	a5,432(s0)
80003078:	1b042783          	lw	a5,432(s0)
8000307c:	01812403          	lw	s0,24(sp)
80003080:	02010113          	addi	sp,sp,32
80003084:	00008067          	ret
80003088:	00872683          	lw	a3,8(a4)
8000308c:	f6f698e3          	bne	a3,a5,80002ffc <vTaskSwitchContext+0x54>
80003090:	00c72783          	lw	a5,12(a4)
80003094:	f6d794e3          	bne	a5,a3,80002ffc <vTaskSwitchContext+0x54>
80003098:	f79ff06f          	j	80003010 <vTaskSwitchContext+0x68>
8000309c:	80005537          	lui	a0,0x80005
800030a0:	000015b7          	lui	a1,0x1
800030a4:	3fa58593          	addi	a1,a1,1018 # 13fa <_start-0x7fffec06>
800030a8:	fb850513          	addi	a0,a0,-72 # 80004fb8 <__clzsi2+0x2b8>
800030ac:	00f12623          	sw	a5,12(sp)
800030b0:	00d12423          	sw	a3,8(sp)
800030b4:	ffffd097          	auipc	ra,0xffffd
800030b8:	518080e7          	jalr	1304(ra) # 800005cc <vAssertCalled>
800030bc:	800067b7          	lui	a5,0x80006
800030c0:	2f878713          	addi	a4,a5,760 # 800062f8 <pxReadyTasksLists>
800030c4:	00812683          	lw	a3,8(sp)
800030c8:	00c12783          	lw	a5,12(sp)
800030cc:	f7dff06f          	j	80003048 <vTaskSwitchContext+0xa0>
800030d0:	00c6a783          	lw	a5,12(a3)
800030d4:	00f6a223          	sw	a5,4(a3)
800030d8:	f95ff06f          	j	8000306c <vTaskSwitchContext+0xc4>

800030dc <vTaskPlaceOnEventList>:
800030dc:	fe010113          	addi	sp,sp,-32
800030e0:	00812c23          	sw	s0,24(sp)
800030e4:	00112e23          	sw	ra,28(sp)
800030e8:	00050793          	mv	a5,a0
800030ec:	00058413          	mv	s0,a1
800030f0:	02050a63          	beqz	a0,80003124 <vTaskPlaceOnEventList+0x48>
800030f4:	80005737          	lui	a4,0x80005
800030f8:	1b072583          	lw	a1,432(a4) # 800051b0 <pxCurrentTCB>
800030fc:	00078513          	mv	a0,a5
80003100:	01858593          	addi	a1,a1,24
80003104:	ffffe097          	auipc	ra,0xffffe
80003108:	9c8080e7          	jalr	-1592(ra) # 80000acc <vListInsert>
8000310c:	00040513          	mv	a0,s0
80003110:	01812403          	lw	s0,24(sp)
80003114:	01c12083          	lw	ra,28(sp)
80003118:	02010113          	addi	sp,sp,32
8000311c:	fffff317          	auipc	t1,0xfffff
80003120:	18030067          	jr	384(t1) # 8000229c <prvAddCurrentTaskToDelayedList.isra.0>
80003124:	00a12623          	sw	a0,12(sp)
80003128:	000015b7          	lui	a1,0x1
8000312c:	80005537          	lui	a0,0x80005
80003130:	48058593          	addi	a1,a1,1152 # 1480 <_start-0x7fffeb80>
80003134:	fb850513          	addi	a0,a0,-72 # 80004fb8 <__clzsi2+0x2b8>
80003138:	ffffd097          	auipc	ra,0xffffd
8000313c:	494080e7          	jalr	1172(ra) # 800005cc <vAssertCalled>
80003140:	00c12783          	lw	a5,12(sp)
80003144:	fb1ff06f          	j	800030f4 <vTaskPlaceOnEventList+0x18>

80003148 <vTaskPlaceOnUnorderedEventList>:
80003148:	fe010113          	addi	sp,sp,-32
8000314c:	00112e23          	sw	ra,28(sp)
80003150:	00050713          	mv	a4,a0
80003154:	00058813          	mv	a6,a1
80003158:	0a050863          	beqz	a0,80003208 <vTaskPlaceOnUnorderedEventList+0xc0>
8000315c:	800057b7          	lui	a5,0x80005
80003160:	1807a783          	lw	a5,384(a5) # 80005180 <uxSchedulerSuspended>
80003164:	06078863          	beqz	a5,800031d4 <vTaskPlaceOnUnorderedEventList+0x8c>
80003168:	800057b7          	lui	a5,0x80005
8000316c:	1b07a503          	lw	a0,432(a5) # 800051b0 <pxCurrentTCB>
80003170:	00472683          	lw	a3,4(a4)
80003174:	1b07a583          	lw	a1,432(a5)
80003178:	800008b7          	lui	a7,0x80000
8000317c:	01186833          	or	a6,a6,a7
80003180:	01052c23          	sw	a6,24(a0)
80003184:	00d5ae23          	sw	a3,28(a1)
80003188:	1b07a883          	lw	a7,432(a5)
8000318c:	0086a803          	lw	a6,8(a3)
80003190:	1b07a503          	lw	a0,432(a5)
80003194:	1b07a583          	lw	a1,432(a5)
80003198:	0308a023          	sw	a6,32(a7) # 80000020 <_start+0x20>
8000319c:	01850513          	addi	a0,a0,24
800031a0:	1b07a883          	lw	a7,432(a5)
800031a4:	00072783          	lw	a5,0(a4)
800031a8:	01858593          	addi	a1,a1,24
800031ac:	00a82223          	sw	a0,4(a6)
800031b0:	00b6a423          	sw	a1,8(a3)
800031b4:	01c12083          	lw	ra,28(sp)
800031b8:	02e8a423          	sw	a4,40(a7)
800031bc:	00178793          	addi	a5,a5,1
800031c0:	00f72023          	sw	a5,0(a4)
800031c4:	00060513          	mv	a0,a2
800031c8:	02010113          	addi	sp,sp,32
800031cc:	fffff317          	auipc	t1,0xfffff
800031d0:	0d030067          	jr	208(t1) # 8000229c <prvAddCurrentTaskToDelayedList.isra.0>
800031d4:	80005537          	lui	a0,0x80005
800031d8:	000015b7          	lui	a1,0x1
800031dc:	4a258593          	addi	a1,a1,1186 # 14a2 <_start-0x7fffeb5e>
800031e0:	fb850513          	addi	a0,a0,-72 # 80004fb8 <__clzsi2+0x2b8>
800031e4:	00c12623          	sw	a2,12(sp)
800031e8:	01012423          	sw	a6,8(sp)
800031ec:	00e12223          	sw	a4,4(sp)
800031f0:	ffffd097          	auipc	ra,0xffffd
800031f4:	3dc080e7          	jalr	988(ra) # 800005cc <vAssertCalled>
800031f8:	00c12603          	lw	a2,12(sp)
800031fc:	00812803          	lw	a6,8(sp)
80003200:	00412703          	lw	a4,4(sp)
80003204:	f65ff06f          	j	80003168 <vTaskPlaceOnUnorderedEventList+0x20>
80003208:	00b12423          	sw	a1,8(sp)
8000320c:	00a12223          	sw	a0,4(sp)
80003210:	000015b7          	lui	a1,0x1
80003214:	80005537          	lui	a0,0x80005
80003218:	49e58593          	addi	a1,a1,1182 # 149e <_start-0x7fffeb62>
8000321c:	fb850513          	addi	a0,a0,-72 # 80004fb8 <__clzsi2+0x2b8>
80003220:	00c12623          	sw	a2,12(sp)
80003224:	ffffd097          	auipc	ra,0xffffd
80003228:	3a8080e7          	jalr	936(ra) # 800005cc <vAssertCalled>
8000322c:	00c12603          	lw	a2,12(sp)
80003230:	00812803          	lw	a6,8(sp)
80003234:	00412703          	lw	a4,4(sp)
80003238:	f25ff06f          	j	8000315c <vTaskPlaceOnUnorderedEventList+0x14>

8000323c <xTaskRemoveFromEventList>:
8000323c:	00c52783          	lw	a5,12(a0)
80003240:	fe010113          	addi	sp,sp,-32
80003244:	00112e23          	sw	ra,28(sp)
80003248:	00c7a783          	lw	a5,12(a5)
8000324c:	14078863          	beqz	a5,8000339c <xTaskRemoveFromEventList+0x160>
80003250:	01c7a583          	lw	a1,28(a5)
80003254:	0207a683          	lw	a3,32(a5)
80003258:	0287a703          	lw	a4,40(a5)
8000325c:	01878613          	addi	a2,a5,24
80003260:	00d5a423          	sw	a3,8(a1)
80003264:	01c7a503          	lw	a0,28(a5)
80003268:	00472583          	lw	a1,4(a4)
8000326c:	00a6a223          	sw	a0,4(a3)
80003270:	10c58a63          	beq	a1,a2,80003384 <xTaskRemoveFromEventList+0x148>
80003274:	00072683          	lw	a3,0(a4)
80003278:	800055b7          	lui	a1,0x80005
8000327c:	1805a583          	lw	a1,384(a1) # 80005180 <uxSchedulerSuspended>
80003280:	0207a423          	sw	zero,40(a5)
80003284:	fff68693          	addi	a3,a3,-1
80003288:	00d72023          	sw	a3,0(a4)
8000328c:	0c059063          	bnez	a1,8000334c <xTaskRemoveFromEventList+0x110>
80003290:	0087a603          	lw	a2,8(a5)
80003294:	00c7a703          	lw	a4,12(a5)
80003298:	0147a683          	lw	a3,20(a5)
8000329c:	00478513          	addi	a0,a5,4
800032a0:	00e62423          	sw	a4,8(a2)
800032a4:	0087a583          	lw	a1,8(a5)
800032a8:	0046a603          	lw	a2,4(a3)
800032ac:	00b72223          	sw	a1,4(a4)
800032b0:	0ea60063          	beq	a2,a0,80003390 <xTaskRemoveFromEventList+0x154>
800032b4:	0006a603          	lw	a2,0(a3)
800032b8:	80006737          	lui	a4,0x80006
800032bc:	2f870713          	addi	a4,a4,760 # 800062f8 <pxReadyTasksLists>
800032c0:	fff60613          	addi	a2,a2,-1
800032c4:	00c6a023          	sw	a2,0(a3)
800032c8:	02c7a803          	lw	a6,44(a5)
800032cc:	800058b7          	lui	a7,0x80005
800032d0:	19c8ae03          	lw	t3,412(a7) # 8000519c <uxTopReadyPriority>
800032d4:	00281693          	slli	a3,a6,0x2
800032d8:	010686b3          	add	a3,a3,a6
800032dc:	00269693          	slli	a3,a3,0x2
800032e0:	00d70733          	add	a4,a4,a3
800032e4:	00472583          	lw	a1,4(a4)
800032e8:	00072603          	lw	a2,0(a4)
800032ec:	00100693          	li	a3,1
800032f0:	00b7a423          	sw	a1,8(a5)
800032f4:	0085a303          	lw	t1,8(a1)
800032f8:	010696b3          	sll	a3,a3,a6
800032fc:	00160613          	addi	a2,a2,1
80003300:	0067a623          	sw	t1,12(a5)
80003304:	00a32223          	sw	a0,4(t1)
80003308:	00a5a423          	sw	a0,8(a1)
8000330c:	00e7aa23          	sw	a4,20(a5)
80003310:	01c6e6b3          	or	a3,a3,t3
80003314:	00c72023          	sw	a2,0(a4)
80003318:	18d8ae23          	sw	a3,412(a7)
8000331c:	80005737          	lui	a4,0x80005
80003320:	1b072683          	lw	a3,432(a4) # 800051b0 <pxCurrentTCB>
80003324:	02c7a703          	lw	a4,44(a5)
80003328:	00000513          	li	a0,0
8000332c:	02c6a783          	lw	a5,44(a3)
80003330:	00e7f863          	bgeu	a5,a4,80003340 <xTaskRemoveFromEventList+0x104>
80003334:	800057b7          	lui	a5,0x80005
80003338:	00100513          	li	a0,1
8000333c:	18a7a823          	sw	a0,400(a5) # 80005190 <xYieldPendings>
80003340:	01c12083          	lw	ra,28(sp)
80003344:	02010113          	addi	sp,sp,32
80003348:	00008067          	ret
8000334c:	80006737          	lui	a4,0x80006
80003350:	2f870713          	addi	a4,a4,760 # 800062f8 <pxReadyTasksLists>
80003354:	09072683          	lw	a3,144(a4)
80003358:	08c72583          	lw	a1,140(a4)
8000335c:	08c70813          	addi	a6,a4,140
80003360:	00d7ae23          	sw	a3,28(a5)
80003364:	0086a503          	lw	a0,8(a3)
80003368:	00158593          	addi	a1,a1,1
8000336c:	08b72623          	sw	a1,140(a4)
80003370:	02a7a023          	sw	a0,32(a5)
80003374:	00c52223          	sw	a2,4(a0)
80003378:	00c6a423          	sw	a2,8(a3)
8000337c:	0307a423          	sw	a6,40(a5)
80003380:	f9dff06f          	j	8000331c <xTaskRemoveFromEventList+0xe0>
80003384:	0207a683          	lw	a3,32(a5)
80003388:	00d72223          	sw	a3,4(a4)
8000338c:	ee9ff06f          	j	80003274 <xTaskRemoveFromEventList+0x38>
80003390:	00c7a703          	lw	a4,12(a5)
80003394:	00e6a223          	sw	a4,4(a3)
80003398:	f1dff06f          	j	800032b4 <xTaskRemoveFromEventList+0x78>
8000339c:	80005537          	lui	a0,0x80005
800033a0:	000015b7          	lui	a1,0x1
800033a4:	4f558593          	addi	a1,a1,1269 # 14f5 <_start-0x7fffeb0b>
800033a8:	fb850513          	addi	a0,a0,-72 # 80004fb8 <__clzsi2+0x2b8>
800033ac:	00f12623          	sw	a5,12(sp)
800033b0:	ffffd097          	auipc	ra,0xffffd
800033b4:	21c080e7          	jalr	540(ra) # 800005cc <vAssertCalled>
800033b8:	00c12783          	lw	a5,12(sp)
800033bc:	e95ff06f          	j	80003250 <xTaskRemoveFromEventList+0x14>

800033c0 <vTaskRemoveFromUnorderedEventList>:
800033c0:	800057b7          	lui	a5,0x80005
800033c4:	1807a783          	lw	a5,384(a5) # 80005180 <uxSchedulerSuspended>
800033c8:	fe010113          	addi	sp,sp,-32
800033cc:	00112e23          	sw	ra,28(sp)
800033d0:	00050713          	mv	a4,a0
800033d4:	00058693          	mv	a3,a1
800033d8:	0e078c63          	beqz	a5,800034d0 <vTaskRemoveFromUnorderedEventList+0x110>
800033dc:	80000637          	lui	a2,0x80000
800033e0:	00c72783          	lw	a5,12(a4)
800033e4:	00c6e6b3          	or	a3,a3,a2
800033e8:	00d72023          	sw	a3,0(a4)
800033ec:	12078063          	beqz	a5,8000350c <vTaskRemoveFromUnorderedEventList+0x14c>
800033f0:	01072683          	lw	a3,16(a4)
800033f4:	00472583          	lw	a1,4(a4)
800033f8:	00872603          	lw	a2,8(a4)
800033fc:	0046a503          	lw	a0,4(a3)
80003400:	00c5a423          	sw	a2,8(a1)
80003404:	00b62223          	sw	a1,4(a2) # 80000004 <_start+0x4>
80003408:	14e50463          	beq	a0,a4,80003550 <vTaskRemoveFromUnorderedEventList+0x190>
8000340c:	00072823          	sw	zero,16(a4)
80003410:	0006a703          	lw	a4,0(a3)
80003414:	0087a583          	lw	a1,8(a5)
80003418:	00c7a603          	lw	a2,12(a5)
8000341c:	fff70713          	addi	a4,a4,-1
80003420:	00e6a023          	sw	a4,0(a3)
80003424:	0147a683          	lw	a3,20(a5)
80003428:	00c5a423          	sw	a2,8(a1)
8000342c:	0087a583          	lw	a1,8(a5)
80003430:	0046a703          	lw	a4,4(a3)
80003434:	00478513          	addi	a0,a5,4
80003438:	00b62223          	sw	a1,4(a2)
8000343c:	10a70e63          	beq	a4,a0,80003558 <vTaskRemoveFromUnorderedEventList+0x198>
80003440:	0006a603          	lw	a2,0(a3)
80003444:	80006737          	lui	a4,0x80006
80003448:	2f870713          	addi	a4,a4,760 # 800062f8 <pxReadyTasksLists>
8000344c:	fff60613          	addi	a2,a2,-1
80003450:	00c6a023          	sw	a2,0(a3)
80003454:	02c7a683          	lw	a3,44(a5)
80003458:	80005837          	lui	a6,0x80005
8000345c:	19c82e03          	lw	t3,412(a6) # 8000519c <uxTopReadyPriority>
80003460:	00269613          	slli	a2,a3,0x2
80003464:	00d60633          	add	a2,a2,a3
80003468:	00261613          	slli	a2,a2,0x2
8000346c:	00c70733          	add	a4,a4,a2
80003470:	00472583          	lw	a1,4(a4)
80003474:	00100313          	li	t1,1
80003478:	00d316b3          	sll	a3,t1,a3
8000347c:	00b7a423          	sw	a1,8(a5)
80003480:	0085a883          	lw	a7,8(a1)
80003484:	00072603          	lw	a2,0(a4)
80003488:	01c6e6b3          	or	a3,a3,t3
8000348c:	0117a623          	sw	a7,12(a5)
80003490:	00a8a223          	sw	a0,4(a7)
80003494:	18d82e23          	sw	a3,412(a6)
80003498:	800056b7          	lui	a3,0x80005
8000349c:	00a5a423          	sw	a0,8(a1)
800034a0:	1b06a583          	lw	a1,432(a3) # 800051b0 <pxCurrentTCB>
800034a4:	00e7aa23          	sw	a4,20(a5)
800034a8:	006606b3          	add	a3,a2,t1
800034ac:	00d72023          	sw	a3,0(a4)
800034b0:	02c7a703          	lw	a4,44(a5)
800034b4:	02c5a783          	lw	a5,44(a1)
800034b8:	00e7f663          	bgeu	a5,a4,800034c4 <vTaskRemoveFromUnorderedEventList+0x104>
800034bc:	800057b7          	lui	a5,0x80005
800034c0:	1867a823          	sw	t1,400(a5) # 80005190 <xYieldPendings>
800034c4:	01c12083          	lw	ra,28(sp)
800034c8:	02010113          	addi	sp,sp,32
800034cc:	00008067          	ret
800034d0:	00b12623          	sw	a1,12(sp)
800034d4:	00a12423          	sw	a0,8(sp)
800034d8:	000015b7          	lui	a1,0x1
800034dc:	80005537          	lui	a0,0x80005
800034e0:	54358593          	addi	a1,a1,1347 # 1543 <_start-0x7fffeabd>
800034e4:	fb850513          	addi	a0,a0,-72 # 80004fb8 <__clzsi2+0x2b8>
800034e8:	ffffd097          	auipc	ra,0xffffd
800034ec:	0e4080e7          	jalr	228(ra) # 800005cc <vAssertCalled>
800034f0:	00812703          	lw	a4,8(sp)
800034f4:	00c12683          	lw	a3,12(sp)
800034f8:	80000637          	lui	a2,0x80000
800034fc:	00c72783          	lw	a5,12(a4)
80003500:	00c6e6b3          	or	a3,a3,a2
80003504:	00d72023          	sw	a3,0(a4)
80003508:	ee0794e3          	bnez	a5,800033f0 <vTaskRemoveFromUnorderedEventList+0x30>
8000350c:	80005537          	lui	a0,0x80005
80003510:	000015b7          	lui	a1,0x1
80003514:	54e58593          	addi	a1,a1,1358 # 154e <_start-0x7fffeab2>
80003518:	fb850513          	addi	a0,a0,-72 # 80004fb8 <__clzsi2+0x2b8>
8000351c:	00e12623          	sw	a4,12(sp)
80003520:	00f12423          	sw	a5,8(sp)
80003524:	ffffd097          	auipc	ra,0xffffd
80003528:	0a8080e7          	jalr	168(ra) # 800005cc <vAssertCalled>
8000352c:	00c12703          	lw	a4,12(sp)
80003530:	00812783          	lw	a5,8(sp)
80003534:	01072683          	lw	a3,16(a4)
80003538:	00472583          	lw	a1,4(a4)
8000353c:	00872603          	lw	a2,8(a4)
80003540:	0046a503          	lw	a0,4(a3)
80003544:	00c5a423          	sw	a2,8(a1)
80003548:	00b62223          	sw	a1,4(a2) # 80000004 <_start+0x4>
8000354c:	ece510e3          	bne	a0,a4,8000340c <vTaskRemoveFromUnorderedEventList+0x4c>
80003550:	00c6a223          	sw	a2,4(a3)
80003554:	eb9ff06f          	j	8000340c <vTaskRemoveFromUnorderedEventList+0x4c>
80003558:	00c7a703          	lw	a4,12(a5)
8000355c:	00e6a223          	sw	a4,4(a3)
80003560:	ee1ff06f          	j	80003440 <vTaskRemoveFromUnorderedEventList+0x80>

80003564 <vTaskSetTimeOutState>:
80003564:	fe010113          	addi	sp,sp,-32
80003568:	00112e23          	sw	ra,28(sp)
8000356c:	00050793          	mv	a5,a0
80003570:	04050063          	beqz	a0,800035b0 <vTaskSetTimeOutState+0x4c>
80003574:	30047073          	csrci	mstatus,8
80003578:	80005737          	lui	a4,0x80005
8000357c:	18c72583          	lw	a1,396(a4) # 8000518c <xNumOfOverflows>
80003580:	800056b7          	lui	a3,0x80005
80003584:	80005637          	lui	a2,0x80005
80003588:	1686a703          	lw	a4,360(a3) # 80005168 <xCriticalNesting>
8000358c:	1a062603          	lw	a2,416(a2) # 800051a0 <xTickCount>
80003590:	00b7a023          	sw	a1,0(a5)
80003594:	16e6a423          	sw	a4,360(a3)
80003598:	00c7a223          	sw	a2,4(a5)
8000359c:	00071463          	bnez	a4,800035a4 <vTaskSetTimeOutState+0x40>
800035a0:	30046073          	csrsi	mstatus,8
800035a4:	01c12083          	lw	ra,28(sp)
800035a8:	02010113          	addi	sp,sp,32
800035ac:	00008067          	ret
800035b0:	00a12623          	sw	a0,12(sp)
800035b4:	000015b7          	lui	a1,0x1
800035b8:	80005537          	lui	a0,0x80005
800035bc:	58658593          	addi	a1,a1,1414 # 1586 <_start-0x7fffea7a>
800035c0:	fb850513          	addi	a0,a0,-72 # 80004fb8 <__clzsi2+0x2b8>
800035c4:	ffffd097          	auipc	ra,0xffffd
800035c8:	008080e7          	jalr	8(ra) # 800005cc <vAssertCalled>
800035cc:	00c12783          	lw	a5,12(sp)
800035d0:	fa5ff06f          	j	80003574 <vTaskSetTimeOutState+0x10>

800035d4 <vTaskInternalSetTimeOutState>:
800035d4:	80005737          	lui	a4,0x80005
800035d8:	800057b7          	lui	a5,0x80005
800035dc:	18c72703          	lw	a4,396(a4) # 8000518c <xNumOfOverflows>
800035e0:	1a07a783          	lw	a5,416(a5) # 800051a0 <xTickCount>
800035e4:	00e52023          	sw	a4,0(a0)
800035e8:	00f52223          	sw	a5,4(a0)
800035ec:	00008067          	ret

800035f0 <xTaskCheckForTimeOut>:
800035f0:	fe010113          	addi	sp,sp,-32
800035f4:	00112e23          	sw	ra,28(sp)
800035f8:	00050793          	mv	a5,a0
800035fc:	00058713          	mv	a4,a1
80003600:	08050263          	beqz	a0,80003684 <xTaskCheckForTimeOut+0x94>
80003604:	0a070663          	beqz	a4,800036b0 <xTaskCheckForTimeOut+0xc0>
80003608:	30047073          	csrci	mstatus,8
8000360c:	800058b7          	lui	a7,0x80005
80003610:	80005337          	lui	t1,0x80005
80003614:	1a08a803          	lw	a6,416(a7) # 800051a0 <xTickCount>
80003618:	0007ae03          	lw	t3,0(a5)
8000361c:	18c32683          	lw	a3,396(t1) # 8000518c <xNumOfOverflows>
80003620:	800055b7          	lui	a1,0x80005
80003624:	0047a503          	lw	a0,4(a5)
80003628:	1685a603          	lw	a2,360(a1) # 80005168 <xCriticalNesting>
8000362c:	00de0463          	beq	t3,a3,80003634 <xTaskCheckForTimeOut+0x44>
80003630:	00a87863          	bgeu	a6,a0,80003640 <xTaskCheckForTimeOut+0x50>
80003634:	00072683          	lw	a3,0(a4)
80003638:	40a80e33          	sub	t3,a6,a0
8000363c:	02de6263          	bltu	t3,a3,80003660 <xTaskCheckForTimeOut+0x70>
80003640:	00072023          	sw	zero,0(a4)
80003644:	00100513          	li	a0,1
80003648:	16c5a423          	sw	a2,360(a1)
8000364c:	00061463          	bnez	a2,80003654 <xTaskCheckForTimeOut+0x64>
80003650:	30046073          	csrsi	mstatus,8
80003654:	01c12083          	lw	ra,28(sp)
80003658:	02010113          	addi	sp,sp,32
8000365c:	00008067          	ret
80003660:	18c32303          	lw	t1,396(t1)
80003664:	410686b3          	sub	a3,a3,a6
80003668:	1a08a803          	lw	a6,416(a7)
8000366c:	00a686b3          	add	a3,a3,a0
80003670:	00d72023          	sw	a3,0(a4)
80003674:	0067a023          	sw	t1,0(a5)
80003678:	0107a223          	sw	a6,4(a5)
8000367c:	00000513          	li	a0,0
80003680:	fc9ff06f          	j	80003648 <xTaskCheckForTimeOut+0x58>
80003684:	00b12623          	sw	a1,12(sp)
80003688:	00a12423          	sw	a0,8(sp)
8000368c:	000015b7          	lui	a1,0x1
80003690:	80005537          	lui	a0,0x80005
80003694:	5a558593          	addi	a1,a1,1445 # 15a5 <_start-0x7fffea5b>
80003698:	fb850513          	addi	a0,a0,-72 # 80004fb8 <__clzsi2+0x2b8>
8000369c:	ffffd097          	auipc	ra,0xffffd
800036a0:	f30080e7          	jalr	-208(ra) # 800005cc <vAssertCalled>
800036a4:	00c12703          	lw	a4,12(sp)
800036a8:	00812783          	lw	a5,8(sp)
800036ac:	f4071ee3          	bnez	a4,80003608 <xTaskCheckForTimeOut+0x18>
800036b0:	80005537          	lui	a0,0x80005
800036b4:	000015b7          	lui	a1,0x1
800036b8:	5a658593          	addi	a1,a1,1446 # 15a6 <_start-0x7fffea5a>
800036bc:	fb850513          	addi	a0,a0,-72 # 80004fb8 <__clzsi2+0x2b8>
800036c0:	00e12623          	sw	a4,12(sp)
800036c4:	00f12423          	sw	a5,8(sp)
800036c8:	ffffd097          	auipc	ra,0xffffd
800036cc:	f04080e7          	jalr	-252(ra) # 800005cc <vAssertCalled>
800036d0:	00c12703          	lw	a4,12(sp)
800036d4:	00812783          	lw	a5,8(sp)
800036d8:	f31ff06f          	j	80003608 <xTaskCheckForTimeOut+0x18>

800036dc <vTaskMissedYield>:
800036dc:	800057b7          	lui	a5,0x80005
800036e0:	00100713          	li	a4,1
800036e4:	18e7a823          	sw	a4,400(a5) # 80005190 <xYieldPendings>
800036e8:	00008067          	ret

800036ec <xTaskGetSchedulerState>:
800036ec:	800057b7          	lui	a5,0x80005
800036f0:	1987a783          	lw	a5,408(a5) # 80005198 <xSchedulerRunning>
800036f4:	00100513          	li	a0,1
800036f8:	00078a63          	beqz	a5,8000370c <xTaskGetSchedulerState+0x20>
800036fc:	800057b7          	lui	a5,0x80005
80003700:	1807a503          	lw	a0,384(a5) # 80005180 <uxSchedulerSuspended>
80003704:	00153513          	seqz	a0,a0
80003708:	00151513          	slli	a0,a0,0x1
8000370c:	00008067          	ret

80003710 <uxTaskResetEventItemValue>:
80003710:	800057b7          	lui	a5,0x80005
80003714:	1b07a603          	lw	a2,432(a5) # 800051b0 <pxCurrentTCB>
80003718:	1b07a683          	lw	a3,432(a5)
8000371c:	1b07a703          	lw	a4,432(a5)
80003720:	00500793          	li	a5,5
80003724:	02c6a683          	lw	a3,44(a3)
80003728:	01862503          	lw	a0,24(a2)
8000372c:	40d787b3          	sub	a5,a5,a3
80003730:	00f72c23          	sw	a5,24(a4)
80003734:	00008067          	ret

80003738 <ulTaskGenericNotifyTake>:
80003738:	fd010113          	addi	sp,sp,-48
8000373c:	03212023          	sw	s2,32(sp)
80003740:	01412c23          	sw	s4,24(sp)
80003744:	02112623          	sw	ra,44(sp)
80003748:	02812423          	sw	s0,40(sp)
8000374c:	02912223          	sw	s1,36(sp)
80003750:	01312e23          	sw	s3,28(sp)
80003754:	00050913          	mv	s2,a0
80003758:	00058a13          	mv	s4,a1
8000375c:	10051063          	bnez	a0,8000385c <ulTaskGenericNotifyTake+0x124>
80003760:	80005737          	lui	a4,0x80005
80003764:	18072783          	lw	a5,384(a4) # 80005180 <uxSchedulerSuspended>
80003768:	00178793          	addi	a5,a5,1
8000376c:	18f72023          	sw	a5,384(a4)
80003770:	30047073          	csrci	mstatus,8
80003774:	800054b7          	lui	s1,0x80005
80003778:	1b04a783          	lw	a5,432(s1) # 800051b0 <pxCurrentTCB>
8000377c:	01090413          	addi	s0,s2,16
80003780:	00241713          	slli	a4,s0,0x2
80003784:	00e787b3          	add	a5,a5,a4
80003788:	0007a703          	lw	a4,0(a5)
8000378c:	800059b7          	lui	s3,0x80005
80003790:	1689a783          	lw	a5,360(s3) # 80005168 <xCriticalNesting>
80003794:	04071263          	bnez	a4,800037d8 <ulTaskGenericNotifyTake+0xa0>
80003798:	1b04a703          	lw	a4,432(s1)
8000379c:	00100693          	li	a3,1
800037a0:	01270733          	add	a4,a4,s2
800037a4:	04d70223          	sb	a3,68(a4)
800037a8:	02060863          	beqz	a2,800037d8 <ulTaskGenericNotifyTake+0xa0>
800037ac:	00079463          	bnez	a5,800037b4 <ulTaskGenericNotifyTake+0x7c>
800037b0:	30046073          	csrsi	mstatus,8
800037b4:	00060513          	mv	a0,a2
800037b8:	fffff097          	auipc	ra,0xfffff
800037bc:	ae4080e7          	jalr	-1308(ra) # 8000229c <prvAddCurrentTaskToDelayedList.isra.0>
800037c0:	fffff097          	auipc	ra,0xfffff
800037c4:	308080e7          	jalr	776(ra) # 80002ac8 <xTaskResumeAll>
800037c8:	00100793          	li	a5,1
800037cc:	00f50c63          	beq	a0,a5,800037e4 <ulTaskGenericNotifyTake+0xac>
800037d0:	00000073          	ecall
800037d4:	0100006f          	j	800037e4 <ulTaskGenericNotifyTake+0xac>
800037d8:	06078663          	beqz	a5,80003844 <ulTaskGenericNotifyTake+0x10c>
800037dc:	fffff097          	auipc	ra,0xfffff
800037e0:	2ec080e7          	jalr	748(ra) # 80002ac8 <xTaskResumeAll>
800037e4:	30047073          	csrci	mstatus,8
800037e8:	1b04a783          	lw	a5,432(s1)
800037ec:	00241413          	slli	s0,s0,0x2
800037f0:	1689a703          	lw	a4,360(s3)
800037f4:	008787b3          	add	a5,a5,s0
800037f8:	0007a503          	lw	a0,0(a5)
800037fc:	00050a63          	beqz	a0,80003810 <ulTaskGenericNotifyTake+0xd8>
80003800:	1b04a783          	lw	a5,432(s1)
80003804:	040a0463          	beqz	s4,8000384c <ulTaskGenericNotifyTake+0x114>
80003808:	008787b3          	add	a5,a5,s0
8000380c:	0007a023          	sw	zero,0(a5)
80003810:	1b04a783          	lw	a5,432(s1)
80003814:	012787b3          	add	a5,a5,s2
80003818:	04078223          	sb	zero,68(a5)
8000381c:	00071463          	bnez	a4,80003824 <ulTaskGenericNotifyTake+0xec>
80003820:	30046073          	csrsi	mstatus,8
80003824:	02c12083          	lw	ra,44(sp)
80003828:	02812403          	lw	s0,40(sp)
8000382c:	02412483          	lw	s1,36(sp)
80003830:	02012903          	lw	s2,32(sp)
80003834:	01c12983          	lw	s3,28(sp)
80003838:	01812a03          	lw	s4,24(sp)
8000383c:	03010113          	addi	sp,sp,48
80003840:	00008067          	ret
80003844:	30046073          	csrsi	mstatus,8
80003848:	f95ff06f          	j	800037dc <ulTaskGenericNotifyTake+0xa4>
8000384c:	fff50693          	addi	a3,a0,-1
80003850:	008787b3          	add	a5,a5,s0
80003854:	00d7a023          	sw	a3,0(a5)
80003858:	fb9ff06f          	j	80003810 <ulTaskGenericNotifyTake+0xd8>
8000385c:	80005537          	lui	a0,0x80005
80003860:	000025b7          	lui	a1,0x2
80003864:	dc758593          	addi	a1,a1,-569 # 1dc7 <_start-0x7fffe239>
80003868:	fb850513          	addi	a0,a0,-72 # 80004fb8 <__clzsi2+0x2b8>
8000386c:	00c12623          	sw	a2,12(sp)
80003870:	ffffd097          	auipc	ra,0xffffd
80003874:	d5c080e7          	jalr	-676(ra) # 800005cc <vAssertCalled>
80003878:	00c12603          	lw	a2,12(sp)
8000387c:	ee5ff06f          	j	80003760 <ulTaskGenericNotifyTake+0x28>

80003880 <xTaskGenericNotifyWait>:
80003880:	fd010113          	addi	sp,sp,-48
80003884:	02812423          	sw	s0,40(sp)
80003888:	01312e23          	sw	s3,28(sp)
8000388c:	01412c23          	sw	s4,24(sp)
80003890:	02112623          	sw	ra,44(sp)
80003894:	02912223          	sw	s1,36(sp)
80003898:	03212023          	sw	s2,32(sp)
8000389c:	00050413          	mv	s0,a0
800038a0:	00058793          	mv	a5,a1
800038a4:	00060a13          	mv	s4,a2
800038a8:	00068993          	mv	s3,a3
800038ac:	12051c63          	bnez	a0,800039e4 <xTaskGenericNotifyWait+0x164>
800038b0:	800056b7          	lui	a3,0x80005
800038b4:	1806a583          	lw	a1,384(a3) # 80005180 <uxSchedulerSuspended>
800038b8:	00158593          	addi	a1,a1,1
800038bc:	18b6a023          	sw	a1,384(a3)
800038c0:	30047073          	csrci	mstatus,8
800038c4:	800054b7          	lui	s1,0x80005
800038c8:	1b04a583          	lw	a1,432(s1) # 800051b0 <pxCurrentTCB>
800038cc:	80005937          	lui	s2,0x80005
800038d0:	00200693          	li	a3,2
800038d4:	008585b3          	add	a1,a1,s0
800038d8:	0445c603          	lbu	a2,68(a1)
800038dc:	16892583          	lw	a1,360(s2) # 80005168 <xCriticalNesting>
800038e0:	06d60063          	beq	a2,a3,80003940 <xTaskGenericNotifyWait+0xc0>
800038e4:	1b04a603          	lw	a2,432(s1)
800038e8:	00241693          	slli	a3,s0,0x2
800038ec:	fff7c793          	not	a5,a5
800038f0:	00d60633          	add	a2,a2,a3
800038f4:	04062503          	lw	a0,64(a2)
800038f8:	00100693          	li	a3,1
800038fc:	00a7f7b3          	and	a5,a5,a0
80003900:	04f62023          	sw	a5,64(a2)
80003904:	1b04a783          	lw	a5,432(s1)
80003908:	008787b3          	add	a5,a5,s0
8000390c:	04d78223          	sb	a3,68(a5)
80003910:	02070863          	beqz	a4,80003940 <xTaskGenericNotifyWait+0xc0>
80003914:	00059463          	bnez	a1,8000391c <xTaskGenericNotifyWait+0x9c>
80003918:	30046073          	csrsi	mstatus,8
8000391c:	00070513          	mv	a0,a4
80003920:	fffff097          	auipc	ra,0xfffff
80003924:	97c080e7          	jalr	-1668(ra) # 8000229c <prvAddCurrentTaskToDelayedList.isra.0>
80003928:	fffff097          	auipc	ra,0xfffff
8000392c:	1a0080e7          	jalr	416(ra) # 80002ac8 <xTaskResumeAll>
80003930:	00100793          	li	a5,1
80003934:	00f50c63          	beq	a0,a5,8000394c <xTaskGenericNotifyWait+0xcc>
80003938:	00000073          	ecall
8000393c:	0100006f          	j	8000394c <xTaskGenericNotifyWait+0xcc>
80003940:	08058e63          	beqz	a1,800039dc <xTaskGenericNotifyWait+0x15c>
80003944:	fffff097          	auipc	ra,0xfffff
80003948:	184080e7          	jalr	388(ra) # 80002ac8 <xTaskResumeAll>
8000394c:	30047073          	csrci	mstatus,8
80003950:	16892703          	lw	a4,360(s2)
80003954:	00098c63          	beqz	s3,8000396c <xTaskGenericNotifyWait+0xec>
80003958:	1b04a783          	lw	a5,432(s1)
8000395c:	00241693          	slli	a3,s0,0x2
80003960:	00d787b3          	add	a5,a5,a3
80003964:	0407a783          	lw	a5,64(a5)
80003968:	00f9a023          	sw	a5,0(s3)
8000396c:	1b04a783          	lw	a5,432(s1)
80003970:	00200693          	li	a3,2
80003974:	00000513          	li	a0,0
80003978:	008787b3          	add	a5,a5,s0
8000397c:	0447c783          	lbu	a5,68(a5)
80003980:	02d79263          	bne	a5,a3,800039a4 <xTaskGenericNotifyWait+0x124>
80003984:	1b04a683          	lw	a3,432(s1)
80003988:	00241613          	slli	a2,s0,0x2
8000398c:	fffa4793          	not	a5,s4
80003990:	00c686b3          	add	a3,a3,a2
80003994:	0406a603          	lw	a2,64(a3)
80003998:	00100513          	li	a0,1
8000399c:	00c7f7b3          	and	a5,a5,a2
800039a0:	04f6a023          	sw	a5,64(a3)
800039a4:	1b04a783          	lw	a5,432(s1)
800039a8:	16e92423          	sw	a4,360(s2)
800039ac:	008787b3          	add	a5,a5,s0
800039b0:	04078223          	sb	zero,68(a5)
800039b4:	00071463          	bnez	a4,800039bc <xTaskGenericNotifyWait+0x13c>
800039b8:	30046073          	csrsi	mstatus,8
800039bc:	02c12083          	lw	ra,44(sp)
800039c0:	02812403          	lw	s0,40(sp)
800039c4:	02412483          	lw	s1,36(sp)
800039c8:	02012903          	lw	s2,32(sp)
800039cc:	01c12983          	lw	s3,28(sp)
800039d0:	01812a03          	lw	s4,24(sp)
800039d4:	03010113          	addi	sp,sp,48
800039d8:	00008067          	ret
800039dc:	30046073          	csrsi	mstatus,8
800039e0:	f65ff06f          	j	80003944 <xTaskGenericNotifyWait+0xc4>
800039e4:	00b12423          	sw	a1,8(sp)
800039e8:	80005537          	lui	a0,0x80005
800039ec:	000025b7          	lui	a1,0x2
800039f0:	e2f58593          	addi	a1,a1,-465 # 1e2f <_start-0x7fffe1d1>
800039f4:	fb850513          	addi	a0,a0,-72 # 80004fb8 <__clzsi2+0x2b8>
800039f8:	00e12623          	sw	a4,12(sp)
800039fc:	ffffd097          	auipc	ra,0xffffd
80003a00:	bd0080e7          	jalr	-1072(ra) # 800005cc <vAssertCalled>
80003a04:	00c12703          	lw	a4,12(sp)
80003a08:	00812783          	lw	a5,8(sp)
80003a0c:	ea5ff06f          	j	800038b0 <xTaskGenericNotifyWait+0x30>

80003a10 <xTaskGenericNotify>:
80003a10:	fd010113          	addi	sp,sp,-48
80003a14:	02112623          	sw	ra,44(sp)
80003a18:	00058813          	mv	a6,a1
80003a1c:	00050793          	mv	a5,a0
80003a20:	0a059263          	bnez	a1,80003ac4 <xTaskGenericNotify+0xb4>
80003a24:	0e078263          	beqz	a5,80003b08 <xTaskGenericNotify+0xf8>
80003a28:	30047073          	csrci	mstatus,8
80003a2c:	800058b7          	lui	a7,0x80005
80003a30:	1688a583          	lw	a1,360(a7) # 80005168 <xCriticalNesting>
80003a34:	00158513          	addi	a0,a1,1
80003a38:	16a8a423          	sw	a0,360(a7)
80003a3c:	00070a63          	beqz	a4,80003a50 <xTaskGenericNotify+0x40>
80003a40:	00281513          	slli	a0,a6,0x2
80003a44:	00a78533          	add	a0,a5,a0
80003a48:	04052503          	lw	a0,64(a0)
80003a4c:	00a72023          	sw	a0,0(a4)
80003a50:	01078533          	add	a0,a5,a6
80003a54:	04454703          	lbu	a4,68(a0)
80003a58:	00200313          	li	t1,2
80003a5c:	04650223          	sb	t1,68(a0)
80003a60:	00400513          	li	a0,4
80003a64:	0ff77713          	zext.b	a4,a4
80003a68:	1ed56a63          	bltu	a0,a3,80003c5c <xTaskGenericNotify+0x24c>
80003a6c:	80005537          	lui	a0,0x80005
80003a70:	00269693          	slli	a3,a3,0x2
80003a74:	02c50513          	addi	a0,a0,44 # 8000502c <hex.0+0x14>
80003a78:	00a686b3          	add	a3,a3,a0
80003a7c:	0006a683          	lw	a3,0(a3)
80003a80:	00068067          	jr	a3
80003a84:	00200693          	li	a3,2
80003a88:	00000513          	li	a0,0
80003a8c:	02d70063          	beq	a4,a3,80003aac <xTaskGenericNotify+0x9c>
80003a90:	00281813          	slli	a6,a6,0x2
80003a94:	01078833          	add	a6,a5,a6
80003a98:	04c82023          	sw	a2,64(a6)
80003a9c:	00100513          	li	a0,1
80003aa0:	0aa70663          	beq	a4,a0,80003b4c <xTaskGenericNotify+0x13c>
80003aa4:	1688a583          	lw	a1,360(a7)
80003aa8:	fff58593          	addi	a1,a1,-1
80003aac:	16b8a423          	sw	a1,360(a7)
80003ab0:	00059463          	bnez	a1,80003ab8 <xTaskGenericNotify+0xa8>
80003ab4:	30046073          	csrsi	mstatus,8
80003ab8:	02c12083          	lw	ra,44(sp)
80003abc:	03010113          	addi	sp,sp,48
80003ac0:	00008067          	ret
80003ac4:	00b12a23          	sw	a1,20(sp)
80003ac8:	00a12823          	sw	a0,16(sp)
80003acc:	000025b7          	lui	a1,0x2
80003ad0:	80005537          	lui	a0,0x80005
80003ad4:	ea458593          	addi	a1,a1,-348 # 1ea4 <_start-0x7fffe15c>
80003ad8:	fb850513          	addi	a0,a0,-72 # 80004fb8 <__clzsi2+0x2b8>
80003adc:	00e12e23          	sw	a4,28(sp)
80003ae0:	00d12c23          	sw	a3,24(sp)
80003ae4:	00c12623          	sw	a2,12(sp)
80003ae8:	ffffd097          	auipc	ra,0xffffd
80003aec:	ae4080e7          	jalr	-1308(ra) # 800005cc <vAssertCalled>
80003af0:	01012783          	lw	a5,16(sp)
80003af4:	01c12703          	lw	a4,28(sp)
80003af8:	01812683          	lw	a3,24(sp)
80003afc:	01412803          	lw	a6,20(sp)
80003b00:	00c12603          	lw	a2,12(sp)
80003b04:	f20792e3          	bnez	a5,80003a28 <xTaskGenericNotify+0x18>
80003b08:	80005537          	lui	a0,0x80005
80003b0c:	000025b7          	lui	a1,0x2
80003b10:	ea558593          	addi	a1,a1,-347 # 1ea5 <_start-0x7fffe15b>
80003b14:	fb850513          	addi	a0,a0,-72 # 80004fb8 <__clzsi2+0x2b8>
80003b18:	00e12e23          	sw	a4,28(sp)
80003b1c:	00d12c23          	sw	a3,24(sp)
80003b20:	01012a23          	sw	a6,20(sp)
80003b24:	00f12823          	sw	a5,16(sp)
80003b28:	00c12623          	sw	a2,12(sp)
80003b2c:	ffffd097          	auipc	ra,0xffffd
80003b30:	aa0080e7          	jalr	-1376(ra) # 800005cc <vAssertCalled>
80003b34:	01c12703          	lw	a4,28(sp)
80003b38:	01812683          	lw	a3,24(sp)
80003b3c:	01412803          	lw	a6,20(sp)
80003b40:	01012783          	lw	a5,16(sp)
80003b44:	00c12603          	lw	a2,12(sp)
80003b48:	ee1ff06f          	j	80003a28 <xTaskGenericNotify+0x18>
80003b4c:	0087a603          	lw	a2,8(a5)
80003b50:	00c7a703          	lw	a4,12(a5)
80003b54:	0147a683          	lw	a3,20(a5)
80003b58:	00478513          	addi	a0,a5,4
80003b5c:	00e62423          	sw	a4,8(a2)
80003b60:	0087a583          	lw	a1,8(a5)
80003b64:	0046a603          	lw	a2,4(a3)
80003b68:	00b72223          	sw	a1,4(a4)
80003b6c:	12a60663          	beq	a2,a0,80003c98 <xTaskGenericNotify+0x288>
80003b70:	0006a603          	lw	a2,0(a3)
80003b74:	80006737          	lui	a4,0x80006
80003b78:	2f870713          	addi	a4,a4,760 # 800062f8 <pxReadyTasksLists>
80003b7c:	fff60613          	addi	a2,a2,-1
80003b80:	00c6a023          	sw	a2,0(a3)
80003b84:	02c7a803          	lw	a6,44(a5)
80003b88:	80005337          	lui	t1,0x80005
80003b8c:	19c32e83          	lw	t4,412(t1) # 8000519c <uxTopReadyPriority>
80003b90:	00281693          	slli	a3,a6,0x2
80003b94:	010686b3          	add	a3,a3,a6
80003b98:	00269693          	slli	a3,a3,0x2
80003b9c:	00d70733          	add	a4,a4,a3
80003ba0:	00472583          	lw	a1,4(a4)
80003ba4:	00072603          	lw	a2,0(a4)
80003ba8:	00100693          	li	a3,1
80003bac:	00b7a423          	sw	a1,8(a5)
80003bb0:	0085ae03          	lw	t3,8(a1)
80003bb4:	010696b3          	sll	a3,a3,a6
80003bb8:	0287a803          	lw	a6,40(a5)
80003bbc:	01c7a623          	sw	t3,12(a5)
80003bc0:	00ae2223          	sw	a0,4(t3) # 80005004 <__clzsi2+0x304>
80003bc4:	00a5a423          	sw	a0,8(a1)
80003bc8:	00e7aa23          	sw	a4,20(a5)
80003bcc:	00160613          	addi	a2,a2,1
80003bd0:	01d6e6b3          	or	a3,a3,t4
80003bd4:	00c72023          	sw	a2,0(a4)
80003bd8:	18d32e23          	sw	a3,412(t1)
80003bdc:	02080463          	beqz	a6,80003c04 <xTaskGenericNotify+0x1f4>
80003be0:	80005537          	lui	a0,0x80005
80003be4:	000025b7          	lui	a1,0x2
80003be8:	ee958593          	addi	a1,a1,-279 # 1ee9 <_start-0x7fffe117>
80003bec:	fb850513          	addi	a0,a0,-72 # 80004fb8 <__clzsi2+0x2b8>
80003bf0:	00f12623          	sw	a5,12(sp)
80003bf4:	ffffd097          	auipc	ra,0xffffd
80003bf8:	9d8080e7          	jalr	-1576(ra) # 800005cc <vAssertCalled>
80003bfc:	00c12783          	lw	a5,12(sp)
80003c00:	800058b7          	lui	a7,0x80005
80003c04:	80005737          	lui	a4,0x80005
80003c08:	1b072703          	lw	a4,432(a4) # 800051b0 <pxCurrentTCB>
80003c0c:	02c7a783          	lw	a5,44(a5)
80003c10:	02c72703          	lw	a4,44(a4)
80003c14:	00f77463          	bgeu	a4,a5,80003c1c <xTaskGenericNotify+0x20c>
80003c18:	00000073          	ecall
80003c1c:	1688a583          	lw	a1,360(a7) # 80005168 <xCriticalNesting>
80003c20:	00100513          	li	a0,1
80003c24:	fff58593          	addi	a1,a1,-1
80003c28:	e85ff06f          	j	80003aac <xTaskGenericNotify+0x9c>
80003c2c:	00281813          	slli	a6,a6,0x2
80003c30:	01078833          	add	a6,a5,a6
80003c34:	04082683          	lw	a3,64(a6)
80003c38:	00c6e6b3          	or	a3,a3,a2
80003c3c:	04d82023          	sw	a3,64(a6)
80003c40:	e5dff06f          	j	80003a9c <xTaskGenericNotify+0x8c>
80003c44:	00281813          	slli	a6,a6,0x2
80003c48:	01078833          	add	a6,a5,a6
80003c4c:	04082683          	lw	a3,64(a6)
80003c50:	00168693          	addi	a3,a3,1
80003c54:	04d82023          	sw	a3,64(a6)
80003c58:	e45ff06f          	j	80003a9c <xTaskGenericNotify+0x8c>
80003c5c:	800056b7          	lui	a3,0x80005
80003c60:	1a06a683          	lw	a3,416(a3) # 800051a0 <xTickCount>
80003c64:	e2068ce3          	beqz	a3,80003a9c <xTaskGenericNotify+0x8c>
80003c68:	80005537          	lui	a0,0x80005
80003c6c:	000025b7          	lui	a1,0x2
80003c70:	eda58593          	addi	a1,a1,-294 # 1eda <_start-0x7fffe126>
80003c74:	fb850513          	addi	a0,a0,-72 # 80004fb8 <__clzsi2+0x2b8>
80003c78:	00f12823          	sw	a5,16(sp)
80003c7c:	00e12623          	sw	a4,12(sp)
80003c80:	ffffd097          	auipc	ra,0xffffd
80003c84:	94c080e7          	jalr	-1716(ra) # 800005cc <vAssertCalled>
80003c88:	01012783          	lw	a5,16(sp)
80003c8c:	00c12703          	lw	a4,12(sp)
80003c90:	800058b7          	lui	a7,0x80005
80003c94:	e09ff06f          	j	80003a9c <xTaskGenericNotify+0x8c>
80003c98:	00c7a703          	lw	a4,12(a5)
80003c9c:	00e6a223          	sw	a4,4(a3)
80003ca0:	ed1ff06f          	j	80003b70 <xTaskGenericNotify+0x160>

80003ca4 <xTaskGenericNotifyFromISR>:
80003ca4:	fd010113          	addi	sp,sp,-48
80003ca8:	02112623          	sw	ra,44(sp)
80003cac:	00050893          	mv	a7,a0
80003cb0:	00058813          	mv	a6,a1
80003cb4:	20050263          	beqz	a0,80003eb8 <xTaskGenericNotifyFromISR+0x214>
80003cb8:	06081e63          	bnez	a6,80003d34 <xTaskGenericNotifyFromISR+0x90>
80003cbc:	00070a63          	beqz	a4,80003cd0 <xTaskGenericNotifyFromISR+0x2c>
80003cc0:	00281593          	slli	a1,a6,0x2
80003cc4:	00b885b3          	add	a1,a7,a1
80003cc8:	0405a583          	lw	a1,64(a1)
80003ccc:	00b72023          	sw	a1,0(a4)
80003cd0:	01088733          	add	a4,a7,a6
80003cd4:	04474583          	lbu	a1,68(a4)
80003cd8:	00200513          	li	a0,2
80003cdc:	04a70223          	sb	a0,68(a4)
80003ce0:	00400713          	li	a4,4
80003ce4:	0ff5f313          	zext.b	t1,a1
80003ce8:	24d76e63          	bltu	a4,a3,80003f44 <xTaskGenericNotifyFromISR+0x2a0>
80003cec:	80005737          	lui	a4,0x80005
80003cf0:	04070713          	addi	a4,a4,64 # 80005040 <hex.0+0x28>
80003cf4:	00269693          	slli	a3,a3,0x2
80003cf8:	00e686b3          	add	a3,a3,a4
80003cfc:	0006a703          	lw	a4,0(a3)
80003d00:	00070067          	jr	a4
80003d04:	00200713          	li	a4,2
80003d08:	00000513          	li	a0,0
80003d0c:	00e30e63          	beq	t1,a4,80003d28 <xTaskGenericNotifyFromISR+0x84>
80003d10:	00281813          	slli	a6,a6,0x2
80003d14:	01088833          	add	a6,a7,a6
80003d18:	04c82023          	sw	a2,64(a6)
80003d1c:	00100713          	li	a4,1
80003d20:	06e30063          	beq	t1,a4,80003d80 <xTaskGenericNotifyFromISR+0xdc>
80003d24:	00100513          	li	a0,1
80003d28:	02c12083          	lw	ra,44(sp)
80003d2c:	03010113          	addi	sp,sp,48
80003d30:	00008067          	ret
80003d34:	80005537          	lui	a0,0x80005
80003d38:	000025b7          	lui	a1,0x2
80003d3c:	f1f58593          	addi	a1,a1,-225 # 1f1f <_start-0x7fffe0e1>
80003d40:	fb850513          	addi	a0,a0,-72 # 80004fb8 <__clzsi2+0x2b8>
80003d44:	00f12e23          	sw	a5,28(sp)
80003d48:	00e12c23          	sw	a4,24(sp)
80003d4c:	00d12a23          	sw	a3,20(sp)
80003d50:	01012823          	sw	a6,16(sp)
80003d54:	01112623          	sw	a7,12(sp)
80003d58:	00c12423          	sw	a2,8(sp)
80003d5c:	ffffd097          	auipc	ra,0xffffd
80003d60:	870080e7          	jalr	-1936(ra) # 800005cc <vAssertCalled>
80003d64:	01c12783          	lw	a5,28(sp)
80003d68:	01812703          	lw	a4,24(sp)
80003d6c:	01412683          	lw	a3,20(sp)
80003d70:	01012803          	lw	a6,16(sp)
80003d74:	00c12883          	lw	a7,12(sp)
80003d78:	00812603          	lw	a2,8(sp)
80003d7c:	f41ff06f          	j	80003cbc <xTaskGenericNotifyFromISR+0x18>
80003d80:	0288a703          	lw	a4,40(a7) # 80005028 <hex.0+0x10>
80003d84:	02070663          	beqz	a4,80003db0 <xTaskGenericNotifyFromISR+0x10c>
80003d88:	80005537          	lui	a0,0x80005
80003d8c:	000025b7          	lui	a1,0x2
80003d90:	f7458593          	addi	a1,a1,-140 # 1f74 <_start-0x7fffe08c>
80003d94:	fb850513          	addi	a0,a0,-72 # 80004fb8 <__clzsi2+0x2b8>
80003d98:	00f12623          	sw	a5,12(sp)
80003d9c:	01112423          	sw	a7,8(sp)
80003da0:	ffffd097          	auipc	ra,0xffffd
80003da4:	82c080e7          	jalr	-2004(ra) # 800005cc <vAssertCalled>
80003da8:	00c12783          	lw	a5,12(sp)
80003dac:	00812883          	lw	a7,8(sp)
80003db0:	80005737          	lui	a4,0x80005
80003db4:	18072703          	lw	a4,384(a4) # 80005180 <uxSchedulerSuspended>
80003db8:	14071863          	bnez	a4,80003f08 <xTaskGenericNotifyFromISR+0x264>
80003dbc:	0088a603          	lw	a2,8(a7)
80003dc0:	00c8a703          	lw	a4,12(a7)
80003dc4:	0148a683          	lw	a3,20(a7)
80003dc8:	00488513          	addi	a0,a7,4
80003dcc:	00e62423          	sw	a4,8(a2)
80003dd0:	0088a583          	lw	a1,8(a7)
80003dd4:	0046a603          	lw	a2,4(a3)
80003dd8:	00b72223          	sw	a1,4(a4)
80003ddc:	1aa60463          	beq	a2,a0,80003f84 <xTaskGenericNotifyFromISR+0x2e0>
80003de0:	0006a603          	lw	a2,0(a3)
80003de4:	80006737          	lui	a4,0x80006
80003de8:	2f870713          	addi	a4,a4,760 # 800062f8 <pxReadyTasksLists>
80003dec:	fff60613          	addi	a2,a2,-1
80003df0:	00c6a023          	sw	a2,0(a3)
80003df4:	02c8a803          	lw	a6,44(a7)
80003df8:	80005337          	lui	t1,0x80005
80003dfc:	19c32e83          	lw	t4,412(t1) # 8000519c <uxTopReadyPriority>
80003e00:	00281693          	slli	a3,a6,0x2
80003e04:	010686b3          	add	a3,a3,a6
80003e08:	00269693          	slli	a3,a3,0x2
80003e0c:	00d70733          	add	a4,a4,a3
80003e10:	00472583          	lw	a1,4(a4)
80003e14:	00072603          	lw	a2,0(a4)
80003e18:	00100693          	li	a3,1
80003e1c:	00b8a423          	sw	a1,8(a7)
80003e20:	0085ae03          	lw	t3,8(a1)
80003e24:	010696b3          	sll	a3,a3,a6
80003e28:	00160613          	addi	a2,a2,1
80003e2c:	01c8a623          	sw	t3,12(a7)
80003e30:	00ae2223          	sw	a0,4(t3)
80003e34:	00a5a423          	sw	a0,8(a1)
80003e38:	00e8aa23          	sw	a4,20(a7)
80003e3c:	01d6e6b3          	or	a3,a3,t4
80003e40:	00c72023          	sw	a2,0(a4)
80003e44:	18d32e23          	sw	a3,412(t1)
80003e48:	80005737          	lui	a4,0x80005
80003e4c:	1b072703          	lw	a4,432(a4) # 800051b0 <pxCurrentTCB>
80003e50:	02c8a683          	lw	a3,44(a7)
80003e54:	02c72703          	lw	a4,44(a4)
80003e58:	ecd776e3          	bgeu	a4,a3,80003d24 <xTaskGenericNotifyFromISR+0x80>
80003e5c:	00078663          	beqz	a5,80003e68 <xTaskGenericNotifyFromISR+0x1c4>
80003e60:	00100713          	li	a4,1
80003e64:	00e7a023          	sw	a4,0(a5)
80003e68:	800057b7          	lui	a5,0x80005
80003e6c:	00100713          	li	a4,1
80003e70:	18e7a823          	sw	a4,400(a5) # 80005190 <xYieldPendings>
80003e74:	eb1ff06f          	j	80003d24 <xTaskGenericNotifyFromISR+0x80>
80003e78:	00281813          	slli	a6,a6,0x2
80003e7c:	01088833          	add	a6,a7,a6
80003e80:	04082703          	lw	a4,64(a6)
80003e84:	00170713          	addi	a4,a4,1
80003e88:	04e82023          	sw	a4,64(a6)
80003e8c:	00100713          	li	a4,1
80003e90:	e8e31ae3          	bne	t1,a4,80003d24 <xTaskGenericNotifyFromISR+0x80>
80003e94:	eedff06f          	j	80003d80 <xTaskGenericNotifyFromISR+0xdc>
80003e98:	00281813          	slli	a6,a6,0x2
80003e9c:	01088833          	add	a6,a7,a6
80003ea0:	04082703          	lw	a4,64(a6)
80003ea4:	00c76733          	or	a4,a4,a2
80003ea8:	04e82023          	sw	a4,64(a6)
80003eac:	00100713          	li	a4,1
80003eb0:	e6e31ae3          	bne	t1,a4,80003d24 <xTaskGenericNotifyFromISR+0x80>
80003eb4:	ecdff06f          	j	80003d80 <xTaskGenericNotifyFromISR+0xdc>
80003eb8:	00b12823          	sw	a1,16(sp)
80003ebc:	00a12623          	sw	a0,12(sp)
80003ec0:	000025b7          	lui	a1,0x2
80003ec4:	80005537          	lui	a0,0x80005
80003ec8:	f1e58593          	addi	a1,a1,-226 # 1f1e <_start-0x7fffe0e2>
80003ecc:	fb850513          	addi	a0,a0,-72 # 80004fb8 <__clzsi2+0x2b8>
80003ed0:	00f12e23          	sw	a5,28(sp)
80003ed4:	00e12c23          	sw	a4,24(sp)
80003ed8:	00d12a23          	sw	a3,20(sp)
80003edc:	00c12423          	sw	a2,8(sp)
80003ee0:	ffffc097          	auipc	ra,0xffffc
80003ee4:	6ec080e7          	jalr	1772(ra) # 800005cc <vAssertCalled>
80003ee8:	01012803          	lw	a6,16(sp)
80003eec:	01c12783          	lw	a5,28(sp)
80003ef0:	01812703          	lw	a4,24(sp)
80003ef4:	01412683          	lw	a3,20(sp)
80003ef8:	00c12883          	lw	a7,12(sp)
80003efc:	00812603          	lw	a2,8(sp)
80003f00:	da080ee3          	beqz	a6,80003cbc <xTaskGenericNotifyFromISR+0x18>
80003f04:	e31ff06f          	j	80003d34 <xTaskGenericNotifyFromISR+0x90>
80003f08:	80006737          	lui	a4,0x80006
80003f0c:	2f870713          	addi	a4,a4,760 # 800062f8 <pxReadyTasksLists>
80003f10:	09072583          	lw	a1,144(a4)
80003f14:	08c72603          	lw	a2,140(a4)
80003f18:	01888693          	addi	a3,a7,24
80003f1c:	00b8ae23          	sw	a1,28(a7)
80003f20:	0085a503          	lw	a0,8(a1)
80003f24:	00160613          	addi	a2,a2,1
80003f28:	08c70813          	addi	a6,a4,140
80003f2c:	02a8a023          	sw	a0,32(a7)
80003f30:	00d52223          	sw	a3,4(a0)
80003f34:	00d5a423          	sw	a3,8(a1)
80003f38:	08c72623          	sw	a2,140(a4)
80003f3c:	0308a423          	sw	a6,40(a7)
80003f40:	f09ff06f          	j	80003e48 <xTaskGenericNotifyFromISR+0x1a4>
80003f44:	80005737          	lui	a4,0x80005
80003f48:	1a072703          	lw	a4,416(a4) # 800051a0 <xTickCount>
80003f4c:	dc0708e3          	beqz	a4,80003d1c <xTaskGenericNotifyFromISR+0x78>
80003f50:	80005537          	lui	a0,0x80005
80003f54:	000025b7          	lui	a1,0x2
80003f58:	f6958593          	addi	a1,a1,-151 # 1f69 <_start-0x7fffe097>
80003f5c:	fb850513          	addi	a0,a0,-72 # 80004fb8 <__clzsi2+0x2b8>
80003f60:	00f12823          	sw	a5,16(sp)
80003f64:	01112623          	sw	a7,12(sp)
80003f68:	00612423          	sw	t1,8(sp)
80003f6c:	ffffc097          	auipc	ra,0xffffc
80003f70:	660080e7          	jalr	1632(ra) # 800005cc <vAssertCalled>
80003f74:	01012783          	lw	a5,16(sp)
80003f78:	00c12883          	lw	a7,12(sp)
80003f7c:	00812303          	lw	t1,8(sp)
80003f80:	d9dff06f          	j	80003d1c <xTaskGenericNotifyFromISR+0x78>
80003f84:	00c8a703          	lw	a4,12(a7)
80003f88:	00e6a223          	sw	a4,4(a3)
80003f8c:	e55ff06f          	j	80003de0 <xTaskGenericNotifyFromISR+0x13c>

80003f90 <vTaskGenericNotifyGiveFromISR>:
80003f90:	fe010113          	addi	sp,sp,-32
80003f94:	00112e23          	sw	ra,28(sp)
80003f98:	00050713          	mv	a4,a0
80003f9c:	00058793          	mv	a5,a1
80003fa0:	12050063          	beqz	a0,800040c0 <vTaskGenericNotifyGiveFromISR+0x130>
80003fa4:	0e079463          	bnez	a5,8000408c <vTaskGenericNotifyGiveFromISR+0xfc>
80003fa8:	00f706b3          	add	a3,a4,a5
80003fac:	00200593          	li	a1,2
80003fb0:	00279793          	slli	a5,a5,0x2
80003fb4:	0446c503          	lbu	a0,68(a3)
80003fb8:	00f707b3          	add	a5,a4,a5
80003fbc:	04b68223          	sb	a1,68(a3)
80003fc0:	0407a683          	lw	a3,64(a5)
80003fc4:	00100593          	li	a1,1
80003fc8:	00b686b3          	add	a3,a3,a1
80003fcc:	04d7a023          	sw	a3,64(a5)
80003fd0:	00b50863          	beq	a0,a1,80003fe0 <vTaskGenericNotifyGiveFromISR+0x50>
80003fd4:	01c12083          	lw	ra,28(sp)
80003fd8:	02010113          	addi	sp,sp,32
80003fdc:	00008067          	ret
80003fe0:	02872783          	lw	a5,40(a4)
80003fe4:	02078663          	beqz	a5,80004010 <vTaskGenericNotifyGiveFromISR+0x80>
80003fe8:	80005537          	lui	a0,0x80005
80003fec:	000025b7          	lui	a1,0x2
80003ff0:	fea58593          	addi	a1,a1,-22 # 1fea <_start-0x7fffe016>
80003ff4:	fb850513          	addi	a0,a0,-72 # 80004fb8 <__clzsi2+0x2b8>
80003ff8:	00c12423          	sw	a2,8(sp)
80003ffc:	00e12223          	sw	a4,4(sp)
80004000:	ffffc097          	auipc	ra,0xffffc
80004004:	5cc080e7          	jalr	1484(ra) # 800005cc <vAssertCalled>
80004008:	00812603          	lw	a2,8(sp)
8000400c:	00412703          	lw	a4,4(sp)
80004010:	800057b7          	lui	a5,0x80005
80004014:	1807a783          	lw	a5,384(a5) # 80005180 <uxSchedulerSuspended>
80004018:	0c078e63          	beqz	a5,800040f4 <vTaskGenericNotifyGiveFromISR+0x164>
8000401c:	800067b7          	lui	a5,0x80006
80004020:	2f878793          	addi	a5,a5,760 # 800062f8 <pxReadyTasksLists>
80004024:	0907a503          	lw	a0,144(a5)
80004028:	08c7a583          	lw	a1,140(a5)
8000402c:	01870693          	addi	a3,a4,24
80004030:	00a72e23          	sw	a0,28(a4)
80004034:	00852803          	lw	a6,8(a0)
80004038:	00158593          	addi	a1,a1,1
8000403c:	08c78893          	addi	a7,a5,140
80004040:	03072023          	sw	a6,32(a4)
80004044:	00d82223          	sw	a3,4(a6)
80004048:	00d52423          	sw	a3,8(a0)
8000404c:	08b7a623          	sw	a1,140(a5)
80004050:	03172423          	sw	a7,40(a4)
80004054:	800057b7          	lui	a5,0x80005
80004058:	1b07a783          	lw	a5,432(a5) # 800051b0 <pxCurrentTCB>
8000405c:	02c72703          	lw	a4,44(a4)
80004060:	02c7a783          	lw	a5,44(a5)
80004064:	f6e7f8e3          	bgeu	a5,a4,80003fd4 <vTaskGenericNotifyGiveFromISR+0x44>
80004068:	00060663          	beqz	a2,80004074 <vTaskGenericNotifyGiveFromISR+0xe4>
8000406c:	00100793          	li	a5,1
80004070:	00f62023          	sw	a5,0(a2)
80004074:	01c12083          	lw	ra,28(sp)
80004078:	800057b7          	lui	a5,0x80005
8000407c:	00100713          	li	a4,1
80004080:	18e7a823          	sw	a4,400(a5) # 80005190 <xYieldPendings>
80004084:	02010113          	addi	sp,sp,32
80004088:	00008067          	ret
8000408c:	80005537          	lui	a0,0x80005
80004090:	000025b7          	lui	a1,0x2
80004094:	fc158593          	addi	a1,a1,-63 # 1fc1 <_start-0x7fffe03f>
80004098:	fb850513          	addi	a0,a0,-72 # 80004fb8 <__clzsi2+0x2b8>
8000409c:	00c12623          	sw	a2,12(sp)
800040a0:	00f12423          	sw	a5,8(sp)
800040a4:	00e12223          	sw	a4,4(sp)
800040a8:	ffffc097          	auipc	ra,0xffffc
800040ac:	524080e7          	jalr	1316(ra) # 800005cc <vAssertCalled>
800040b0:	00c12603          	lw	a2,12(sp)
800040b4:	00812783          	lw	a5,8(sp)
800040b8:	00412703          	lw	a4,4(sp)
800040bc:	eedff06f          	j	80003fa8 <vTaskGenericNotifyGiveFromISR+0x18>
800040c0:	00b12423          	sw	a1,8(sp)
800040c4:	00a12223          	sw	a0,4(sp)
800040c8:	000025b7          	lui	a1,0x2
800040cc:	80005537          	lui	a0,0x80005
800040d0:	fc058593          	addi	a1,a1,-64 # 1fc0 <_start-0x7fffe040>
800040d4:	fb850513          	addi	a0,a0,-72 # 80004fb8 <__clzsi2+0x2b8>
800040d8:	00c12623          	sw	a2,12(sp)
800040dc:	ffffc097          	auipc	ra,0xffffc
800040e0:	4f0080e7          	jalr	1264(ra) # 800005cc <vAssertCalled>
800040e4:	00c12603          	lw	a2,12(sp)
800040e8:	00812783          	lw	a5,8(sp)
800040ec:	00412703          	lw	a4,4(sp)
800040f0:	eb5ff06f          	j	80003fa4 <vTaskGenericNotifyGiveFromISR+0x14>
800040f4:	00872583          	lw	a1,8(a4)
800040f8:	00c72783          	lw	a5,12(a4)
800040fc:	01472683          	lw	a3,20(a4)
80004100:	00470813          	addi	a6,a4,4
80004104:	00f5a423          	sw	a5,8(a1)
80004108:	00872503          	lw	a0,8(a4)
8000410c:	0046a583          	lw	a1,4(a3)
80004110:	00a7a223          	sw	a0,4(a5)
80004114:	07058863          	beq	a1,a6,80004184 <vTaskGenericNotifyGiveFromISR+0x1f4>
80004118:	0006a583          	lw	a1,0(a3)
8000411c:	800067b7          	lui	a5,0x80006
80004120:	2f878793          	addi	a5,a5,760 # 800062f8 <pxReadyTasksLists>
80004124:	fff58593          	addi	a1,a1,-1
80004128:	00b6a023          	sw	a1,0(a3)
8000412c:	02c72883          	lw	a7,44(a4)
80004130:	80005337          	lui	t1,0x80005
80004134:	19c32e83          	lw	t4,412(t1) # 8000519c <uxTopReadyPriority>
80004138:	00289693          	slli	a3,a7,0x2
8000413c:	011686b3          	add	a3,a3,a7
80004140:	00269693          	slli	a3,a3,0x2
80004144:	00d787b3          	add	a5,a5,a3
80004148:	0047a503          	lw	a0,4(a5)
8000414c:	0007a583          	lw	a1,0(a5)
80004150:	00100693          	li	a3,1
80004154:	00a72423          	sw	a0,8(a4)
80004158:	00852e03          	lw	t3,8(a0)
8000415c:	011696b3          	sll	a3,a3,a7
80004160:	00158593          	addi	a1,a1,1
80004164:	01c72623          	sw	t3,12(a4)
80004168:	010e2223          	sw	a6,4(t3)
8000416c:	01052423          	sw	a6,8(a0)
80004170:	00f72a23          	sw	a5,20(a4)
80004174:	01d6e6b3          	or	a3,a3,t4
80004178:	00b7a023          	sw	a1,0(a5)
8000417c:	18d32e23          	sw	a3,412(t1)
80004180:	ed5ff06f          	j	80004054 <vTaskGenericNotifyGiveFromISR+0xc4>
80004184:	00c72783          	lw	a5,12(a4)
80004188:	00f6a223          	sw	a5,4(a3)
8000418c:	f8dff06f          	j	80004118 <vTaskGenericNotifyGiveFromISR+0x188>

80004190 <xTaskGenericNotifyStateClear>:
80004190:	fe010113          	addi	sp,sp,-32
80004194:	00112e23          	sw	ra,28(sp)
80004198:	00058713          	mv	a4,a1
8000419c:	00050793          	mv	a5,a0
800041a0:	04059463          	bnez	a1,800041e8 <xTaskGenericNotifyStateClear+0x58>
800041a4:	06078863          	beqz	a5,80004214 <xTaskGenericNotifyStateClear+0x84>
800041a8:	30047073          	csrci	mstatus,8
800041ac:	00e787b3          	add	a5,a5,a4
800041b0:	0447c603          	lbu	a2,68(a5)
800041b4:	80005737          	lui	a4,0x80005
800041b8:	00200693          	li	a3,2
800041bc:	16872703          	lw	a4,360(a4) # 80005168 <xCriticalNesting>
800041c0:	00000513          	li	a0,0
800041c4:	00d60c63          	beq	a2,a3,800041dc <xTaskGenericNotifyStateClear+0x4c>
800041c8:	00071463          	bnez	a4,800041d0 <xTaskGenericNotifyStateClear+0x40>
800041cc:	30046073          	csrsi	mstatus,8
800041d0:	01c12083          	lw	ra,28(sp)
800041d4:	02010113          	addi	sp,sp,32
800041d8:	00008067          	ret
800041dc:	04078223          	sb	zero,68(a5)
800041e0:	00100513          	li	a0,1
800041e4:	fe5ff06f          	j	800041c8 <xTaskGenericNotifyStateClear+0x38>
800041e8:	00b12623          	sw	a1,12(sp)
800041ec:	00a12423          	sw	a0,8(sp)
800041f0:	000025b7          	lui	a1,0x2
800041f4:	80005537          	lui	a0,0x80005
800041f8:	03258593          	addi	a1,a1,50 # 2032 <_start-0x7fffdfce>
800041fc:	fb850513          	addi	a0,a0,-72 # 80004fb8 <__clzsi2+0x2b8>
80004200:	ffffc097          	auipc	ra,0xffffc
80004204:	3cc080e7          	jalr	972(ra) # 800005cc <vAssertCalled>
80004208:	00812783          	lw	a5,8(sp)
8000420c:	00c12703          	lw	a4,12(sp)
80004210:	f8079ce3          	bnez	a5,800041a8 <xTaskGenericNotifyStateClear+0x18>
80004214:	800057b7          	lui	a5,0x80005
80004218:	1b07a783          	lw	a5,432(a5) # 800051b0 <pxCurrentTCB>
8000421c:	f8dff06f          	j	800041a8 <xTaskGenericNotifyStateClear+0x18>

80004220 <ulTaskGenericNotifyValueClear>:
80004220:	fe010113          	addi	sp,sp,-32
80004224:	00112e23          	sw	ra,28(sp)
80004228:	00058713          	mv	a4,a1
8000422c:	00050793          	mv	a5,a0
80004230:	04059263          	bnez	a1,80004274 <ulTaskGenericNotifyValueClear+0x54>
80004234:	06078a63          	beqz	a5,800042a8 <ulTaskGenericNotifyValueClear+0x88>
80004238:	30047073          	csrci	mstatus,8
8000423c:	00271713          	slli	a4,a4,0x2
80004240:	00e785b3          	add	a1,a5,a4
80004244:	0405a503          	lw	a0,64(a1)
80004248:	0405a703          	lw	a4,64(a1)
8000424c:	800057b7          	lui	a5,0x80005
80004250:	fff64613          	not	a2,a2
80004254:	1687a783          	lw	a5,360(a5) # 80005168 <xCriticalNesting>
80004258:	00e67633          	and	a2,a2,a4
8000425c:	04c5a023          	sw	a2,64(a1)
80004260:	00079463          	bnez	a5,80004268 <ulTaskGenericNotifyValueClear+0x48>
80004264:	30046073          	csrsi	mstatus,8
80004268:	01c12083          	lw	ra,28(sp)
8000426c:	02010113          	addi	sp,sp,32
80004270:	00008067          	ret
80004274:	00b12423          	sw	a1,8(sp)
80004278:	00a12223          	sw	a0,4(sp)
8000427c:	000025b7          	lui	a1,0x2
80004280:	80005537          	lui	a0,0x80005
80004284:	05958593          	addi	a1,a1,89 # 2059 <_start-0x7fffdfa7>
80004288:	fb850513          	addi	a0,a0,-72 # 80004fb8 <__clzsi2+0x2b8>
8000428c:	00c12623          	sw	a2,12(sp)
80004290:	ffffc097          	auipc	ra,0xffffc
80004294:	33c080e7          	jalr	828(ra) # 800005cc <vAssertCalled>
80004298:	00412783          	lw	a5,4(sp)
8000429c:	00c12603          	lw	a2,12(sp)
800042a0:	00812703          	lw	a4,8(sp)
800042a4:	f8079ae3          	bnez	a5,80004238 <ulTaskGenericNotifyValueClear+0x18>
800042a8:	800057b7          	lui	a5,0x80005
800042ac:	1b07a783          	lw	a5,432(a5) # 800051b0 <pxCurrentTCB>
800042b0:	f89ff06f          	j	80004238 <ulTaskGenericNotifyValueClear+0x18>

800042b4 <vTaskResetState>:
800042b4:	800057b7          	lui	a5,0x80005
800042b8:	1a07a823          	sw	zero,432(a5) # 800051b0 <pxCurrentTCB>
800042bc:	800057b7          	lui	a5,0x80005
800042c0:	1a07a223          	sw	zero,420(a5) # 800051a4 <uxCurrentNumberOfTasks>
800042c4:	800057b7          	lui	a5,0x80005
800042c8:	1a07a023          	sw	zero,416(a5) # 800051a0 <xTickCount>
800042cc:	800057b7          	lui	a5,0x80005
800042d0:	1807ae23          	sw	zero,412(a5) # 8000519c <uxTopReadyPriority>
800042d4:	800057b7          	lui	a5,0x80005
800042d8:	1807ac23          	sw	zero,408(a5) # 80005198 <xSchedulerRunning>
800042dc:	800057b7          	lui	a5,0x80005
800042e0:	1807aa23          	sw	zero,404(a5) # 80005194 <xPendedTicks>
800042e4:	800057b7          	lui	a5,0x80005
800042e8:	1807a823          	sw	zero,400(a5) # 80005190 <xYieldPendings>
800042ec:	800057b7          	lui	a5,0x80005
800042f0:	1807a623          	sw	zero,396(a5) # 8000518c <xNumOfOverflows>
800042f4:	800057b7          	lui	a5,0x80005
800042f8:	1807a223          	sw	zero,388(a5) # 80005184 <xNextTaskUnblockTime>
800042fc:	80005737          	lui	a4,0x80005
80004300:	800057b7          	lui	a5,0x80005
80004304:	18072423          	sw	zero,392(a4) # 80005188 <uxTaskNumber>
80004308:	1807a023          	sw	zero,384(a5) # 80005180 <uxSchedulerSuspended>
8000430c:	00008067          	ret

80004310 <vPortSetupTimerInterrupt>:
80004310:	ff010113          	addi	sp,sp,-16
80004314:	f14027f3          	csrr	a5,mhartid
80004318:	00f12623          	sw	a5,12(sp)
8000431c:	00c12503          	lw	a0,12(sp)
80004320:	080007b7          	lui	a5,0x8000
80004324:	00578793          	addi	a5,a5,5 # 8000005 <_start-0x77fffffb>
80004328:	00f50533          	add	a0,a0,a5
8000432c:	00351513          	slli	a0,a0,0x3
80004330:	800057b7          	lui	a5,0x80005
80004334:	1aa7ae23          	sw	a0,444(a5) # 800051bc <pullMachineTimerCompareRegister>
80004338:	400005b7          	lui	a1,0x40000
8000433c:	400007b7          	lui	a5,0x40000
80004340:	02478793          	addi	a5,a5,36 # 40000024 <_start-0x3fffffdc>
80004344:	02058593          	addi	a1,a1,32 # 40000020 <_start-0x3fffffe0>
80004348:	0007a683          	lw	a3,0(a5)
8000434c:	0005a603          	lw	a2,0(a1)
80004350:	0007a703          	lw	a4,0(a5)
80004354:	fed71ae3          	bne	a4,a3,80004348 <vPortSetupTimerInterrupt+0x38>
80004358:	0000c7b7          	lui	a5,0xc
8000435c:	35078793          	addi	a5,a5,848 # c350 <_start-0x7fff3cb0>
80004360:	00f606b3          	add	a3,a2,a5
80004364:	00c6b633          	sltu	a2,a3,a2
80004368:	00e608b3          	add	a7,a2,a4
8000436c:	00068813          	mv	a6,a3
80004370:	800056b7          	lui	a3,0x80005
80004374:	1d06a023          	sw	a6,448(a3) # 800051c0 <ullNextTime>
80004378:	1d16a223          	sw	a7,452(a3)
8000437c:	01052023          	sw	a6,0(a0)
80004380:	01152223          	sw	a7,4(a0)
80004384:	1c06a703          	lw	a4,448(a3)
80004388:	1c46a603          	lw	a2,452(a3)
8000438c:	00f707b3          	add	a5,a4,a5
80004390:	00e7b733          	sltu	a4,a5,a4
80004394:	00c70733          	add	a4,a4,a2
80004398:	1cf6a023          	sw	a5,448(a3)
8000439c:	1ce6a223          	sw	a4,452(a3)
800043a0:	01010113          	addi	sp,sp,16
800043a4:	00008067          	ret

800043a8 <xPortStartScheduler>:
800043a8:	80006537          	lui	a0,0x80006
800043ac:	ff010113          	addi	sp,sp,-16
800043b0:	40000613          	li	a2,1024
800043b4:	0ee00593          	li	a1,238
800043b8:	3a050513          	addi	a0,a0,928 # 800063a0 <xISRStack>
800043bc:	00112623          	sw	ra,12(sp)
800043c0:	ffffc097          	auipc	ra,0xffffc
800043c4:	5d8080e7          	jalr	1496(ra) # 80000998 <memset>
800043c8:	00000097          	auipc	ra,0x0
800043cc:	f48080e7          	jalr	-184(ra) # 80004310 <vPortSetupTimerInterrupt>
800043d0:	000017b7          	lui	a5,0x1
800043d4:	88078793          	addi	a5,a5,-1920 # 880 <_start-0x7ffff780>
800043d8:	3047a073          	csrs	mie,a5
800043dc:	00000097          	auipc	ra,0x0
800043e0:	07c080e7          	jalr	124(ra) # 80004458 <xPortStartFirstTask>
800043e4:	00c12083          	lw	ra,12(sp)
800043e8:	00000513          	li	a0,0
800043ec:	01010113          	addi	sp,sp,16
800043f0:	00008067          	ret

800043f4 <vPortEndScheduler>:
800043f4:	0000006f          	j	800043f4 <vPortEndScheduler>

800043f8 <pxPortInitialiseStack>:
800043f8:	300022f3          	csrr	t0,mstatus
800043fc:	ff72f293          	andi	t0,t0,-9
80004400:	18800313          	li	t1,392
80004404:	00431313          	slli	t1,t1,0x4
80004408:	0062e2b3          	or	t0,t0,t1
8000440c:	ffc50513          	addi	a0,a0,-4
80004410:	00552023          	sw	t0,0(a0)
80004414:	ffc50513          	addi	a0,a0,-4
80004418:	00052023          	sw	zero,0(a0)
8000441c:	fa850513          	addi	a0,a0,-88
80004420:	00c52023          	sw	a2,0(a0)
80004424:	fe850513          	addi	a0,a0,-24
80004428:	00001297          	auipc	t0,0x1
8000442c:	d902a283          	lw	t0,-624(t0) # 800051b8 <xTaskReturnAddress>
80004430:	00552023          	sw	t0,0(a0)
80004434:	00000293          	li	t0,0

80004438 <chip_specific_stack_frame>:
80004438:	00028a63          	beqz	t0,8000444c <chip_specific_stack_frame+0x14>
8000443c:	ffc50513          	addi	a0,a0,-4
80004440:	00052023          	sw	zero,0(a0)
80004444:	fff28293          	addi	t0,t0,-1
80004448:	ff1ff06f          	j	80004438 <chip_specific_stack_frame>
8000444c:	ffc50513          	addi	a0,a0,-4
80004450:	00b52023          	sw	a1,0(a0)
80004454:	00008067          	ret

80004458 <xPortStartFirstTask>:
80004458:	00001117          	auipc	sp,0x1
8000445c:	d5812103          	lw	sp,-680(sp) # 800051b0 <pxCurrentTCB>
80004460:	00012103          	lw	sp,0(sp)
80004464:	00012083          	lw	ra,0(sp)
80004468:	01012383          	lw	t2,16(sp)
8000446c:	01412403          	lw	s0,20(sp)
80004470:	01812483          	lw	s1,24(sp)
80004474:	01c12503          	lw	a0,28(sp)
80004478:	02012583          	lw	a1,32(sp)
8000447c:	02412603          	lw	a2,36(sp)
80004480:	02812683          	lw	a3,40(sp)
80004484:	02c12703          	lw	a4,44(sp)
80004488:	03012783          	lw	a5,48(sp)
8000448c:	03412803          	lw	a6,52(sp)
80004490:	03812883          	lw	a7,56(sp)
80004494:	03c12903          	lw	s2,60(sp)
80004498:	04012983          	lw	s3,64(sp)
8000449c:	04412a03          	lw	s4,68(sp)
800044a0:	04812a83          	lw	s5,72(sp)
800044a4:	04c12b03          	lw	s6,76(sp)
800044a8:	05012b83          	lw	s7,80(sp)
800044ac:	05412c03          	lw	s8,84(sp)
800044b0:	05812c83          	lw	s9,88(sp)
800044b4:	05c12d03          	lw	s10,92(sp)
800044b8:	06012d83          	lw	s11,96(sp)
800044bc:	06412e03          	lw	t3,100(sp)
800044c0:	06812e83          	lw	t4,104(sp)
800044c4:	06c12f03          	lw	t5,108(sp)
800044c8:	07012f83          	lw	t6,112(sp)
800044cc:	07412283          	lw	t0,116(sp)
800044d0:	00001317          	auipc	t1,0x1
800044d4:	c9432303          	lw	t1,-876(t1) # 80005164 <pxCriticalNesting>
800044d8:	00532023          	sw	t0,0(t1)
800044dc:	07812283          	lw	t0,120(sp)
800044e0:	00828293          	addi	t0,t0,8
800044e4:	30029073          	csrw	mstatus,t0
800044e8:	00812283          	lw	t0,8(sp)
800044ec:	00c12303          	lw	t1,12(sp)
800044f0:	07c10113          	addi	sp,sp,124
800044f4:	00008067          	ret
800044f8:	342022f3          	csrr	t0,mcause
800044fc:	34102373          	csrr	t1,mepc
80004500:	300023f3          	csrr	t2,mstatus
80004504:	0000006f          	j	80004504 <xPortStartFirstTask+0xac>
80004508:	342022f3          	csrr	t0,mcause
8000450c:	34102373          	csrr	t1,mepc
80004510:	300023f3          	csrr	t2,mstatus
80004514:	0000006f          	j	80004514 <xPortStartFirstTask+0xbc>

80004518 <freertos_risc_v_exception_handler>:
80004518:	f8410113          	addi	sp,sp,-124
8000451c:	00112223          	sw	ra,4(sp)
80004520:	00512423          	sw	t0,8(sp)
80004524:	00612623          	sw	t1,12(sp)
80004528:	00712823          	sw	t2,16(sp)
8000452c:	00812a23          	sw	s0,20(sp)
80004530:	00912c23          	sw	s1,24(sp)
80004534:	00a12e23          	sw	a0,28(sp)
80004538:	02b12023          	sw	a1,32(sp)
8000453c:	02c12223          	sw	a2,36(sp)
80004540:	02d12423          	sw	a3,40(sp)
80004544:	02e12623          	sw	a4,44(sp)
80004548:	02f12823          	sw	a5,48(sp)
8000454c:	03012a23          	sw	a6,52(sp)
80004550:	03112c23          	sw	a7,56(sp)
80004554:	03212e23          	sw	s2,60(sp)
80004558:	05312023          	sw	s3,64(sp)
8000455c:	05412223          	sw	s4,68(sp)
80004560:	05512423          	sw	s5,72(sp)
80004564:	05612623          	sw	s6,76(sp)
80004568:	05712823          	sw	s7,80(sp)
8000456c:	05812a23          	sw	s8,84(sp)
80004570:	05912c23          	sw	s9,88(sp)
80004574:	05a12e23          	sw	s10,92(sp)
80004578:	07b12023          	sw	s11,96(sp)
8000457c:	07c12223          	sw	t3,100(sp)
80004580:	07d12423          	sw	t4,104(sp)
80004584:	07e12623          	sw	t5,108(sp)
80004588:	07f12823          	sw	t6,112(sp)
8000458c:	00001297          	auipc	t0,0x1
80004590:	bdc2a283          	lw	t0,-1060(t0) # 80005168 <xCriticalNesting>
80004594:	06512a23          	sw	t0,116(sp)
80004598:	300022f3          	csrr	t0,mstatus
8000459c:	06512c23          	sw	t0,120(sp)
800045a0:	00001297          	auipc	t0,0x1
800045a4:	c102a283          	lw	t0,-1008(t0) # 800051b0 <pxCurrentTCB>
800045a8:	0022a023          	sw	sp,0(t0)
800045ac:	34202573          	csrr	a0,mcause
800045b0:	341025f3          	csrr	a1,mepc
800045b4:	00458593          	addi	a1,a1,4
800045b8:	00b12023          	sw	a1,0(sp)
800045bc:	00001117          	auipc	sp,0x1
800045c0:	ba412103          	lw	sp,-1116(sp) # 80005160 <xISRStackTop>
800045c4:	00b00293          	li	t0,11
800045c8:	0a551863          	bne	a0,t0,80004678 <other_exception>
800045cc:	fffff097          	auipc	ra,0xfffff
800045d0:	9dc080e7          	jalr	-1572(ra) # 80002fa8 <vTaskSwitchContext>
800045d4:	00001317          	auipc	t1,0x1
800045d8:	bdc32303          	lw	t1,-1060(t1) # 800051b0 <pxCurrentTCB>
800045dc:	00032103          	lw	sp,0(t1)
800045e0:	00012283          	lw	t0,0(sp)
800045e4:	34129073          	csrw	mepc,t0
800045e8:	07812283          	lw	t0,120(sp)
800045ec:	30029073          	csrw	mstatus,t0
800045f0:	07412283          	lw	t0,116(sp)
800045f4:	00001317          	auipc	t1,0x1
800045f8:	b7032303          	lw	t1,-1168(t1) # 80005164 <pxCriticalNesting>
800045fc:	00532023          	sw	t0,0(t1)
80004600:	00412083          	lw	ra,4(sp)
80004604:	00812283          	lw	t0,8(sp)
80004608:	00c12303          	lw	t1,12(sp)
8000460c:	01012383          	lw	t2,16(sp)
80004610:	01412403          	lw	s0,20(sp)
80004614:	01812483          	lw	s1,24(sp)
80004618:	01c12503          	lw	a0,28(sp)
8000461c:	02012583          	lw	a1,32(sp)
80004620:	02412603          	lw	a2,36(sp)
80004624:	02812683          	lw	a3,40(sp)
80004628:	02c12703          	lw	a4,44(sp)
8000462c:	03012783          	lw	a5,48(sp)
80004630:	03412803          	lw	a6,52(sp)
80004634:	03812883          	lw	a7,56(sp)
80004638:	03c12903          	lw	s2,60(sp)
8000463c:	04012983          	lw	s3,64(sp)
80004640:	04412a03          	lw	s4,68(sp)
80004644:	04812a83          	lw	s5,72(sp)
80004648:	04c12b03          	lw	s6,76(sp)
8000464c:	05012b83          	lw	s7,80(sp)
80004650:	05412c03          	lw	s8,84(sp)
80004654:	05812c83          	lw	s9,88(sp)
80004658:	05c12d03          	lw	s10,92(sp)
8000465c:	06012d83          	lw	s11,96(sp)
80004660:	06412e03          	lw	t3,100(sp)
80004664:	06812e83          	lw	t4,104(sp)
80004668:	06c12f03          	lw	t5,108(sp)
8000466c:	07012f83          	lw	t6,112(sp)
80004670:	07c10113          	addi	sp,sp,124
80004674:	30200073          	mret

80004678 <other_exception>:
80004678:	ffffc097          	auipc	ra,0xffffc
8000467c:	098080e7          	jalr	152(ra) # 80000710 <freertos_risc_v_application_exception_handler>
80004680:	00001317          	auipc	t1,0x1
80004684:	b3032303          	lw	t1,-1232(t1) # 800051b0 <pxCurrentTCB>
80004688:	00032103          	lw	sp,0(t1)
8000468c:	00012283          	lw	t0,0(sp)
80004690:	34129073          	csrw	mepc,t0
80004694:	07812283          	lw	t0,120(sp)
80004698:	30029073          	csrw	mstatus,t0
8000469c:	07412283          	lw	t0,116(sp)
800046a0:	00001317          	auipc	t1,0x1
800046a4:	ac432303          	lw	t1,-1340(t1) # 80005164 <pxCriticalNesting>
800046a8:	00532023          	sw	t0,0(t1)
800046ac:	00412083          	lw	ra,4(sp)
800046b0:	00812283          	lw	t0,8(sp)
800046b4:	00c12303          	lw	t1,12(sp)
800046b8:	01012383          	lw	t2,16(sp)
800046bc:	01412403          	lw	s0,20(sp)
800046c0:	01812483          	lw	s1,24(sp)
800046c4:	01c12503          	lw	a0,28(sp)
800046c8:	02012583          	lw	a1,32(sp)
800046cc:	02412603          	lw	a2,36(sp)
800046d0:	02812683          	lw	a3,40(sp)
800046d4:	02c12703          	lw	a4,44(sp)
800046d8:	03012783          	lw	a5,48(sp)
800046dc:	03412803          	lw	a6,52(sp)
800046e0:	03812883          	lw	a7,56(sp)
800046e4:	03c12903          	lw	s2,60(sp)
800046e8:	04012983          	lw	s3,64(sp)
800046ec:	04412a03          	lw	s4,68(sp)
800046f0:	04812a83          	lw	s5,72(sp)
800046f4:	04c12b03          	lw	s6,76(sp)
800046f8:	05012b83          	lw	s7,80(sp)
800046fc:	05412c03          	lw	s8,84(sp)
80004700:	05812c83          	lw	s9,88(sp)
80004704:	05c12d03          	lw	s10,92(sp)
80004708:	06012d83          	lw	s11,96(sp)
8000470c:	06412e03          	lw	t3,100(sp)
80004710:	06812e83          	lw	t4,104(sp)
80004714:	06c12f03          	lw	t5,108(sp)
80004718:	07012f83          	lw	t6,112(sp)
8000471c:	07c10113          	addi	sp,sp,124
80004720:	30200073          	mret

80004724 <freertos_risc_v_interrupt_handler>:
80004724:	f8410113          	addi	sp,sp,-124
80004728:	00112223          	sw	ra,4(sp)
8000472c:	00512423          	sw	t0,8(sp)
80004730:	00612623          	sw	t1,12(sp)
80004734:	00712823          	sw	t2,16(sp)
80004738:	00812a23          	sw	s0,20(sp)
8000473c:	00912c23          	sw	s1,24(sp)
80004740:	00a12e23          	sw	a0,28(sp)
80004744:	02b12023          	sw	a1,32(sp)
80004748:	02c12223          	sw	a2,36(sp)
8000474c:	02d12423          	sw	a3,40(sp)
80004750:	02e12623          	sw	a4,44(sp)
80004754:	02f12823          	sw	a5,48(sp)
80004758:	03012a23          	sw	a6,52(sp)
8000475c:	03112c23          	sw	a7,56(sp)
80004760:	03212e23          	sw	s2,60(sp)
80004764:	05312023          	sw	s3,64(sp)
80004768:	05412223          	sw	s4,68(sp)
8000476c:	05512423          	sw	s5,72(sp)
80004770:	05612623          	sw	s6,76(sp)
80004774:	05712823          	sw	s7,80(sp)
80004778:	05812a23          	sw	s8,84(sp)
8000477c:	05912c23          	sw	s9,88(sp)
80004780:	05a12e23          	sw	s10,92(sp)
80004784:	07b12023          	sw	s11,96(sp)
80004788:	07c12223          	sw	t3,100(sp)
8000478c:	07d12423          	sw	t4,104(sp)
80004790:	07e12623          	sw	t5,108(sp)
80004794:	07f12823          	sw	t6,112(sp)
80004798:	00001297          	auipc	t0,0x1
8000479c:	9d02a283          	lw	t0,-1584(t0) # 80005168 <xCriticalNesting>
800047a0:	06512a23          	sw	t0,116(sp)
800047a4:	300022f3          	csrr	t0,mstatus
800047a8:	06512c23          	sw	t0,120(sp)
800047ac:	00001297          	auipc	t0,0x1
800047b0:	a042a283          	lw	t0,-1532(t0) # 800051b0 <pxCurrentTCB>
800047b4:	0022a023          	sw	sp,0(t0)
800047b8:	34202573          	csrr	a0,mcause
800047bc:	341025f3          	csrr	a1,mepc
800047c0:	00b12023          	sw	a1,0(sp)
800047c4:	00001117          	auipc	sp,0x1
800047c8:	99c12103          	lw	sp,-1636(sp) # 80005160 <xISRStackTop>
800047cc:	ffffc097          	auipc	ra,0xffffc
800047d0:	088080e7          	jalr	136(ra) # 80000854 <freertos_risc_v_application_interrupt_handler>
800047d4:	00001317          	auipc	t1,0x1
800047d8:	9dc32303          	lw	t1,-1572(t1) # 800051b0 <pxCurrentTCB>
800047dc:	00032103          	lw	sp,0(t1)
800047e0:	00012283          	lw	t0,0(sp)
800047e4:	34129073          	csrw	mepc,t0
800047e8:	07812283          	lw	t0,120(sp)
800047ec:	30029073          	csrw	mstatus,t0
800047f0:	07412283          	lw	t0,116(sp)
800047f4:	00001317          	auipc	t1,0x1
800047f8:	97032303          	lw	t1,-1680(t1) # 80005164 <pxCriticalNesting>
800047fc:	00532023          	sw	t0,0(t1)
80004800:	00412083          	lw	ra,4(sp)
80004804:	00812283          	lw	t0,8(sp)
80004808:	00c12303          	lw	t1,12(sp)
8000480c:	01012383          	lw	t2,16(sp)
80004810:	01412403          	lw	s0,20(sp)
80004814:	01812483          	lw	s1,24(sp)
80004818:	01c12503          	lw	a0,28(sp)
8000481c:	02012583          	lw	a1,32(sp)
80004820:	02412603          	lw	a2,36(sp)
80004824:	02812683          	lw	a3,40(sp)
80004828:	02c12703          	lw	a4,44(sp)
8000482c:	03012783          	lw	a5,48(sp)
80004830:	03412803          	lw	a6,52(sp)
80004834:	03812883          	lw	a7,56(sp)
80004838:	03c12903          	lw	s2,60(sp)
8000483c:	04012983          	lw	s3,64(sp)
80004840:	04412a03          	lw	s4,68(sp)
80004844:	04812a83          	lw	s5,72(sp)
80004848:	04c12b03          	lw	s6,76(sp)
8000484c:	05012b83          	lw	s7,80(sp)
80004850:	05412c03          	lw	s8,84(sp)
80004854:	05812c83          	lw	s9,88(sp)
80004858:	05c12d03          	lw	s10,92(sp)
8000485c:	06012d83          	lw	s11,96(sp)
80004860:	06412e03          	lw	t3,100(sp)
80004864:	06812e83          	lw	t4,104(sp)
80004868:	06c12f03          	lw	t5,108(sp)
8000486c:	07012f83          	lw	t6,112(sp)
80004870:	07c10113          	addi	sp,sp,124
80004874:	30200073          	mret

80004878 <freertos_risc_v_mtimer_interrupt_handler>:
80004878:	f8410113          	addi	sp,sp,-124
8000487c:	00112223          	sw	ra,4(sp)
80004880:	00512423          	sw	t0,8(sp)
80004884:	00612623          	sw	t1,12(sp)
80004888:	00712823          	sw	t2,16(sp)
8000488c:	00812a23          	sw	s0,20(sp)
80004890:	00912c23          	sw	s1,24(sp)
80004894:	00a12e23          	sw	a0,28(sp)
80004898:	02b12023          	sw	a1,32(sp)
8000489c:	02c12223          	sw	a2,36(sp)
800048a0:	02d12423          	sw	a3,40(sp)
800048a4:	02e12623          	sw	a4,44(sp)
800048a8:	02f12823          	sw	a5,48(sp)
800048ac:	03012a23          	sw	a6,52(sp)
800048b0:	03112c23          	sw	a7,56(sp)
800048b4:	03212e23          	sw	s2,60(sp)
800048b8:	05312023          	sw	s3,64(sp)
800048bc:	05412223          	sw	s4,68(sp)
800048c0:	05512423          	sw	s5,72(sp)
800048c4:	05612623          	sw	s6,76(sp)
800048c8:	05712823          	sw	s7,80(sp)
800048cc:	05812a23          	sw	s8,84(sp)
800048d0:	05912c23          	sw	s9,88(sp)
800048d4:	05a12e23          	sw	s10,92(sp)
800048d8:	07b12023          	sw	s11,96(sp)
800048dc:	07c12223          	sw	t3,100(sp)
800048e0:	07d12423          	sw	t4,104(sp)
800048e4:	07e12623          	sw	t5,108(sp)
800048e8:	07f12823          	sw	t6,112(sp)
800048ec:	00001297          	auipc	t0,0x1
800048f0:	87c2a283          	lw	t0,-1924(t0) # 80005168 <xCriticalNesting>
800048f4:	06512a23          	sw	t0,116(sp)
800048f8:	300022f3          	csrr	t0,mstatus
800048fc:	06512c23          	sw	t0,120(sp)
80004900:	00001297          	auipc	t0,0x1
80004904:	8b02a283          	lw	t0,-1872(t0) # 800051b0 <pxCurrentTCB>
80004908:	0022a023          	sw	sp,0(t0)
8000490c:	34202573          	csrr	a0,mcause
80004910:	341025f3          	csrr	a1,mepc
80004914:	00b12023          	sw	a1,0(sp)
80004918:	00001117          	auipc	sp,0x1
8000491c:	84812103          	lw	sp,-1976(sp) # 80005160 <xISRStackTop>
80004920:	00001517          	auipc	a0,0x1
80004924:	89c52503          	lw	a0,-1892(a0) # 800051bc <pullMachineTimerCompareRegister>
80004928:	00001597          	auipc	a1,0x1
8000492c:	8445a583          	lw	a1,-1980(a1) # 8000516c <pullNextTime>
80004930:	fff00713          	li	a4,-1
80004934:	0005a603          	lw	a2,0(a1)
80004938:	0045a683          	lw	a3,4(a1)
8000493c:	00e52023          	sw	a4,0(a0)
80004940:	00d52223          	sw	a3,4(a0)
80004944:	00c52023          	sw	a2,0(a0)
80004948:	00001297          	auipc	t0,0x1
8000494c:	8142a283          	lw	t0,-2028(t0) # 8000515c <uxTimerIncrementsForOneTick>
80004950:	00c28733          	add	a4,t0,a2
80004954:	00c73333          	sltu	t1,a4,a2
80004958:	006683b3          	add	t2,a3,t1
8000495c:	00e5a023          	sw	a4,0(a1)
80004960:	0075a223          	sw	t2,4(a1)
80004964:	ffffe097          	auipc	ra,0xffffe
80004968:	618080e7          	jalr	1560(ra) # 80002f7c <xTaskIncrementTick>
8000496c:	00050663          	beqz	a0,80004978 <exit_without_context_switch>
80004970:	ffffe097          	auipc	ra,0xffffe
80004974:	638080e7          	jalr	1592(ra) # 80002fa8 <vTaskSwitchContext>

80004978 <exit_without_context_switch>:
80004978:	00001317          	auipc	t1,0x1
8000497c:	83832303          	lw	t1,-1992(t1) # 800051b0 <pxCurrentTCB>
80004980:	00032103          	lw	sp,0(t1)
80004984:	00012283          	lw	t0,0(sp)
80004988:	34129073          	csrw	mepc,t0
8000498c:	07812283          	lw	t0,120(sp)
80004990:	30029073          	csrw	mstatus,t0
80004994:	07412283          	lw	t0,116(sp)
80004998:	00000317          	auipc	t1,0x0
8000499c:	7cc32303          	lw	t1,1996(t1) # 80005164 <pxCriticalNesting>
800049a0:	00532023          	sw	t0,0(t1)
800049a4:	00412083          	lw	ra,4(sp)
800049a8:	00812283          	lw	t0,8(sp)
800049ac:	00c12303          	lw	t1,12(sp)
800049b0:	01012383          	lw	t2,16(sp)
800049b4:	01412403          	lw	s0,20(sp)
800049b8:	01812483          	lw	s1,24(sp)
800049bc:	01c12503          	lw	a0,28(sp)
800049c0:	02012583          	lw	a1,32(sp)
800049c4:	02412603          	lw	a2,36(sp)
800049c8:	02812683          	lw	a3,40(sp)
800049cc:	02c12703          	lw	a4,44(sp)
800049d0:	03012783          	lw	a5,48(sp)
800049d4:	03412803          	lw	a6,52(sp)
800049d8:	03812883          	lw	a7,56(sp)
800049dc:	03c12903          	lw	s2,60(sp)
800049e0:	04012983          	lw	s3,64(sp)
800049e4:	04412a03          	lw	s4,68(sp)
800049e8:	04812a83          	lw	s5,72(sp)
800049ec:	04c12b03          	lw	s6,76(sp)
800049f0:	05012b83          	lw	s7,80(sp)
800049f4:	05412c03          	lw	s8,84(sp)
800049f8:	05812c83          	lw	s9,88(sp)
800049fc:	05c12d03          	lw	s10,92(sp)
80004a00:	06012d83          	lw	s11,96(sp)
80004a04:	06412e03          	lw	t3,100(sp)
80004a08:	06812e83          	lw	t4,104(sp)
80004a0c:	06c12f03          	lw	t5,108(sp)
80004a10:	07012f83          	lw	t6,112(sp)
80004a14:	07c10113          	addi	sp,sp,124
80004a18:	30200073          	mret
	...

80004b00 <freertos_risc_v_trap_handler>:
80004b00:	f8410113          	addi	sp,sp,-124
80004b04:	00112223          	sw	ra,4(sp)
80004b08:	00512423          	sw	t0,8(sp)
80004b0c:	00612623          	sw	t1,12(sp)
80004b10:	00712823          	sw	t2,16(sp)
80004b14:	00812a23          	sw	s0,20(sp)
80004b18:	00912c23          	sw	s1,24(sp)
80004b1c:	00a12e23          	sw	a0,28(sp)
80004b20:	02b12023          	sw	a1,32(sp)
80004b24:	02c12223          	sw	a2,36(sp)
80004b28:	02d12423          	sw	a3,40(sp)
80004b2c:	02e12623          	sw	a4,44(sp)
80004b30:	02f12823          	sw	a5,48(sp)
80004b34:	03012a23          	sw	a6,52(sp)
80004b38:	03112c23          	sw	a7,56(sp)
80004b3c:	03212e23          	sw	s2,60(sp)
80004b40:	05312023          	sw	s3,64(sp)
80004b44:	05412223          	sw	s4,68(sp)
80004b48:	05512423          	sw	s5,72(sp)
80004b4c:	05612623          	sw	s6,76(sp)
80004b50:	05712823          	sw	s7,80(sp)
80004b54:	05812a23          	sw	s8,84(sp)
80004b58:	05912c23          	sw	s9,88(sp)
80004b5c:	05a12e23          	sw	s10,92(sp)
80004b60:	07b12023          	sw	s11,96(sp)
80004b64:	07c12223          	sw	t3,100(sp)
80004b68:	07d12423          	sw	t4,104(sp)
80004b6c:	07e12623          	sw	t5,108(sp)
80004b70:	07f12823          	sw	t6,112(sp)
80004b74:	00000297          	auipc	t0,0x0
80004b78:	5f42a283          	lw	t0,1524(t0) # 80005168 <xCriticalNesting>
80004b7c:	06512a23          	sw	t0,116(sp)
80004b80:	300022f3          	csrr	t0,mstatus
80004b84:	06512c23          	sw	t0,120(sp)
80004b88:	00000297          	auipc	t0,0x0
80004b8c:	6282a283          	lw	t0,1576(t0) # 800051b0 <pxCurrentTCB>
80004b90:	0022a023          	sw	sp,0(t0)
80004b94:	34202573          	csrr	a0,mcause
80004b98:	341025f3          	csrr	a1,mepc
80004b9c:	00055a63          	bgez	a0,80004bb0 <synchronous_exception>

80004ba0 <asynchronous_interrupt>:
80004ba0:	00b12023          	sw	a1,0(sp)
80004ba4:	00000117          	auipc	sp,0x0
80004ba8:	5bc12103          	lw	sp,1468(sp) # 80005160 <xISRStackTop>
80004bac:	0180006f          	j	80004bc4 <handle_interrupt>

80004bb0 <synchronous_exception>:
80004bb0:	00458593          	addi	a1,a1,4
80004bb4:	00b12023          	sw	a1,0(sp)
80004bb8:	00000117          	auipc	sp,0x0
80004bbc:	5a812103          	lw	sp,1448(sp) # 80005160 <xISRStackTop>
80004bc0:	07c0006f          	j	80004c3c <handle_exception>

80004bc4 <handle_interrupt>:
80004bc4:	00100293          	li	t0,1
80004bc8:	01f29293          	slli	t0,t0,0x1f
80004bcc:	00728313          	addi	t1,t0,7
80004bd0:	06651063          	bne	a0,t1,80004c30 <application_interrupt_handler>
80004bd4:	00000517          	auipc	a0,0x0
80004bd8:	5e852503          	lw	a0,1512(a0) # 800051bc <pullMachineTimerCompareRegister>
80004bdc:	00000597          	auipc	a1,0x0
80004be0:	5905a583          	lw	a1,1424(a1) # 8000516c <pullNextTime>
80004be4:	fff00713          	li	a4,-1
80004be8:	0005a603          	lw	a2,0(a1)
80004bec:	0045a683          	lw	a3,4(a1)
80004bf0:	00e52023          	sw	a4,0(a0)
80004bf4:	00d52223          	sw	a3,4(a0)
80004bf8:	00c52023          	sw	a2,0(a0)
80004bfc:	00000297          	auipc	t0,0x0
80004c00:	5602a283          	lw	t0,1376(t0) # 8000515c <uxTimerIncrementsForOneTick>
80004c04:	00c28733          	add	a4,t0,a2
80004c08:	00c73333          	sltu	t1,a4,a2
80004c0c:	006683b3          	add	t2,a3,t1
80004c10:	00e5a023          	sw	a4,0(a1)
80004c14:	0075a223          	sw	t2,4(a1)
80004c18:	ffffe097          	auipc	ra,0xffffe
80004c1c:	364080e7          	jalr	868(ra) # 80002f7c <xTaskIncrementTick>
80004c20:	02050e63          	beqz	a0,80004c5c <processed_source>
80004c24:	ffffe097          	auipc	ra,0xffffe
80004c28:	384080e7          	jalr	900(ra) # 80002fa8 <vTaskSwitchContext>
80004c2c:	0300006f          	j	80004c5c <processed_source>

80004c30 <application_interrupt_handler>:
80004c30:	ffffc097          	auipc	ra,0xffffc
80004c34:	c24080e7          	jalr	-988(ra) # 80000854 <freertos_risc_v_application_interrupt_handler>
80004c38:	0240006f          	j	80004c5c <processed_source>

80004c3c <handle_exception>:
80004c3c:	00b00293          	li	t0,11
80004c40:	00551863          	bne	a0,t0,80004c50 <application_exception_handler>
80004c44:	ffffe097          	auipc	ra,0xffffe
80004c48:	364080e7          	jalr	868(ra) # 80002fa8 <vTaskSwitchContext>
80004c4c:	0100006f          	j	80004c5c <processed_source>

80004c50 <application_exception_handler>:
80004c50:	ffffc097          	auipc	ra,0xffffc
80004c54:	ac0080e7          	jalr	-1344(ra) # 80000710 <freertos_risc_v_application_exception_handler>
80004c58:	0040006f          	j	80004c5c <processed_source>

80004c5c <processed_source>:
80004c5c:	00000317          	auipc	t1,0x0
80004c60:	55432303          	lw	t1,1364(t1) # 800051b0 <pxCurrentTCB>
80004c64:	00032103          	lw	sp,0(t1)
80004c68:	00012283          	lw	t0,0(sp)
80004c6c:	34129073          	csrw	mepc,t0
80004c70:	07812283          	lw	t0,120(sp)
80004c74:	30029073          	csrw	mstatus,t0
80004c78:	07412283          	lw	t0,116(sp)
80004c7c:	00000317          	auipc	t1,0x0
80004c80:	4e832303          	lw	t1,1256(t1) # 80005164 <pxCriticalNesting>
80004c84:	00532023          	sw	t0,0(t1)
80004c88:	00412083          	lw	ra,4(sp)
80004c8c:	00812283          	lw	t0,8(sp)
80004c90:	00c12303          	lw	t1,12(sp)
80004c94:	01012383          	lw	t2,16(sp)
80004c98:	01412403          	lw	s0,20(sp)
80004c9c:	01812483          	lw	s1,24(sp)
80004ca0:	01c12503          	lw	a0,28(sp)
80004ca4:	02012583          	lw	a1,32(sp)
80004ca8:	02412603          	lw	a2,36(sp)
80004cac:	02812683          	lw	a3,40(sp)
80004cb0:	02c12703          	lw	a4,44(sp)
80004cb4:	03012783          	lw	a5,48(sp)
80004cb8:	03412803          	lw	a6,52(sp)
80004cbc:	03812883          	lw	a7,56(sp)
80004cc0:	03c12903          	lw	s2,60(sp)
80004cc4:	04012983          	lw	s3,64(sp)
80004cc8:	04412a03          	lw	s4,68(sp)
80004ccc:	04812a83          	lw	s5,72(sp)
80004cd0:	04c12b03          	lw	s6,76(sp)
80004cd4:	05012b83          	lw	s7,80(sp)
80004cd8:	05412c03          	lw	s8,84(sp)
80004cdc:	05812c83          	lw	s9,88(sp)
80004ce0:	05c12d03          	lw	s10,92(sp)
80004ce4:	06012d83          	lw	s11,96(sp)
80004ce8:	06412e03          	lw	t3,100(sp)
80004cec:	06812e83          	lw	t4,104(sp)
80004cf0:	06c12f03          	lw	t5,108(sp)
80004cf4:	07012f83          	lw	t6,112(sp)
80004cf8:	07c10113          	addi	sp,sp,124
80004cfc:	30200073          	mret

80004d00 <__clzsi2>:
80004d00:	000107b7          	lui	a5,0x10
80004d04:	02f57a63          	bgeu	a0,a5,80004d38 <__clzsi2+0x38>
80004d08:	10053793          	sltiu	a5,a0,256
80004d0c:	0017b793          	seqz	a5,a5
80004d10:	00379793          	slli	a5,a5,0x3
80004d14:	02000713          	li	a4,32
80004d18:	40f70733          	sub	a4,a4,a5
80004d1c:	00f55533          	srl	a0,a0,a5
80004d20:	00000797          	auipc	a5,0x0
80004d24:	33478793          	addi	a5,a5,820 # 80005054 <__clz_tab>
80004d28:	00a787b3          	add	a5,a5,a0
80004d2c:	0007c503          	lbu	a0,0(a5)
80004d30:	40a70533          	sub	a0,a4,a0
80004d34:	00008067          	ret
80004d38:	010007b7          	lui	a5,0x1000
80004d3c:	02f57463          	bgeu	a0,a5,80004d64 <__clzsi2+0x64>
80004d40:	01000713          	li	a4,16
80004d44:	00070793          	mv	a5,a4
80004d48:	00f55533          	srl	a0,a0,a5
80004d4c:	00000797          	auipc	a5,0x0
80004d50:	30878793          	addi	a5,a5,776 # 80005054 <__clz_tab>
80004d54:	00a787b3          	add	a5,a5,a0
80004d58:	0007c503          	lbu	a0,0(a5)
80004d5c:	40a70533          	sub	a0,a4,a0
80004d60:	00008067          	ret
80004d64:	01800793          	li	a5,24
80004d68:	00f55533          	srl	a0,a0,a5
80004d6c:	00000797          	auipc	a5,0x0
80004d70:	2e878793          	addi	a5,a5,744 # 80005054 <__clz_tab>
80004d74:	00a787b3          	add	a5,a5,a0
80004d78:	0007c503          	lbu	a0,0(a5)
80004d7c:	00800713          	li	a4,8
80004d80:	40a70533          	sub	a0,a4,a0
80004d84:	00008067          	ret
80004d88:	4f54525b          	.insn	4, 0x4f54525b
80004d8c:	66205d53          	.insn	4, 0x66205d53
80004d90:	7461                	.insn	2, 0x7461
80004d92:	6c61                	.insn	2, 0x6c61
80004d94:	0020                	.insn	2, 0x0020
80004d96:	0000                	.insn	2, 0x0000
80004d98:	4f54525b          	.insn	4, 0x4f54525b
80004d9c:	74205d53          	.insn	4, 0x74205d53
80004da0:	7361                	.insn	2, 0x7361
80004da2:	20423d6b          	.insn	4, 0x20423d6b
80004da6:	72617473          	.insn	4, 0x72617473
80004daa:	0074                	.insn	2, 0x0074
80004dac:	4f54525b          	.insn	4, 0x4f54525b
80004db0:	74205d53          	.insn	4, 0x74205d53
80004db4:	6369                	.insn	2, 0x6369
80004db6:	00003d6b          	.insn	4, 0x3d6b
80004dba:	0000                	.insn	2, 0x0000
80004dbc:	7420                	.insn	2, 0x7420
80004dbe:	7361                	.insn	2, 0x7361
80004dc0:	00003d6b          	.insn	4, 0x3d6b
80004dc4:	7120                	.insn	2, 0x7120
80004dc6:	6575                	.insn	2, 0x6575
80004dc8:	6575                	.insn	2, 0x6575
80004dca:	723d                	.insn	2, 0x723d
80004dcc:	6365                	.insn	2, 0x6365
80004dce:	2076                	.insn	2, 0x2076
80004dd0:	6176                	.insn	2, 0x6176
80004dd2:	756c                	.insn	2, 0x756c
80004dd4:	3d65                	.insn	2, 0x3d65
80004dd6:	0000                	.insn	2, 0x0000
80004dd8:	000a                	.insn	2, 0x000a
80004dda:	0000                	.insn	2, 0x0000
80004ddc:	5452                	.insn	2, 0x5452
80004dde:	535f534f          	.insn	4, 0x535f534f
80004de2:	4f4d                	.insn	2, 0x4f4d
80004de4:	505f454b          	.insn	4, 0x505f454b
80004de8:	5341                	.insn	2, 0x5341
80004dea:	525b0053          	.insn	4, 0x525b0053
80004dee:	4f54                	.insn	2, 0x4f54
80004df0:	74205d53          	.insn	4, 0x74205d53
80004df4:	7361                	.insn	2, 0x7361
80004df6:	20413d6b          	.insn	4, 0x20413d6b
80004dfa:	72617473          	.insn	4, 0x72617473
80004dfe:	0074                	.insn	2, 0x0074
80004e00:	7120                	.insn	2, 0x7120
80004e02:	6575                	.insn	2, 0x6575
80004e04:	6575                	.insn	2, 0x6575
80004e06:	733d                	.insn	2, 0x733d
80004e08:	6e65                	.insn	2, 0x6e65
80004e0a:	2064                	.insn	2, 0x2064
80004e0c:	6176                	.insn	2, 0x6176
80004e0e:	756c                	.insn	2, 0x756c
80004e10:	3d65                	.insn	2, 0x3d65
80004e12:	0000                	.insn	2, 0x0000
80004e14:	4f54525b          	.insn	4, 0x4f54525b
80004e18:	62205d53          	.insn	4, 0x62205d53
80004e1c:	00746f6f          	jal	t5,8004b622 <__bss_end+0x44e82>
80004e20:	7571                	.insn	2, 0x7571
80004e22:	7565                	.insn	2, 0x7565
80004e24:	0065                	.insn	2, 0x0065
80004e26:	0000                	.insn	2, 0x0000
80004e28:	4f54525b          	.insn	4, 0x4f54525b
80004e2c:	71205d53          	.insn	4, 0x71205d53
80004e30:	6575                	.insn	2, 0x6575
80004e32:	6575                	.insn	2, 0x6575
80004e34:	0000                	.insn	2, 0x0000
80004e36:	0000                	.insn	2, 0x0000
80004e38:	6174                	.insn	2, 0x6174
80004e3a:	00416b73          	.insn	4, 0x00416b73
80004e3e:	0000                	.insn	2, 0x0000
80004e40:	4f54525b          	.insn	4, 0x4f54525b
80004e44:	74205d53          	.insn	4, 0x74205d53
80004e48:	7361                	.insn	2, 0x7361
80004e4a:	0000416b          	.insn	4, 0x416b
80004e4e:	0000                	.insn	2, 0x0000
80004e50:	6174                	.insn	2, 0x6174
80004e52:	00426b73          	.insn	4, 0x00426b73
80004e56:	0000                	.insn	2, 0x0000
80004e58:	4f54525b          	.insn	4, 0x4f54525b
80004e5c:	74205d53          	.insn	4, 0x74205d53
80004e60:	7361                	.insn	2, 0x7361
80004e62:	0000426b          	.insn	4, 0x426b
80004e66:	0000                	.insn	2, 0x0000
80004e68:	4f54525b          	.insn	4, 0x4f54525b
80004e6c:	73205d53          	.insn	4, 0x73205d53
80004e70:	64656863          	bltu	a0,t1,800054c0 <producer_stack+0x258>
80004e74:	6c75                	.insn	2, 0x6c75
80004e76:	7265                	.insn	2, 0x7265
80004e78:	0000                	.insn	2, 0x0000
80004e7a:	0000                	.insn	2, 0x0000
80004e7c:	65686373          	.insn	4, 0x65686373
80004e80:	7564                	.insn	2, 0x7564
80004e82:	656c                	.insn	2, 0x656c
80004e84:	5f72                	.insn	2, 0x5f72
80004e86:	6572                	.insn	2, 0x6572
80004e88:	7574                	.insn	2, 0x7574
80004e8a:	6e72                	.insn	2, 0x6e72
80004e8c:	0000                	.insn	2, 0x0000
80004e8e:	0000                	.insn	2, 0x0000
80004e90:	7830                	.insn	2, 0x7830
80004e92:	0000                	.insn	2, 0x0000
80004e94:	4f54525b          	.insn	4, 0x4f54525b
80004e98:	61205d53          	.insn	4, 0x61205d53
80004e9c:	72657373          	.insn	4, 0x72657373
80004ea0:	2074                	.insn	2, 0x2074
80004ea2:	6966                	.insn	2, 0x6966
80004ea4:	656c                	.insn	2, 0x656c
80004ea6:	003d                	.insn	2, 0x003d
80004ea8:	6c20                	.insn	2, 0x6c20
80004eaa:	6e69                	.insn	2, 0x6e69
80004eac:	3d65                	.insn	2, 0x3d65
80004eae:	0000                	.insn	2, 0x0000
80004eb0:	7220                	.insn	2, 0x7220
80004eb2:	3d61                	.insn	2, 0x3d61
80004eb4:	0000                	.insn	2, 0x0000
80004eb6:	0000                	.insn	2, 0x0000
80004eb8:	7420                	.insn	2, 0x7420
80004eba:	003d6263          	bltu	s10,gp,80004ebe <__clzsi2+0x1be>
80004ebe:	0000                	.insn	2, 0x0000
80004ec0:	7320                	.insn	2, 0x7320
80004ec2:	3d70                	.insn	2, 0x3d70
80004ec4:	0000                	.insn	2, 0x0000
80004ec6:	0000                	.insn	2, 0x0000
80004ec8:	7528                	.insn	2, 0x7528
80004eca:	6b6e                	.insn	2, 0x6b6e
80004ecc:	6f6e                	.insn	2, 0x6f6e
80004ece:	00296e77          	.insn	4, 0x00296e77
80004ed2:	0000                	.insn	2, 0x0000
80004ed4:	4f54525b          	.insn	4, 0x4f54525b
80004ed8:	73205d53          	.insn	4, 0x73205d53
80004edc:	6174                	.insn	2, 0x6174
80004ede:	6f206b63          	bltu	zero,s2,800055d4 <producer_stack+0x36c>
80004ee2:	6576                	.insn	2, 0x6576
80004ee4:	6672                	.insn	2, 0x6672
80004ee6:	6f6c                	.insn	2, 0x6f6c
80004ee8:	00002077          	.insn	4, 0x2077
80004eec:	4f54525b          	.insn	4, 0x4f54525b
80004ef0:	65205d53          	.insn	4, 0x65205d53
80004ef4:	6378                	.insn	2, 0x6378
80004ef6:	7065                	.insn	2, 0x7065
80004ef8:	6974                	.insn	2, 0x6974
80004efa:	6d206e6f          	jal	t3,8000b5cc <__bss_end+0x4e2c>
80004efe:	73756163          	bltu	a0,s7,80005620 <producer_stack+0x3b8>
80004f02:	3d65                	.insn	2, 0x3d65
80004f04:	0000                	.insn	2, 0x0000
80004f06:	0000                	.insn	2, 0x0000
80004f08:	6d20                	.insn	2, 0x6d20
80004f0a:	7065                	.insn	2, 0x7065
80004f0c:	00003d63          	.insn	4, 0x3d63
80004f10:	6d20                	.insn	2, 0x6d20
80004f12:	7674                	.insn	2, 0x7674
80004f14:	6c61                	.insn	2, 0x6c61
80004f16:	003d                	.insn	2, 0x003d
80004f18:	6d20                	.insn	2, 0x6d20
80004f1a:	74617473          	.insn	4, 0x74617473
80004f1e:	7375                	.insn	2, 0x7375
80004f20:	003d                	.insn	2, 0x003d
80004f22:	0000                	.insn	2, 0x0000
80004f24:	6d20                	.insn	2, 0x6d20
80004f26:	6569                	.insn	2, 0x6569
80004f28:	003d                	.insn	2, 0x003d
80004f2a:	0000                	.insn	2, 0x0000
80004f2c:	6d20                	.insn	2, 0x6d20
80004f2e:	7069                	.insn	2, 0x7069
80004f30:	003d                	.insn	2, 0x003d
80004f32:	0000                	.insn	2, 0x0000
80004f34:	4f54525b          	.insn	4, 0x4f54525b
80004f38:	75205d53          	.insn	4, 0x75205d53
80004f3c:	656e                	.insn	2, 0x656e
80004f3e:	7078                	.insn	2, 0x7078
80004f40:	6365                	.insn	2, 0x6365
80004f42:	6574                	.insn	2, 0x6574
80004f44:	2064                	.insn	2, 0x2064
80004f46:	6e69                	.insn	2, 0x6e69
80004f48:	6574                	.insn	2, 0x6574
80004f4a:	7272                	.insn	2, 0x7272
80004f4c:	7075                	.insn	2, 0x7075
80004f4e:	2074                	.insn	2, 0x2074
80004f50:	636d                	.insn	2, 0x636d
80004f52:	7561                	.insn	2, 0x7561
80004f54:	003d6573          	.insn	4, 0x003d6573
80004f58:	555c3a43          	.insn	4, 0x555c3a43
80004f5c:	73726573          	.insn	4, 0x73726573
80004f60:	615c                	.insn	2, 0x615c
80004f62:	3930                	.insn	2, 0x3930
80004f64:	3836                	.insn	2, 0x3836
80004f66:	445c                	.insn	2, 0x445c
80004f68:	6c6e776f          	jal	a4,800ec62e <__stack_top+0x6c62e>
80004f6c:	7364616f          	jal	sp,8004b6a2 <__bss_end+0x44f02>
80004f70:	465c                	.insn	2, 0x465c
80004f72:	6572                	.insn	2, 0x6572
80004f74:	5265                	.insn	2, 0x5265
80004f76:	4f54                	.insn	2, 0x4f54
80004f78:	30327653          	.insn	4, 0x30327653
80004f7c:	3432                	.insn	2, 0x3432
80004f7e:	3630                	.insn	2, 0x3630
80004f80:	302e                	.insn	2, 0x302e
80004f82:	2d34                	.insn	2, 0x2d34
80004f84:	544c                	.insn	2, 0x544c
80004f86:	72465c53          	.insn	4, 0x72465c53
80004f8a:	6565                	.insn	2, 0x6565
80004f8c:	5452                	.insn	2, 0x5452
80004f8e:	4c2d534f          	.insn	4, 0x4c2d534f
80004f92:	5354                	.insn	2, 0x5354
80004f94:	465c                	.insn	2, 0x465c
80004f96:	6572                	.insn	2, 0x6572
80004f98:	5265                	.insn	2, 0x5265
80004f9a:	4f54                	.insn	2, 0x4f54
80004f9c:	72465c53          	.insn	4, 0x72465c53
80004fa0:	6565                	.insn	2, 0x6565
80004fa2:	5452                	.insn	2, 0x5452
80004fa4:	4b2d534f          	.insn	4, 0x4b2d534f
80004fa8:	7265                	.insn	2, 0x7265
80004faa:	656e                	.insn	2, 0x656e
80004fac:	5c6c                	.insn	2, 0x5c6c
80004fae:	7571                	.insn	2, 0x7571
80004fb0:	7565                	.insn	2, 0x7565
80004fb2:	2e65                	.insn	2, 0x2e65
80004fb4:	00000063          	beqz	zero,80004fb4 <__clzsi2+0x2b4>
80004fb8:	555c3a43          	.insn	4, 0x555c3a43
80004fbc:	73726573          	.insn	4, 0x73726573
80004fc0:	615c                	.insn	2, 0x615c
80004fc2:	3930                	.insn	2, 0x3930
80004fc4:	3836                	.insn	2, 0x3836
80004fc6:	445c                	.insn	2, 0x445c
80004fc8:	6c6e776f          	jal	a4,800ec68e <__stack_top+0x6c68e>
80004fcc:	7364616f          	jal	sp,8004b702 <__bss_end+0x44f62>
80004fd0:	465c                	.insn	2, 0x465c
80004fd2:	6572                	.insn	2, 0x6572
80004fd4:	5265                	.insn	2, 0x5265
80004fd6:	4f54                	.insn	2, 0x4f54
80004fd8:	30327653          	.insn	4, 0x30327653
80004fdc:	3432                	.insn	2, 0x3432
80004fde:	3630                	.insn	2, 0x3630
80004fe0:	302e                	.insn	2, 0x302e
80004fe2:	2d34                	.insn	2, 0x2d34
80004fe4:	544c                	.insn	2, 0x544c
80004fe6:	72465c53          	.insn	4, 0x72465c53
80004fea:	6565                	.insn	2, 0x6565
80004fec:	5452                	.insn	2, 0x5452
80004fee:	4c2d534f          	.insn	4, 0x4c2d534f
80004ff2:	5354                	.insn	2, 0x5354
80004ff4:	465c                	.insn	2, 0x465c
80004ff6:	6572                	.insn	2, 0x6572
80004ff8:	5265                	.insn	2, 0x5265
80004ffa:	4f54                	.insn	2, 0x4f54
80004ffc:	72465c53          	.insn	4, 0x72465c53
80005000:	6565                	.insn	2, 0x6565
80005002:	5452                	.insn	2, 0x5452
80005004:	4b2d534f          	.insn	4, 0x4b2d534f
80005008:	7265                	.insn	2, 0x7265
8000500a:	656e                	.insn	2, 0x656e
8000500c:	5c6c                	.insn	2, 0x5c6c
8000500e:	6174                	.insn	2, 0x6174
80005010:	2e736b73          	.insn	4, 0x2e736b73
80005014:	00000063          	beqz	zero,80005014 <__clzsi2+0x314>

80005018 <hex.0>:
80005018:	3130                	.insn	2, 0x3130
8000501a:	3332                	.insn	2, 0x3332
8000501c:	3534                	.insn	2, 0x3534
8000501e:	3736                	.insn	2, 0x3736
80005020:	3938                	.insn	2, 0x3938
80005022:	4241                	.insn	2, 0x4241
80005024:	46454443          	.insn	4, 0x46454443
80005028:	0000                	.insn	2, 0x0000
8000502a:	0000                	.insn	2, 0x0000
8000502c:	3a9c                	.insn	2, 0x3a9c
8000502e:	8000                	.insn	2, 0x8000
80005030:	3c2c                	.insn	2, 0x3c2c
80005032:	8000                	.insn	2, 0x8000
80005034:	3c44                	.insn	2, 0x3c44
80005036:	8000                	.insn	2, 0x8000
80005038:	3a90                	.insn	2, 0x3a90
8000503a:	8000                	.insn	2, 0x8000
8000503c:	3a84                	.insn	2, 0x3a84
8000503e:	8000                	.insn	2, 0x8000
80005040:	3d1c                	.insn	2, 0x3d1c
80005042:	8000                	.insn	2, 0x8000
80005044:	3e98                	.insn	2, 0x3e98
80005046:	8000                	.insn	2, 0x8000
80005048:	3e78                	.insn	2, 0x3e78
8000504a:	8000                	.insn	2, 0x8000
8000504c:	3d10                	.insn	2, 0x3d10
8000504e:	8000                	.insn	2, 0x8000
80005050:	3d04                	.insn	2, 0x3d04
80005052:	8000                	.insn	2, 0x8000

80005054 <__clz_tab>:
80005054:	0100                	.insn	2, 0x0100
80005056:	0202                	.insn	2, 0x0202
80005058:	03030303          	lb	t1,48(t1)
8000505c:	0404                	.insn	2, 0x0404
8000505e:	0404                	.insn	2, 0x0404
80005060:	0404                	.insn	2, 0x0404
80005062:	0404                	.insn	2, 0x0404
80005064:	0505                	.insn	2, 0x0505
80005066:	0505                	.insn	2, 0x0505
80005068:	0505                	.insn	2, 0x0505
8000506a:	0505                	.insn	2, 0x0505
8000506c:	0505                	.insn	2, 0x0505
8000506e:	0505                	.insn	2, 0x0505
80005070:	0505                	.insn	2, 0x0505
80005072:	0505                	.insn	2, 0x0505
80005074:	0606                	.insn	2, 0x0606
80005076:	0606                	.insn	2, 0x0606
80005078:	0606                	.insn	2, 0x0606
8000507a:	0606                	.insn	2, 0x0606
8000507c:	0606                	.insn	2, 0x0606
8000507e:	0606                	.insn	2, 0x0606
80005080:	0606                	.insn	2, 0x0606
80005082:	0606                	.insn	2, 0x0606
80005084:	0606                	.insn	2, 0x0606
80005086:	0606                	.insn	2, 0x0606
80005088:	0606                	.insn	2, 0x0606
8000508a:	0606                	.insn	2, 0x0606
8000508c:	0606                	.insn	2, 0x0606
8000508e:	0606                	.insn	2, 0x0606
80005090:	0606                	.insn	2, 0x0606
80005092:	0606                	.insn	2, 0x0606
80005094:	07070707          	.insn	4, 0x07070707
80005098:	07070707          	.insn	4, 0x07070707
8000509c:	07070707          	.insn	4, 0x07070707
800050a0:	07070707          	.insn	4, 0x07070707
800050a4:	07070707          	.insn	4, 0x07070707
800050a8:	07070707          	.insn	4, 0x07070707
800050ac:	07070707          	.insn	4, 0x07070707
800050b0:	07070707          	.insn	4, 0x07070707
800050b4:	07070707          	.insn	4, 0x07070707
800050b8:	07070707          	.insn	4, 0x07070707
800050bc:	07070707          	.insn	4, 0x07070707
800050c0:	07070707          	.insn	4, 0x07070707
800050c4:	07070707          	.insn	4, 0x07070707
800050c8:	07070707          	.insn	4, 0x07070707
800050cc:	07070707          	.insn	4, 0x07070707
800050d0:	07070707          	.insn	4, 0x07070707
800050d4:	0808                	.insn	2, 0x0808
800050d6:	0808                	.insn	2, 0x0808
800050d8:	0808                	.insn	2, 0x0808
800050da:	0808                	.insn	2, 0x0808
800050dc:	0808                	.insn	2, 0x0808
800050de:	0808                	.insn	2, 0x0808
800050e0:	0808                	.insn	2, 0x0808
800050e2:	0808                	.insn	2, 0x0808
800050e4:	0808                	.insn	2, 0x0808
800050e6:	0808                	.insn	2, 0x0808
800050e8:	0808                	.insn	2, 0x0808
800050ea:	0808                	.insn	2, 0x0808
800050ec:	0808                	.insn	2, 0x0808
800050ee:	0808                	.insn	2, 0x0808
800050f0:	0808                	.insn	2, 0x0808
800050f2:	0808                	.insn	2, 0x0808
800050f4:	0808                	.insn	2, 0x0808
800050f6:	0808                	.insn	2, 0x0808
800050f8:	0808                	.insn	2, 0x0808
800050fa:	0808                	.insn	2, 0x0808
800050fc:	0808                	.insn	2, 0x0808
800050fe:	0808                	.insn	2, 0x0808
80005100:	0808                	.insn	2, 0x0808
80005102:	0808                	.insn	2, 0x0808
80005104:	0808                	.insn	2, 0x0808
80005106:	0808                	.insn	2, 0x0808
80005108:	0808                	.insn	2, 0x0808
8000510a:	0808                	.insn	2, 0x0808
8000510c:	0808                	.insn	2, 0x0808
8000510e:	0808                	.insn	2, 0x0808
80005110:	0808                	.insn	2, 0x0808
80005112:	0808                	.insn	2, 0x0808
80005114:	0808                	.insn	2, 0x0808
80005116:	0808                	.insn	2, 0x0808
80005118:	0808                	.insn	2, 0x0808
8000511a:	0808                	.insn	2, 0x0808
8000511c:	0808                	.insn	2, 0x0808
8000511e:	0808                	.insn	2, 0x0808
80005120:	0808                	.insn	2, 0x0808
80005122:	0808                	.insn	2, 0x0808
80005124:	0808                	.insn	2, 0x0808
80005126:	0808                	.insn	2, 0x0808
80005128:	0808                	.insn	2, 0x0808
8000512a:	0808                	.insn	2, 0x0808
8000512c:	0808                	.insn	2, 0x0808
8000512e:	0808                	.insn	2, 0x0808
80005130:	0808                	.insn	2, 0x0808
80005132:	0808                	.insn	2, 0x0808
80005134:	0808                	.insn	2, 0x0808
80005136:	0808                	.insn	2, 0x0808
80005138:	0808                	.insn	2, 0x0808
8000513a:	0808                	.insn	2, 0x0808
8000513c:	0808                	.insn	2, 0x0808
8000513e:	0808                	.insn	2, 0x0808
80005140:	0808                	.insn	2, 0x0808
80005142:	0808                	.insn	2, 0x0808
80005144:	0808                	.insn	2, 0x0808
80005146:	0808                	.insn	2, 0x0808
80005148:	0808                	.insn	2, 0x0808
8000514a:	0808                	.insn	2, 0x0808
8000514c:	0808                	.insn	2, 0x0808
8000514e:	0808                	.insn	2, 0x0808
80005150:	0808                	.insn	2, 0x0808
80005152:	0808                	.insn	2, 0x0808

Disassembly of section .srodata:

80005154 <uxTopUsedPriority>:
80005154:	0004                	.insn	2, 0x0004
	...

80005158 <ullMachineTimerCompareRegisterBase>:
80005158:	0028                	.insn	2, 0x0028
8000515a:	4000                	.insn	2, 0x4000

8000515c <uxTimerIncrementsForOneTick>:
8000515c:	c350                	.insn	2, 0xc350
	...

80005160 <xISRStackTop>:
80005160:	67a0                	.insn	2, 0x67a0
80005162:	8000                	.insn	2, 0x8000

Disassembly of section .data:

80005164 <pxCriticalNesting>:
80005164:	5168                	.insn	2, 0x5168
80005166:	8000                	.insn	2, 0x8000

80005168 <xCriticalNesting>:
80005168:	aaaa                	.insn	2, 0xaaaa
8000516a:	aaaa                	.insn	2, 0xaaaa

8000516c <pullNextTime>:
8000516c:	51c0                	.insn	2, 0x51c0
8000516e:	8000                	.insn	2, 0x8000

Disassembly of section .riscv.attributes:

00000000 <.riscv.attributes>:
   0:	3641                	.insn	2, 0x3641
   2:	0000                	.insn	2, 0x0000
   4:	7200                	.insn	2, 0x7200
   6:	7369                	.insn	2, 0x7369
   8:	01007663          	bgeu	zero,a6,14 <_start-0x7fffffec>
   c:	002c                	.insn	2, 0x002c
   e:	0000                	.insn	2, 0x0000
  10:	1004                	.insn	2, 0x1004
  12:	7205                	.insn	2, 0x7205
  14:	3376                	.insn	2, 0x3376
  16:	6932                	.insn	2, 0x6932
  18:	7032                	.insn	2, 0x7032
  1a:	5f31                	.insn	2, 0x5f31
  1c:	326d                	.insn	2, 0x326d
  1e:	3070                	.insn	2, 0x3070
  20:	7a5f 6369 7273      	.insn	6, 0x727363697a5f
  26:	7032                	.insn	2, 0x7032
  28:	5f30                	.insn	2, 0x5f30
  2a:	6d7a                	.insn	2, 0x6d7a
  2c:	756d                	.insn	2, 0x756d
  2e:	316c                	.insn	2, 0x316c
  30:	3070                	.insn	2, 0x3070
  32:	0800                	.insn	2, 0x0800
  34:	0a01                	.insn	2, 0x0a01
  36:	0b                	.byte	0x0b

Disassembly of section .comment:

00000000 <.comment>:
   0:	3a434347          	.insn	4, 0x3a434347
   4:	2820                	.insn	2, 0x2820
   6:	5078                	.insn	2, 0x5078
   8:	6361                	.insn	2, 0x6361
   a:	4e47206b          	.insn	4, 0x4e47206b
   e:	2055                	.insn	2, 0x2055
  10:	4952                	.insn	2, 0x4952
  12:	562d4353          	.insn	4, 0x562d4353
  16:	4520                	.insn	2, 0x4520
  18:	626d                	.insn	2, 0x626d
  1a:	6465                	.insn	2, 0x6465
  1c:	6564                	.insn	2, 0x6564
  1e:	2064                	.insn	2, 0x2064
  20:	20434347          	.insn	4, 0x20434347
  24:	3878                	.insn	2, 0x3878
  26:	5f36                	.insn	2, 0x5f36
  28:	3436                	.insn	2, 0x3436
  2a:	2029                	.insn	2, 0x2029
  2c:	3531                	.insn	2, 0x3531
  2e:	322e                	.insn	2, 0x322e
  30:	302e                	.insn	2, 0x302e
	...

Disassembly of section .debug_info:

00000000 <.debug_info>:
   0:	0164                	.insn	2, 0x0164
   2:	0000                	.insn	2, 0x0000
   4:	0005                	.insn	2, 0x0005
   6:	0401                	.insn	2, 0x0401
   8:	0000                	.insn	2, 0x0000
   a:	0000                	.insn	2, 0x0000
   c:	7204                	.insn	2, 0x7204
   e:	0000                	.insn	2, 0x0000
  10:	1d00                	.insn	2, 0x1d00
  12:	03164703          	lbu	a4,49(a2)
  16:	0a00                	.insn	2, 0x0a00
  18:	0000                	.insn	2, 0x0000
  1a:	af00                	.insn	2, 0xaf00
  1c:	0000                	.insn	2, 0x0000
  1e:	2200                	.insn	2, 0x2200
	...
  28:	0000                	.insn	2, 0x0000
  2a:	0100                	.insn	2, 0x0100
  2c:	0708                	.insn	2, 0x0708
  2e:	0000005b          	.insn	4, 0x005b
  32:	0401                	.insn	2, 0x0401
  34:	00006507          	.insn	4, 0x6507
  38:	0500                	.insn	2, 0x0500
  3a:	0504                	.insn	2, 0x0504
  3c:	6e69                	.insn	2, 0x6e69
  3e:	0074                	.insn	2, 0x0074
  40:	0801                	.insn	2, 0x0801
  42:	0005                	.insn	2, 0x0005
  44:	0000                	.insn	2, 0x0000
  46:	0100                	.insn	2, 0x0100
  48:	0410                	.insn	2, 0x0410
  4a:	0032                	.insn	2, 0x0032
  4c:	0000                	.insn	2, 0x0000
  4e:	0101                	.insn	2, 0x0101
  50:	1806                	.insn	2, 0x1806
  52:	0000                	.insn	2, 0x0000
  54:	0100                	.insn	2, 0x0100
  56:	0801                	.insn	2, 0x0801
  58:	0016                	.insn	2, 0x0016
  5a:	0000                	.insn	2, 0x0000
  5c:	0201                	.insn	2, 0x0201
  5e:	8705                	.insn	2, 0x8705
  60:	0001                	.insn	2, 0x0001
  62:	0100                	.insn	2, 0x0100
  64:	0702                	.insn	2, 0x0702
  66:	015e                	.insn	2, 0x015e
  68:	0000                	.insn	2, 0x0000
  6a:	0401                	.insn	2, 0x0401
  6c:	0505                	.insn	2, 0x0505
  6e:	0000                	.insn	2, 0x0000
  70:	0100                	.insn	2, 0x0100
  72:	0704                	.insn	2, 0x0704
  74:	0060                	.insn	2, 0x0060
  76:	0000                	.insn	2, 0x0000
  78:	0101                	.insn	2, 0x0101
  7a:	1f08                	.insn	2, 0x1f08
  7c:	0000                	.insn	2, 0x0000
  7e:	0100                	.insn	2, 0x0100
  80:	0201                	.insn	2, 0x0201
  82:	0024                	.insn	2, 0x0024
  84:	0000                	.insn	2, 0x0000
  86:	0e02                	.insn	2, 0x0e02
  88:	0000                	.insn	2, 0x0000
  8a:	7e00                	.insn	2, 0x7e00
  8c:	5516                	.insn	2, 0x5516
  8e:	0000                	.insn	2, 0x0000
  90:	0300                	.insn	2, 0x0300
  92:	0086                	.insn	2, 0x0086
  94:	0000                	.insn	2, 0x0000
  96:	8002                	.insn	2, 0x8002
  98:	0001                	.insn	2, 0x0001
  9a:	8300                	.insn	2, 0x8300
  9c:	0000390f          	.insn	4, 0x390f
  a0:	0200                	.insn	2, 0x0200
  a2:	017f 0000 1684 0032 	.insn	10, 0x003216840000017f
  aa:	0000 
  ac:	0201                	.insn	2, 0x0201
  ae:	5504                	.insn	2, 0x5504
  b0:	0001                	.insn	2, 0x0001
  b2:	0100                	.insn	2, 0x0100
  b4:	0304                	.insn	2, 0x0304
  b6:	014d                	.insn	2, 0x014d
  b8:	0000                	.insn	2, 0x0000
  ba:	0401                	.insn	2, 0x0401
  bc:	7904                	.insn	2, 0x7904
  be:	0001                	.insn	2, 0x0001
  c0:	0100                	.insn	2, 0x0100
  c2:	0308                	.insn	2, 0x0308
  c4:	0171                	.insn	2, 0x0171
  c6:	0000                	.insn	2, 0x0000
  c8:	0801                	.insn	2, 0x0801
  ca:	3704                	.insn	2, 0x3704
  cc:	0000                	.insn	2, 0x0000
  ce:	0100                	.insn	2, 0x0100
  d0:	0310                	.insn	2, 0x0310
  d2:	003e                	.insn	2, 0x003e
  d4:	0000                	.insn	2, 0x0000
  d6:	2001                	.insn	2, 0x2001
  d8:	00002a03          	lw	s4,0(zero) # 0 <_start-0x80000000>
  dc:	0600                	.insn	2, 0x0600
  de:	0091                	.insn	2, 0x0091
  e0:	0000                	.insn	2, 0x0000
  e2:	00ed                	.insn	2, 0x00ed
  e4:	0000                	.insn	2, 0x0000
  e6:	00003207          	.insn	4, 0x3207
  ea:	ff00                	.insn	2, 0xff00
  ec:	0300                	.insn	2, 0x0300
  ee:	00dd                	.insn	2, 0x00dd
  f0:	0000                	.insn	2, 0x0000
  f2:	4308                	.insn	2, 0x4308
  f4:	0001                	.insn	2, 0x0001
  f6:	0200                	.insn	2, 0x0200
  f8:	021a                	.insn	2, 0x021a
  fa:	ed16                	.insn	2, 0xed16
  fc:	0000                	.insn	2, 0x0000
  fe:	0900                	.insn	2, 0x0900
 100:	0052                	.insn	2, 0x0052
 102:	0000                	.insn	2, 0x0000
 104:	ae01                	.insn	2, 0xae01
 106:	0102                	.insn	2, 0x0102
 108:	0039                	.insn	2, 0x0039
 10a:	0000                	.insn	2, 0x0000
 10c:	4d00                	.insn	2, 0x4d00
 10e:	8000                	.insn	2, 0x8000
 110:	0088                	.insn	2, 0x0088
 112:	0000                	.insn	2, 0x0000
 114:	9c01                	.insn	2, 0x9c01
 116:	780a                	.insn	2, 0x780a
 118:	0100                	.insn	2, 0x0100
 11a:	02ae                	.insn	2, 0x02ae
 11c:	a112                	.insn	2, 0xa112
 11e:	0000                	.insn	2, 0x0000
 120:	1800                	.insn	2, 0x1800
 122:	0000                	.insn	2, 0x0000
 124:	0c00                	.insn	2, 0x0c00
 126:	0000                	.insn	2, 0x0000
 128:	0b00                	.insn	2, 0x0b00
 12a:	6572                	.insn	2, 0x6572
 12c:	0074                	.insn	2, 0x0074
 12e:	b001                	.insn	2, 0xb001
 130:	0902                	.insn	2, 0x0902
 132:	0096                	.insn	2, 0x0096
 134:	0000                	.insn	2, 0x0000
 136:	0c0c                	.insn	2, 0x0c0c
 138:	0000                	.insn	2, 0x0000
 13a:	0d00                	.insn	2, 0x0d00
 13c:	004d                	.insn	2, 0x004d
 13e:	0000                	.insn	2, 0x0000
 140:	b201                	.insn	2, 0xb201
 142:	0302                	.insn	2, 0x0302
 144:	00a1                	.insn	2, 0x00a1
 146:	0000                	.insn	2, 0x0000
 148:	0064                	.insn	2, 0x0064
 14a:	0000                	.insn	2, 0x0000
 14c:	0058                	.insn	2, 0x0058
 14e:	0000                	.insn	2, 0x0000
 150:	5f0e                	.insn	2, 0x5f0e
 152:	615f 0100 02b2      	.insn	6, 0x02b20100615f
 158:	0000a103          	lw	sp,0(ra)
 15c:	ae00                	.insn	2, 0xae00
 15e:	0000                	.insn	2, 0x0000
 160:	a400                	.insn	2, 0xa400
 162:	0000                	.insn	2, 0x0000
 164:	0000                	.insn	2, 0x0000
 166:	0000                	.insn	2, 0x0000
 168:	00ee                	.insn	2, 0x00ee
 16a:	0000                	.insn	2, 0x0000
 16c:	0005                	.insn	2, 0x0005
 16e:	0401                	.insn	2, 0x0401
 170:	00d9                	.insn	2, 0x00d9
 172:	0000                	.insn	2, 0x0000
 174:	00007203          	.insn	4, 0x7203
 178:	1d00                	.insn	2, 0x1d00
 17a:	03164703          	lbu	a4,49(a2)
 17e:	0a00                	.insn	2, 0x0a00
 180:	0000                	.insn	2, 0x0000
 182:	af00                	.insn	2, 0xaf00
 184:	0000                	.insn	2, 0x0000
 186:	5f00                	.insn	2, 0x5f00
 188:	0001                	.insn	2, 0x0001
 18a:	0400                	.insn	2, 0x0400
 18c:	0504                	.insn	2, 0x0504
 18e:	6e69                	.insn	2, 0x6e69
 190:	0074                	.insn	2, 0x0074
 192:	0401                	.insn	2, 0x0401
 194:	00006507          	.insn	4, 0x6507
 198:	0100                	.insn	2, 0x0100
 19a:	0508                	.insn	2, 0x0508
 19c:	0000                	.insn	2, 0x0000
 19e:	0000                	.insn	2, 0x0000
 1a0:	1001                	.insn	2, 0x1001
 1a2:	3204                	.insn	2, 0x3204
 1a4:	0000                	.insn	2, 0x0000
 1a6:	0100                	.insn	2, 0x0100
 1a8:	0601                	.insn	2, 0x0601
 1aa:	0018                	.insn	2, 0x0018
 1ac:	0000                	.insn	2, 0x0000
 1ae:	0101                	.insn	2, 0x0101
 1b0:	1608                	.insn	2, 0x1608
 1b2:	0000                	.insn	2, 0x0000
 1b4:	0100                	.insn	2, 0x0100
 1b6:	0502                	.insn	2, 0x0502
 1b8:	00000187          	.insn	4, 0x0187
 1bc:	0201                	.insn	2, 0x0201
 1be:	00015e07          	.insn	4, 0x00015e07
 1c2:	0100                	.insn	2, 0x0100
 1c4:	0504                	.insn	2, 0x0504
 1c6:	0005                	.insn	2, 0x0005
 1c8:	0000                	.insn	2, 0x0000
 1ca:	0401                	.insn	2, 0x0401
 1cc:	00006007          	.insn	4, 0x6007
 1d0:	0100                	.insn	2, 0x0100
 1d2:	0708                	.insn	2, 0x0708
 1d4:	0000005b          	.insn	4, 0x005b
 1d8:	0101                	.insn	2, 0x0101
 1da:	1f08                	.insn	2, 0x1f08
 1dc:	0000                	.insn	2, 0x0000
 1de:	0100                	.insn	2, 0x0100
 1e0:	0201                	.insn	2, 0x0201
 1e2:	0024                	.insn	2, 0x0024
 1e4:	0000                	.insn	2, 0x0000
 1e6:	0e05                	.insn	2, 0x0e05
 1e8:	0000                	.insn	2, 0x0000
 1ea:	0200                	.insn	2, 0x0200
 1ec:	167e                	.insn	2, 0x167e
 1ee:	0046                	.insn	2, 0x0046
 1f0:	0000                	.insn	2, 0x0000
 1f2:	7e02                	.insn	2, 0x7e02
 1f4:	0000                	.insn	2, 0x0000
 1f6:	0100                	.insn	2, 0x0100
 1f8:	0402                	.insn	2, 0x0402
 1fa:	0155                	.insn	2, 0x0155
 1fc:	0000                	.insn	2, 0x0000
 1fe:	0401                	.insn	2, 0x0401
 200:	00014d03          	lbu	s10,0(sp)
 204:	0100                	.insn	2, 0x0100
 206:	0404                	.insn	2, 0x0404
 208:	0179                	.insn	2, 0x0179
 20a:	0000                	.insn	2, 0x0000
 20c:	0801                	.insn	2, 0x0801
 20e:	00017103          	.insn	4, 0x00017103
 212:	0100                	.insn	2, 0x0100
 214:	0408                	.insn	2, 0x0408
 216:	00000037          	lui	zero,0x0
 21a:	1001                	.insn	2, 0x1001
 21c:	00003e03          	.insn	4, 0x3e03
 220:	0100                	.insn	2, 0x0100
 222:	0320                	.insn	2, 0x0320
 224:	002a                	.insn	2, 0x002a
 226:	0000                	.insn	2, 0x0000
 228:	8a06                	.insn	2, 0x8a06
 22a:	0000                	.insn	2, 0x0000
 22c:	d000                	.insn	2, 0xd000
 22e:	0000                	.insn	2, 0x0000
 230:	0700                	.insn	2, 0x0700
 232:	002a                	.insn	2, 0x002a
 234:	0000                	.insn	2, 0x0000
 236:	00ff c002 0000 0800 	.insn	10, 0x014308000000c00200ff
 23e:	0143 
 240:	0000                	.insn	2, 0x0000
 242:	1a02                	.insn	2, 0x1a02
 244:	1602                	.insn	2, 0x1602
 246:	00d0                	.insn	2, 0x00d0
 248:	0000                	.insn	2, 0x0000
 24a:	d509                	.insn	2, 0xd509
 24c:	0000                	.insn	2, 0x0000
 24e:	0100                	.insn	2, 0x0100
 250:	029e                	.insn	2, 0x029e
 252:	5403050f          	.insn	4, 0x5403050f
 256:	0050                	.insn	2, 0x0050
 258:	0080                	.insn	2, 0x0080

Disassembly of section .debug_abbrev:

00000000 <.debug_abbrev>:
   0:	2401                	.insn	2, 0x2401
   2:	0b00                	.insn	2, 0x0b00
   4:	030b3e0b          	.insn	4, 0x030b3e0b
   8:	000e                	.insn	2, 0x000e
   a:	0200                	.insn	2, 0x0200
   c:	0016                	.insn	2, 0x0016
   e:	213a0e03          	lb	t3,531(s4)
  12:	3b02                	.insn	2, 0x3b02
  14:	490b390b          	.insn	4, 0x490b390b
  18:	03000013          	li	zero,48
  1c:	0026                	.insn	2, 0x0026
  1e:	1349                	.insn	2, 0x1349
  20:	0000                	.insn	2, 0x0000
  22:	1104                	.insn	2, 0x1104
  24:	2501                	.insn	2, 0x2501
  26:	130e                	.insn	2, 0x130e
  28:	0b01900b          	.insn	4, 0x0b01900b
  2c:	0191                	.insn	2, 0x0191
  2e:	0306                	.insn	2, 0x0306
  30:	1b1f 551f 1117      	.insn	6, 0x1117551f1b1f
  36:	1001                	.insn	2, 0x1001
  38:	05000017          	auipc	zero,0x5000
  3c:	0024                	.insn	2, 0x0024
  3e:	0b3e0b0b          	.insn	4, 0x0b3e0b0b
  42:	00000803          	lb	a6,0(zero) # 0 <_start-0x80000000>
  46:	0106                	.insn	2, 0x0106
  48:	4901                	.insn	2, 0x4901
  4a:	00130113          	addi	sp,t1,1
  4e:	0700                	.insn	2, 0x0700
  50:	0021                	.insn	2, 0x0021
  52:	1349                	.insn	2, 0x1349
  54:	00000b2f          	.insn	4, 0x0b2f
  58:	3408                	.insn	2, 0x3408
  5a:	0300                	.insn	2, 0x0300
  5c:	3a0e                	.insn	2, 0x3a0e
  5e:	39053b0b          	.insn	4, 0x39053b0b
  62:	3f13490b          	.insn	4, 0x3f13490b
  66:	3c19                	.insn	2, 0x3c19
  68:	0019                	.insn	2, 0x0019
  6a:	0900                	.insn	2, 0x0900
  6c:	012e                	.insn	2, 0x012e
  6e:	0e03193f 053b0b3a 	.insn	8, 0x053b0b3a0e03193f
  76:	0b39                	.insn	2, 0x0b39
  78:	13491927          	.insn	4, 0x13491927
  7c:	0111                	.insn	2, 0x0111
  7e:	0612                	.insn	2, 0x0612
  80:	1840                	.insn	2, 0x1840
  82:	197a                	.insn	2, 0x197a
  84:	0000                	.insn	2, 0x0000
  86:	050a                	.insn	2, 0x050a
  88:	0300                	.insn	2, 0x0300
  8a:	3a08                	.insn	2, 0x3a08
  8c:	39053b0b          	.insn	4, 0x39053b0b
  90:	0213490b          	.insn	4, 0x0213490b
  94:	1742b717          	auipc	a4,0x1742b
  98:	0000                	.insn	2, 0x0000
  9a:	0300340b          	.insn	4, 0x0300340b
  9e:	3a08                	.insn	2, 0x3a08
  a0:	39053b0b          	.insn	4, 0x39053b0b
  a4:	0013490b          	.insn	4, 0x0013490b
  a8:	0c00                	.insn	2, 0x0c00
  aa:	1755010b          	.insn	4, 0x1755010b
  ae:	0000                	.insn	2, 0x0000
  b0:	340d                	.insn	2, 0x340d
  b2:	0300                	.insn	2, 0x0300
  b4:	3a0e                	.insn	2, 0x3a0e
  b6:	39053b0b          	.insn	4, 0x39053b0b
  ba:	0213490b          	.insn	4, 0x0213490b
  be:	1742b717          	auipc	a4,0x1742b
  c2:	0000                	.insn	2, 0x0000
  c4:	340e                	.insn	2, 0x340e
  c6:	0300                	.insn	2, 0x0300
  c8:	3a08                	.insn	2, 0x3a08
  ca:	39053b0b          	.insn	4, 0x39053b0b
  ce:	0213490b          	.insn	4, 0x0213490b
  d2:	1742b717          	auipc	a4,0x1742b
  d6:	0000                	.insn	2, 0x0000
  d8:	0100                	.insn	2, 0x0100
  da:	0024                	.insn	2, 0x0024
  dc:	0b3e0b0b          	.insn	4, 0x0b3e0b0b
  e0:	00000e03          	lb	t3,0(zero) # 0 <_start-0x80000000>
  e4:	2602                	.insn	2, 0x2602
  e6:	4900                	.insn	2, 0x4900
  e8:	03000013          	li	zero,48
  ec:	0111                	.insn	2, 0x0111
  ee:	0e25                	.insn	2, 0x0e25
  f0:	01900b13          	li	s6,25
  f4:	0601910b          	.insn	4, 0x0601910b
  f8:	1f1b1f03          	lh	t5,497(s6)
  fc:	1710                	.insn	2, 0x1710
  fe:	0000                	.insn	2, 0x0000
 100:	2404                	.insn	2, 0x2404
 102:	0b00                	.insn	2, 0x0b00
 104:	030b3e0b          	.insn	4, 0x030b3e0b
 108:	0008                	.insn	2, 0x0008
 10a:	0500                	.insn	2, 0x0500
 10c:	0016                	.insn	2, 0x0016
 10e:	0b3a0e03          	lb	t3,179(s4)
 112:	0b390b3b          	.insn	4, 0x0b390b3b
 116:	1349                	.insn	2, 0x1349
 118:	0000                	.insn	2, 0x0000
 11a:	0106                	.insn	2, 0x0106
 11c:	4901                	.insn	2, 0x4901
 11e:	00130113          	addi	sp,t1,1
 122:	0700                	.insn	2, 0x0700
 124:	0021                	.insn	2, 0x0021
 126:	1349                	.insn	2, 0x1349
 128:	00000b2f          	.insn	4, 0x0b2f
 12c:	3408                	.insn	2, 0x3408
 12e:	0300                	.insn	2, 0x0300
 130:	3a0e                	.insn	2, 0x3a0e
 132:	39053b0b          	.insn	4, 0x39053b0b
 136:	3f13490b          	.insn	4, 0x3f13490b
 13a:	3c19                	.insn	2, 0x3c19
 13c:	0019                	.insn	2, 0x0019
 13e:	0900                	.insn	2, 0x0900
 140:	0034                	.insn	2, 0x0034
 142:	0b3a1347          	.insn	4, 0x0b3a1347
 146:	0b39053b          	.insn	4, 0x0b39053b
 14a:	1802                	.insn	2, 0x1802
 14c:	0000                	.insn	2, 0x0000
	...

Disassembly of section .debug_loclists:

00000000 <.debug_loclists>:
   0:	00df 0000 0005      	.insn	6, 0x0005000000df
   6:	0004                	.insn	2, 0x0004
   8:	0000                	.insn	2, 0x0000
   a:	0000                	.insn	2, 0x0000
   c:	0d00                	.insn	2, 0x0d00
   e:	100d                	.insn	2, 0x100d
  10:	1710                	.insn	2, 0x1710
  12:	1b191917          	auipc	s2,0x1b191
  16:	0006001b          	.insn	4, 0x0006001b
  1a:	004d                	.insn	2, 0x004d
  1c:	0480                	.insn	2, 0x0480
  1e:	2000                	.insn	2, 0x2000
  20:	5a01                	.insn	2, 0x5a01
  22:	2004                	.insn	2, 0x2004
  24:	0a38                	.insn	2, 0x0a38
  26:	0aa503a3          	sb	a0,167(a0)
  2a:	a832a82b          	.insn	4, 0xa832a82b
  2e:	9f00                	.insn	2, 0x9f00
  30:	3804                	.insn	2, 0x3804
  32:	014c                	.insn	2, 0x014c
  34:	045a                	.insn	2, 0x045a
  36:	644c                	.insn	2, 0x644c
  38:	a30a                	.insn	2, 0xa30a
  3a:	2b0aa503          	lw	a0,688(s5)
  3e:	32a8                	.insn	2, 0x32a8
  40:	00a8                	.insn	2, 0x00a8
  42:	049f 6c64 5a01      	.insn	6, 0x5a016c64049f
  48:	6c04                	.insn	2, 0x6c04
  4a:	0188                	.insn	2, 0x0188
  4c:	a30a                	.insn	2, 0xa30a
  4e:	2b0aa503          	lw	a0,688(s5)
  52:	32a8                	.insn	2, 0x32a8
  54:	00a8                	.insn	2, 0x00a8
  56:	009f 0d04 100d      	.insn	6, 0x100d0d04009f
  5c:	1710                	.insn	2, 0x1710
  5e:	1b191917          	auipc	s2,0x1b191
  62:	0006001b          	.insn	4, 0x0006001b
  66:	004d                	.insn	2, 0x004d
  68:	0480                	.insn	2, 0x0480
  6a:	2000                	.insn	2, 0x2000
  6c:	5a01                	.insn	2, 0x5a01
  6e:	2004                	.insn	2, 0x2004
  70:	0a38                	.insn	2, 0x0a38
  72:	0aa503a3          	sb	a0,167(a0)
  76:	a832a82b          	.insn	4, 0xa832a82b
  7a:	9f00                	.insn	2, 0x9f00
  7c:	3804                	.insn	2, 0x3804
  7e:	014c                	.insn	2, 0x014c
  80:	045a                	.insn	2, 0x045a
  82:	644c                	.insn	2, 0x644c
  84:	a30a                	.insn	2, 0xa30a
  86:	2b0aa503          	lw	a0,688(s5)
  8a:	32a8                	.insn	2, 0x32a8
  8c:	00a8                	.insn	2, 0x00a8
  8e:	049f 6c64 5a01      	.insn	6, 0x5a016c64049f
  94:	6c04                	.insn	2, 0x6c04
  96:	0188                	.insn	2, 0x0188
  98:	a30a                	.insn	2, 0xa30a
  9a:	2b0aa503          	lw	a0,688(s5)
  9e:	32a8                	.insn	2, 0x32a8
  a0:	00a8                	.insn	2, 0x00a8
  a2:	009f 0e08 100e      	.insn	6, 0x100e0e08009f
  a8:	1912                	.insn	2, 0x1912
  aa:	1c1a                	.insn	2, 0x1c1a
  ac:	001c                	.insn	2, 0x001c
  ae:	1406                	.insn	2, 0x1406
  b0:	004d                	.insn	2, 0x004d
  b2:	0480                	.insn	2, 0x0480
  b4:	1400                	.insn	2, 0x1400
  b6:	5f01                	.insn	2, 0x5f01
  b8:	1404                	.insn	2, 0x1404
  ba:	1624                	.insn	2, 0x1624
  bc:	0aa503a3          	sb	a0,167(a0)
  c0:	a832a82b          	.insn	4, 0xa832a82b
  c4:	4000                	.insn	2, 0x4000
  c6:	0c22244b          	.insn	4, 0x0c22244b
  ca:	00ff 8000 332b 9f24 	.insn	10, 0x34049f24332b800000ff
  d2:	3404 
  d4:	0150                	.insn	2, 0x0150
  d6:	045e                	.insn	2, 0x045e
  d8:	6054                	.insn	2, 0x6054
  da:	5f01                	.insn	2, 0x5f01
  dc:	6004                	.insn	2, 0x6004
  de:	0274                	.insn	2, 0x0274
  e0:	9f48                	.insn	2, 0x9f48
	...

Disassembly of section .debug_aranges:

00000000 <.debug_aranges>:
   0:	001c                	.insn	2, 0x001c
   2:	0000                	.insn	2, 0x0000
   4:	0002                	.insn	2, 0x0002
   6:	0000                	.insn	2, 0x0000
   8:	0000                	.insn	2, 0x0000
   a:	0004                	.insn	2, 0x0004
   c:	0000                	.insn	2, 0x0000
   e:	0000                	.insn	2, 0x0000
  10:	4d00                	.insn	2, 0x4d00
  12:	8000                	.insn	2, 0x8000
  14:	0088                	.insn	2, 0x0088
	...
  1e:	0000                	.insn	2, 0x0000
  20:	0014                	.insn	2, 0x0014
  22:	0000                	.insn	2, 0x0000
  24:	0002                	.insn	2, 0x0002
  26:	0168                	.insn	2, 0x0168
  28:	0000                	.insn	2, 0x0000
  2a:	0004                	.insn	2, 0x0004
	...

Disassembly of section .debug_rnglists:

00000000 <.debug_rnglists>:
   0:	0026                	.insn	2, 0x0026
   2:	0000                	.insn	2, 0x0000
   4:	0005                	.insn	2, 0x0005
   6:	0004                	.insn	2, 0x0004
   8:	0000                	.insn	2, 0x0000
   a:	0000                	.insn	2, 0x0000
   c:	0005                	.insn	2, 0x0005
   e:	004d                	.insn	2, 0x004d
  10:	0480                	.insn	2, 0x0480
  12:	1c00                	.insn	2, 0x1c00
  14:	1c04                	.insn	2, 0x1c04
  16:	0430                	.insn	2, 0x0430
  18:	4838                	.insn	2, 0x4838
  1a:	4804                	.insn	2, 0x4804
  1c:	045c                	.insn	2, 0x045c
  1e:	8064                	.insn	2, 0x8064
  20:	0001                	.insn	2, 0x0001
  22:	004d0007          	.insn	4, 0x004d0007
  26:	8880                	.insn	2, 0x8880
  28:	0001                	.insn	2, 0x0001

Disassembly of section .debug_line:

00000000 <.debug_line>:
   0:	0000015b          	.insn	4, 0x015b
   4:	0005                	.insn	2, 0x0005
   6:	0004                	.insn	2, 0x0004
   8:	00000033          	add	zero,zero,zero
   c:	0101                	.insn	2, 0x0101
   e:	f601                	.insn	2, 0xf601
  10:	0df2                	.insn	2, 0x0df2
  12:	0100                	.insn	2, 0x0100
  14:	0101                	.insn	2, 0x0101
  16:	0001                	.insn	2, 0x0001
  18:	0000                	.insn	2, 0x0000
  1a:	0001                	.insn	2, 0x0001
  1c:	0100                	.insn	2, 0x0100
  1e:	0101                	.insn	2, 0x0101
  20:	021f 00af 0000      	.insn	6, 0x00af021f
  26:	018d                	.insn	2, 0x018d
  28:	0000                	.insn	2, 0x0000
  2a:	0102                	.insn	2, 0x0102
  2c:	021f 030b 000a      	.insn	6, 0x000a030b021f
  32:	0000                	.insn	2, 0x0000
  34:	a500                	.insn	2, 0xa500
  36:	0000                	.insn	2, 0x0000
  38:	0100                	.insn	2, 0x0100
  3a:	0000                	.insn	2, 0x0000
  3c:	0000                	.insn	2, 0x0000
  3e:	0001                	.insn	2, 0x0001
  40:	0205                	.insn	2, 0x0205
  42:	4d00                	.insn	2, 0x4d00
  44:	8000                	.insn	2, 0x8000
  46:	0105ae03          	lw	t3,16(a1)
  4a:	0105                	.insn	2, 0x0105
  4c:	0009                	.insn	2, 0x0009
  4e:	1800                	.insn	2, 0x1800
  50:	0305                	.insn	2, 0x0305
  52:	0009                	.insn	2, 0x0009
  54:	1900                	.insn	2, 0x1900
  56:	0305                	.insn	2, 0x0305
  58:	0009                	.insn	2, 0x0009
  5a:	0100                	.insn	2, 0x0100
  5c:	0305                	.insn	2, 0x0305
  5e:	0009                	.insn	2, 0x0009
  60:	0100                	.insn	2, 0x0100
  62:	0305                	.insn	2, 0x0305
  64:	0009                	.insn	2, 0x0009
  66:	0100                	.insn	2, 0x0100
  68:	0305                	.insn	2, 0x0305
  6a:	0009                	.insn	2, 0x0009
  6c:	0000                	.insn	2, 0x0000
  6e:	0402                	.insn	2, 0x0402
  70:	0101                	.insn	2, 0x0101
  72:	0305                	.insn	2, 0x0305
  74:	0809                	.insn	2, 0x0809
  76:	0000                	.insn	2, 0x0000
  78:	0402                	.insn	2, 0x0402
  7a:	05010603          	lb	a2,80(sp)
  7e:	000c0903          	lb	s2,0(s8)
  82:	0200                	.insn	2, 0x0200
  84:	0e04                	.insn	2, 0x0e04
  86:	0106                	.insn	2, 0x0106
  88:	0305                	.insn	2, 0x0305
  8a:	0809                	.insn	2, 0x0809
  8c:	0600                	.insn	2, 0x0600
  8e:	0501                	.insn	2, 0x0501
  90:	00000903          	lb	s2,0(zero) # 0 <_start-0x80000000>
  94:	0200                	.insn	2, 0x0200
  96:	0004                	.insn	2, 0x0004
  98:	0106                	.insn	2, 0x0106
  9a:	0305                	.insn	2, 0x0305
  9c:	0009                	.insn	2, 0x0009
  9e:	1900                	.insn	2, 0x1900
  a0:	0305                	.insn	2, 0x0305
  a2:	0009                	.insn	2, 0x0009
  a4:	0000                	.insn	2, 0x0000
  a6:	0402                	.insn	2, 0x0402
  a8:	060e                	.insn	2, 0x060e
  aa:	0515                	.insn	2, 0x0515
  ac:	00040903          	lb	s2,0(s0)
  b0:	0501                	.insn	2, 0x0501
  b2:	00080903          	lb	s2,0(a6)
  b6:	0501                	.insn	2, 0x0501
  b8:	00080903          	lb	s2,0(a6)
  bc:	0200                	.insn	2, 0x0200
  be:	0004                	.insn	2, 0x0004
  c0:	051a                	.insn	2, 0x051a
  c2:	0901                	.insn	2, 0x0901
  c4:	0008                	.insn	2, 0x0008
  c6:	0200                	.insn	2, 0x0200
  c8:	0404                	.insn	2, 0x0404
  ca:	0514                	.insn	2, 0x0514
  cc:	000c0903          	lb	s2,0(s8)
  d0:	0200                	.insn	2, 0x0200
  d2:	0704                	.insn	2, 0x0704
  d4:	0501                	.insn	2, 0x0501
  d6:	00040903          	lb	s2,0(s0)
  da:	0200                	.insn	2, 0x0200
  dc:	0e04                	.insn	2, 0x0e04
  de:	0106                	.insn	2, 0x0106
  e0:	0305                	.insn	2, 0x0305
  e2:	0009                	.insn	2, 0x0009
  e4:	0600                	.insn	2, 0x0600
  e6:	0501                	.insn	2, 0x0501
  e8:	00000903          	lb	s2,0(zero) # 0 <_start-0x80000000>
  ec:	0200                	.insn	2, 0x0200
  ee:	0004                	.insn	2, 0x0004
  f0:	0106                	.insn	2, 0x0106
  f2:	0305                	.insn	2, 0x0305
  f4:	0009                	.insn	2, 0x0009
  f6:	1900                	.insn	2, 0x1900
  f8:	0305                	.insn	2, 0x0305
  fa:	0009                	.insn	2, 0x0009
  fc:	0000                	.insn	2, 0x0000
  fe:	0402                	.insn	2, 0x0402
 100:	060e                	.insn	2, 0x060e
 102:	0515                	.insn	2, 0x0515
 104:	00040903          	lb	s2,0(s0)
 108:	0501                	.insn	2, 0x0501
 10a:	00100903          	lb	s2,1(zero) # 1 <_start-0x7fffffff>
 10e:	0200                	.insn	2, 0x0200
 110:	0004                	.insn	2, 0x0004
 112:	051a                	.insn	2, 0x051a
 114:	0901                	.insn	2, 0x0901
 116:	0008                	.insn	2, 0x0008
 118:	0200                	.insn	2, 0x0200
 11a:	0804                	.insn	2, 0x0804
 11c:	0514                	.insn	2, 0x0514
 11e:	00040903          	lb	s2,0(s0)
 122:	0200                	.insn	2, 0x0200
 124:	0e04                	.insn	2, 0x0e04
 126:	0106                	.insn	2, 0x0106
 128:	0305                	.insn	2, 0x0305
 12a:	0409                	.insn	2, 0x0409
 12c:	0600                	.insn	2, 0x0600
 12e:	0501                	.insn	2, 0x0501
 130:	00080903          	lb	s2,0(a6)
 134:	0501                	.insn	2, 0x0501
 136:	000c0903          	lb	s2,0(s8)
 13a:	0501                	.insn	2, 0x0501
 13c:	00000903          	lb	s2,0(zero) # 0 <_start-0x80000000>
 140:	0200                	.insn	2, 0x0200
 142:	0004                	.insn	2, 0x0004
 144:	0106                	.insn	2, 0x0106
 146:	0305                	.insn	2, 0x0305
 148:	0009                	.insn	2, 0x0009
 14a:	1900                	.insn	2, 0x1900
 14c:	0305                	.insn	2, 0x0305
 14e:	0009                	.insn	2, 0x0009
 150:	0600                	.insn	2, 0x0600
 152:	0518                	.insn	2, 0x0518
 154:	0001                	.insn	2, 0x0001
 156:	0205                	.insn	2, 0x0205
 158:	4d88                	.insn	2, 0x4d88
 15a:	8000                	.insn	2, 0x8000
 15c:	0100                	.insn	2, 0x0100
 15e:	4501                	.insn	2, 0x4501
 160:	0000                	.insn	2, 0x0000
 162:	0500                	.insn	2, 0x0500
 164:	0400                	.insn	2, 0x0400
 166:	3300                	.insn	2, 0x3300
 168:	0000                	.insn	2, 0x0000
 16a:	0100                	.insn	2, 0x0100
 16c:	0101                	.insn	2, 0x0101
 16e:	f2f6                	.insn	2, 0xf2f6
 170:	000d                	.insn	2, 0x000d
 172:	0101                	.insn	2, 0x0101
 174:	0101                	.insn	2, 0x0101
 176:	0000                	.insn	2, 0x0000
 178:	0100                	.insn	2, 0x0100
 17a:	0000                	.insn	2, 0x0000
 17c:	0101                	.insn	2, 0x0101
 17e:	1f01                	.insn	2, 0x1f01
 180:	af02                	.insn	2, 0xaf02
 182:	0000                	.insn	2, 0x0000
 184:	8d00                	.insn	2, 0x8d00
 186:	0001                	.insn	2, 0x0001
 188:	0200                	.insn	2, 0x0200
 18a:	1f01                	.insn	2, 0x1f01
 18c:	0b02                	.insn	2, 0x0b02
 18e:	00000a03          	lb	s4,0(zero) # 0 <_start-0x80000000>
 192:	0000                	.insn	2, 0x0000
 194:	00a5                	.insn	2, 0x00a5
 196:	0000                	.insn	2, 0x0000
 198:	0001                	.insn	2, 0x0001
 19a:	0000                	.insn	2, 0x0000
 19c:	0100                	.insn	2, 0x0100
 19e:	0500                	.insn	2, 0x0500
 1a0:	8802                	.insn	2, 0x8802
 1a2:	004d                	.insn	2, 0x004d
 1a4:	0080                	.insn	2, 0x0080
 1a6:	0101                	.insn	2, 0x0101

Disassembly of section .debug_str:

00000000 <.debug_str>:
   0:	6f6c                	.insn	2, 0x6f6c
   2:	676e                	.insn	2, 0x676e
   4:	6c20                	.insn	2, 0x6c20
   6:	20676e6f          	jal	t3,7620c <_start-0x7ff89df4>
   a:	6e69                	.insn	2, 0x6e69
   c:	0074                	.insn	2, 0x0074
   e:	5155                	.insn	2, 0x5155
  10:	7449                	.insn	2, 0x7449
  12:	7079                	.insn	2, 0x7079
  14:	0065                	.insn	2, 0x0065
  16:	6e75                	.insn	2, 0x6e75
  18:	6e676973          	.insn	4, 0x6e676973
  1c:	6465                	.insn	2, 0x6465
  1e:	6320                	.insn	2, 0x6320
  20:	6168                	.insn	2, 0x6168
  22:	0072                	.insn	2, 0x0072
  24:	425f 6f6f 006c      	.insn	6, 0x006c6f6f425f
  2a:	706d6f63          	bltu	s10,t1,748 <_start-0x7ffff8b8>
  2e:	656c                	.insn	2, 0x656c
  30:	2078                	.insn	2, 0x2078
  32:	6f6c                	.insn	2, 0x6f6c
  34:	676e                	.insn	2, 0x676e
  36:	6420                	.insn	2, 0x6420
  38:	6c62756f          	jal	a0,276fe <_start-0x7ffd8902>
  3c:	0065                	.insn	2, 0x0065
  3e:	706d6f63          	bltu	s10,t1,75c <_start-0x7ffff8a4>
  42:	656c                	.insn	2, 0x656c
  44:	2078                	.insn	2, 0x2078
  46:	6f64                	.insn	2, 0x6f64
  48:	6275                	.insn	2, 0x6275
  4a:	656c                	.insn	2, 0x656c
  4c:	5f00                	.insn	2, 0x5f00
  4e:	785f 0072 5f5f      	.insn	6, 0x5f5f0072785f
  54:	737a6c63          	bltu	s4,s7,78c <_start-0x7ffff874>
  58:	3269                	.insn	2, 0x3269
  5a:	6c00                	.insn	2, 0x6c00
  5c:	20676e6f          	jal	t3,76262 <_start-0x7ff89d9e>
  60:	6f6c                	.insn	2, 0x6f6c
  62:	676e                	.insn	2, 0x676e
  64:	7520                	.insn	2, 0x7520
  66:	736e                	.insn	2, 0x736e
  68:	6769                	.insn	2, 0x6769
  6a:	656e                	.insn	2, 0x656e
  6c:	2064                	.insn	2, 0x2064
  6e:	6e69                	.insn	2, 0x6e69
  70:	0074                	.insn	2, 0x0074
  72:	20554e47          	.insn	4, 0x20554e47
  76:	20333243          	.insn	4, 0x20333243
  7a:	3531                	.insn	2, 0x3531
  7c:	322e                	.insn	2, 0x322e
  7e:	302e                	.insn	2, 0x302e
  80:	2d20                	.insn	2, 0x2d20
  82:	636d                	.insn	2, 0x636d
  84:	6f6d                	.insn	2, 0x6f6d
  86:	6564                	.insn	2, 0x6564
  88:	3d6c                	.insn	2, 0x3d6c
  8a:	656d                	.insn	2, 0x656d
  8c:	6164                	.insn	2, 0x6164
  8e:	796e                	.insn	2, 0x796e
  90:	2d20                	.insn	2, 0x2d20
  92:	616d                	.insn	2, 0x616d
  94:	6962                	.insn	2, 0x6962
  96:	693d                	.insn	2, 0x693d
  98:	706c                	.insn	2, 0x706c
  9a:	2d203233          	.insn	4, 0x2d203233
  9e:	636d                	.insn	2, 0x636d
  a0:	6f6d                	.insn	2, 0x6f6d
  a2:	6564                	.insn	2, 0x6564
  a4:	3d6c                	.insn	2, 0x3d6c
  a6:	656d                	.insn	2, 0x656d
  a8:	6164                	.insn	2, 0x6164
  aa:	796e                	.insn	2, 0x796e
  ac:	2d20                	.insn	2, 0x2d20
  ae:	696d                	.insn	2, 0x696d
  b0:	732d6173          	.insn	4, 0x732d6173
  b4:	6570                	.insn	2, 0x6570
  b6:	30323d63          	.insn	4, 0x30323d63
  ba:	3931                	.insn	2, 0x3931
  bc:	3231                	.insn	2, 0x3231
  be:	3331                	.insn	2, 0x3331
  c0:	2d20                	.insn	2, 0x2d20
  c2:	616d                	.insn	2, 0x616d
  c4:	6372                	.insn	2, 0x6372
  c6:	3d68                	.insn	2, 0x3d68
  c8:	7672                	.insn	2, 0x7672
  ca:	6d693233          	.insn	4, 0x6d693233
  ce:	7a5f 6d6d 6c75      	.insn	6, 0x6c756d6d7a5f
  d4:	2d20                	.insn	2, 0x2d20
  d6:	4f2d2067          	.insn	4, 0x4f2d2067
  da:	2032                	.insn	2, 0x2032
  dc:	4f2d                	.insn	2, 0x4f2d
  de:	2032                	.insn	2, 0x2032
  e0:	4f2d                	.insn	2, 0x4f2d
  e2:	2032                	.insn	2, 0x2032
  e4:	662d                	.insn	2, 0x662d
  e6:	7566                	.insn	2, 0x7566
  e8:	636e                	.insn	2, 0x636e
  ea:	6974                	.insn	2, 0x6974
  ec:	732d6e6f          	jal	t3,d681e <_start-0x7ff297e2>
  f0:	6365                	.insn	2, 0x6365
  f2:	6974                	.insn	2, 0x6974
  f4:	20736e6f          	jal	t3,36afa <_start-0x7ffc9506>
  f8:	662d                	.insn	2, 0x662d
  fa:	6164                	.insn	2, 0x6164
  fc:	6174                	.insn	2, 0x6174
  fe:	732d                	.insn	2, 0x732d
 100:	6365                	.insn	2, 0x6365
 102:	6974                	.insn	2, 0x6974
 104:	20736e6f          	jal	t3,36b0a <_start-0x7ffc94f6>
 108:	662d                	.insn	2, 0x662d
 10a:	7562                	.insn	2, 0x7562
 10c:	6c69                	.insn	2, 0x6c69
 10e:	6964                	.insn	2, 0x6964
 110:	676e                	.insn	2, 0x676e
 112:	6c2d                	.insn	2, 0x6c2d
 114:	6269                	.insn	2, 0x6269
 116:	20636367          	.insn	4, 0x20636367
 11a:	662d                	.insn	2, 0x662d
 11c:	6f6e                	.insn	2, 0x6f6e
 11e:	732d                	.insn	2, 0x732d
 120:	6174                	.insn	2, 0x6174
 122:	702d6b63          	bltu	s10,sp,838 <_start-0x7ffff7c8>
 126:	6f72                	.insn	2, 0x6f72
 128:	6574                	.insn	2, 0x6574
 12a:	726f7463          	bgeu	t5,t1,852 <_start-0x7ffff7ae>
 12e:	2d20                	.insn	2, 0x2d20
 130:	7666                	.insn	2, 0x7666
 132:	7369                	.insn	2, 0x7369
 134:	6269                	.insn	2, 0x6269
 136:	6c69                	.insn	2, 0x6c69
 138:	7469                	.insn	2, 0x7469
 13a:	3d79                	.insn	2, 0x3d79
 13c:	6968                	.insn	2, 0x6968
 13e:	6464                	.insn	2, 0x6464
 140:	6e65                	.insn	2, 0x6e65
 142:	5f00                	.insn	2, 0x5f00
 144:	635f 7a6c 745f      	.insn	6, 0x745f7a6c635f
 14a:	6261                	.insn	2, 0x6261
 14c:	6300                	.insn	2, 0x6300
 14e:	6c706d6f          	jal	s10,7014 <_start-0x7fff8fec>
 152:	7865                	.insn	2, 0x7865
 154:	5f20                	.insn	2, 0x5f20
 156:	6c46                	.insn	2, 0x6c46
 158:	3174616f          	jal	sp,46c6e <_start-0x7ffb9392>
 15c:	0036                	.insn	2, 0x0036
 15e:	726f6873          	.insn	4, 0x726f6873
 162:	2074                	.insn	2, 0x2074
 164:	6e75                	.insn	2, 0x6e75
 166:	6e676973          	.insn	4, 0x6e676973
 16a:	6465                	.insn	2, 0x6465
 16c:	6920                	.insn	2, 0x6920
 16e:	746e                	.insn	2, 0x746e
 170:	6300                	.insn	2, 0x6300
 172:	6c706d6f          	jal	s10,7038 <_start-0x7fff8fc8>
 176:	7865                	.insn	2, 0x7865
 178:	6620                	.insn	2, 0x6620
 17a:	6f6c                	.insn	2, 0x6f6c
 17c:	7461                	.insn	2, 0x7461
 17e:	5500                	.insn	2, 0x5500
 180:	79744953          	.insn	4, 0x79744953
 184:	6570                	.insn	2, 0x6570
 186:	7300                	.insn	2, 0x7300
 188:	6f68                	.insn	2, 0x6f68
 18a:	7472                	.insn	2, 0x7472
 18c:	6920                	.insn	2, 0x6920
 18e:	746e                	.insn	2, 0x746e
	...

Disassembly of section .debug_line_str:

00000000 <.debug_line_str>:
   0:	696c                	.insn	2, 0x696c
   2:	6762                	.insn	2, 0x6762
   4:	2e326363          	bltu	tp,gp,2ea <_start-0x7ffffd16>
   8:	0068                	.insn	2, 0x0068
   a:	6d6f682f          	.insn	4, 0x6d6f682f
   e:	2f65                	.insn	2, 0x2f65
  10:	6c69                	.insn	2, 0x6c69
  12:	63612f67          	.insn	4, 0x63612f67
  16:	6974                	.insn	2, 0x6974
  18:	2d736e6f          	jal	t3,36aee <_start-0x7ffc9512>
  1c:	7572                	.insn	2, 0x7572
  1e:	6e6e                	.insn	2, 0x6e6e
  20:	7265                	.insn	2, 0x7265
  22:	70782f73          	.insn	4, 0x70782f73
  26:	6361                	.insn	2, 0x6361
  28:	65642d6b          	.insn	4, 0x65642d6b
  2c:	2d76                	.insn	2, 0x2d76
  2e:	6f74                	.insn	2, 0x6f74
  30:	2f736c6f          	jal	s8,36b26 <_start-0x7ffc94da>
  34:	2f32                	.insn	2, 0x2f32
  36:	775f 726f 2f6b      	.insn	6, 0x2f6b726f775f
  3c:	6972                	.insn	2, 0x6972
  3e:	2d766373          	.insn	4, 0x2d766373
  42:	6f6e                	.insn	2, 0x6f6e
  44:	656e                	.insn	2, 0x656e
  46:	652d                	.insn	2, 0x652d
  48:	666c                	.insn	2, 0x666c
  4a:	672d                	.insn	2, 0x672d
  4c:	782d6363          	bltu	s10,sp,7d2 <_start-0x7ffff82e>
  50:	6170                	.insn	2, 0x6170
  52:	722f6b63          	bltu	t5,sp,788 <_start-0x7ffff878>
  56:	7369                	.insn	2, 0x7369
  58:	6e2d7663          	bgeu	s10,sp,744 <_start-0x7ffff8bc>
  5c:	2d656e6f          	jal	t3,56332 <_start-0x7ffa9cce>
  60:	6c65                	.insn	2, 0x6c65
  62:	2d66                	.insn	2, 0x2d66
  64:	2d636367          	.insn	4, 0x2d636367
  68:	7078                	.insn	2, 0x7078
  6a:	6361                	.insn	2, 0x6361
  6c:	75622f6b          	.insn	4, 0x75622f6b
  70:	6c69                	.insn	2, 0x6c69
  72:	2d64                	.insn	2, 0x2d64
  74:	7361                	.insn	2, 0x7361
  76:	73746573          	.insn	4, 0x73746573
  7a:	6975622f          	.insn	4, 0x6975622f
  7e:	646c                	.insn	2, 0x646c
  80:	6e69772f          	.insn	4, 0x6e69772f
  84:	782d3233          	.insn	4, 0x782d3233
  88:	3436                	.insn	2, 0x3436
  8a:	756f732f          	.insn	4, 0x756f732f
  8e:	6372                	.insn	2, 0x6372
  90:	7365                	.insn	2, 0x7365
  92:	6363672f          	.insn	4, 0x6363672f
  96:	312d                	.insn	2, 0x312d
  98:	2e35                	.insn	2, 0x2e35
  9a:	2e32                	.insn	2, 0x2e32
  9c:	2f30                	.insn	2, 0x2f30
  9e:	696c                	.insn	2, 0x696c
  a0:	6762                	.insn	2, 0x6762
  a2:	6c2f6363          	bltu	t5,sp,768 <_start-0x7ffff898>
  a6:	6269                	.insn	2, 0x6269
  a8:	32636367          	.insn	4, 0x32636367
  ac:	632e                	.insn	2, 0x632e
  ae:	2f00                	.insn	2, 0x2f00
  b0:	6f68                	.insn	2, 0x6f68
  b2:	656d                	.insn	2, 0x656d
  b4:	676c692f          	.insn	4, 0x676c692f
  b8:	7463612f          	.insn	4, 0x7463612f
  bc:	6f69                	.insn	2, 0x6f69
  be:	736e                	.insn	2, 0x736e
  c0:	722d                	.insn	2, 0x722d
  c2:	6e75                	.insn	2, 0x6e75
  c4:	656e                	.insn	2, 0x656e
  c6:	7372                	.insn	2, 0x7372
  c8:	6170782f          	.insn	4, 0x6170782f
  cc:	642d6b63          	bltu	s10,sp,722 <_start-0x7ffff8de>
  d0:	7665                	.insn	2, 0x7665
  d2:	742d                	.insn	2, 0x742d
  d4:	736c6f6f          	jal	t5,c680a <_start-0x7ff397f6>
  d8:	5f2f322f          	.insn	4, 0x5f2f322f
  dc:	6b726f77          	.insn	4, 0x6b726f77
  e0:	7369722f          	.insn	4, 0x7369722f
  e4:	6e2d7663          	bgeu	s10,sp,7d0 <_start-0x7ffff830>
  e8:	2d656e6f          	jal	t3,563be <_start-0x7ffa9c42>
  ec:	6c65                	.insn	2, 0x6c65
  ee:	2d66                	.insn	2, 0x2d66
  f0:	2d636367          	.insn	4, 0x2d636367
  f4:	7078                	.insn	2, 0x7078
  f6:	6361                	.insn	2, 0x6361
  f8:	69722f6b          	.insn	4, 0x69722f6b
  fc:	2d766373          	.insn	4, 0x2d766373
 100:	6f6e                	.insn	2, 0x6f6e
 102:	656e                	.insn	2, 0x656e
 104:	652d                	.insn	2, 0x652d
 106:	666c                	.insn	2, 0x666c
 108:	672d                	.insn	2, 0x672d
 10a:	782d6363          	bltu	s10,sp,890 <_start-0x7ffff770>
 10e:	6170                	.insn	2, 0x6170
 110:	622f6b63          	bltu	t5,sp,746 <_start-0x7ffff8ba>
 114:	6975                	.insn	2, 0x6975
 116:	646c                	.insn	2, 0x646c
 118:	612d                	.insn	2, 0x612d
 11a:	74657373          	.insn	4, 0x74657373
 11e:	75622f73          	.insn	4, 0x75622f73
 122:	6c69                	.insn	2, 0x6c69
 124:	2f64                	.insn	2, 0x2f64
 126:	336e6977          	.insn	4, 0x336e6977
 12a:	2d32                	.insn	2, 0x2d32
 12c:	3678                	.insn	2, 0x3678
 12e:	2f34                	.insn	2, 0x2f34
 130:	3878                	.insn	2, 0x3878
 132:	5f36                	.insn	2, 0x5f36
 134:	3436                	.insn	2, 0x3436
 136:	702d                	.insn	2, 0x702d
 138:	696c2d63          	.insn	4, 0x696c2d63
 13c:	756e                	.insn	2, 0x756e
 13e:	2d78                	.insn	2, 0x2d78
 140:	2f756e67          	.insn	4, 0x2f756e67
 144:	7562                	.insn	2, 0x7562
 146:	6c69                	.insn	2, 0x6c69
 148:	2f64                	.insn	2, 0x2f64
 14a:	6972                	.insn	2, 0x6972
 14c:	2d766373          	.insn	4, 0x2d766373
 150:	6f6e                	.insn	2, 0x6f6e
 152:	656e                	.insn	2, 0x656e
 154:	652d                	.insn	2, 0x652d
 156:	666c                	.insn	2, 0x666c
 158:	672d                	.insn	2, 0x672d
 15a:	312d6363          	bltu	s10,s2,460 <_start-0x7ffffba0>
 15e:	2e35                	.insn	2, 0x2e35
 160:	2e32                	.insn	2, 0x2e32
 162:	2d30                	.insn	2, 0x2d30
 164:	6966                	.insn	2, 0x6966
 166:	616e                	.insn	2, 0x616e
 168:	2f6c                	.insn	2, 0x2f6c
 16a:	6972                	.insn	2, 0x6972
 16c:	2d766373          	.insn	4, 0x2d766373
 170:	6f6e                	.insn	2, 0x6f6e
 172:	656e                	.insn	2, 0x656e
 174:	652d                	.insn	2, 0x652d
 176:	666c                	.insn	2, 0x666c
 178:	3376722f          	.insn	4, 0x3376722f
 17c:	6932                	.insn	2, 0x6932
 17e:	2f6d                	.insn	2, 0x2f6d
 180:	6c69                	.insn	2, 0x6c69
 182:	3370                	.insn	2, 0x3370
 184:	2f32                	.insn	2, 0x2f32
 186:	696c                	.insn	2, 0x696c
 188:	6762                	.insn	2, 0x6762
 18a:	2f006363          	bltu	zero,a6,470 <_start-0x7ffffb90>
 18e:	6f68                	.insn	2, 0x6f68
 190:	656d                	.insn	2, 0x656d
 192:	676c692f          	.insn	4, 0x676c692f
 196:	7463612f          	.insn	4, 0x7463612f
 19a:	6f69                	.insn	2, 0x6f69
 19c:	736e                	.insn	2, 0x736e
 19e:	722d                	.insn	2, 0x722d
 1a0:	6e75                	.insn	2, 0x6e75
 1a2:	656e                	.insn	2, 0x656e
 1a4:	7372                	.insn	2, 0x7372
 1a6:	6170782f          	.insn	4, 0x6170782f
 1aa:	642d6b63          	bltu	s10,sp,800 <_start-0x7ffff800>
 1ae:	7665                	.insn	2, 0x7665
 1b0:	742d                	.insn	2, 0x742d
 1b2:	736c6f6f          	jal	t5,c68e8 <_start-0x7ff39718>
 1b6:	5f2f322f          	.insn	4, 0x5f2f322f
 1ba:	6b726f77          	.insn	4, 0x6b726f77
 1be:	7369722f          	.insn	4, 0x7369722f
 1c2:	6e2d7663          	bgeu	s10,sp,8ae <_start-0x7ffff752>
 1c6:	2d656e6f          	jal	t3,5649c <_start-0x7ffa9b64>
 1ca:	6c65                	.insn	2, 0x6c65
 1cc:	2d66                	.insn	2, 0x2d66
 1ce:	2d636367          	.insn	4, 0x2d636367
 1d2:	7078                	.insn	2, 0x7078
 1d4:	6361                	.insn	2, 0x6361
 1d6:	69722f6b          	.insn	4, 0x69722f6b
 1da:	2d766373          	.insn	4, 0x2d766373
 1de:	6f6e                	.insn	2, 0x6f6e
 1e0:	656e                	.insn	2, 0x656e
 1e2:	652d                	.insn	2, 0x652d
 1e4:	666c                	.insn	2, 0x666c
 1e6:	672d                	.insn	2, 0x672d
 1e8:	782d6363          	bltu	s10,sp,96e <_start-0x7ffff692>
 1ec:	6170                	.insn	2, 0x6170
 1ee:	622f6b63          	bltu	t5,sp,824 <_start-0x7ffff7dc>
 1f2:	6975                	.insn	2, 0x6975
 1f4:	646c                	.insn	2, 0x646c
 1f6:	612d                	.insn	2, 0x612d
 1f8:	74657373          	.insn	4, 0x74657373
 1fc:	75622f73          	.insn	4, 0x75622f73
 200:	6c69                	.insn	2, 0x6c69
 202:	2f64                	.insn	2, 0x2f64
 204:	336e6977          	.insn	4, 0x336e6977
 208:	2d32                	.insn	2, 0x2d32
 20a:	3678                	.insn	2, 0x3678
 20c:	2f34                	.insn	2, 0x2f34
 20e:	72756f73          	.insn	4, 0x72756f73
 212:	2f736563          	bltu	t1,s7,4fc <_start-0x7ffffb04>
 216:	2d636367          	.insn	4, 0x2d636367
 21a:	3531                	.insn	2, 0x3531
 21c:	322e                	.insn	2, 0x322e
 21e:	302e                	.insn	2, 0x302e
 220:	62696c2f          	.insn	4, 0x62696c2f
 224:	00636367          	.insn	4, 0x00636367

Disassembly of section .debug_frame:

00000000 <.debug_frame>:
   0:	000c                	.insn	2, 0x000c
   2:	0000                	.insn	2, 0x0000
   4:	ffff                	.insn	2, 0xffff
   6:	ffff                	.insn	2, 0xffff
   8:	7c010003          	lb	zero,1984(sp)
   c:	0c01                	.insn	2, 0x0c01
   e:	0002                	.insn	2, 0x0002
  10:	000c                	.insn	2, 0x000c
  12:	0000                	.insn	2, 0x0000
  14:	0000                	.insn	2, 0x0000
  16:	0000                	.insn	2, 0x0000
  18:	4d00                	.insn	2, 0x4d00
  1a:	8000                	.insn	2, 0x8000
  1c:	0088                	.insn	2, 0x0088
	...
