
C:\cpu_design\build_rtos_apps\preflight\rtos_preflight.elf:     file format elf32-littleriscv


Disassembly of section .text:

80000000 <_start>:
80000000:	00080117          	auipc	sp,0x80
80000004:	00010113          	mv	sp,sp
80000008:	00006197          	auipc	gp,0x6
8000000c:	82418193          	addi	gp,gp,-2012 # 8000582c <__global_pointer$>
80000010:	00005297          	auipc	t0,0x5
80000014:	03028293          	addi	t0,t0,48 # 80005040 <preflight_queue>
80000018:	00006317          	auipc	t1,0x6
8000001c:	64830313          	addi	t1,t1,1608 # 80006660 <__bss_end>
80000020:	00000393          	li	t2,0
80000024:	0062f863          	bgeu	t0,t1,80000034 <_start+0x34>
80000028:	0072a023          	sw	t2,0(t0)
8000002c:	00428293          	addi	t0,t0,4
80000030:	ff5ff06f          	j	80000024 <_start+0x24>
80000034:	00005297          	auipc	t0,0x5
80000038:	9cc28293          	addi	t0,t0,-1588 # 80004a00 <freertos_risc_v_trap_handler>
8000003c:	30529073          	csrw	mtvec,t0
80000040:	00000097          	auipc	ra,0x0
80000044:	18c080e7          	jalr	396(ra) # 800001cc <main>
80000048:	00050413          	mv	s0,a0
8000004c:	0000006f          	j	8000004c <_start+0x4c>

80000050 <preflight_fail>:
80000050:	ff010113          	addi	sp,sp,-16 # 8007fff0 <__bss_end+0x79990>
80000054:	00812423          	sw	s0,8(sp)
80000058:	00112623          	sw	ra,12(sp)
8000005c:	00050413          	mv	s0,a0
80000060:	30047073          	csrci	mstatus,8
80000064:	80005537          	lui	a0,0x80005
80000068:	c8850513          	addi	a0,a0,-888 # 80004c88 <__clzsi2+0x88>
8000006c:	00000097          	auipc	ra,0x0
80000070:	274080e7          	jalr	628(ra) # 800002e0 <rtos_uart_write>
80000074:	00040513          	mv	a0,s0
80000078:	00000097          	auipc	ra,0x0
8000007c:	3d4080e7          	jalr	980(ra) # 8000044c <rtos_uart_write_line>
80000080:	00000013          	nop
80000084:	00000013          	nop
80000088:	ff9ff06f          	j	80000080 <preflight_fail+0x30>

8000008c <consumer_task>:
8000008c:	fd010113          	addi	sp,sp,-48
80000090:	01312e23          	sw	s3,28(sp)
80000094:	800059b7          	lui	s3,0x80005
80000098:	0409a503          	lw	a0,64(s3) # 80005040 <preflight_queue>
8000009c:	02812423          	sw	s0,40(sp)
800000a0:	fff00613          	li	a2,-1
800000a4:	13570437          	lui	s0,0x13570
800000a8:	00c10593          	addi	a1,sp,12
800000ac:	02912223          	sw	s1,36(sp)
800000b0:	03212023          	sw	s2,32(sp)
800000b4:	02112623          	sw	ra,44(sp)
800000b8:	00340493          	addi	s1,s0,3 # 13570003 <_start-0x6ca8fffd>
800000bc:	00100913          	li	s2,1
800000c0:	00140413          	addi	s0,s0,1
800000c4:	00001097          	auipc	ra,0x1
800000c8:	430080e7          	jalr	1072(ra) # 800014f4 <xQueueReceive>
800000cc:	03251a63          	bne	a0,s2,80000100 <consumer_task+0x74>
800000d0:	00c12783          	lw	a5,12(sp)
800000d4:	08879263          	bne	a5,s0,80000158 <consumer_task+0xcc>
800000d8:	02940c63          	beq	s0,s1,80000110 <consumer_task+0x84>
800000dc:	00003097          	auipc	ra,0x3
800000e0:	b8c080e7          	jalr	-1140(ra) # 80002c68 <vTaskDelay>
800000e4:	0409a503          	lw	a0,64(s3)
800000e8:	fff00613          	li	a2,-1
800000ec:	00c10593          	addi	a1,sp,12
800000f0:	00140413          	addi	s0,s0,1
800000f4:	00001097          	auipc	ra,0x1
800000f8:	400080e7          	jalr	1024(ra) # 800014f4 <xQueueReceive>
800000fc:	fd250ae3          	beq	a0,s2,800000d0 <consumer_task+0x44>
80000100:	80005537          	lui	a0,0x80005
80000104:	ca450513          	addi	a0,a0,-860 # 80004ca4 <__clzsi2+0xa4>
80000108:	00000097          	auipc	ra,0x0
8000010c:	f48080e7          	jalr	-184(ra) # 80000050 <preflight_fail>
80000110:	00003097          	auipc	ra,0x3
80000114:	bf0080e7          	jalr	-1040(ra) # 80002d00 <xTaskGetTickCount>
80000118:	00051a63          	bnez	a0,8000012c <consumer_task+0xa0>
8000011c:	80005537          	lui	a0,0x80005
80000120:	cc050513          	addi	a0,a0,-832 # 80004cc0 <__clzsi2+0xc0>
80000124:	00000097          	auipc	ra,0x0
80000128:	f2c080e7          	jalr	-212(ra) # 80000050 <preflight_fail>
8000012c:	30047073          	csrci	mstatus,8
80000130:	80005737          	lui	a4,0x80005
80000134:	03072783          	lw	a5,48(a4) # 80005030 <xCriticalNesting>
80000138:	80005537          	lui	a0,0x80005
8000013c:	cc850513          	addi	a0,a0,-824 # 80004cc8 <__clzsi2+0xc8>
80000140:	00178793          	addi	a5,a5,1
80000144:	02f72823          	sw	a5,48(a4)
80000148:	00000097          	auipc	ra,0x0
8000014c:	304080e7          	jalr	772(ra) # 8000044c <rtos_uart_write_line>
80000150:	00001097          	auipc	ra,0x1
80000154:	83c080e7          	jalr	-1988(ra) # 8000098c <rtos_board_request_image_reload>
80000158:	80005537          	lui	a0,0x80005
8000015c:	cb450513          	addi	a0,a0,-844 # 80004cb4 <__clzsi2+0xb4>
80000160:	00000097          	auipc	ra,0x0
80000164:	ef0080e7          	jalr	-272(ra) # 80000050 <preflight_fail>

80000168 <producer_task>:
80000168:	fe010113          	addi	sp,sp,-32
8000016c:	00812c23          	sw	s0,24(sp)
80000170:	00912a23          	sw	s1,20(sp)
80000174:	00112e23          	sw	ra,28(sp)
80000178:	135707b7          	lui	a5,0x13570
8000017c:	800054b7          	lui	s1,0x80005
80000180:	00100413          	li	s0,1
80000184:	0140006f          	j	80000198 <producer_task+0x30>
80000188:	00200513          	li	a0,2
8000018c:	00003097          	auipc	ra,0x3
80000190:	adc080e7          	jalr	-1316(ra) # 80002c68 <vTaskDelay>
80000194:	00c12783          	lw	a5,12(sp)
80000198:	0404a503          	lw	a0,64(s1) # 80005040 <preflight_queue>
8000019c:	00178793          	addi	a5,a5,1 # 13570001 <_start-0x6ca8ffff>
800001a0:	00000693          	li	a3,0
800001a4:	fff00613          	li	a2,-1
800001a8:	00c10593          	addi	a1,sp,12
800001ac:	00f12623          	sw	a5,12(sp)
800001b0:	00001097          	auipc	ra,0x1
800001b4:	db0080e7          	jalr	-592(ra) # 80000f60 <xQueueGenericSend>
800001b8:	fc8508e3          	beq	a0,s0,80000188 <producer_task+0x20>
800001bc:	80005537          	lui	a0,0x80005
800001c0:	cdc50513          	addi	a0,a0,-804 # 80004cdc <__clzsi2+0xdc>
800001c4:	00000097          	auipc	ra,0x0
800001c8:	e8c080e7          	jalr	-372(ra) # 80000050 <preflight_fail>

800001cc <main>:
800001cc:	80005537          	lui	a0,0x80005
800001d0:	ff010113          	addi	sp,sp,-16
800001d4:	ce850513          	addi	a0,a0,-792 # 80004ce8 <__clzsi2+0xe8>
800001d8:	00112623          	sw	ra,12(sp)
800001dc:	00812423          	sw	s0,8(sp)
800001e0:	00000097          	auipc	ra,0x0
800001e4:	26c080e7          	jalr	620(ra) # 8000044c <rtos_uart_write_line>
800001e8:	80005437          	lui	s0,0x80005
800001ec:	08840413          	addi	s0,s0,136 # 80005088 <queue_tcb>
800001f0:	00400593          	li	a1,4
800001f4:	00040693          	mv	a3,s0
800001f8:	04840613          	addi	a2,s0,72
800001fc:	00058513          	mv	a0,a1
80000200:	00000713          	li	a4,0
80000204:	00001097          	auipc	ra,0x1
80000208:	bd4080e7          	jalr	-1068(ra) # 80000dd8 <xQueueGenericCreateStatic>
8000020c:	800057b7          	lui	a5,0x80005
80000210:	04a7a023          	sw	a0,64(a5) # 80005040 <preflight_queue>
80000214:	08050663          	beqz	a0,800002a0 <main+0xd4>
80000218:	800055b7          	lui	a1,0x80005
8000021c:	80000537          	lui	a0,0x80000
80000220:	d1058593          	addi	a1,a1,-752 # 80004d10 <__clzsi2+0x110>
80000224:	16850513          	addi	a0,a0,360 # 80000168 <producer_task>
80000228:	05840813          	addi	a6,s0,88
8000022c:	0a040793          	addi	a5,s0,160
80000230:	00200713          	li	a4,2
80000234:	00000693          	li	a3,0
80000238:	18000613          	li	a2,384
8000023c:	00002097          	auipc	ra,0x2
80000240:	320080e7          	jalr	800(ra) # 8000255c <xTaskCreateStatic>
80000244:	04050663          	beqz	a0,80000290 <main+0xc4>
80000248:	800055b7          	lui	a1,0x80005
8000024c:	80000537          	lui	a0,0x80000
80000250:	d2858593          	addi	a1,a1,-728 # 80004d28 <__clzsi2+0x128>
80000254:	08c50513          	addi	a0,a0,140 # 8000008c <consumer_task>
80000258:	6a040813          	addi	a6,s0,1696
8000025c:	6e840793          	addi	a5,s0,1768
80000260:	00200713          	li	a4,2
80000264:	00000693          	li	a3,0
80000268:	18000613          	li	a2,384
8000026c:	00002097          	auipc	ra,0x2
80000270:	2f0080e7          	jalr	752(ra) # 8000255c <xTaskCreateStatic>
80000274:	02050e63          	beqz	a0,800002b0 <main+0xe4>
80000278:	00002097          	auipc	ra,0x2
8000027c:	6b8080e7          	jalr	1720(ra) # 80002930 <vTaskStartScheduler>
80000280:	80005537          	lui	a0,0x80005
80000284:	d4050513          	addi	a0,a0,-704 # 80004d40 <__clzsi2+0x140>
80000288:	00000097          	auipc	ra,0x0
8000028c:	dc8080e7          	jalr	-568(ra) # 80000050 <preflight_fail>
80000290:	80005537          	lui	a0,0x80005
80000294:	d2050513          	addi	a0,a0,-736 # 80004d20 <__clzsi2+0x120>
80000298:	00000097          	auipc	ra,0x0
8000029c:	db8080e7          	jalr	-584(ra) # 80000050 <preflight_fail>
800002a0:	80005537          	lui	a0,0x80005
800002a4:	d0050513          	addi	a0,a0,-768 # 80004d00 <__clzsi2+0x100>
800002a8:	00000097          	auipc	ra,0x0
800002ac:	da8080e7          	jalr	-600(ra) # 80000050 <preflight_fail>
800002b0:	80005537          	lui	a0,0x80005
800002b4:	d3850513          	addi	a0,a0,-712 # 80004d38 <__clzsi2+0x138>
800002b8:	00000097          	auipc	ra,0x0
800002bc:	d98080e7          	jalr	-616(ra) # 80000050 <preflight_fail>

800002c0 <rtos_uart_putc>:
800002c0:	40000737          	lui	a4,0x40000
800002c4:	00470713          	addi	a4,a4,4 # 40000004 <_start-0x3ffffffc>
800002c8:	400006b7          	lui	a3,0x40000
800002cc:	00072783          	lw	a5,0(a4)
800002d0:	0017f793          	andi	a5,a5,1
800002d4:	fe078ce3          	beqz	a5,800002cc <rtos_uart_putc+0xc>
800002d8:	00a6a023          	sw	a0,0(a3) # 40000000 <_start-0x40000000>
800002dc:	00008067          	ret

800002e0 <rtos_uart_write>:
800002e0:	00054783          	lbu	a5,0(a0)
800002e4:	02078e63          	beqz	a5,80000320 <rtos_uart_write+0x40>
800002e8:	40000737          	lui	a4,0x40000
800002ec:	00470713          	addi	a4,a4,4 # 40000004 <_start-0x3ffffffc>
800002f0:	00a00593          	li	a1,10
800002f4:	40000637          	lui	a2,0x40000
800002f8:	00d00813          	li	a6,13
800002fc:	02b78463          	beq	a5,a1,80000324 <rtos_uart_write+0x44>
80000300:	00054683          	lbu	a3,0(a0)
80000304:	00072783          	lw	a5,0(a4)
80000308:	0017f793          	andi	a5,a5,1
8000030c:	fe078ce3          	beqz	a5,80000304 <rtos_uart_write+0x24>
80000310:	00d62023          	sw	a3,0(a2) # 40000000 <_start-0x40000000>
80000314:	00154783          	lbu	a5,1(a0)
80000318:	00150513          	addi	a0,a0,1
8000031c:	fe0790e3          	bnez	a5,800002fc <rtos_uart_write+0x1c>
80000320:	00008067          	ret
80000324:	00072783          	lw	a5,0(a4)
80000328:	0017f793          	andi	a5,a5,1
8000032c:	fe078ce3          	beqz	a5,80000324 <rtos_uart_write+0x44>
80000330:	01062023          	sw	a6,0(a2)
80000334:	fcdff06f          	j	80000300 <rtos_uart_write+0x20>

80000338 <rtos_uart_write_u32>:
80000338:	06050e63          	beqz	a0,800003b4 <rtos_uart_write_u32+0x7c>
8000033c:	ff010113          	addi	sp,sp,-16
80000340:	00410813          	addi	a6,sp,4
80000344:	ccccd5b7          	lui	a1,0xccccd
80000348:	00080693          	mv	a3,a6
8000034c:	ccd58593          	addi	a1,a1,-819 # cccccccd <__stack_top+0x4cc4cccd>
80000350:	00900893          	li	a7,9
80000354:	02b537b3          	mulhu	a5,a0,a1
80000358:	00050613          	mv	a2,a0
8000035c:	00168693          	addi	a3,a3,1
80000360:	0037d793          	srli	a5,a5,0x3
80000364:	00279713          	slli	a4,a5,0x2
80000368:	00f70733          	add	a4,a4,a5
8000036c:	00171713          	slli	a4,a4,0x1
80000370:	40e50533          	sub	a0,a0,a4
80000374:	03050513          	addi	a0,a0,48
80000378:	fea68fa3          	sb	a0,-1(a3)
8000037c:	00078513          	mv	a0,a5
80000380:	fcc8eae3          	bltu	a7,a2,80000354 <rtos_uart_write_u32+0x1c>
80000384:	40000737          	lui	a4,0x40000
80000388:	00470713          	addi	a4,a4,4 # 40000004 <_start-0x3ffffffc>
8000038c:	400005b7          	lui	a1,0x40000
80000390:	fff6c603          	lbu	a2,-1(a3)
80000394:	00072783          	lw	a5,0(a4)
80000398:	0017f793          	andi	a5,a5,1
8000039c:	fe078ce3          	beqz	a5,80000394 <rtos_uart_write_u32+0x5c>
800003a0:	00c5a023          	sw	a2,0(a1) # 40000000 <_start-0x40000000>
800003a4:	fff68693          	addi	a3,a3,-1
800003a8:	fed814e3          	bne	a6,a3,80000390 <rtos_uart_write_u32+0x58>
800003ac:	01010113          	addi	sp,sp,16
800003b0:	00008067          	ret
800003b4:	40000737          	lui	a4,0x40000
800003b8:	00470713          	addi	a4,a4,4 # 40000004 <_start-0x3ffffffc>
800003bc:	400006b7          	lui	a3,0x40000
800003c0:	00072783          	lw	a5,0(a4)
800003c4:	0017f793          	andi	a5,a5,1
800003c8:	fe078ce3          	beqz	a5,800003c0 <rtos_uart_write_u32+0x88>
800003cc:	03000793          	li	a5,48
800003d0:	00f6a023          	sw	a5,0(a3) # 40000000 <_start-0x40000000>
800003d4:	00008067          	ret

800003d8 <rtos_uart_write_hex32>:
800003d8:	ff010113          	addi	sp,sp,-16
800003dc:	800057b7          	lui	a5,0x80005
800003e0:	00812423          	sw	s0,8(sp)
800003e4:	00050413          	mv	s0,a0
800003e8:	d5478513          	addi	a0,a5,-684 # 80004d54 <__clzsi2+0x154>
800003ec:	00112623          	sw	ra,12(sp)
800003f0:	00000097          	auipc	ra,0x0
800003f4:	ef0080e7          	jalr	-272(ra) # 800002e0 <rtos_uart_write>
800003f8:	800055b7          	lui	a1,0x80005
800003fc:	40000737          	lui	a4,0x40000
80000400:	ee058593          	addi	a1,a1,-288 # 80004ee0 <hex.0>
80000404:	00470713          	addi	a4,a4,4 # 40000004 <_start-0x3ffffffc>
80000408:	01c00693          	li	a3,28
8000040c:	40000537          	lui	a0,0x40000
80000410:	00d457b3          	srl	a5,s0,a3
80000414:	00f7f793          	andi	a5,a5,15
80000418:	00f587b3          	add	a5,a1,a5
8000041c:	0007c603          	lbu	a2,0(a5)
80000420:	00072783          	lw	a5,0(a4)
80000424:	0017f793          	andi	a5,a5,1
80000428:	fe078ce3          	beqz	a5,80000420 <rtos_uart_write_hex32+0x48>
8000042c:	00c52023          	sw	a2,0(a0) # 40000000 <_start-0x40000000>
80000430:	00068663          	beqz	a3,8000043c <rtos_uart_write_hex32+0x64>
80000434:	ffc68693          	addi	a3,a3,-4
80000438:	fd9ff06f          	j	80000410 <rtos_uart_write_hex32+0x38>
8000043c:	00c12083          	lw	ra,12(sp)
80000440:	00812403          	lw	s0,8(sp)
80000444:	01010113          	addi	sp,sp,16
80000448:	00008067          	ret

8000044c <rtos_uart_write_line>:
8000044c:	ff010113          	addi	sp,sp,-16
80000450:	00112623          	sw	ra,12(sp)
80000454:	00000097          	auipc	ra,0x0
80000458:	e8c080e7          	jalr	-372(ra) # 800002e0 <rtos_uart_write>
8000045c:	00c12083          	lw	ra,12(sp)
80000460:	80005537          	lui	a0,0x80005
80000464:	d5850513          	addi	a0,a0,-680 # 80004d58 <__clzsi2+0x158>
80000468:	01010113          	addi	sp,sp,16
8000046c:	00000317          	auipc	t1,0x0
80000470:	e7430067          	jr	-396(t1) # 800002e0 <rtos_uart_write>

80000474 <rtos_uart_wait_tx_idle>:
80000474:	40000737          	lui	a4,0x40000
80000478:	00470713          	addi	a4,a4,4 # 40000004 <_start-0x3ffffffc>
8000047c:	00072783          	lw	a5,0(a4)
80000480:	0017f793          	andi	a5,a5,1
80000484:	fe078ce3          	beqz	a5,8000047c <rtos_uart_wait_tx_idle+0x8>
80000488:	00008067          	ret

8000048c <rtos_uart_try_getc>:
8000048c:	400007b7          	lui	a5,0x40000
80000490:	00c78793          	addi	a5,a5,12 # 4000000c <_start-0x3ffffff4>
80000494:	0007a783          	lw	a5,0(a5)
80000498:	00058863          	beqz	a1,800004a8 <rtos_uart_try_getc+0x1c>
8000049c:	0017d713          	srli	a4,a5,0x1
800004a0:	00177713          	andi	a4,a4,1
800004a4:	00e5a023          	sw	a4,0(a1)
800004a8:	0017f793          	andi	a5,a5,1
800004ac:	00000713          	li	a4,0
800004b0:	00078c63          	beqz	a5,800004c8 <rtos_uart_try_getc+0x3c>
800004b4:	400007b7          	lui	a5,0x40000
800004b8:	00878793          	addi	a5,a5,8 # 40000008 <_start-0x3ffffff8>
800004bc:	0007a783          	lw	a5,0(a5)
800004c0:	00100713          	li	a4,1
800004c4:	00f50023          	sb	a5,0(a0)
800004c8:	00070513          	mv	a0,a4
800004cc:	00008067          	ret

800004d0 <vAssertCalled>:
800004d0:	fe010113          	addi	sp,sp,-32
800004d4:	01212823          	sw	s2,16(sp)
800004d8:	01312623          	sw	s3,12(sp)
800004dc:	00112e23          	sw	ra,28(sp)
800004e0:	00812c23          	sw	s0,24(sp)
800004e4:	00912a23          	sw	s1,20(sp)
800004e8:	00050993          	mv	s3,a0
800004ec:	00058913          	mv	s2,a1
800004f0:	00008493          	mv	s1,ra
800004f4:	00010413          	mv	s0,sp
800004f8:	30047073          	csrci	mstatus,8
800004fc:	80005537          	lui	a0,0x80005
80000500:	d5c50513          	addi	a0,a0,-676 # 80004d5c <__clzsi2+0x15c>
80000504:	00000097          	auipc	ra,0x0
80000508:	ddc080e7          	jalr	-548(ra) # 800002e0 <rtos_uart_write>
8000050c:	00098513          	mv	a0,s3
80000510:	00000097          	auipc	ra,0x0
80000514:	ec8080e7          	jalr	-312(ra) # 800003d8 <rtos_uart_write_hex32>
80000518:	80005537          	lui	a0,0x80005
8000051c:	d7050513          	addi	a0,a0,-656 # 80004d70 <__clzsi2+0x170>
80000520:	00000097          	auipc	ra,0x0
80000524:	dc0080e7          	jalr	-576(ra) # 800002e0 <rtos_uart_write>
80000528:	00090513          	mv	a0,s2
8000052c:	00000097          	auipc	ra,0x0
80000530:	eac080e7          	jalr	-340(ra) # 800003d8 <rtos_uart_write_hex32>
80000534:	80005537          	lui	a0,0x80005
80000538:	d7850513          	addi	a0,a0,-648 # 80004d78 <__clzsi2+0x178>
8000053c:	00000097          	auipc	ra,0x0
80000540:	da4080e7          	jalr	-604(ra) # 800002e0 <rtos_uart_write>
80000544:	00048513          	mv	a0,s1
80000548:	00000097          	auipc	ra,0x0
8000054c:	e90080e7          	jalr	-368(ra) # 800003d8 <rtos_uart_write_hex32>
80000550:	80005537          	lui	a0,0x80005
80000554:	d8050513          	addi	a0,a0,-640 # 80004d80 <__clzsi2+0x180>
80000558:	00000097          	auipc	ra,0x0
8000055c:	d88080e7          	jalr	-632(ra) # 800002e0 <rtos_uart_write>
80000560:	800057b7          	lui	a5,0x80005
80000564:	0747a503          	lw	a0,116(a5) # 80005074 <pxCurrentTCB>
80000568:	00000097          	auipc	ra,0x0
8000056c:	e70080e7          	jalr	-400(ra) # 800003d8 <rtos_uart_write_hex32>
80000570:	80005537          	lui	a0,0x80005
80000574:	d8850513          	addi	a0,a0,-632 # 80004d88 <__clzsi2+0x188>
80000578:	00000097          	auipc	ra,0x0
8000057c:	d68080e7          	jalr	-664(ra) # 800002e0 <rtos_uart_write>
80000580:	00040513          	mv	a0,s0
80000584:	00000097          	auipc	ra,0x0
80000588:	e54080e7          	jalr	-428(ra) # 800003d8 <rtos_uart_write_hex32>
8000058c:	80005537          	lui	a0,0x80005
80000590:	d5850513          	addi	a0,a0,-680 # 80004d58 <__clzsi2+0x158>
80000594:	00000097          	auipc	ra,0x0
80000598:	d4c080e7          	jalr	-692(ra) # 800002e0 <rtos_uart_write>
8000059c:	00000013          	nop
800005a0:	00000013          	nop
800005a4:	ff9ff06f          	j	8000059c <vAssertCalled+0xcc>

800005a8 <vApplicationGetIdleTaskMemory>:
800005a8:	800067b7          	lui	a5,0x80006
800005ac:	d7078793          	addi	a5,a5,-656 # 80005d70 <idle_tcb>
800005b0:	00f52023          	sw	a5,0(a0)
800005b4:	04878793          	addi	a5,a5,72
800005b8:	00f5a023          	sw	a5,0(a1)
800005bc:	10000793          	li	a5,256
800005c0:	00f62023          	sw	a5,0(a2)
800005c4:	00008067          	ret

800005c8 <vApplicationStackOverflowHook>:
800005c8:	ff010113          	addi	sp,sp,-16
800005cc:	00812423          	sw	s0,8(sp)
800005d0:	00112623          	sw	ra,12(sp)
800005d4:	00058413          	mv	s0,a1
800005d8:	30047073          	csrci	mstatus,8
800005dc:	80005537          	lui	a0,0x80005
800005e0:	d9c50513          	addi	a0,a0,-612 # 80004d9c <__clzsi2+0x19c>
800005e4:	00000097          	auipc	ra,0x0
800005e8:	cfc080e7          	jalr	-772(ra) # 800002e0 <rtos_uart_write>
800005ec:	00040e63          	beqz	s0,80000608 <vApplicationStackOverflowHook+0x40>
800005f0:	00040513          	mv	a0,s0
800005f4:	00000097          	auipc	ra,0x0
800005f8:	e58080e7          	jalr	-424(ra) # 8000044c <rtos_uart_write_line>
800005fc:	00000013          	nop
80000600:	00000013          	nop
80000604:	ff9ff06f          	j	800005fc <vApplicationStackOverflowHook+0x34>
80000608:	80005437          	lui	s0,0x80005
8000060c:	d9040413          	addi	s0,s0,-624 # 80004d90 <__clzsi2+0x190>
80000610:	fe1ff06f          	j	800005f0 <vApplicationStackOverflowHook+0x28>

80000614 <freertos_risc_v_application_exception_handler>:
80000614:	fe010113          	addi	sp,sp,-32
80000618:	01512223          	sw	s5,4(sp)
8000061c:	01612023          	sw	s6,0(sp)
80000620:	00112e23          	sw	ra,28(sp)
80000624:	00812c23          	sw	s0,24(sp)
80000628:	00912a23          	sw	s1,20(sp)
8000062c:	01212823          	sw	s2,16(sp)
80000630:	01312623          	sw	s3,12(sp)
80000634:	01412423          	sw	s4,8(sp)
80000638:	00050b13          	mv	s6,a0
8000063c:	00058a93          	mv	s5,a1
80000640:	00010413          	mv	s0,sp
80000644:	34302a73          	csrr	s4,mtval
80000648:	300029f3          	csrr	s3,mstatus
8000064c:	30402973          	csrr	s2,mie
80000650:	344024f3          	csrr	s1,mip
80000654:	30047073          	csrci	mstatus,8
80000658:	80005537          	lui	a0,0x80005
8000065c:	db450513          	addi	a0,a0,-588 # 80004db4 <__clzsi2+0x1b4>
80000660:	00000097          	auipc	ra,0x0
80000664:	c80080e7          	jalr	-896(ra) # 800002e0 <rtos_uart_write>
80000668:	000b0513          	mv	a0,s6
8000066c:	00000097          	auipc	ra,0x0
80000670:	d6c080e7          	jalr	-660(ra) # 800003d8 <rtos_uart_write_hex32>
80000674:	80005537          	lui	a0,0x80005
80000678:	dd050513          	addi	a0,a0,-560 # 80004dd0 <__clzsi2+0x1d0>
8000067c:	00000097          	auipc	ra,0x0
80000680:	c64080e7          	jalr	-924(ra) # 800002e0 <rtos_uart_write>
80000684:	000a8513          	mv	a0,s5
80000688:	00000097          	auipc	ra,0x0
8000068c:	d50080e7          	jalr	-688(ra) # 800003d8 <rtos_uart_write_hex32>
80000690:	80005537          	lui	a0,0x80005
80000694:	dd850513          	addi	a0,a0,-552 # 80004dd8 <__clzsi2+0x1d8>
80000698:	00000097          	auipc	ra,0x0
8000069c:	c48080e7          	jalr	-952(ra) # 800002e0 <rtos_uart_write>
800006a0:	000a0513          	mv	a0,s4
800006a4:	00000097          	auipc	ra,0x0
800006a8:	d34080e7          	jalr	-716(ra) # 800003d8 <rtos_uart_write_hex32>
800006ac:	80005537          	lui	a0,0x80005
800006b0:	de050513          	addi	a0,a0,-544 # 80004de0 <__clzsi2+0x1e0>
800006b4:	00000097          	auipc	ra,0x0
800006b8:	c2c080e7          	jalr	-980(ra) # 800002e0 <rtos_uart_write>
800006bc:	00098513          	mv	a0,s3
800006c0:	00000097          	auipc	ra,0x0
800006c4:	d18080e7          	jalr	-744(ra) # 800003d8 <rtos_uart_write_hex32>
800006c8:	80005537          	lui	a0,0x80005
800006cc:	dec50513          	addi	a0,a0,-532 # 80004dec <__clzsi2+0x1ec>
800006d0:	00000097          	auipc	ra,0x0
800006d4:	c10080e7          	jalr	-1008(ra) # 800002e0 <rtos_uart_write>
800006d8:	00090513          	mv	a0,s2
800006dc:	00000097          	auipc	ra,0x0
800006e0:	cfc080e7          	jalr	-772(ra) # 800003d8 <rtos_uart_write_hex32>
800006e4:	80005537          	lui	a0,0x80005
800006e8:	df450513          	addi	a0,a0,-524 # 80004df4 <__clzsi2+0x1f4>
800006ec:	00000097          	auipc	ra,0x0
800006f0:	bf4080e7          	jalr	-1036(ra) # 800002e0 <rtos_uart_write>
800006f4:	00048513          	mv	a0,s1
800006f8:	00000097          	auipc	ra,0x0
800006fc:	ce0080e7          	jalr	-800(ra) # 800003d8 <rtos_uart_write_hex32>
80000700:	80005537          	lui	a0,0x80005
80000704:	d8050513          	addi	a0,a0,-640 # 80004d80 <__clzsi2+0x180>
80000708:	00000097          	auipc	ra,0x0
8000070c:	bd8080e7          	jalr	-1064(ra) # 800002e0 <rtos_uart_write>
80000710:	800057b7          	lui	a5,0x80005
80000714:	0747a503          	lw	a0,116(a5) # 80005074 <pxCurrentTCB>
80000718:	00000097          	auipc	ra,0x0
8000071c:	cc0080e7          	jalr	-832(ra) # 800003d8 <rtos_uart_write_hex32>
80000720:	80005537          	lui	a0,0x80005
80000724:	d8850513          	addi	a0,a0,-632 # 80004d88 <__clzsi2+0x188>
80000728:	00000097          	auipc	ra,0x0
8000072c:	bb8080e7          	jalr	-1096(ra) # 800002e0 <rtos_uart_write>
80000730:	00040513          	mv	a0,s0
80000734:	00000097          	auipc	ra,0x0
80000738:	ca4080e7          	jalr	-860(ra) # 800003d8 <rtos_uart_write_hex32>
8000073c:	80005537          	lui	a0,0x80005
80000740:	d5850513          	addi	a0,a0,-680 # 80004d58 <__clzsi2+0x158>
80000744:	00000097          	auipc	ra,0x0
80000748:	b9c080e7          	jalr	-1124(ra) # 800002e0 <rtos_uart_write>
8000074c:	00000013          	nop
80000750:	00000013          	nop
80000754:	ff9ff06f          	j	8000074c <freertos_risc_v_application_exception_handler+0x138>

80000758 <freertos_risc_v_application_interrupt_handler>:
80000758:	fe010113          	addi	sp,sp,-32
8000075c:	01612023          	sw	s6,0(sp)
80000760:	00112e23          	sw	ra,28(sp)
80000764:	00812c23          	sw	s0,24(sp)
80000768:	00912a23          	sw	s1,20(sp)
8000076c:	01212823          	sw	s2,16(sp)
80000770:	01312623          	sw	s3,12(sp)
80000774:	01412423          	sw	s4,8(sp)
80000778:	01512223          	sw	s5,4(sp)
8000077c:	00050b13          	mv	s6,a0
80000780:	00010413          	mv	s0,sp
80000784:	34102af3          	csrr	s5,mepc
80000788:	34302a73          	csrr	s4,mtval
8000078c:	300029f3          	csrr	s3,mstatus
80000790:	30402973          	csrr	s2,mie
80000794:	344024f3          	csrr	s1,mip
80000798:	30047073          	csrci	mstatus,8
8000079c:	80005537          	lui	a0,0x80005
800007a0:	dfc50513          	addi	a0,a0,-516 # 80004dfc <__clzsi2+0x1fc>
800007a4:	00000097          	auipc	ra,0x0
800007a8:	b3c080e7          	jalr	-1220(ra) # 800002e0 <rtos_uart_write>
800007ac:	000b0513          	mv	a0,s6
800007b0:	00000097          	auipc	ra,0x0
800007b4:	c28080e7          	jalr	-984(ra) # 800003d8 <rtos_uart_write_hex32>
800007b8:	80005537          	lui	a0,0x80005
800007bc:	dd050513          	addi	a0,a0,-560 # 80004dd0 <__clzsi2+0x1d0>
800007c0:	00000097          	auipc	ra,0x0
800007c4:	b20080e7          	jalr	-1248(ra) # 800002e0 <rtos_uart_write>
800007c8:	000a8513          	mv	a0,s5
800007cc:	00000097          	auipc	ra,0x0
800007d0:	c0c080e7          	jalr	-1012(ra) # 800003d8 <rtos_uart_write_hex32>
800007d4:	80005537          	lui	a0,0x80005
800007d8:	dd850513          	addi	a0,a0,-552 # 80004dd8 <__clzsi2+0x1d8>
800007dc:	00000097          	auipc	ra,0x0
800007e0:	b04080e7          	jalr	-1276(ra) # 800002e0 <rtos_uart_write>
800007e4:	000a0513          	mv	a0,s4
800007e8:	00000097          	auipc	ra,0x0
800007ec:	bf0080e7          	jalr	-1040(ra) # 800003d8 <rtos_uart_write_hex32>
800007f0:	80005537          	lui	a0,0x80005
800007f4:	de050513          	addi	a0,a0,-544 # 80004de0 <__clzsi2+0x1e0>
800007f8:	00000097          	auipc	ra,0x0
800007fc:	ae8080e7          	jalr	-1304(ra) # 800002e0 <rtos_uart_write>
80000800:	00098513          	mv	a0,s3
80000804:	00000097          	auipc	ra,0x0
80000808:	bd4080e7          	jalr	-1068(ra) # 800003d8 <rtos_uart_write_hex32>
8000080c:	80005537          	lui	a0,0x80005
80000810:	dec50513          	addi	a0,a0,-532 # 80004dec <__clzsi2+0x1ec>
80000814:	00000097          	auipc	ra,0x0
80000818:	acc080e7          	jalr	-1332(ra) # 800002e0 <rtos_uart_write>
8000081c:	00090513          	mv	a0,s2
80000820:	00000097          	auipc	ra,0x0
80000824:	bb8080e7          	jalr	-1096(ra) # 800003d8 <rtos_uart_write_hex32>
80000828:	80005537          	lui	a0,0x80005
8000082c:	df450513          	addi	a0,a0,-524 # 80004df4 <__clzsi2+0x1f4>
80000830:	00000097          	auipc	ra,0x0
80000834:	ab0080e7          	jalr	-1360(ra) # 800002e0 <rtos_uart_write>
80000838:	00048513          	mv	a0,s1
8000083c:	00000097          	auipc	ra,0x0
80000840:	b9c080e7          	jalr	-1124(ra) # 800003d8 <rtos_uart_write_hex32>
80000844:	80005537          	lui	a0,0x80005
80000848:	d8050513          	addi	a0,a0,-640 # 80004d80 <__clzsi2+0x180>
8000084c:	00000097          	auipc	ra,0x0
80000850:	a94080e7          	jalr	-1388(ra) # 800002e0 <rtos_uart_write>
80000854:	800057b7          	lui	a5,0x80005
80000858:	0747a503          	lw	a0,116(a5) # 80005074 <pxCurrentTCB>
8000085c:	00000097          	auipc	ra,0x0
80000860:	b7c080e7          	jalr	-1156(ra) # 800003d8 <rtos_uart_write_hex32>
80000864:	80005537          	lui	a0,0x80005
80000868:	d8850513          	addi	a0,a0,-632 # 80004d88 <__clzsi2+0x188>
8000086c:	00000097          	auipc	ra,0x0
80000870:	a74080e7          	jalr	-1420(ra) # 800002e0 <rtos_uart_write>
80000874:	00040513          	mv	a0,s0
80000878:	00000097          	auipc	ra,0x0
8000087c:	b60080e7          	jalr	-1184(ra) # 800003d8 <rtos_uart_write_hex32>
80000880:	80005537          	lui	a0,0x80005
80000884:	d5850513          	addi	a0,a0,-680 # 80004d58 <__clzsi2+0x158>
80000888:	00000097          	auipc	ra,0x0
8000088c:	a58080e7          	jalr	-1448(ra) # 800002e0 <rtos_uart_write>
80000890:	00000013          	nop
80000894:	00000013          	nop
80000898:	ff9ff06f          	j	80000890 <freertos_risc_v_application_interrupt_handler+0x138>

8000089c <memset>:
8000089c:	00050793          	mv	a5,a0
800008a0:	00c50733          	add	a4,a0,a2
800008a4:	00060863          	beqz	a2,800008b4 <memset+0x18>
800008a8:	00b78023          	sb	a1,0(a5)
800008ac:	00178793          	addi	a5,a5,1
800008b0:	fee79ce3          	bne	a5,a4,800008a8 <memset+0xc>
800008b4:	00008067          	ret

800008b8 <memcpy>:
800008b8:	02060063          	beqz	a2,800008d8 <memcpy+0x20>
800008bc:	00c58633          	add	a2,a1,a2
800008c0:	00050793          	mv	a5,a0
800008c4:	0005c703          	lbu	a4,0(a1)
800008c8:	00158593          	addi	a1,a1,1
800008cc:	00178793          	addi	a5,a5,1
800008d0:	fee78fa3          	sb	a4,-1(a5)
800008d4:	fec598e3          	bne	a1,a2,800008c4 <memcpy+0xc>
800008d8:	00008067          	ret

800008dc <memmove>:
800008dc:	04b50263          	beq	a0,a1,80000920 <memmove+0x44>
800008e0:	04060063          	beqz	a2,80000920 <memmove+0x44>
800008e4:	02b57263          	bgeu	a0,a1,80000908 <memmove+0x2c>
800008e8:	00000793          	li	a5,0
800008ec:	00f58733          	add	a4,a1,a5
800008f0:	00074683          	lbu	a3,0(a4)
800008f4:	00f50733          	add	a4,a0,a5
800008f8:	00178793          	addi	a5,a5,1
800008fc:	00d70023          	sb	a3,0(a4)
80000900:	fec7e6e3          	bltu	a5,a2,800008ec <memmove+0x10>
80000904:	00008067          	ret
80000908:	fff60613          	addi	a2,a2,-1
8000090c:	00c587b3          	add	a5,a1,a2
80000910:	0007c703          	lbu	a4,0(a5)
80000914:	00c507b3          	add	a5,a0,a2
80000918:	00e78023          	sb	a4,0(a5)
8000091c:	fe0616e3          	bnez	a2,80000908 <memmove+0x2c>
80000920:	00008067          	ret

80000924 <memcmp>:
80000924:	02060663          	beqz	a2,80000950 <memcmp+0x2c>
80000928:	00c50633          	add	a2,a0,a2
8000092c:	0080006f          	j	80000934 <memcmp+0x10>
80000930:	02c50063          	beq	a0,a2,80000950 <memcmp+0x2c>
80000934:	00054783          	lbu	a5,0(a0)
80000938:	0005c703          	lbu	a4,0(a1)
8000093c:	00150513          	addi	a0,a0,1
80000940:	00158593          	addi	a1,a1,1
80000944:	fee786e3          	beq	a5,a4,80000930 <memcmp+0xc>
80000948:	40e78533          	sub	a0,a5,a4
8000094c:	00008067          	ret
80000950:	00000513          	li	a0,0
80000954:	00008067          	ret

80000958 <strlen>:
80000958:	00054783          	lbu	a5,0(a0)
8000095c:	00078c63          	beqz	a5,80000974 <strlen+0x1c>
80000960:	00000793          	li	a5,0
80000964:	00178793          	addi	a5,a5,1
80000968:	00f50733          	add	a4,a0,a5
8000096c:	00074703          	lbu	a4,0(a4)
80000970:	fe071ae3          	bnez	a4,80000964 <strlen+0xc>
80000974:	00078513          	mv	a0,a5
80000978:	00008067          	ret

8000097c <rtos_board_disable_external_interrupts>:
8000097c:	000017b7          	lui	a5,0x1
80000980:	80078793          	addi	a5,a5,-2048 # 800 <_start-0x7ffff800>
80000984:	3047b073          	csrc	mie,a5
80000988:	00008067          	ret

8000098c <rtos_board_request_image_reload>:
8000098c:	ff010113          	addi	sp,sp,-16
80000990:	00112623          	sw	ra,12(sp)
80000994:	00000097          	auipc	ra,0x0
80000998:	ae0080e7          	jalr	-1312(ra) # 80000474 <rtos_uart_wait_tx_idle>
8000099c:	0ff0000f          	fence
800009a0:	400007b7          	lui	a5,0x40000
800009a4:	00100713          	li	a4,1
800009a8:	00e7aa23          	sw	a4,20(a5) # 40000014 <_start-0x3fffffec>
800009ac:	0ff0000f          	fence
800009b0:	00000013          	nop
800009b4:	00000013          	nop
800009b8:	ff9ff06f          	j	800009b0 <rtos_board_request_image_reload+0x24>

800009bc <vListInitialise>:
800009bc:	00850793          	addi	a5,a0,8
800009c0:	fff00713          	li	a4,-1
800009c4:	00052023          	sw	zero,0(a0)
800009c8:	00e52423          	sw	a4,8(a0)
800009cc:	00f52223          	sw	a5,4(a0)
800009d0:	00f52623          	sw	a5,12(a0)
800009d4:	00f52823          	sw	a5,16(a0)
800009d8:	00008067          	ret

800009dc <vListInitialiseItem>:
800009dc:	00052823          	sw	zero,16(a0)
800009e0:	00008067          	ret

800009e4 <vListInsertEnd>:
800009e4:	00452703          	lw	a4,4(a0)
800009e8:	00052783          	lw	a5,0(a0)
800009ec:	00872683          	lw	a3,8(a4)
800009f0:	00e5a223          	sw	a4,4(a1)
800009f4:	00178793          	addi	a5,a5,1
800009f8:	00d5a423          	sw	a3,8(a1)
800009fc:	00b6a223          	sw	a1,4(a3)
80000a00:	00b72423          	sw	a1,8(a4)
80000a04:	00a5a823          	sw	a0,16(a1)
80000a08:	00f52023          	sw	a5,0(a0)
80000a0c:	00008067          	ret

80000a10 <vListInsert>:
80000a10:	0005a603          	lw	a2,0(a1)
80000a14:	fff00713          	li	a4,-1
80000a18:	00850793          	addi	a5,a0,8
80000a1c:	02e60c63          	beq	a2,a4,80000a54 <vListInsert+0x44>
80000a20:	00078693          	mv	a3,a5
80000a24:	0047a783          	lw	a5,4(a5)
80000a28:	0007a703          	lw	a4,0(a5)
80000a2c:	fee67ae3          	bgeu	a2,a4,80000a20 <vListInsert+0x10>
80000a30:	00f5a223          	sw	a5,4(a1)
80000a34:	00b7a423          	sw	a1,8(a5)
80000a38:	00052783          	lw	a5,0(a0)
80000a3c:	00d5a423          	sw	a3,8(a1)
80000a40:	00b6a223          	sw	a1,4(a3)
80000a44:	00a5a823          	sw	a0,16(a1)
80000a48:	00178793          	addi	a5,a5,1
80000a4c:	00f52023          	sw	a5,0(a0)
80000a50:	00008067          	ret
80000a54:	01052683          	lw	a3,16(a0)
80000a58:	0046a783          	lw	a5,4(a3)
80000a5c:	fd5ff06f          	j	80000a30 <vListInsert+0x20>

80000a60 <uxListRemove>:
80000a60:	01052703          	lw	a4,16(a0)
80000a64:	00452683          	lw	a3,4(a0)
80000a68:	00852783          	lw	a5,8(a0)
80000a6c:	00472603          	lw	a2,4(a4)
80000a70:	00f6a423          	sw	a5,8(a3)
80000a74:	00d7a223          	sw	a3,4(a5)
80000a78:	00a60c63          	beq	a2,a0,80000a90 <uxListRemove+0x30>
80000a7c:	00072783          	lw	a5,0(a4)
80000a80:	00052823          	sw	zero,16(a0)
80000a84:	fff78513          	addi	a0,a5,-1
80000a88:	00a72023          	sw	a0,0(a4)
80000a8c:	00008067          	ret
80000a90:	00f72223          	sw	a5,4(a4)
80000a94:	00072783          	lw	a5,0(a4)
80000a98:	00052823          	sw	zero,16(a0)
80000a9c:	fff78513          	addi	a0,a5,-1
80000aa0:	00a72023          	sw	a0,0(a4)
80000aa4:	00008067          	ret

80000aa8 <prvUnlockQueue>:
80000aa8:	fe010113          	addi	sp,sp,-32
80000aac:	00912a23          	sw	s1,20(sp)
80000ab0:	00112e23          	sw	ra,28(sp)
80000ab4:	00812c23          	sw	s0,24(sp)
80000ab8:	01212823          	sw	s2,16(sp)
80000abc:	00050493          	mv	s1,a0
80000ac0:	30047073          	csrci	mstatus,8
80000ac4:	80005937          	lui	s2,0x80005
80000ac8:	03092783          	lw	a5,48(s2) # 80005030 <xCriticalNesting>
80000acc:	04554403          	lbu	s0,69(a0)
80000ad0:	00178713          	addi	a4,a5,1
80000ad4:	01841413          	slli	s0,s0,0x18
80000ad8:	41845413          	srai	s0,s0,0x18
80000adc:	02e92823          	sw	a4,48(s2)
80000ae0:	00804a63          	bgtz	s0,80000af4 <prvUnlockQueue+0x4c>
80000ae4:	0440006f          	j	80000b28 <prvUnlockQueue+0x80>
80000ae8:	fff40413          	addi	s0,s0,-1
80000aec:	0ff47413          	zext.b	s0,s0
80000af0:	02040863          	beqz	s0,80000b20 <prvUnlockQueue+0x78>
80000af4:	0244a783          	lw	a5,36(s1)
80000af8:	02448513          	addi	a0,s1,36
80000afc:	02078263          	beqz	a5,80000b20 <prvUnlockQueue+0x78>
80000b00:	00002097          	auipc	ra,0x2
80000b04:	680080e7          	jalr	1664(ra) # 80003180 <xTaskRemoveFromEventList>
80000b08:	fe0500e3          	beqz	a0,80000ae8 <prvUnlockQueue+0x40>
80000b0c:	fff40413          	addi	s0,s0,-1
80000b10:	0ff47413          	zext.b	s0,s0
80000b14:	00003097          	auipc	ra,0x3
80000b18:	b0c080e7          	jalr	-1268(ra) # 80003620 <vTaskMissedYield>
80000b1c:	fc041ce3          	bnez	s0,80000af4 <prvUnlockQueue+0x4c>
80000b20:	03092783          	lw	a5,48(s2)
80000b24:	fff78793          	addi	a5,a5,-1
80000b28:	fff00713          	li	a4,-1
80000b2c:	02f92823          	sw	a5,48(s2)
80000b30:	04e482a3          	sb	a4,69(s1)
80000b34:	00079463          	bnez	a5,80000b3c <prvUnlockQueue+0x94>
80000b38:	30046073          	csrsi	mstatus,8
80000b3c:	30047073          	csrci	mstatus,8
80000b40:	03092783          	lw	a5,48(s2)
80000b44:	0444c403          	lbu	s0,68(s1)
80000b48:	00178713          	addi	a4,a5,1
80000b4c:	01841413          	slli	s0,s0,0x18
80000b50:	41845413          	srai	s0,s0,0x18
80000b54:	02e92823          	sw	a4,48(s2)
80000b58:	00804a63          	bgtz	s0,80000b6c <prvUnlockQueue+0xc4>
80000b5c:	0440006f          	j	80000ba0 <prvUnlockQueue+0xf8>
80000b60:	fff40413          	addi	s0,s0,-1
80000b64:	0ff47413          	zext.b	s0,s0
80000b68:	02040863          	beqz	s0,80000b98 <prvUnlockQueue+0xf0>
80000b6c:	0104a783          	lw	a5,16(s1)
80000b70:	01048513          	addi	a0,s1,16
80000b74:	02078263          	beqz	a5,80000b98 <prvUnlockQueue+0xf0>
80000b78:	00002097          	auipc	ra,0x2
80000b7c:	608080e7          	jalr	1544(ra) # 80003180 <xTaskRemoveFromEventList>
80000b80:	fe0500e3          	beqz	a0,80000b60 <prvUnlockQueue+0xb8>
80000b84:	fff40413          	addi	s0,s0,-1
80000b88:	0ff47413          	zext.b	s0,s0
80000b8c:	00003097          	auipc	ra,0x3
80000b90:	a94080e7          	jalr	-1388(ra) # 80003620 <vTaskMissedYield>
80000b94:	fc041ce3          	bnez	s0,80000b6c <prvUnlockQueue+0xc4>
80000b98:	03092783          	lw	a5,48(s2)
80000b9c:	fff78793          	addi	a5,a5,-1
80000ba0:	fff00713          	li	a4,-1
80000ba4:	02f92823          	sw	a5,48(s2)
80000ba8:	04e48223          	sb	a4,68(s1)
80000bac:	00079463          	bnez	a5,80000bb4 <prvUnlockQueue+0x10c>
80000bb0:	30046073          	csrsi	mstatus,8
80000bb4:	01c12083          	lw	ra,28(sp)
80000bb8:	01812403          	lw	s0,24(sp)
80000bbc:	01412483          	lw	s1,20(sp)
80000bc0:	01012903          	lw	s2,16(sp)
80000bc4:	02010113          	addi	sp,sp,32
80000bc8:	00008067          	ret

80000bcc <prvCopyDataToQueue.isra.0>:
80000bcc:	04052803          	lw	a6,64(a0)
80000bd0:	03852703          	lw	a4,56(a0)
80000bd4:	00050793          	mv	a5,a0
80000bd8:	06080263          	beqz	a6,80000c3c <prvCopyDataToQueue.isra.0+0x70>
80000bdc:	fe010113          	addi	sp,sp,-32
80000be0:	00112e23          	sw	ra,28(sp)
80000be4:	06061263          	bnez	a2,80000c48 <prvCopyDataToQueue.isra.0+0x7c>
80000be8:	00452503          	lw	a0,4(a0)
80000bec:	00080613          	mv	a2,a6
80000bf0:	00e12423          	sw	a4,8(sp)
80000bf4:	00f12223          	sw	a5,4(sp)
80000bf8:	00000097          	auipc	ra,0x0
80000bfc:	cc0080e7          	jalr	-832(ra) # 800008b8 <memcpy>
80000c00:	00412783          	lw	a5,4(sp)
80000c04:	00812703          	lw	a4,8(sp)
80000c08:	0047a683          	lw	a3,4(a5)
80000c0c:	0407a583          	lw	a1,64(a5)
80000c10:	0087a603          	lw	a2,8(a5)
80000c14:	00b686b3          	add	a3,a3,a1
80000c18:	00d7a223          	sw	a3,4(a5)
80000c1c:	00c6e663          	bltu	a3,a2,80000c28 <prvCopyDataToQueue.isra.0+0x5c>
80000c20:	0007a683          	lw	a3,0(a5)
80000c24:	00d7a223          	sw	a3,4(a5)
80000c28:	01c12083          	lw	ra,28(sp)
80000c2c:	00170713          	addi	a4,a4,1
80000c30:	02e7ac23          	sw	a4,56(a5)
80000c34:	02010113          	addi	sp,sp,32
80000c38:	00008067          	ret
80000c3c:	00170713          	addi	a4,a4,1
80000c40:	02e52c23          	sw	a4,56(a0)
80000c44:	00008067          	ret
80000c48:	00c52503          	lw	a0,12(a0)
80000c4c:	00c12623          	sw	a2,12(sp)
80000c50:	00080613          	mv	a2,a6
80000c54:	00e12423          	sw	a4,8(sp)
80000c58:	00f12223          	sw	a5,4(sp)
80000c5c:	00000097          	auipc	ra,0x0
80000c60:	c5c080e7          	jalr	-932(ra) # 800008b8 <memcpy>
80000c64:	00412783          	lw	a5,4(sp)
80000c68:	00812703          	lw	a4,8(sp)
80000c6c:	00c12683          	lw	a3,12(sp)
80000c70:	00c7a603          	lw	a2,12(a5)
80000c74:	0407a583          	lw	a1,64(a5)
80000c78:	0007a503          	lw	a0,0(a5)
80000c7c:	40b60633          	sub	a2,a2,a1
80000c80:	00c7a623          	sw	a2,12(a5)
80000c84:	00a67863          	bgeu	a2,a0,80000c94 <prvCopyDataToQueue.isra.0+0xc8>
80000c88:	0087a603          	lw	a2,8(a5)
80000c8c:	40b60633          	sub	a2,a2,a1
80000c90:	00c7a623          	sw	a2,12(a5)
80000c94:	00200613          	li	a2,2
80000c98:	f8c698e3          	bne	a3,a2,80000c28 <prvCopyDataToQueue.isra.0+0x5c>
80000c9c:	00e036b3          	snez	a3,a4
80000ca0:	40d70733          	sub	a4,a4,a3
80000ca4:	f85ff06f          	j	80000c28 <prvCopyDataToQueue.isra.0+0x5c>

80000ca8 <xQueueGenericReset>:
80000ca8:	fe010113          	addi	sp,sp,-32
80000cac:	00112e23          	sw	ra,28(sp)
80000cb0:	0e050263          	beqz	a0,80000d94 <xQueueGenericReset+0xec>
80000cb4:	03c52703          	lw	a4,60(a0)
80000cb8:	00050793          	mv	a5,a0
80000cbc:	02071463          	bnez	a4,80000ce4 <xQueueGenericReset+0x3c>
80000cc0:	800057b7          	lui	a5,0x80005
80000cc4:	e2078513          	addi	a0,a5,-480 # 80004e20 <__clzsi2+0x220>
80000cc8:	16c00593          	li	a1,364
80000ccc:	00000097          	auipc	ra,0x0
80000cd0:	804080e7          	jalr	-2044(ra) # 800004d0 <vAssertCalled>
80000cd4:	01c12083          	lw	ra,28(sp)
80000cd8:	00000513          	li	a0,0
80000cdc:	02010113          	addi	sp,sp,32
80000ce0:	00008067          	ret
80000ce4:	04052683          	lw	a3,64(a0)
80000ce8:	02d73733          	mulhu	a4,a4,a3
80000cec:	fc071ae3          	bnez	a4,80000cc0 <xQueueGenericReset+0x18>
80000cf0:	30047073          	csrci	mstatus,8
80000cf4:	04052503          	lw	a0,64(a0)
80000cf8:	03c7a703          	lw	a4,60(a5)
80000cfc:	80005837          	lui	a6,0x80005
80000d00:	0007a683          	lw	a3,0(a5)
80000d04:	02e50733          	mul	a4,a0,a4
80000d08:	03082603          	lw	a2,48(a6) # 80005030 <xCriticalNesting>
80000d0c:	0207ac23          	sw	zero,56(a5)
80000d10:	fff00893          	li	a7,-1
80000d14:	00160313          	addi	t1,a2,1
80000d18:	05178223          	sb	a7,68(a5)
80000d1c:	00d7a223          	sw	a3,4(a5)
80000d20:	02682823          	sw	t1,48(a6)
80000d24:	051782a3          	sb	a7,69(a5)
80000d28:	40a70533          	sub	a0,a4,a0
80000d2c:	00e68733          	add	a4,a3,a4
80000d30:	00a686b3          	add	a3,a3,a0
80000d34:	00e7a423          	sw	a4,8(a5)
80000d38:	00d7a623          	sw	a3,12(a5)
80000d3c:	02059463          	bnez	a1,80000d64 <xQueueGenericReset+0xbc>
80000d40:	0107a703          	lw	a4,16(a5)
80000d44:	06071863          	bnez	a4,80000db4 <xQueueGenericReset+0x10c>
80000d48:	02c82823          	sw	a2,48(a6)
80000d4c:	00061463          	bnez	a2,80000d54 <xQueueGenericReset+0xac>
80000d50:	30046073          	csrsi	mstatus,8
80000d54:	01c12083          	lw	ra,28(sp)
80000d58:	00100513          	li	a0,1
80000d5c:	02010113          	addi	sp,sp,32
80000d60:	00008067          	ret
80000d64:	01078513          	addi	a0,a5,16
80000d68:	00f12623          	sw	a5,12(sp)
80000d6c:	00000097          	auipc	ra,0x0
80000d70:	c50080e7          	jalr	-944(ra) # 800009bc <vListInitialise>
80000d74:	00c12783          	lw	a5,12(sp)
80000d78:	02478513          	addi	a0,a5,36
80000d7c:	00000097          	auipc	ra,0x0
80000d80:	c40080e7          	jalr	-960(ra) # 800009bc <vListInitialise>
80000d84:	80005837          	lui	a6,0x80005
80000d88:	03082603          	lw	a2,48(a6) # 80005030 <xCriticalNesting>
80000d8c:	fff60613          	addi	a2,a2,-1
80000d90:	fb9ff06f          	j	80000d48 <xQueueGenericReset+0xa0>
80000d94:	800057b7          	lui	a5,0x80005
80000d98:	e2078513          	addi	a0,a5,-480 # 80004e20 <__clzsi2+0x220>
80000d9c:	13700593          	li	a1,311
80000da0:	00f12623          	sw	a5,12(sp)
80000da4:	fffff097          	auipc	ra,0xfffff
80000da8:	72c080e7          	jalr	1836(ra) # 800004d0 <vAssertCalled>
80000dac:	00c12783          	lw	a5,12(sp)
80000db0:	f15ff06f          	j	80000cc4 <xQueueGenericReset+0x1c>
80000db4:	01078513          	addi	a0,a5,16
80000db8:	00002097          	auipc	ra,0x2
80000dbc:	3c8080e7          	jalr	968(ra) # 80003180 <xTaskRemoveFromEventList>
80000dc0:	80005837          	lui	a6,0x80005
80000dc4:	fc0502e3          	beqz	a0,80000d88 <xQueueGenericReset+0xe0>
80000dc8:	00000073          	ecall
80000dcc:	03082603          	lw	a2,48(a6) # 80005030 <xCriticalNesting>
80000dd0:	fff60613          	addi	a2,a2,-1
80000dd4:	f75ff06f          	j	80000d48 <xQueueGenericReset+0xa0>

80000dd8 <xQueueGenericCreateStatic>:
80000dd8:	fd010113          	addi	sp,sp,-48
80000ddc:	02112623          	sw	ra,44(sp)
80000de0:	0c068263          	beqz	a3,80000ea4 <xQueueGenericCreateStatic+0xcc>
80000de4:	00050713          	mv	a4,a0
80000de8:	08050c63          	beqz	a0,80000e80 <xQueueGenericCreateStatic+0xa8>
80000dec:	00058793          	mv	a5,a1
80000df0:	08060663          	beqz	a2,80000e7c <xQueueGenericCreateStatic+0xa4>
80000df4:	08058663          	beqz	a1,80000e80 <xQueueGenericCreateStatic+0xa8>
80000df8:	08060263          	beqz	a2,80000e7c <xQueueGenericCreateStatic+0xa4>
80000dfc:	04800593          	li	a1,72
80000e00:	00b12e23          	sw	a1,28(sp)
80000e04:	01c12503          	lw	a0,28(sp)
80000e08:	02b50c63          	beq	a0,a1,80000e40 <xQueueGenericCreateStatic+0x68>
80000e0c:	80005537          	lui	a0,0x80005
80000e10:	e2050513          	addi	a0,a0,-480 # 80004e20 <__clzsi2+0x220>
80000e14:	19600593          	li	a1,406
80000e18:	00d12623          	sw	a3,12(sp)
80000e1c:	00f12423          	sw	a5,8(sp)
80000e20:	00e12223          	sw	a4,4(sp)
80000e24:	00c12023          	sw	a2,0(sp)
80000e28:	fffff097          	auipc	ra,0xfffff
80000e2c:	6a8080e7          	jalr	1704(ra) # 800004d0 <vAssertCalled>
80000e30:	00c12683          	lw	a3,12(sp)
80000e34:	00812783          	lw	a5,8(sp)
80000e38:	00412703          	lw	a4,4(sp)
80000e3c:	00012603          	lw	a2,0(sp)
80000e40:	01c12583          	lw	a1,28(sp)
80000e44:	00079463          	bnez	a5,80000e4c <xQueueGenericCreateStatic+0x74>
80000e48:	00068613          	mv	a2,a3
80000e4c:	00c6a023          	sw	a2,0(a3)
80000e50:	02e6ae23          	sw	a4,60(a3)
80000e54:	04f6a023          	sw	a5,64(a3)
80000e58:	00100593          	li	a1,1
80000e5c:	00068513          	mv	a0,a3
80000e60:	00d12023          	sw	a3,0(sp)
80000e64:	00000097          	auipc	ra,0x0
80000e68:	e44080e7          	jalr	-444(ra) # 80000ca8 <xQueueGenericReset>
80000e6c:	02c12083          	lw	ra,44(sp)
80000e70:	00012503          	lw	a0,0(sp)
80000e74:	03010113          	addi	sp,sp,48
80000e78:	00008067          	ret
80000e7c:	f80780e3          	beqz	a5,80000dfc <xQueueGenericCreateStatic+0x24>
80000e80:	800057b7          	lui	a5,0x80005
80000e84:	e2078513          	addi	a0,a5,-480 # 80004e20 <__clzsi2+0x220>
80000e88:	1b000593          	li	a1,432
80000e8c:	fffff097          	auipc	ra,0xfffff
80000e90:	644080e7          	jalr	1604(ra) # 800004d0 <vAssertCalled>
80000e94:	02c12083          	lw	ra,44(sp)
80000e98:	00000513          	li	a0,0
80000e9c:	03010113          	addi	sp,sp,48
80000ea0:	00008067          	ret
80000ea4:	800057b7          	lui	a5,0x80005
80000ea8:	e2078513          	addi	a0,a5,-480 # 80004e20 <__clzsi2+0x220>
80000eac:	18400593          	li	a1,388
80000eb0:	00f12023          	sw	a5,0(sp)
80000eb4:	fffff097          	auipc	ra,0xfffff
80000eb8:	61c080e7          	jalr	1564(ra) # 800004d0 <vAssertCalled>
80000ebc:	00012783          	lw	a5,0(sp)
80000ec0:	fc5ff06f          	j	80000e84 <xQueueGenericCreateStatic+0xac>

80000ec4 <xQueueGenericGetStaticBuffers>:
80000ec4:	fe010113          	addi	sp,sp,-32
80000ec8:	00112e23          	sw	ra,28(sp)
80000ecc:	00050793          	mv	a5,a0
80000ed0:	00058713          	mv	a4,a1
80000ed4:	04050c63          	beqz	a0,80000f2c <xQueueGenericGetStaticBuffers+0x68>
80000ed8:	02060263          	beqz	a2,80000efc <xQueueGenericGetStaticBuffers+0x38>
80000edc:	00070663          	beqz	a4,80000ee8 <xQueueGenericGetStaticBuffers+0x24>
80000ee0:	0007a683          	lw	a3,0(a5)
80000ee4:	00d72023          	sw	a3,0(a4)
80000ee8:	01c12083          	lw	ra,28(sp)
80000eec:	00f62023          	sw	a5,0(a2)
80000ef0:	00100513          	li	a0,1
80000ef4:	02010113          	addi	sp,sp,32
80000ef8:	00008067          	ret
80000efc:	80005537          	lui	a0,0x80005
80000f00:	e2050513          	addi	a0,a0,-480 # 80004e20 <__clzsi2+0x220>
80000f04:	1c800593          	li	a1,456
80000f08:	00c12623          	sw	a2,12(sp)
80000f0c:	00e12423          	sw	a4,8(sp)
80000f10:	00f12223          	sw	a5,4(sp)
80000f14:	fffff097          	auipc	ra,0xfffff
80000f18:	5bc080e7          	jalr	1468(ra) # 800004d0 <vAssertCalled>
80000f1c:	00c12603          	lw	a2,12(sp)
80000f20:	00812703          	lw	a4,8(sp)
80000f24:	00412783          	lw	a5,4(sp)
80000f28:	fb5ff06f          	j	80000edc <xQueueGenericGetStaticBuffers+0x18>
80000f2c:	00a12223          	sw	a0,4(sp)
80000f30:	80005537          	lui	a0,0x80005
80000f34:	00b12423          	sw	a1,8(sp)
80000f38:	e2050513          	addi	a0,a0,-480 # 80004e20 <__clzsi2+0x220>
80000f3c:	1c700593          	li	a1,455
80000f40:	00c12623          	sw	a2,12(sp)
80000f44:	fffff097          	auipc	ra,0xfffff
80000f48:	58c080e7          	jalr	1420(ra) # 800004d0 <vAssertCalled>
80000f4c:	00c12603          	lw	a2,12(sp)
80000f50:	00812703          	lw	a4,8(sp)
80000f54:	00412783          	lw	a5,4(sp)
80000f58:	f80612e3          	bnez	a2,80000edc <xQueueGenericGetStaticBuffers+0x18>
80000f5c:	fa1ff06f          	j	80000efc <xQueueGenericGetStaticBuffers+0x38>

80000f60 <xQueueGenericSend>:
80000f60:	fc010113          	addi	sp,sp,-64
80000f64:	02812c23          	sw	s0,56(sp)
80000f68:	03412423          	sw	s4,40(sp)
80000f6c:	03512223          	sw	s5,36(sp)
80000f70:	02112e23          	sw	ra,60(sp)
80000f74:	02912a23          	sw	s1,52(sp)
80000f78:	00c12623          	sw	a2,12(sp)
80000f7c:	00050413          	mv	s0,a0
80000f80:	00058a93          	mv	s5,a1
80000f84:	00068a13          	mv	s4,a3
80000f88:	24050663          	beqz	a0,800011d4 <xQueueGenericSend+0x274>
80000f8c:	200a8463          	beqz	s5,80001194 <xQueueGenericSend+0x234>
80000f90:	00200793          	li	a5,2
80000f94:	1cfa0e63          	beq	s4,a5,80001170 <xQueueGenericSend+0x210>
80000f98:	00002097          	auipc	ra,0x2
80000f9c:	698080e7          	jalr	1688(ra) # 80003630 <xTaskGetSchedulerState>
80000fa0:	00051663          	bnez	a0,80000fac <xQueueGenericSend+0x4c>
80000fa4:	00c12783          	lw	a5,12(sp)
80000fa8:	24079e63          	bnez	a5,80001204 <xQueueGenericSend+0x2a4>
80000fac:	30047073          	csrci	mstatus,8
80000fb0:	800054b7          	lui	s1,0x80005
80000fb4:	0304a783          	lw	a5,48(s1) # 80005030 <xCriticalNesting>
80000fb8:	03842683          	lw	a3,56(s0)
80000fbc:	03c42703          	lw	a4,60(s0)
80000fc0:	00178613          	addi	a2,a5,1
80000fc4:	02c4a823          	sw	a2,48(s1)
80000fc8:	14e6ea63          	bltu	a3,a4,8000111c <xQueueGenericSend+0x1bc>
80000fcc:	ffea0713          	addi	a4,s4,-2
80000fd0:	14070663          	beqz	a4,8000111c <xQueueGenericSend+0x1bc>
80000fd4:	00c12703          	lw	a4,12(sp)
80000fd8:	03212823          	sw	s2,48(sp)
80000fdc:	0c070663          	beqz	a4,800010a8 <xQueueGenericSend+0x148>
80000fe0:	01810513          	addi	a0,sp,24
80000fe4:	00002097          	auipc	ra,0x2
80000fe8:	534080e7          	jalr	1332(ra) # 80003518 <vTaskInternalSetTimeOutState>
80000fec:	fff00913          	li	s2,-1
80000ff0:	0304a783          	lw	a5,48(s1)
80000ff4:	fff78793          	addi	a5,a5,-1
80000ff8:	02f4a823          	sw	a5,48(s1)
80000ffc:	00079463          	bnez	a5,80001004 <xQueueGenericSend+0xa4>
80001000:	30046073          	csrsi	mstatus,8
80001004:	00002097          	auipc	ra,0x2
80001008:	9f4080e7          	jalr	-1548(ra) # 800029f8 <vTaskSuspendAll>
8000100c:	30047073          	csrci	mstatus,8
80001010:	04444783          	lbu	a5,68(s0)
80001014:	0304a703          	lw	a4,48(s1)
80001018:	01879793          	slli	a5,a5,0x18
8000101c:	4187d793          	srai	a5,a5,0x18
80001020:	01279463          	bne	a5,s2,80001028 <xQueueGenericSend+0xc8>
80001024:	04040223          	sb	zero,68(s0)
80001028:	04544783          	lbu	a5,69(s0)
8000102c:	01879793          	slli	a5,a5,0x18
80001030:	4187d793          	srai	a5,a5,0x18
80001034:	0b278263          	beq	a5,s2,800010d8 <xQueueGenericSend+0x178>
80001038:	00071463          	bnez	a4,80001040 <xQueueGenericSend+0xe0>
8000103c:	30046073          	csrsi	mstatus,8
80001040:	00c10593          	addi	a1,sp,12
80001044:	01810513          	addi	a0,sp,24
80001048:	00002097          	auipc	ra,0x2
8000104c:	4ec080e7          	jalr	1260(ra) # 80003534 <xTaskCheckForTimeOut>
80001050:	16051263          	bnez	a0,800011b4 <xQueueGenericSend+0x254>
80001054:	30047073          	csrci	mstatus,8
80001058:	03842683          	lw	a3,56(s0)
8000105c:	03c42703          	lw	a4,60(s0)
80001060:	0304a783          	lw	a5,48(s1)
80001064:	06e68e63          	beq	a3,a4,800010e0 <xQueueGenericSend+0x180>
80001068:	00079463          	bnez	a5,80001070 <xQueueGenericSend+0x110>
8000106c:	30046073          	csrsi	mstatus,8
80001070:	00040513          	mv	a0,s0
80001074:	00000097          	auipc	ra,0x0
80001078:	a34080e7          	jalr	-1484(ra) # 80000aa8 <prvUnlockQueue>
8000107c:	00002097          	auipc	ra,0x2
80001080:	990080e7          	jalr	-1648(ra) # 80002a0c <xTaskResumeAll>
80001084:	30047073          	csrci	mstatus,8
80001088:	0304a783          	lw	a5,48(s1)
8000108c:	03842683          	lw	a3,56(s0)
80001090:	03c42703          	lw	a4,60(s0)
80001094:	00178613          	addi	a2,a5,1
80001098:	02c4a823          	sw	a2,48(s1)
8000109c:	06e6ee63          	bltu	a3,a4,80001118 <xQueueGenericSend+0x1b8>
800010a0:	00c12703          	lw	a4,12(sp)
800010a4:	f40716e3          	bnez	a4,80000ff0 <xQueueGenericSend+0x90>
800010a8:	02f4a823          	sw	a5,48(s1)
800010ac:	00079463          	bnez	a5,800010b4 <xQueueGenericSend+0x154>
800010b0:	30046073          	csrsi	mstatus,8
800010b4:	03012903          	lw	s2,48(sp)
800010b8:	00000513          	li	a0,0
800010bc:	03c12083          	lw	ra,60(sp)
800010c0:	03812403          	lw	s0,56(sp)
800010c4:	03412483          	lw	s1,52(sp)
800010c8:	02812a03          	lw	s4,40(sp)
800010cc:	02412a83          	lw	s5,36(sp)
800010d0:	04010113          	addi	sp,sp,64
800010d4:	00008067          	ret
800010d8:	040402a3          	sb	zero,69(s0)
800010dc:	f5dff06f          	j	80001038 <xQueueGenericSend+0xd8>
800010e0:	00079463          	bnez	a5,800010e8 <xQueueGenericSend+0x188>
800010e4:	30046073          	csrsi	mstatus,8
800010e8:	00c12583          	lw	a1,12(sp)
800010ec:	01040513          	addi	a0,s0,16
800010f0:	00002097          	auipc	ra,0x2
800010f4:	f30080e7          	jalr	-208(ra) # 80003020 <vTaskPlaceOnEventList>
800010f8:	00040513          	mv	a0,s0
800010fc:	00000097          	auipc	ra,0x0
80001100:	9ac080e7          	jalr	-1620(ra) # 80000aa8 <prvUnlockQueue>
80001104:	00002097          	auipc	ra,0x2
80001108:	908080e7          	jalr	-1784(ra) # 80002a0c <xTaskResumeAll>
8000110c:	f6051ce3          	bnez	a0,80001084 <xQueueGenericSend+0x124>
80001110:	00000073          	ecall
80001114:	f71ff06f          	j	80001084 <xQueueGenericSend+0x124>
80001118:	03012903          	lw	s2,48(sp)
8000111c:	000a0613          	mv	a2,s4
80001120:	000a8593          	mv	a1,s5
80001124:	00040513          	mv	a0,s0
80001128:	00000097          	auipc	ra,0x0
8000112c:	aa4080e7          	jalr	-1372(ra) # 80000bcc <prvCopyDataToQueue.isra.0>
80001130:	02442783          	lw	a5,36(s0)
80001134:	0a079c63          	bnez	a5,800011ec <xQueueGenericSend+0x28c>
80001138:	0304a783          	lw	a5,48(s1)
8000113c:	fff78793          	addi	a5,a5,-1
80001140:	02f4a823          	sw	a5,48(s1)
80001144:	02078263          	beqz	a5,80001168 <xQueueGenericSend+0x208>
80001148:	03c12083          	lw	ra,60(sp)
8000114c:	03812403          	lw	s0,56(sp)
80001150:	03412483          	lw	s1,52(sp)
80001154:	02812a03          	lw	s4,40(sp)
80001158:	02412a83          	lw	s5,36(sp)
8000115c:	00100513          	li	a0,1
80001160:	04010113          	addi	sp,sp,64
80001164:	00008067          	ret
80001168:	30046073          	csrsi	mstatus,8
8000116c:	fddff06f          	j	80001148 <xQueueGenericSend+0x1e8>
80001170:	03c42703          	lw	a4,60(s0)
80001174:	00100793          	li	a5,1
80001178:	e2f700e3          	beq	a4,a5,80000f98 <xQueueGenericSend+0x38>
8000117c:	80005537          	lui	a0,0x80005
80001180:	e2050513          	addi	a0,a0,-480 # 80004e20 <__clzsi2+0x220>
80001184:	3b800593          	li	a1,952
80001188:	fffff097          	auipc	ra,0xfffff
8000118c:	348080e7          	jalr	840(ra) # 800004d0 <vAssertCalled>
80001190:	e09ff06f          	j	80000f98 <xQueueGenericSend+0x38>
80001194:	04042783          	lw	a5,64(s0)
80001198:	de078ce3          	beqz	a5,80000f90 <xQueueGenericSend+0x30>
8000119c:	80005537          	lui	a0,0x80005
800011a0:	e2050513          	addi	a0,a0,-480 # 80004e20 <__clzsi2+0x220>
800011a4:	3b700593          	li	a1,951
800011a8:	fffff097          	auipc	ra,0xfffff
800011ac:	328080e7          	jalr	808(ra) # 800004d0 <vAssertCalled>
800011b0:	de1ff06f          	j	80000f90 <xQueueGenericSend+0x30>
800011b4:	00040513          	mv	a0,s0
800011b8:	00000097          	auipc	ra,0x0
800011bc:	8f0080e7          	jalr	-1808(ra) # 80000aa8 <prvUnlockQueue>
800011c0:	00002097          	auipc	ra,0x2
800011c4:	84c080e7          	jalr	-1972(ra) # 80002a0c <xTaskResumeAll>
800011c8:	00000513          	li	a0,0
800011cc:	03012903          	lw	s2,48(sp)
800011d0:	eedff06f          	j	800010bc <xQueueGenericSend+0x15c>
800011d4:	80005537          	lui	a0,0x80005
800011d8:	e2050513          	addi	a0,a0,-480 # 80004e20 <__clzsi2+0x220>
800011dc:	3b600593          	li	a1,950
800011e0:	fffff097          	auipc	ra,0xfffff
800011e4:	2f0080e7          	jalr	752(ra) # 800004d0 <vAssertCalled>
800011e8:	da5ff06f          	j	80000f8c <xQueueGenericSend+0x2c>
800011ec:	02440513          	addi	a0,s0,36
800011f0:	00002097          	auipc	ra,0x2
800011f4:	f90080e7          	jalr	-112(ra) # 80003180 <xTaskRemoveFromEventList>
800011f8:	f40500e3          	beqz	a0,80001138 <xQueueGenericSend+0x1d8>
800011fc:	00000073          	ecall
80001200:	f39ff06f          	j	80001138 <xQueueGenericSend+0x1d8>
80001204:	80005537          	lui	a0,0x80005
80001208:	e2050513          	addi	a0,a0,-480 # 80004e20 <__clzsi2+0x220>
8000120c:	3bb00593          	li	a1,955
80001210:	fffff097          	auipc	ra,0xfffff
80001214:	2c0080e7          	jalr	704(ra) # 800004d0 <vAssertCalled>
80001218:	d95ff06f          	j	80000fac <xQueueGenericSend+0x4c>

8000121c <xQueueGenericSendFromISR>:
8000121c:	fe010113          	addi	sp,sp,-32
80001220:	00812c23          	sw	s0,24(sp)
80001224:	01212823          	sw	s2,16(sp)
80001228:	00112e23          	sw	ra,28(sp)
8000122c:	00050413          	mv	s0,a0
80001230:	00058713          	mv	a4,a1
80001234:	00060913          	mv	s2,a2
80001238:	0e050a63          	beqz	a0,8000132c <xQueueGenericSendFromISR+0x110>
8000123c:	08070c63          	beqz	a4,800012d4 <xQueueGenericSendFromISR+0xb8>
80001240:	00200613          	li	a2,2
80001244:	03c42783          	lw	a5,60(s0)
80001248:	06c68c63          	beq	a3,a2,800012c0 <xQueueGenericSendFromISR+0xa4>
8000124c:	03842603          	lw	a2,56(s0)
80001250:	00000513          	li	a0,0
80001254:	00f66c63          	bltu	a2,a5,8000126c <xQueueGenericSendFromISR+0x50>
80001258:	01c12083          	lw	ra,28(sp)
8000125c:	01812403          	lw	s0,24(sp)
80001260:	01012903          	lw	s2,16(sp)
80001264:	02010113          	addi	sp,sp,32
80001268:	00008067          	ret
8000126c:	00912a23          	sw	s1,20(sp)
80001270:	04544783          	lbu	a5,69(s0)
80001274:	00068613          	mv	a2,a3
80001278:	00070593          	mv	a1,a4
8000127c:	01879493          	slli	s1,a5,0x18
80001280:	03842783          	lw	a5,56(s0)
80001284:	00040513          	mv	a0,s0
80001288:	00000097          	auipc	ra,0x0
8000128c:	944080e7          	jalr	-1724(ra) # 80000bcc <prvCopyDataToQueue.isra.0>
80001290:	4184d493          	srai	s1,s1,0x18
80001294:	fff00793          	li	a5,-1
80001298:	06f49663          	bne	s1,a5,80001304 <xQueueGenericSendFromISR+0xe8>
8000129c:	02442783          	lw	a5,36(s0)
800012a0:	0e079063          	bnez	a5,80001380 <xQueueGenericSendFromISR+0x164>
800012a4:	01412483          	lw	s1,20(sp)
800012a8:	00100513          	li	a0,1
800012ac:	01c12083          	lw	ra,28(sp)
800012b0:	01812403          	lw	s0,24(sp)
800012b4:	01012903          	lw	s2,16(sp)
800012b8:	02010113          	addi	sp,sp,32
800012bc:	00008067          	ret
800012c0:	00912a23          	sw	s1,20(sp)
800012c4:	00100613          	li	a2,1
800012c8:	08c79663          	bne	a5,a2,80001354 <xQueueGenericSendFromISR+0x138>
800012cc:	03842783          	lw	a5,56(s0)
800012d0:	fa1ff06f          	j	80001270 <xQueueGenericSendFromISR+0x54>
800012d4:	04042783          	lw	a5,64(s0)
800012d8:	f60784e3          	beqz	a5,80001240 <xQueueGenericSendFromISR+0x24>
800012dc:	80005537          	lui	a0,0x80005
800012e0:	e2050513          	addi	a0,a0,-480 # 80004e20 <__clzsi2+0x220>
800012e4:	49100593          	li	a1,1169
800012e8:	00d12623          	sw	a3,12(sp)
800012ec:	00e12423          	sw	a4,8(sp)
800012f0:	fffff097          	auipc	ra,0xfffff
800012f4:	1e0080e7          	jalr	480(ra) # 800004d0 <vAssertCalled>
800012f8:	00c12683          	lw	a3,12(sp)
800012fc:	00812703          	lw	a4,8(sp)
80001300:	f41ff06f          	j	80001240 <xQueueGenericSendFromISR+0x24>
80001304:	00002097          	auipc	ra,0x2
80001308:	a14080e7          	jalr	-1516(ra) # 80002d18 <uxTaskGetNumberOfTasks>
8000130c:	f8a4fce3          	bgeu	s1,a0,800012a4 <xQueueGenericSendFromISR+0x88>
80001310:	07f00793          	li	a5,127
80001314:	08f48663          	beq	s1,a5,800013a0 <xQueueGenericSendFromISR+0x184>
80001318:	00148793          	addi	a5,s1,1
8000131c:	04f402a3          	sb	a5,69(s0)
80001320:	01412483          	lw	s1,20(sp)
80001324:	00100513          	li	a0,1
80001328:	f85ff06f          	j	800012ac <xQueueGenericSendFromISR+0x90>
8000132c:	80005537          	lui	a0,0x80005
80001330:	00b12423          	sw	a1,8(sp)
80001334:	e2050513          	addi	a0,a0,-480 # 80004e20 <__clzsi2+0x220>
80001338:	49000593          	li	a1,1168
8000133c:	00d12623          	sw	a3,12(sp)
80001340:	fffff097          	auipc	ra,0xfffff
80001344:	190080e7          	jalr	400(ra) # 800004d0 <vAssertCalled>
80001348:	00c12683          	lw	a3,12(sp)
8000134c:	00812703          	lw	a4,8(sp)
80001350:	eedff06f          	j	8000123c <xQueueGenericSendFromISR+0x20>
80001354:	80005537          	lui	a0,0x80005
80001358:	e2050513          	addi	a0,a0,-480 # 80004e20 <__clzsi2+0x220>
8000135c:	49200593          	li	a1,1170
80001360:	00d12623          	sw	a3,12(sp)
80001364:	00e12423          	sw	a4,8(sp)
80001368:	fffff097          	auipc	ra,0xfffff
8000136c:	168080e7          	jalr	360(ra) # 800004d0 <vAssertCalled>
80001370:	03842783          	lw	a5,56(s0)
80001374:	00c12683          	lw	a3,12(sp)
80001378:	00812703          	lw	a4,8(sp)
8000137c:	ef5ff06f          	j	80001270 <xQueueGenericSendFromISR+0x54>
80001380:	02440513          	addi	a0,s0,36
80001384:	00002097          	auipc	ra,0x2
80001388:	dfc080e7          	jalr	-516(ra) # 80003180 <xTaskRemoveFromEventList>
8000138c:	f0050ce3          	beqz	a0,800012a4 <xQueueGenericSendFromISR+0x88>
80001390:	f0090ae3          	beqz	s2,800012a4 <xQueueGenericSendFromISR+0x88>
80001394:	00100793          	li	a5,1
80001398:	00f92023          	sw	a5,0(s2)
8000139c:	f09ff06f          	j	800012a4 <xQueueGenericSendFromISR+0x88>
800013a0:	80005537          	lui	a0,0x80005
800013a4:	e2050513          	addi	a0,a0,-480 # 80004e20 <__clzsi2+0x220>
800013a8:	51e00593          	li	a1,1310
800013ac:	fffff097          	auipc	ra,0xfffff
800013b0:	124080e7          	jalr	292(ra) # 800004d0 <vAssertCalled>
800013b4:	f65ff06f          	j	80001318 <xQueueGenericSendFromISR+0xfc>

800013b8 <xQueueGiveFromISR>:
800013b8:	fe010113          	addi	sp,sp,-32
800013bc:	00812c23          	sw	s0,24(sp)
800013c0:	00912a23          	sw	s1,20(sp)
800013c4:	00112e23          	sw	ra,28(sp)
800013c8:	00050413          	mv	s0,a0
800013cc:	00058493          	mv	s1,a1
800013d0:	0e050663          	beqz	a0,800014bc <xQueueGiveFromISR+0x104>
800013d4:	04042783          	lw	a5,64(s0)
800013d8:	08079263          	bnez	a5,8000145c <xQueueGiveFromISR+0xa4>
800013dc:	00042783          	lw	a5,0(s0)
800013e0:	08078c63          	beqz	a5,80001478 <xQueueGiveFromISR+0xc0>
800013e4:	03842783          	lw	a5,56(s0)
800013e8:	03c42703          	lw	a4,60(s0)
800013ec:	00000513          	li	a0,0
800013f0:	02e7f663          	bgeu	a5,a4,8000141c <xQueueGiveFromISR+0x64>
800013f4:	04544703          	lbu	a4,69(s0)
800013f8:	00178793          	addi	a5,a5,1
800013fc:	02f42c23          	sw	a5,56(s0)
80001400:	01871793          	slli	a5,a4,0x18
80001404:	4187d793          	srai	a5,a5,0x18
80001408:	fff00713          	li	a4,-1
8000140c:	02e79263          	bne	a5,a4,80001430 <xQueueGiveFromISR+0x78>
80001410:	02442783          	lw	a5,36(s0)
80001414:	08079263          	bnez	a5,80001498 <xQueueGiveFromISR+0xe0>
80001418:	00100513          	li	a0,1
8000141c:	01c12083          	lw	ra,28(sp)
80001420:	01812403          	lw	s0,24(sp)
80001424:	01412483          	lw	s1,20(sp)
80001428:	02010113          	addi	sp,sp,32
8000142c:	00008067          	ret
80001430:	00f12623          	sw	a5,12(sp)
80001434:	00002097          	auipc	ra,0x2
80001438:	8e4080e7          	jalr	-1820(ra) # 80002d18 <uxTaskGetNumberOfTasks>
8000143c:	00c12783          	lw	a5,12(sp)
80001440:	fca7fce3          	bgeu	a5,a0,80001418 <xQueueGiveFromISR+0x60>
80001444:	07f00713          	li	a4,127
80001448:	08e78663          	beq	a5,a4,800014d4 <xQueueGiveFromISR+0x11c>
8000144c:	00178793          	addi	a5,a5,1
80001450:	04f402a3          	sb	a5,69(s0)
80001454:	00100513          	li	a0,1
80001458:	fc5ff06f          	j	8000141c <xQueueGiveFromISR+0x64>
8000145c:	80005537          	lui	a0,0x80005
80001460:	e2050513          	addi	a0,a0,-480 # 80004e20 <__clzsi2+0x220>
80001464:	54400593          	li	a1,1348
80001468:	fffff097          	auipc	ra,0xfffff
8000146c:	068080e7          	jalr	104(ra) # 800004d0 <vAssertCalled>
80001470:	00042783          	lw	a5,0(s0)
80001474:	f60798e3          	bnez	a5,800013e4 <xQueueGiveFromISR+0x2c>
80001478:	00842783          	lw	a5,8(s0)
8000147c:	f60784e3          	beqz	a5,800013e4 <xQueueGiveFromISR+0x2c>
80001480:	80005537          	lui	a0,0x80005
80001484:	e2050513          	addi	a0,a0,-480 # 80004e20 <__clzsi2+0x220>
80001488:	54900593          	li	a1,1353
8000148c:	fffff097          	auipc	ra,0xfffff
80001490:	044080e7          	jalr	68(ra) # 800004d0 <vAssertCalled>
80001494:	f51ff06f          	j	800013e4 <xQueueGiveFromISR+0x2c>
80001498:	02440513          	addi	a0,s0,36
8000149c:	00002097          	auipc	ra,0x2
800014a0:	ce4080e7          	jalr	-796(ra) # 80003180 <xTaskRemoveFromEventList>
800014a4:	f6048ae3          	beqz	s1,80001418 <xQueueGiveFromISR+0x60>
800014a8:	f60508e3          	beqz	a0,80001418 <xQueueGiveFromISR+0x60>
800014ac:	00100793          	li	a5,1
800014b0:	00f4a023          	sw	a5,0(s1)
800014b4:	00100513          	li	a0,1
800014b8:	f65ff06f          	j	8000141c <xQueueGiveFromISR+0x64>
800014bc:	80005537          	lui	a0,0x80005
800014c0:	e2050513          	addi	a0,a0,-480 # 80004e20 <__clzsi2+0x220>
800014c4:	54000593          	li	a1,1344
800014c8:	fffff097          	auipc	ra,0xfffff
800014cc:	008080e7          	jalr	8(ra) # 800004d0 <vAssertCalled>
800014d0:	f05ff06f          	j	800013d4 <xQueueGiveFromISR+0x1c>
800014d4:	80005537          	lui	a0,0x80005
800014d8:	e2050513          	addi	a0,a0,-480 # 80004e20 <__clzsi2+0x220>
800014dc:	5cb00593          	li	a1,1483
800014e0:	00f12623          	sw	a5,12(sp)
800014e4:	fffff097          	auipc	ra,0xfffff
800014e8:	fec080e7          	jalr	-20(ra) # 800004d0 <vAssertCalled>
800014ec:	00c12783          	lw	a5,12(sp)
800014f0:	f5dff06f          	j	8000144c <xQueueGiveFromISR+0x94>

800014f4 <xQueueReceive>:
800014f4:	fc010113          	addi	sp,sp,-64
800014f8:	02812c23          	sw	s0,56(sp)
800014fc:	03312623          	sw	s3,44(sp)
80001500:	02112e23          	sw	ra,60(sp)
80001504:	02912a23          	sw	s1,52(sp)
80001508:	00c12623          	sw	a2,12(sp)
8000150c:	00050413          	mv	s0,a0
80001510:	00058993          	mv	s3,a1
80001514:	24050863          	beqz	a0,80001764 <xQueueReceive+0x270>
80001518:	22098663          	beqz	s3,80001744 <xQueueReceive+0x250>
8000151c:	00002097          	auipc	ra,0x2
80001520:	114080e7          	jalr	276(ra) # 80003630 <xTaskGetSchedulerState>
80001524:	00051663          	bnez	a0,80001530 <xQueueReceive+0x3c>
80001528:	00c12783          	lw	a5,12(sp)
8000152c:	24079863          	bnez	a5,8000177c <xQueueReceive+0x288>
80001530:	30047073          	csrci	mstatus,8
80001534:	800054b7          	lui	s1,0x80005
80001538:	0304a703          	lw	a4,48(s1) # 80005030 <xCriticalNesting>
8000153c:	03842783          	lw	a5,56(s0)
80001540:	00170693          	addi	a3,a4,1
80001544:	02d4a823          	sw	a3,48(s1)
80001548:	14079863          	bnez	a5,80001698 <xQueueReceive+0x1a4>
8000154c:	00c12783          	lw	a5,12(sp)
80001550:	03212823          	sw	s2,48(sp)
80001554:	0c078e63          	beqz	a5,80001630 <xQueueReceive+0x13c>
80001558:	01810513          	addi	a0,sp,24
8000155c:	00002097          	auipc	ra,0x2
80001560:	fbc080e7          	jalr	-68(ra) # 80003518 <vTaskInternalSetTimeOutState>
80001564:	fff00913          	li	s2,-1
80001568:	0304a783          	lw	a5,48(s1)
8000156c:	fff78793          	addi	a5,a5,-1
80001570:	02f4a823          	sw	a5,48(s1)
80001574:	00079463          	bnez	a5,8000157c <xQueueReceive+0x88>
80001578:	30046073          	csrsi	mstatus,8
8000157c:	00001097          	auipc	ra,0x1
80001580:	47c080e7          	jalr	1148(ra) # 800029f8 <vTaskSuspendAll>
80001584:	30047073          	csrci	mstatus,8
80001588:	04444783          	lbu	a5,68(s0)
8000158c:	0304a703          	lw	a4,48(s1)
80001590:	01879793          	slli	a5,a5,0x18
80001594:	4187d793          	srai	a5,a5,0x18
80001598:	01279463          	bne	a5,s2,800015a0 <xQueueReceive+0xac>
8000159c:	04040223          	sb	zero,68(s0)
800015a0:	04544783          	lbu	a5,69(s0)
800015a4:	01879793          	slli	a5,a5,0x18
800015a8:	4187d793          	srai	a5,a5,0x18
800015ac:	0b278663          	beq	a5,s2,80001658 <xQueueReceive+0x164>
800015b0:	00071463          	bnez	a4,800015b8 <xQueueReceive+0xc4>
800015b4:	30046073          	csrsi	mstatus,8
800015b8:	00c10593          	addi	a1,sp,12
800015bc:	01810513          	addi	a0,sp,24
800015c0:	00002097          	auipc	ra,0x2
800015c4:	f74080e7          	jalr	-140(ra) # 80003534 <xTaskCheckForTimeOut>
800015c8:	14051063          	bnez	a0,80001708 <xQueueReceive+0x214>
800015cc:	30047073          	csrci	mstatus,8
800015d0:	03842783          	lw	a5,56(s0)
800015d4:	0304a703          	lw	a4,48(s1)
800015d8:	08079463          	bnez	a5,80001660 <xQueueReceive+0x16c>
800015dc:	00071463          	bnez	a4,800015e4 <xQueueReceive+0xf0>
800015e0:	30046073          	csrsi	mstatus,8
800015e4:	00c12583          	lw	a1,12(sp)
800015e8:	02440513          	addi	a0,s0,36
800015ec:	00002097          	auipc	ra,0x2
800015f0:	a34080e7          	jalr	-1484(ra) # 80003020 <vTaskPlaceOnEventList>
800015f4:	00040513          	mv	a0,s0
800015f8:	fffff097          	auipc	ra,0xfffff
800015fc:	4b0080e7          	jalr	1200(ra) # 80000aa8 <prvUnlockQueue>
80001600:	00001097          	auipc	ra,0x1
80001604:	40c080e7          	jalr	1036(ra) # 80002a0c <xTaskResumeAll>
80001608:	00051463          	bnez	a0,80001610 <xQueueReceive+0x11c>
8000160c:	00000073          	ecall
80001610:	30047073          	csrci	mstatus,8
80001614:	0304a703          	lw	a4,48(s1)
80001618:	03842783          	lw	a5,56(s0)
8000161c:	00170693          	addi	a3,a4,1
80001620:	02d4a823          	sw	a3,48(s1)
80001624:	06079863          	bnez	a5,80001694 <xQueueReceive+0x1a0>
80001628:	00c12783          	lw	a5,12(sp)
8000162c:	f2079ee3          	bnez	a5,80001568 <xQueueReceive+0x74>
80001630:	02e4a823          	sw	a4,48(s1)
80001634:	10070463          	beqz	a4,8000173c <xQueueReceive+0x248>
80001638:	03c12083          	lw	ra,60(sp)
8000163c:	03812403          	lw	s0,56(sp)
80001640:	03012903          	lw	s2,48(sp)
80001644:	03412483          	lw	s1,52(sp)
80001648:	02c12983          	lw	s3,44(sp)
8000164c:	00000513          	li	a0,0
80001650:	04010113          	addi	sp,sp,64
80001654:	00008067          	ret
80001658:	040402a3          	sb	zero,69(s0)
8000165c:	f55ff06f          	j	800015b0 <xQueueReceive+0xbc>
80001660:	00071463          	bnez	a4,80001668 <xQueueReceive+0x174>
80001664:	30046073          	csrsi	mstatus,8
80001668:	00040513          	mv	a0,s0
8000166c:	fffff097          	auipc	ra,0xfffff
80001670:	43c080e7          	jalr	1084(ra) # 80000aa8 <prvUnlockQueue>
80001674:	00001097          	auipc	ra,0x1
80001678:	398080e7          	jalr	920(ra) # 80002a0c <xTaskResumeAll>
8000167c:	30047073          	csrci	mstatus,8
80001680:	0304a703          	lw	a4,48(s1)
80001684:	03842783          	lw	a5,56(s0)
80001688:	00170693          	addi	a3,a4,1
8000168c:	02d4a823          	sw	a3,48(s1)
80001690:	f8078ce3          	beqz	a5,80001628 <xQueueReceive+0x134>
80001694:	03012903          	lw	s2,48(sp)
80001698:	04042603          	lw	a2,64(s0)
8000169c:	02060663          	beqz	a2,800016c8 <xQueueReceive+0x1d4>
800016a0:	00c42583          	lw	a1,12(s0)
800016a4:	00842703          	lw	a4,8(s0)
800016a8:	00c585b3          	add	a1,a1,a2
800016ac:	00b42623          	sw	a1,12(s0)
800016b0:	0ee5f263          	bgeu	a1,a4,80001794 <xQueueReceive+0x2a0>
800016b4:	00098513          	mv	a0,s3
800016b8:	00f12423          	sw	a5,8(sp)
800016bc:	fffff097          	auipc	ra,0xfffff
800016c0:	1fc080e7          	jalr	508(ra) # 800008b8 <memcpy>
800016c4:	00812783          	lw	a5,8(sp)
800016c8:	01042703          	lw	a4,16(s0)
800016cc:	fff78793          	addi	a5,a5,-1
800016d0:	02f42c23          	sw	a5,56(s0)
800016d4:	0c071663          	bnez	a4,800017a0 <xQueueReceive+0x2ac>
800016d8:	0304a783          	lw	a5,48(s1)
800016dc:	fff78793          	addi	a5,a5,-1
800016e0:	02f4a823          	sw	a5,48(s1)
800016e4:	00079463          	bnez	a5,800016ec <xQueueReceive+0x1f8>
800016e8:	30046073          	csrsi	mstatus,8
800016ec:	03c12083          	lw	ra,60(sp)
800016f0:	03812403          	lw	s0,56(sp)
800016f4:	03412483          	lw	s1,52(sp)
800016f8:	02c12983          	lw	s3,44(sp)
800016fc:	00100513          	li	a0,1
80001700:	04010113          	addi	sp,sp,64
80001704:	00008067          	ret
80001708:	00040513          	mv	a0,s0
8000170c:	fffff097          	auipc	ra,0xfffff
80001710:	39c080e7          	jalr	924(ra) # 80000aa8 <prvUnlockQueue>
80001714:	00001097          	auipc	ra,0x1
80001718:	2f8080e7          	jalr	760(ra) # 80002a0c <xTaskResumeAll>
8000171c:	30047073          	csrci	mstatus,8
80001720:	03842703          	lw	a4,56(s0)
80001724:	0304a783          	lw	a5,48(s1)
80001728:	00070863          	beqz	a4,80001738 <xQueueReceive+0x244>
8000172c:	ee0792e3          	bnez	a5,80001610 <xQueueReceive+0x11c>
80001730:	30046073          	csrsi	mstatus,8
80001734:	eddff06f          	j	80001610 <xQueueReceive+0x11c>
80001738:	f00790e3          	bnez	a5,80001638 <xQueueReceive+0x144>
8000173c:	30046073          	csrsi	mstatus,8
80001740:	ef9ff06f          	j	80001638 <xQueueReceive+0x144>
80001744:	04042783          	lw	a5,64(s0)
80001748:	dc078ae3          	beqz	a5,8000151c <xQueueReceive+0x28>
8000174c:	80005537          	lui	a0,0x80005
80001750:	e2050513          	addi	a0,a0,-480 # 80004e20 <__clzsi2+0x220>
80001754:	5ed00593          	li	a1,1517
80001758:	fffff097          	auipc	ra,0xfffff
8000175c:	d78080e7          	jalr	-648(ra) # 800004d0 <vAssertCalled>
80001760:	dbdff06f          	j	8000151c <xQueueReceive+0x28>
80001764:	80005537          	lui	a0,0x80005
80001768:	e2050513          	addi	a0,a0,-480 # 80004e20 <__clzsi2+0x220>
8000176c:	5e900593          	li	a1,1513
80001770:	fffff097          	auipc	ra,0xfffff
80001774:	d60080e7          	jalr	-672(ra) # 800004d0 <vAssertCalled>
80001778:	da1ff06f          	j	80001518 <xQueueReceive+0x24>
8000177c:	80005537          	lui	a0,0x80005
80001780:	e2050513          	addi	a0,a0,-480 # 80004e20 <__clzsi2+0x220>
80001784:	5f200593          	li	a1,1522
80001788:	fffff097          	auipc	ra,0xfffff
8000178c:	d48080e7          	jalr	-696(ra) # 800004d0 <vAssertCalled>
80001790:	da1ff06f          	j	80001530 <xQueueReceive+0x3c>
80001794:	00042583          	lw	a1,0(s0)
80001798:	00b42623          	sw	a1,12(s0)
8000179c:	f19ff06f          	j	800016b4 <xQueueReceive+0x1c0>
800017a0:	01040513          	addi	a0,s0,16
800017a4:	00002097          	auipc	ra,0x2
800017a8:	9dc080e7          	jalr	-1572(ra) # 80003180 <xTaskRemoveFromEventList>
800017ac:	f20506e3          	beqz	a0,800016d8 <xQueueReceive+0x1e4>
800017b0:	00000073          	ecall
800017b4:	f25ff06f          	j	800016d8 <xQueueReceive+0x1e4>

800017b8 <xQueueSemaphoreTake>:
800017b8:	fd010113          	addi	sp,sp,-48
800017bc:	02812423          	sw	s0,40(sp)
800017c0:	02112623          	sw	ra,44(sp)
800017c4:	02912223          	sw	s1,36(sp)
800017c8:	00b12623          	sw	a1,12(sp)
800017cc:	00050413          	mv	s0,a0
800017d0:	22050663          	beqz	a0,800019fc <xQueueSemaphoreTake+0x244>
800017d4:	04042783          	lw	a5,64(s0)
800017d8:	1e079a63          	bnez	a5,800019cc <xQueueSemaphoreTake+0x214>
800017dc:	00002097          	auipc	ra,0x2
800017e0:	e54080e7          	jalr	-428(ra) # 80003630 <xTaskGetSchedulerState>
800017e4:	00051663          	bnez	a0,800017f0 <xQueueSemaphoreTake+0x38>
800017e8:	00c12783          	lw	a5,12(sp)
800017ec:	1e079c63          	bnez	a5,800019e4 <xQueueSemaphoreTake+0x22c>
800017f0:	30047073          	csrci	mstatus,8
800017f4:	800054b7          	lui	s1,0x80005
800017f8:	0304a703          	lw	a4,48(s1) # 80005030 <xCriticalNesting>
800017fc:	03842783          	lw	a5,56(s0)
80001800:	00170693          	addi	a3,a4,1
80001804:	02d4a823          	sw	a3,48(s1)
80001808:	14079663          	bnez	a5,80001954 <xQueueSemaphoreTake+0x19c>
8000180c:	00c12783          	lw	a5,12(sp)
80001810:	03212023          	sw	s2,32(sp)
80001814:	0c078e63          	beqz	a5,800018f0 <xQueueSemaphoreTake+0x138>
80001818:	01810513          	addi	a0,sp,24
8000181c:	00002097          	auipc	ra,0x2
80001820:	cfc080e7          	jalr	-772(ra) # 80003518 <vTaskInternalSetTimeOutState>
80001824:	fff00913          	li	s2,-1
80001828:	0304a783          	lw	a5,48(s1)
8000182c:	fff78793          	addi	a5,a5,-1
80001830:	02f4a823          	sw	a5,48(s1)
80001834:	00079463          	bnez	a5,8000183c <xQueueSemaphoreTake+0x84>
80001838:	30046073          	csrsi	mstatus,8
8000183c:	00001097          	auipc	ra,0x1
80001840:	1bc080e7          	jalr	444(ra) # 800029f8 <vTaskSuspendAll>
80001844:	30047073          	csrci	mstatus,8
80001848:	04444783          	lbu	a5,68(s0)
8000184c:	0304a703          	lw	a4,48(s1)
80001850:	01879793          	slli	a5,a5,0x18
80001854:	4187d793          	srai	a5,a5,0x18
80001858:	01279463          	bne	a5,s2,80001860 <xQueueSemaphoreTake+0xa8>
8000185c:	04040223          	sb	zero,68(s0)
80001860:	04544783          	lbu	a5,69(s0)
80001864:	01879793          	slli	a5,a5,0x18
80001868:	4187d793          	srai	a5,a5,0x18
8000186c:	0b278463          	beq	a5,s2,80001914 <xQueueSemaphoreTake+0x15c>
80001870:	00071463          	bnez	a4,80001878 <xQueueSemaphoreTake+0xc0>
80001874:	30046073          	csrsi	mstatus,8
80001878:	00c10593          	addi	a1,sp,12
8000187c:	01810513          	addi	a0,sp,24
80001880:	00002097          	auipc	ra,0x2
80001884:	cb4080e7          	jalr	-844(ra) # 80003534 <xTaskCheckForTimeOut>
80001888:	10051463          	bnez	a0,80001990 <xQueueSemaphoreTake+0x1d8>
8000188c:	30047073          	csrci	mstatus,8
80001890:	03842783          	lw	a5,56(s0)
80001894:	0304a703          	lw	a4,48(s1)
80001898:	08079263          	bnez	a5,8000191c <xQueueSemaphoreTake+0x164>
8000189c:	00071463          	bnez	a4,800018a4 <xQueueSemaphoreTake+0xec>
800018a0:	30046073          	csrsi	mstatus,8
800018a4:	00c12583          	lw	a1,12(sp)
800018a8:	02440513          	addi	a0,s0,36
800018ac:	00001097          	auipc	ra,0x1
800018b0:	774080e7          	jalr	1908(ra) # 80003020 <vTaskPlaceOnEventList>
800018b4:	00040513          	mv	a0,s0
800018b8:	fffff097          	auipc	ra,0xfffff
800018bc:	1f0080e7          	jalr	496(ra) # 80000aa8 <prvUnlockQueue>
800018c0:	00001097          	auipc	ra,0x1
800018c4:	14c080e7          	jalr	332(ra) # 80002a0c <xTaskResumeAll>
800018c8:	00051463          	bnez	a0,800018d0 <xQueueSemaphoreTake+0x118>
800018cc:	00000073          	ecall
800018d0:	30047073          	csrci	mstatus,8
800018d4:	0304a703          	lw	a4,48(s1)
800018d8:	03842783          	lw	a5,56(s0)
800018dc:	00170693          	addi	a3,a4,1
800018e0:	02d4a823          	sw	a3,48(s1)
800018e4:	06079663          	bnez	a5,80001950 <xQueueSemaphoreTake+0x198>
800018e8:	00c12783          	lw	a5,12(sp)
800018ec:	f2079ee3          	bnez	a5,80001828 <xQueueSemaphoreTake+0x70>
800018f0:	02e4a823          	sw	a4,48(s1)
800018f4:	0c070863          	beqz	a4,800019c4 <xQueueSemaphoreTake+0x20c>
800018f8:	02c12083          	lw	ra,44(sp)
800018fc:	02812403          	lw	s0,40(sp)
80001900:	02012903          	lw	s2,32(sp)
80001904:	02412483          	lw	s1,36(sp)
80001908:	00000513          	li	a0,0
8000190c:	03010113          	addi	sp,sp,48
80001910:	00008067          	ret
80001914:	040402a3          	sb	zero,69(s0)
80001918:	f59ff06f          	j	80001870 <xQueueSemaphoreTake+0xb8>
8000191c:	00071463          	bnez	a4,80001924 <xQueueSemaphoreTake+0x16c>
80001920:	30046073          	csrsi	mstatus,8
80001924:	00040513          	mv	a0,s0
80001928:	fffff097          	auipc	ra,0xfffff
8000192c:	180080e7          	jalr	384(ra) # 80000aa8 <prvUnlockQueue>
80001930:	00001097          	auipc	ra,0x1
80001934:	0dc080e7          	jalr	220(ra) # 80002a0c <xTaskResumeAll>
80001938:	30047073          	csrci	mstatus,8
8000193c:	0304a703          	lw	a4,48(s1)
80001940:	03842783          	lw	a5,56(s0)
80001944:	00170693          	addi	a3,a4,1
80001948:	02d4a823          	sw	a3,48(s1)
8000194c:	f8078ee3          	beqz	a5,800018e8 <xQueueSemaphoreTake+0x130>
80001950:	02012903          	lw	s2,32(sp)
80001954:	01042703          	lw	a4,16(s0)
80001958:	fff78793          	addi	a5,a5,-1
8000195c:	02f42c23          	sw	a5,56(s0)
80001960:	0a071a63          	bnez	a4,80001a14 <xQueueSemaphoreTake+0x25c>
80001964:	0304a783          	lw	a5,48(s1)
80001968:	fff78793          	addi	a5,a5,-1
8000196c:	02f4a823          	sw	a5,48(s1)
80001970:	00079463          	bnez	a5,80001978 <xQueueSemaphoreTake+0x1c0>
80001974:	30046073          	csrsi	mstatus,8
80001978:	02c12083          	lw	ra,44(sp)
8000197c:	02812403          	lw	s0,40(sp)
80001980:	02412483          	lw	s1,36(sp)
80001984:	00100513          	li	a0,1
80001988:	03010113          	addi	sp,sp,48
8000198c:	00008067          	ret
80001990:	00040513          	mv	a0,s0
80001994:	fffff097          	auipc	ra,0xfffff
80001998:	114080e7          	jalr	276(ra) # 80000aa8 <prvUnlockQueue>
8000199c:	00001097          	auipc	ra,0x1
800019a0:	070080e7          	jalr	112(ra) # 80002a0c <xTaskResumeAll>
800019a4:	30047073          	csrci	mstatus,8
800019a8:	03842703          	lw	a4,56(s0)
800019ac:	0304a783          	lw	a5,48(s1)
800019b0:	00070863          	beqz	a4,800019c0 <xQueueSemaphoreTake+0x208>
800019b4:	f0079ee3          	bnez	a5,800018d0 <xQueueSemaphoreTake+0x118>
800019b8:	30046073          	csrsi	mstatus,8
800019bc:	f15ff06f          	j	800018d0 <xQueueSemaphoreTake+0x118>
800019c0:	f2079ce3          	bnez	a5,800018f8 <xQueueSemaphoreTake+0x140>
800019c4:	30046073          	csrsi	mstatus,8
800019c8:	f31ff06f          	j	800018f8 <xQueueSemaphoreTake+0x140>
800019cc:	80005537          	lui	a0,0x80005
800019d0:	e2050513          	addi	a0,a0,-480 # 80004e20 <__clzsi2+0x220>
800019d4:	68600593          	li	a1,1670
800019d8:	fffff097          	auipc	ra,0xfffff
800019dc:	af8080e7          	jalr	-1288(ra) # 800004d0 <vAssertCalled>
800019e0:	dfdff06f          	j	800017dc <xQueueSemaphoreTake+0x24>
800019e4:	80005537          	lui	a0,0x80005
800019e8:	e2050513          	addi	a0,a0,-480 # 80004e20 <__clzsi2+0x220>
800019ec:	68b00593          	li	a1,1675
800019f0:	fffff097          	auipc	ra,0xfffff
800019f4:	ae0080e7          	jalr	-1312(ra) # 800004d0 <vAssertCalled>
800019f8:	df9ff06f          	j	800017f0 <xQueueSemaphoreTake+0x38>
800019fc:	80005537          	lui	a0,0x80005
80001a00:	e2050513          	addi	a0,a0,-480 # 80004e20 <__clzsi2+0x220>
80001a04:	68200593          	li	a1,1666
80001a08:	fffff097          	auipc	ra,0xfffff
80001a0c:	ac8080e7          	jalr	-1336(ra) # 800004d0 <vAssertCalled>
80001a10:	dc5ff06f          	j	800017d4 <xQueueSemaphoreTake+0x1c>
80001a14:	01040513          	addi	a0,s0,16
80001a18:	00001097          	auipc	ra,0x1
80001a1c:	768080e7          	jalr	1896(ra) # 80003180 <xTaskRemoveFromEventList>
80001a20:	f40502e3          	beqz	a0,80001964 <xQueueSemaphoreTake+0x1ac>
80001a24:	00000073          	ecall
80001a28:	f3dff06f          	j	80001964 <xQueueSemaphoreTake+0x1ac>

80001a2c <xQueuePeek>:
80001a2c:	fc010113          	addi	sp,sp,-64
80001a30:	02812c23          	sw	s0,56(sp)
80001a34:	03312623          	sw	s3,44(sp)
80001a38:	02112e23          	sw	ra,60(sp)
80001a3c:	02912a23          	sw	s1,52(sp)
80001a40:	03212823          	sw	s2,48(sp)
80001a44:	00c12623          	sw	a2,12(sp)
80001a48:	00050413          	mv	s0,a0
80001a4c:	00058993          	mv	s3,a1
80001a50:	24050063          	beqz	a0,80001c90 <xQueuePeek+0x264>
80001a54:	20098e63          	beqz	s3,80001c70 <xQueuePeek+0x244>
80001a58:	00002097          	auipc	ra,0x2
80001a5c:	bd8080e7          	jalr	-1064(ra) # 80003630 <xTaskGetSchedulerState>
80001a60:	00051663          	bnez	a0,80001a6c <xQueuePeek+0x40>
80001a64:	00c12783          	lw	a5,12(sp)
80001a68:	24079063          	bnez	a5,80001ca8 <xQueuePeek+0x27c>
80001a6c:	30047073          	csrci	mstatus,8
80001a70:	800054b7          	lui	s1,0x80005
80001a74:	0304a783          	lw	a5,48(s1) # 80005030 <xCriticalNesting>
80001a78:	03842703          	lw	a4,56(s0)
80001a7c:	00178693          	addi	a3,a5,1
80001a80:	02d4a823          	sw	a3,48(s1)
80001a84:	14071463          	bnez	a4,80001bcc <xQueuePeek+0x1a0>
80001a88:	00c12703          	lw	a4,12(sp)
80001a8c:	0c070e63          	beqz	a4,80001b68 <xQueuePeek+0x13c>
80001a90:	01810513          	addi	a0,sp,24
80001a94:	00002097          	auipc	ra,0x2
80001a98:	a84080e7          	jalr	-1404(ra) # 80003518 <vTaskInternalSetTimeOutState>
80001a9c:	fff00913          	li	s2,-1
80001aa0:	0304a783          	lw	a5,48(s1)
80001aa4:	fff78793          	addi	a5,a5,-1
80001aa8:	02f4a823          	sw	a5,48(s1)
80001aac:	00079463          	bnez	a5,80001ab4 <xQueuePeek+0x88>
80001ab0:	30046073          	csrsi	mstatus,8
80001ab4:	00001097          	auipc	ra,0x1
80001ab8:	f44080e7          	jalr	-188(ra) # 800029f8 <vTaskSuspendAll>
80001abc:	30047073          	csrci	mstatus,8
80001ac0:	04444783          	lbu	a5,68(s0)
80001ac4:	0304a703          	lw	a4,48(s1)
80001ac8:	01879793          	slli	a5,a5,0x18
80001acc:	4187d793          	srai	a5,a5,0x18
80001ad0:	01279463          	bne	a5,s2,80001ad8 <xQueuePeek+0xac>
80001ad4:	04040223          	sb	zero,68(s0)
80001ad8:	04544783          	lbu	a5,69(s0)
80001adc:	01879793          	slli	a5,a5,0x18
80001ae0:	4187d793          	srai	a5,a5,0x18
80001ae4:	0b278663          	beq	a5,s2,80001b90 <xQueuePeek+0x164>
80001ae8:	00071463          	bnez	a4,80001af0 <xQueuePeek+0xc4>
80001aec:	30046073          	csrsi	mstatus,8
80001af0:	00c10593          	addi	a1,sp,12
80001af4:	01810513          	addi	a0,sp,24
80001af8:	00002097          	auipc	ra,0x2
80001afc:	a3c080e7          	jalr	-1476(ra) # 80003534 <xTaskCheckForTimeOut>
80001b00:	12051a63          	bnez	a0,80001c34 <xQueuePeek+0x208>
80001b04:	30047073          	csrci	mstatus,8
80001b08:	03842783          	lw	a5,56(s0)
80001b0c:	0304a703          	lw	a4,48(s1)
80001b10:	08079463          	bnez	a5,80001b98 <xQueuePeek+0x16c>
80001b14:	00071463          	bnez	a4,80001b1c <xQueuePeek+0xf0>
80001b18:	30046073          	csrsi	mstatus,8
80001b1c:	00c12583          	lw	a1,12(sp)
80001b20:	02440513          	addi	a0,s0,36
80001b24:	00001097          	auipc	ra,0x1
80001b28:	4fc080e7          	jalr	1276(ra) # 80003020 <vTaskPlaceOnEventList>
80001b2c:	00040513          	mv	a0,s0
80001b30:	fffff097          	auipc	ra,0xfffff
80001b34:	f78080e7          	jalr	-136(ra) # 80000aa8 <prvUnlockQueue>
80001b38:	00001097          	auipc	ra,0x1
80001b3c:	ed4080e7          	jalr	-300(ra) # 80002a0c <xTaskResumeAll>
80001b40:	00051463          	bnez	a0,80001b48 <xQueuePeek+0x11c>
80001b44:	00000073          	ecall
80001b48:	30047073          	csrci	mstatus,8
80001b4c:	0304a783          	lw	a5,48(s1)
80001b50:	03842703          	lw	a4,56(s0)
80001b54:	00178693          	addi	a3,a5,1
80001b58:	02d4a823          	sw	a3,48(s1)
80001b5c:	06071863          	bnez	a4,80001bcc <xQueuePeek+0x1a0>
80001b60:	00c12703          	lw	a4,12(sp)
80001b64:	f2071ee3          	bnez	a4,80001aa0 <xQueuePeek+0x74>
80001b68:	02f4a823          	sw	a5,48(s1)
80001b6c:	0e078e63          	beqz	a5,80001c68 <xQueuePeek+0x23c>
80001b70:	03c12083          	lw	ra,60(sp)
80001b74:	03812403          	lw	s0,56(sp)
80001b78:	03412483          	lw	s1,52(sp)
80001b7c:	03012903          	lw	s2,48(sp)
80001b80:	02c12983          	lw	s3,44(sp)
80001b84:	00000513          	li	a0,0
80001b88:	04010113          	addi	sp,sp,64
80001b8c:	00008067          	ret
80001b90:	040402a3          	sb	zero,69(s0)
80001b94:	f55ff06f          	j	80001ae8 <xQueuePeek+0xbc>
80001b98:	00071463          	bnez	a4,80001ba0 <xQueuePeek+0x174>
80001b9c:	30046073          	csrsi	mstatus,8
80001ba0:	00040513          	mv	a0,s0
80001ba4:	fffff097          	auipc	ra,0xfffff
80001ba8:	f04080e7          	jalr	-252(ra) # 80000aa8 <prvUnlockQueue>
80001bac:	00001097          	auipc	ra,0x1
80001bb0:	e60080e7          	jalr	-416(ra) # 80002a0c <xTaskResumeAll>
80001bb4:	30047073          	csrci	mstatus,8
80001bb8:	0304a783          	lw	a5,48(s1)
80001bbc:	03842703          	lw	a4,56(s0)
80001bc0:	00178693          	addi	a3,a5,1
80001bc4:	02d4a823          	sw	a3,48(s1)
80001bc8:	f8070ce3          	beqz	a4,80001b60 <xQueuePeek+0x134>
80001bcc:	04042603          	lw	a2,64(s0)
80001bd0:	00c42903          	lw	s2,12(s0)
80001bd4:	02060063          	beqz	a2,80001bf4 <xQueuePeek+0x1c8>
80001bd8:	00842783          	lw	a5,8(s0)
80001bdc:	00c905b3          	add	a1,s2,a2
80001be0:	00b42623          	sw	a1,12(s0)
80001be4:	0cf5fe63          	bgeu	a1,a5,80001cc0 <xQueuePeek+0x294>
80001be8:	00098513          	mv	a0,s3
80001bec:	fffff097          	auipc	ra,0xfffff
80001bf0:	ccc080e7          	jalr	-820(ra) # 800008b8 <memcpy>
80001bf4:	02442783          	lw	a5,36(s0)
80001bf8:	01242623          	sw	s2,12(s0)
80001bfc:	0c079863          	bnez	a5,80001ccc <xQueuePeek+0x2a0>
80001c00:	0304a783          	lw	a5,48(s1)
80001c04:	fff78793          	addi	a5,a5,-1
80001c08:	02f4a823          	sw	a5,48(s1)
80001c0c:	00079463          	bnez	a5,80001c14 <xQueuePeek+0x1e8>
80001c10:	30046073          	csrsi	mstatus,8
80001c14:	03c12083          	lw	ra,60(sp)
80001c18:	03812403          	lw	s0,56(sp)
80001c1c:	03412483          	lw	s1,52(sp)
80001c20:	03012903          	lw	s2,48(sp)
80001c24:	02c12983          	lw	s3,44(sp)
80001c28:	00100513          	li	a0,1
80001c2c:	04010113          	addi	sp,sp,64
80001c30:	00008067          	ret
80001c34:	00040513          	mv	a0,s0
80001c38:	fffff097          	auipc	ra,0xfffff
80001c3c:	e70080e7          	jalr	-400(ra) # 80000aa8 <prvUnlockQueue>
80001c40:	00001097          	auipc	ra,0x1
80001c44:	dcc080e7          	jalr	-564(ra) # 80002a0c <xTaskResumeAll>
80001c48:	30047073          	csrci	mstatus,8
80001c4c:	03842703          	lw	a4,56(s0)
80001c50:	0304a783          	lw	a5,48(s1)
80001c54:	00070863          	beqz	a4,80001c64 <xQueuePeek+0x238>
80001c58:	ee0798e3          	bnez	a5,80001b48 <xQueuePeek+0x11c>
80001c5c:	30046073          	csrsi	mstatus,8
80001c60:	ee9ff06f          	j	80001b48 <xQueuePeek+0x11c>
80001c64:	f00796e3          	bnez	a5,80001b70 <xQueuePeek+0x144>
80001c68:	30046073          	csrsi	mstatus,8
80001c6c:	f05ff06f          	j	80001b70 <xQueuePeek+0x144>
80001c70:	04042783          	lw	a5,64(s0)
80001c74:	de0782e3          	beqz	a5,80001a58 <xQueuePeek+0x2c>
80001c78:	80005537          	lui	a0,0x80005
80001c7c:	e2050513          	addi	a0,a0,-480 # 80004e20 <__clzsi2+0x220>
80001c80:	76500593          	li	a1,1893
80001c84:	fffff097          	auipc	ra,0xfffff
80001c88:	84c080e7          	jalr	-1972(ra) # 800004d0 <vAssertCalled>
80001c8c:	dcdff06f          	j	80001a58 <xQueuePeek+0x2c>
80001c90:	80005537          	lui	a0,0x80005
80001c94:	e2050513          	addi	a0,a0,-480 # 80004e20 <__clzsi2+0x220>
80001c98:	76100593          	li	a1,1889
80001c9c:	fffff097          	auipc	ra,0xfffff
80001ca0:	834080e7          	jalr	-1996(ra) # 800004d0 <vAssertCalled>
80001ca4:	db1ff06f          	j	80001a54 <xQueuePeek+0x28>
80001ca8:	80005537          	lui	a0,0x80005
80001cac:	e2050513          	addi	a0,a0,-480 # 80004e20 <__clzsi2+0x220>
80001cb0:	76a00593          	li	a1,1898
80001cb4:	fffff097          	auipc	ra,0xfffff
80001cb8:	81c080e7          	jalr	-2020(ra) # 800004d0 <vAssertCalled>
80001cbc:	db1ff06f          	j	80001a6c <xQueuePeek+0x40>
80001cc0:	00042583          	lw	a1,0(s0)
80001cc4:	00b42623          	sw	a1,12(s0)
80001cc8:	f21ff06f          	j	80001be8 <xQueuePeek+0x1bc>
80001ccc:	02440513          	addi	a0,s0,36
80001cd0:	00001097          	auipc	ra,0x1
80001cd4:	4b0080e7          	jalr	1200(ra) # 80003180 <xTaskRemoveFromEventList>
80001cd8:	f20504e3          	beqz	a0,80001c00 <xQueuePeek+0x1d4>
80001cdc:	00000073          	ecall
80001ce0:	f21ff06f          	j	80001c00 <xQueuePeek+0x1d4>

80001ce4 <xQueueReceiveFromISR>:
80001ce4:	fe010113          	addi	sp,sp,-32
80001ce8:	00812c23          	sw	s0,24(sp)
80001cec:	00112e23          	sw	ra,28(sp)
80001cf0:	00050793          	mv	a5,a0
80001cf4:	00058693          	mv	a3,a1
80001cf8:	00060413          	mv	s0,a2
80001cfc:	0c050263          	beqz	a0,80001dc0 <xQueueReceiveFromISR+0xdc>
80001d00:	0a068063          	beqz	a3,80001da0 <xQueueReceiveFromISR+0xbc>
80001d04:	0387a703          	lw	a4,56(a5)
80001d08:	00071c63          	bnez	a4,80001d20 <xQueueReceiveFromISR+0x3c>
80001d0c:	01c12083          	lw	ra,28(sp)
80001d10:	01812403          	lw	s0,24(sp)
80001d14:	00000513          	li	a0,0
80001d18:	02010113          	addi	sp,sp,32
80001d1c:	00008067          	ret
80001d20:	0447c803          	lbu	a6,68(a5)
80001d24:	0407a603          	lw	a2,64(a5)
80001d28:	01881813          	slli	a6,a6,0x18
80001d2c:	41885813          	srai	a6,a6,0x18
80001d30:	04060263          	beqz	a2,80001d74 <xQueueReceiveFromISR+0x90>
80001d34:	00c7a583          	lw	a1,12(a5)
80001d38:	0087a503          	lw	a0,8(a5)
80001d3c:	00c585b3          	add	a1,a1,a2
80001d40:	00b7a623          	sw	a1,12(a5)
80001d44:	00a5e663          	bltu	a1,a0,80001d50 <xQueueReceiveFromISR+0x6c>
80001d48:	0007a583          	lw	a1,0(a5)
80001d4c:	00b7a623          	sw	a1,12(a5)
80001d50:	00068513          	mv	a0,a3
80001d54:	00f12623          	sw	a5,12(sp)
80001d58:	01012423          	sw	a6,8(sp)
80001d5c:	00e12223          	sw	a4,4(sp)
80001d60:	fffff097          	auipc	ra,0xfffff
80001d64:	b58080e7          	jalr	-1192(ra) # 800008b8 <memcpy>
80001d68:	00c12783          	lw	a5,12(sp)
80001d6c:	00812803          	lw	a6,8(sp)
80001d70:	00412703          	lw	a4,4(sp)
80001d74:	fff70713          	addi	a4,a4,-1
80001d78:	02e7ac23          	sw	a4,56(a5)
80001d7c:	fff00713          	li	a4,-1
80001d80:	06e81463          	bne	a6,a4,80001de8 <xQueueReceiveFromISR+0x104>
80001d84:	0107a703          	lw	a4,16(a5)
80001d88:	08071a63          	bnez	a4,80001e1c <xQueueReceiveFromISR+0x138>
80001d8c:	00100513          	li	a0,1
80001d90:	01c12083          	lw	ra,28(sp)
80001d94:	01812403          	lw	s0,24(sp)
80001d98:	02010113          	addi	sp,sp,32
80001d9c:	00008067          	ret
80001da0:	0407a703          	lw	a4,64(a5)
80001da4:	08071e63          	bnez	a4,80001e40 <xQueueReceiveFromISR+0x15c>
80001da8:	0387a703          	lw	a4,56(a5)
80001dac:	f60700e3          	beqz	a4,80001d0c <xQueueReceiveFromISR+0x28>
80001db0:	0447c803          	lbu	a6,68(a5)
80001db4:	01881813          	slli	a6,a6,0x18
80001db8:	41885813          	srai	a6,a6,0x18
80001dbc:	fb9ff06f          	j	80001d74 <xQueueReceiveFromISR+0x90>
80001dc0:	00a12223          	sw	a0,4(sp)
80001dc4:	80005537          	lui	a0,0x80005
80001dc8:	00b12423          	sw	a1,8(sp)
80001dcc:	e2050513          	addi	a0,a0,-480 # 80004e20 <__clzsi2+0x220>
80001dd0:	7fd00593          	li	a1,2045
80001dd4:	ffffe097          	auipc	ra,0xffffe
80001dd8:	6fc080e7          	jalr	1788(ra) # 800004d0 <vAssertCalled>
80001ddc:	00812683          	lw	a3,8(sp)
80001de0:	00412783          	lw	a5,4(sp)
80001de4:	f1dff06f          	j	80001d00 <xQueueReceiveFromISR+0x1c>
80001de8:	01012223          	sw	a6,4(sp)
80001dec:	00f12423          	sw	a5,8(sp)
80001df0:	00001097          	auipc	ra,0x1
80001df4:	f28080e7          	jalr	-216(ra) # 80002d18 <uxTaskGetNumberOfTasks>
80001df8:	00412803          	lw	a6,4(sp)
80001dfc:	f8a878e3          	bgeu	a6,a0,80001d8c <xQueueReceiveFromISR+0xa8>
80001e00:	07f00713          	li	a4,127
80001e04:	00812783          	lw	a5,8(sp)
80001e08:	06e80063          	beq	a6,a4,80001e68 <xQueueReceiveFromISR+0x184>
80001e0c:	00180813          	addi	a6,a6,1
80001e10:	05078223          	sb	a6,68(a5)
80001e14:	00100513          	li	a0,1
80001e18:	f79ff06f          	j	80001d90 <xQueueReceiveFromISR+0xac>
80001e1c:	01078513          	addi	a0,a5,16
80001e20:	00001097          	auipc	ra,0x1
80001e24:	360080e7          	jalr	864(ra) # 80003180 <xTaskRemoveFromEventList>
80001e28:	f60402e3          	beqz	s0,80001d8c <xQueueReceiveFromISR+0xa8>
80001e2c:	f60500e3          	beqz	a0,80001d8c <xQueueReceiveFromISR+0xa8>
80001e30:	00100793          	li	a5,1
80001e34:	00f42023          	sw	a5,0(s0)
80001e38:	00100513          	li	a0,1
80001e3c:	f55ff06f          	j	80001d90 <xQueueReceiveFromISR+0xac>
80001e40:	80005537          	lui	a0,0x80005
80001e44:	e2050513          	addi	a0,a0,-480 # 80004e20 <__clzsi2+0x220>
80001e48:	7fe00593          	li	a1,2046
80001e4c:	00d12423          	sw	a3,8(sp)
80001e50:	00f12223          	sw	a5,4(sp)
80001e54:	ffffe097          	auipc	ra,0xffffe
80001e58:	67c080e7          	jalr	1660(ra) # 800004d0 <vAssertCalled>
80001e5c:	00812683          	lw	a3,8(sp)
80001e60:	00412783          	lw	a5,4(sp)
80001e64:	ea1ff06f          	j	80001d04 <xQueueReceiveFromISR+0x20>
80001e68:	80005537          	lui	a0,0x80005
80001e6c:	000015b7          	lui	a1,0x1
80001e70:	84458593          	addi	a1,a1,-1980 # 844 <_start-0x7ffff7bc>
80001e74:	e2050513          	addi	a0,a0,-480 # 80004e20 <__clzsi2+0x220>
80001e78:	01012223          	sw	a6,4(sp)
80001e7c:	ffffe097          	auipc	ra,0xffffe
80001e80:	654080e7          	jalr	1620(ra) # 800004d0 <vAssertCalled>
80001e84:	00812783          	lw	a5,8(sp)
80001e88:	00412803          	lw	a6,4(sp)
80001e8c:	f81ff06f          	j	80001e0c <xQueueReceiveFromISR+0x128>

80001e90 <xQueuePeekFromISR>:
80001e90:	fe010113          	addi	sp,sp,-32
80001e94:	00112e23          	sw	ra,28(sp)
80001e98:	00050793          	mv	a5,a0
80001e9c:	00058713          	mv	a4,a1
80001ea0:	08050063          	beqz	a0,80001f20 <xQueuePeekFromISR+0x90>
80001ea4:	02070263          	beqz	a4,80001ec8 <xQueuePeekFromISR+0x38>
80001ea8:	0407a603          	lw	a2,64(a5)
80001eac:	02060263          	beqz	a2,80001ed0 <xQueuePeekFromISR+0x40>
80001eb0:	0387a683          	lw	a3,56(a5)
80001eb4:	08069c63          	bnez	a3,80001f4c <xQueuePeekFromISR+0xbc>
80001eb8:	01c12083          	lw	ra,28(sp)
80001ebc:	00000513          	li	a0,0
80001ec0:	02010113          	addi	sp,sp,32
80001ec4:	00008067          	ret
80001ec8:	0407a683          	lw	a3,64(a5)
80001ecc:	0a069e63          	bnez	a3,80001f88 <xQueuePeekFromISR+0xf8>
80001ed0:	80005537          	lui	a0,0x80005
80001ed4:	000015b7          	lui	a1,0x1
80001ed8:	86358593          	addi	a1,a1,-1949 # 863 <_start-0x7ffff79d>
80001edc:	e2050513          	addi	a0,a0,-480 # 80004e20 <__clzsi2+0x220>
80001ee0:	00e12623          	sw	a4,12(sp)
80001ee4:	00f12423          	sw	a5,8(sp)
80001ee8:	ffffe097          	auipc	ra,0xffffe
80001eec:	5e8080e7          	jalr	1512(ra) # 800004d0 <vAssertCalled>
80001ef0:	00812783          	lw	a5,8(sp)
80001ef4:	00c12703          	lw	a4,12(sp)
80001ef8:	0387a683          	lw	a3,56(a5)
80001efc:	fa068ee3          	beqz	a3,80001eb8 <xQueuePeekFromISR+0x28>
80001f00:	0407a603          	lw	a2,64(a5)
80001f04:	00c7a683          	lw	a3,12(a5)
80001f08:	04061463          	bnez	a2,80001f50 <xQueuePeekFromISR+0xc0>
80001f0c:	01c12083          	lw	ra,28(sp)
80001f10:	00d7a623          	sw	a3,12(a5)
80001f14:	00100513          	li	a0,1
80001f18:	02010113          	addi	sp,sp,32
80001f1c:	00008067          	ret
80001f20:	00b12623          	sw	a1,12(sp)
80001f24:	00a12423          	sw	a0,8(sp)
80001f28:	000015b7          	lui	a1,0x1
80001f2c:	80005537          	lui	a0,0x80005
80001f30:	86158593          	addi	a1,a1,-1951 # 861 <_start-0x7ffff79f>
80001f34:	e2050513          	addi	a0,a0,-480 # 80004e20 <__clzsi2+0x220>
80001f38:	ffffe097          	auipc	ra,0xffffe
80001f3c:	598080e7          	jalr	1432(ra) # 800004d0 <vAssertCalled>
80001f40:	00c12703          	lw	a4,12(sp)
80001f44:	00812783          	lw	a5,8(sp)
80001f48:	f5dff06f          	j	80001ea4 <xQueuePeekFromISR+0x14>
80001f4c:	00c7a683          	lw	a3,12(a5)
80001f50:	0087a503          	lw	a0,8(a5)
80001f54:	00c685b3          	add	a1,a3,a2
80001f58:	00b7a623          	sw	a1,12(a5)
80001f5c:	00a5e663          	bltu	a1,a0,80001f68 <xQueuePeekFromISR+0xd8>
80001f60:	0007a583          	lw	a1,0(a5)
80001f64:	00b7a623          	sw	a1,12(a5)
80001f68:	00070513          	mv	a0,a4
80001f6c:	00f12623          	sw	a5,12(sp)
80001f70:	00d12423          	sw	a3,8(sp)
80001f74:	fffff097          	auipc	ra,0xfffff
80001f78:	944080e7          	jalr	-1724(ra) # 800008b8 <memcpy>
80001f7c:	00c12783          	lw	a5,12(sp)
80001f80:	00812683          	lw	a3,8(sp)
80001f84:	f89ff06f          	j	80001f0c <xQueuePeekFromISR+0x7c>
80001f88:	80005537          	lui	a0,0x80005
80001f8c:	000015b7          	lui	a1,0x1
80001f90:	86258593          	addi	a1,a1,-1950 # 862 <_start-0x7ffff79e>
80001f94:	e2050513          	addi	a0,a0,-480 # 80004e20 <__clzsi2+0x220>
80001f98:	00e12623          	sw	a4,12(sp)
80001f9c:	00f12423          	sw	a5,8(sp)
80001fa0:	ffffe097          	auipc	ra,0xffffe
80001fa4:	530080e7          	jalr	1328(ra) # 800004d0 <vAssertCalled>
80001fa8:	00c12703          	lw	a4,12(sp)
80001fac:	00812783          	lw	a5,8(sp)
80001fb0:	ef9ff06f          	j	80001ea8 <xQueuePeekFromISR+0x18>

80001fb4 <uxQueueMessagesWaiting>:
80001fb4:	02050263          	beqz	a0,80001fd8 <uxQueueMessagesWaiting+0x24>
80001fb8:	30047073          	csrci	mstatus,8
80001fbc:	80005737          	lui	a4,0x80005
80001fc0:	03072703          	lw	a4,48(a4) # 80005030 <xCriticalNesting>
80001fc4:	03852503          	lw	a0,56(a0)
80001fc8:	00071663          	bnez	a4,80001fd4 <uxQueueMessagesWaiting+0x20>
80001fcc:	30046073          	csrsi	mstatus,8
80001fd0:	00008067          	ret
80001fd4:	00008067          	ret
80001fd8:	fe010113          	addi	sp,sp,-32
80001fdc:	00a12623          	sw	a0,12(sp)
80001fe0:	000015b7          	lui	a1,0x1
80001fe4:	80005537          	lui	a0,0x80005
80001fe8:	89b58593          	addi	a1,a1,-1893 # 89b <_start-0x7ffff765>
80001fec:	e2050513          	addi	a0,a0,-480 # 80004e20 <__clzsi2+0x220>
80001ff0:	00112e23          	sw	ra,28(sp)
80001ff4:	ffffe097          	auipc	ra,0xffffe
80001ff8:	4dc080e7          	jalr	1244(ra) # 800004d0 <vAssertCalled>
80001ffc:	00c12783          	lw	a5,12(sp)
80002000:	30047073          	csrci	mstatus,8
80002004:	80005737          	lui	a4,0x80005
80002008:	03072703          	lw	a4,48(a4) # 80005030 <xCriticalNesting>
8000200c:	0387a503          	lw	a0,56(a5)
80002010:	00071463          	bnez	a4,80002018 <uxQueueMessagesWaiting+0x64>
80002014:	30046073          	csrsi	mstatus,8
80002018:	01c12083          	lw	ra,28(sp)
8000201c:	02010113          	addi	sp,sp,32
80002020:	00008067          	ret

80002024 <uxQueueSpacesAvailable>:
80002024:	02050663          	beqz	a0,80002050 <uxQueueSpacesAvailable+0x2c>
80002028:	30047073          	csrci	mstatus,8
8000202c:	800056b7          	lui	a3,0x80005
80002030:	03852703          	lw	a4,56(a0)
80002034:	0306a783          	lw	a5,48(a3) # 80005030 <xCriticalNesting>
80002038:	03c52503          	lw	a0,60(a0)
8000203c:	40e50533          	sub	a0,a0,a4
80002040:	00079663          	bnez	a5,8000204c <uxQueueSpacesAvailable+0x28>
80002044:	30046073          	csrsi	mstatus,8
80002048:	00008067          	ret
8000204c:	00008067          	ret
80002050:	fe010113          	addi	sp,sp,-32
80002054:	00a12623          	sw	a0,12(sp)
80002058:	000015b7          	lui	a1,0x1
8000205c:	80005537          	lui	a0,0x80005
80002060:	8b058593          	addi	a1,a1,-1872 # 8b0 <_start-0x7ffff750>
80002064:	e2050513          	addi	a0,a0,-480 # 80004e20 <__clzsi2+0x220>
80002068:	00112e23          	sw	ra,28(sp)
8000206c:	ffffe097          	auipc	ra,0xffffe
80002070:	464080e7          	jalr	1124(ra) # 800004d0 <vAssertCalled>
80002074:	00c12783          	lw	a5,12(sp)
80002078:	30047073          	csrci	mstatus,8
8000207c:	800056b7          	lui	a3,0x80005
80002080:	0387a703          	lw	a4,56(a5)
80002084:	03c7a503          	lw	a0,60(a5)
80002088:	0306a783          	lw	a5,48(a3) # 80005030 <xCriticalNesting>
8000208c:	40e50533          	sub	a0,a0,a4
80002090:	00079463          	bnez	a5,80002098 <uxQueueSpacesAvailable+0x74>
80002094:	30046073          	csrsi	mstatus,8
80002098:	01c12083          	lw	ra,28(sp)
8000209c:	02010113          	addi	sp,sp,32
800020a0:	00008067          	ret

800020a4 <uxQueueMessagesWaitingFromISR>:
800020a4:	00050663          	beqz	a0,800020b0 <uxQueueMessagesWaitingFromISR+0xc>
800020a8:	03852503          	lw	a0,56(a0)
800020ac:	00008067          	ret
800020b0:	fe010113          	addi	sp,sp,-32
800020b4:	00a12623          	sw	a0,12(sp)
800020b8:	000015b7          	lui	a1,0x1
800020bc:	80005537          	lui	a0,0x80005
800020c0:	e2050513          	addi	a0,a0,-480 # 80004e20 <__clzsi2+0x220>
800020c4:	8c558593          	addi	a1,a1,-1851 # 8c5 <_start-0x7ffff73b>
800020c8:	00112e23          	sw	ra,28(sp)
800020cc:	ffffe097          	auipc	ra,0xffffe
800020d0:	404080e7          	jalr	1028(ra) # 800004d0 <vAssertCalled>
800020d4:	00c12783          	lw	a5,12(sp)
800020d8:	01c12083          	lw	ra,28(sp)
800020dc:	0387a503          	lw	a0,56(a5)
800020e0:	02010113          	addi	sp,sp,32
800020e4:	00008067          	ret

800020e8 <vQueueDelete>:
800020e8:	00050463          	beqz	a0,800020f0 <vQueueDelete+0x8>
800020ec:	00008067          	ret
800020f0:	80005537          	lui	a0,0x80005
800020f4:	000015b7          	lui	a1,0x1
800020f8:	8d458593          	addi	a1,a1,-1836 # 8d4 <_start-0x7ffff72c>
800020fc:	e2050513          	addi	a0,a0,-480 # 80004e20 <__clzsi2+0x220>
80002100:	ffffe317          	auipc	t1,0xffffe
80002104:	3d030067          	jr	976(t1) # 800004d0 <vAssertCalled>

80002108 <uxQueueGetQueueItemSize>:
80002108:	04052503          	lw	a0,64(a0)
8000210c:	00008067          	ret

80002110 <uxQueueGetQueueLength>:
80002110:	03c52503          	lw	a0,60(a0)
80002114:	00008067          	ret

80002118 <xQueueIsQueueEmptyFromISR>:
80002118:	00050863          	beqz	a0,80002128 <xQueueIsQueueEmptyFromISR+0x10>
8000211c:	03852503          	lw	a0,56(a0)
80002120:	00153513          	seqz	a0,a0
80002124:	00008067          	ret
80002128:	fe010113          	addi	sp,sp,-32
8000212c:	00a12623          	sw	a0,12(sp)
80002130:	000015b7          	lui	a1,0x1
80002134:	80005537          	lui	a0,0x80005
80002138:	e2050513          	addi	a0,a0,-480 # 80004e20 <__clzsi2+0x220>
8000213c:	a5258593          	addi	a1,a1,-1454 # a52 <_start-0x7ffff5ae>
80002140:	00112e23          	sw	ra,28(sp)
80002144:	ffffe097          	auipc	ra,0xffffe
80002148:	38c080e7          	jalr	908(ra) # 800004d0 <vAssertCalled>
8000214c:	00c12783          	lw	a5,12(sp)
80002150:	01c12083          	lw	ra,28(sp)
80002154:	0387a503          	lw	a0,56(a5)
80002158:	02010113          	addi	sp,sp,32
8000215c:	00153513          	seqz	a0,a0
80002160:	00008067          	ret

80002164 <xQueueIsQueueFullFromISR>:
80002164:	00050c63          	beqz	a0,8000217c <xQueueIsQueueFullFromISR+0x18>
80002168:	03852703          	lw	a4,56(a0)
8000216c:	03c52503          	lw	a0,60(a0)
80002170:	40e50533          	sub	a0,a0,a4
80002174:	00153513          	seqz	a0,a0
80002178:	00008067          	ret
8000217c:	fe010113          	addi	sp,sp,-32
80002180:	00a12623          	sw	a0,12(sp)
80002184:	000015b7          	lui	a1,0x1
80002188:	80005537          	lui	a0,0x80005
8000218c:	e2050513          	addi	a0,a0,-480 # 80004e20 <__clzsi2+0x220>
80002190:	a7f58593          	addi	a1,a1,-1409 # a7f <_start-0x7ffff581>
80002194:	00112e23          	sw	ra,28(sp)
80002198:	ffffe097          	auipc	ra,0xffffe
8000219c:	338080e7          	jalr	824(ra) # 800004d0 <vAssertCalled>
800021a0:	00c12783          	lw	a5,12(sp)
800021a4:	01c12083          	lw	ra,28(sp)
800021a8:	0387a703          	lw	a4,56(a5)
800021ac:	03c7a503          	lw	a0,60(a5)
800021b0:	02010113          	addi	sp,sp,32
800021b4:	40e50533          	sub	a0,a0,a4
800021b8:	00153513          	seqz	a0,a0
800021bc:	00008067          	ret

800021c0 <prvIdleTask>:
800021c0:	80006737          	lui	a4,0x80006
800021c4:	1b870713          	addi	a4,a4,440 # 800061b8 <pxReadyTasksLists>
800021c8:	00100693          	li	a3,1
800021cc:	0080006f          	j	800021d4 <prvIdleTask+0x14>
800021d0:	00000073          	ecall
800021d4:	00072783          	lw	a5,0(a4)
800021d8:	fef6ece3          	bltu	a3,a5,800021d0 <prvIdleTask+0x10>
800021dc:	0000006f          	j	800021dc <prvIdleTask+0x1c>

800021e0 <prvAddCurrentTaskToDelayedList.isra.0>:
800021e0:	fd010113          	addi	sp,sp,-48
800021e4:	800056b7          	lui	a3,0x80005
800021e8:	80005737          	lui	a4,0x80005
800021ec:	800057b7          	lui	a5,0x80005
800021f0:	02912223          	sw	s1,36(sp)
800021f4:	0646a483          	lw	s1,100(a3) # 80005064 <xTickCount>
800021f8:	07072703          	lw	a4,112(a4) # 80005070 <pxDelayedTaskList>
800021fc:	06c7a783          	lw	a5,108(a5) # 8000506c <pxOverflowDelayedTaskList>
80002200:	02812423          	sw	s0,40(sp)
80002204:	80005437          	lui	s0,0x80005
80002208:	01412c23          	sw	s4,24(sp)
8000220c:	00078a13          	mv	s4,a5
80002210:	07442783          	lw	a5,116(s0) # 80005074 <pxCurrentTCB>
80002214:	03212023          	sw	s2,32(sp)
80002218:	00050913          	mv	s2,a0
8000221c:	00478513          	addi	a0,a5,4
80002220:	01312e23          	sw	s3,28(sp)
80002224:	02112623          	sw	ra,44(sp)
80002228:	00070993          	mv	s3,a4
8000222c:	fffff097          	auipc	ra,0xfffff
80002230:	834080e7          	jalr	-1996(ra) # 80000a60 <uxListRemove>
80002234:	02051463          	bnez	a0,8000225c <prvAddCurrentTaskToDelayedList.isra.0+0x7c>
80002238:	07442683          	lw	a3,116(s0)
8000223c:	80005737          	lui	a4,0x80005
80002240:	00100793          	li	a5,1
80002244:	02c6a603          	lw	a2,44(a3)
80002248:	06072683          	lw	a3,96(a4) # 80005060 <uxTopReadyPriority>
8000224c:	00c797b3          	sll	a5,a5,a2
80002250:	fff7c793          	not	a5,a5
80002254:	00d7f7b3          	and	a5,a5,a3
80002258:	06f72023          	sw	a5,96(a4)
8000225c:	07442703          	lw	a4,116(s0)
80002260:	012487b3          	add	a5,s1,s2
80002264:	00f72223          	sw	a5,4(a4)
80002268:	0297fa63          	bgeu	a5,s1,8000229c <prvAddCurrentTaskToDelayedList.isra.0+0xbc>
8000226c:	07442583          	lw	a1,116(s0)
80002270:	02812403          	lw	s0,40(sp)
80002274:	02c12083          	lw	ra,44(sp)
80002278:	02412483          	lw	s1,36(sp)
8000227c:	02012903          	lw	s2,32(sp)
80002280:	01c12983          	lw	s3,28(sp)
80002284:	000a0513          	mv	a0,s4
80002288:	01812a03          	lw	s4,24(sp)
8000228c:	00458593          	addi	a1,a1,4
80002290:	03010113          	addi	sp,sp,48
80002294:	ffffe317          	auipc	t1,0xffffe
80002298:	77c30067          	jr	1916(t1) # 80000a10 <vListInsert>
8000229c:	07442583          	lw	a1,116(s0)
800022a0:	00098513          	mv	a0,s3
800022a4:	00f12623          	sw	a5,12(sp)
800022a8:	00458593          	addi	a1,a1,4
800022ac:	ffffe097          	auipc	ra,0xffffe
800022b0:	764080e7          	jalr	1892(ra) # 80000a10 <vListInsert>
800022b4:	80005737          	lui	a4,0x80005
800022b8:	04872683          	lw	a3,72(a4) # 80005048 <xNextTaskUnblockTime>
800022bc:	00c12783          	lw	a5,12(sp)
800022c0:	00d7f463          	bgeu	a5,a3,800022c8 <prvAddCurrentTaskToDelayedList.isra.0+0xe8>
800022c4:	04f72423          	sw	a5,72(a4)
800022c8:	02c12083          	lw	ra,44(sp)
800022cc:	02812403          	lw	s0,40(sp)
800022d0:	02412483          	lw	s1,36(sp)
800022d4:	02012903          	lw	s2,32(sp)
800022d8:	01c12983          	lw	s3,28(sp)
800022dc:	01812a03          	lw	s4,24(sp)
800022e0:	03010113          	addi	sp,sp,48
800022e4:	00008067          	ret

800022e8 <xTaskIncrementTick.part.0>:
800022e8:	800057b7          	lui	a5,0x80005
800022ec:	0647ae03          	lw	t3,100(a5) # 80005064 <xTickCount>
800022f0:	fe010113          	addi	sp,sp,-32
800022f4:	00112e23          	sw	ra,28(sp)
800022f8:	001e0e13          	addi	t3,t3,1
800022fc:	07c7a223          	sw	t3,100(a5)
80002300:	120e0a63          	beqz	t3,80002434 <xTaskIncrementTick.part.0+0x14c>
80002304:	800053b7          	lui	t2,0x80005
80002308:	0483a783          	lw	a5,72(t2) # 80005048 <xNextTaskUnblockTime>
8000230c:	16fe6e63          	bltu	t3,a5,80002488 <xTaskIncrementTick.part.0+0x1a0>
80002310:	80005337          	lui	t1,0x80005
80002314:	07032783          	lw	a5,112(t1) # 80005070 <pxDelayedTaskList>
80002318:	0007a783          	lw	a5,0(a5)
8000231c:	22078663          	beqz	a5,80002548 <xTaskIncrementTick.part.0+0x260>
80002320:	80006537          	lui	a0,0x80006
80002324:	00812c23          	sw	s0,24(sp)
80002328:	1b850513          	addi	a0,a0,440 # 800061b8 <pxReadyTasksLists>
8000232c:	00000e93          	li	t4,0
80002330:	80005fb7          	lui	t6,0x80005
80002334:	80005f37          	lui	t5,0x80005
80002338:	00100293          	li	t0,1
8000233c:	0b00006f          	j	800023ec <xTaskIncrementTick.part.0+0x104>
80002340:	0006a583          	lw	a1,0(a3)
80002344:	0287a703          	lw	a4,40(a5)
80002348:	fff58593          	addi	a1,a1,-1
8000234c:	00b6a023          	sw	a1,0(a3)
80002350:	02070863          	beqz	a4,80002380 <xTaskIncrementTick.part.0+0x98>
80002354:	01c7a583          	lw	a1,28(a5)
80002358:	0207a683          	lw	a3,32(a5)
8000235c:	00d5a423          	sw	a3,8(a1)
80002360:	01c7a583          	lw	a1,28(a5)
80002364:	00b6a223          	sw	a1,4(a3)
80002368:	00472683          	lw	a3,4(a4)
8000236c:	19168463          	beq	a3,a7,800024f4 <xTaskIncrementTick.part.0+0x20c>
80002370:	00072683          	lw	a3,0(a4)
80002374:	0207a423          	sw	zero,40(a5)
80002378:	fff68693          	addi	a3,a3,-1
8000237c:	00d72023          	sw	a3,0(a4)
80002380:	02c7a683          	lw	a3,44(a5)
80002384:	060f2403          	lw	s0,96(t5) # 80005060 <uxTopReadyPriority>
80002388:	00269713          	slli	a4,a3,0x2
8000238c:	00d70733          	add	a4,a4,a3
80002390:	00271713          	slli	a4,a4,0x2
80002394:	00e50733          	add	a4,a0,a4
80002398:	00472803          	lw	a6,4(a4)
8000239c:	00072583          	lw	a1,0(a4)
800023a0:	00d296b3          	sll	a3,t0,a3
800023a4:	0107a423          	sw	a6,8(a5)
800023a8:	00882883          	lw	a7,8(a6)
800023ac:	0086e6b3          	or	a3,a3,s0
800023b0:	06df2023          	sw	a3,96(t5)
800023b4:	0117a623          	sw	a7,12(a5)
800023b8:	00c8a223          	sw	a2,4(a7)
800023bc:	00c82423          	sw	a2,8(a6)
800023c0:	074fa803          	lw	a6,116(t6) # 80005074 <pxCurrentTCB>
800023c4:	00e7aa23          	sw	a4,20(a5)
800023c8:	00158693          	addi	a3,a1,1
800023cc:	07032603          	lw	a2,112(t1)
800023d0:	00d72023          	sw	a3,0(a4)
800023d4:	02c7a783          	lw	a5,44(a5)
800023d8:	02c82683          	lw	a3,44(a6)
800023dc:	00062703          	lw	a4,0(a2)
800023e0:	00f6b7b3          	sltu	a5,a3,a5
800023e4:	00feeeb3          	or	t4,t4,a5
800023e8:	12070263          	beqz	a4,8000250c <xTaskIncrementTick.part.0+0x224>
800023ec:	07032783          	lw	a5,112(t1)
800023f0:	00c7a783          	lw	a5,12(a5)
800023f4:	00c7a783          	lw	a5,12(a5)
800023f8:	0047a703          	lw	a4,4(a5)
800023fc:	00478613          	addi	a2,a5,4
80002400:	01878893          	addi	a7,a5,24
80002404:	0eee6e63          	bltu	t3,a4,80002500 <xTaskIncrementTick.part.0+0x218>
80002408:	0087a583          	lw	a1,8(a5)
8000240c:	00c7a703          	lw	a4,12(a5)
80002410:	0147a683          	lw	a3,20(a5)
80002414:	00e5a423          	sw	a4,8(a1)
80002418:	0087a803          	lw	a6,8(a5)
8000241c:	0046a583          	lw	a1,4(a3)
80002420:	01072223          	sw	a6,4(a4)
80002424:	f0c59ee3          	bne	a1,a2,80002340 <xTaskIncrementTick.part.0+0x58>
80002428:	00c7a703          	lw	a4,12(a5)
8000242c:	00e6a223          	sw	a4,4(a3)
80002430:	f11ff06f          	j	80002340 <xTaskIncrementTick.part.0+0x58>
80002434:	80005337          	lui	t1,0x80005
80002438:	07032783          	lw	a5,112(t1) # 80005070 <pxDelayedTaskList>
8000243c:	0007a783          	lw	a5,0(a5)
80002440:	0c079e63          	bnez	a5,8000251c <xTaskIncrementTick.part.0+0x234>
80002444:	800057b7          	lui	a5,0x80005
80002448:	07032683          	lw	a3,112(t1)
8000244c:	06c7a603          	lw	a2,108(a5) # 8000506c <pxOverflowDelayedTaskList>
80002450:	80005737          	lui	a4,0x80005
80002454:	06c32823          	sw	a2,112(t1)
80002458:	06d7a623          	sw	a3,108(a5)
8000245c:	05072783          	lw	a5,80(a4) # 80005050 <xNumOfOverflows>
80002460:	00178793          	addi	a5,a5,1
80002464:	04f72823          	sw	a5,80(a4)
80002468:	07032783          	lw	a5,112(t1)
8000246c:	0007a783          	lw	a5,0(a5)
80002470:	06079663          	bnez	a5,800024dc <xTaskIncrementTick.part.0+0x1f4>
80002474:	800053b7          	lui	t2,0x80005
80002478:	fff00793          	li	a5,-1
8000247c:	04f3a423          	sw	a5,72(t2) # 80005048 <xNextTaskUnblockTime>
80002480:	0483a783          	lw	a5,72(t2)
80002484:	e8fe76e3          	bgeu	t3,a5,80002310 <xTaskIncrementTick.part.0+0x28>
80002488:	80006537          	lui	a0,0x80006
8000248c:	1b850513          	addi	a0,a0,440 # 800061b8 <pxReadyTasksLists>
80002490:	00000e93          	li	t4,0
80002494:	80005fb7          	lui	t6,0x80005
80002498:	074fa783          	lw	a5,116(t6) # 80005074 <pxCurrentTCB>
8000249c:	80005737          	lui	a4,0x80005
800024a0:	05472703          	lw	a4,84(a4) # 80005054 <xYieldPendings>
800024a4:	02c7a683          	lw	a3,44(a5)
800024a8:	01c12083          	lw	ra,28(sp)
800024ac:	00e03733          	snez	a4,a4
800024b0:	00269793          	slli	a5,a3,0x2
800024b4:	00d787b3          	add	a5,a5,a3
800024b8:	00279793          	slli	a5,a5,0x2
800024bc:	00f50533          	add	a0,a0,a5
800024c0:	00052503          	lw	a0,0(a0)
800024c4:	02010113          	addi	sp,sp,32
800024c8:	00253513          	sltiu	a0,a0,2
800024cc:	00153513          	seqz	a0,a0
800024d0:	00e56533          	or	a0,a0,a4
800024d4:	01d56533          	or	a0,a0,t4
800024d8:	00008067          	ret
800024dc:	07032783          	lw	a5,112(t1)
800024e0:	800053b7          	lui	t2,0x80005
800024e4:	00c7a783          	lw	a5,12(a5)
800024e8:	0007a783          	lw	a5,0(a5)
800024ec:	04f3a423          	sw	a5,72(t2) # 80005048 <xNextTaskUnblockTime>
800024f0:	e19ff06f          	j	80002308 <xTaskIncrementTick.part.0+0x20>
800024f4:	0207a683          	lw	a3,32(a5)
800024f8:	00d72223          	sw	a3,4(a4)
800024fc:	e75ff06f          	j	80002370 <xTaskIncrementTick.part.0+0x88>
80002500:	01812403          	lw	s0,24(sp)
80002504:	04e3a423          	sw	a4,72(t2)
80002508:	f91ff06f          	j	80002498 <xTaskIncrementTick.part.0+0x1b0>
8000250c:	01812403          	lw	s0,24(sp)
80002510:	fff00793          	li	a5,-1
80002514:	04f3a423          	sw	a5,72(t2)
80002518:	f81ff06f          	j	80002498 <xTaskIncrementTick.part.0+0x1b0>
8000251c:	80005537          	lui	a0,0x80005
80002520:	000015b7          	lui	a1,0x1
80002524:	25f58593          	addi	a1,a1,607 # 125f <_start-0x7fffeda1>
80002528:	e8050513          	addi	a0,a0,-384 # 80004e80 <__clzsi2+0x280>
8000252c:	00612623          	sw	t1,12(sp)
80002530:	01c12423          	sw	t3,8(sp)
80002534:	ffffe097          	auipc	ra,0xffffe
80002538:	f9c080e7          	jalr	-100(ra) # 800004d0 <vAssertCalled>
8000253c:	00c12303          	lw	t1,12(sp)
80002540:	00812e03          	lw	t3,8(sp)
80002544:	f01ff06f          	j	80002444 <xTaskIncrementTick.part.0+0x15c>
80002548:	80006537          	lui	a0,0x80006
8000254c:	1b850513          	addi	a0,a0,440 # 800061b8 <pxReadyTasksLists>
80002550:	00000e93          	li	t4,0
80002554:	80005fb7          	lui	t6,0x80005
80002558:	fb9ff06f          	j	80002510 <xTaskIncrementTick.part.0+0x228>

8000255c <xTaskCreateStatic>:
8000255c:	fc010113          	addi	sp,sp,-64
80002560:	02812c23          	sw	s0,56(sp)
80002564:	02912a23          	sw	s1,52(sp)
80002568:	03212823          	sw	s2,48(sp)
8000256c:	03312623          	sw	s3,44(sp)
80002570:	03412423          	sw	s4,40(sp)
80002574:	03512223          	sw	s5,36(sp)
80002578:	02112e23          	sw	ra,60(sp)
8000257c:	00070493          	mv	s1,a4
80002580:	00080413          	mv	s0,a6
80002584:	00050993          	mv	s3,a0
80002588:	00058913          	mv	s2,a1
8000258c:	00060a13          	mv	s4,a2
80002590:	00068a93          	mv	s5,a3
80002594:	24078c63          	beqz	a5,800027ec <xTaskCreateStatic+0x290>
80002598:	26040a63          	beqz	s0,8000280c <xTaskCreateStatic+0x2b0>
8000259c:	04800713          	li	a4,72
800025a0:	00e12e23          	sw	a4,28(sp)
800025a4:	01c12683          	lw	a3,28(sp)
800025a8:	1ce69e63          	bne	a3,a4,80002784 <xTaskCreateStatic+0x228>
800025ac:	01c12703          	lw	a4,28(sp)
800025b0:	1e078c63          	beqz	a5,800027a8 <xTaskCreateStatic+0x24c>
800025b4:	04800613          	li	a2,72
800025b8:	00000593          	li	a1,0
800025bc:	00040513          	mv	a0,s0
800025c0:	00f12223          	sw	a5,4(sp)
800025c4:	ffffe097          	auipc	ra,0xffffe
800025c8:	2d8080e7          	jalr	728(ra) # 8000089c <memset>
800025cc:	00412783          	lw	a5,4(sp)
800025d0:	002a1613          	slli	a2,s4,0x2
800025d4:	0a500593          	li	a1,165
800025d8:	02f42823          	sw	a5,48(s0)
800025dc:	00078513          	mv	a0,a5
800025e0:	00c12223          	sw	a2,4(sp)
800025e4:	ffffe097          	auipc	ra,0xffffe
800025e8:	2b8080e7          	jalr	696(ra) # 8000089c <memset>
800025ec:	00412603          	lw	a2,4(sp)
800025f0:	03042503          	lw	a0,48(s0)
800025f4:	ffc60613          	addi	a2,a2,-4
800025f8:	00c50533          	add	a0,a0,a2
800025fc:	ff057a13          	andi	s4,a0,-16
80002600:	02090663          	beqz	s2,8000262c <xTaskCreateStatic+0xd0>
80002604:	00090593          	mv	a1,s2
80002608:	00c90713          	addi	a4,s2,12
8000260c:	03440793          	addi	a5,s0,52
80002610:	0005c683          	lbu	a3,0(a1)
80002614:	00158593          	addi	a1,a1,1
80002618:	00d78023          	sb	a3,0(a5)
8000261c:	00068663          	beqz	a3,80002628 <xTaskCreateStatic+0xcc>
80002620:	00178793          	addi	a5,a5,1
80002624:	fee596e3          	bne	a1,a4,80002610 <xTaskCreateStatic+0xb4>
80002628:	02040fa3          	sb	zero,63(s0)
8000262c:	00400793          	li	a5,4
80002630:	1897ee63          	bltu	a5,s1,800027cc <xTaskCreateStatic+0x270>
80002634:	00500793          	li	a5,5
80002638:	409787b3          	sub	a5,a5,s1
8000263c:	00440893          	addi	a7,s0,4
80002640:	00088513          	mv	a0,a7
80002644:	02942623          	sw	s1,44(s0)
80002648:	00f12423          	sw	a5,8(sp)
8000264c:	01112223          	sw	a7,4(sp)
80002650:	ffffe097          	auipc	ra,0xffffe
80002654:	38c080e7          	jalr	908(ra) # 800009dc <vListInitialiseItem>
80002658:	01840513          	addi	a0,s0,24
8000265c:	ffffe097          	auipc	ra,0xffffe
80002660:	380080e7          	jalr	896(ra) # 800009dc <vListInitialiseItem>
80002664:	00812783          	lw	a5,8(sp)
80002668:	00842823          	sw	s0,16(s0)
8000266c:	02842223          	sw	s0,36(s0)
80002670:	00f42c23          	sw	a5,24(s0)
80002674:	000a8613          	mv	a2,s5
80002678:	00098593          	mv	a1,s3
8000267c:	000a0513          	mv	a0,s4
80002680:	00002097          	auipc	ra,0x2
80002684:	cbc080e7          	jalr	-836(ra) # 8000433c <pxPortInitialiseStack>
80002688:	00a42023          	sw	a0,0(s0)
8000268c:	30047073          	csrci	mstatus,8
80002690:	80005737          	lui	a4,0x80005
80002694:	06872783          	lw	a5,104(a4) # 80005068 <uxCurrentNumberOfTasks>
80002698:	800054b7          	lui	s1,0x80005
8000269c:	0304a803          	lw	a6,48(s1) # 80005030 <xCriticalNesting>
800026a0:	00178793          	addi	a5,a5,1
800026a4:	06f72423          	sw	a5,104(a4)
800026a8:	80005337          	lui	t1,0x80005
800026ac:	07432783          	lw	a5,116(t1) # 80005074 <pxCurrentTCB>
800026b0:	00180693          	addi	a3,a6,1
800026b4:	02d4a823          	sw	a3,48(s1)
800026b8:	00412883          	lw	a7,4(sp)
800026bc:	18078c63          	beqz	a5,80002854 <xTaskCreateStatic+0x2f8>
800026c0:	80005f37          	lui	t5,0x80005
800026c4:	05cf2783          	lw	a5,92(t5) # 8000505c <xSchedulerRunning>
800026c8:	02c42683          	lw	a3,44(s0)
800026cc:	0e078263          	beqz	a5,800027b0 <xTaskCreateStatic+0x254>
800026d0:	800067b7          	lui	a5,0x80006
800026d4:	1b878793          	addi	a5,a5,440 # 800061b8 <pxReadyTasksLists>
800026d8:	00269713          	slli	a4,a3,0x2
800026dc:	00d70733          	add	a4,a4,a3
800026e0:	00271713          	slli	a4,a4,0x2
800026e4:	00e787b3          	add	a5,a5,a4
800026e8:	0047a503          	lw	a0,4(a5)
800026ec:	80005eb7          	lui	t4,0x80005
800026f0:	80005e37          	lui	t3,0x80005
800026f4:	00a42423          	sw	a0,8(s0)
800026f8:	00852703          	lw	a4,8(a0)
800026fc:	0007a583          	lw	a1,0(a5)
80002700:	04cea603          	lw	a2,76(t4) # 8000504c <uxTaskNumber>
80002704:	00e42623          	sw	a4,12(s0)
80002708:	060e2f83          	lw	t6,96(t3) # 80005060 <uxTopReadyPriority>
8000270c:	01172223          	sw	a7,4(a4)
80002710:	00100713          	li	a4,1
80002714:	01152423          	sw	a7,8(a0)
80002718:	00d71733          	sll	a4,a4,a3
8000271c:	00f42a23          	sw	a5,20(s0)
80002720:	00158593          	addi	a1,a1,1
80002724:	00160693          	addi	a3,a2,1
80002728:	01f76733          	or	a4,a4,t6
8000272c:	0304a823          	sw	a6,48(s1)
80002730:	00b7a023          	sw	a1,0(a5)
80002734:	04dea623          	sw	a3,76(t4)
80002738:	06ee2023          	sw	a4,96(t3)
8000273c:	00081463          	bnez	a6,80002744 <xTaskCreateStatic+0x1e8>
80002740:	30046073          	csrsi	mstatus,8
80002744:	05cf2783          	lw	a5,92(t5)
80002748:	00078a63          	beqz	a5,8000275c <xTaskCreateStatic+0x200>
8000274c:	07432703          	lw	a4,116(t1)
80002750:	02c42783          	lw	a5,44(s0)
80002754:	02c72703          	lw	a4,44(a4)
80002758:	0ef76a63          	bltu	a4,a5,8000284c <xTaskCreateStatic+0x2f0>
8000275c:	00040513          	mv	a0,s0
80002760:	03c12083          	lw	ra,60(sp)
80002764:	03812403          	lw	s0,56(sp)
80002768:	03412483          	lw	s1,52(sp)
8000276c:	03012903          	lw	s2,48(sp)
80002770:	02c12983          	lw	s3,44(sp)
80002774:	02812a03          	lw	s4,40(sp)
80002778:	02412a83          	lw	s5,36(sp)
8000277c:	04010113          	addi	sp,sp,64
80002780:	00008067          	ret
80002784:	80005537          	lui	a0,0x80005
80002788:	e8050513          	addi	a0,a0,-384 # 80004e80 <__clzsi2+0x280>
8000278c:	4fa00593          	li	a1,1274
80002790:	00f12223          	sw	a5,4(sp)
80002794:	ffffe097          	auipc	ra,0xffffe
80002798:	d3c080e7          	jalr	-708(ra) # 800004d0 <vAssertCalled>
8000279c:	00412783          	lw	a5,4(sp)
800027a0:	01c12703          	lw	a4,28(sp)
800027a4:	e00798e3          	bnez	a5,800025b4 <xTaskCreateStatic+0x58>
800027a8:	00000513          	li	a0,0
800027ac:	fb5ff06f          	j	80002760 <xTaskCreateStatic+0x204>
800027b0:	07432783          	lw	a5,116(t1)
800027b4:	02c7a783          	lw	a5,44(a5)
800027b8:	f0f6ece3          	bltu	a3,a5,800026d0 <xTaskCreateStatic+0x174>
800027bc:	800067b7          	lui	a5,0x80006
800027c0:	06832a23          	sw	s0,116(t1)
800027c4:	1b878793          	addi	a5,a5,440 # 800061b8 <pxReadyTasksLists>
800027c8:	f11ff06f          	j	800026d8 <xTaskCreateStatic+0x17c>
800027cc:	80005537          	lui	a0,0x80005
800027d0:	e8050513          	addi	a0,a0,-384 # 80004e80 <__clzsi2+0x280>
800027d4:	76400593          	li	a1,1892
800027d8:	ffffe097          	auipc	ra,0xffffe
800027dc:	cf8080e7          	jalr	-776(ra) # 800004d0 <vAssertCalled>
800027e0:	00400493          	li	s1,4
800027e4:	00100793          	li	a5,1
800027e8:	e55ff06f          	j	8000263c <xTaskCreateStatic+0xe0>
800027ec:	80005537          	lui	a0,0x80005
800027f0:	e8050513          	addi	a0,a0,-384 # 80004e80 <__clzsi2+0x280>
800027f4:	4f100593          	li	a1,1265
800027f8:	00f12223          	sw	a5,4(sp)
800027fc:	ffffe097          	auipc	ra,0xffffe
80002800:	cd4080e7          	jalr	-812(ra) # 800004d0 <vAssertCalled>
80002804:	00412783          	lw	a5,4(sp)
80002808:	d8041ae3          	bnez	s0,8000259c <xTaskCreateStatic+0x40>
8000280c:	80005437          	lui	s0,0x80005
80002810:	e8040513          	addi	a0,s0,-384 # 80004e80 <__clzsi2+0x280>
80002814:	4f200593          	li	a1,1266
80002818:	ffffe097          	auipc	ra,0xffffe
8000281c:	cb8080e7          	jalr	-840(ra) # 800004d0 <vAssertCalled>
80002820:	04800793          	li	a5,72
80002824:	00f12e23          	sw	a5,28(sp)
80002828:	01c12703          	lw	a4,28(sp)
8000282c:	04f70663          	beq	a4,a5,80002878 <xTaskCreateStatic+0x31c>
80002830:	e8040513          	addi	a0,s0,-384
80002834:	4fa00593          	li	a1,1274
80002838:	ffffe097          	auipc	ra,0xffffe
8000283c:	c98080e7          	jalr	-872(ra) # 800004d0 <vAssertCalled>
80002840:	01c12783          	lw	a5,28(sp)
80002844:	00000513          	li	a0,0
80002848:	f19ff06f          	j	80002760 <xTaskCreateStatic+0x204>
8000284c:	00000073          	ecall
80002850:	f0dff06f          	j	8000275c <xTaskCreateStatic+0x200>
80002854:	06832a23          	sw	s0,116(t1)
80002858:	06872703          	lw	a4,104(a4)
8000285c:	00100793          	li	a5,1
80002860:	02f70263          	beq	a4,a5,80002884 <xTaskCreateStatic+0x328>
80002864:	800067b7          	lui	a5,0x80006
80002868:	02c42683          	lw	a3,44(s0)
8000286c:	1b878793          	addi	a5,a5,440 # 800061b8 <pxReadyTasksLists>
80002870:	80005f37          	lui	t5,0x80005
80002874:	e65ff06f          	j	800026d8 <xTaskCreateStatic+0x17c>
80002878:	01c12783          	lw	a5,28(sp)
8000287c:	00000513          	li	a0,0
80002880:	ee1ff06f          	j	80002760 <xTaskCreateStatic+0x204>
80002884:	800067b7          	lui	a5,0x80006
80002888:	1b878793          	addi	a5,a5,440 # 800061b8 <pxReadyTasksLists>
8000288c:	00078513          	mv	a0,a5
80002890:	00f12623          	sw	a5,12(sp)
80002894:	01112423          	sw	a7,8(sp)
80002898:	00a12223          	sw	a0,4(sp)
8000289c:	ffffe097          	auipc	ra,0xffffe
800028a0:	120080e7          	jalr	288(ra) # 800009bc <vListInitialise>
800028a4:	00412503          	lw	a0,4(sp)
800028a8:	800067b7          	lui	a5,0x80006
800028ac:	21c78713          	addi	a4,a5,540 # 8000621c <xDelayedTaskList1>
800028b0:	01450513          	addi	a0,a0,20
800028b4:	00812883          	lw	a7,8(sp)
800028b8:	00c12783          	lw	a5,12(sp)
800028bc:	fca71ae3          	bne	a4,a0,80002890 <xTaskCreateStatic+0x334>
800028c0:	80006937          	lui	s2,0x80006
800028c4:	21c90513          	addi	a0,s2,540 # 8000621c <xDelayedTaskList1>
800028c8:	00f12223          	sw	a5,4(sp)
800028cc:	ffffe097          	auipc	ra,0xffffe
800028d0:	0f0080e7          	jalr	240(ra) # 800009bc <vListInitialise>
800028d4:	00412783          	lw	a5,4(sp)
800028d8:	07878513          	addi	a0,a5,120
800028dc:	ffffe097          	auipc	ra,0xffffe
800028e0:	0e0080e7          	jalr	224(ra) # 800009bc <vListInitialise>
800028e4:	00412783          	lw	a5,4(sp)
800028e8:	08c78513          	addi	a0,a5,140
800028ec:	ffffe097          	auipc	ra,0xffffe
800028f0:	0d0080e7          	jalr	208(ra) # 800009bc <vListInitialise>
800028f4:	800056b7          	lui	a3,0x80005
800028f8:	21c90793          	addi	a5,s2,540
800028fc:	0304a803          	lw	a6,48(s1)
80002900:	06f6a823          	sw	a5,112(a3) # 80005070 <pxDelayedTaskList>
80002904:	800067b7          	lui	a5,0x80006
80002908:	800056b7          	lui	a3,0x80005
8000290c:	23078713          	addi	a4,a5,560 # 80006230 <xDelayedTaskList2>
80002910:	06e6a623          	sw	a4,108(a3) # 8000506c <pxOverflowDelayedTaskList>
80002914:	00412783          	lw	a5,4(sp)
80002918:	02c42683          	lw	a3,44(s0)
8000291c:	00812883          	lw	a7,8(sp)
80002920:	fff80813          	addi	a6,a6,-1
80002924:	80005f37          	lui	t5,0x80005
80002928:	80005337          	lui	t1,0x80005
8000292c:	dadff06f          	j	800026d8 <xTaskCreateStatic+0x17c>

80002930 <vTaskStartScheduler>:
80002930:	fd010113          	addi	sp,sp,-48
80002934:	454c47b7          	lui	a5,0x454c4
80002938:	44978793          	addi	a5,a5,1097 # 454c4449 <_start-0x3ab3bbb7>
8000293c:	01010613          	addi	a2,sp,16
80002940:	00c10593          	addi	a1,sp,12
80002944:	00810513          	addi	a0,sp,8
80002948:	02112623          	sw	ra,44(sp)
8000294c:	00f12a23          	sw	a5,20(sp)
80002950:	00010c23          	sb	zero,24(sp)
80002954:	00012423          	sw	zero,8(sp)
80002958:	00012623          	sw	zero,12(sp)
8000295c:	ffffe097          	auipc	ra,0xffffe
80002960:	c4c080e7          	jalr	-948(ra) # 800005a8 <vApplicationGetIdleTaskMemory>
80002964:	00812803          	lw	a6,8(sp)
80002968:	00c12783          	lw	a5,12(sp)
8000296c:	01012603          	lw	a2,16(sp)
80002970:	80002537          	lui	a0,0x80002
80002974:	01410593          	addi	a1,sp,20
80002978:	1c050513          	addi	a0,a0,448 # 800021c0 <prvIdleTask>
8000297c:	00000713          	li	a4,0
80002980:	00000693          	li	a3,0
80002984:	00000097          	auipc	ra,0x0
80002988:	bd8080e7          	jalr	-1064(ra) # 8000255c <xTaskCreateStatic>
8000298c:	00051c63          	bnez	a0,800029a4 <vTaskStartScheduler+0x74>
80002990:	02c12083          	lw	ra,44(sp)
80002994:	800057b7          	lui	a5,0x80005
80002998:	01c7a783          	lw	a5,28(a5) # 8000501c <uxTopUsedPriority>
8000299c:	03010113          	addi	sp,sp,48
800029a0:	00008067          	ret
800029a4:	30047073          	csrci	mstatus,8
800029a8:	800057b7          	lui	a5,0x80005
800029ac:	fff00713          	li	a4,-1
800029b0:	04e7a423          	sw	a4,72(a5) # 80005048 <xNextTaskUnblockTime>
800029b4:	800057b7          	lui	a5,0x80005
800029b8:	00100713          	li	a4,1
800029bc:	04e7ae23          	sw	a4,92(a5) # 8000505c <xSchedulerRunning>
800029c0:	800057b7          	lui	a5,0x80005
800029c4:	0607a223          	sw	zero,100(a5) # 80005064 <xTickCount>
800029c8:	00002097          	auipc	ra,0x2
800029cc:	924080e7          	jalr	-1756(ra) # 800042ec <xPortStartScheduler>
800029d0:	02c12083          	lw	ra,44(sp)
800029d4:	800057b7          	lui	a5,0x80005
800029d8:	01c7a783          	lw	a5,28(a5) # 8000501c <uxTopUsedPriority>
800029dc:	03010113          	addi	sp,sp,48
800029e0:	00008067          	ret

800029e4 <vTaskEndScheduler>:
800029e4:	30047073          	csrci	mstatus,8
800029e8:	800057b7          	lui	a5,0x80005
800029ec:	0407ae23          	sw	zero,92(a5) # 8000505c <xSchedulerRunning>
800029f0:	00002317          	auipc	t1,0x2
800029f4:	94830067          	jr	-1720(t1) # 80004338 <vPortEndScheduler>

800029f8 <vTaskSuspendAll>:
800029f8:	80005737          	lui	a4,0x80005
800029fc:	04472783          	lw	a5,68(a4) # 80005044 <uxSchedulerSuspended>
80002a00:	00178793          	addi	a5,a5,1
80002a04:	04f72223          	sw	a5,68(a4)
80002a08:	00008067          	ret

80002a0c <xTaskResumeAll>:
80002a0c:	fe010113          	addi	sp,sp,-32
80002a10:	00112e23          	sw	ra,28(sp)
80002a14:	30047073          	csrci	mstatus,8
80002a18:	80005e37          	lui	t3,0x80005
80002a1c:	030e2783          	lw	a5,48(t3) # 80005030 <xCriticalNesting>
80002a20:	800058b7          	lui	a7,0x80005
80002a24:	0448a703          	lw	a4,68(a7) # 80005044 <uxSchedulerSuspended>
80002a28:	00178793          	addi	a5,a5,1
80002a2c:	02fe2823          	sw	a5,48(t3)
80002a30:	16070463          	beqz	a4,80002b98 <xTaskResumeAll+0x18c>
80002a34:	0448a783          	lw	a5,68(a7)
80002a38:	fff78793          	addi	a5,a5,-1
80002a3c:	04f8a223          	sw	a5,68(a7)
80002a40:	0448a783          	lw	a5,68(a7)
80002a44:	12079263          	bnez	a5,80002b68 <xTaskResumeAll+0x15c>
80002a48:	800057b7          	lui	a5,0x80005
80002a4c:	0687a783          	lw	a5,104(a5) # 80005068 <uxCurrentNumberOfTasks>
80002a50:	10078c63          	beqz	a5,80002b68 <xTaskResumeAll+0x15c>
80002a54:	80006837          	lui	a6,0x80006
80002a58:	1b880813          	addi	a6,a6,440 # 800061b8 <pxReadyTasksLists>
80002a5c:	08c82783          	lw	a5,140(a6)
80002a60:	80005fb7          	lui	t6,0x80005
80002a64:	16078e63          	beqz	a5,80002be0 <xTaskResumeAll+0x1d4>
80002a68:	80005eb7          	lui	t4,0x80005
80002a6c:	800052b7          	lui	t0,0x80005
80002a70:	80005fb7          	lui	t6,0x80005
80002a74:	00100f13          	li	t5,1
80002a78:	0ac0006f          	j	80002b24 <xTaskResumeAll+0x118>
80002a7c:	00072683          	lw	a3,0(a4)
80002a80:	0207a423          	sw	zero,40(a5)
80002a84:	fff68693          	addi	a3,a3,-1
80002a88:	00d72023          	sw	a3,0(a4)
80002a8c:	0087a583          	lw	a1,8(a5)
80002a90:	00c7a683          	lw	a3,12(a5)
80002a94:	0147a703          	lw	a4,20(a5)
80002a98:	060ea603          	lw	a2,96(t4) # 80005060 <uxTopReadyPriority>
80002a9c:	00d5a423          	sw	a3,8(a1)
80002aa0:	0087a303          	lw	t1,8(a5)
80002aa4:	00472583          	lw	a1,4(a4)
80002aa8:	00478513          	addi	a0,a5,4
80002aac:	0066a223          	sw	t1,4(a3)
80002ab0:	0ca58e63          	beq	a1,a0,80002b8c <xTaskResumeAll+0x180>
80002ab4:	00072683          	lw	a3,0(a4)
80002ab8:	fff68693          	addi	a3,a3,-1
80002abc:	00d72023          	sw	a3,0(a4)
80002ac0:	02c7a683          	lw	a3,44(a5)
80002ac4:	00269713          	slli	a4,a3,0x2
80002ac8:	00d70733          	add	a4,a4,a3
80002acc:	00271713          	slli	a4,a4,0x2
80002ad0:	00e80733          	add	a4,a6,a4
80002ad4:	00472583          	lw	a1,4(a4)
80002ad8:	00df16b3          	sll	a3,t5,a3
80002adc:	00c6e6b3          	or	a3,a3,a2
80002ae0:	00b7a423          	sw	a1,8(a5)
80002ae4:	0085a303          	lw	t1,8(a1)
80002ae8:	00072603          	lw	a2,0(a4)
80002aec:	06dea023          	sw	a3,96(t4)
80002af0:	0067a623          	sw	t1,12(a5)
80002af4:	00a32223          	sw	a0,4(t1)
80002af8:	00a5a423          	sw	a0,8(a1)
80002afc:	0742a583          	lw	a1,116(t0) # 80005074 <pxCurrentTCB>
80002b00:	00e7aa23          	sw	a4,20(a5)
80002b04:	00160693          	addi	a3,a2,1
80002b08:	00d72023          	sw	a3,0(a4)
80002b0c:	02c7a703          	lw	a4,44(a5)
80002b10:	02c5a783          	lw	a5,44(a1)
80002b14:	00e7f463          	bgeu	a5,a4,80002b1c <xTaskResumeAll+0x110>
80002b18:	05efaa23          	sw	t5,84(t6) # 80005054 <xYieldPendings>
80002b1c:	08c82783          	lw	a5,140(a6)
80002b20:	08078e63          	beqz	a5,80002bbc <xTaskResumeAll+0x1b0>
80002b24:	09882783          	lw	a5,152(a6)
80002b28:	00c7a783          	lw	a5,12(a5)
80002b2c:	01c7a583          	lw	a1,28(a5)
80002b30:	0207a683          	lw	a3,32(a5)
80002b34:	0287a703          	lw	a4,40(a5)
80002b38:	01878613          	addi	a2,a5,24
80002b3c:	00d5a423          	sw	a3,8(a1)
80002b40:	01c7a503          	lw	a0,28(a5)
80002b44:	00472583          	lw	a1,4(a4)
80002b48:	00a6a223          	sw	a0,4(a3)
80002b4c:	f2c598e3          	bne	a1,a2,80002a7c <xTaskResumeAll+0x70>
80002b50:	0207a683          	lw	a3,32(a5)
80002b54:	00d72223          	sw	a3,4(a4)
80002b58:	f25ff06f          	j	80002a7c <xTaskResumeAll+0x70>
80002b5c:	0406ac23          	sw	zero,88(a3)
80002b60:	054fa783          	lw	a5,84(t6)
80002b64:	0e079063          	bnez	a5,80002c44 <xTaskResumeAll+0x238>
80002b68:	00000513          	li	a0,0
80002b6c:	030e2783          	lw	a5,48(t3)
80002b70:	fff78793          	addi	a5,a5,-1
80002b74:	02fe2823          	sw	a5,48(t3)
80002b78:	00079463          	bnez	a5,80002b80 <xTaskResumeAll+0x174>
80002b7c:	30046073          	csrsi	mstatus,8
80002b80:	01c12083          	lw	ra,28(sp)
80002b84:	02010113          	addi	sp,sp,32
80002b88:	00008067          	ret
80002b8c:	00c7a683          	lw	a3,12(a5)
80002b90:	00d72223          	sw	a3,4(a4)
80002b94:	f21ff06f          	j	80002ab4 <xTaskResumeAll+0xa8>
80002b98:	80005537          	lui	a0,0x80005
80002b9c:	000015b7          	lui	a1,0x1
80002ba0:	f8b58593          	addi	a1,a1,-117 # f8b <_start-0x7ffff075>
80002ba4:	e8050513          	addi	a0,a0,-384 # 80004e80 <__clzsi2+0x280>
80002ba8:	ffffe097          	auipc	ra,0xffffe
80002bac:	928080e7          	jalr	-1752(ra) # 800004d0 <vAssertCalled>
80002bb0:	800058b7          	lui	a7,0x80005
80002bb4:	80005e37          	lui	t3,0x80005
80002bb8:	e7dff06f          	j	80002a34 <xTaskResumeAll+0x28>
80002bbc:	800057b7          	lui	a5,0x80005
80002bc0:	0707a703          	lw	a4,112(a5) # 80005070 <pxDelayedTaskList>
80002bc4:	00072703          	lw	a4,0(a4)
80002bc8:	08070863          	beqz	a4,80002c58 <xTaskResumeAll+0x24c>
80002bcc:	0707a703          	lw	a4,112(a5)
80002bd0:	800057b7          	lui	a5,0x80005
80002bd4:	00c72703          	lw	a4,12(a4)
80002bd8:	00072703          	lw	a4,0(a4)
80002bdc:	04e7a423          	sw	a4,72(a5) # 80005048 <xNextTaskUnblockTime>
80002be0:	800056b7          	lui	a3,0x80005
80002be4:	0586a783          	lw	a5,88(a3) # 80005058 <xPendedTicks>
80002be8:	f6078ce3          	beqz	a5,80002b60 <xTaskResumeAll+0x154>
80002bec:	0448a703          	lw	a4,68(a7) # 80005044 <uxSchedulerSuspended>
80002bf0:	04071263          	bnez	a4,80002c34 <xTaskResumeAll+0x228>
80002bf4:	01f12623          	sw	t6,12(sp)
80002bf8:	00f12423          	sw	a5,8(sp)
80002bfc:	fffff097          	auipc	ra,0xfffff
80002c00:	6ec080e7          	jalr	1772(ra) # 800022e8 <xTaskIncrementTick.part.0>
80002c04:	00812783          	lw	a5,8(sp)
80002c08:	00c12f83          	lw	t6,12(sp)
80002c0c:	80005e37          	lui	t3,0x80005
80002c10:	800058b7          	lui	a7,0x80005
80002c14:	800056b7          	lui	a3,0x80005
80002c18:	00050663          	beqz	a0,80002c24 <xTaskResumeAll+0x218>
80002c1c:	00100713          	li	a4,1
80002c20:	04efaa23          	sw	a4,84(t6)
80002c24:	fff78793          	addi	a5,a5,-1
80002c28:	f2078ae3          	beqz	a5,80002b5c <xTaskResumeAll+0x150>
80002c2c:	0448a703          	lw	a4,68(a7) # 80005044 <uxSchedulerSuspended>
80002c30:	fc0702e3          	beqz	a4,80002bf4 <xTaskResumeAll+0x1e8>
80002c34:	0586a703          	lw	a4,88(a3) # 80005058 <xPendedTicks>
80002c38:	00170713          	addi	a4,a4,1
80002c3c:	04e6ac23          	sw	a4,88(a3)
80002c40:	fe5ff06f          	j	80002c24 <xTaskResumeAll+0x218>
80002c44:	800057b7          	lui	a5,0x80005
80002c48:	0747a783          	lw	a5,116(a5) # 80005074 <pxCurrentTCB>
80002c4c:	00000073          	ecall
80002c50:	00100513          	li	a0,1
80002c54:	f19ff06f          	j	80002b6c <xTaskResumeAll+0x160>
80002c58:	800057b7          	lui	a5,0x80005
80002c5c:	fff00713          	li	a4,-1
80002c60:	04e7a423          	sw	a4,72(a5) # 80005048 <xNextTaskUnblockTime>
80002c64:	f7dff06f          	j	80002be0 <xTaskResumeAll+0x1d4>

80002c68 <vTaskDelay>:
80002c68:	00051663          	bnez	a0,80002c74 <vTaskDelay+0xc>
80002c6c:	00000073          	ecall
80002c70:	00008067          	ret
80002c74:	80005737          	lui	a4,0x80005
80002c78:	04472683          	lw	a3,68(a4) # 80005044 <uxSchedulerSuspended>
80002c7c:	fe010113          	addi	sp,sp,-32
80002c80:	00112e23          	sw	ra,28(sp)
80002c84:	00168693          	addi	a3,a3,1
80002c88:	00050793          	mv	a5,a0
80002c8c:	04d72223          	sw	a3,68(a4)
80002c90:	04472683          	lw	a3,68(a4)
80002c94:	00100713          	li	a4,1
80002c98:	02e69663          	bne	a3,a4,80002cc4 <vTaskDelay+0x5c>
80002c9c:	00078513          	mv	a0,a5
80002ca0:	fffff097          	auipc	ra,0xfffff
80002ca4:	540080e7          	jalr	1344(ra) # 800021e0 <prvAddCurrentTaskToDelayedList.isra.0>
80002ca8:	00000097          	auipc	ra,0x0
80002cac:	d64080e7          	jalr	-668(ra) # 80002a0c <xTaskResumeAll>
80002cb0:	00051463          	bnez	a0,80002cb8 <vTaskDelay+0x50>
80002cb4:	00000073          	ecall
80002cb8:	01c12083          	lw	ra,28(sp)
80002cbc:	02010113          	addi	sp,sp,32
80002cc0:	00008067          	ret
80002cc4:	00a12623          	sw	a0,12(sp)
80002cc8:	000015b7          	lui	a1,0x1
80002ccc:	80005537          	lui	a0,0x80005
80002cd0:	98e58593          	addi	a1,a1,-1650 # 98e <_start-0x7ffff672>
80002cd4:	e8050513          	addi	a0,a0,-384 # 80004e80 <__clzsi2+0x280>
80002cd8:	ffffd097          	auipc	ra,0xffffd
80002cdc:	7f8080e7          	jalr	2040(ra) # 800004d0 <vAssertCalled>
80002ce0:	00c12783          	lw	a5,12(sp)
80002ce4:	00078513          	mv	a0,a5
80002ce8:	fffff097          	auipc	ra,0xfffff
80002cec:	4f8080e7          	jalr	1272(ra) # 800021e0 <prvAddCurrentTaskToDelayedList.isra.0>
80002cf0:	00000097          	auipc	ra,0x0
80002cf4:	d1c080e7          	jalr	-740(ra) # 80002a0c <xTaskResumeAll>
80002cf8:	fa050ee3          	beqz	a0,80002cb4 <vTaskDelay+0x4c>
80002cfc:	fbdff06f          	j	80002cb8 <vTaskDelay+0x50>

80002d00 <xTaskGetTickCount>:
80002d00:	800057b7          	lui	a5,0x80005
80002d04:	0647a503          	lw	a0,100(a5) # 80005064 <xTickCount>
80002d08:	00008067          	ret

80002d0c <xTaskGetTickCountFromISR>:
80002d0c:	800057b7          	lui	a5,0x80005
80002d10:	0647a503          	lw	a0,100(a5) # 80005064 <xTickCount>
80002d14:	00008067          	ret

80002d18 <uxTaskGetNumberOfTasks>:
80002d18:	800057b7          	lui	a5,0x80005
80002d1c:	0687a503          	lw	a0,104(a5) # 80005068 <uxCurrentNumberOfTasks>
80002d20:	00008067          	ret

80002d24 <pcTaskGetName>:
80002d24:	00050793          	mv	a5,a0
80002d28:	00050663          	beqz	a0,80002d34 <pcTaskGetName+0x10>
80002d2c:	03478513          	addi	a0,a5,52
80002d30:	00008067          	ret
80002d34:	800057b7          	lui	a5,0x80005
80002d38:	0747a783          	lw	a5,116(a5) # 80005074 <pxCurrentTCB>
80002d3c:	fe0798e3          	bnez	a5,80002d2c <pcTaskGetName+0x8>
80002d40:	80005537          	lui	a0,0x80005
80002d44:	000015b7          	lui	a1,0x1
80002d48:	fe010113          	addi	sp,sp,-32
80002d4c:	e8050513          	addi	a0,a0,-384 # 80004e80 <__clzsi2+0x280>
80002d50:	05558593          	addi	a1,a1,85 # 1055 <_start-0x7fffefab>
80002d54:	00112e23          	sw	ra,28(sp)
80002d58:	00f12623          	sw	a5,12(sp)
80002d5c:	ffffd097          	auipc	ra,0xffffd
80002d60:	774080e7          	jalr	1908(ra) # 800004d0 <vAssertCalled>
80002d64:	00c12783          	lw	a5,12(sp)
80002d68:	01c12083          	lw	ra,28(sp)
80002d6c:	03478513          	addi	a0,a5,52
80002d70:	02010113          	addi	sp,sp,32
80002d74:	00008067          	ret

80002d78 <xTaskGetStaticBuffers>:
80002d78:	fe010113          	addi	sp,sp,-32
80002d7c:	00112e23          	sw	ra,28(sp)
80002d80:	00058713          	mv	a4,a1
80002d84:	00050793          	mv	a5,a0
80002d88:	08058063          	beqz	a1,80002e08 <xTaskGetStaticBuffers+0x90>
80002d8c:	04060463          	beqz	a2,80002dd4 <xTaskGetStaticBuffers+0x5c>
80002d90:	02078063          	beqz	a5,80002db0 <xTaskGetStaticBuffers+0x38>
80002d94:	0307a683          	lw	a3,48(a5)
80002d98:	01c12083          	lw	ra,28(sp)
80002d9c:	00100513          	li	a0,1
80002da0:	00d72023          	sw	a3,0(a4)
80002da4:	00f62023          	sw	a5,0(a2)
80002da8:	02010113          	addi	sp,sp,32
80002dac:	00008067          	ret
80002db0:	800057b7          	lui	a5,0x80005
80002db4:	0747a783          	lw	a5,116(a5) # 80005074 <pxCurrentTCB>
80002db8:	01c12083          	lw	ra,28(sp)
80002dbc:	00100513          	li	a0,1
80002dc0:	0307a683          	lw	a3,48(a5)
80002dc4:	00d72023          	sw	a3,0(a4)
80002dc8:	00f62023          	sw	a5,0(a2)
80002dcc:	02010113          	addi	sp,sp,32
80002dd0:	00008067          	ret
80002dd4:	80005537          	lui	a0,0x80005
80002dd8:	000015b7          	lui	a1,0x1
80002ddc:	0f558593          	addi	a1,a1,245 # 10f5 <_start-0x7fffef0b>
80002de0:	e8050513          	addi	a0,a0,-384 # 80004e80 <__clzsi2+0x280>
80002de4:	00c12623          	sw	a2,12(sp)
80002de8:	00e12423          	sw	a4,8(sp)
80002dec:	00f12223          	sw	a5,4(sp)
80002df0:	ffffd097          	auipc	ra,0xffffd
80002df4:	6e0080e7          	jalr	1760(ra) # 800004d0 <vAssertCalled>
80002df8:	00c12603          	lw	a2,12(sp)
80002dfc:	00812703          	lw	a4,8(sp)
80002e00:	00412783          	lw	a5,4(sp)
80002e04:	f8dff06f          	j	80002d90 <xTaskGetStaticBuffers+0x18>
80002e08:	00b12423          	sw	a1,8(sp)
80002e0c:	00a12223          	sw	a0,4(sp)
80002e10:	000015b7          	lui	a1,0x1
80002e14:	80005537          	lui	a0,0x80005
80002e18:	0f458593          	addi	a1,a1,244 # 10f4 <_start-0x7fffef0c>
80002e1c:	e8050513          	addi	a0,a0,-384 # 80004e80 <__clzsi2+0x280>
80002e20:	00c12623          	sw	a2,12(sp)
80002e24:	ffffd097          	auipc	ra,0xffffd
80002e28:	6ac080e7          	jalr	1708(ra) # 800004d0 <vAssertCalled>
80002e2c:	00c12603          	lw	a2,12(sp)
80002e30:	00812703          	lw	a4,8(sp)
80002e34:	00412783          	lw	a5,4(sp)
80002e38:	f4061ce3          	bnez	a2,80002d90 <xTaskGetStaticBuffers+0x18>
80002e3c:	f99ff06f          	j	80002dd4 <xTaskGetStaticBuffers+0x5c>

80002e40 <xTaskCatchUpTicks>:
80002e40:	800057b7          	lui	a5,0x80005
80002e44:	0447a703          	lw	a4,68(a5) # 80005044 <uxSchedulerSuspended>
80002e48:	fe010113          	addi	sp,sp,-32
80002e4c:	00112e23          	sw	ra,28(sp)
80002e50:	00050693          	mv	a3,a0
80002e54:	04071263          	bnez	a4,80002e98 <xTaskCatchUpTicks+0x58>
80002e58:	0447a703          	lw	a4,68(a5)
80002e5c:	00170713          	addi	a4,a4,1
80002e60:	04e7a223          	sw	a4,68(a5)
80002e64:	30047073          	csrci	mstatus,8
80002e68:	800057b7          	lui	a5,0x80005
80002e6c:	0587a503          	lw	a0,88(a5) # 80005058 <xPendedTicks>
80002e70:	80005737          	lui	a4,0x80005
80002e74:	03072703          	lw	a4,48(a4) # 80005030 <xCriticalNesting>
80002e78:	00d50533          	add	a0,a0,a3
80002e7c:	04a7ac23          	sw	a0,88(a5)
80002e80:	00071463          	bnez	a4,80002e88 <xTaskCatchUpTicks+0x48>
80002e84:	30046073          	csrsi	mstatus,8
80002e88:	01c12083          	lw	ra,28(sp)
80002e8c:	02010113          	addi	sp,sp,32
80002e90:	00000317          	auipc	t1,0x0
80002e94:	b7c30067          	jr	-1156(t1) # 80002a0c <xTaskResumeAll>
80002e98:	00a12623          	sw	a0,12(sp)
80002e9c:	000015b7          	lui	a1,0x1
80002ea0:	80005537          	lui	a0,0x80005
80002ea4:	1ca58593          	addi	a1,a1,458 # 11ca <_start-0x7fffee36>
80002ea8:	e8050513          	addi	a0,a0,-384 # 80004e80 <__clzsi2+0x280>
80002eac:	ffffd097          	auipc	ra,0xffffd
80002eb0:	624080e7          	jalr	1572(ra) # 800004d0 <vAssertCalled>
80002eb4:	00c12683          	lw	a3,12(sp)
80002eb8:	800057b7          	lui	a5,0x80005
80002ebc:	f9dff06f          	j	80002e58 <xTaskCatchUpTicks+0x18>

80002ec0 <xTaskIncrementTick>:
80002ec0:	800057b7          	lui	a5,0x80005
80002ec4:	0447a783          	lw	a5,68(a5) # 80005044 <uxSchedulerSuspended>
80002ec8:	00079663          	bnez	a5,80002ed4 <xTaskIncrementTick+0x14>
80002ecc:	fffff317          	auipc	t1,0xfffff
80002ed0:	41c30067          	jr	1052(t1) # 800022e8 <xTaskIncrementTick.part.0>
80002ed4:	80005737          	lui	a4,0x80005
80002ed8:	05872783          	lw	a5,88(a4) # 80005058 <xPendedTicks>
80002edc:	00000513          	li	a0,0
80002ee0:	00178793          	addi	a5,a5,1
80002ee4:	04f72c23          	sw	a5,88(a4)
80002ee8:	00008067          	ret

80002eec <vTaskSwitchContext>:
80002eec:	800057b7          	lui	a5,0x80005
80002ef0:	0447a783          	lw	a5,68(a5) # 80005044 <uxSchedulerSuspended>
80002ef4:	00078a63          	beqz	a5,80002f08 <vTaskSwitchContext+0x1c>
80002ef8:	800057b7          	lui	a5,0x80005
80002efc:	00100713          	li	a4,1
80002f00:	04e7aa23          	sw	a4,84(a5) # 80005054 <xYieldPendings>
80002f04:	00008067          	ret
80002f08:	fe010113          	addi	sp,sp,-32
80002f0c:	800057b7          	lui	a5,0x80005
80002f10:	0407aa23          	sw	zero,84(a5) # 80005054 <xYieldPendings>
80002f14:	00812c23          	sw	s0,24(sp)
80002f18:	80005437          	lui	s0,0x80005
80002f1c:	07442703          	lw	a4,116(s0) # 80005074 <pxCurrentTCB>
80002f20:	a5a5a7b7          	lui	a5,0xa5a5a
80002f24:	00112e23          	sw	ra,28(sp)
80002f28:	03072703          	lw	a4,48(a4)
80002f2c:	5a578793          	addi	a5,a5,1445 # a5a5a5a5 <__stack_top+0x259da5a5>
80002f30:	00072683          	lw	a3,0(a4)
80002f34:	00f69663          	bne	a3,a5,80002f40 <vTaskSwitchContext+0x54>
80002f38:	00472783          	lw	a5,4(a4)
80002f3c:	08d78863          	beq	a5,a3,80002fcc <vTaskSwitchContext+0xe0>
80002f40:	07442583          	lw	a1,116(s0)
80002f44:	07442503          	lw	a0,116(s0)
80002f48:	03458593          	addi	a1,a1,52
80002f4c:	ffffd097          	auipc	ra,0xffffd
80002f50:	67c080e7          	jalr	1660(ra) # 800005c8 <vApplicationStackOverflowHook>
80002f54:	800057b7          	lui	a5,0x80005
80002f58:	0607a503          	lw	a0,96(a5) # 80005060 <uxTopReadyPriority>
80002f5c:	00002097          	auipc	ra,0x2
80002f60:	ca4080e7          	jalr	-860(ra) # 80004c00 <__clzsi2>
80002f64:	01f00693          	li	a3,31
80002f68:	40a686b3          	sub	a3,a3,a0
80002f6c:	00269793          	slli	a5,a3,0x2
80002f70:	00d78633          	add	a2,a5,a3
80002f74:	80006737          	lui	a4,0x80006
80002f78:	00261613          	slli	a2,a2,0x2
80002f7c:	1b870713          	addi	a4,a4,440 # 800061b8 <pxReadyTasksLists>
80002f80:	00c70633          	add	a2,a4,a2
80002f84:	00062603          	lw	a2,0(a2)
80002f88:	04060c63          	beqz	a2,80002fe0 <vTaskSwitchContext+0xf4>
80002f8c:	00d787b3          	add	a5,a5,a3
80002f90:	00279793          	slli	a5,a5,0x2
80002f94:	00f706b3          	add	a3,a4,a5
80002f98:	0046a603          	lw	a2,4(a3)
80002f9c:	00878793          	addi	a5,a5,8
80002fa0:	00f70733          	add	a4,a4,a5
80002fa4:	00462783          	lw	a5,4(a2)
80002fa8:	00f6a223          	sw	a5,4(a3)
80002fac:	06e78463          	beq	a5,a4,80003014 <vTaskSwitchContext+0x128>
80002fb0:	00c7a783          	lw	a5,12(a5)
80002fb4:	01c12083          	lw	ra,28(sp)
80002fb8:	06f42a23          	sw	a5,116(s0)
80002fbc:	07442783          	lw	a5,116(s0)
80002fc0:	01812403          	lw	s0,24(sp)
80002fc4:	02010113          	addi	sp,sp,32
80002fc8:	00008067          	ret
80002fcc:	00872683          	lw	a3,8(a4)
80002fd0:	f6f698e3          	bne	a3,a5,80002f40 <vTaskSwitchContext+0x54>
80002fd4:	00c72783          	lw	a5,12(a4)
80002fd8:	f6d794e3          	bne	a5,a3,80002f40 <vTaskSwitchContext+0x54>
80002fdc:	f79ff06f          	j	80002f54 <vTaskSwitchContext+0x68>
80002fe0:	80005537          	lui	a0,0x80005
80002fe4:	000015b7          	lui	a1,0x1
80002fe8:	3fa58593          	addi	a1,a1,1018 # 13fa <_start-0x7fffec06>
80002fec:	e8050513          	addi	a0,a0,-384 # 80004e80 <__clzsi2+0x280>
80002ff0:	00f12623          	sw	a5,12(sp)
80002ff4:	00d12423          	sw	a3,8(sp)
80002ff8:	ffffd097          	auipc	ra,0xffffd
80002ffc:	4d8080e7          	jalr	1240(ra) # 800004d0 <vAssertCalled>
80003000:	800067b7          	lui	a5,0x80006
80003004:	1b878713          	addi	a4,a5,440 # 800061b8 <pxReadyTasksLists>
80003008:	00812683          	lw	a3,8(sp)
8000300c:	00c12783          	lw	a5,12(sp)
80003010:	f7dff06f          	j	80002f8c <vTaskSwitchContext+0xa0>
80003014:	00c6a783          	lw	a5,12(a3)
80003018:	00f6a223          	sw	a5,4(a3)
8000301c:	f95ff06f          	j	80002fb0 <vTaskSwitchContext+0xc4>

80003020 <vTaskPlaceOnEventList>:
80003020:	fe010113          	addi	sp,sp,-32
80003024:	00812c23          	sw	s0,24(sp)
80003028:	00112e23          	sw	ra,28(sp)
8000302c:	00050793          	mv	a5,a0
80003030:	00058413          	mv	s0,a1
80003034:	02050a63          	beqz	a0,80003068 <vTaskPlaceOnEventList+0x48>
80003038:	80005737          	lui	a4,0x80005
8000303c:	07472583          	lw	a1,116(a4) # 80005074 <pxCurrentTCB>
80003040:	00078513          	mv	a0,a5
80003044:	01858593          	addi	a1,a1,24
80003048:	ffffe097          	auipc	ra,0xffffe
8000304c:	9c8080e7          	jalr	-1592(ra) # 80000a10 <vListInsert>
80003050:	00040513          	mv	a0,s0
80003054:	01812403          	lw	s0,24(sp)
80003058:	01c12083          	lw	ra,28(sp)
8000305c:	02010113          	addi	sp,sp,32
80003060:	fffff317          	auipc	t1,0xfffff
80003064:	18030067          	jr	384(t1) # 800021e0 <prvAddCurrentTaskToDelayedList.isra.0>
80003068:	00a12623          	sw	a0,12(sp)
8000306c:	000015b7          	lui	a1,0x1
80003070:	80005537          	lui	a0,0x80005
80003074:	48058593          	addi	a1,a1,1152 # 1480 <_start-0x7fffeb80>
80003078:	e8050513          	addi	a0,a0,-384 # 80004e80 <__clzsi2+0x280>
8000307c:	ffffd097          	auipc	ra,0xffffd
80003080:	454080e7          	jalr	1108(ra) # 800004d0 <vAssertCalled>
80003084:	00c12783          	lw	a5,12(sp)
80003088:	fb1ff06f          	j	80003038 <vTaskPlaceOnEventList+0x18>

8000308c <vTaskPlaceOnUnorderedEventList>:
8000308c:	fe010113          	addi	sp,sp,-32
80003090:	00112e23          	sw	ra,28(sp)
80003094:	00050713          	mv	a4,a0
80003098:	00058813          	mv	a6,a1
8000309c:	0a050863          	beqz	a0,8000314c <vTaskPlaceOnUnorderedEventList+0xc0>
800030a0:	800057b7          	lui	a5,0x80005
800030a4:	0447a783          	lw	a5,68(a5) # 80005044 <uxSchedulerSuspended>
800030a8:	06078863          	beqz	a5,80003118 <vTaskPlaceOnUnorderedEventList+0x8c>
800030ac:	800057b7          	lui	a5,0x80005
800030b0:	0747a503          	lw	a0,116(a5) # 80005074 <pxCurrentTCB>
800030b4:	00472683          	lw	a3,4(a4)
800030b8:	0747a583          	lw	a1,116(a5)
800030bc:	800008b7          	lui	a7,0x80000
800030c0:	01186833          	or	a6,a6,a7
800030c4:	01052c23          	sw	a6,24(a0)
800030c8:	00d5ae23          	sw	a3,28(a1)
800030cc:	0747a883          	lw	a7,116(a5)
800030d0:	0086a803          	lw	a6,8(a3)
800030d4:	0747a503          	lw	a0,116(a5)
800030d8:	0747a583          	lw	a1,116(a5)
800030dc:	0308a023          	sw	a6,32(a7) # 80000020 <_start+0x20>
800030e0:	01850513          	addi	a0,a0,24
800030e4:	0747a883          	lw	a7,116(a5)
800030e8:	00072783          	lw	a5,0(a4)
800030ec:	01858593          	addi	a1,a1,24
800030f0:	00a82223          	sw	a0,4(a6)
800030f4:	00b6a423          	sw	a1,8(a3)
800030f8:	01c12083          	lw	ra,28(sp)
800030fc:	02e8a423          	sw	a4,40(a7)
80003100:	00178793          	addi	a5,a5,1
80003104:	00f72023          	sw	a5,0(a4)
80003108:	00060513          	mv	a0,a2
8000310c:	02010113          	addi	sp,sp,32
80003110:	fffff317          	auipc	t1,0xfffff
80003114:	0d030067          	jr	208(t1) # 800021e0 <prvAddCurrentTaskToDelayedList.isra.0>
80003118:	80005537          	lui	a0,0x80005
8000311c:	000015b7          	lui	a1,0x1
80003120:	4a258593          	addi	a1,a1,1186 # 14a2 <_start-0x7fffeb5e>
80003124:	e8050513          	addi	a0,a0,-384 # 80004e80 <__clzsi2+0x280>
80003128:	00c12623          	sw	a2,12(sp)
8000312c:	01012423          	sw	a6,8(sp)
80003130:	00e12223          	sw	a4,4(sp)
80003134:	ffffd097          	auipc	ra,0xffffd
80003138:	39c080e7          	jalr	924(ra) # 800004d0 <vAssertCalled>
8000313c:	00c12603          	lw	a2,12(sp)
80003140:	00812803          	lw	a6,8(sp)
80003144:	00412703          	lw	a4,4(sp)
80003148:	f65ff06f          	j	800030ac <vTaskPlaceOnUnorderedEventList+0x20>
8000314c:	00b12423          	sw	a1,8(sp)
80003150:	00a12223          	sw	a0,4(sp)
80003154:	000015b7          	lui	a1,0x1
80003158:	80005537          	lui	a0,0x80005
8000315c:	49e58593          	addi	a1,a1,1182 # 149e <_start-0x7fffeb62>
80003160:	e8050513          	addi	a0,a0,-384 # 80004e80 <__clzsi2+0x280>
80003164:	00c12623          	sw	a2,12(sp)
80003168:	ffffd097          	auipc	ra,0xffffd
8000316c:	368080e7          	jalr	872(ra) # 800004d0 <vAssertCalled>
80003170:	00c12603          	lw	a2,12(sp)
80003174:	00812803          	lw	a6,8(sp)
80003178:	00412703          	lw	a4,4(sp)
8000317c:	f25ff06f          	j	800030a0 <vTaskPlaceOnUnorderedEventList+0x14>

80003180 <xTaskRemoveFromEventList>:
80003180:	00c52783          	lw	a5,12(a0)
80003184:	fe010113          	addi	sp,sp,-32
80003188:	00112e23          	sw	ra,28(sp)
8000318c:	00c7a783          	lw	a5,12(a5)
80003190:	14078863          	beqz	a5,800032e0 <xTaskRemoveFromEventList+0x160>
80003194:	01c7a583          	lw	a1,28(a5)
80003198:	0207a683          	lw	a3,32(a5)
8000319c:	0287a703          	lw	a4,40(a5)
800031a0:	01878613          	addi	a2,a5,24
800031a4:	00d5a423          	sw	a3,8(a1)
800031a8:	01c7a503          	lw	a0,28(a5)
800031ac:	00472583          	lw	a1,4(a4)
800031b0:	00a6a223          	sw	a0,4(a3)
800031b4:	10c58a63          	beq	a1,a2,800032c8 <xTaskRemoveFromEventList+0x148>
800031b8:	00072683          	lw	a3,0(a4)
800031bc:	800055b7          	lui	a1,0x80005
800031c0:	0445a583          	lw	a1,68(a1) # 80005044 <uxSchedulerSuspended>
800031c4:	0207a423          	sw	zero,40(a5)
800031c8:	fff68693          	addi	a3,a3,-1
800031cc:	00d72023          	sw	a3,0(a4)
800031d0:	0c059063          	bnez	a1,80003290 <xTaskRemoveFromEventList+0x110>
800031d4:	0087a603          	lw	a2,8(a5)
800031d8:	00c7a703          	lw	a4,12(a5)
800031dc:	0147a683          	lw	a3,20(a5)
800031e0:	00478513          	addi	a0,a5,4
800031e4:	00e62423          	sw	a4,8(a2)
800031e8:	0087a583          	lw	a1,8(a5)
800031ec:	0046a603          	lw	a2,4(a3)
800031f0:	00b72223          	sw	a1,4(a4)
800031f4:	0ea60063          	beq	a2,a0,800032d4 <xTaskRemoveFromEventList+0x154>
800031f8:	0006a603          	lw	a2,0(a3)
800031fc:	80006737          	lui	a4,0x80006
80003200:	1b870713          	addi	a4,a4,440 # 800061b8 <pxReadyTasksLists>
80003204:	fff60613          	addi	a2,a2,-1
80003208:	00c6a023          	sw	a2,0(a3)
8000320c:	02c7a803          	lw	a6,44(a5)
80003210:	800058b7          	lui	a7,0x80005
80003214:	0608ae03          	lw	t3,96(a7) # 80005060 <uxTopReadyPriority>
80003218:	00281693          	slli	a3,a6,0x2
8000321c:	010686b3          	add	a3,a3,a6
80003220:	00269693          	slli	a3,a3,0x2
80003224:	00d70733          	add	a4,a4,a3
80003228:	00472583          	lw	a1,4(a4)
8000322c:	00072603          	lw	a2,0(a4)
80003230:	00100693          	li	a3,1
80003234:	00b7a423          	sw	a1,8(a5)
80003238:	0085a303          	lw	t1,8(a1)
8000323c:	010696b3          	sll	a3,a3,a6
80003240:	00160613          	addi	a2,a2,1
80003244:	0067a623          	sw	t1,12(a5)
80003248:	00a32223          	sw	a0,4(t1)
8000324c:	00a5a423          	sw	a0,8(a1)
80003250:	00e7aa23          	sw	a4,20(a5)
80003254:	01c6e6b3          	or	a3,a3,t3
80003258:	00c72023          	sw	a2,0(a4)
8000325c:	06d8a023          	sw	a3,96(a7)
80003260:	80005737          	lui	a4,0x80005
80003264:	07472683          	lw	a3,116(a4) # 80005074 <pxCurrentTCB>
80003268:	02c7a703          	lw	a4,44(a5)
8000326c:	00000513          	li	a0,0
80003270:	02c6a783          	lw	a5,44(a3)
80003274:	00e7f863          	bgeu	a5,a4,80003284 <xTaskRemoveFromEventList+0x104>
80003278:	800057b7          	lui	a5,0x80005
8000327c:	00100513          	li	a0,1
80003280:	04a7aa23          	sw	a0,84(a5) # 80005054 <xYieldPendings>
80003284:	01c12083          	lw	ra,28(sp)
80003288:	02010113          	addi	sp,sp,32
8000328c:	00008067          	ret
80003290:	80006737          	lui	a4,0x80006
80003294:	1b870713          	addi	a4,a4,440 # 800061b8 <pxReadyTasksLists>
80003298:	09072683          	lw	a3,144(a4)
8000329c:	08c72583          	lw	a1,140(a4)
800032a0:	08c70813          	addi	a6,a4,140
800032a4:	00d7ae23          	sw	a3,28(a5)
800032a8:	0086a503          	lw	a0,8(a3)
800032ac:	00158593          	addi	a1,a1,1
800032b0:	08b72623          	sw	a1,140(a4)
800032b4:	02a7a023          	sw	a0,32(a5)
800032b8:	00c52223          	sw	a2,4(a0)
800032bc:	00c6a423          	sw	a2,8(a3)
800032c0:	0307a423          	sw	a6,40(a5)
800032c4:	f9dff06f          	j	80003260 <xTaskRemoveFromEventList+0xe0>
800032c8:	0207a683          	lw	a3,32(a5)
800032cc:	00d72223          	sw	a3,4(a4)
800032d0:	ee9ff06f          	j	800031b8 <xTaskRemoveFromEventList+0x38>
800032d4:	00c7a703          	lw	a4,12(a5)
800032d8:	00e6a223          	sw	a4,4(a3)
800032dc:	f1dff06f          	j	800031f8 <xTaskRemoveFromEventList+0x78>
800032e0:	80005537          	lui	a0,0x80005
800032e4:	000015b7          	lui	a1,0x1
800032e8:	4f558593          	addi	a1,a1,1269 # 14f5 <_start-0x7fffeb0b>
800032ec:	e8050513          	addi	a0,a0,-384 # 80004e80 <__clzsi2+0x280>
800032f0:	00f12623          	sw	a5,12(sp)
800032f4:	ffffd097          	auipc	ra,0xffffd
800032f8:	1dc080e7          	jalr	476(ra) # 800004d0 <vAssertCalled>
800032fc:	00c12783          	lw	a5,12(sp)
80003300:	e95ff06f          	j	80003194 <xTaskRemoveFromEventList+0x14>

80003304 <vTaskRemoveFromUnorderedEventList>:
80003304:	800057b7          	lui	a5,0x80005
80003308:	0447a783          	lw	a5,68(a5) # 80005044 <uxSchedulerSuspended>
8000330c:	fe010113          	addi	sp,sp,-32
80003310:	00112e23          	sw	ra,28(sp)
80003314:	00050713          	mv	a4,a0
80003318:	00058693          	mv	a3,a1
8000331c:	0e078c63          	beqz	a5,80003414 <vTaskRemoveFromUnorderedEventList+0x110>
80003320:	80000637          	lui	a2,0x80000
80003324:	00c72783          	lw	a5,12(a4)
80003328:	00c6e6b3          	or	a3,a3,a2
8000332c:	00d72023          	sw	a3,0(a4)
80003330:	12078063          	beqz	a5,80003450 <vTaskRemoveFromUnorderedEventList+0x14c>
80003334:	01072683          	lw	a3,16(a4)
80003338:	00472583          	lw	a1,4(a4)
8000333c:	00872603          	lw	a2,8(a4)
80003340:	0046a503          	lw	a0,4(a3)
80003344:	00c5a423          	sw	a2,8(a1)
80003348:	00b62223          	sw	a1,4(a2) # 80000004 <_start+0x4>
8000334c:	14e50463          	beq	a0,a4,80003494 <vTaskRemoveFromUnorderedEventList+0x190>
80003350:	00072823          	sw	zero,16(a4)
80003354:	0006a703          	lw	a4,0(a3)
80003358:	0087a583          	lw	a1,8(a5)
8000335c:	00c7a603          	lw	a2,12(a5)
80003360:	fff70713          	addi	a4,a4,-1
80003364:	00e6a023          	sw	a4,0(a3)
80003368:	0147a683          	lw	a3,20(a5)
8000336c:	00c5a423          	sw	a2,8(a1)
80003370:	0087a583          	lw	a1,8(a5)
80003374:	0046a703          	lw	a4,4(a3)
80003378:	00478513          	addi	a0,a5,4
8000337c:	00b62223          	sw	a1,4(a2)
80003380:	10a70e63          	beq	a4,a0,8000349c <vTaskRemoveFromUnorderedEventList+0x198>
80003384:	0006a603          	lw	a2,0(a3)
80003388:	80006737          	lui	a4,0x80006
8000338c:	1b870713          	addi	a4,a4,440 # 800061b8 <pxReadyTasksLists>
80003390:	fff60613          	addi	a2,a2,-1
80003394:	00c6a023          	sw	a2,0(a3)
80003398:	02c7a683          	lw	a3,44(a5)
8000339c:	80005837          	lui	a6,0x80005
800033a0:	06082e03          	lw	t3,96(a6) # 80005060 <uxTopReadyPriority>
800033a4:	00269613          	slli	a2,a3,0x2
800033a8:	00d60633          	add	a2,a2,a3
800033ac:	00261613          	slli	a2,a2,0x2
800033b0:	00c70733          	add	a4,a4,a2
800033b4:	00472583          	lw	a1,4(a4)
800033b8:	00100313          	li	t1,1
800033bc:	00d316b3          	sll	a3,t1,a3
800033c0:	00b7a423          	sw	a1,8(a5)
800033c4:	0085a883          	lw	a7,8(a1)
800033c8:	00072603          	lw	a2,0(a4)
800033cc:	01c6e6b3          	or	a3,a3,t3
800033d0:	0117a623          	sw	a7,12(a5)
800033d4:	00a8a223          	sw	a0,4(a7)
800033d8:	06d82023          	sw	a3,96(a6)
800033dc:	800056b7          	lui	a3,0x80005
800033e0:	00a5a423          	sw	a0,8(a1)
800033e4:	0746a583          	lw	a1,116(a3) # 80005074 <pxCurrentTCB>
800033e8:	00e7aa23          	sw	a4,20(a5)
800033ec:	006606b3          	add	a3,a2,t1
800033f0:	00d72023          	sw	a3,0(a4)
800033f4:	02c7a703          	lw	a4,44(a5)
800033f8:	02c5a783          	lw	a5,44(a1)
800033fc:	00e7f663          	bgeu	a5,a4,80003408 <vTaskRemoveFromUnorderedEventList+0x104>
80003400:	800057b7          	lui	a5,0x80005
80003404:	0467aa23          	sw	t1,84(a5) # 80005054 <xYieldPendings>
80003408:	01c12083          	lw	ra,28(sp)
8000340c:	02010113          	addi	sp,sp,32
80003410:	00008067          	ret
80003414:	00b12623          	sw	a1,12(sp)
80003418:	00a12423          	sw	a0,8(sp)
8000341c:	000015b7          	lui	a1,0x1
80003420:	80005537          	lui	a0,0x80005
80003424:	54358593          	addi	a1,a1,1347 # 1543 <_start-0x7fffeabd>
80003428:	e8050513          	addi	a0,a0,-384 # 80004e80 <__clzsi2+0x280>
8000342c:	ffffd097          	auipc	ra,0xffffd
80003430:	0a4080e7          	jalr	164(ra) # 800004d0 <vAssertCalled>
80003434:	00812703          	lw	a4,8(sp)
80003438:	00c12683          	lw	a3,12(sp)
8000343c:	80000637          	lui	a2,0x80000
80003440:	00c72783          	lw	a5,12(a4)
80003444:	00c6e6b3          	or	a3,a3,a2
80003448:	00d72023          	sw	a3,0(a4)
8000344c:	ee0794e3          	bnez	a5,80003334 <vTaskRemoveFromUnorderedEventList+0x30>
80003450:	80005537          	lui	a0,0x80005
80003454:	000015b7          	lui	a1,0x1
80003458:	54e58593          	addi	a1,a1,1358 # 154e <_start-0x7fffeab2>
8000345c:	e8050513          	addi	a0,a0,-384 # 80004e80 <__clzsi2+0x280>
80003460:	00e12623          	sw	a4,12(sp)
80003464:	00f12423          	sw	a5,8(sp)
80003468:	ffffd097          	auipc	ra,0xffffd
8000346c:	068080e7          	jalr	104(ra) # 800004d0 <vAssertCalled>
80003470:	00c12703          	lw	a4,12(sp)
80003474:	00812783          	lw	a5,8(sp)
80003478:	01072683          	lw	a3,16(a4)
8000347c:	00472583          	lw	a1,4(a4)
80003480:	00872603          	lw	a2,8(a4)
80003484:	0046a503          	lw	a0,4(a3)
80003488:	00c5a423          	sw	a2,8(a1)
8000348c:	00b62223          	sw	a1,4(a2) # 80000004 <_start+0x4>
80003490:	ece510e3          	bne	a0,a4,80003350 <vTaskRemoveFromUnorderedEventList+0x4c>
80003494:	00c6a223          	sw	a2,4(a3)
80003498:	eb9ff06f          	j	80003350 <vTaskRemoveFromUnorderedEventList+0x4c>
8000349c:	00c7a703          	lw	a4,12(a5)
800034a0:	00e6a223          	sw	a4,4(a3)
800034a4:	ee1ff06f          	j	80003384 <vTaskRemoveFromUnorderedEventList+0x80>

800034a8 <vTaskSetTimeOutState>:
800034a8:	fe010113          	addi	sp,sp,-32
800034ac:	00112e23          	sw	ra,28(sp)
800034b0:	00050793          	mv	a5,a0
800034b4:	04050063          	beqz	a0,800034f4 <vTaskSetTimeOutState+0x4c>
800034b8:	30047073          	csrci	mstatus,8
800034bc:	80005737          	lui	a4,0x80005
800034c0:	05072583          	lw	a1,80(a4) # 80005050 <xNumOfOverflows>
800034c4:	800056b7          	lui	a3,0x80005
800034c8:	80005637          	lui	a2,0x80005
800034cc:	0306a703          	lw	a4,48(a3) # 80005030 <xCriticalNesting>
800034d0:	06462603          	lw	a2,100(a2) # 80005064 <xTickCount>
800034d4:	00b7a023          	sw	a1,0(a5)
800034d8:	02e6a823          	sw	a4,48(a3)
800034dc:	00c7a223          	sw	a2,4(a5)
800034e0:	00071463          	bnez	a4,800034e8 <vTaskSetTimeOutState+0x40>
800034e4:	30046073          	csrsi	mstatus,8
800034e8:	01c12083          	lw	ra,28(sp)
800034ec:	02010113          	addi	sp,sp,32
800034f0:	00008067          	ret
800034f4:	00a12623          	sw	a0,12(sp)
800034f8:	000015b7          	lui	a1,0x1
800034fc:	80005537          	lui	a0,0x80005
80003500:	58658593          	addi	a1,a1,1414 # 1586 <_start-0x7fffea7a>
80003504:	e8050513          	addi	a0,a0,-384 # 80004e80 <__clzsi2+0x280>
80003508:	ffffd097          	auipc	ra,0xffffd
8000350c:	fc8080e7          	jalr	-56(ra) # 800004d0 <vAssertCalled>
80003510:	00c12783          	lw	a5,12(sp)
80003514:	fa5ff06f          	j	800034b8 <vTaskSetTimeOutState+0x10>

80003518 <vTaskInternalSetTimeOutState>:
80003518:	80005737          	lui	a4,0x80005
8000351c:	800057b7          	lui	a5,0x80005
80003520:	05072703          	lw	a4,80(a4) # 80005050 <xNumOfOverflows>
80003524:	0647a783          	lw	a5,100(a5) # 80005064 <xTickCount>
80003528:	00e52023          	sw	a4,0(a0)
8000352c:	00f52223          	sw	a5,4(a0)
80003530:	00008067          	ret

80003534 <xTaskCheckForTimeOut>:
80003534:	fe010113          	addi	sp,sp,-32
80003538:	00112e23          	sw	ra,28(sp)
8000353c:	00050793          	mv	a5,a0
80003540:	00058713          	mv	a4,a1
80003544:	08050263          	beqz	a0,800035c8 <xTaskCheckForTimeOut+0x94>
80003548:	0a070663          	beqz	a4,800035f4 <xTaskCheckForTimeOut+0xc0>
8000354c:	30047073          	csrci	mstatus,8
80003550:	800058b7          	lui	a7,0x80005
80003554:	80005337          	lui	t1,0x80005
80003558:	0648a803          	lw	a6,100(a7) # 80005064 <xTickCount>
8000355c:	0007ae03          	lw	t3,0(a5)
80003560:	05032683          	lw	a3,80(t1) # 80005050 <xNumOfOverflows>
80003564:	800055b7          	lui	a1,0x80005
80003568:	0047a503          	lw	a0,4(a5)
8000356c:	0305a603          	lw	a2,48(a1) # 80005030 <xCriticalNesting>
80003570:	00de0463          	beq	t3,a3,80003578 <xTaskCheckForTimeOut+0x44>
80003574:	00a87863          	bgeu	a6,a0,80003584 <xTaskCheckForTimeOut+0x50>
80003578:	00072683          	lw	a3,0(a4)
8000357c:	40a80e33          	sub	t3,a6,a0
80003580:	02de6263          	bltu	t3,a3,800035a4 <xTaskCheckForTimeOut+0x70>
80003584:	00072023          	sw	zero,0(a4)
80003588:	00100513          	li	a0,1
8000358c:	02c5a823          	sw	a2,48(a1)
80003590:	00061463          	bnez	a2,80003598 <xTaskCheckForTimeOut+0x64>
80003594:	30046073          	csrsi	mstatus,8
80003598:	01c12083          	lw	ra,28(sp)
8000359c:	02010113          	addi	sp,sp,32
800035a0:	00008067          	ret
800035a4:	05032303          	lw	t1,80(t1)
800035a8:	410686b3          	sub	a3,a3,a6
800035ac:	0648a803          	lw	a6,100(a7)
800035b0:	00a686b3          	add	a3,a3,a0
800035b4:	00d72023          	sw	a3,0(a4)
800035b8:	0067a023          	sw	t1,0(a5)
800035bc:	0107a223          	sw	a6,4(a5)
800035c0:	00000513          	li	a0,0
800035c4:	fc9ff06f          	j	8000358c <xTaskCheckForTimeOut+0x58>
800035c8:	00b12623          	sw	a1,12(sp)
800035cc:	00a12423          	sw	a0,8(sp)
800035d0:	000015b7          	lui	a1,0x1
800035d4:	80005537          	lui	a0,0x80005
800035d8:	5a558593          	addi	a1,a1,1445 # 15a5 <_start-0x7fffea5b>
800035dc:	e8050513          	addi	a0,a0,-384 # 80004e80 <__clzsi2+0x280>
800035e0:	ffffd097          	auipc	ra,0xffffd
800035e4:	ef0080e7          	jalr	-272(ra) # 800004d0 <vAssertCalled>
800035e8:	00c12703          	lw	a4,12(sp)
800035ec:	00812783          	lw	a5,8(sp)
800035f0:	f4071ee3          	bnez	a4,8000354c <xTaskCheckForTimeOut+0x18>
800035f4:	80005537          	lui	a0,0x80005
800035f8:	000015b7          	lui	a1,0x1
800035fc:	5a658593          	addi	a1,a1,1446 # 15a6 <_start-0x7fffea5a>
80003600:	e8050513          	addi	a0,a0,-384 # 80004e80 <__clzsi2+0x280>
80003604:	00e12623          	sw	a4,12(sp)
80003608:	00f12423          	sw	a5,8(sp)
8000360c:	ffffd097          	auipc	ra,0xffffd
80003610:	ec4080e7          	jalr	-316(ra) # 800004d0 <vAssertCalled>
80003614:	00c12703          	lw	a4,12(sp)
80003618:	00812783          	lw	a5,8(sp)
8000361c:	f31ff06f          	j	8000354c <xTaskCheckForTimeOut+0x18>

80003620 <vTaskMissedYield>:
80003620:	800057b7          	lui	a5,0x80005
80003624:	00100713          	li	a4,1
80003628:	04e7aa23          	sw	a4,84(a5) # 80005054 <xYieldPendings>
8000362c:	00008067          	ret

80003630 <xTaskGetSchedulerState>:
80003630:	800057b7          	lui	a5,0x80005
80003634:	05c7a783          	lw	a5,92(a5) # 8000505c <xSchedulerRunning>
80003638:	00100513          	li	a0,1
8000363c:	00078a63          	beqz	a5,80003650 <xTaskGetSchedulerState+0x20>
80003640:	800057b7          	lui	a5,0x80005
80003644:	0447a503          	lw	a0,68(a5) # 80005044 <uxSchedulerSuspended>
80003648:	00153513          	seqz	a0,a0
8000364c:	00151513          	slli	a0,a0,0x1
80003650:	00008067          	ret

80003654 <uxTaskResetEventItemValue>:
80003654:	800057b7          	lui	a5,0x80005
80003658:	0747a603          	lw	a2,116(a5) # 80005074 <pxCurrentTCB>
8000365c:	0747a683          	lw	a3,116(a5)
80003660:	0747a703          	lw	a4,116(a5)
80003664:	00500793          	li	a5,5
80003668:	02c6a683          	lw	a3,44(a3)
8000366c:	01862503          	lw	a0,24(a2)
80003670:	40d787b3          	sub	a5,a5,a3
80003674:	00f72c23          	sw	a5,24(a4)
80003678:	00008067          	ret

8000367c <ulTaskGenericNotifyTake>:
8000367c:	fd010113          	addi	sp,sp,-48
80003680:	03212023          	sw	s2,32(sp)
80003684:	01412c23          	sw	s4,24(sp)
80003688:	02112623          	sw	ra,44(sp)
8000368c:	02812423          	sw	s0,40(sp)
80003690:	02912223          	sw	s1,36(sp)
80003694:	01312e23          	sw	s3,28(sp)
80003698:	00050913          	mv	s2,a0
8000369c:	00058a13          	mv	s4,a1
800036a0:	10051063          	bnez	a0,800037a0 <ulTaskGenericNotifyTake+0x124>
800036a4:	80005737          	lui	a4,0x80005
800036a8:	04472783          	lw	a5,68(a4) # 80005044 <uxSchedulerSuspended>
800036ac:	00178793          	addi	a5,a5,1
800036b0:	04f72223          	sw	a5,68(a4)
800036b4:	30047073          	csrci	mstatus,8
800036b8:	800054b7          	lui	s1,0x80005
800036bc:	0744a783          	lw	a5,116(s1) # 80005074 <pxCurrentTCB>
800036c0:	01090413          	addi	s0,s2,16
800036c4:	00241713          	slli	a4,s0,0x2
800036c8:	00e787b3          	add	a5,a5,a4
800036cc:	0007a703          	lw	a4,0(a5)
800036d0:	800059b7          	lui	s3,0x80005
800036d4:	0309a783          	lw	a5,48(s3) # 80005030 <xCriticalNesting>
800036d8:	04071263          	bnez	a4,8000371c <ulTaskGenericNotifyTake+0xa0>
800036dc:	0744a703          	lw	a4,116(s1)
800036e0:	00100693          	li	a3,1
800036e4:	01270733          	add	a4,a4,s2
800036e8:	04d70223          	sb	a3,68(a4)
800036ec:	02060863          	beqz	a2,8000371c <ulTaskGenericNotifyTake+0xa0>
800036f0:	00079463          	bnez	a5,800036f8 <ulTaskGenericNotifyTake+0x7c>
800036f4:	30046073          	csrsi	mstatus,8
800036f8:	00060513          	mv	a0,a2
800036fc:	fffff097          	auipc	ra,0xfffff
80003700:	ae4080e7          	jalr	-1308(ra) # 800021e0 <prvAddCurrentTaskToDelayedList.isra.0>
80003704:	fffff097          	auipc	ra,0xfffff
80003708:	308080e7          	jalr	776(ra) # 80002a0c <xTaskResumeAll>
8000370c:	00100793          	li	a5,1
80003710:	00f50c63          	beq	a0,a5,80003728 <ulTaskGenericNotifyTake+0xac>
80003714:	00000073          	ecall
80003718:	0100006f          	j	80003728 <ulTaskGenericNotifyTake+0xac>
8000371c:	06078663          	beqz	a5,80003788 <ulTaskGenericNotifyTake+0x10c>
80003720:	fffff097          	auipc	ra,0xfffff
80003724:	2ec080e7          	jalr	748(ra) # 80002a0c <xTaskResumeAll>
80003728:	30047073          	csrci	mstatus,8
8000372c:	0744a783          	lw	a5,116(s1)
80003730:	00241413          	slli	s0,s0,0x2
80003734:	0309a703          	lw	a4,48(s3)
80003738:	008787b3          	add	a5,a5,s0
8000373c:	0007a503          	lw	a0,0(a5)
80003740:	00050a63          	beqz	a0,80003754 <ulTaskGenericNotifyTake+0xd8>
80003744:	0744a783          	lw	a5,116(s1)
80003748:	040a0463          	beqz	s4,80003790 <ulTaskGenericNotifyTake+0x114>
8000374c:	008787b3          	add	a5,a5,s0
80003750:	0007a023          	sw	zero,0(a5)
80003754:	0744a783          	lw	a5,116(s1)
80003758:	012787b3          	add	a5,a5,s2
8000375c:	04078223          	sb	zero,68(a5)
80003760:	00071463          	bnez	a4,80003768 <ulTaskGenericNotifyTake+0xec>
80003764:	30046073          	csrsi	mstatus,8
80003768:	02c12083          	lw	ra,44(sp)
8000376c:	02812403          	lw	s0,40(sp)
80003770:	02412483          	lw	s1,36(sp)
80003774:	02012903          	lw	s2,32(sp)
80003778:	01c12983          	lw	s3,28(sp)
8000377c:	01812a03          	lw	s4,24(sp)
80003780:	03010113          	addi	sp,sp,48
80003784:	00008067          	ret
80003788:	30046073          	csrsi	mstatus,8
8000378c:	f95ff06f          	j	80003720 <ulTaskGenericNotifyTake+0xa4>
80003790:	fff50693          	addi	a3,a0,-1
80003794:	008787b3          	add	a5,a5,s0
80003798:	00d7a023          	sw	a3,0(a5)
8000379c:	fb9ff06f          	j	80003754 <ulTaskGenericNotifyTake+0xd8>
800037a0:	80005537          	lui	a0,0x80005
800037a4:	000025b7          	lui	a1,0x2
800037a8:	dc758593          	addi	a1,a1,-569 # 1dc7 <_start-0x7fffe239>
800037ac:	e8050513          	addi	a0,a0,-384 # 80004e80 <__clzsi2+0x280>
800037b0:	00c12623          	sw	a2,12(sp)
800037b4:	ffffd097          	auipc	ra,0xffffd
800037b8:	d1c080e7          	jalr	-740(ra) # 800004d0 <vAssertCalled>
800037bc:	00c12603          	lw	a2,12(sp)
800037c0:	ee5ff06f          	j	800036a4 <ulTaskGenericNotifyTake+0x28>

800037c4 <xTaskGenericNotifyWait>:
800037c4:	fd010113          	addi	sp,sp,-48
800037c8:	02812423          	sw	s0,40(sp)
800037cc:	01312e23          	sw	s3,28(sp)
800037d0:	01412c23          	sw	s4,24(sp)
800037d4:	02112623          	sw	ra,44(sp)
800037d8:	02912223          	sw	s1,36(sp)
800037dc:	03212023          	sw	s2,32(sp)
800037e0:	00050413          	mv	s0,a0
800037e4:	00058793          	mv	a5,a1
800037e8:	00060a13          	mv	s4,a2
800037ec:	00068993          	mv	s3,a3
800037f0:	12051c63          	bnez	a0,80003928 <xTaskGenericNotifyWait+0x164>
800037f4:	800056b7          	lui	a3,0x80005
800037f8:	0446a583          	lw	a1,68(a3) # 80005044 <uxSchedulerSuspended>
800037fc:	00158593          	addi	a1,a1,1
80003800:	04b6a223          	sw	a1,68(a3)
80003804:	30047073          	csrci	mstatus,8
80003808:	800054b7          	lui	s1,0x80005
8000380c:	0744a583          	lw	a1,116(s1) # 80005074 <pxCurrentTCB>
80003810:	80005937          	lui	s2,0x80005
80003814:	00200693          	li	a3,2
80003818:	008585b3          	add	a1,a1,s0
8000381c:	0445c603          	lbu	a2,68(a1)
80003820:	03092583          	lw	a1,48(s2) # 80005030 <xCriticalNesting>
80003824:	06d60063          	beq	a2,a3,80003884 <xTaskGenericNotifyWait+0xc0>
80003828:	0744a603          	lw	a2,116(s1)
8000382c:	00241693          	slli	a3,s0,0x2
80003830:	fff7c793          	not	a5,a5
80003834:	00d60633          	add	a2,a2,a3
80003838:	04062503          	lw	a0,64(a2)
8000383c:	00100693          	li	a3,1
80003840:	00a7f7b3          	and	a5,a5,a0
80003844:	04f62023          	sw	a5,64(a2)
80003848:	0744a783          	lw	a5,116(s1)
8000384c:	008787b3          	add	a5,a5,s0
80003850:	04d78223          	sb	a3,68(a5)
80003854:	02070863          	beqz	a4,80003884 <xTaskGenericNotifyWait+0xc0>
80003858:	00059463          	bnez	a1,80003860 <xTaskGenericNotifyWait+0x9c>
8000385c:	30046073          	csrsi	mstatus,8
80003860:	00070513          	mv	a0,a4
80003864:	fffff097          	auipc	ra,0xfffff
80003868:	97c080e7          	jalr	-1668(ra) # 800021e0 <prvAddCurrentTaskToDelayedList.isra.0>
8000386c:	fffff097          	auipc	ra,0xfffff
80003870:	1a0080e7          	jalr	416(ra) # 80002a0c <xTaskResumeAll>
80003874:	00100793          	li	a5,1
80003878:	00f50c63          	beq	a0,a5,80003890 <xTaskGenericNotifyWait+0xcc>
8000387c:	00000073          	ecall
80003880:	0100006f          	j	80003890 <xTaskGenericNotifyWait+0xcc>
80003884:	08058e63          	beqz	a1,80003920 <xTaskGenericNotifyWait+0x15c>
80003888:	fffff097          	auipc	ra,0xfffff
8000388c:	184080e7          	jalr	388(ra) # 80002a0c <xTaskResumeAll>
80003890:	30047073          	csrci	mstatus,8
80003894:	03092703          	lw	a4,48(s2)
80003898:	00098c63          	beqz	s3,800038b0 <xTaskGenericNotifyWait+0xec>
8000389c:	0744a783          	lw	a5,116(s1)
800038a0:	00241693          	slli	a3,s0,0x2
800038a4:	00d787b3          	add	a5,a5,a3
800038a8:	0407a783          	lw	a5,64(a5)
800038ac:	00f9a023          	sw	a5,0(s3)
800038b0:	0744a783          	lw	a5,116(s1)
800038b4:	00200693          	li	a3,2
800038b8:	00000513          	li	a0,0
800038bc:	008787b3          	add	a5,a5,s0
800038c0:	0447c783          	lbu	a5,68(a5)
800038c4:	02d79263          	bne	a5,a3,800038e8 <xTaskGenericNotifyWait+0x124>
800038c8:	0744a683          	lw	a3,116(s1)
800038cc:	00241613          	slli	a2,s0,0x2
800038d0:	fffa4793          	not	a5,s4
800038d4:	00c686b3          	add	a3,a3,a2
800038d8:	0406a603          	lw	a2,64(a3)
800038dc:	00100513          	li	a0,1
800038e0:	00c7f7b3          	and	a5,a5,a2
800038e4:	04f6a023          	sw	a5,64(a3)
800038e8:	0744a783          	lw	a5,116(s1)
800038ec:	02e92823          	sw	a4,48(s2)
800038f0:	008787b3          	add	a5,a5,s0
800038f4:	04078223          	sb	zero,68(a5)
800038f8:	00071463          	bnez	a4,80003900 <xTaskGenericNotifyWait+0x13c>
800038fc:	30046073          	csrsi	mstatus,8
80003900:	02c12083          	lw	ra,44(sp)
80003904:	02812403          	lw	s0,40(sp)
80003908:	02412483          	lw	s1,36(sp)
8000390c:	02012903          	lw	s2,32(sp)
80003910:	01c12983          	lw	s3,28(sp)
80003914:	01812a03          	lw	s4,24(sp)
80003918:	03010113          	addi	sp,sp,48
8000391c:	00008067          	ret
80003920:	30046073          	csrsi	mstatus,8
80003924:	f65ff06f          	j	80003888 <xTaskGenericNotifyWait+0xc4>
80003928:	00b12423          	sw	a1,8(sp)
8000392c:	80005537          	lui	a0,0x80005
80003930:	000025b7          	lui	a1,0x2
80003934:	e2f58593          	addi	a1,a1,-465 # 1e2f <_start-0x7fffe1d1>
80003938:	e8050513          	addi	a0,a0,-384 # 80004e80 <__clzsi2+0x280>
8000393c:	00e12623          	sw	a4,12(sp)
80003940:	ffffd097          	auipc	ra,0xffffd
80003944:	b90080e7          	jalr	-1136(ra) # 800004d0 <vAssertCalled>
80003948:	00c12703          	lw	a4,12(sp)
8000394c:	00812783          	lw	a5,8(sp)
80003950:	ea5ff06f          	j	800037f4 <xTaskGenericNotifyWait+0x30>

80003954 <xTaskGenericNotify>:
80003954:	fd010113          	addi	sp,sp,-48
80003958:	02112623          	sw	ra,44(sp)
8000395c:	00058813          	mv	a6,a1
80003960:	00050793          	mv	a5,a0
80003964:	0a059263          	bnez	a1,80003a08 <xTaskGenericNotify+0xb4>
80003968:	0e078263          	beqz	a5,80003a4c <xTaskGenericNotify+0xf8>
8000396c:	30047073          	csrci	mstatus,8
80003970:	800058b7          	lui	a7,0x80005
80003974:	0308a583          	lw	a1,48(a7) # 80005030 <xCriticalNesting>
80003978:	00158513          	addi	a0,a1,1
8000397c:	02a8a823          	sw	a0,48(a7)
80003980:	00070a63          	beqz	a4,80003994 <xTaskGenericNotify+0x40>
80003984:	00281513          	slli	a0,a6,0x2
80003988:	00a78533          	add	a0,a5,a0
8000398c:	04052503          	lw	a0,64(a0)
80003990:	00a72023          	sw	a0,0(a4)
80003994:	01078533          	add	a0,a5,a6
80003998:	04454703          	lbu	a4,68(a0)
8000399c:	00200313          	li	t1,2
800039a0:	04650223          	sb	t1,68(a0)
800039a4:	00400513          	li	a0,4
800039a8:	0ff77713          	zext.b	a4,a4
800039ac:	1ed56a63          	bltu	a0,a3,80003ba0 <xTaskGenericNotify+0x24c>
800039b0:	80005537          	lui	a0,0x80005
800039b4:	00269693          	slli	a3,a3,0x2
800039b8:	ef450513          	addi	a0,a0,-268 # 80004ef4 <hex.0+0x14>
800039bc:	00a686b3          	add	a3,a3,a0
800039c0:	0006a683          	lw	a3,0(a3)
800039c4:	00068067          	jr	a3
800039c8:	00200693          	li	a3,2
800039cc:	00000513          	li	a0,0
800039d0:	02d70063          	beq	a4,a3,800039f0 <xTaskGenericNotify+0x9c>
800039d4:	00281813          	slli	a6,a6,0x2
800039d8:	01078833          	add	a6,a5,a6
800039dc:	04c82023          	sw	a2,64(a6)
800039e0:	00100513          	li	a0,1
800039e4:	0aa70663          	beq	a4,a0,80003a90 <xTaskGenericNotify+0x13c>
800039e8:	0308a583          	lw	a1,48(a7)
800039ec:	fff58593          	addi	a1,a1,-1
800039f0:	02b8a823          	sw	a1,48(a7)
800039f4:	00059463          	bnez	a1,800039fc <xTaskGenericNotify+0xa8>
800039f8:	30046073          	csrsi	mstatus,8
800039fc:	02c12083          	lw	ra,44(sp)
80003a00:	03010113          	addi	sp,sp,48
80003a04:	00008067          	ret
80003a08:	00b12a23          	sw	a1,20(sp)
80003a0c:	00a12823          	sw	a0,16(sp)
80003a10:	000025b7          	lui	a1,0x2
80003a14:	80005537          	lui	a0,0x80005
80003a18:	ea458593          	addi	a1,a1,-348 # 1ea4 <_start-0x7fffe15c>
80003a1c:	e8050513          	addi	a0,a0,-384 # 80004e80 <__clzsi2+0x280>
80003a20:	00e12e23          	sw	a4,28(sp)
80003a24:	00d12c23          	sw	a3,24(sp)
80003a28:	00c12623          	sw	a2,12(sp)
80003a2c:	ffffd097          	auipc	ra,0xffffd
80003a30:	aa4080e7          	jalr	-1372(ra) # 800004d0 <vAssertCalled>
80003a34:	01012783          	lw	a5,16(sp)
80003a38:	01c12703          	lw	a4,28(sp)
80003a3c:	01812683          	lw	a3,24(sp)
80003a40:	01412803          	lw	a6,20(sp)
80003a44:	00c12603          	lw	a2,12(sp)
80003a48:	f20792e3          	bnez	a5,8000396c <xTaskGenericNotify+0x18>
80003a4c:	80005537          	lui	a0,0x80005
80003a50:	000025b7          	lui	a1,0x2
80003a54:	ea558593          	addi	a1,a1,-347 # 1ea5 <_start-0x7fffe15b>
80003a58:	e8050513          	addi	a0,a0,-384 # 80004e80 <__clzsi2+0x280>
80003a5c:	00e12e23          	sw	a4,28(sp)
80003a60:	00d12c23          	sw	a3,24(sp)
80003a64:	01012a23          	sw	a6,20(sp)
80003a68:	00f12823          	sw	a5,16(sp)
80003a6c:	00c12623          	sw	a2,12(sp)
80003a70:	ffffd097          	auipc	ra,0xffffd
80003a74:	a60080e7          	jalr	-1440(ra) # 800004d0 <vAssertCalled>
80003a78:	01c12703          	lw	a4,28(sp)
80003a7c:	01812683          	lw	a3,24(sp)
80003a80:	01412803          	lw	a6,20(sp)
80003a84:	01012783          	lw	a5,16(sp)
80003a88:	00c12603          	lw	a2,12(sp)
80003a8c:	ee1ff06f          	j	8000396c <xTaskGenericNotify+0x18>
80003a90:	0087a603          	lw	a2,8(a5)
80003a94:	00c7a703          	lw	a4,12(a5)
80003a98:	0147a683          	lw	a3,20(a5)
80003a9c:	00478513          	addi	a0,a5,4
80003aa0:	00e62423          	sw	a4,8(a2)
80003aa4:	0087a583          	lw	a1,8(a5)
80003aa8:	0046a603          	lw	a2,4(a3)
80003aac:	00b72223          	sw	a1,4(a4)
80003ab0:	12a60663          	beq	a2,a0,80003bdc <xTaskGenericNotify+0x288>
80003ab4:	0006a603          	lw	a2,0(a3)
80003ab8:	80006737          	lui	a4,0x80006
80003abc:	1b870713          	addi	a4,a4,440 # 800061b8 <pxReadyTasksLists>
80003ac0:	fff60613          	addi	a2,a2,-1
80003ac4:	00c6a023          	sw	a2,0(a3)
80003ac8:	02c7a803          	lw	a6,44(a5)
80003acc:	80005337          	lui	t1,0x80005
80003ad0:	06032e83          	lw	t4,96(t1) # 80005060 <uxTopReadyPriority>
80003ad4:	00281693          	slli	a3,a6,0x2
80003ad8:	010686b3          	add	a3,a3,a6
80003adc:	00269693          	slli	a3,a3,0x2
80003ae0:	00d70733          	add	a4,a4,a3
80003ae4:	00472583          	lw	a1,4(a4)
80003ae8:	00072603          	lw	a2,0(a4)
80003aec:	00100693          	li	a3,1
80003af0:	00b7a423          	sw	a1,8(a5)
80003af4:	0085ae03          	lw	t3,8(a1)
80003af8:	010696b3          	sll	a3,a3,a6
80003afc:	0287a803          	lw	a6,40(a5)
80003b00:	01c7a623          	sw	t3,12(a5)
80003b04:	00ae2223          	sw	a0,4(t3) # 80005004 <__clz_tab+0xe8>
80003b08:	00a5a423          	sw	a0,8(a1)
80003b0c:	00e7aa23          	sw	a4,20(a5)
80003b10:	00160613          	addi	a2,a2,1
80003b14:	01d6e6b3          	or	a3,a3,t4
80003b18:	00c72023          	sw	a2,0(a4)
80003b1c:	06d32023          	sw	a3,96(t1)
80003b20:	02080463          	beqz	a6,80003b48 <xTaskGenericNotify+0x1f4>
80003b24:	80005537          	lui	a0,0x80005
80003b28:	000025b7          	lui	a1,0x2
80003b2c:	ee958593          	addi	a1,a1,-279 # 1ee9 <_start-0x7fffe117>
80003b30:	e8050513          	addi	a0,a0,-384 # 80004e80 <__clzsi2+0x280>
80003b34:	00f12623          	sw	a5,12(sp)
80003b38:	ffffd097          	auipc	ra,0xffffd
80003b3c:	998080e7          	jalr	-1640(ra) # 800004d0 <vAssertCalled>
80003b40:	00c12783          	lw	a5,12(sp)
80003b44:	800058b7          	lui	a7,0x80005
80003b48:	80005737          	lui	a4,0x80005
80003b4c:	07472703          	lw	a4,116(a4) # 80005074 <pxCurrentTCB>
80003b50:	02c7a783          	lw	a5,44(a5)
80003b54:	02c72703          	lw	a4,44(a4)
80003b58:	00f77463          	bgeu	a4,a5,80003b60 <xTaskGenericNotify+0x20c>
80003b5c:	00000073          	ecall
80003b60:	0308a583          	lw	a1,48(a7) # 80005030 <xCriticalNesting>
80003b64:	00100513          	li	a0,1
80003b68:	fff58593          	addi	a1,a1,-1
80003b6c:	e85ff06f          	j	800039f0 <xTaskGenericNotify+0x9c>
80003b70:	00281813          	slli	a6,a6,0x2
80003b74:	01078833          	add	a6,a5,a6
80003b78:	04082683          	lw	a3,64(a6)
80003b7c:	00c6e6b3          	or	a3,a3,a2
80003b80:	04d82023          	sw	a3,64(a6)
80003b84:	e5dff06f          	j	800039e0 <xTaskGenericNotify+0x8c>
80003b88:	00281813          	slli	a6,a6,0x2
80003b8c:	01078833          	add	a6,a5,a6
80003b90:	04082683          	lw	a3,64(a6)
80003b94:	00168693          	addi	a3,a3,1
80003b98:	04d82023          	sw	a3,64(a6)
80003b9c:	e45ff06f          	j	800039e0 <xTaskGenericNotify+0x8c>
80003ba0:	800056b7          	lui	a3,0x80005
80003ba4:	0646a683          	lw	a3,100(a3) # 80005064 <xTickCount>
80003ba8:	e2068ce3          	beqz	a3,800039e0 <xTaskGenericNotify+0x8c>
80003bac:	80005537          	lui	a0,0x80005
80003bb0:	000025b7          	lui	a1,0x2
80003bb4:	eda58593          	addi	a1,a1,-294 # 1eda <_start-0x7fffe126>
80003bb8:	e8050513          	addi	a0,a0,-384 # 80004e80 <__clzsi2+0x280>
80003bbc:	00f12823          	sw	a5,16(sp)
80003bc0:	00e12623          	sw	a4,12(sp)
80003bc4:	ffffd097          	auipc	ra,0xffffd
80003bc8:	90c080e7          	jalr	-1780(ra) # 800004d0 <vAssertCalled>
80003bcc:	01012783          	lw	a5,16(sp)
80003bd0:	00c12703          	lw	a4,12(sp)
80003bd4:	800058b7          	lui	a7,0x80005
80003bd8:	e09ff06f          	j	800039e0 <xTaskGenericNotify+0x8c>
80003bdc:	00c7a703          	lw	a4,12(a5)
80003be0:	00e6a223          	sw	a4,4(a3)
80003be4:	ed1ff06f          	j	80003ab4 <xTaskGenericNotify+0x160>

80003be8 <xTaskGenericNotifyFromISR>:
80003be8:	fd010113          	addi	sp,sp,-48
80003bec:	02112623          	sw	ra,44(sp)
80003bf0:	00050893          	mv	a7,a0
80003bf4:	00058813          	mv	a6,a1
80003bf8:	20050263          	beqz	a0,80003dfc <xTaskGenericNotifyFromISR+0x214>
80003bfc:	06081e63          	bnez	a6,80003c78 <xTaskGenericNotifyFromISR+0x90>
80003c00:	00070a63          	beqz	a4,80003c14 <xTaskGenericNotifyFromISR+0x2c>
80003c04:	00281593          	slli	a1,a6,0x2
80003c08:	00b885b3          	add	a1,a7,a1
80003c0c:	0405a583          	lw	a1,64(a1)
80003c10:	00b72023          	sw	a1,0(a4)
80003c14:	01088733          	add	a4,a7,a6
80003c18:	04474583          	lbu	a1,68(a4)
80003c1c:	00200513          	li	a0,2
80003c20:	04a70223          	sb	a0,68(a4)
80003c24:	00400713          	li	a4,4
80003c28:	0ff5f313          	zext.b	t1,a1
80003c2c:	24d76e63          	bltu	a4,a3,80003e88 <xTaskGenericNotifyFromISR+0x2a0>
80003c30:	80005737          	lui	a4,0x80005
80003c34:	f0870713          	addi	a4,a4,-248 # 80004f08 <hex.0+0x28>
80003c38:	00269693          	slli	a3,a3,0x2
80003c3c:	00e686b3          	add	a3,a3,a4
80003c40:	0006a703          	lw	a4,0(a3)
80003c44:	00070067          	jr	a4
80003c48:	00200713          	li	a4,2
80003c4c:	00000513          	li	a0,0
80003c50:	00e30e63          	beq	t1,a4,80003c6c <xTaskGenericNotifyFromISR+0x84>
80003c54:	00281813          	slli	a6,a6,0x2
80003c58:	01088833          	add	a6,a7,a6
80003c5c:	04c82023          	sw	a2,64(a6)
80003c60:	00100713          	li	a4,1
80003c64:	06e30063          	beq	t1,a4,80003cc4 <xTaskGenericNotifyFromISR+0xdc>
80003c68:	00100513          	li	a0,1
80003c6c:	02c12083          	lw	ra,44(sp)
80003c70:	03010113          	addi	sp,sp,48
80003c74:	00008067          	ret
80003c78:	80005537          	lui	a0,0x80005
80003c7c:	000025b7          	lui	a1,0x2
80003c80:	f1f58593          	addi	a1,a1,-225 # 1f1f <_start-0x7fffe0e1>
80003c84:	e8050513          	addi	a0,a0,-384 # 80004e80 <__clzsi2+0x280>
80003c88:	00f12e23          	sw	a5,28(sp)
80003c8c:	00e12c23          	sw	a4,24(sp)
80003c90:	00d12a23          	sw	a3,20(sp)
80003c94:	01012823          	sw	a6,16(sp)
80003c98:	01112623          	sw	a7,12(sp)
80003c9c:	00c12423          	sw	a2,8(sp)
80003ca0:	ffffd097          	auipc	ra,0xffffd
80003ca4:	830080e7          	jalr	-2000(ra) # 800004d0 <vAssertCalled>
80003ca8:	01c12783          	lw	a5,28(sp)
80003cac:	01812703          	lw	a4,24(sp)
80003cb0:	01412683          	lw	a3,20(sp)
80003cb4:	01012803          	lw	a6,16(sp)
80003cb8:	00c12883          	lw	a7,12(sp)
80003cbc:	00812603          	lw	a2,8(sp)
80003cc0:	f41ff06f          	j	80003c00 <xTaskGenericNotifyFromISR+0x18>
80003cc4:	0288a703          	lw	a4,40(a7) # 80005028 <xISRStackTop>
80003cc8:	02070663          	beqz	a4,80003cf4 <xTaskGenericNotifyFromISR+0x10c>
80003ccc:	80005537          	lui	a0,0x80005
80003cd0:	000025b7          	lui	a1,0x2
80003cd4:	f7458593          	addi	a1,a1,-140 # 1f74 <_start-0x7fffe08c>
80003cd8:	e8050513          	addi	a0,a0,-384 # 80004e80 <__clzsi2+0x280>
80003cdc:	00f12623          	sw	a5,12(sp)
80003ce0:	01112423          	sw	a7,8(sp)
80003ce4:	ffffc097          	auipc	ra,0xffffc
80003ce8:	7ec080e7          	jalr	2028(ra) # 800004d0 <vAssertCalled>
80003cec:	00c12783          	lw	a5,12(sp)
80003cf0:	00812883          	lw	a7,8(sp)
80003cf4:	80005737          	lui	a4,0x80005
80003cf8:	04472703          	lw	a4,68(a4) # 80005044 <uxSchedulerSuspended>
80003cfc:	14071863          	bnez	a4,80003e4c <xTaskGenericNotifyFromISR+0x264>
80003d00:	0088a603          	lw	a2,8(a7)
80003d04:	00c8a703          	lw	a4,12(a7)
80003d08:	0148a683          	lw	a3,20(a7)
80003d0c:	00488513          	addi	a0,a7,4
80003d10:	00e62423          	sw	a4,8(a2)
80003d14:	0088a583          	lw	a1,8(a7)
80003d18:	0046a603          	lw	a2,4(a3)
80003d1c:	00b72223          	sw	a1,4(a4)
80003d20:	1aa60463          	beq	a2,a0,80003ec8 <xTaskGenericNotifyFromISR+0x2e0>
80003d24:	0006a603          	lw	a2,0(a3)
80003d28:	80006737          	lui	a4,0x80006
80003d2c:	1b870713          	addi	a4,a4,440 # 800061b8 <pxReadyTasksLists>
80003d30:	fff60613          	addi	a2,a2,-1
80003d34:	00c6a023          	sw	a2,0(a3)
80003d38:	02c8a803          	lw	a6,44(a7)
80003d3c:	80005337          	lui	t1,0x80005
80003d40:	06032e83          	lw	t4,96(t1) # 80005060 <uxTopReadyPriority>
80003d44:	00281693          	slli	a3,a6,0x2
80003d48:	010686b3          	add	a3,a3,a6
80003d4c:	00269693          	slli	a3,a3,0x2
80003d50:	00d70733          	add	a4,a4,a3
80003d54:	00472583          	lw	a1,4(a4)
80003d58:	00072603          	lw	a2,0(a4)
80003d5c:	00100693          	li	a3,1
80003d60:	00b8a423          	sw	a1,8(a7)
80003d64:	0085ae03          	lw	t3,8(a1)
80003d68:	010696b3          	sll	a3,a3,a6
80003d6c:	00160613          	addi	a2,a2,1
80003d70:	01c8a623          	sw	t3,12(a7)
80003d74:	00ae2223          	sw	a0,4(t3)
80003d78:	00a5a423          	sw	a0,8(a1)
80003d7c:	00e8aa23          	sw	a4,20(a7)
80003d80:	01d6e6b3          	or	a3,a3,t4
80003d84:	00c72023          	sw	a2,0(a4)
80003d88:	06d32023          	sw	a3,96(t1)
80003d8c:	80005737          	lui	a4,0x80005
80003d90:	07472703          	lw	a4,116(a4) # 80005074 <pxCurrentTCB>
80003d94:	02c8a683          	lw	a3,44(a7)
80003d98:	02c72703          	lw	a4,44(a4)
80003d9c:	ecd776e3          	bgeu	a4,a3,80003c68 <xTaskGenericNotifyFromISR+0x80>
80003da0:	00078663          	beqz	a5,80003dac <xTaskGenericNotifyFromISR+0x1c4>
80003da4:	00100713          	li	a4,1
80003da8:	00e7a023          	sw	a4,0(a5)
80003dac:	800057b7          	lui	a5,0x80005
80003db0:	00100713          	li	a4,1
80003db4:	04e7aa23          	sw	a4,84(a5) # 80005054 <xYieldPendings>
80003db8:	eb1ff06f          	j	80003c68 <xTaskGenericNotifyFromISR+0x80>
80003dbc:	00281813          	slli	a6,a6,0x2
80003dc0:	01088833          	add	a6,a7,a6
80003dc4:	04082703          	lw	a4,64(a6)
80003dc8:	00170713          	addi	a4,a4,1
80003dcc:	04e82023          	sw	a4,64(a6)
80003dd0:	00100713          	li	a4,1
80003dd4:	e8e31ae3          	bne	t1,a4,80003c68 <xTaskGenericNotifyFromISR+0x80>
80003dd8:	eedff06f          	j	80003cc4 <xTaskGenericNotifyFromISR+0xdc>
80003ddc:	00281813          	slli	a6,a6,0x2
80003de0:	01088833          	add	a6,a7,a6
80003de4:	04082703          	lw	a4,64(a6)
80003de8:	00c76733          	or	a4,a4,a2
80003dec:	04e82023          	sw	a4,64(a6)
80003df0:	00100713          	li	a4,1
80003df4:	e6e31ae3          	bne	t1,a4,80003c68 <xTaskGenericNotifyFromISR+0x80>
80003df8:	ecdff06f          	j	80003cc4 <xTaskGenericNotifyFromISR+0xdc>
80003dfc:	00b12823          	sw	a1,16(sp)
80003e00:	00a12623          	sw	a0,12(sp)
80003e04:	000025b7          	lui	a1,0x2
80003e08:	80005537          	lui	a0,0x80005
80003e0c:	f1e58593          	addi	a1,a1,-226 # 1f1e <_start-0x7fffe0e2>
80003e10:	e8050513          	addi	a0,a0,-384 # 80004e80 <__clzsi2+0x280>
80003e14:	00f12e23          	sw	a5,28(sp)
80003e18:	00e12c23          	sw	a4,24(sp)
80003e1c:	00d12a23          	sw	a3,20(sp)
80003e20:	00c12423          	sw	a2,8(sp)
80003e24:	ffffc097          	auipc	ra,0xffffc
80003e28:	6ac080e7          	jalr	1708(ra) # 800004d0 <vAssertCalled>
80003e2c:	01012803          	lw	a6,16(sp)
80003e30:	01c12783          	lw	a5,28(sp)
80003e34:	01812703          	lw	a4,24(sp)
80003e38:	01412683          	lw	a3,20(sp)
80003e3c:	00c12883          	lw	a7,12(sp)
80003e40:	00812603          	lw	a2,8(sp)
80003e44:	da080ee3          	beqz	a6,80003c00 <xTaskGenericNotifyFromISR+0x18>
80003e48:	e31ff06f          	j	80003c78 <xTaskGenericNotifyFromISR+0x90>
80003e4c:	80006737          	lui	a4,0x80006
80003e50:	1b870713          	addi	a4,a4,440 # 800061b8 <pxReadyTasksLists>
80003e54:	09072583          	lw	a1,144(a4)
80003e58:	08c72603          	lw	a2,140(a4)
80003e5c:	01888693          	addi	a3,a7,24
80003e60:	00b8ae23          	sw	a1,28(a7)
80003e64:	0085a503          	lw	a0,8(a1)
80003e68:	00160613          	addi	a2,a2,1
80003e6c:	08c70813          	addi	a6,a4,140
80003e70:	02a8a023          	sw	a0,32(a7)
80003e74:	00d52223          	sw	a3,4(a0)
80003e78:	00d5a423          	sw	a3,8(a1)
80003e7c:	08c72623          	sw	a2,140(a4)
80003e80:	0308a423          	sw	a6,40(a7)
80003e84:	f09ff06f          	j	80003d8c <xTaskGenericNotifyFromISR+0x1a4>
80003e88:	80005737          	lui	a4,0x80005
80003e8c:	06472703          	lw	a4,100(a4) # 80005064 <xTickCount>
80003e90:	dc0708e3          	beqz	a4,80003c60 <xTaskGenericNotifyFromISR+0x78>
80003e94:	80005537          	lui	a0,0x80005
80003e98:	000025b7          	lui	a1,0x2
80003e9c:	f6958593          	addi	a1,a1,-151 # 1f69 <_start-0x7fffe097>
80003ea0:	e8050513          	addi	a0,a0,-384 # 80004e80 <__clzsi2+0x280>
80003ea4:	00f12823          	sw	a5,16(sp)
80003ea8:	01112623          	sw	a7,12(sp)
80003eac:	00612423          	sw	t1,8(sp)
80003eb0:	ffffc097          	auipc	ra,0xffffc
80003eb4:	620080e7          	jalr	1568(ra) # 800004d0 <vAssertCalled>
80003eb8:	01012783          	lw	a5,16(sp)
80003ebc:	00c12883          	lw	a7,12(sp)
80003ec0:	00812303          	lw	t1,8(sp)
80003ec4:	d9dff06f          	j	80003c60 <xTaskGenericNotifyFromISR+0x78>
80003ec8:	00c8a703          	lw	a4,12(a7)
80003ecc:	00e6a223          	sw	a4,4(a3)
80003ed0:	e55ff06f          	j	80003d24 <xTaskGenericNotifyFromISR+0x13c>

80003ed4 <vTaskGenericNotifyGiveFromISR>:
80003ed4:	fe010113          	addi	sp,sp,-32
80003ed8:	00112e23          	sw	ra,28(sp)
80003edc:	00050713          	mv	a4,a0
80003ee0:	00058793          	mv	a5,a1
80003ee4:	12050063          	beqz	a0,80004004 <vTaskGenericNotifyGiveFromISR+0x130>
80003ee8:	0e079463          	bnez	a5,80003fd0 <vTaskGenericNotifyGiveFromISR+0xfc>
80003eec:	00f706b3          	add	a3,a4,a5
80003ef0:	00200593          	li	a1,2
80003ef4:	00279793          	slli	a5,a5,0x2
80003ef8:	0446c503          	lbu	a0,68(a3)
80003efc:	00f707b3          	add	a5,a4,a5
80003f00:	04b68223          	sb	a1,68(a3)
80003f04:	0407a683          	lw	a3,64(a5)
80003f08:	00100593          	li	a1,1
80003f0c:	00b686b3          	add	a3,a3,a1
80003f10:	04d7a023          	sw	a3,64(a5)
80003f14:	00b50863          	beq	a0,a1,80003f24 <vTaskGenericNotifyGiveFromISR+0x50>
80003f18:	01c12083          	lw	ra,28(sp)
80003f1c:	02010113          	addi	sp,sp,32
80003f20:	00008067          	ret
80003f24:	02872783          	lw	a5,40(a4)
80003f28:	02078663          	beqz	a5,80003f54 <vTaskGenericNotifyGiveFromISR+0x80>
80003f2c:	80005537          	lui	a0,0x80005
80003f30:	000025b7          	lui	a1,0x2
80003f34:	fea58593          	addi	a1,a1,-22 # 1fea <_start-0x7fffe016>
80003f38:	e8050513          	addi	a0,a0,-384 # 80004e80 <__clzsi2+0x280>
80003f3c:	00c12423          	sw	a2,8(sp)
80003f40:	00e12223          	sw	a4,4(sp)
80003f44:	ffffc097          	auipc	ra,0xffffc
80003f48:	58c080e7          	jalr	1420(ra) # 800004d0 <vAssertCalled>
80003f4c:	00812603          	lw	a2,8(sp)
80003f50:	00412703          	lw	a4,4(sp)
80003f54:	800057b7          	lui	a5,0x80005
80003f58:	0447a783          	lw	a5,68(a5) # 80005044 <uxSchedulerSuspended>
80003f5c:	0c078e63          	beqz	a5,80004038 <vTaskGenericNotifyGiveFromISR+0x164>
80003f60:	800067b7          	lui	a5,0x80006
80003f64:	1b878793          	addi	a5,a5,440 # 800061b8 <pxReadyTasksLists>
80003f68:	0907a503          	lw	a0,144(a5)
80003f6c:	08c7a583          	lw	a1,140(a5)
80003f70:	01870693          	addi	a3,a4,24
80003f74:	00a72e23          	sw	a0,28(a4)
80003f78:	00852803          	lw	a6,8(a0)
80003f7c:	00158593          	addi	a1,a1,1
80003f80:	08c78893          	addi	a7,a5,140
80003f84:	03072023          	sw	a6,32(a4)
80003f88:	00d82223          	sw	a3,4(a6)
80003f8c:	00d52423          	sw	a3,8(a0)
80003f90:	08b7a623          	sw	a1,140(a5)
80003f94:	03172423          	sw	a7,40(a4)
80003f98:	800057b7          	lui	a5,0x80005
80003f9c:	0747a783          	lw	a5,116(a5) # 80005074 <pxCurrentTCB>
80003fa0:	02c72703          	lw	a4,44(a4)
80003fa4:	02c7a783          	lw	a5,44(a5)
80003fa8:	f6e7f8e3          	bgeu	a5,a4,80003f18 <vTaskGenericNotifyGiveFromISR+0x44>
80003fac:	00060663          	beqz	a2,80003fb8 <vTaskGenericNotifyGiveFromISR+0xe4>
80003fb0:	00100793          	li	a5,1
80003fb4:	00f62023          	sw	a5,0(a2)
80003fb8:	01c12083          	lw	ra,28(sp)
80003fbc:	800057b7          	lui	a5,0x80005
80003fc0:	00100713          	li	a4,1
80003fc4:	04e7aa23          	sw	a4,84(a5) # 80005054 <xYieldPendings>
80003fc8:	02010113          	addi	sp,sp,32
80003fcc:	00008067          	ret
80003fd0:	80005537          	lui	a0,0x80005
80003fd4:	000025b7          	lui	a1,0x2
80003fd8:	fc158593          	addi	a1,a1,-63 # 1fc1 <_start-0x7fffe03f>
80003fdc:	e8050513          	addi	a0,a0,-384 # 80004e80 <__clzsi2+0x280>
80003fe0:	00c12623          	sw	a2,12(sp)
80003fe4:	00f12423          	sw	a5,8(sp)
80003fe8:	00e12223          	sw	a4,4(sp)
80003fec:	ffffc097          	auipc	ra,0xffffc
80003ff0:	4e4080e7          	jalr	1252(ra) # 800004d0 <vAssertCalled>
80003ff4:	00c12603          	lw	a2,12(sp)
80003ff8:	00812783          	lw	a5,8(sp)
80003ffc:	00412703          	lw	a4,4(sp)
80004000:	eedff06f          	j	80003eec <vTaskGenericNotifyGiveFromISR+0x18>
80004004:	00b12423          	sw	a1,8(sp)
80004008:	00a12223          	sw	a0,4(sp)
8000400c:	000025b7          	lui	a1,0x2
80004010:	80005537          	lui	a0,0x80005
80004014:	fc058593          	addi	a1,a1,-64 # 1fc0 <_start-0x7fffe040>
80004018:	e8050513          	addi	a0,a0,-384 # 80004e80 <__clzsi2+0x280>
8000401c:	00c12623          	sw	a2,12(sp)
80004020:	ffffc097          	auipc	ra,0xffffc
80004024:	4b0080e7          	jalr	1200(ra) # 800004d0 <vAssertCalled>
80004028:	00c12603          	lw	a2,12(sp)
8000402c:	00812783          	lw	a5,8(sp)
80004030:	00412703          	lw	a4,4(sp)
80004034:	eb5ff06f          	j	80003ee8 <vTaskGenericNotifyGiveFromISR+0x14>
80004038:	00872583          	lw	a1,8(a4)
8000403c:	00c72783          	lw	a5,12(a4)
80004040:	01472683          	lw	a3,20(a4)
80004044:	00470813          	addi	a6,a4,4
80004048:	00f5a423          	sw	a5,8(a1)
8000404c:	00872503          	lw	a0,8(a4)
80004050:	0046a583          	lw	a1,4(a3)
80004054:	00a7a223          	sw	a0,4(a5)
80004058:	07058863          	beq	a1,a6,800040c8 <vTaskGenericNotifyGiveFromISR+0x1f4>
8000405c:	0006a583          	lw	a1,0(a3)
80004060:	800067b7          	lui	a5,0x80006
80004064:	1b878793          	addi	a5,a5,440 # 800061b8 <pxReadyTasksLists>
80004068:	fff58593          	addi	a1,a1,-1
8000406c:	00b6a023          	sw	a1,0(a3)
80004070:	02c72883          	lw	a7,44(a4)
80004074:	80005337          	lui	t1,0x80005
80004078:	06032e83          	lw	t4,96(t1) # 80005060 <uxTopReadyPriority>
8000407c:	00289693          	slli	a3,a7,0x2
80004080:	011686b3          	add	a3,a3,a7
80004084:	00269693          	slli	a3,a3,0x2
80004088:	00d787b3          	add	a5,a5,a3
8000408c:	0047a503          	lw	a0,4(a5)
80004090:	0007a583          	lw	a1,0(a5)
80004094:	00100693          	li	a3,1
80004098:	00a72423          	sw	a0,8(a4)
8000409c:	00852e03          	lw	t3,8(a0)
800040a0:	011696b3          	sll	a3,a3,a7
800040a4:	00158593          	addi	a1,a1,1
800040a8:	01c72623          	sw	t3,12(a4)
800040ac:	010e2223          	sw	a6,4(t3)
800040b0:	01052423          	sw	a6,8(a0)
800040b4:	00f72a23          	sw	a5,20(a4)
800040b8:	01d6e6b3          	or	a3,a3,t4
800040bc:	00b7a023          	sw	a1,0(a5)
800040c0:	06d32023          	sw	a3,96(t1)
800040c4:	ed5ff06f          	j	80003f98 <vTaskGenericNotifyGiveFromISR+0xc4>
800040c8:	00c72783          	lw	a5,12(a4)
800040cc:	00f6a223          	sw	a5,4(a3)
800040d0:	f8dff06f          	j	8000405c <vTaskGenericNotifyGiveFromISR+0x188>

800040d4 <xTaskGenericNotifyStateClear>:
800040d4:	fe010113          	addi	sp,sp,-32
800040d8:	00112e23          	sw	ra,28(sp)
800040dc:	00058713          	mv	a4,a1
800040e0:	00050793          	mv	a5,a0
800040e4:	04059463          	bnez	a1,8000412c <xTaskGenericNotifyStateClear+0x58>
800040e8:	06078863          	beqz	a5,80004158 <xTaskGenericNotifyStateClear+0x84>
800040ec:	30047073          	csrci	mstatus,8
800040f0:	00e787b3          	add	a5,a5,a4
800040f4:	0447c603          	lbu	a2,68(a5)
800040f8:	80005737          	lui	a4,0x80005
800040fc:	00200693          	li	a3,2
80004100:	03072703          	lw	a4,48(a4) # 80005030 <xCriticalNesting>
80004104:	00000513          	li	a0,0
80004108:	00d60c63          	beq	a2,a3,80004120 <xTaskGenericNotifyStateClear+0x4c>
8000410c:	00071463          	bnez	a4,80004114 <xTaskGenericNotifyStateClear+0x40>
80004110:	30046073          	csrsi	mstatus,8
80004114:	01c12083          	lw	ra,28(sp)
80004118:	02010113          	addi	sp,sp,32
8000411c:	00008067          	ret
80004120:	04078223          	sb	zero,68(a5)
80004124:	00100513          	li	a0,1
80004128:	fe5ff06f          	j	8000410c <xTaskGenericNotifyStateClear+0x38>
8000412c:	00b12623          	sw	a1,12(sp)
80004130:	00a12423          	sw	a0,8(sp)
80004134:	000025b7          	lui	a1,0x2
80004138:	80005537          	lui	a0,0x80005
8000413c:	03258593          	addi	a1,a1,50 # 2032 <_start-0x7fffdfce>
80004140:	e8050513          	addi	a0,a0,-384 # 80004e80 <__clzsi2+0x280>
80004144:	ffffc097          	auipc	ra,0xffffc
80004148:	38c080e7          	jalr	908(ra) # 800004d0 <vAssertCalled>
8000414c:	00812783          	lw	a5,8(sp)
80004150:	00c12703          	lw	a4,12(sp)
80004154:	f8079ce3          	bnez	a5,800040ec <xTaskGenericNotifyStateClear+0x18>
80004158:	800057b7          	lui	a5,0x80005
8000415c:	0747a783          	lw	a5,116(a5) # 80005074 <pxCurrentTCB>
80004160:	f8dff06f          	j	800040ec <xTaskGenericNotifyStateClear+0x18>

80004164 <ulTaskGenericNotifyValueClear>:
80004164:	fe010113          	addi	sp,sp,-32
80004168:	00112e23          	sw	ra,28(sp)
8000416c:	00058713          	mv	a4,a1
80004170:	00050793          	mv	a5,a0
80004174:	04059263          	bnez	a1,800041b8 <ulTaskGenericNotifyValueClear+0x54>
80004178:	06078a63          	beqz	a5,800041ec <ulTaskGenericNotifyValueClear+0x88>
8000417c:	30047073          	csrci	mstatus,8
80004180:	00271713          	slli	a4,a4,0x2
80004184:	00e785b3          	add	a1,a5,a4
80004188:	0405a503          	lw	a0,64(a1)
8000418c:	0405a703          	lw	a4,64(a1)
80004190:	800057b7          	lui	a5,0x80005
80004194:	fff64613          	not	a2,a2
80004198:	0307a783          	lw	a5,48(a5) # 80005030 <xCriticalNesting>
8000419c:	00e67633          	and	a2,a2,a4
800041a0:	04c5a023          	sw	a2,64(a1)
800041a4:	00079463          	bnez	a5,800041ac <ulTaskGenericNotifyValueClear+0x48>
800041a8:	30046073          	csrsi	mstatus,8
800041ac:	01c12083          	lw	ra,28(sp)
800041b0:	02010113          	addi	sp,sp,32
800041b4:	00008067          	ret
800041b8:	00b12423          	sw	a1,8(sp)
800041bc:	00a12223          	sw	a0,4(sp)
800041c0:	000025b7          	lui	a1,0x2
800041c4:	80005537          	lui	a0,0x80005
800041c8:	05958593          	addi	a1,a1,89 # 2059 <_start-0x7fffdfa7>
800041cc:	e8050513          	addi	a0,a0,-384 # 80004e80 <__clzsi2+0x280>
800041d0:	00c12623          	sw	a2,12(sp)
800041d4:	ffffc097          	auipc	ra,0xffffc
800041d8:	2fc080e7          	jalr	764(ra) # 800004d0 <vAssertCalled>
800041dc:	00412783          	lw	a5,4(sp)
800041e0:	00c12603          	lw	a2,12(sp)
800041e4:	00812703          	lw	a4,8(sp)
800041e8:	f8079ae3          	bnez	a5,8000417c <ulTaskGenericNotifyValueClear+0x18>
800041ec:	800057b7          	lui	a5,0x80005
800041f0:	0747a783          	lw	a5,116(a5) # 80005074 <pxCurrentTCB>
800041f4:	f89ff06f          	j	8000417c <ulTaskGenericNotifyValueClear+0x18>

800041f8 <vTaskResetState>:
800041f8:	800057b7          	lui	a5,0x80005
800041fc:	0607aa23          	sw	zero,116(a5) # 80005074 <pxCurrentTCB>
80004200:	800057b7          	lui	a5,0x80005
80004204:	0607a423          	sw	zero,104(a5) # 80005068 <uxCurrentNumberOfTasks>
80004208:	800057b7          	lui	a5,0x80005
8000420c:	0607a223          	sw	zero,100(a5) # 80005064 <xTickCount>
80004210:	800057b7          	lui	a5,0x80005
80004214:	0607a023          	sw	zero,96(a5) # 80005060 <uxTopReadyPriority>
80004218:	800057b7          	lui	a5,0x80005
8000421c:	0407ae23          	sw	zero,92(a5) # 8000505c <xSchedulerRunning>
80004220:	800057b7          	lui	a5,0x80005
80004224:	0407ac23          	sw	zero,88(a5) # 80005058 <xPendedTicks>
80004228:	800057b7          	lui	a5,0x80005
8000422c:	0407aa23          	sw	zero,84(a5) # 80005054 <xYieldPendings>
80004230:	800057b7          	lui	a5,0x80005
80004234:	0407a823          	sw	zero,80(a5) # 80005050 <xNumOfOverflows>
80004238:	800057b7          	lui	a5,0x80005
8000423c:	0407a423          	sw	zero,72(a5) # 80005048 <xNextTaskUnblockTime>
80004240:	80005737          	lui	a4,0x80005
80004244:	800057b7          	lui	a5,0x80005
80004248:	04072623          	sw	zero,76(a4) # 8000504c <uxTaskNumber>
8000424c:	0407a223          	sw	zero,68(a5) # 80005044 <uxSchedulerSuspended>
80004250:	00008067          	ret

80004254 <vPortSetupTimerInterrupt>:
80004254:	ff010113          	addi	sp,sp,-16
80004258:	f14027f3          	csrr	a5,mhartid
8000425c:	00f12623          	sw	a5,12(sp)
80004260:	00c12503          	lw	a0,12(sp)
80004264:	080007b7          	lui	a5,0x8000
80004268:	00578793          	addi	a5,a5,5 # 8000005 <_start-0x77fffffb>
8000426c:	00f50533          	add	a0,a0,a5
80004270:	00351513          	slli	a0,a0,0x3
80004274:	800057b7          	lui	a5,0x80005
80004278:	06a7ae23          	sw	a0,124(a5) # 8000507c <pullMachineTimerCompareRegister>
8000427c:	400005b7          	lui	a1,0x40000
80004280:	400007b7          	lui	a5,0x40000
80004284:	02478793          	addi	a5,a5,36 # 40000024 <_start-0x3fffffdc>
80004288:	02058593          	addi	a1,a1,32 # 40000020 <_start-0x3fffffe0>
8000428c:	0007a683          	lw	a3,0(a5)
80004290:	0005a603          	lw	a2,0(a1)
80004294:	0007a703          	lw	a4,0(a5)
80004298:	fed71ae3          	bne	a4,a3,8000428c <vPortSetupTimerInterrupt+0x38>
8000429c:	0000c7b7          	lui	a5,0xc
800042a0:	35078793          	addi	a5,a5,848 # c350 <_start-0x7fff3cb0>
800042a4:	00f606b3          	add	a3,a2,a5
800042a8:	00c6b633          	sltu	a2,a3,a2
800042ac:	00e608b3          	add	a7,a2,a4
800042b0:	00068813          	mv	a6,a3
800042b4:	800056b7          	lui	a3,0x80005
800042b8:	0906a023          	sw	a6,128(a3) # 80005080 <ullNextTime>
800042bc:	0916a223          	sw	a7,132(a3)
800042c0:	01052023          	sw	a6,0(a0)
800042c4:	01152223          	sw	a7,4(a0)
800042c8:	0806a703          	lw	a4,128(a3)
800042cc:	0846a603          	lw	a2,132(a3)
800042d0:	00f707b3          	add	a5,a4,a5
800042d4:	00e7b733          	sltu	a4,a5,a4
800042d8:	00c70733          	add	a4,a4,a2
800042dc:	08f6a023          	sw	a5,128(a3)
800042e0:	08e6a223          	sw	a4,132(a3)
800042e4:	01010113          	addi	sp,sp,16
800042e8:	00008067          	ret

800042ec <xPortStartScheduler>:
800042ec:	80006537          	lui	a0,0x80006
800042f0:	ff010113          	addi	sp,sp,-16
800042f4:	40000613          	li	a2,1024
800042f8:	0ee00593          	li	a1,238
800042fc:	26050513          	addi	a0,a0,608 # 80006260 <xISRStack>
80004300:	00112623          	sw	ra,12(sp)
80004304:	ffffc097          	auipc	ra,0xffffc
80004308:	598080e7          	jalr	1432(ra) # 8000089c <memset>
8000430c:	00000097          	auipc	ra,0x0
80004310:	f48080e7          	jalr	-184(ra) # 80004254 <vPortSetupTimerInterrupt>
80004314:	000017b7          	lui	a5,0x1
80004318:	88078793          	addi	a5,a5,-1920 # 880 <_start-0x7ffff780>
8000431c:	3047a073          	csrs	mie,a5
80004320:	00000097          	auipc	ra,0x0
80004324:	07c080e7          	jalr	124(ra) # 8000439c <xPortStartFirstTask>
80004328:	00c12083          	lw	ra,12(sp)
8000432c:	00000513          	li	a0,0
80004330:	01010113          	addi	sp,sp,16
80004334:	00008067          	ret

80004338 <vPortEndScheduler>:
80004338:	0000006f          	j	80004338 <vPortEndScheduler>

8000433c <pxPortInitialiseStack>:
8000433c:	300022f3          	csrr	t0,mstatus
80004340:	ff72f293          	andi	t0,t0,-9
80004344:	18800313          	li	t1,392
80004348:	00431313          	slli	t1,t1,0x4
8000434c:	0062e2b3          	or	t0,t0,t1
80004350:	ffc50513          	addi	a0,a0,-4
80004354:	00552023          	sw	t0,0(a0)
80004358:	ffc50513          	addi	a0,a0,-4
8000435c:	00052023          	sw	zero,0(a0)
80004360:	fa850513          	addi	a0,a0,-88
80004364:	00c52023          	sw	a2,0(a0)
80004368:	fe850513          	addi	a0,a0,-24
8000436c:	00001297          	auipc	t0,0x1
80004370:	d0c2a283          	lw	t0,-756(t0) # 80005078 <xTaskReturnAddress>
80004374:	00552023          	sw	t0,0(a0)
80004378:	00000293          	li	t0,0

8000437c <chip_specific_stack_frame>:
8000437c:	00028a63          	beqz	t0,80004390 <chip_specific_stack_frame+0x14>
80004380:	ffc50513          	addi	a0,a0,-4
80004384:	00052023          	sw	zero,0(a0)
80004388:	fff28293          	addi	t0,t0,-1
8000438c:	ff1ff06f          	j	8000437c <chip_specific_stack_frame>
80004390:	ffc50513          	addi	a0,a0,-4
80004394:	00b52023          	sw	a1,0(a0)
80004398:	00008067          	ret

8000439c <xPortStartFirstTask>:
8000439c:	00001117          	auipc	sp,0x1
800043a0:	cd812103          	lw	sp,-808(sp) # 80005074 <pxCurrentTCB>
800043a4:	00012103          	lw	sp,0(sp)
800043a8:	00012083          	lw	ra,0(sp)
800043ac:	01012383          	lw	t2,16(sp)
800043b0:	01412403          	lw	s0,20(sp)
800043b4:	01812483          	lw	s1,24(sp)
800043b8:	01c12503          	lw	a0,28(sp)
800043bc:	02012583          	lw	a1,32(sp)
800043c0:	02412603          	lw	a2,36(sp)
800043c4:	02812683          	lw	a3,40(sp)
800043c8:	02c12703          	lw	a4,44(sp)
800043cc:	03012783          	lw	a5,48(sp)
800043d0:	03412803          	lw	a6,52(sp)
800043d4:	03812883          	lw	a7,56(sp)
800043d8:	03c12903          	lw	s2,60(sp)
800043dc:	04012983          	lw	s3,64(sp)
800043e0:	04412a03          	lw	s4,68(sp)
800043e4:	04812a83          	lw	s5,72(sp)
800043e8:	04c12b03          	lw	s6,76(sp)
800043ec:	05012b83          	lw	s7,80(sp)
800043f0:	05412c03          	lw	s8,84(sp)
800043f4:	05812c83          	lw	s9,88(sp)
800043f8:	05c12d03          	lw	s10,92(sp)
800043fc:	06012d83          	lw	s11,96(sp)
80004400:	06412e03          	lw	t3,100(sp)
80004404:	06812e83          	lw	t4,104(sp)
80004408:	06c12f03          	lw	t5,108(sp)
8000440c:	07012f83          	lw	t6,112(sp)
80004410:	07412283          	lw	t0,116(sp)
80004414:	00001317          	auipc	t1,0x1
80004418:	c1832303          	lw	t1,-1000(t1) # 8000502c <pxCriticalNesting>
8000441c:	00532023          	sw	t0,0(t1)
80004420:	07812283          	lw	t0,120(sp)
80004424:	00828293          	addi	t0,t0,8
80004428:	30029073          	csrw	mstatus,t0
8000442c:	00812283          	lw	t0,8(sp)
80004430:	00c12303          	lw	t1,12(sp)
80004434:	07c10113          	addi	sp,sp,124
80004438:	00008067          	ret
8000443c:	342022f3          	csrr	t0,mcause
80004440:	34102373          	csrr	t1,mepc
80004444:	300023f3          	csrr	t2,mstatus
80004448:	0000006f          	j	80004448 <xPortStartFirstTask+0xac>
8000444c:	342022f3          	csrr	t0,mcause
80004450:	34102373          	csrr	t1,mepc
80004454:	300023f3          	csrr	t2,mstatus
80004458:	0000006f          	j	80004458 <xPortStartFirstTask+0xbc>

8000445c <freertos_risc_v_exception_handler>:
8000445c:	f8410113          	addi	sp,sp,-124
80004460:	00112223          	sw	ra,4(sp)
80004464:	00512423          	sw	t0,8(sp)
80004468:	00612623          	sw	t1,12(sp)
8000446c:	00712823          	sw	t2,16(sp)
80004470:	00812a23          	sw	s0,20(sp)
80004474:	00912c23          	sw	s1,24(sp)
80004478:	00a12e23          	sw	a0,28(sp)
8000447c:	02b12023          	sw	a1,32(sp)
80004480:	02c12223          	sw	a2,36(sp)
80004484:	02d12423          	sw	a3,40(sp)
80004488:	02e12623          	sw	a4,44(sp)
8000448c:	02f12823          	sw	a5,48(sp)
80004490:	03012a23          	sw	a6,52(sp)
80004494:	03112c23          	sw	a7,56(sp)
80004498:	03212e23          	sw	s2,60(sp)
8000449c:	05312023          	sw	s3,64(sp)
800044a0:	05412223          	sw	s4,68(sp)
800044a4:	05512423          	sw	s5,72(sp)
800044a8:	05612623          	sw	s6,76(sp)
800044ac:	05712823          	sw	s7,80(sp)
800044b0:	05812a23          	sw	s8,84(sp)
800044b4:	05912c23          	sw	s9,88(sp)
800044b8:	05a12e23          	sw	s10,92(sp)
800044bc:	07b12023          	sw	s11,96(sp)
800044c0:	07c12223          	sw	t3,100(sp)
800044c4:	07d12423          	sw	t4,104(sp)
800044c8:	07e12623          	sw	t5,108(sp)
800044cc:	07f12823          	sw	t6,112(sp)
800044d0:	00001297          	auipc	t0,0x1
800044d4:	b602a283          	lw	t0,-1184(t0) # 80005030 <xCriticalNesting>
800044d8:	06512a23          	sw	t0,116(sp)
800044dc:	300022f3          	csrr	t0,mstatus
800044e0:	06512c23          	sw	t0,120(sp)
800044e4:	00001297          	auipc	t0,0x1
800044e8:	b902a283          	lw	t0,-1136(t0) # 80005074 <pxCurrentTCB>
800044ec:	0022a023          	sw	sp,0(t0)
800044f0:	34202573          	csrr	a0,mcause
800044f4:	341025f3          	csrr	a1,mepc
800044f8:	00458593          	addi	a1,a1,4
800044fc:	00b12023          	sw	a1,0(sp)
80004500:	00001117          	auipc	sp,0x1
80004504:	b2812103          	lw	sp,-1240(sp) # 80005028 <xISRStackTop>
80004508:	00b00293          	li	t0,11
8000450c:	0a551863          	bne	a0,t0,800045bc <other_exception>
80004510:	fffff097          	auipc	ra,0xfffff
80004514:	9dc080e7          	jalr	-1572(ra) # 80002eec <vTaskSwitchContext>
80004518:	00001317          	auipc	t1,0x1
8000451c:	b5c32303          	lw	t1,-1188(t1) # 80005074 <pxCurrentTCB>
80004520:	00032103          	lw	sp,0(t1)
80004524:	00012283          	lw	t0,0(sp)
80004528:	34129073          	csrw	mepc,t0
8000452c:	07812283          	lw	t0,120(sp)
80004530:	30029073          	csrw	mstatus,t0
80004534:	07412283          	lw	t0,116(sp)
80004538:	00001317          	auipc	t1,0x1
8000453c:	af432303          	lw	t1,-1292(t1) # 8000502c <pxCriticalNesting>
80004540:	00532023          	sw	t0,0(t1)
80004544:	00412083          	lw	ra,4(sp)
80004548:	00812283          	lw	t0,8(sp)
8000454c:	00c12303          	lw	t1,12(sp)
80004550:	01012383          	lw	t2,16(sp)
80004554:	01412403          	lw	s0,20(sp)
80004558:	01812483          	lw	s1,24(sp)
8000455c:	01c12503          	lw	a0,28(sp)
80004560:	02012583          	lw	a1,32(sp)
80004564:	02412603          	lw	a2,36(sp)
80004568:	02812683          	lw	a3,40(sp)
8000456c:	02c12703          	lw	a4,44(sp)
80004570:	03012783          	lw	a5,48(sp)
80004574:	03412803          	lw	a6,52(sp)
80004578:	03812883          	lw	a7,56(sp)
8000457c:	03c12903          	lw	s2,60(sp)
80004580:	04012983          	lw	s3,64(sp)
80004584:	04412a03          	lw	s4,68(sp)
80004588:	04812a83          	lw	s5,72(sp)
8000458c:	04c12b03          	lw	s6,76(sp)
80004590:	05012b83          	lw	s7,80(sp)
80004594:	05412c03          	lw	s8,84(sp)
80004598:	05812c83          	lw	s9,88(sp)
8000459c:	05c12d03          	lw	s10,92(sp)
800045a0:	06012d83          	lw	s11,96(sp)
800045a4:	06412e03          	lw	t3,100(sp)
800045a8:	06812e83          	lw	t4,104(sp)
800045ac:	06c12f03          	lw	t5,108(sp)
800045b0:	07012f83          	lw	t6,112(sp)
800045b4:	07c10113          	addi	sp,sp,124
800045b8:	30200073          	mret

800045bc <other_exception>:
800045bc:	ffffc097          	auipc	ra,0xffffc
800045c0:	058080e7          	jalr	88(ra) # 80000614 <freertos_risc_v_application_exception_handler>
800045c4:	00001317          	auipc	t1,0x1
800045c8:	ab032303          	lw	t1,-1360(t1) # 80005074 <pxCurrentTCB>
800045cc:	00032103          	lw	sp,0(t1)
800045d0:	00012283          	lw	t0,0(sp)
800045d4:	34129073          	csrw	mepc,t0
800045d8:	07812283          	lw	t0,120(sp)
800045dc:	30029073          	csrw	mstatus,t0
800045e0:	07412283          	lw	t0,116(sp)
800045e4:	00001317          	auipc	t1,0x1
800045e8:	a4832303          	lw	t1,-1464(t1) # 8000502c <pxCriticalNesting>
800045ec:	00532023          	sw	t0,0(t1)
800045f0:	00412083          	lw	ra,4(sp)
800045f4:	00812283          	lw	t0,8(sp)
800045f8:	00c12303          	lw	t1,12(sp)
800045fc:	01012383          	lw	t2,16(sp)
80004600:	01412403          	lw	s0,20(sp)
80004604:	01812483          	lw	s1,24(sp)
80004608:	01c12503          	lw	a0,28(sp)
8000460c:	02012583          	lw	a1,32(sp)
80004610:	02412603          	lw	a2,36(sp)
80004614:	02812683          	lw	a3,40(sp)
80004618:	02c12703          	lw	a4,44(sp)
8000461c:	03012783          	lw	a5,48(sp)
80004620:	03412803          	lw	a6,52(sp)
80004624:	03812883          	lw	a7,56(sp)
80004628:	03c12903          	lw	s2,60(sp)
8000462c:	04012983          	lw	s3,64(sp)
80004630:	04412a03          	lw	s4,68(sp)
80004634:	04812a83          	lw	s5,72(sp)
80004638:	04c12b03          	lw	s6,76(sp)
8000463c:	05012b83          	lw	s7,80(sp)
80004640:	05412c03          	lw	s8,84(sp)
80004644:	05812c83          	lw	s9,88(sp)
80004648:	05c12d03          	lw	s10,92(sp)
8000464c:	06012d83          	lw	s11,96(sp)
80004650:	06412e03          	lw	t3,100(sp)
80004654:	06812e83          	lw	t4,104(sp)
80004658:	06c12f03          	lw	t5,108(sp)
8000465c:	07012f83          	lw	t6,112(sp)
80004660:	07c10113          	addi	sp,sp,124
80004664:	30200073          	mret

80004668 <freertos_risc_v_interrupt_handler>:
80004668:	f8410113          	addi	sp,sp,-124
8000466c:	00112223          	sw	ra,4(sp)
80004670:	00512423          	sw	t0,8(sp)
80004674:	00612623          	sw	t1,12(sp)
80004678:	00712823          	sw	t2,16(sp)
8000467c:	00812a23          	sw	s0,20(sp)
80004680:	00912c23          	sw	s1,24(sp)
80004684:	00a12e23          	sw	a0,28(sp)
80004688:	02b12023          	sw	a1,32(sp)
8000468c:	02c12223          	sw	a2,36(sp)
80004690:	02d12423          	sw	a3,40(sp)
80004694:	02e12623          	sw	a4,44(sp)
80004698:	02f12823          	sw	a5,48(sp)
8000469c:	03012a23          	sw	a6,52(sp)
800046a0:	03112c23          	sw	a7,56(sp)
800046a4:	03212e23          	sw	s2,60(sp)
800046a8:	05312023          	sw	s3,64(sp)
800046ac:	05412223          	sw	s4,68(sp)
800046b0:	05512423          	sw	s5,72(sp)
800046b4:	05612623          	sw	s6,76(sp)
800046b8:	05712823          	sw	s7,80(sp)
800046bc:	05812a23          	sw	s8,84(sp)
800046c0:	05912c23          	sw	s9,88(sp)
800046c4:	05a12e23          	sw	s10,92(sp)
800046c8:	07b12023          	sw	s11,96(sp)
800046cc:	07c12223          	sw	t3,100(sp)
800046d0:	07d12423          	sw	t4,104(sp)
800046d4:	07e12623          	sw	t5,108(sp)
800046d8:	07f12823          	sw	t6,112(sp)
800046dc:	00001297          	auipc	t0,0x1
800046e0:	9542a283          	lw	t0,-1708(t0) # 80005030 <xCriticalNesting>
800046e4:	06512a23          	sw	t0,116(sp)
800046e8:	300022f3          	csrr	t0,mstatus
800046ec:	06512c23          	sw	t0,120(sp)
800046f0:	00001297          	auipc	t0,0x1
800046f4:	9842a283          	lw	t0,-1660(t0) # 80005074 <pxCurrentTCB>
800046f8:	0022a023          	sw	sp,0(t0)
800046fc:	34202573          	csrr	a0,mcause
80004700:	341025f3          	csrr	a1,mepc
80004704:	00b12023          	sw	a1,0(sp)
80004708:	00001117          	auipc	sp,0x1
8000470c:	92012103          	lw	sp,-1760(sp) # 80005028 <xISRStackTop>
80004710:	ffffc097          	auipc	ra,0xffffc
80004714:	048080e7          	jalr	72(ra) # 80000758 <freertos_risc_v_application_interrupt_handler>
80004718:	00001317          	auipc	t1,0x1
8000471c:	95c32303          	lw	t1,-1700(t1) # 80005074 <pxCurrentTCB>
80004720:	00032103          	lw	sp,0(t1)
80004724:	00012283          	lw	t0,0(sp)
80004728:	34129073          	csrw	mepc,t0
8000472c:	07812283          	lw	t0,120(sp)
80004730:	30029073          	csrw	mstatus,t0
80004734:	07412283          	lw	t0,116(sp)
80004738:	00001317          	auipc	t1,0x1
8000473c:	8f432303          	lw	t1,-1804(t1) # 8000502c <pxCriticalNesting>
80004740:	00532023          	sw	t0,0(t1)
80004744:	00412083          	lw	ra,4(sp)
80004748:	00812283          	lw	t0,8(sp)
8000474c:	00c12303          	lw	t1,12(sp)
80004750:	01012383          	lw	t2,16(sp)
80004754:	01412403          	lw	s0,20(sp)
80004758:	01812483          	lw	s1,24(sp)
8000475c:	01c12503          	lw	a0,28(sp)
80004760:	02012583          	lw	a1,32(sp)
80004764:	02412603          	lw	a2,36(sp)
80004768:	02812683          	lw	a3,40(sp)
8000476c:	02c12703          	lw	a4,44(sp)
80004770:	03012783          	lw	a5,48(sp)
80004774:	03412803          	lw	a6,52(sp)
80004778:	03812883          	lw	a7,56(sp)
8000477c:	03c12903          	lw	s2,60(sp)
80004780:	04012983          	lw	s3,64(sp)
80004784:	04412a03          	lw	s4,68(sp)
80004788:	04812a83          	lw	s5,72(sp)
8000478c:	04c12b03          	lw	s6,76(sp)
80004790:	05012b83          	lw	s7,80(sp)
80004794:	05412c03          	lw	s8,84(sp)
80004798:	05812c83          	lw	s9,88(sp)
8000479c:	05c12d03          	lw	s10,92(sp)
800047a0:	06012d83          	lw	s11,96(sp)
800047a4:	06412e03          	lw	t3,100(sp)
800047a8:	06812e83          	lw	t4,104(sp)
800047ac:	06c12f03          	lw	t5,108(sp)
800047b0:	07012f83          	lw	t6,112(sp)
800047b4:	07c10113          	addi	sp,sp,124
800047b8:	30200073          	mret

800047bc <freertos_risc_v_mtimer_interrupt_handler>:
800047bc:	f8410113          	addi	sp,sp,-124
800047c0:	00112223          	sw	ra,4(sp)
800047c4:	00512423          	sw	t0,8(sp)
800047c8:	00612623          	sw	t1,12(sp)
800047cc:	00712823          	sw	t2,16(sp)
800047d0:	00812a23          	sw	s0,20(sp)
800047d4:	00912c23          	sw	s1,24(sp)
800047d8:	00a12e23          	sw	a0,28(sp)
800047dc:	02b12023          	sw	a1,32(sp)
800047e0:	02c12223          	sw	a2,36(sp)
800047e4:	02d12423          	sw	a3,40(sp)
800047e8:	02e12623          	sw	a4,44(sp)
800047ec:	02f12823          	sw	a5,48(sp)
800047f0:	03012a23          	sw	a6,52(sp)
800047f4:	03112c23          	sw	a7,56(sp)
800047f8:	03212e23          	sw	s2,60(sp)
800047fc:	05312023          	sw	s3,64(sp)
80004800:	05412223          	sw	s4,68(sp)
80004804:	05512423          	sw	s5,72(sp)
80004808:	05612623          	sw	s6,76(sp)
8000480c:	05712823          	sw	s7,80(sp)
80004810:	05812a23          	sw	s8,84(sp)
80004814:	05912c23          	sw	s9,88(sp)
80004818:	05a12e23          	sw	s10,92(sp)
8000481c:	07b12023          	sw	s11,96(sp)
80004820:	07c12223          	sw	t3,100(sp)
80004824:	07d12423          	sw	t4,104(sp)
80004828:	07e12623          	sw	t5,108(sp)
8000482c:	07f12823          	sw	t6,112(sp)
80004830:	00001297          	auipc	t0,0x1
80004834:	8002a283          	lw	t0,-2048(t0) # 80005030 <xCriticalNesting>
80004838:	06512a23          	sw	t0,116(sp)
8000483c:	300022f3          	csrr	t0,mstatus
80004840:	06512c23          	sw	t0,120(sp)
80004844:	00001297          	auipc	t0,0x1
80004848:	8302a283          	lw	t0,-2000(t0) # 80005074 <pxCurrentTCB>
8000484c:	0022a023          	sw	sp,0(t0)
80004850:	34202573          	csrr	a0,mcause
80004854:	341025f3          	csrr	a1,mepc
80004858:	00b12023          	sw	a1,0(sp)
8000485c:	00000117          	auipc	sp,0x0
80004860:	7cc12103          	lw	sp,1996(sp) # 80005028 <xISRStackTop>
80004864:	00001517          	auipc	a0,0x1
80004868:	81852503          	lw	a0,-2024(a0) # 8000507c <pullMachineTimerCompareRegister>
8000486c:	00000597          	auipc	a1,0x0
80004870:	7c85a583          	lw	a1,1992(a1) # 80005034 <pullNextTime>
80004874:	fff00713          	li	a4,-1
80004878:	0005a603          	lw	a2,0(a1)
8000487c:	0045a683          	lw	a3,4(a1)
80004880:	00e52023          	sw	a4,0(a0)
80004884:	00d52223          	sw	a3,4(a0)
80004888:	00c52023          	sw	a2,0(a0)
8000488c:	00000297          	auipc	t0,0x0
80004890:	7982a283          	lw	t0,1944(t0) # 80005024 <uxTimerIncrementsForOneTick>
80004894:	00c28733          	add	a4,t0,a2
80004898:	00c73333          	sltu	t1,a4,a2
8000489c:	006683b3          	add	t2,a3,t1
800048a0:	00e5a023          	sw	a4,0(a1)
800048a4:	0075a223          	sw	t2,4(a1)
800048a8:	ffffe097          	auipc	ra,0xffffe
800048ac:	618080e7          	jalr	1560(ra) # 80002ec0 <xTaskIncrementTick>
800048b0:	00050663          	beqz	a0,800048bc <exit_without_context_switch>
800048b4:	ffffe097          	auipc	ra,0xffffe
800048b8:	638080e7          	jalr	1592(ra) # 80002eec <vTaskSwitchContext>

800048bc <exit_without_context_switch>:
800048bc:	00000317          	auipc	t1,0x0
800048c0:	7b832303          	lw	t1,1976(t1) # 80005074 <pxCurrentTCB>
800048c4:	00032103          	lw	sp,0(t1)
800048c8:	00012283          	lw	t0,0(sp)
800048cc:	34129073          	csrw	mepc,t0
800048d0:	07812283          	lw	t0,120(sp)
800048d4:	30029073          	csrw	mstatus,t0
800048d8:	07412283          	lw	t0,116(sp)
800048dc:	00000317          	auipc	t1,0x0
800048e0:	75032303          	lw	t1,1872(t1) # 8000502c <pxCriticalNesting>
800048e4:	00532023          	sw	t0,0(t1)
800048e8:	00412083          	lw	ra,4(sp)
800048ec:	00812283          	lw	t0,8(sp)
800048f0:	00c12303          	lw	t1,12(sp)
800048f4:	01012383          	lw	t2,16(sp)
800048f8:	01412403          	lw	s0,20(sp)
800048fc:	01812483          	lw	s1,24(sp)
80004900:	01c12503          	lw	a0,28(sp)
80004904:	02012583          	lw	a1,32(sp)
80004908:	02412603          	lw	a2,36(sp)
8000490c:	02812683          	lw	a3,40(sp)
80004910:	02c12703          	lw	a4,44(sp)
80004914:	03012783          	lw	a5,48(sp)
80004918:	03412803          	lw	a6,52(sp)
8000491c:	03812883          	lw	a7,56(sp)
80004920:	03c12903          	lw	s2,60(sp)
80004924:	04012983          	lw	s3,64(sp)
80004928:	04412a03          	lw	s4,68(sp)
8000492c:	04812a83          	lw	s5,72(sp)
80004930:	04c12b03          	lw	s6,76(sp)
80004934:	05012b83          	lw	s7,80(sp)
80004938:	05412c03          	lw	s8,84(sp)
8000493c:	05812c83          	lw	s9,88(sp)
80004940:	05c12d03          	lw	s10,92(sp)
80004944:	06012d83          	lw	s11,96(sp)
80004948:	06412e03          	lw	t3,100(sp)
8000494c:	06812e83          	lw	t4,104(sp)
80004950:	06c12f03          	lw	t5,108(sp)
80004954:	07012f83          	lw	t6,112(sp)
80004958:	07c10113          	addi	sp,sp,124
8000495c:	30200073          	mret
	...

80004a00 <freertos_risc_v_trap_handler>:
80004a00:	f8410113          	addi	sp,sp,-124
80004a04:	00112223          	sw	ra,4(sp)
80004a08:	00512423          	sw	t0,8(sp)
80004a0c:	00612623          	sw	t1,12(sp)
80004a10:	00712823          	sw	t2,16(sp)
80004a14:	00812a23          	sw	s0,20(sp)
80004a18:	00912c23          	sw	s1,24(sp)
80004a1c:	00a12e23          	sw	a0,28(sp)
80004a20:	02b12023          	sw	a1,32(sp)
80004a24:	02c12223          	sw	a2,36(sp)
80004a28:	02d12423          	sw	a3,40(sp)
80004a2c:	02e12623          	sw	a4,44(sp)
80004a30:	02f12823          	sw	a5,48(sp)
80004a34:	03012a23          	sw	a6,52(sp)
80004a38:	03112c23          	sw	a7,56(sp)
80004a3c:	03212e23          	sw	s2,60(sp)
80004a40:	05312023          	sw	s3,64(sp)
80004a44:	05412223          	sw	s4,68(sp)
80004a48:	05512423          	sw	s5,72(sp)
80004a4c:	05612623          	sw	s6,76(sp)
80004a50:	05712823          	sw	s7,80(sp)
80004a54:	05812a23          	sw	s8,84(sp)
80004a58:	05912c23          	sw	s9,88(sp)
80004a5c:	05a12e23          	sw	s10,92(sp)
80004a60:	07b12023          	sw	s11,96(sp)
80004a64:	07c12223          	sw	t3,100(sp)
80004a68:	07d12423          	sw	t4,104(sp)
80004a6c:	07e12623          	sw	t5,108(sp)
80004a70:	07f12823          	sw	t6,112(sp)
80004a74:	00000297          	auipc	t0,0x0
80004a78:	5bc2a283          	lw	t0,1468(t0) # 80005030 <xCriticalNesting>
80004a7c:	06512a23          	sw	t0,116(sp)
80004a80:	300022f3          	csrr	t0,mstatus
80004a84:	06512c23          	sw	t0,120(sp)
80004a88:	00000297          	auipc	t0,0x0
80004a8c:	5ec2a283          	lw	t0,1516(t0) # 80005074 <pxCurrentTCB>
80004a90:	0022a023          	sw	sp,0(t0)
80004a94:	34202573          	csrr	a0,mcause
80004a98:	341025f3          	csrr	a1,mepc
80004a9c:	00055a63          	bgez	a0,80004ab0 <synchronous_exception>

80004aa0 <asynchronous_interrupt>:
80004aa0:	00b12023          	sw	a1,0(sp)
80004aa4:	00000117          	auipc	sp,0x0
80004aa8:	58412103          	lw	sp,1412(sp) # 80005028 <xISRStackTop>
80004aac:	0180006f          	j	80004ac4 <handle_interrupt>

80004ab0 <synchronous_exception>:
80004ab0:	00458593          	addi	a1,a1,4
80004ab4:	00b12023          	sw	a1,0(sp)
80004ab8:	00000117          	auipc	sp,0x0
80004abc:	57012103          	lw	sp,1392(sp) # 80005028 <xISRStackTop>
80004ac0:	07c0006f          	j	80004b3c <handle_exception>

80004ac4 <handle_interrupt>:
80004ac4:	00100293          	li	t0,1
80004ac8:	01f29293          	slli	t0,t0,0x1f
80004acc:	00728313          	addi	t1,t0,7
80004ad0:	06651063          	bne	a0,t1,80004b30 <application_interrupt_handler>
80004ad4:	00000517          	auipc	a0,0x0
80004ad8:	5a852503          	lw	a0,1448(a0) # 8000507c <pullMachineTimerCompareRegister>
80004adc:	00000597          	auipc	a1,0x0
80004ae0:	5585a583          	lw	a1,1368(a1) # 80005034 <pullNextTime>
80004ae4:	fff00713          	li	a4,-1
80004ae8:	0005a603          	lw	a2,0(a1)
80004aec:	0045a683          	lw	a3,4(a1)
80004af0:	00e52023          	sw	a4,0(a0)
80004af4:	00d52223          	sw	a3,4(a0)
80004af8:	00c52023          	sw	a2,0(a0)
80004afc:	00000297          	auipc	t0,0x0
80004b00:	5282a283          	lw	t0,1320(t0) # 80005024 <uxTimerIncrementsForOneTick>
80004b04:	00c28733          	add	a4,t0,a2
80004b08:	00c73333          	sltu	t1,a4,a2
80004b0c:	006683b3          	add	t2,a3,t1
80004b10:	00e5a023          	sw	a4,0(a1)
80004b14:	0075a223          	sw	t2,4(a1)
80004b18:	ffffe097          	auipc	ra,0xffffe
80004b1c:	3a8080e7          	jalr	936(ra) # 80002ec0 <xTaskIncrementTick>
80004b20:	02050e63          	beqz	a0,80004b5c <processed_source>
80004b24:	ffffe097          	auipc	ra,0xffffe
80004b28:	3c8080e7          	jalr	968(ra) # 80002eec <vTaskSwitchContext>
80004b2c:	0300006f          	j	80004b5c <processed_source>

80004b30 <application_interrupt_handler>:
80004b30:	ffffc097          	auipc	ra,0xffffc
80004b34:	c28080e7          	jalr	-984(ra) # 80000758 <freertos_risc_v_application_interrupt_handler>
80004b38:	0240006f          	j	80004b5c <processed_source>

80004b3c <handle_exception>:
80004b3c:	00b00293          	li	t0,11
80004b40:	00551863          	bne	a0,t0,80004b50 <application_exception_handler>
80004b44:	ffffe097          	auipc	ra,0xffffe
80004b48:	3a8080e7          	jalr	936(ra) # 80002eec <vTaskSwitchContext>
80004b4c:	0100006f          	j	80004b5c <processed_source>

80004b50 <application_exception_handler>:
80004b50:	ffffc097          	auipc	ra,0xffffc
80004b54:	ac4080e7          	jalr	-1340(ra) # 80000614 <freertos_risc_v_application_exception_handler>
80004b58:	0040006f          	j	80004b5c <processed_source>

80004b5c <processed_source>:
80004b5c:	00000317          	auipc	t1,0x0
80004b60:	51832303          	lw	t1,1304(t1) # 80005074 <pxCurrentTCB>
80004b64:	00032103          	lw	sp,0(t1)
80004b68:	00012283          	lw	t0,0(sp)
80004b6c:	34129073          	csrw	mepc,t0
80004b70:	07812283          	lw	t0,120(sp)
80004b74:	30029073          	csrw	mstatus,t0
80004b78:	07412283          	lw	t0,116(sp)
80004b7c:	00000317          	auipc	t1,0x0
80004b80:	4b032303          	lw	t1,1200(t1) # 8000502c <pxCriticalNesting>
80004b84:	00532023          	sw	t0,0(t1)
80004b88:	00412083          	lw	ra,4(sp)
80004b8c:	00812283          	lw	t0,8(sp)
80004b90:	00c12303          	lw	t1,12(sp)
80004b94:	01012383          	lw	t2,16(sp)
80004b98:	01412403          	lw	s0,20(sp)
80004b9c:	01812483          	lw	s1,24(sp)
80004ba0:	01c12503          	lw	a0,28(sp)
80004ba4:	02012583          	lw	a1,32(sp)
80004ba8:	02412603          	lw	a2,36(sp)
80004bac:	02812683          	lw	a3,40(sp)
80004bb0:	02c12703          	lw	a4,44(sp)
80004bb4:	03012783          	lw	a5,48(sp)
80004bb8:	03412803          	lw	a6,52(sp)
80004bbc:	03812883          	lw	a7,56(sp)
80004bc0:	03c12903          	lw	s2,60(sp)
80004bc4:	04012983          	lw	s3,64(sp)
80004bc8:	04412a03          	lw	s4,68(sp)
80004bcc:	04812a83          	lw	s5,72(sp)
80004bd0:	04c12b03          	lw	s6,76(sp)
80004bd4:	05012b83          	lw	s7,80(sp)
80004bd8:	05412c03          	lw	s8,84(sp)
80004bdc:	05812c83          	lw	s9,88(sp)
80004be0:	05c12d03          	lw	s10,92(sp)
80004be4:	06012d83          	lw	s11,96(sp)
80004be8:	06412e03          	lw	t3,100(sp)
80004bec:	06812e83          	lw	t4,104(sp)
80004bf0:	06c12f03          	lw	t5,108(sp)
80004bf4:	07012f83          	lw	t6,112(sp)
80004bf8:	07c10113          	addi	sp,sp,124
80004bfc:	30200073          	mret

80004c00 <__clzsi2>:
80004c00:	000107b7          	lui	a5,0x10
80004c04:	02f57a63          	bgeu	a0,a5,80004c38 <__clzsi2+0x38>
80004c08:	10053793          	sltiu	a5,a0,256
80004c0c:	0017b793          	seqz	a5,a5
80004c10:	00379793          	slli	a5,a5,0x3
80004c14:	02000713          	li	a4,32
80004c18:	40f70733          	sub	a4,a4,a5
80004c1c:	00f55533          	srl	a0,a0,a5
80004c20:	00000797          	auipc	a5,0x0
80004c24:	2fc78793          	addi	a5,a5,764 # 80004f1c <__clz_tab>
80004c28:	00a787b3          	add	a5,a5,a0
80004c2c:	0007c503          	lbu	a0,0(a5)
80004c30:	40a70533          	sub	a0,a4,a0
80004c34:	00008067          	ret
80004c38:	010007b7          	lui	a5,0x1000
80004c3c:	02f57463          	bgeu	a0,a5,80004c64 <__clzsi2+0x64>
80004c40:	01000713          	li	a4,16
80004c44:	00070793          	mv	a5,a4
80004c48:	00f55533          	srl	a0,a0,a5
80004c4c:	00000797          	auipc	a5,0x0
80004c50:	2d078793          	addi	a5,a5,720 # 80004f1c <__clz_tab>
80004c54:	00a787b3          	add	a5,a5,a0
80004c58:	0007c503          	lbu	a0,0(a5)
80004c5c:	40a70533          	sub	a0,a4,a0
80004c60:	00008067          	ret
80004c64:	01800793          	li	a5,24
80004c68:	00f55533          	srl	a0,a0,a5
80004c6c:	00000797          	auipc	a5,0x0
80004c70:	2b078793          	addi	a5,a5,688 # 80004f1c <__clz_tab>
80004c74:	00a787b3          	add	a5,a5,a0
80004c78:	0007c503          	lbu	a0,0(a5)
80004c7c:	00800713          	li	a4,8
80004c80:	40a70533          	sub	a0,a4,a0
80004c84:	00008067          	ret
80004c88:	5452                	.insn	2, 0x5452
80004c8a:	505f534f          	.insn	4, 0x505f534f
80004c8e:	4552                	.insn	2, 0x4552
80004c90:	4c46                	.insn	2, 0x4c46
80004c92:	4749                	.insn	2, 0x4749
80004c94:	5448                	.insn	2, 0x5448
80004c96:	465f 4941 204c      	.insn	6, 0x204c4941465f
80004c9c:	6572                	.insn	2, 0x6572
80004c9e:	7361                	.insn	2, 0x7361
80004ca0:	003d6e6f          	jal	t3,800db4a2 <__stack_top+0x5b4a2>
80004ca4:	7571                	.insn	2, 0x7571
80004ca6:	7565                	.insn	2, 0x7565
80004ca8:	5f65                	.insn	2, 0x5f65
80004caa:	6572                	.insn	2, 0x6572
80004cac:	76696563          	bltu	s2,t1,80005416 <producer_stack+0x2ee>
80004cb0:	0065                	.insn	2, 0x0065
80004cb2:	0000                	.insn	2, 0x0000
80004cb4:	7571                	.insn	2, 0x7571
80004cb6:	7565                	.insn	2, 0x7565
80004cb8:	5f65                	.insn	2, 0x5f65
80004cba:	6164                	.insn	2, 0x6164
80004cbc:	6174                	.insn	2, 0x6174
80004cbe:	0000                	.insn	2, 0x0000
80004cc0:	6974                	.insn	2, 0x6974
80004cc2:	00006b63          	bltu	zero,zero,80004cd8 <__clzsi2+0xd8>
80004cc6:	0000                	.insn	2, 0x0000
80004cc8:	5452                	.insn	2, 0x5452
80004cca:	505f534f          	.insn	4, 0x505f534f
80004cce:	4552                	.insn	2, 0x4552
80004cd0:	4c46                	.insn	2, 0x4c46
80004cd2:	4749                	.insn	2, 0x4749
80004cd4:	5448                	.insn	2, 0x5448
80004cd6:	505f 5341 0053      	.insn	6, 0x00535341505f
80004cdc:	7571                	.insn	2, 0x7571
80004cde:	7565                	.insn	2, 0x7565
80004ce0:	5f65                	.insn	2, 0x5f65
80004ce2:	646e6573          	.insn	4, 0x646e6573
80004ce6:	0000                	.insn	2, 0x0000
80004ce8:	5452                	.insn	2, 0x5452
80004cea:	505f534f          	.insn	4, 0x505f534f
80004cee:	4552                	.insn	2, 0x4552
80004cf0:	4c46                	.insn	2, 0x4c46
80004cf2:	4749                	.insn	2, 0x4749
80004cf4:	5448                	.insn	2, 0x5448
80004cf6:	425f 4745 4e49      	.insn	6, 0x4e494745425f
80004cfc:	0000                	.insn	2, 0x0000
80004cfe:	0000                	.insn	2, 0x0000
80004d00:	7571                	.insn	2, 0x7571
80004d02:	7565                	.insn	2, 0x7565
80004d04:	5f65                	.insn	2, 0x5f65
80004d06:	61657263          	bgeu	a0,s6,8000530a <producer_stack+0x1e2>
80004d0a:	6574                	.insn	2, 0x6574
80004d0c:	0000                	.insn	2, 0x0000
80004d0e:	0000                	.insn	2, 0x0000
80004d10:	7270                	.insn	2, 0x7270
80004d12:	6665                	.insn	2, 0x6665
80004d14:	696c                	.insn	2, 0x696c
80004d16:	5f746867          	.insn	4, 0x5f746867
80004d1a:	7874                	.insn	2, 0x7874
80004d1c:	0000                	.insn	2, 0x0000
80004d1e:	0000                	.insn	2, 0x0000
80004d20:	6174                	.insn	2, 0x6174
80004d22:	745f6b73          	.insn	4, 0x745f6b73
80004d26:	0078                	.insn	2, 0x0078
80004d28:	7270                	.insn	2, 0x7270
80004d2a:	6665                	.insn	2, 0x6665
80004d2c:	696c                	.insn	2, 0x696c
80004d2e:	5f746867          	.insn	4, 0x5f746867
80004d32:	7872                	.insn	2, 0x7872
80004d34:	0000                	.insn	2, 0x0000
80004d36:	0000                	.insn	2, 0x0000
80004d38:	6174                	.insn	2, 0x6174
80004d3a:	725f6b73          	.insn	4, 0x725f6b73
80004d3e:	0078                	.insn	2, 0x0078
80004d40:	65686373          	.insn	4, 0x65686373
80004d44:	7564                	.insn	2, 0x7564
80004d46:	656c                	.insn	2, 0x656c
80004d48:	5f72                	.insn	2, 0x5f72
80004d4a:	6572                	.insn	2, 0x6572
80004d4c:	7574                	.insn	2, 0x7574
80004d4e:	6e72                	.insn	2, 0x6e72
80004d50:	0000                	.insn	2, 0x0000
80004d52:	0000                	.insn	2, 0x0000
80004d54:	7830                	.insn	2, 0x7830
80004d56:	0000                	.insn	2, 0x0000
80004d58:	000a                	.insn	2, 0x000a
80004d5a:	0000                	.insn	2, 0x0000
80004d5c:	4f54525b          	.insn	4, 0x4f54525b
80004d60:	61205d53          	.insn	4, 0x61205d53
80004d64:	72657373          	.insn	4, 0x72657373
80004d68:	2074                	.insn	2, 0x2074
80004d6a:	6966                	.insn	2, 0x6966
80004d6c:	656c                	.insn	2, 0x656c
80004d6e:	003d                	.insn	2, 0x003d
80004d70:	6c20                	.insn	2, 0x6c20
80004d72:	6e69                	.insn	2, 0x6e69
80004d74:	3d65                	.insn	2, 0x3d65
80004d76:	0000                	.insn	2, 0x0000
80004d78:	7220                	.insn	2, 0x7220
80004d7a:	3d61                	.insn	2, 0x3d61
80004d7c:	0000                	.insn	2, 0x0000
80004d7e:	0000                	.insn	2, 0x0000
80004d80:	7420                	.insn	2, 0x7420
80004d82:	003d6263          	bltu	s10,gp,80004d86 <__clzsi2+0x186>
80004d86:	0000                	.insn	2, 0x0000
80004d88:	7320                	.insn	2, 0x7320
80004d8a:	3d70                	.insn	2, 0x3d70
80004d8c:	0000                	.insn	2, 0x0000
80004d8e:	0000                	.insn	2, 0x0000
80004d90:	7528                	.insn	2, 0x7528
80004d92:	6b6e                	.insn	2, 0x6b6e
80004d94:	6f6e                	.insn	2, 0x6f6e
80004d96:	00296e77          	.insn	4, 0x00296e77
80004d9a:	0000                	.insn	2, 0x0000
80004d9c:	4f54525b          	.insn	4, 0x4f54525b
80004da0:	73205d53          	.insn	4, 0x73205d53
80004da4:	6174                	.insn	2, 0x6174
80004da6:	6f206b63          	bltu	zero,s2,8000549c <producer_stack+0x374>
80004daa:	6576                	.insn	2, 0x6576
80004dac:	6672                	.insn	2, 0x6672
80004dae:	6f6c                	.insn	2, 0x6f6c
80004db0:	00002077          	.insn	4, 0x2077
80004db4:	4f54525b          	.insn	4, 0x4f54525b
80004db8:	65205d53          	.insn	4, 0x65205d53
80004dbc:	6378                	.insn	2, 0x6378
80004dbe:	7065                	.insn	2, 0x7065
80004dc0:	6974                	.insn	2, 0x6974
80004dc2:	6d206e6f          	jal	t3,8000b494 <__bss_end+0x4e34>
80004dc6:	73756163          	bltu	a0,s7,800054e8 <producer_stack+0x3c0>
80004dca:	3d65                	.insn	2, 0x3d65
80004dcc:	0000                	.insn	2, 0x0000
80004dce:	0000                	.insn	2, 0x0000
80004dd0:	6d20                	.insn	2, 0x6d20
80004dd2:	7065                	.insn	2, 0x7065
80004dd4:	00003d63          	.insn	4, 0x3d63
80004dd8:	6d20                	.insn	2, 0x6d20
80004dda:	7674                	.insn	2, 0x7674
80004ddc:	6c61                	.insn	2, 0x6c61
80004dde:	003d                	.insn	2, 0x003d
80004de0:	6d20                	.insn	2, 0x6d20
80004de2:	74617473          	.insn	4, 0x74617473
80004de6:	7375                	.insn	2, 0x7375
80004de8:	003d                	.insn	2, 0x003d
80004dea:	0000                	.insn	2, 0x0000
80004dec:	6d20                	.insn	2, 0x6d20
80004dee:	6569                	.insn	2, 0x6569
80004df0:	003d                	.insn	2, 0x003d
80004df2:	0000                	.insn	2, 0x0000
80004df4:	6d20                	.insn	2, 0x6d20
80004df6:	7069                	.insn	2, 0x7069
80004df8:	003d                	.insn	2, 0x003d
80004dfa:	0000                	.insn	2, 0x0000
80004dfc:	4f54525b          	.insn	4, 0x4f54525b
80004e00:	75205d53          	.insn	4, 0x75205d53
80004e04:	656e                	.insn	2, 0x656e
80004e06:	7078                	.insn	2, 0x7078
80004e08:	6365                	.insn	2, 0x6365
80004e0a:	6574                	.insn	2, 0x6574
80004e0c:	2064                	.insn	2, 0x2064
80004e0e:	6e69                	.insn	2, 0x6e69
80004e10:	6574                	.insn	2, 0x6574
80004e12:	7272                	.insn	2, 0x7272
80004e14:	7075                	.insn	2, 0x7075
80004e16:	2074                	.insn	2, 0x2074
80004e18:	636d                	.insn	2, 0x636d
80004e1a:	7561                	.insn	2, 0x7561
80004e1c:	003d6573          	.insn	4, 0x003d6573
80004e20:	555c3a43          	.insn	4, 0x555c3a43
80004e24:	73726573          	.insn	4, 0x73726573
80004e28:	615c                	.insn	2, 0x615c
80004e2a:	3930                	.insn	2, 0x3930
80004e2c:	3836                	.insn	2, 0x3836
80004e2e:	445c                	.insn	2, 0x445c
80004e30:	6c6e776f          	jal	a4,800ec4f6 <__stack_top+0x6c4f6>
80004e34:	7364616f          	jal	sp,8004b56a <__bss_end+0x44f0a>
80004e38:	465c                	.insn	2, 0x465c
80004e3a:	6572                	.insn	2, 0x6572
80004e3c:	5265                	.insn	2, 0x5265
80004e3e:	4f54                	.insn	2, 0x4f54
80004e40:	30327653          	.insn	4, 0x30327653
80004e44:	3432                	.insn	2, 0x3432
80004e46:	3630                	.insn	2, 0x3630
80004e48:	302e                	.insn	2, 0x302e
80004e4a:	2d34                	.insn	2, 0x2d34
80004e4c:	544c                	.insn	2, 0x544c
80004e4e:	72465c53          	.insn	4, 0x72465c53
80004e52:	6565                	.insn	2, 0x6565
80004e54:	5452                	.insn	2, 0x5452
80004e56:	4c2d534f          	.insn	4, 0x4c2d534f
80004e5a:	5354                	.insn	2, 0x5354
80004e5c:	465c                	.insn	2, 0x465c
80004e5e:	6572                	.insn	2, 0x6572
80004e60:	5265                	.insn	2, 0x5265
80004e62:	4f54                	.insn	2, 0x4f54
80004e64:	72465c53          	.insn	4, 0x72465c53
80004e68:	6565                	.insn	2, 0x6565
80004e6a:	5452                	.insn	2, 0x5452
80004e6c:	4b2d534f          	.insn	4, 0x4b2d534f
80004e70:	7265                	.insn	2, 0x7265
80004e72:	656e                	.insn	2, 0x656e
80004e74:	5c6c                	.insn	2, 0x5c6c
80004e76:	7571                	.insn	2, 0x7571
80004e78:	7565                	.insn	2, 0x7565
80004e7a:	2e65                	.insn	2, 0x2e65
80004e7c:	00000063          	beqz	zero,80004e7c <__clzsi2+0x27c>
80004e80:	555c3a43          	.insn	4, 0x555c3a43
80004e84:	73726573          	.insn	4, 0x73726573
80004e88:	615c                	.insn	2, 0x615c
80004e8a:	3930                	.insn	2, 0x3930
80004e8c:	3836                	.insn	2, 0x3836
80004e8e:	445c                	.insn	2, 0x445c
80004e90:	6c6e776f          	jal	a4,800ec556 <__stack_top+0x6c556>
80004e94:	7364616f          	jal	sp,8004b5ca <__bss_end+0x44f6a>
80004e98:	465c                	.insn	2, 0x465c
80004e9a:	6572                	.insn	2, 0x6572
80004e9c:	5265                	.insn	2, 0x5265
80004e9e:	4f54                	.insn	2, 0x4f54
80004ea0:	30327653          	.insn	4, 0x30327653
80004ea4:	3432                	.insn	2, 0x3432
80004ea6:	3630                	.insn	2, 0x3630
80004ea8:	302e                	.insn	2, 0x302e
80004eaa:	2d34                	.insn	2, 0x2d34
80004eac:	544c                	.insn	2, 0x544c
80004eae:	72465c53          	.insn	4, 0x72465c53
80004eb2:	6565                	.insn	2, 0x6565
80004eb4:	5452                	.insn	2, 0x5452
80004eb6:	4c2d534f          	.insn	4, 0x4c2d534f
80004eba:	5354                	.insn	2, 0x5354
80004ebc:	465c                	.insn	2, 0x465c
80004ebe:	6572                	.insn	2, 0x6572
80004ec0:	5265                	.insn	2, 0x5265
80004ec2:	4f54                	.insn	2, 0x4f54
80004ec4:	72465c53          	.insn	4, 0x72465c53
80004ec8:	6565                	.insn	2, 0x6565
80004eca:	5452                	.insn	2, 0x5452
80004ecc:	4b2d534f          	.insn	4, 0x4b2d534f
80004ed0:	7265                	.insn	2, 0x7265
80004ed2:	656e                	.insn	2, 0x656e
80004ed4:	5c6c                	.insn	2, 0x5c6c
80004ed6:	6174                	.insn	2, 0x6174
80004ed8:	2e736b73          	.insn	4, 0x2e736b73
80004edc:	00000063          	beqz	zero,80004edc <__clzsi2+0x2dc>

80004ee0 <hex.0>:
80004ee0:	3130                	.insn	2, 0x3130
80004ee2:	3332                	.insn	2, 0x3332
80004ee4:	3534                	.insn	2, 0x3534
80004ee6:	3736                	.insn	2, 0x3736
80004ee8:	3938                	.insn	2, 0x3938
80004eea:	4241                	.insn	2, 0x4241
80004eec:	46454443          	.insn	4, 0x46454443
80004ef0:	0000                	.insn	2, 0x0000
80004ef2:	0000                	.insn	2, 0x0000
80004ef4:	39e0                	.insn	2, 0x39e0
80004ef6:	8000                	.insn	2, 0x8000
80004ef8:	3b70                	.insn	2, 0x3b70
80004efa:	8000                	.insn	2, 0x8000
80004efc:	3b88                	.insn	2, 0x3b88
80004efe:	8000                	.insn	2, 0x8000
80004f00:	39d4                	.insn	2, 0x39d4
80004f02:	8000                	.insn	2, 0x8000
80004f04:	39c8                	.insn	2, 0x39c8
80004f06:	8000                	.insn	2, 0x8000
80004f08:	3c60                	.insn	2, 0x3c60
80004f0a:	8000                	.insn	2, 0x8000
80004f0c:	3ddc                	.insn	2, 0x3ddc
80004f0e:	8000                	.insn	2, 0x8000
80004f10:	3dbc                	.insn	2, 0x3dbc
80004f12:	8000                	.insn	2, 0x8000
80004f14:	3c54                	.insn	2, 0x3c54
80004f16:	8000                	.insn	2, 0x8000
80004f18:	3c48                	.insn	2, 0x3c48
80004f1a:	8000                	.insn	2, 0x8000

80004f1c <__clz_tab>:
80004f1c:	0100                	.insn	2, 0x0100
80004f1e:	0202                	.insn	2, 0x0202
80004f20:	03030303          	lb	t1,48(t1)
80004f24:	0404                	.insn	2, 0x0404
80004f26:	0404                	.insn	2, 0x0404
80004f28:	0404                	.insn	2, 0x0404
80004f2a:	0404                	.insn	2, 0x0404
80004f2c:	0505                	.insn	2, 0x0505
80004f2e:	0505                	.insn	2, 0x0505
80004f30:	0505                	.insn	2, 0x0505
80004f32:	0505                	.insn	2, 0x0505
80004f34:	0505                	.insn	2, 0x0505
80004f36:	0505                	.insn	2, 0x0505
80004f38:	0505                	.insn	2, 0x0505
80004f3a:	0505                	.insn	2, 0x0505
80004f3c:	0606                	.insn	2, 0x0606
80004f3e:	0606                	.insn	2, 0x0606
80004f40:	0606                	.insn	2, 0x0606
80004f42:	0606                	.insn	2, 0x0606
80004f44:	0606                	.insn	2, 0x0606
80004f46:	0606                	.insn	2, 0x0606
80004f48:	0606                	.insn	2, 0x0606
80004f4a:	0606                	.insn	2, 0x0606
80004f4c:	0606                	.insn	2, 0x0606
80004f4e:	0606                	.insn	2, 0x0606
80004f50:	0606                	.insn	2, 0x0606
80004f52:	0606                	.insn	2, 0x0606
80004f54:	0606                	.insn	2, 0x0606
80004f56:	0606                	.insn	2, 0x0606
80004f58:	0606                	.insn	2, 0x0606
80004f5a:	0606                	.insn	2, 0x0606
80004f5c:	07070707          	.insn	4, 0x07070707
80004f60:	07070707          	.insn	4, 0x07070707
80004f64:	07070707          	.insn	4, 0x07070707
80004f68:	07070707          	.insn	4, 0x07070707
80004f6c:	07070707          	.insn	4, 0x07070707
80004f70:	07070707          	.insn	4, 0x07070707
80004f74:	07070707          	.insn	4, 0x07070707
80004f78:	07070707          	.insn	4, 0x07070707
80004f7c:	07070707          	.insn	4, 0x07070707
80004f80:	07070707          	.insn	4, 0x07070707
80004f84:	07070707          	.insn	4, 0x07070707
80004f88:	07070707          	.insn	4, 0x07070707
80004f8c:	07070707          	.insn	4, 0x07070707
80004f90:	07070707          	.insn	4, 0x07070707
80004f94:	07070707          	.insn	4, 0x07070707
80004f98:	07070707          	.insn	4, 0x07070707
80004f9c:	0808                	.insn	2, 0x0808
80004f9e:	0808                	.insn	2, 0x0808
80004fa0:	0808                	.insn	2, 0x0808
80004fa2:	0808                	.insn	2, 0x0808
80004fa4:	0808                	.insn	2, 0x0808
80004fa6:	0808                	.insn	2, 0x0808
80004fa8:	0808                	.insn	2, 0x0808
80004faa:	0808                	.insn	2, 0x0808
80004fac:	0808                	.insn	2, 0x0808
80004fae:	0808                	.insn	2, 0x0808
80004fb0:	0808                	.insn	2, 0x0808
80004fb2:	0808                	.insn	2, 0x0808
80004fb4:	0808                	.insn	2, 0x0808
80004fb6:	0808                	.insn	2, 0x0808
80004fb8:	0808                	.insn	2, 0x0808
80004fba:	0808                	.insn	2, 0x0808
80004fbc:	0808                	.insn	2, 0x0808
80004fbe:	0808                	.insn	2, 0x0808
80004fc0:	0808                	.insn	2, 0x0808
80004fc2:	0808                	.insn	2, 0x0808
80004fc4:	0808                	.insn	2, 0x0808
80004fc6:	0808                	.insn	2, 0x0808
80004fc8:	0808                	.insn	2, 0x0808
80004fca:	0808                	.insn	2, 0x0808
80004fcc:	0808                	.insn	2, 0x0808
80004fce:	0808                	.insn	2, 0x0808
80004fd0:	0808                	.insn	2, 0x0808
80004fd2:	0808                	.insn	2, 0x0808
80004fd4:	0808                	.insn	2, 0x0808
80004fd6:	0808                	.insn	2, 0x0808
80004fd8:	0808                	.insn	2, 0x0808
80004fda:	0808                	.insn	2, 0x0808
80004fdc:	0808                	.insn	2, 0x0808
80004fde:	0808                	.insn	2, 0x0808
80004fe0:	0808                	.insn	2, 0x0808
80004fe2:	0808                	.insn	2, 0x0808
80004fe4:	0808                	.insn	2, 0x0808
80004fe6:	0808                	.insn	2, 0x0808
80004fe8:	0808                	.insn	2, 0x0808
80004fea:	0808                	.insn	2, 0x0808
80004fec:	0808                	.insn	2, 0x0808
80004fee:	0808                	.insn	2, 0x0808
80004ff0:	0808                	.insn	2, 0x0808
80004ff2:	0808                	.insn	2, 0x0808
80004ff4:	0808                	.insn	2, 0x0808
80004ff6:	0808                	.insn	2, 0x0808
80004ff8:	0808                	.insn	2, 0x0808
80004ffa:	0808                	.insn	2, 0x0808
80004ffc:	0808                	.insn	2, 0x0808
80004ffe:	0808                	.insn	2, 0x0808
80005000:	0808                	.insn	2, 0x0808
80005002:	0808                	.insn	2, 0x0808
80005004:	0808                	.insn	2, 0x0808
80005006:	0808                	.insn	2, 0x0808
80005008:	0808                	.insn	2, 0x0808
8000500a:	0808                	.insn	2, 0x0808
8000500c:	0808                	.insn	2, 0x0808
8000500e:	0808                	.insn	2, 0x0808
80005010:	0808                	.insn	2, 0x0808
80005012:	0808                	.insn	2, 0x0808
80005014:	0808                	.insn	2, 0x0808
80005016:	0808                	.insn	2, 0x0808
80005018:	0808                	.insn	2, 0x0808
8000501a:	0808                	.insn	2, 0x0808

Disassembly of section .srodata:

8000501c <uxTopUsedPriority>:
8000501c:	0004                	.insn	2, 0x0004
	...

80005020 <ullMachineTimerCompareRegisterBase>:
80005020:	0028                	.insn	2, 0x0028
80005022:	4000                	.insn	2, 0x4000

80005024 <uxTimerIncrementsForOneTick>:
80005024:	c350                	.insn	2, 0xc350
	...

80005028 <xISRStackTop>:
80005028:	6660                	.insn	2, 0x6660
8000502a:	8000                	.insn	2, 0x8000

Disassembly of section .data:

8000502c <pxCriticalNesting>:
8000502c:	5030                	.insn	2, 0x5030
8000502e:	8000                	.insn	2, 0x8000

80005030 <xCriticalNesting>:
80005030:	aaaa                	.insn	2, 0xaaaa
80005032:	aaaa                	.insn	2, 0xaaaa

80005034 <pullNextTime>:
80005034:	5080                	.insn	2, 0x5080
80005036:	8000                	.insn	2, 0x8000

Disassembly of section .riscv.attributes:

00000000 <.riscv.attributes>:
   0:	3641                	.insn	2, 0x3641
   2:	0000                	.insn	2, 0x0000
   4:	7200                	.insn	2, 0x7200
   6:	7369                	.insn	2, 0x7369
   8:	01007663          	bgeu	zero,a6,14 <_start-0x7fffffec>
   c:	002c                	.insn	2, 0x002c
   e:	0000                	.insn	2, 0x0000
  10:	1004                	.insn	2, 0x1004
  12:	7205                	.insn	2, 0x7205
  14:	3376                	.insn	2, 0x3376
  16:	6932                	.insn	2, 0x6932
  18:	7032                	.insn	2, 0x7032
  1a:	5f31                	.insn	2, 0x5f31
  1c:	326d                	.insn	2, 0x326d
  1e:	3070                	.insn	2, 0x3070
  20:	7a5f 6369 7273      	.insn	6, 0x727363697a5f
  26:	7032                	.insn	2, 0x7032
  28:	5f30                	.insn	2, 0x5f30
  2a:	6d7a                	.insn	2, 0x6d7a
  2c:	756d                	.insn	2, 0x756d
  2e:	316c                	.insn	2, 0x316c
  30:	3070                	.insn	2, 0x3070
  32:	0800                	.insn	2, 0x0800
  34:	0a01                	.insn	2, 0x0a01
  36:	0b                	.byte	0x0b

Disassembly of section .comment:

00000000 <.comment>:
   0:	3a434347          	.insn	4, 0x3a434347
   4:	2820                	.insn	2, 0x2820
   6:	5078                	.insn	2, 0x5078
   8:	6361                	.insn	2, 0x6361
   a:	4e47206b          	.insn	4, 0x4e47206b
   e:	2055                	.insn	2, 0x2055
  10:	4952                	.insn	2, 0x4952
  12:	562d4353          	.insn	4, 0x562d4353
  16:	4520                	.insn	2, 0x4520
  18:	626d                	.insn	2, 0x626d
  1a:	6465                	.insn	2, 0x6465
  1c:	6564                	.insn	2, 0x6564
  1e:	2064                	.insn	2, 0x2064
  20:	20434347          	.insn	4, 0x20434347
  24:	3878                	.insn	2, 0x3878
  26:	5f36                	.insn	2, 0x5f36
  28:	3436                	.insn	2, 0x3436
  2a:	2029                	.insn	2, 0x2029
  2c:	3531                	.insn	2, 0x3531
  2e:	322e                	.insn	2, 0x322e
  30:	302e                	.insn	2, 0x302e
	...

Disassembly of section .debug_info:

00000000 <.debug_info>:
   0:	0164                	.insn	2, 0x0164
   2:	0000                	.insn	2, 0x0000
   4:	0005                	.insn	2, 0x0005
   6:	0401                	.insn	2, 0x0401
   8:	0000                	.insn	2, 0x0000
   a:	0000                	.insn	2, 0x0000
   c:	7204                	.insn	2, 0x7204
   e:	0000                	.insn	2, 0x0000
  10:	1d00                	.insn	2, 0x1d00
  12:	03164703          	lbu	a4,49(a2)
  16:	0a00                	.insn	2, 0x0a00
  18:	0000                	.insn	2, 0x0000
  1a:	af00                	.insn	2, 0xaf00
  1c:	0000                	.insn	2, 0x0000
  1e:	2200                	.insn	2, 0x2200
	...
  28:	0000                	.insn	2, 0x0000
  2a:	0100                	.insn	2, 0x0100
  2c:	0708                	.insn	2, 0x0708
  2e:	0000005b          	.insn	4, 0x005b
  32:	0401                	.insn	2, 0x0401
  34:	00006507          	.insn	4, 0x6507
  38:	0500                	.insn	2, 0x0500
  3a:	0504                	.insn	2, 0x0504
  3c:	6e69                	.insn	2, 0x6e69
  3e:	0074                	.insn	2, 0x0074
  40:	0801                	.insn	2, 0x0801
  42:	0005                	.insn	2, 0x0005
  44:	0000                	.insn	2, 0x0000
  46:	0100                	.insn	2, 0x0100
  48:	0410                	.insn	2, 0x0410
  4a:	0032                	.insn	2, 0x0032
  4c:	0000                	.insn	2, 0x0000
  4e:	0101                	.insn	2, 0x0101
  50:	1806                	.insn	2, 0x1806
  52:	0000                	.insn	2, 0x0000
  54:	0100                	.insn	2, 0x0100
  56:	0801                	.insn	2, 0x0801
  58:	0016                	.insn	2, 0x0016
  5a:	0000                	.insn	2, 0x0000
  5c:	0201                	.insn	2, 0x0201
  5e:	8705                	.insn	2, 0x8705
  60:	0001                	.insn	2, 0x0001
  62:	0100                	.insn	2, 0x0100
  64:	0702                	.insn	2, 0x0702
  66:	015e                	.insn	2, 0x015e
  68:	0000                	.insn	2, 0x0000
  6a:	0401                	.insn	2, 0x0401
  6c:	0505                	.insn	2, 0x0505
  6e:	0000                	.insn	2, 0x0000
  70:	0100                	.insn	2, 0x0100
  72:	0704                	.insn	2, 0x0704
  74:	0060                	.insn	2, 0x0060
  76:	0000                	.insn	2, 0x0000
  78:	0101                	.insn	2, 0x0101
  7a:	1f08                	.insn	2, 0x1f08
  7c:	0000                	.insn	2, 0x0000
  7e:	0100                	.insn	2, 0x0100
  80:	0201                	.insn	2, 0x0201
  82:	0024                	.insn	2, 0x0024
  84:	0000                	.insn	2, 0x0000
  86:	0e02                	.insn	2, 0x0e02
  88:	0000                	.insn	2, 0x0000
  8a:	7e00                	.insn	2, 0x7e00
  8c:	5516                	.insn	2, 0x5516
  8e:	0000                	.insn	2, 0x0000
  90:	0300                	.insn	2, 0x0300
  92:	0086                	.insn	2, 0x0086
  94:	0000                	.insn	2, 0x0000
  96:	8002                	.insn	2, 0x8002
  98:	0001                	.insn	2, 0x0001
  9a:	8300                	.insn	2, 0x8300
  9c:	0000390f          	.insn	4, 0x390f
  a0:	0200                	.insn	2, 0x0200
  a2:	017f 0000 1684 0032 	.insn	10, 0x003216840000017f
  aa:	0000 
  ac:	0201                	.insn	2, 0x0201
  ae:	5504                	.insn	2, 0x5504
  b0:	0001                	.insn	2, 0x0001
  b2:	0100                	.insn	2, 0x0100
  b4:	0304                	.insn	2, 0x0304
  b6:	014d                	.insn	2, 0x014d
  b8:	0000                	.insn	2, 0x0000
  ba:	0401                	.insn	2, 0x0401
  bc:	7904                	.insn	2, 0x7904
  be:	0001                	.insn	2, 0x0001
  c0:	0100                	.insn	2, 0x0100
  c2:	0308                	.insn	2, 0x0308
  c4:	0171                	.insn	2, 0x0171
  c6:	0000                	.insn	2, 0x0000
  c8:	0801                	.insn	2, 0x0801
  ca:	3704                	.insn	2, 0x3704
  cc:	0000                	.insn	2, 0x0000
  ce:	0100                	.insn	2, 0x0100
  d0:	0310                	.insn	2, 0x0310
  d2:	003e                	.insn	2, 0x003e
  d4:	0000                	.insn	2, 0x0000
  d6:	2001                	.insn	2, 0x2001
  d8:	00002a03          	lw	s4,0(zero) # 0 <_start-0x80000000>
  dc:	0600                	.insn	2, 0x0600
  de:	0091                	.insn	2, 0x0091
  e0:	0000                	.insn	2, 0x0000
  e2:	00ed                	.insn	2, 0x00ed
  e4:	0000                	.insn	2, 0x0000
  e6:	00003207          	.insn	4, 0x3207
  ea:	ff00                	.insn	2, 0xff00
  ec:	0300                	.insn	2, 0x0300
  ee:	00dd                	.insn	2, 0x00dd
  f0:	0000                	.insn	2, 0x0000
  f2:	4308                	.insn	2, 0x4308
  f4:	0001                	.insn	2, 0x0001
  f6:	0200                	.insn	2, 0x0200
  f8:	021a                	.insn	2, 0x021a
  fa:	ed16                	.insn	2, 0xed16
  fc:	0000                	.insn	2, 0x0000
  fe:	0900                	.insn	2, 0x0900
 100:	0052                	.insn	2, 0x0052
 102:	0000                	.insn	2, 0x0000
 104:	ae01                	.insn	2, 0xae01
 106:	0102                	.insn	2, 0x0102
 108:	0039                	.insn	2, 0x0039
 10a:	0000                	.insn	2, 0x0000
 10c:	4c00                	.insn	2, 0x4c00
 10e:	8000                	.insn	2, 0x8000
 110:	0088                	.insn	2, 0x0088
 112:	0000                	.insn	2, 0x0000
 114:	9c01                	.insn	2, 0x9c01
 116:	780a                	.insn	2, 0x780a
 118:	0100                	.insn	2, 0x0100
 11a:	02ae                	.insn	2, 0x02ae
 11c:	a112                	.insn	2, 0xa112
 11e:	0000                	.insn	2, 0x0000
 120:	1800                	.insn	2, 0x1800
 122:	0000                	.insn	2, 0x0000
 124:	0c00                	.insn	2, 0x0c00
 126:	0000                	.insn	2, 0x0000
 128:	0b00                	.insn	2, 0x0b00
 12a:	6572                	.insn	2, 0x6572
 12c:	0074                	.insn	2, 0x0074
 12e:	b001                	.insn	2, 0xb001
 130:	0902                	.insn	2, 0x0902
 132:	0096                	.insn	2, 0x0096
 134:	0000                	.insn	2, 0x0000
 136:	0c0c                	.insn	2, 0x0c0c
 138:	0000                	.insn	2, 0x0000
 13a:	0d00                	.insn	2, 0x0d00
 13c:	004d                	.insn	2, 0x004d
 13e:	0000                	.insn	2, 0x0000
 140:	b201                	.insn	2, 0xb201
 142:	0302                	.insn	2, 0x0302
 144:	00a1                	.insn	2, 0x00a1
 146:	0000                	.insn	2, 0x0000
 148:	0064                	.insn	2, 0x0064
 14a:	0000                	.insn	2, 0x0000
 14c:	0058                	.insn	2, 0x0058
 14e:	0000                	.insn	2, 0x0000
 150:	5f0e                	.insn	2, 0x5f0e
 152:	615f 0100 02b2      	.insn	6, 0x02b20100615f
 158:	0000a103          	lw	sp,0(ra)
 15c:	ae00                	.insn	2, 0xae00
 15e:	0000                	.insn	2, 0x0000
 160:	a400                	.insn	2, 0xa400
 162:	0000                	.insn	2, 0x0000
 164:	0000                	.insn	2, 0x0000
 166:	0000                	.insn	2, 0x0000
 168:	00ee                	.insn	2, 0x00ee
 16a:	0000                	.insn	2, 0x0000
 16c:	0005                	.insn	2, 0x0005
 16e:	0401                	.insn	2, 0x0401
 170:	00d9                	.insn	2, 0x00d9
 172:	0000                	.insn	2, 0x0000
 174:	00007203          	.insn	4, 0x7203
 178:	1d00                	.insn	2, 0x1d00
 17a:	03164703          	lbu	a4,49(a2)
 17e:	0a00                	.insn	2, 0x0a00
 180:	0000                	.insn	2, 0x0000
 182:	af00                	.insn	2, 0xaf00
 184:	0000                	.insn	2, 0x0000
 186:	5f00                	.insn	2, 0x5f00
 188:	0001                	.insn	2, 0x0001
 18a:	0400                	.insn	2, 0x0400
 18c:	0504                	.insn	2, 0x0504
 18e:	6e69                	.insn	2, 0x6e69
 190:	0074                	.insn	2, 0x0074
 192:	0401                	.insn	2, 0x0401
 194:	00006507          	.insn	4, 0x6507
 198:	0100                	.insn	2, 0x0100
 19a:	0508                	.insn	2, 0x0508
 19c:	0000                	.insn	2, 0x0000
 19e:	0000                	.insn	2, 0x0000
 1a0:	1001                	.insn	2, 0x1001
 1a2:	3204                	.insn	2, 0x3204
 1a4:	0000                	.insn	2, 0x0000
 1a6:	0100                	.insn	2, 0x0100
 1a8:	0601                	.insn	2, 0x0601
 1aa:	0018                	.insn	2, 0x0018
 1ac:	0000                	.insn	2, 0x0000
 1ae:	0101                	.insn	2, 0x0101
 1b0:	1608                	.insn	2, 0x1608
 1b2:	0000                	.insn	2, 0x0000
 1b4:	0100                	.insn	2, 0x0100
 1b6:	0502                	.insn	2, 0x0502
 1b8:	00000187          	.insn	4, 0x0187
 1bc:	0201                	.insn	2, 0x0201
 1be:	00015e07          	.insn	4, 0x00015e07
 1c2:	0100                	.insn	2, 0x0100
 1c4:	0504                	.insn	2, 0x0504
 1c6:	0005                	.insn	2, 0x0005
 1c8:	0000                	.insn	2, 0x0000
 1ca:	0401                	.insn	2, 0x0401
 1cc:	00006007          	.insn	4, 0x6007
 1d0:	0100                	.insn	2, 0x0100
 1d2:	0708                	.insn	2, 0x0708
 1d4:	0000005b          	.insn	4, 0x005b
 1d8:	0101                	.insn	2, 0x0101
 1da:	1f08                	.insn	2, 0x1f08
 1dc:	0000                	.insn	2, 0x0000
 1de:	0100                	.insn	2, 0x0100
 1e0:	0201                	.insn	2, 0x0201
 1e2:	0024                	.insn	2, 0x0024
 1e4:	0000                	.insn	2, 0x0000
 1e6:	0e05                	.insn	2, 0x0e05
 1e8:	0000                	.insn	2, 0x0000
 1ea:	0200                	.insn	2, 0x0200
 1ec:	167e                	.insn	2, 0x167e
 1ee:	0046                	.insn	2, 0x0046
 1f0:	0000                	.insn	2, 0x0000
 1f2:	7e02                	.insn	2, 0x7e02
 1f4:	0000                	.insn	2, 0x0000
 1f6:	0100                	.insn	2, 0x0100
 1f8:	0402                	.insn	2, 0x0402
 1fa:	0155                	.insn	2, 0x0155
 1fc:	0000                	.insn	2, 0x0000
 1fe:	0401                	.insn	2, 0x0401
 200:	00014d03          	lbu	s10,0(sp)
 204:	0100                	.insn	2, 0x0100
 206:	0404                	.insn	2, 0x0404
 208:	0179                	.insn	2, 0x0179
 20a:	0000                	.insn	2, 0x0000
 20c:	0801                	.insn	2, 0x0801
 20e:	00017103          	.insn	4, 0x00017103
 212:	0100                	.insn	2, 0x0100
 214:	0408                	.insn	2, 0x0408
 216:	00000037          	lui	zero,0x0
 21a:	1001                	.insn	2, 0x1001
 21c:	00003e03          	.insn	4, 0x3e03
 220:	0100                	.insn	2, 0x0100
 222:	0320                	.insn	2, 0x0320
 224:	002a                	.insn	2, 0x002a
 226:	0000                	.insn	2, 0x0000
 228:	8a06                	.insn	2, 0x8a06
 22a:	0000                	.insn	2, 0x0000
 22c:	d000                	.insn	2, 0xd000
 22e:	0000                	.insn	2, 0x0000
 230:	0700                	.insn	2, 0x0700
 232:	002a                	.insn	2, 0x002a
 234:	0000                	.insn	2, 0x0000
 236:	00ff c002 0000 0800 	.insn	10, 0x014308000000c00200ff
 23e:	0143 
 240:	0000                	.insn	2, 0x0000
 242:	1a02                	.insn	2, 0x1a02
 244:	1602                	.insn	2, 0x1602
 246:	00d0                	.insn	2, 0x00d0
 248:	0000                	.insn	2, 0x0000
 24a:	d509                	.insn	2, 0xd509
 24c:	0000                	.insn	2, 0x0000
 24e:	0100                	.insn	2, 0x0100
 250:	029e                	.insn	2, 0x029e
 252:	1c03050f          	.insn	4, 0x1c03050f
 256:	0080004f          	.insn	4, 0x0080004f

Disassembly of section .debug_abbrev:

00000000 <.debug_abbrev>:
   0:	2401                	.insn	2, 0x2401
   2:	0b00                	.insn	2, 0x0b00
   4:	030b3e0b          	.insn	4, 0x030b3e0b
   8:	000e                	.insn	2, 0x000e
   a:	0200                	.insn	2, 0x0200
   c:	0016                	.insn	2, 0x0016
   e:	213a0e03          	lb	t3,531(s4)
  12:	3b02                	.insn	2, 0x3b02
  14:	490b390b          	.insn	4, 0x490b390b
  18:	03000013          	li	zero,48
  1c:	0026                	.insn	2, 0x0026
  1e:	1349                	.insn	2, 0x1349
  20:	0000                	.insn	2, 0x0000
  22:	1104                	.insn	2, 0x1104
  24:	2501                	.insn	2, 0x2501
  26:	130e                	.insn	2, 0x130e
  28:	0b01900b          	.insn	4, 0x0b01900b
  2c:	0191                	.insn	2, 0x0191
  2e:	0306                	.insn	2, 0x0306
  30:	1b1f 551f 1117      	.insn	6, 0x1117551f1b1f
  36:	1001                	.insn	2, 0x1001
  38:	05000017          	auipc	zero,0x5000
  3c:	0024                	.insn	2, 0x0024
  3e:	0b3e0b0b          	.insn	4, 0x0b3e0b0b
  42:	00000803          	lb	a6,0(zero) # 0 <_start-0x80000000>
  46:	0106                	.insn	2, 0x0106
  48:	4901                	.insn	2, 0x4901
  4a:	00130113          	addi	sp,t1,1
  4e:	0700                	.insn	2, 0x0700
  50:	0021                	.insn	2, 0x0021
  52:	1349                	.insn	2, 0x1349
  54:	00000b2f          	.insn	4, 0x0b2f
  58:	3408                	.insn	2, 0x3408
  5a:	0300                	.insn	2, 0x0300
  5c:	3a0e                	.insn	2, 0x3a0e
  5e:	39053b0b          	.insn	4, 0x39053b0b
  62:	3f13490b          	.insn	4, 0x3f13490b
  66:	3c19                	.insn	2, 0x3c19
  68:	0019                	.insn	2, 0x0019
  6a:	0900                	.insn	2, 0x0900
  6c:	012e                	.insn	2, 0x012e
  6e:	0e03193f 053b0b3a 	.insn	8, 0x053b0b3a0e03193f
  76:	0b39                	.insn	2, 0x0b39
  78:	13491927          	.insn	4, 0x13491927
  7c:	0111                	.insn	2, 0x0111
  7e:	0612                	.insn	2, 0x0612
  80:	1840                	.insn	2, 0x1840
  82:	197a                	.insn	2, 0x197a
  84:	0000                	.insn	2, 0x0000
  86:	050a                	.insn	2, 0x050a
  88:	0300                	.insn	2, 0x0300
  8a:	3a08                	.insn	2, 0x3a08
  8c:	39053b0b          	.insn	4, 0x39053b0b
  90:	0213490b          	.insn	4, 0x0213490b
  94:	1742b717          	auipc	a4,0x1742b
  98:	0000                	.insn	2, 0x0000
  9a:	0300340b          	.insn	4, 0x0300340b
  9e:	3a08                	.insn	2, 0x3a08
  a0:	39053b0b          	.insn	4, 0x39053b0b
  a4:	0013490b          	.insn	4, 0x0013490b
  a8:	0c00                	.insn	2, 0x0c00
  aa:	1755010b          	.insn	4, 0x1755010b
  ae:	0000                	.insn	2, 0x0000
  b0:	340d                	.insn	2, 0x340d
  b2:	0300                	.insn	2, 0x0300
  b4:	3a0e                	.insn	2, 0x3a0e
  b6:	39053b0b          	.insn	4, 0x39053b0b
  ba:	0213490b          	.insn	4, 0x0213490b
  be:	1742b717          	auipc	a4,0x1742b
  c2:	0000                	.insn	2, 0x0000
  c4:	340e                	.insn	2, 0x340e
  c6:	0300                	.insn	2, 0x0300
  c8:	3a08                	.insn	2, 0x3a08
  ca:	39053b0b          	.insn	4, 0x39053b0b
  ce:	0213490b          	.insn	4, 0x0213490b
  d2:	1742b717          	auipc	a4,0x1742b
  d6:	0000                	.insn	2, 0x0000
  d8:	0100                	.insn	2, 0x0100
  da:	0024                	.insn	2, 0x0024
  dc:	0b3e0b0b          	.insn	4, 0x0b3e0b0b
  e0:	00000e03          	lb	t3,0(zero) # 0 <_start-0x80000000>
  e4:	2602                	.insn	2, 0x2602
  e6:	4900                	.insn	2, 0x4900
  e8:	03000013          	li	zero,48
  ec:	0111                	.insn	2, 0x0111
  ee:	0e25                	.insn	2, 0x0e25
  f0:	01900b13          	li	s6,25
  f4:	0601910b          	.insn	4, 0x0601910b
  f8:	1f1b1f03          	lh	t5,497(s6)
  fc:	1710                	.insn	2, 0x1710
  fe:	0000                	.insn	2, 0x0000
 100:	2404                	.insn	2, 0x2404
 102:	0b00                	.insn	2, 0x0b00
 104:	030b3e0b          	.insn	4, 0x030b3e0b
 108:	0008                	.insn	2, 0x0008
 10a:	0500                	.insn	2, 0x0500
 10c:	0016                	.insn	2, 0x0016
 10e:	0b3a0e03          	lb	t3,179(s4)
 112:	0b390b3b          	.insn	4, 0x0b390b3b
 116:	1349                	.insn	2, 0x1349
 118:	0000                	.insn	2, 0x0000
 11a:	0106                	.insn	2, 0x0106
 11c:	4901                	.insn	2, 0x4901
 11e:	00130113          	addi	sp,t1,1
 122:	0700                	.insn	2, 0x0700
 124:	0021                	.insn	2, 0x0021
 126:	1349                	.insn	2, 0x1349
 128:	00000b2f          	.insn	4, 0x0b2f
 12c:	3408                	.insn	2, 0x3408
 12e:	0300                	.insn	2, 0x0300
 130:	3a0e                	.insn	2, 0x3a0e
 132:	39053b0b          	.insn	4, 0x39053b0b
 136:	3f13490b          	.insn	4, 0x3f13490b
 13a:	3c19                	.insn	2, 0x3c19
 13c:	0019                	.insn	2, 0x0019
 13e:	0900                	.insn	2, 0x0900
 140:	0034                	.insn	2, 0x0034
 142:	0b3a1347          	.insn	4, 0x0b3a1347
 146:	0b39053b          	.insn	4, 0x0b39053b
 14a:	1802                	.insn	2, 0x1802
 14c:	0000                	.insn	2, 0x0000
	...

Disassembly of section .debug_loclists:

00000000 <.debug_loclists>:
   0:	00df 0000 0005      	.insn	6, 0x0005000000df
   6:	0004                	.insn	2, 0x0004
   8:	0000                	.insn	2, 0x0000
   a:	0000                	.insn	2, 0x0000
   c:	0d00                	.insn	2, 0x0d00
   e:	100d                	.insn	2, 0x100d
  10:	1710                	.insn	2, 0x1710
  12:	1b191917          	auipc	s2,0x1b191
  16:	0006001b          	.insn	4, 0x0006001b
  1a:	004c                	.insn	2, 0x004c
  1c:	0480                	.insn	2, 0x0480
  1e:	2000                	.insn	2, 0x2000
  20:	5a01                	.insn	2, 0x5a01
  22:	2004                	.insn	2, 0x2004
  24:	0a38                	.insn	2, 0x0a38
  26:	0aa503a3          	sb	a0,167(a0)
  2a:	a832a82b          	.insn	4, 0xa832a82b
  2e:	9f00                	.insn	2, 0x9f00
  30:	3804                	.insn	2, 0x3804
  32:	014c                	.insn	2, 0x014c
  34:	045a                	.insn	2, 0x045a
  36:	644c                	.insn	2, 0x644c
  38:	a30a                	.insn	2, 0xa30a
  3a:	2b0aa503          	lw	a0,688(s5)
  3e:	32a8                	.insn	2, 0x32a8
  40:	00a8                	.insn	2, 0x00a8
  42:	049f 6c64 5a01      	.insn	6, 0x5a016c64049f
  48:	6c04                	.insn	2, 0x6c04
  4a:	0188                	.insn	2, 0x0188
  4c:	a30a                	.insn	2, 0xa30a
  4e:	2b0aa503          	lw	a0,688(s5)
  52:	32a8                	.insn	2, 0x32a8
  54:	00a8                	.insn	2, 0x00a8
  56:	009f 0d04 100d      	.insn	6, 0x100d0d04009f
  5c:	1710                	.insn	2, 0x1710
  5e:	1b191917          	auipc	s2,0x1b191
  62:	0006001b          	.insn	4, 0x0006001b
  66:	004c                	.insn	2, 0x004c
  68:	0480                	.insn	2, 0x0480
  6a:	2000                	.insn	2, 0x2000
  6c:	5a01                	.insn	2, 0x5a01
  6e:	2004                	.insn	2, 0x2004
  70:	0a38                	.insn	2, 0x0a38
  72:	0aa503a3          	sb	a0,167(a0)
  76:	a832a82b          	.insn	4, 0xa832a82b
  7a:	9f00                	.insn	2, 0x9f00
  7c:	3804                	.insn	2, 0x3804
  7e:	014c                	.insn	2, 0x014c
  80:	045a                	.insn	2, 0x045a
  82:	644c                	.insn	2, 0x644c
  84:	a30a                	.insn	2, 0xa30a
  86:	2b0aa503          	lw	a0,688(s5)
  8a:	32a8                	.insn	2, 0x32a8
  8c:	00a8                	.insn	2, 0x00a8
  8e:	049f 6c64 5a01      	.insn	6, 0x5a016c64049f
  94:	6c04                	.insn	2, 0x6c04
  96:	0188                	.insn	2, 0x0188
  98:	a30a                	.insn	2, 0xa30a
  9a:	2b0aa503          	lw	a0,688(s5)
  9e:	32a8                	.insn	2, 0x32a8
  a0:	00a8                	.insn	2, 0x00a8
  a2:	009f 0e08 100e      	.insn	6, 0x100e0e08009f
  a8:	1912                	.insn	2, 0x1912
  aa:	1c1a                	.insn	2, 0x1c1a
  ac:	001c                	.insn	2, 0x001c
  ae:	1406                	.insn	2, 0x1406
  b0:	004c                	.insn	2, 0x004c
  b2:	0480                	.insn	2, 0x0480
  b4:	1400                	.insn	2, 0x1400
  b6:	5f01                	.insn	2, 0x5f01
  b8:	1404                	.insn	2, 0x1404
  ba:	1624                	.insn	2, 0x1624
  bc:	0aa503a3          	sb	a0,167(a0)
  c0:	a832a82b          	.insn	4, 0xa832a82b
  c4:	4000                	.insn	2, 0x4000
  c6:	0c22244b          	.insn	4, 0x0c22244b
  ca:	00ff 8000 332b 9f24 	.insn	10, 0x34049f24332b800000ff
  d2:	3404 
  d4:	0150                	.insn	2, 0x0150
  d6:	045e                	.insn	2, 0x045e
  d8:	6054                	.insn	2, 0x6054
  da:	5f01                	.insn	2, 0x5f01
  dc:	6004                	.insn	2, 0x6004
  de:	0274                	.insn	2, 0x0274
  e0:	9f48                	.insn	2, 0x9f48
	...

Disassembly of section .debug_aranges:

00000000 <.debug_aranges>:
   0:	001c                	.insn	2, 0x001c
   2:	0000                	.insn	2, 0x0000
   4:	0002                	.insn	2, 0x0002
   6:	0000                	.insn	2, 0x0000
   8:	0000                	.insn	2, 0x0000
   a:	0004                	.insn	2, 0x0004
   c:	0000                	.insn	2, 0x0000
   e:	0000                	.insn	2, 0x0000
  10:	4c00                	.insn	2, 0x4c00
  12:	8000                	.insn	2, 0x8000
  14:	0088                	.insn	2, 0x0088
	...
  1e:	0000                	.insn	2, 0x0000
  20:	0014                	.insn	2, 0x0014
  22:	0000                	.insn	2, 0x0000
  24:	0002                	.insn	2, 0x0002
  26:	0168                	.insn	2, 0x0168
  28:	0000                	.insn	2, 0x0000
  2a:	0004                	.insn	2, 0x0004
	...

Disassembly of section .debug_rnglists:

00000000 <.debug_rnglists>:
   0:	0026                	.insn	2, 0x0026
   2:	0000                	.insn	2, 0x0000
   4:	0005                	.insn	2, 0x0005
   6:	0004                	.insn	2, 0x0004
   8:	0000                	.insn	2, 0x0000
   a:	0000                	.insn	2, 0x0000
   c:	0005                	.insn	2, 0x0005
   e:	004c                	.insn	2, 0x004c
  10:	0480                	.insn	2, 0x0480
  12:	1c00                	.insn	2, 0x1c00
  14:	1c04                	.insn	2, 0x1c04
  16:	0430                	.insn	2, 0x0430
  18:	4838                	.insn	2, 0x4838
  1a:	4804                	.insn	2, 0x4804
  1c:	045c                	.insn	2, 0x045c
  1e:	8064                	.insn	2, 0x8064
  20:	0001                	.insn	2, 0x0001
  22:	004c0007          	.insn	4, 0x004c0007
  26:	8880                	.insn	2, 0x8880
  28:	0001                	.insn	2, 0x0001

Disassembly of section .debug_line:

00000000 <.debug_line>:
   0:	0000015b          	.insn	4, 0x015b
   4:	0005                	.insn	2, 0x0005
   6:	0004                	.insn	2, 0x0004
   8:	00000033          	add	zero,zero,zero
   c:	0101                	.insn	2, 0x0101
   e:	f601                	.insn	2, 0xf601
  10:	0df2                	.insn	2, 0x0df2
  12:	0100                	.insn	2, 0x0100
  14:	0101                	.insn	2, 0x0101
  16:	0001                	.insn	2, 0x0001
  18:	0000                	.insn	2, 0x0000
  1a:	0001                	.insn	2, 0x0001
  1c:	0100                	.insn	2, 0x0100
  1e:	0101                	.insn	2, 0x0101
  20:	021f 00af 0000      	.insn	6, 0x00af021f
  26:	018d                	.insn	2, 0x018d
  28:	0000                	.insn	2, 0x0000
  2a:	0102                	.insn	2, 0x0102
  2c:	021f 030b 000a      	.insn	6, 0x000a030b021f
  32:	0000                	.insn	2, 0x0000
  34:	a500                	.insn	2, 0xa500
  36:	0000                	.insn	2, 0x0000
  38:	0100                	.insn	2, 0x0100
  3a:	0000                	.insn	2, 0x0000
  3c:	0000                	.insn	2, 0x0000
  3e:	0001                	.insn	2, 0x0001
  40:	0205                	.insn	2, 0x0205
  42:	4c00                	.insn	2, 0x4c00
  44:	8000                	.insn	2, 0x8000
  46:	0105ae03          	lw	t3,16(a1)
  4a:	0105                	.insn	2, 0x0105
  4c:	0009                	.insn	2, 0x0009
  4e:	1800                	.insn	2, 0x1800
  50:	0305                	.insn	2, 0x0305
  52:	0009                	.insn	2, 0x0009
  54:	1900                	.insn	2, 0x1900
  56:	0305                	.insn	2, 0x0305
  58:	0009                	.insn	2, 0x0009
  5a:	0100                	.insn	2, 0x0100
  5c:	0305                	.insn	2, 0x0305
  5e:	0009                	.insn	2, 0x0009
  60:	0100                	.insn	2, 0x0100
  62:	0305                	.insn	2, 0x0305
  64:	0009                	.insn	2, 0x0009
  66:	0100                	.insn	2, 0x0100
  68:	0305                	.insn	2, 0x0305
  6a:	0009                	.insn	2, 0x0009
  6c:	0000                	.insn	2, 0x0000
  6e:	0402                	.insn	2, 0x0402
  70:	0101                	.insn	2, 0x0101
  72:	0305                	.insn	2, 0x0305
  74:	0809                	.insn	2, 0x0809
  76:	0000                	.insn	2, 0x0000
  78:	0402                	.insn	2, 0x0402
  7a:	05010603          	lb	a2,80(sp)
  7e:	000c0903          	lb	s2,0(s8)
  82:	0200                	.insn	2, 0x0200
  84:	0e04                	.insn	2, 0x0e04
  86:	0106                	.insn	2, 0x0106
  88:	0305                	.insn	2, 0x0305
  8a:	0809                	.insn	2, 0x0809
  8c:	0600                	.insn	2, 0x0600
  8e:	0501                	.insn	2, 0x0501
  90:	00000903          	lb	s2,0(zero) # 0 <_start-0x80000000>
  94:	0200                	.insn	2, 0x0200
  96:	0004                	.insn	2, 0x0004
  98:	0106                	.insn	2, 0x0106
  9a:	0305                	.insn	2, 0x0305
  9c:	0009                	.insn	2, 0x0009
  9e:	1900                	.insn	2, 0x1900
  a0:	0305                	.insn	2, 0x0305
  a2:	0009                	.insn	2, 0x0009
  a4:	0000                	.insn	2, 0x0000
  a6:	0402                	.insn	2, 0x0402
  a8:	060e                	.insn	2, 0x060e
  aa:	0515                	.insn	2, 0x0515
  ac:	00040903          	lb	s2,0(s0)
  b0:	0501                	.insn	2, 0x0501
  b2:	00080903          	lb	s2,0(a6)
  b6:	0501                	.insn	2, 0x0501
  b8:	00080903          	lb	s2,0(a6)
  bc:	0200                	.insn	2, 0x0200
  be:	0004                	.insn	2, 0x0004
  c0:	051a                	.insn	2, 0x051a
  c2:	0901                	.insn	2, 0x0901
  c4:	0008                	.insn	2, 0x0008
  c6:	0200                	.insn	2, 0x0200
  c8:	0404                	.insn	2, 0x0404
  ca:	0514                	.insn	2, 0x0514
  cc:	000c0903          	lb	s2,0(s8)
  d0:	0200                	.insn	2, 0x0200
  d2:	0704                	.insn	2, 0x0704
  d4:	0501                	.insn	2, 0x0501
  d6:	00040903          	lb	s2,0(s0)
  da:	0200                	.insn	2, 0x0200
  dc:	0e04                	.insn	2, 0x0e04
  de:	0106                	.insn	2, 0x0106
  e0:	0305                	.insn	2, 0x0305
  e2:	0009                	.insn	2, 0x0009
  e4:	0600                	.insn	2, 0x0600
  e6:	0501                	.insn	2, 0x0501
  e8:	00000903          	lb	s2,0(zero) # 0 <_start-0x80000000>
  ec:	0200                	.insn	2, 0x0200
  ee:	0004                	.insn	2, 0x0004
  f0:	0106                	.insn	2, 0x0106
  f2:	0305                	.insn	2, 0x0305
  f4:	0009                	.insn	2, 0x0009
  f6:	1900                	.insn	2, 0x1900
  f8:	0305                	.insn	2, 0x0305
  fa:	0009                	.insn	2, 0x0009
  fc:	0000                	.insn	2, 0x0000
  fe:	0402                	.insn	2, 0x0402
 100:	060e                	.insn	2, 0x060e
 102:	0515                	.insn	2, 0x0515
 104:	00040903          	lb	s2,0(s0)
 108:	0501                	.insn	2, 0x0501
 10a:	00100903          	lb	s2,1(zero) # 1 <_start-0x7fffffff>
 10e:	0200                	.insn	2, 0x0200
 110:	0004                	.insn	2, 0x0004
 112:	051a                	.insn	2, 0x051a
 114:	0901                	.insn	2, 0x0901
 116:	0008                	.insn	2, 0x0008
 118:	0200                	.insn	2, 0x0200
 11a:	0804                	.insn	2, 0x0804
 11c:	0514                	.insn	2, 0x0514
 11e:	00040903          	lb	s2,0(s0)
 122:	0200                	.insn	2, 0x0200
 124:	0e04                	.insn	2, 0x0e04
 126:	0106                	.insn	2, 0x0106
 128:	0305                	.insn	2, 0x0305
 12a:	0409                	.insn	2, 0x0409
 12c:	0600                	.insn	2, 0x0600
 12e:	0501                	.insn	2, 0x0501
 130:	00080903          	lb	s2,0(a6)
 134:	0501                	.insn	2, 0x0501
 136:	000c0903          	lb	s2,0(s8)
 13a:	0501                	.insn	2, 0x0501
 13c:	00000903          	lb	s2,0(zero) # 0 <_start-0x80000000>
 140:	0200                	.insn	2, 0x0200
 142:	0004                	.insn	2, 0x0004
 144:	0106                	.insn	2, 0x0106
 146:	0305                	.insn	2, 0x0305
 148:	0009                	.insn	2, 0x0009
 14a:	1900                	.insn	2, 0x1900
 14c:	0305                	.insn	2, 0x0305
 14e:	0009                	.insn	2, 0x0009
 150:	0600                	.insn	2, 0x0600
 152:	0518                	.insn	2, 0x0518
 154:	0001                	.insn	2, 0x0001
 156:	0205                	.insn	2, 0x0205
 158:	4c88                	.insn	2, 0x4c88
 15a:	8000                	.insn	2, 0x8000
 15c:	0100                	.insn	2, 0x0100
 15e:	4501                	.insn	2, 0x4501
 160:	0000                	.insn	2, 0x0000
 162:	0500                	.insn	2, 0x0500
 164:	0400                	.insn	2, 0x0400
 166:	3300                	.insn	2, 0x3300
 168:	0000                	.insn	2, 0x0000
 16a:	0100                	.insn	2, 0x0100
 16c:	0101                	.insn	2, 0x0101
 16e:	f2f6                	.insn	2, 0xf2f6
 170:	000d                	.insn	2, 0x000d
 172:	0101                	.insn	2, 0x0101
 174:	0101                	.insn	2, 0x0101
 176:	0000                	.insn	2, 0x0000
 178:	0100                	.insn	2, 0x0100
 17a:	0000                	.insn	2, 0x0000
 17c:	0101                	.insn	2, 0x0101
 17e:	1f01                	.insn	2, 0x1f01
 180:	af02                	.insn	2, 0xaf02
 182:	0000                	.insn	2, 0x0000
 184:	8d00                	.insn	2, 0x8d00
 186:	0001                	.insn	2, 0x0001
 188:	0200                	.insn	2, 0x0200
 18a:	1f01                	.insn	2, 0x1f01
 18c:	0b02                	.insn	2, 0x0b02
 18e:	00000a03          	lb	s4,0(zero) # 0 <_start-0x80000000>
 192:	0000                	.insn	2, 0x0000
 194:	00a5                	.insn	2, 0x00a5
 196:	0000                	.insn	2, 0x0000
 198:	0001                	.insn	2, 0x0001
 19a:	0000                	.insn	2, 0x0000
 19c:	0100                	.insn	2, 0x0100
 19e:	0500                	.insn	2, 0x0500
 1a0:	8802                	.insn	2, 0x8802
 1a2:	004c                	.insn	2, 0x004c
 1a4:	0080                	.insn	2, 0x0080
 1a6:	0101                	.insn	2, 0x0101

Disassembly of section .debug_str:

00000000 <.debug_str>:
   0:	6f6c                	.insn	2, 0x6f6c
   2:	676e                	.insn	2, 0x676e
   4:	6c20                	.insn	2, 0x6c20
   6:	20676e6f          	jal	t3,7620c <_start-0x7ff89df4>
   a:	6e69                	.insn	2, 0x6e69
   c:	0074                	.insn	2, 0x0074
   e:	5155                	.insn	2, 0x5155
  10:	7449                	.insn	2, 0x7449
  12:	7079                	.insn	2, 0x7079
  14:	0065                	.insn	2, 0x0065
  16:	6e75                	.insn	2, 0x6e75
  18:	6e676973          	.insn	4, 0x6e676973
  1c:	6465                	.insn	2, 0x6465
  1e:	6320                	.insn	2, 0x6320
  20:	6168                	.insn	2, 0x6168
  22:	0072                	.insn	2, 0x0072
  24:	425f 6f6f 006c      	.insn	6, 0x006c6f6f425f
  2a:	706d6f63          	bltu	s10,t1,748 <_start-0x7ffff8b8>
  2e:	656c                	.insn	2, 0x656c
  30:	2078                	.insn	2, 0x2078
  32:	6f6c                	.insn	2, 0x6f6c
  34:	676e                	.insn	2, 0x676e
  36:	6420                	.insn	2, 0x6420
  38:	6c62756f          	jal	a0,276fe <_start-0x7ffd8902>
  3c:	0065                	.insn	2, 0x0065
  3e:	706d6f63          	bltu	s10,t1,75c <_start-0x7ffff8a4>
  42:	656c                	.insn	2, 0x656c
  44:	2078                	.insn	2, 0x2078
  46:	6f64                	.insn	2, 0x6f64
  48:	6275                	.insn	2, 0x6275
  4a:	656c                	.insn	2, 0x656c
  4c:	5f00                	.insn	2, 0x5f00
  4e:	785f 0072 5f5f      	.insn	6, 0x5f5f0072785f
  54:	737a6c63          	bltu	s4,s7,78c <_start-0x7ffff874>
  58:	3269                	.insn	2, 0x3269
  5a:	6c00                	.insn	2, 0x6c00
  5c:	20676e6f          	jal	t3,76262 <_start-0x7ff89d9e>
  60:	6f6c                	.insn	2, 0x6f6c
  62:	676e                	.insn	2, 0x676e
  64:	7520                	.insn	2, 0x7520
  66:	736e                	.insn	2, 0x736e
  68:	6769                	.insn	2, 0x6769
  6a:	656e                	.insn	2, 0x656e
  6c:	2064                	.insn	2, 0x2064
  6e:	6e69                	.insn	2, 0x6e69
  70:	0074                	.insn	2, 0x0074
  72:	20554e47          	.insn	4, 0x20554e47
  76:	20333243          	.insn	4, 0x20333243
  7a:	3531                	.insn	2, 0x3531
  7c:	322e                	.insn	2, 0x322e
  7e:	302e                	.insn	2, 0x302e
  80:	2d20                	.insn	2, 0x2d20
  82:	636d                	.insn	2, 0x636d
  84:	6f6d                	.insn	2, 0x6f6d
  86:	6564                	.insn	2, 0x6564
  88:	3d6c                	.insn	2, 0x3d6c
  8a:	656d                	.insn	2, 0x656d
  8c:	6164                	.insn	2, 0x6164
  8e:	796e                	.insn	2, 0x796e
  90:	2d20                	.insn	2, 0x2d20
  92:	616d                	.insn	2, 0x616d
  94:	6962                	.insn	2, 0x6962
  96:	693d                	.insn	2, 0x693d
  98:	706c                	.insn	2, 0x706c
  9a:	2d203233          	.insn	4, 0x2d203233
  9e:	636d                	.insn	2, 0x636d
  a0:	6f6d                	.insn	2, 0x6f6d
  a2:	6564                	.insn	2, 0x6564
  a4:	3d6c                	.insn	2, 0x3d6c
  a6:	656d                	.insn	2, 0x656d
  a8:	6164                	.insn	2, 0x6164
  aa:	796e                	.insn	2, 0x796e
  ac:	2d20                	.insn	2, 0x2d20
  ae:	696d                	.insn	2, 0x696d
  b0:	732d6173          	.insn	4, 0x732d6173
  b4:	6570                	.insn	2, 0x6570
  b6:	30323d63          	.insn	4, 0x30323d63
  ba:	3931                	.insn	2, 0x3931
  bc:	3231                	.insn	2, 0x3231
  be:	3331                	.insn	2, 0x3331
  c0:	2d20                	.insn	2, 0x2d20
  c2:	616d                	.insn	2, 0x616d
  c4:	6372                	.insn	2, 0x6372
  c6:	3d68                	.insn	2, 0x3d68
  c8:	7672                	.insn	2, 0x7672
  ca:	6d693233          	.insn	4, 0x6d693233
  ce:	7a5f 6d6d 6c75      	.insn	6, 0x6c756d6d7a5f
  d4:	2d20                	.insn	2, 0x2d20
  d6:	4f2d2067          	.insn	4, 0x4f2d2067
  da:	2032                	.insn	2, 0x2032
  dc:	4f2d                	.insn	2, 0x4f2d
  de:	2032                	.insn	2, 0x2032
  e0:	4f2d                	.insn	2, 0x4f2d
  e2:	2032                	.insn	2, 0x2032
  e4:	662d                	.insn	2, 0x662d
  e6:	7566                	.insn	2, 0x7566
  e8:	636e                	.insn	2, 0x636e
  ea:	6974                	.insn	2, 0x6974
  ec:	732d6e6f          	jal	t3,d681e <_start-0x7ff297e2>
  f0:	6365                	.insn	2, 0x6365
  f2:	6974                	.insn	2, 0x6974
  f4:	20736e6f          	jal	t3,36afa <_start-0x7ffc9506>
  f8:	662d                	.insn	2, 0x662d
  fa:	6164                	.insn	2, 0x6164
  fc:	6174                	.insn	2, 0x6174
  fe:	732d                	.insn	2, 0x732d
 100:	6365                	.insn	2, 0x6365
 102:	6974                	.insn	2, 0x6974
 104:	20736e6f          	jal	t3,36b0a <_start-0x7ffc94f6>
 108:	662d                	.insn	2, 0x662d
 10a:	7562                	.insn	2, 0x7562
 10c:	6c69                	.insn	2, 0x6c69
 10e:	6964                	.insn	2, 0x6964
 110:	676e                	.insn	2, 0x676e
 112:	6c2d                	.insn	2, 0x6c2d
 114:	6269                	.insn	2, 0x6269
 116:	20636367          	.insn	4, 0x20636367
 11a:	662d                	.insn	2, 0x662d
 11c:	6f6e                	.insn	2, 0x6f6e
 11e:	732d                	.insn	2, 0x732d
 120:	6174                	.insn	2, 0x6174
 122:	702d6b63          	bltu	s10,sp,838 <_start-0x7ffff7c8>
 126:	6f72                	.insn	2, 0x6f72
 128:	6574                	.insn	2, 0x6574
 12a:	726f7463          	bgeu	t5,t1,852 <_start-0x7ffff7ae>
 12e:	2d20                	.insn	2, 0x2d20
 130:	7666                	.insn	2, 0x7666
 132:	7369                	.insn	2, 0x7369
 134:	6269                	.insn	2, 0x6269
 136:	6c69                	.insn	2, 0x6c69
 138:	7469                	.insn	2, 0x7469
 13a:	3d79                	.insn	2, 0x3d79
 13c:	6968                	.insn	2, 0x6968
 13e:	6464                	.insn	2, 0x6464
 140:	6e65                	.insn	2, 0x6e65
 142:	5f00                	.insn	2, 0x5f00
 144:	635f 7a6c 745f      	.insn	6, 0x745f7a6c635f
 14a:	6261                	.insn	2, 0x6261
 14c:	6300                	.insn	2, 0x6300
 14e:	6c706d6f          	jal	s10,7014 <_start-0x7fff8fec>
 152:	7865                	.insn	2, 0x7865
 154:	5f20                	.insn	2, 0x5f20
 156:	6c46                	.insn	2, 0x6c46
 158:	3174616f          	jal	sp,46c6e <_start-0x7ffb9392>
 15c:	0036                	.insn	2, 0x0036
 15e:	726f6873          	.insn	4, 0x726f6873
 162:	2074                	.insn	2, 0x2074
 164:	6e75                	.insn	2, 0x6e75
 166:	6e676973          	.insn	4, 0x6e676973
 16a:	6465                	.insn	2, 0x6465
 16c:	6920                	.insn	2, 0x6920
 16e:	746e                	.insn	2, 0x746e
 170:	6300                	.insn	2, 0x6300
 172:	6c706d6f          	jal	s10,7038 <_start-0x7fff8fc8>
 176:	7865                	.insn	2, 0x7865
 178:	6620                	.insn	2, 0x6620
 17a:	6f6c                	.insn	2, 0x6f6c
 17c:	7461                	.insn	2, 0x7461
 17e:	5500                	.insn	2, 0x5500
 180:	79744953          	.insn	4, 0x79744953
 184:	6570                	.insn	2, 0x6570
 186:	7300                	.insn	2, 0x7300
 188:	6f68                	.insn	2, 0x6f68
 18a:	7472                	.insn	2, 0x7472
 18c:	6920                	.insn	2, 0x6920
 18e:	746e                	.insn	2, 0x746e
	...

Disassembly of section .debug_line_str:

00000000 <.debug_line_str>:
   0:	696c                	.insn	2, 0x696c
   2:	6762                	.insn	2, 0x6762
   4:	2e326363          	bltu	tp,gp,2ea <_start-0x7ffffd16>
   8:	0068                	.insn	2, 0x0068
   a:	6d6f682f          	.insn	4, 0x6d6f682f
   e:	2f65                	.insn	2, 0x2f65
  10:	6c69                	.insn	2, 0x6c69
  12:	63612f67          	.insn	4, 0x63612f67
  16:	6974                	.insn	2, 0x6974
  18:	2d736e6f          	jal	t3,36aee <_start-0x7ffc9512>
  1c:	7572                	.insn	2, 0x7572
  1e:	6e6e                	.insn	2, 0x6e6e
  20:	7265                	.insn	2, 0x7265
  22:	70782f73          	.insn	4, 0x70782f73
  26:	6361                	.insn	2, 0x6361
  28:	65642d6b          	.insn	4, 0x65642d6b
  2c:	2d76                	.insn	2, 0x2d76
  2e:	6f74                	.insn	2, 0x6f74
  30:	2f736c6f          	jal	s8,36b26 <_start-0x7ffc94da>
  34:	2f32                	.insn	2, 0x2f32
  36:	775f 726f 2f6b      	.insn	6, 0x2f6b726f775f
  3c:	6972                	.insn	2, 0x6972
  3e:	2d766373          	.insn	4, 0x2d766373
  42:	6f6e                	.insn	2, 0x6f6e
  44:	656e                	.insn	2, 0x656e
  46:	652d                	.insn	2, 0x652d
  48:	666c                	.insn	2, 0x666c
  4a:	672d                	.insn	2, 0x672d
  4c:	782d6363          	bltu	s10,sp,7d2 <_start-0x7ffff82e>
  50:	6170                	.insn	2, 0x6170
  52:	722f6b63          	bltu	t5,sp,788 <_start-0x7ffff878>
  56:	7369                	.insn	2, 0x7369
  58:	6e2d7663          	bgeu	s10,sp,744 <_start-0x7ffff8bc>
  5c:	2d656e6f          	jal	t3,56332 <_start-0x7ffa9cce>
  60:	6c65                	.insn	2, 0x6c65
  62:	2d66                	.insn	2, 0x2d66
  64:	2d636367          	.insn	4, 0x2d636367
  68:	7078                	.insn	2, 0x7078
  6a:	6361                	.insn	2, 0x6361
  6c:	75622f6b          	.insn	4, 0x75622f6b
  70:	6c69                	.insn	2, 0x6c69
  72:	2d64                	.insn	2, 0x2d64
  74:	7361                	.insn	2, 0x7361
  76:	73746573          	.insn	4, 0x73746573
  7a:	6975622f          	.insn	4, 0x6975622f
  7e:	646c                	.insn	2, 0x646c
  80:	6e69772f          	.insn	4, 0x6e69772f
  84:	782d3233          	.insn	4, 0x782d3233
  88:	3436                	.insn	2, 0x3436
  8a:	756f732f          	.insn	4, 0x756f732f
  8e:	6372                	.insn	2, 0x6372
  90:	7365                	.insn	2, 0x7365
  92:	6363672f          	.insn	4, 0x6363672f
  96:	312d                	.insn	2, 0x312d
  98:	2e35                	.insn	2, 0x2e35
  9a:	2e32                	.insn	2, 0x2e32
  9c:	2f30                	.insn	2, 0x2f30
  9e:	696c                	.insn	2, 0x696c
  a0:	6762                	.insn	2, 0x6762
  a2:	6c2f6363          	bltu	t5,sp,768 <_start-0x7ffff898>
  a6:	6269                	.insn	2, 0x6269
  a8:	32636367          	.insn	4, 0x32636367
  ac:	632e                	.insn	2, 0x632e
  ae:	2f00                	.insn	2, 0x2f00
  b0:	6f68                	.insn	2, 0x6f68
  b2:	656d                	.insn	2, 0x656d
  b4:	676c692f          	.insn	4, 0x676c692f
  b8:	7463612f          	.insn	4, 0x7463612f
  bc:	6f69                	.insn	2, 0x6f69
  be:	736e                	.insn	2, 0x736e
  c0:	722d                	.insn	2, 0x722d
  c2:	6e75                	.insn	2, 0x6e75
  c4:	656e                	.insn	2, 0x656e
  c6:	7372                	.insn	2, 0x7372
  c8:	6170782f          	.insn	4, 0x6170782f
  cc:	642d6b63          	bltu	s10,sp,722 <_start-0x7ffff8de>
  d0:	7665                	.insn	2, 0x7665
  d2:	742d                	.insn	2, 0x742d
  d4:	736c6f6f          	jal	t5,c680a <_start-0x7ff397f6>
  d8:	5f2f322f          	.insn	4, 0x5f2f322f
  dc:	6b726f77          	.insn	4, 0x6b726f77
  e0:	7369722f          	.insn	4, 0x7369722f
  e4:	6e2d7663          	bgeu	s10,sp,7d0 <_start-0x7ffff830>
  e8:	2d656e6f          	jal	t3,563be <_start-0x7ffa9c42>
  ec:	6c65                	.insn	2, 0x6c65
  ee:	2d66                	.insn	2, 0x2d66
  f0:	2d636367          	.insn	4, 0x2d636367
  f4:	7078                	.insn	2, 0x7078
  f6:	6361                	.insn	2, 0x6361
  f8:	69722f6b          	.insn	4, 0x69722f6b
  fc:	2d766373          	.insn	4, 0x2d766373
 100:	6f6e                	.insn	2, 0x6f6e
 102:	656e                	.insn	2, 0x656e
 104:	652d                	.insn	2, 0x652d
 106:	666c                	.insn	2, 0x666c
 108:	672d                	.insn	2, 0x672d
 10a:	782d6363          	bltu	s10,sp,890 <_start-0x7ffff770>
 10e:	6170                	.insn	2, 0x6170
 110:	622f6b63          	bltu	t5,sp,746 <_start-0x7ffff8ba>
 114:	6975                	.insn	2, 0x6975
 116:	646c                	.insn	2, 0x646c
 118:	612d                	.insn	2, 0x612d
 11a:	74657373          	.insn	4, 0x74657373
 11e:	75622f73          	.insn	4, 0x75622f73
 122:	6c69                	.insn	2, 0x6c69
 124:	2f64                	.insn	2, 0x2f64
 126:	336e6977          	.insn	4, 0x336e6977
 12a:	2d32                	.insn	2, 0x2d32
 12c:	3678                	.insn	2, 0x3678
 12e:	2f34                	.insn	2, 0x2f34
 130:	3878                	.insn	2, 0x3878
 132:	5f36                	.insn	2, 0x5f36
 134:	3436                	.insn	2, 0x3436
 136:	702d                	.insn	2, 0x702d
 138:	696c2d63          	.insn	4, 0x696c2d63
 13c:	756e                	.insn	2, 0x756e
 13e:	2d78                	.insn	2, 0x2d78
 140:	2f756e67          	.insn	4, 0x2f756e67
 144:	7562                	.insn	2, 0x7562
 146:	6c69                	.insn	2, 0x6c69
 148:	2f64                	.insn	2, 0x2f64
 14a:	6972                	.insn	2, 0x6972
 14c:	2d766373          	.insn	4, 0x2d766373
 150:	6f6e                	.insn	2, 0x6f6e
 152:	656e                	.insn	2, 0x656e
 154:	652d                	.insn	2, 0x652d
 156:	666c                	.insn	2, 0x666c
 158:	672d                	.insn	2, 0x672d
 15a:	312d6363          	bltu	s10,s2,460 <_start-0x7ffffba0>
 15e:	2e35                	.insn	2, 0x2e35
 160:	2e32                	.insn	2, 0x2e32
 162:	2d30                	.insn	2, 0x2d30
 164:	6966                	.insn	2, 0x6966
 166:	616e                	.insn	2, 0x616e
 168:	2f6c                	.insn	2, 0x2f6c
 16a:	6972                	.insn	2, 0x6972
 16c:	2d766373          	.insn	4, 0x2d766373
 170:	6f6e                	.insn	2, 0x6f6e
 172:	656e                	.insn	2, 0x656e
 174:	652d                	.insn	2, 0x652d
 176:	666c                	.insn	2, 0x666c
 178:	3376722f          	.insn	4, 0x3376722f
 17c:	6932                	.insn	2, 0x6932
 17e:	2f6d                	.insn	2, 0x2f6d
 180:	6c69                	.insn	2, 0x6c69
 182:	3370                	.insn	2, 0x3370
 184:	2f32                	.insn	2, 0x2f32
 186:	696c                	.insn	2, 0x696c
 188:	6762                	.insn	2, 0x6762
 18a:	2f006363          	bltu	zero,a6,470 <_start-0x7ffffb90>
 18e:	6f68                	.insn	2, 0x6f68
 190:	656d                	.insn	2, 0x656d
 192:	676c692f          	.insn	4, 0x676c692f
 196:	7463612f          	.insn	4, 0x7463612f
 19a:	6f69                	.insn	2, 0x6f69
 19c:	736e                	.insn	2, 0x736e
 19e:	722d                	.insn	2, 0x722d
 1a0:	6e75                	.insn	2, 0x6e75
 1a2:	656e                	.insn	2, 0x656e
 1a4:	7372                	.insn	2, 0x7372
 1a6:	6170782f          	.insn	4, 0x6170782f
 1aa:	642d6b63          	bltu	s10,sp,800 <_start-0x7ffff800>
 1ae:	7665                	.insn	2, 0x7665
 1b0:	742d                	.insn	2, 0x742d
 1b2:	736c6f6f          	jal	t5,c68e8 <_start-0x7ff39718>
 1b6:	5f2f322f          	.insn	4, 0x5f2f322f
 1ba:	6b726f77          	.insn	4, 0x6b726f77
 1be:	7369722f          	.insn	4, 0x7369722f
 1c2:	6e2d7663          	bgeu	s10,sp,8ae <_start-0x7ffff752>
 1c6:	2d656e6f          	jal	t3,5649c <_start-0x7ffa9b64>
 1ca:	6c65                	.insn	2, 0x6c65
 1cc:	2d66                	.insn	2, 0x2d66
 1ce:	2d636367          	.insn	4, 0x2d636367
 1d2:	7078                	.insn	2, 0x7078
 1d4:	6361                	.insn	2, 0x6361
 1d6:	69722f6b          	.insn	4, 0x69722f6b
 1da:	2d766373          	.insn	4, 0x2d766373
 1de:	6f6e                	.insn	2, 0x6f6e
 1e0:	656e                	.insn	2, 0x656e
 1e2:	652d                	.insn	2, 0x652d
 1e4:	666c                	.insn	2, 0x666c
 1e6:	672d                	.insn	2, 0x672d
 1e8:	782d6363          	bltu	s10,sp,96e <_start-0x7ffff692>
 1ec:	6170                	.insn	2, 0x6170
 1ee:	622f6b63          	bltu	t5,sp,824 <_start-0x7ffff7dc>
 1f2:	6975                	.insn	2, 0x6975
 1f4:	646c                	.insn	2, 0x646c
 1f6:	612d                	.insn	2, 0x612d
 1f8:	74657373          	.insn	4, 0x74657373
 1fc:	75622f73          	.insn	4, 0x75622f73
 200:	6c69                	.insn	2, 0x6c69
 202:	2f64                	.insn	2, 0x2f64
 204:	336e6977          	.insn	4, 0x336e6977
 208:	2d32                	.insn	2, 0x2d32
 20a:	3678                	.insn	2, 0x3678
 20c:	2f34                	.insn	2, 0x2f34
 20e:	72756f73          	.insn	4, 0x72756f73
 212:	2f736563          	bltu	t1,s7,4fc <_start-0x7ffffb04>
 216:	2d636367          	.insn	4, 0x2d636367
 21a:	3531                	.insn	2, 0x3531
 21c:	322e                	.insn	2, 0x322e
 21e:	302e                	.insn	2, 0x302e
 220:	62696c2f          	.insn	4, 0x62696c2f
 224:	00636367          	.insn	4, 0x00636367

Disassembly of section .debug_frame:

00000000 <.debug_frame>:
   0:	000c                	.insn	2, 0x000c
   2:	0000                	.insn	2, 0x0000
   4:	ffff                	.insn	2, 0xffff
   6:	ffff                	.insn	2, 0xffff
   8:	7c010003          	lb	zero,1984(sp)
   c:	0c01                	.insn	2, 0x0c01
   e:	0002                	.insn	2, 0x0002
  10:	000c                	.insn	2, 0x000c
  12:	0000                	.insn	2, 0x0000
  14:	0000                	.insn	2, 0x0000
  16:	0000                	.insn	2, 0x0000
  18:	4c00                	.insn	2, 0x4c00
  1a:	8000                	.insn	2, 0x8000
  1c:	0088                	.insn	2, 0x0088
	...
