
C:\cpu_design\build_rtos_apps\console\rtos_console.elf:     file format elf32-littleriscv


Disassembly of section .text:

80000000 <_start>:
80000000:	00080117          	auipc	sp,0x80
80000004:	00010113          	mv	sp,sp
80000008:	00006197          	auipc	gp,0x6
8000000c:	65018193          	addi	gp,gp,1616 # 80006658 <__global_pointer$>
80000010:	00006297          	auipc	t0,0x6
80000014:	e6028293          	addi	t0,t0,-416 # 80005e70 <last_job_result>
80000018:	00008317          	auipc	t1,0x8
8000001c:	2d830313          	addi	t1,t1,728 # 800082f0 <__bss_end>
80000020:	00000393          	li	t2,0
80000024:	0062f863          	bgeu	t0,t1,80000034 <_start+0x34>
80000028:	0072a023          	sw	t2,0(t0)
8000002c:	00428293          	addi	t0,t0,4
80000030:	ff5ff06f          	j	80000024 <_start+0x24>
80000034:	00005297          	auipc	t0,0x5
80000038:	3cc28293          	addi	t0,t0,972 # 80005400 <freertos_risc_v_trap_handler>
8000003c:	30529073          	csrw	mtvec,t0
80000040:	00001097          	auipc	ra,0x1
80000044:	adc080e7          	jalr	-1316(ra) # 80000b1c <main>
80000048:	00050413          	mv	s0,a0
8000004c:	0000006f          	j	8000004c <_start+0x4c>

80000050 <command_match>:
80000050:	0005c803          	lbu	a6,0(a1)
80000054:	00050793          	mv	a5,a0
80000058:	01900513          	li	a0,25
8000005c:	02080463          	beqz	a6,80000084 <command_match+0x34>
80000060:	0007c703          	lbu	a4,0(a5)
80000064:	00158593          	addi	a1,a1,1
80000068:	00178793          	addi	a5,a5,1
8000006c:	fbf70693          	addi	a3,a4,-65
80000070:	0ff6f693          	zext.b	a3,a3
80000074:	04d57063          	bgeu	a0,a3,800000b4 <command_match+0x64>
80000078:	05071463          	bne	a4,a6,800000c0 <command_match+0x70>
8000007c:	0005c803          	lbu	a6,0(a1)
80000080:	fe0810e3          	bnez	a6,80000060 <command_match+0x10>
80000084:	0007c683          	lbu	a3,0(a5)
80000088:	00000513          	li	a0,0
8000008c:	0df6f713          	andi	a4,a3,223
80000090:	02071063          	bnez	a4,800000b0 <command_match+0x60>
80000094:	02000713          	li	a4,32
80000098:	00e69863          	bne	a3,a4,800000a8 <command_match+0x58>
8000009c:	0017c703          	lbu	a4,1(a5)
800000a0:	00178793          	addi	a5,a5,1
800000a4:	fed70ce3          	beq	a4,a3,8000009c <command_match+0x4c>
800000a8:	00f62023          	sw	a5,0(a2)
800000ac:	00100513          	li	a0,1
800000b0:	00008067          	ret
800000b4:	02070713          	addi	a4,a4,32
800000b8:	0ff77713          	zext.b	a4,a4
800000bc:	fd0700e3          	beq	a4,a6,8000007c <command_match+0x2c>
800000c0:	00000513          	li	a0,0
800000c4:	00008067          	ret

800000c8 <heartbeat_task>:
800000c8:	ff010113          	addi	sp,sp,-16 # 8007fff0 <__bss_end+0x77d00>
800000cc:	00812423          	sw	s0,8(sp)
800000d0:	00112623          	sw	ra,12(sp)
800000d4:	80006437          	lui	s0,0x80006
800000d8:	3e800513          	li	a0,1000
800000dc:	00003097          	auipc	ra,0x3
800000e0:	5c8080e7          	jalr	1480(ra) # 800036a4 <vTaskDelay>
800000e4:	e7c42783          	lw	a5,-388(s0) # 80005e7c <heartbeat_count>
800000e8:	00178793          	addi	a5,a5,1
800000ec:	e6f42e23          	sw	a5,-388(s0)
800000f0:	fe9ff06f          	j	800000d8 <heartbeat_task+0x10>

800000f4 <fatal>:
800000f4:	ff010113          	addi	sp,sp,-16
800000f8:	00812423          	sw	s0,8(sp)
800000fc:	00112623          	sw	ra,12(sp)
80000100:	00050413          	mv	s0,a0
80000104:	30047073          	csrci	mstatus,8
80000108:	80005537          	lui	a0,0x80005
8000010c:	68850513          	addi	a0,a0,1672 # 80005688 <__clzsi2+0x88>
80000110:	00001097          	auipc	ra,0x1
80000114:	c0c080e7          	jalr	-1012(ra) # 80000d1c <rtos_uart_write>
80000118:	00040513          	mv	a0,s0
8000011c:	00001097          	auipc	ra,0x1
80000120:	d6c080e7          	jalr	-660(ra) # 80000e88 <rtos_uart_write_line>
80000124:	00000013          	nop
80000128:	00000013          	nop
8000012c:	ff9ff06f          	j	80000124 <fatal+0x30>

80000130 <worker_task>:
80000130:	fc010113          	addi	sp,sp,-64
80000134:	03212823          	sw	s2,48(sp)
80000138:	03512223          	sw	s5,36(sp)
8000013c:	c001d937          	lui	s2,0xc001d
80000140:	9e378ab7          	lui	s5,0x9e378
80000144:	02812c23          	sw	s0,56(sp)
80000148:	02912a23          	sw	s1,52(sp)
8000014c:	03312623          	sw	s3,44(sp)
80000150:	03412423          	sw	s4,40(sp)
80000154:	02112e23          	sw	ra,60(sp)
80000158:	00d90913          	addi	s2,s2,13 # c001d00d <__stack_top+0x3ff9d00d>
8000015c:	9b9a8a93          	addi	s5,s5,-1607 # 9e3779b9 <__stack_top+0x1e2f79b9>
80000160:	800069b7          	lui	s3,0x80006
80000164:	00100413          	li	s0,1
80000168:	80006a37          	lui	s4,0x80006
8000016c:	800064b7          	lui	s1,0x80006
80000170:	e989a503          	lw	a0,-360(s3) # 80005e98 <work_queue>
80000174:	fff00613          	li	a2,-1
80000178:	00c10593          	addi	a1,sp,12
8000017c:	00002097          	auipc	ra,0x2
80000180:	db4080e7          	jalr	-588(ra) # 80001f30 <xQueueReceive>
80000184:	08851c63          	bne	a0,s0,8000021c <worker_task+0xec>
80000188:	00c12783          	lw	a5,12(sp)
8000018c:	01012583          	lw	a1,16(sp)
80000190:	00f12a23          	sw	a5,20(sp)
80000194:	00b12c23          	sw	a1,24(sp)
80000198:	06058c63          	beqz	a1,80000210 <worker_task+0xe0>
8000019c:	0125c7b3          	xor	a5,a1,s2
800001a0:	00000713          	li	a4,0
800001a4:	01b7d693          	srli	a3,a5,0x1b
800001a8:	00579793          	slli	a5,a5,0x5
800001ac:	00d787b3          	add	a5,a5,a3
800001b0:	01570633          	add	a2,a4,s5
800001b4:	0ff77693          	zext.b	a3,a4
800001b8:	00f647b3          	xor	a5,a2,a5
800001bc:	00069463          	bnez	a3,800001c4 <worker_task+0x94>
800001c0:	00000073          	ecall
800001c4:	00170713          	addi	a4,a4,1
800001c8:	fce59ee3          	bne	a1,a4,800001a4 <worker_task+0x74>
800001cc:	e6fa2823          	sw	a5,-400(s4) # 80005e70 <last_job_result>
800001d0:	00f12e23          	sw	a5,28(sp)
800001d4:	80006737          	lui	a4,0x80006
800001d8:	e744a783          	lw	a5,-396(s1) # 80005e74 <jobs_completed>
800001dc:	e9472503          	lw	a0,-364(a4) # 80005e94 <result_queue>
800001e0:	00000693          	li	a3,0
800001e4:	00178793          	addi	a5,a5,1
800001e8:	fff00613          	li	a2,-1
800001ec:	01410593          	addi	a1,sp,20
800001f0:	e6f4aa23          	sw	a5,-396(s1)
800001f4:	00001097          	auipc	ra,0x1
800001f8:	7a8080e7          	jalr	1960(ra) # 8000199c <xQueueGenericSend>
800001fc:	f6850ae3          	beq	a0,s0,80000170 <worker_task+0x40>
80000200:	80005537          	lui	a0,0x80005
80000204:	6ac50513          	addi	a0,a0,1708 # 800056ac <__clzsi2+0xac>
80000208:	00000097          	auipc	ra,0x0
8000020c:	eec080e7          	jalr	-276(ra) # 800000f4 <fatal>
80000210:	c001d7b7          	lui	a5,0xc001d
80000214:	00d78793          	addi	a5,a5,13 # c001d00d <__stack_top+0x3ff9d00d>
80000218:	fb5ff06f          	j	800001cc <worker_task+0x9c>
8000021c:	80005537          	lui	a0,0x80005
80000220:	69c50513          	addi	a0,a0,1692 # 8000569c <__clzsi2+0x9c>
80000224:	00000097          	auipc	ra,0x0
80000228:	ed0080e7          	jalr	-304(ra) # 800000f4 <fatal>

8000022c <rx_task>:
8000022c:	f2010113          	addi	sp,sp,-224
80000230:	0c812c23          	sw	s0,216(sp)
80000234:	0c912a23          	sw	s1,212(sp)
80000238:	0d212823          	sw	s2,208(sp)
8000023c:	0d312623          	sw	s3,204(sp)
80000240:	0d412423          	sw	s4,200(sp)
80000244:	0d512223          	sw	s5,196(sp)
80000248:	0d612023          	sw	s6,192(sp)
8000024c:	0b712e23          	sw	s7,188(sp)
80000250:	0b812c23          	sw	s8,184(sp)
80000254:	0b912a23          	sw	s9,180(sp)
80000258:	0ba12823          	sw	s10,176(sp)
8000025c:	0bb12623          	sw	s11,172(sp)
80000260:	0c112e23          	sw	ra,220(sp)
80000264:	00001097          	auipc	ra,0x1
80000268:	154080e7          	jalr	340(ra) # 800013b8 <rtos_board_disable_external_interrupts>
8000026c:	800057b7          	lui	a5,0x80005
80000270:	80005b37          	lui	s6,0x80005
80000274:	80005bb7          	lui	s7,0x80005
80000278:	6d478793          	addi	a5,a5,1748 # 800056d4 <__clzsi2+0xd4>
8000027c:	6b8b0b13          	addi	s6,s6,1720 # 800056b8 <__clzsi2+0xb8>
80000280:	6d0b8b93          	addi	s7,s7,1744 # 800056d0 <__clzsi2+0xd0>
80000284:	00f12623          	sw	a5,12(sp)
80000288:	00000993          	li	s3,0
8000028c:	00000a13          	li	s4,0
80000290:	00000913          	li	s2,0
80000294:	80006437          	lui	s0,0x80006
80000298:	80006c37          	lui	s8,0x80006
8000029c:	80006db7          	lui	s11,0x80006
800002a0:	80006cb7          	lui	s9,0x80006
800002a4:	00a00a93          	li	s5,10
800002a8:	03f00493          	li	s1,63
800002ac:	00100d13          	li	s10,1
800002b0:	01c10593          	addi	a1,sp,28
800002b4:	01b10513          	addi	a0,sp,27
800002b8:	00001097          	auipc	ra,0x1
800002bc:	c10080e7          	jalr	-1008(ra) # 80000ec8 <rtos_uart_try_getc>
800002c0:	01c12783          	lw	a5,28(sp)
800002c4:	02051c63          	bnez	a0,800002fc <rx_task+0xd0>
800002c8:	00078863          	beqz	a5,800002d8 <rx_task+0xac>
800002cc:	e8c42783          	lw	a5,-372(s0) # 80005e8c <rx_overruns>
800002d0:	00178793          	addi	a5,a5,1
800002d4:	e8f42623          	sw	a5,-372(s0)
800002d8:	00100513          	li	a0,1
800002dc:	00003097          	auipc	ra,0x3
800002e0:	3c8080e7          	jalr	968(ra) # 800036a4 <vTaskDelay>
800002e4:	01c10593          	addi	a1,sp,28
800002e8:	01b10513          	addi	a0,sp,27
800002ec:	00001097          	auipc	ra,0x1
800002f0:	bdc080e7          	jalr	-1060(ra) # 80000ec8 <rtos_uart_try_getc>
800002f4:	01c12783          	lw	a5,28(sp)
800002f8:	fc0508e3          	beqz	a0,800002c8 <rx_task+0x9c>
800002fc:	00078863          	beqz	a5,8000030c <rx_task+0xe0>
80000300:	e8c42783          	lw	a5,-372(s0)
80000304:	00178793          	addi	a5,a5,1
80000308:	e8f42623          	sw	a5,-372(s0)
8000030c:	01b14503          	lbu	a0,27(sp)
80000310:	ff350793          	addi	a5,a0,-13
80000314:	04078a63          	beqz	a5,80000368 <rx_task+0x13c>
80000318:	ff650793          	addi	a5,a0,-10
8000031c:	04078663          	beqz	a5,80000368 <rx_task+0x13c>
80000320:	ff850793          	addi	a5,a0,-8
80000324:	0e078463          	beqz	a5,8000040c <rx_task+0x1e0>
80000328:	f8150793          	addi	a5,a0,-127
8000032c:	0e078063          	beqz	a5,8000040c <rx_task+0x1e0>
80000330:	fe050793          	addi	a5,a0,-32
80000334:	0ff7f793          	zext.b	a5,a5
80000338:	05e00713          	li	a4,94
8000033c:	00000993          	li	s3,0
80000340:	f6f768e3          	bltu	a4,a5,800002b0 <rx_task+0x84>
80000344:	00001097          	auipc	ra,0x1
80000348:	9b8080e7          	jalr	-1608(ra) # 80000cfc <rtos_uart_putc>
8000034c:	03e00793          	li	a5,62
80000350:	1527e263          	bltu	a5,s2,80000494 <rx_task+0x268>
80000354:	01b14703          	lbu	a4,27(sp)
80000358:	002907b3          	add	a5,s2,sp
8000035c:	00190913          	addi	s2,s2,1
80000360:	02e78023          	sb	a4,32(a5)
80000364:	f4dff06f          	j	800002b0 <rx_task+0x84>
80000368:	0d550263          	beq	a0,s5,8000042c <rx_task+0x200>
8000036c:	00100993          	li	s3,1
80000370:	000b0513          	mv	a0,s6
80000374:	00001097          	auipc	ra,0x1
80000378:	9a8080e7          	jalr	-1624(ra) # 80000d1c <rtos_uart_write>
8000037c:	0c0a1a63          	bnez	s4,80000450 <rx_task+0x224>
80000380:	0a090c63          	beqz	s2,80000438 <rx_task+0x20c>
80000384:	00290933          	add	s2,s2,sp
80000388:	02090023          	sb	zero,32(s2)
8000038c:	02010713          	addi	a4,sp,32
80000390:	06010613          	addi	a2,sp,96
80000394:	00000793          	li	a5,0
80000398:	0140006f          	j	800003ac <rx_task+0x180>
8000039c:	00d60023          	sb	a3,0(a2)
800003a0:	00178793          	addi	a5,a5,1
800003a4:	00160613          	addi	a2,a2,1
800003a8:	00978863          	beq	a5,s1,800003b8 <rx_task+0x18c>
800003ac:	00074683          	lbu	a3,0(a4)
800003b0:	00170713          	addi	a4,a4,1
800003b4:	fe0694e3          	bnez	a3,8000039c <rx_task+0x170>
800003b8:	e9cda503          	lw	a0,-356(s11) # 80005e9c <command_queue>
800003bc:	002787b3          	add	a5,a5,sp
800003c0:	00000693          	li	a3,0
800003c4:	00000613          	li	a2,0
800003c8:	06010593          	addi	a1,sp,96
800003cc:	06078023          	sb	zero,96(a5)
800003d0:	00001097          	auipc	ra,0x1
800003d4:	5cc080e7          	jalr	1484(ra) # 8000199c <xQueueGenericSend>
800003d8:	0ba50463          	beq	a0,s10,80000480 <rx_task+0x254>
800003dc:	80006737          	lui	a4,0x80006
800003e0:	e8472783          	lw	a5,-380(a4) # 80005e84 <command_drops>
800003e4:	00c12503          	lw	a0,12(sp)
800003e8:	00000913          	li	s2,0
800003ec:	00178793          	addi	a5,a5,1
800003f0:	e8f72223          	sw	a5,-380(a4)
800003f4:	00001097          	auipc	ra,0x1
800003f8:	a94080e7          	jalr	-1388(ra) # 80000e88 <rtos_uart_write_line>
800003fc:	000b8513          	mv	a0,s7
80000400:	00001097          	auipc	ra,0x1
80000404:	91c080e7          	jalr	-1764(ra) # 80000d1c <rtos_uart_write>
80000408:	ea9ff06f          	j	800002b0 <rx_task+0x84>
8000040c:	00000993          	li	s3,0
80000410:	ea0900e3          	beqz	s2,800002b0 <rx_task+0x84>
80000414:	800057b7          	lui	a5,0x80005
80000418:	6ec78513          	addi	a0,a5,1772 # 800056ec <__clzsi2+0xec>
8000041c:	fff90913          	addi	s2,s2,-1
80000420:	00001097          	auipc	ra,0x1
80000424:	8fc080e7          	jalr	-1796(ra) # 80000d1c <rtos_uart_write>
80000428:	e89ff06f          	j	800002b0 <rx_task+0x84>
8000042c:	f40982e3          	beqz	s3,80000370 <rx_task+0x144>
80000430:	00000993          	li	s3,0
80000434:	e7dff06f          	j	800002b0 <rx_task+0x84>
80000438:	000b8513          	mv	a0,s7
8000043c:	00001097          	auipc	ra,0x1
80000440:	8e0080e7          	jalr	-1824(ra) # 80000d1c <rtos_uart_write>
80000444:	00000a13          	li	s4,0
80000448:	00000913          	li	s2,0
8000044c:	e65ff06f          	j	800002b0 <rx_task+0x84>
80000450:	e88c2783          	lw	a5,-376(s8) # 80005e88 <rx_line_overflows>
80000454:	80005737          	lui	a4,0x80005
80000458:	6bc70513          	addi	a0,a4,1724 # 800056bc <__clzsi2+0xbc>
8000045c:	00178793          	addi	a5,a5,1
80000460:	e8fc2423          	sw	a5,-376(s8)
80000464:	00001097          	auipc	ra,0x1
80000468:	a24080e7          	jalr	-1500(ra) # 80000e88 <rtos_uart_write_line>
8000046c:	000b8513          	mv	a0,s7
80000470:	00001097          	auipc	ra,0x1
80000474:	8ac080e7          	jalr	-1876(ra) # 80000d1c <rtos_uart_write>
80000478:	00000a13          	li	s4,0
8000047c:	fcdff06f          	j	80000448 <rx_task+0x21c>
80000480:	e90ca783          	lw	a5,-368(s9) # 80005e90 <rx_lines>
80000484:	00000913          	li	s2,0
80000488:	00178793          	addi	a5,a5,1
8000048c:	e8fca823          	sw	a5,-368(s9)
80000490:	e21ff06f          	j	800002b0 <rx_task+0x84>
80000494:	00100a13          	li	s4,1
80000498:	e19ff06f          	j	800002b0 <rx_task+0x84>

8000049c <command_task>:
8000049c:	80005537          	lui	a0,0x80005
800004a0:	f8010113          	addi	sp,sp,-128
800004a4:	6f050513          	addi	a0,a0,1776 # 800056f0 <__clzsi2+0xf0>
800004a8:	06112e23          	sw	ra,124(sp)
800004ac:	06912a23          	sw	s1,116(sp)
800004b0:	07212823          	sw	s2,112(sp)
800004b4:	07312623          	sw	s3,108(sp)
800004b8:	07412423          	sw	s4,104(sp)
800004bc:	07512223          	sw	s5,100(sp)
800004c0:	06812c23          	sw	s0,120(sp)
800004c4:	00001097          	auipc	ra,0x1
800004c8:	9c4080e7          	jalr	-1596(ra) # 80000e88 <rtos_uart_write_line>
800004cc:	80005537          	lui	a0,0x80005
800004d0:	6fc50513          	addi	a0,a0,1788 # 800056fc <__clzsi2+0xfc>
800004d4:	00001097          	auipc	ra,0x1
800004d8:	9b4080e7          	jalr	-1612(ra) # 80000e88 <rtos_uart_write_line>
800004dc:	800059b7          	lui	s3,0x80005
800004e0:	6d098513          	addi	a0,s3,1744 # 800056d0 <__clzsi2+0xd0>
800004e4:	80005937          	lui	s2,0x80005
800004e8:	80006a37          	lui	s4,0x80006
800004ec:	80006ab7          	lui	s5,0x80006
800004f0:	00001097          	auipc	ra,0x1
800004f4:	82c080e7          	jalr	-2004(ra) # 80000d1c <rtos_uart_write>
800004f8:	73090913          	addi	s2,s2,1840 # 80005730 <__clzsi2+0x130>
800004fc:	888a0a13          	addi	s4,s4,-1912 # 80005888 <__clzsi2+0x288>
80000500:	89ca8a93          	addi	s5,s5,-1892 # 8000589c <__clzsi2+0x29c>
80000504:	800064b7          	lui	s1,0x80006
80000508:	0900006f          	j	80000598 <command_task+0xfc>
8000050c:	80005537          	lui	a0,0x80005
80000510:	73850513          	addi	a0,a0,1848 # 80005738 <__clzsi2+0x138>
80000514:	00001097          	auipc	ra,0x1
80000518:	974080e7          	jalr	-1676(ra) # 80000e88 <rtos_uart_write_line>
8000051c:	80005537          	lui	a0,0x80005
80000520:	74450513          	addi	a0,a0,1860 # 80005744 <__clzsi2+0x144>
80000524:	00001097          	auipc	ra,0x1
80000528:	964080e7          	jalr	-1692(ra) # 80000e88 <rtos_uart_write_line>
8000052c:	80005537          	lui	a0,0x80005
80000530:	76850513          	addi	a0,a0,1896 # 80005768 <__clzsi2+0x168>
80000534:	00001097          	auipc	ra,0x1
80000538:	954080e7          	jalr	-1708(ra) # 80000e88 <rtos_uart_write_line>
8000053c:	80005537          	lui	a0,0x80005
80000540:	79850513          	addi	a0,a0,1944 # 80005798 <__clzsi2+0x198>
80000544:	00001097          	auipc	ra,0x1
80000548:	944080e7          	jalr	-1724(ra) # 80000e88 <rtos_uart_write_line>
8000054c:	80005537          	lui	a0,0x80005
80000550:	7c850513          	addi	a0,a0,1992 # 800057c8 <__clzsi2+0x1c8>
80000554:	00001097          	auipc	ra,0x1
80000558:	934080e7          	jalr	-1740(ra) # 80000e88 <rtos_uart_write_line>
8000055c:	80005537          	lui	a0,0x80005
80000560:	7f850513          	addi	a0,a0,2040 # 800057f8 <__clzsi2+0x1f8>
80000564:	00001097          	auipc	ra,0x1
80000568:	924080e7          	jalr	-1756(ra) # 80000e88 <rtos_uart_write_line>
8000056c:	80006537          	lui	a0,0x80006
80000570:	82c50513          	addi	a0,a0,-2004 # 8000582c <__clzsi2+0x22c>
80000574:	00001097          	auipc	ra,0x1
80000578:	914080e7          	jalr	-1772(ra) # 80000e88 <rtos_uart_write_line>
8000057c:	80006537          	lui	a0,0x80006
80000580:	85850513          	addi	a0,a0,-1960 # 80005858 <__clzsi2+0x258>
80000584:	00001097          	auipc	ra,0x1
80000588:	904080e7          	jalr	-1788(ra) # 80000e88 <rtos_uart_write_line>
8000058c:	6d098513          	addi	a0,s3,1744
80000590:	00000097          	auipc	ra,0x0
80000594:	78c080e7          	jalr	1932(ra) # 80000d1c <rtos_uart_write>
80000598:	e9c4a503          	lw	a0,-356(s1) # 80005e9c <command_queue>
8000059c:	fff00613          	li	a2,-1
800005a0:	02010593          	addi	a1,sp,32
800005a4:	00002097          	auipc	ra,0x2
800005a8:	98c080e7          	jalr	-1652(ra) # 80001f30 <xQueueReceive>
800005ac:	00100793          	li	a5,1
800005b0:	2ef51863          	bne	a0,a5,800008a0 <command_task+0x404>
800005b4:	80006437          	lui	s0,0x80006
800005b8:	e8042783          	lw	a5,-384(s0) # 80005e80 <command_count>
800005bc:	00810613          	addi	a2,sp,8
800005c0:	00090593          	mv	a1,s2
800005c4:	00178793          	addi	a5,a5,1
800005c8:	02010513          	addi	a0,sp,32
800005cc:	e8f42023          	sw	a5,-384(s0)
800005d0:	00000097          	auipc	ra,0x0
800005d4:	a80080e7          	jalr	-1408(ra) # 80000050 <command_match>
800005d8:	f2051ae3          	bnez	a0,8000050c <command_task+0x70>
800005dc:	00810613          	addi	a2,sp,8
800005e0:	000a0593          	mv	a1,s4
800005e4:	02010513          	addi	a0,sp,32
800005e8:	00000097          	auipc	ra,0x0
800005ec:	a68080e7          	jalr	-1432(ra) # 80000050 <command_match>
800005f0:	02050c63          	beqz	a0,80000628 <command_task+0x18c>
800005f4:	80006537          	lui	a0,0x80006
800005f8:	89050513          	addi	a0,a0,-1904 # 80005890 <__clzsi2+0x290>
800005fc:	00000097          	auipc	ra,0x0
80000600:	720080e7          	jalr	1824(ra) # 80000d1c <rtos_uart_write>
80000604:	00003097          	auipc	ra,0x3
80000608:	138080e7          	jalr	312(ra) # 8000373c <xTaskGetTickCount>
8000060c:	00000097          	auipc	ra,0x0
80000610:	768080e7          	jalr	1896(ra) # 80000d74 <rtos_uart_write_u32>
80000614:	80005537          	lui	a0,0x80005
80000618:	6b850513          	addi	a0,a0,1720 # 800056b8 <__clzsi2+0xb8>
8000061c:	00000097          	auipc	ra,0x0
80000620:	700080e7          	jalr	1792(ra) # 80000d1c <rtos_uart_write>
80000624:	f69ff06f          	j	8000058c <command_task+0xf0>
80000628:	00810613          	addi	a2,sp,8
8000062c:	000a8593          	mv	a1,s5
80000630:	02010513          	addi	a0,sp,32
80000634:	00000097          	auipc	ra,0x0
80000638:	a1c080e7          	jalr	-1508(ra) # 80000050 <command_match>
8000063c:	1a050c63          	beqz	a0,800007f4 <command_task+0x358>
80000640:	80006537          	lui	a0,0x80006
80000644:	8a450513          	addi	a0,a0,-1884 # 800058a4 <__clzsi2+0x2a4>
80000648:	00000097          	auipc	ra,0x0
8000064c:	6d4080e7          	jalr	1748(ra) # 80000d1c <rtos_uart_write>
80000650:	00003097          	auipc	ra,0x3
80000654:	0ec080e7          	jalr	236(ra) # 8000373c <xTaskGetTickCount>
80000658:	00000097          	auipc	ra,0x0
8000065c:	71c080e7          	jalr	1820(ra) # 80000d74 <rtos_uart_write_u32>
80000660:	80006537          	lui	a0,0x80006
80000664:	8b450513          	addi	a0,a0,-1868 # 800058b4 <__clzsi2+0x2b4>
80000668:	00000097          	auipc	ra,0x0
8000066c:	6b4080e7          	jalr	1716(ra) # 80000d1c <rtos_uart_write>
80000670:	800067b7          	lui	a5,0x80006
80000674:	e7c7a503          	lw	a0,-388(a5) # 80005e7c <heartbeat_count>
80000678:	00000097          	auipc	ra,0x0
8000067c:	6fc080e7          	jalr	1788(ra) # 80000d74 <rtos_uart_write_u32>
80000680:	80006537          	lui	a0,0x80006
80000684:	8c050513          	addi	a0,a0,-1856 # 800058c0 <__clzsi2+0x2c0>
80000688:	00000097          	auipc	ra,0x0
8000068c:	694080e7          	jalr	1684(ra) # 80000d1c <rtos_uart_write>
80000690:	e8042503          	lw	a0,-384(s0)
80000694:	80005437          	lui	s0,0x80005
80000698:	00000097          	auipc	ra,0x0
8000069c:	6dc080e7          	jalr	1756(ra) # 80000d74 <rtos_uart_write_u32>
800006a0:	80006537          	lui	a0,0x80006
800006a4:	8cc50513          	addi	a0,a0,-1844 # 800058cc <__clzsi2+0x2cc>
800006a8:	00000097          	auipc	ra,0x0
800006ac:	674080e7          	jalr	1652(ra) # 80000d1c <rtos_uart_write>
800006b0:	800067b7          	lui	a5,0x80006
800006b4:	e907a503          	lw	a0,-368(a5) # 80005e90 <rx_lines>
800006b8:	00000097          	auipc	ra,0x0
800006bc:	6bc080e7          	jalr	1724(ra) # 80000d74 <rtos_uart_write_u32>
800006c0:	6b840513          	addi	a0,s0,1720 # 800056b8 <__clzsi2+0xb8>
800006c4:	00000097          	auipc	ra,0x0
800006c8:	658080e7          	jalr	1624(ra) # 80000d1c <rtos_uart_write>
800006cc:	80006537          	lui	a0,0x80006
800006d0:	8d450513          	addi	a0,a0,-1836 # 800058d4 <__clzsi2+0x2d4>
800006d4:	00000097          	auipc	ra,0x0
800006d8:	648080e7          	jalr	1608(ra) # 80000d1c <rtos_uart_write>
800006dc:	800067b7          	lui	a5,0x80006
800006e0:	e747a503          	lw	a0,-396(a5) # 80005e74 <jobs_completed>
800006e4:	00000097          	auipc	ra,0x0
800006e8:	690080e7          	jalr	1680(ra) # 80000d74 <rtos_uart_write_u32>
800006ec:	80006537          	lui	a0,0x80006
800006f0:	8e450513          	addi	a0,a0,-1820 # 800058e4 <__clzsi2+0x2e4>
800006f4:	00000097          	auipc	ra,0x0
800006f8:	628080e7          	jalr	1576(ra) # 80000d1c <rtos_uart_write>
800006fc:	800067b7          	lui	a5,0x80006
80000700:	e787a503          	lw	a0,-392(a5) # 80005e78 <jobs_queued>
80000704:	00000097          	auipc	ra,0x0
80000708:	670080e7          	jalr	1648(ra) # 80000d74 <rtos_uart_write_u32>
8000070c:	80006537          	lui	a0,0x80006
80000710:	8e850513          	addi	a0,a0,-1816 # 800058e8 <__clzsi2+0x2e8>
80000714:	00000097          	auipc	ra,0x0
80000718:	608080e7          	jalr	1544(ra) # 80000d1c <rtos_uart_write>
8000071c:	800067b7          	lui	a5,0x80006
80000720:	e707a503          	lw	a0,-400(a5) # 80005e70 <last_job_result>
80000724:	00000097          	auipc	ra,0x0
80000728:	6f0080e7          	jalr	1776(ra) # 80000e14 <rtos_uart_write_hex32>
8000072c:	80006537          	lui	a0,0x80006
80000730:	8f050513          	addi	a0,a0,-1808 # 800058f0 <__clzsi2+0x2f0>
80000734:	00000097          	auipc	ra,0x0
80000738:	5e8080e7          	jalr	1512(ra) # 80000d1c <rtos_uart_write>
8000073c:	e9c4a503          	lw	a0,-356(s1)
80000740:	00002097          	auipc	ra,0x2
80000744:	2b0080e7          	jalr	688(ra) # 800029f0 <uxQueueMessagesWaiting>
80000748:	00000097          	auipc	ra,0x0
8000074c:	62c080e7          	jalr	1580(ra) # 80000d74 <rtos_uart_write_u32>
80000750:	80006537          	lui	a0,0x80006
80000754:	8f850513          	addi	a0,a0,-1800 # 800058f8 <__clzsi2+0x2f8>
80000758:	00000097          	auipc	ra,0x0
8000075c:	5c4080e7          	jalr	1476(ra) # 80000d1c <rtos_uart_write>
80000760:	800067b7          	lui	a5,0x80006
80000764:	e987a503          	lw	a0,-360(a5) # 80005e98 <work_queue>
80000768:	00002097          	auipc	ra,0x2
8000076c:	288080e7          	jalr	648(ra) # 800029f0 <uxQueueMessagesWaiting>
80000770:	00000097          	auipc	ra,0x0
80000774:	604080e7          	jalr	1540(ra) # 80000d74 <rtos_uart_write_u32>
80000778:	6b840513          	addi	a0,s0,1720
8000077c:	00000097          	auipc	ra,0x0
80000780:	5a0080e7          	jalr	1440(ra) # 80000d1c <rtos_uart_write>
80000784:	80006537          	lui	a0,0x80006
80000788:	90050513          	addi	a0,a0,-1792 # 80005900 <__clzsi2+0x300>
8000078c:	00000097          	auipc	ra,0x0
80000790:	590080e7          	jalr	1424(ra) # 80000d1c <rtos_uart_write>
80000794:	800067b7          	lui	a5,0x80006
80000798:	e8c7a503          	lw	a0,-372(a5) # 80005e8c <rx_overruns>
8000079c:	00000097          	auipc	ra,0x0
800007a0:	5d8080e7          	jalr	1496(ra) # 80000d74 <rtos_uart_write_u32>
800007a4:	80006537          	lui	a0,0x80006
800007a8:	91450513          	addi	a0,a0,-1772 # 80005914 <__clzsi2+0x314>
800007ac:	00000097          	auipc	ra,0x0
800007b0:	570080e7          	jalr	1392(ra) # 80000d1c <rtos_uart_write>
800007b4:	800067b7          	lui	a5,0x80006
800007b8:	e887a503          	lw	a0,-376(a5) # 80005e88 <rx_line_overflows>
800007bc:	00000097          	auipc	ra,0x0
800007c0:	5b8080e7          	jalr	1464(ra) # 80000d74 <rtos_uart_write_u32>
800007c4:	80006537          	lui	a0,0x80006
800007c8:	92450513          	addi	a0,a0,-1756 # 80005924 <__clzsi2+0x324>
800007cc:	00000097          	auipc	ra,0x0
800007d0:	550080e7          	jalr	1360(ra) # 80000d1c <rtos_uart_write>
800007d4:	800067b7          	lui	a5,0x80006
800007d8:	e847a503          	lw	a0,-380(a5) # 80005e84 <command_drops>
800007dc:	00000097          	auipc	ra,0x0
800007e0:	598080e7          	jalr	1432(ra) # 80000d74 <rtos_uart_write_u32>
800007e4:	6b840513          	addi	a0,s0,1720
800007e8:	00000097          	auipc	ra,0x0
800007ec:	534080e7          	jalr	1332(ra) # 80000d1c <rtos_uart_write>
800007f0:	d9dff06f          	j	8000058c <command_task+0xf0>
800007f4:	800055b7          	lui	a1,0x80005
800007f8:	7f058593          	addi	a1,a1,2032 # 800057f0 <__clzsi2+0x1f0>
800007fc:	00810613          	addi	a2,sp,8
80000800:	02010513          	addi	a0,sp,32
80000804:	00000097          	auipc	ra,0x0
80000808:	84c080e7          	jalr	-1972(ra) # 80000050 <command_match>
8000080c:	04050c63          	beqz	a0,80000864 <command_task+0x3c8>
80000810:	80006537          	lui	a0,0x80006
80000814:	93450513          	addi	a0,a0,-1740 # 80005934 <__clzsi2+0x334>
80000818:	00000097          	auipc	ra,0x0
8000081c:	670080e7          	jalr	1648(ra) # 80000e88 <rtos_uart_write_line>
80000820:	80006537          	lui	a0,0x80006
80000824:	96450513          	addi	a0,a0,-1692 # 80005964 <__clzsi2+0x364>
80000828:	00000097          	auipc	ra,0x0
8000082c:	660080e7          	jalr	1632(ra) # 80000e88 <rtos_uart_write_line>
80000830:	80006537          	lui	a0,0x80006
80000834:	99450513          	addi	a0,a0,-1644 # 80005994 <__clzsi2+0x394>
80000838:	00000097          	auipc	ra,0x0
8000083c:	650080e7          	jalr	1616(ra) # 80000e88 <rtos_uart_write_line>
80000840:	80006537          	lui	a0,0x80006
80000844:	9c450513          	addi	a0,a0,-1596 # 800059c4 <__clzsi2+0x3c4>
80000848:	00000097          	auipc	ra,0x0
8000084c:	640080e7          	jalr	1600(ra) # 80000e88 <rtos_uart_write_line>
80000850:	80006537          	lui	a0,0x80006
80000854:	9f450513          	addi	a0,a0,-1548 # 800059f4 <__clzsi2+0x3f4>
80000858:	00000097          	auipc	ra,0x0
8000085c:	630080e7          	jalr	1584(ra) # 80000e88 <rtos_uart_write_line>
80000860:	d2dff06f          	j	8000058c <command_task+0xf0>
80000864:	800065b7          	lui	a1,0x80006
80000868:	a2458593          	addi	a1,a1,-1500 # 80005a24 <__clzsi2+0x424>
8000086c:	00810613          	addi	a2,sp,8
80000870:	02010513          	addi	a0,sp,32
80000874:	fffff097          	auipc	ra,0xfffff
80000878:	7dc080e7          	jalr	2012(ra) # 80000050 <command_match>
8000087c:	02050a63          	beqz	a0,800008b0 <command_task+0x414>
80000880:	80006537          	lui	a0,0x80006
80000884:	a2c50513          	addi	a0,a0,-1492 # 80005a2c <__clzsi2+0x42c>
80000888:	00000097          	auipc	ra,0x0
8000088c:	494080e7          	jalr	1172(ra) # 80000d1c <rtos_uart_write>
80000890:	00812503          	lw	a0,8(sp)
80000894:	00000097          	auipc	ra,0x0
80000898:	5f4080e7          	jalr	1524(ra) # 80000e88 <rtos_uart_write_line>
8000089c:	cf1ff06f          	j	8000058c <command_task+0xf0>
800008a0:	80005537          	lui	a0,0x80005
800008a4:	72050513          	addi	a0,a0,1824 # 80005720 <__clzsi2+0x120>
800008a8:	00000097          	auipc	ra,0x0
800008ac:	84c080e7          	jalr	-1972(ra) # 800000f4 <fatal>
800008b0:	800065b7          	lui	a1,0x80006
800008b4:	9bc58593          	addi	a1,a1,-1604 # 800059bc <__clzsi2+0x3bc>
800008b8:	00810613          	addi	a2,sp,8
800008bc:	02010513          	addi	a0,sp,32
800008c0:	fffff097          	auipc	ra,0xfffff
800008c4:	790080e7          	jalr	1936(ra) # 80000050 <command_match>
800008c8:	12050863          	beqz	a0,800009f8 <command_task+0x55c>
800008cc:	00812583          	lw	a1,8(sp)
800008d0:	3e800793          	li	a5,1000
800008d4:	00f12823          	sw	a5,16(sp)
800008d8:	0005c703          	lbu	a4,0(a1)
800008dc:	0c070663          	beqz	a4,800009a8 <command_task+0x50c>
800008e0:	02000793          	li	a5,32
800008e4:	00f71863          	bne	a4,a5,800008f4 <command_task+0x458>
800008e8:	0015c703          	lbu	a4,1(a1)
800008ec:	00158593          	addi	a1,a1,1
800008f0:	fef70ce3          	beq	a4,a5,800008e8 <command_task+0x44c>
800008f4:	fd070613          	addi	a2,a4,-48
800008f8:	0ff67793          	zext.b	a5,a2
800008fc:	00900313          	li	t1,9
80000900:	04f36863          	bltu	t1,a5,80000950 <command_task+0x4b4>
80000904:	ccccd8b7          	lui	a7,0xccccd
80000908:	ccd88893          	addi	a7,a7,-819 # cccccccd <__stack_top+0x4cc4cccd>
8000090c:	00058513          	mv	a0,a1
80000910:	00000693          	li	a3,0
80000914:	02c0006f          	j	80000940 <command_task+0x4a4>
80000918:	00269793          	slli	a5,a3,0x2
8000091c:	00154703          	lbu	a4,1(a0)
80000920:	00d787b3          	add	a5,a5,a3
80000924:	00179793          	slli	a5,a5,0x1
80000928:	00f606b3          	add	a3,a2,a5
8000092c:	fd070613          	addi	a2,a4,-48
80000930:	0ff67813          	zext.b	a6,a2
80000934:	00150793          	addi	a5,a0,1
80000938:	03036c63          	bltu	t1,a6,80000970 <command_task+0x4d4>
8000093c:	00078513          	mv	a0,a5
80000940:	fff64793          	not	a5,a2
80000944:	0317b7b3          	mulhu	a5,a5,a7
80000948:	0037d793          	srli	a5,a5,0x3
8000094c:	fcd7f6e3          	bgeu	a5,a3,80000918 <command_task+0x47c>
80000950:	80006537          	lui	a0,0x80006
80000954:	a3450513          	addi	a0,a0,-1484 # 80005a34 <__clzsi2+0x434>
80000958:	00000097          	auipc	ra,0x0
8000095c:	530080e7          	jalr	1328(ra) # 80000e88 <rtos_uart_write_line>
80000960:	6d098513          	addi	a0,s3,1744
80000964:	00000097          	auipc	ra,0x0
80000968:	3b8080e7          	jalr	952(ra) # 80000d1c <rtos_uart_write>
8000096c:	c2dff06f          	j	80000598 <command_task+0xfc>
80000970:	40b50633          	sub	a2,a0,a1
80000974:	02000593          	li	a1,32
80000978:	00160613          	addi	a2,a2,1
8000097c:	00b71863          	bne	a4,a1,8000098c <command_task+0x4f0>
80000980:	0017c703          	lbu	a4,1(a5)
80000984:	00178793          	addi	a5,a5,1
80000988:	feb70ce3          	beq	a4,a1,80000980 <command_task+0x4e4>
8000098c:	fc0602e3          	beqz	a2,80000950 <command_task+0x4b4>
80000990:	fc0710e3          	bnez	a4,80000950 <command_task+0x4b4>
80000994:	000187b7          	lui	a5,0x18
80000998:	00d12823          	sw	a3,16(sp)
8000099c:	69f78793          	addi	a5,a5,1695 # 1869f <_start-0x7ffe7961>
800009a0:	fff68693          	addi	a3,a3,-1
800009a4:	fad7e6e3          	bltu	a5,a3,80000950 <command_task+0x4b4>
800009a8:	800067b7          	lui	a5,0x80006
800009ac:	e587a703          	lw	a4,-424(a5) # 80005e58 <next_job_id>
800009b0:	800066b7          	lui	a3,0x80006
800009b4:	e986a503          	lw	a0,-360(a3) # 80005e98 <work_queue>
800009b8:	00170813          	addi	a6,a4,1
800009bc:	00000693          	li	a3,0
800009c0:	00000613          	li	a2,0
800009c4:	00c10593          	addi	a1,sp,12
800009c8:	e507ac23          	sw	a6,-424(a5)
800009cc:	00e12623          	sw	a4,12(sp)
800009d0:	00001097          	auipc	ra,0x1
800009d4:	fcc080e7          	jalr	-52(ra) # 8000199c <xQueueGenericSend>
800009d8:	00100793          	li	a5,1
800009dc:	00050413          	mv	s0,a0
800009e0:	04f50a63          	beq	a0,a5,80000a34 <command_task+0x598>
800009e4:	80006537          	lui	a0,0x80006
800009e8:	a5c50513          	addi	a0,a0,-1444 # 80005a5c <__clzsi2+0x45c>
800009ec:	00000097          	auipc	ra,0x0
800009f0:	49c080e7          	jalr	1180(ra) # 80000e88 <rtos_uart_write_line>
800009f4:	b99ff06f          	j	8000058c <command_task+0xf0>
800009f8:	800065b7          	lui	a1,0x80006
800009fc:	00810613          	addi	a2,sp,8
80000a00:	ac058593          	addi	a1,a1,-1344 # 80005ac0 <__clzsi2+0x4c0>
80000a04:	02010513          	addi	a0,sp,32
80000a08:	fffff097          	auipc	ra,0xfffff
80000a0c:	648080e7          	jalr	1608(ra) # 80000050 <command_match>
80000a10:	0e051263          	bnez	a0,80000af4 <command_task+0x658>
80000a14:	80006537          	lui	a0,0x80006
80000a18:	ad450513          	addi	a0,a0,-1324 # 80005ad4 <__clzsi2+0x4d4>
80000a1c:	00000097          	auipc	ra,0x0
80000a20:	300080e7          	jalr	768(ra) # 80000d1c <rtos_uart_write>
80000a24:	02010513          	addi	a0,sp,32
80000a28:	00000097          	auipc	ra,0x0
80000a2c:	460080e7          	jalr	1120(ra) # 80000e88 <rtos_uart_write_line>
80000a30:	b5dff06f          	j	8000058c <command_task+0xf0>
80000a34:	80006737          	lui	a4,0x80006
80000a38:	e7872783          	lw	a5,-392(a4) # 80005e78 <jobs_queued>
80000a3c:	80006537          	lui	a0,0x80006
80000a40:	a7450513          	addi	a0,a0,-1420 # 80005a74 <__clzsi2+0x474>
80000a44:	00178793          	addi	a5,a5,1
80000a48:	e6f72c23          	sw	a5,-392(a4)
80000a4c:	00000097          	auipc	ra,0x0
80000a50:	2d0080e7          	jalr	720(ra) # 80000d1c <rtos_uart_write>
80000a54:	00c12503          	lw	a0,12(sp)
80000a58:	00000097          	auipc	ra,0x0
80000a5c:	31c080e7          	jalr	796(ra) # 80000d74 <rtos_uart_write_u32>
80000a60:	80006537          	lui	a0,0x80006
80000a64:	a8450513          	addi	a0,a0,-1404 # 80005a84 <__clzsi2+0x484>
80000a68:	00000097          	auipc	ra,0x0
80000a6c:	2b4080e7          	jalr	692(ra) # 80000d1c <rtos_uart_write>
80000a70:	01012503          	lw	a0,16(sp)
80000a74:	00000097          	auipc	ra,0x0
80000a78:	300080e7          	jalr	768(ra) # 80000d74 <rtos_uart_write_u32>
80000a7c:	800057b7          	lui	a5,0x80005
80000a80:	6b878513          	addi	a0,a5,1720 # 800056b8 <__clzsi2+0xb8>
80000a84:	00000097          	auipc	ra,0x0
80000a88:	298080e7          	jalr	664(ra) # 80000d1c <rtos_uart_write>
80000a8c:	800067b7          	lui	a5,0x80006
80000a90:	e947a503          	lw	a0,-364(a5) # 80005e94 <result_queue>
80000a94:	01410593          	addi	a1,sp,20
80000a98:	fff00613          	li	a2,-1
80000a9c:	00001097          	auipc	ra,0x1
80000aa0:	494080e7          	jalr	1172(ra) # 80001f30 <xQueueReceive>
80000aa4:	06851463          	bne	a0,s0,80000b0c <command_task+0x670>
80000aa8:	80006537          	lui	a0,0x80006
80000aac:	aa450513          	addi	a0,a0,-1372 # 80005aa4 <__clzsi2+0x4a4>
80000ab0:	00000097          	auipc	ra,0x0
80000ab4:	26c080e7          	jalr	620(ra) # 80000d1c <rtos_uart_write>
80000ab8:	01412503          	lw	a0,20(sp)
80000abc:	00000097          	auipc	ra,0x0
80000ac0:	2b8080e7          	jalr	696(ra) # 80000d74 <rtos_uart_write_u32>
80000ac4:	80006537          	lui	a0,0x80006
80000ac8:	ab450513          	addi	a0,a0,-1356 # 80005ab4 <__clzsi2+0x4b4>
80000acc:	00000097          	auipc	ra,0x0
80000ad0:	250080e7          	jalr	592(ra) # 80000d1c <rtos_uart_write>
80000ad4:	01c12503          	lw	a0,28(sp)
80000ad8:	00000097          	auipc	ra,0x0
80000adc:	33c080e7          	jalr	828(ra) # 80000e14 <rtos_uart_write_hex32>
80000ae0:	800057b7          	lui	a5,0x80005
80000ae4:	6b878513          	addi	a0,a5,1720 # 800056b8 <__clzsi2+0xb8>
80000ae8:	00000097          	auipc	ra,0x0
80000aec:	234080e7          	jalr	564(ra) # 80000d1c <rtos_uart_write>
80000af0:	a9dff06f          	j	8000058c <command_task+0xf0>
80000af4:	80006537          	lui	a0,0x80006
80000af8:	ac850513          	addi	a0,a0,-1336 # 80005ac8 <__clzsi2+0x4c8>
80000afc:	00000097          	auipc	ra,0x0
80000b00:	38c080e7          	jalr	908(ra) # 80000e88 <rtos_uart_write_line>
80000b04:	00001097          	auipc	ra,0x1
80000b08:	8c4080e7          	jalr	-1852(ra) # 800013c8 <rtos_board_request_image_reload>
80000b0c:	80006537          	lui	a0,0x80006
80000b10:	a9450513          	addi	a0,a0,-1388 # 80005a94 <__clzsi2+0x494>
80000b14:	fffff097          	auipc	ra,0xfffff
80000b18:	5e0080e7          	jalr	1504(ra) # 800000f4 <fatal>

80000b1c <main>:
80000b1c:	ff010113          	addi	sp,sp,-16
80000b20:	80006537          	lui	a0,0x80006
80000b24:	00812423          	sw	s0,8(sp)
80000b28:	aec50513          	addi	a0,a0,-1300 # 80005aec <__clzsi2+0x4ec>
80000b2c:	80006437          	lui	s0,0x80006
80000b30:	ee840413          	addi	s0,s0,-280 # 80005ee8 <command_queue_tcb>
80000b34:	00112623          	sw	ra,12(sp)
80000b38:	00912223          	sw	s1,4(sp)
80000b3c:	01212023          	sw	s2,0(sp)
80000b40:	00000097          	auipc	ra,0x0
80000b44:	348080e7          	jalr	840(ra) # 80000e88 <rtos_uart_write_line>
80000b48:	00040693          	mv	a3,s0
80000b4c:	04840613          	addi	a2,s0,72
80000b50:	00000713          	li	a4,0
80000b54:	04000593          	li	a1,64
80000b58:	00400513          	li	a0,4
80000b5c:	00001097          	auipc	ra,0x1
80000b60:	cb8080e7          	jalr	-840(ra) # 80001814 <xQueueGenericCreateStatic>
80000b64:	800064b7          	lui	s1,0x80006
80000b68:	e8a4ae23          	sw	a0,-356(s1) # 80005e9c <command_queue>
80000b6c:	14840693          	addi	a3,s0,328
80000b70:	19040613          	addi	a2,s0,400
80000b74:	00000713          	li	a4,0
80000b78:	00800593          	li	a1,8
80000b7c:	00200513          	li	a0,2
80000b80:	00001097          	auipc	ra,0x1
80000b84:	c94080e7          	jalr	-876(ra) # 80001814 <xQueueGenericCreateStatic>
80000b88:	80006937          	lui	s2,0x80006
80000b8c:	e8a92c23          	sw	a0,-360(s2) # 80005e98 <work_queue>
80000b90:	00000713          	li	a4,0
80000b94:	1a040693          	addi	a3,s0,416
80000b98:	1e840613          	addi	a2,s0,488
80000b9c:	00c00593          	li	a1,12
80000ba0:	00200513          	li	a0,2
80000ba4:	00001097          	auipc	ra,0x1
80000ba8:	c70080e7          	jalr	-912(ra) # 80001814 <xQueueGenericCreateStatic>
80000bac:	e9c4a783          	lw	a5,-356(s1)
80000bb0:	80006737          	lui	a4,0x80006
80000bb4:	e8a72a23          	sw	a0,-364(a4) # 80005e94 <result_queue>
80000bb8:	0e078a63          	beqz	a5,80000cac <main+0x190>
80000bbc:	e9892783          	lw	a5,-360(s2)
80000bc0:	0e078663          	beqz	a5,80000cac <main+0x190>
80000bc4:	0e050463          	beqz	a0,80000cac <main+0x190>
80000bc8:	800065b7          	lui	a1,0x80006
80000bcc:	80000537          	lui	a0,0x80000
80000bd0:	b1058593          	addi	a1,a1,-1264 # 80005b10 <__clzsi2+0x510>
80000bd4:	22c50513          	addi	a0,a0,556 # 8000022c <rx_task>
80000bd8:	20040813          	addi	a6,s0,512
80000bdc:	24840793          	addi	a5,s0,584
80000be0:	00300713          	li	a4,3
80000be4:	00000693          	li	a3,0
80000be8:	18000613          	li	a2,384
80000bec:	00002097          	auipc	ra,0x2
80000bf0:	3ac080e7          	jalr	940(ra) # 80002f98 <xTaskCreateStatic>
80000bf4:	0c050c63          	beqz	a0,80000ccc <main+0x1b0>
80000bf8:	80007437          	lui	s0,0x80007
80000bfc:	ee840413          	addi	s0,s0,-280 # 80006ee8 <heartbeat_stack+0xe0>
80000c00:	800077b7          	lui	a5,0x80007
80000c04:	800065b7          	lui	a1,0x80006
80000c08:	80000537          	lui	a0,0x80000
80000c0c:	84840813          	addi	a6,s0,-1976
80000c10:	20878793          	addi	a5,a5,520 # 80007208 <command_stack>
80000c14:	b2458593          	addi	a1,a1,-1244 # 80005b24 <__clzsi2+0x524>
80000c18:	49c50513          	addi	a0,a0,1180 # 8000049c <command_task>
80000c1c:	00200713          	li	a4,2
80000c20:	00000693          	li	a3,0
80000c24:	20000613          	li	a2,512
80000c28:	00002097          	auipc	ra,0x2
80000c2c:	370080e7          	jalr	880(ra) # 80002f98 <xTaskCreateStatic>
80000c30:	08050663          	beqz	a0,80000cbc <main+0x1a0>
80000c34:	800065b7          	lui	a1,0x80006
80000c38:	80000537          	lui	a0,0x80000
80000c3c:	b4058593          	addi	a1,a1,-1216 # 80005b40 <__clzsi2+0x540>
80000c40:	13050513          	addi	a0,a0,304 # 80000130 <worker_task>
80000c44:	89040813          	addi	a6,s0,-1904
80000c48:	8d840793          	addi	a5,s0,-1832
80000c4c:	00100713          	li	a4,1
80000c50:	00000693          	li	a3,0
80000c54:	18000613          	li	a2,384
80000c58:	00002097          	auipc	ra,0x2
80000c5c:	340080e7          	jalr	832(ra) # 80002f98 <xTaskCreateStatic>
80000c60:	06050e63          	beqz	a0,80000cdc <main+0x1c0>
80000c64:	800065b7          	lui	a1,0x80006
80000c68:	80000537          	lui	a0,0x80000
80000c6c:	b5458593          	addi	a1,a1,-1196 # 80005b54 <__clzsi2+0x554>
80000c70:	0c850513          	addi	a0,a0,200 # 800000c8 <heartbeat_task>
80000c74:	ed840813          	addi	a6,s0,-296
80000c78:	f2040793          	addi	a5,s0,-224
80000c7c:	00100713          	li	a4,1
80000c80:	00000693          	li	a3,0
80000c84:	10000613          	li	a2,256
80000c88:	00002097          	auipc	ra,0x2
80000c8c:	310080e7          	jalr	784(ra) # 80002f98 <xTaskCreateStatic>
80000c90:	04050e63          	beqz	a0,80000cec <main+0x1d0>
80000c94:	00002097          	auipc	ra,0x2
80000c98:	6d8080e7          	jalr	1752(ra) # 8000336c <vTaskStartScheduler>
80000c9c:	80006537          	lui	a0,0x80006
80000ca0:	b7050513          	addi	a0,a0,-1168 # 80005b70 <__clzsi2+0x570>
80000ca4:	fffff097          	auipc	ra,0xfffff
80000ca8:	450080e7          	jalr	1104(ra) # 800000f4 <fatal>
80000cac:	80006537          	lui	a0,0x80006
80000cb0:	b0050513          	addi	a0,a0,-1280 # 80005b00 <__clzsi2+0x500>
80000cb4:	fffff097          	auipc	ra,0xfffff
80000cb8:	440080e7          	jalr	1088(ra) # 800000f4 <fatal>
80000cbc:	80006537          	lui	a0,0x80006
80000cc0:	b3050513          	addi	a0,a0,-1232 # 80005b30 <__clzsi2+0x530>
80000cc4:	fffff097          	auipc	ra,0xfffff
80000cc8:	430080e7          	jalr	1072(ra) # 800000f4 <fatal>
80000ccc:	80006537          	lui	a0,0x80006
80000cd0:	b1c50513          	addi	a0,a0,-1252 # 80005b1c <__clzsi2+0x51c>
80000cd4:	fffff097          	auipc	ra,0xfffff
80000cd8:	420080e7          	jalr	1056(ra) # 800000f4 <fatal>
80000cdc:	80006537          	lui	a0,0x80006
80000ce0:	b4850513          	addi	a0,a0,-1208 # 80005b48 <__clzsi2+0x548>
80000ce4:	fffff097          	auipc	ra,0xfffff
80000ce8:	410080e7          	jalr	1040(ra) # 800000f4 <fatal>
80000cec:	80006537          	lui	a0,0x80006
80000cf0:	b6050513          	addi	a0,a0,-1184 # 80005b60 <__clzsi2+0x560>
80000cf4:	fffff097          	auipc	ra,0xfffff
80000cf8:	400080e7          	jalr	1024(ra) # 800000f4 <fatal>

80000cfc <rtos_uart_putc>:
80000cfc:	40000737          	lui	a4,0x40000
80000d00:	00470713          	addi	a4,a4,4 # 40000004 <_start-0x3ffffffc>
80000d04:	400006b7          	lui	a3,0x40000
80000d08:	00072783          	lw	a5,0(a4)
80000d0c:	0017f793          	andi	a5,a5,1
80000d10:	fe078ce3          	beqz	a5,80000d08 <rtos_uart_putc+0xc>
80000d14:	00a6a023          	sw	a0,0(a3) # 40000000 <_start-0x40000000>
80000d18:	00008067          	ret

80000d1c <rtos_uart_write>:
80000d1c:	00054783          	lbu	a5,0(a0)
80000d20:	02078e63          	beqz	a5,80000d5c <rtos_uart_write+0x40>
80000d24:	40000737          	lui	a4,0x40000
80000d28:	00470713          	addi	a4,a4,4 # 40000004 <_start-0x3ffffffc>
80000d2c:	00a00593          	li	a1,10
80000d30:	40000637          	lui	a2,0x40000
80000d34:	00d00813          	li	a6,13
80000d38:	02b78463          	beq	a5,a1,80000d60 <rtos_uart_write+0x44>
80000d3c:	00054683          	lbu	a3,0(a0)
80000d40:	00072783          	lw	a5,0(a4)
80000d44:	0017f793          	andi	a5,a5,1
80000d48:	fe078ce3          	beqz	a5,80000d40 <rtos_uart_write+0x24>
80000d4c:	00d62023          	sw	a3,0(a2) # 40000000 <_start-0x40000000>
80000d50:	00154783          	lbu	a5,1(a0)
80000d54:	00150513          	addi	a0,a0,1
80000d58:	fe0790e3          	bnez	a5,80000d38 <rtos_uart_write+0x1c>
80000d5c:	00008067          	ret
80000d60:	00072783          	lw	a5,0(a4)
80000d64:	0017f793          	andi	a5,a5,1
80000d68:	fe078ce3          	beqz	a5,80000d60 <rtos_uart_write+0x44>
80000d6c:	01062023          	sw	a6,0(a2)
80000d70:	fcdff06f          	j	80000d3c <rtos_uart_write+0x20>

80000d74 <rtos_uart_write_u32>:
80000d74:	06050e63          	beqz	a0,80000df0 <rtos_uart_write_u32+0x7c>
80000d78:	ff010113          	addi	sp,sp,-16
80000d7c:	00410813          	addi	a6,sp,4
80000d80:	ccccd5b7          	lui	a1,0xccccd
80000d84:	00080693          	mv	a3,a6
80000d88:	ccd58593          	addi	a1,a1,-819 # cccccccd <__stack_top+0x4cc4cccd>
80000d8c:	00900893          	li	a7,9
80000d90:	02b537b3          	mulhu	a5,a0,a1
80000d94:	00050613          	mv	a2,a0
80000d98:	00168693          	addi	a3,a3,1
80000d9c:	0037d793          	srli	a5,a5,0x3
80000da0:	00279713          	slli	a4,a5,0x2
80000da4:	00f70733          	add	a4,a4,a5
80000da8:	00171713          	slli	a4,a4,0x1
80000dac:	40e50533          	sub	a0,a0,a4
80000db0:	03050513          	addi	a0,a0,48
80000db4:	fea68fa3          	sb	a0,-1(a3)
80000db8:	00078513          	mv	a0,a5
80000dbc:	fcc8eae3          	bltu	a7,a2,80000d90 <rtos_uart_write_u32+0x1c>
80000dc0:	40000737          	lui	a4,0x40000
80000dc4:	00470713          	addi	a4,a4,4 # 40000004 <_start-0x3ffffffc>
80000dc8:	400005b7          	lui	a1,0x40000
80000dcc:	fff6c603          	lbu	a2,-1(a3)
80000dd0:	00072783          	lw	a5,0(a4)
80000dd4:	0017f793          	andi	a5,a5,1
80000dd8:	fe078ce3          	beqz	a5,80000dd0 <rtos_uart_write_u32+0x5c>
80000ddc:	00c5a023          	sw	a2,0(a1) # 40000000 <_start-0x40000000>
80000de0:	fff68693          	addi	a3,a3,-1
80000de4:	fed814e3          	bne	a6,a3,80000dcc <rtos_uart_write_u32+0x58>
80000de8:	01010113          	addi	sp,sp,16
80000dec:	00008067          	ret
80000df0:	40000737          	lui	a4,0x40000
80000df4:	00470713          	addi	a4,a4,4 # 40000004 <_start-0x3ffffffc>
80000df8:	400006b7          	lui	a3,0x40000
80000dfc:	00072783          	lw	a5,0(a4)
80000e00:	0017f793          	andi	a5,a5,1
80000e04:	fe078ce3          	beqz	a5,80000dfc <rtos_uart_write_u32+0x88>
80000e08:	03000793          	li	a5,48
80000e0c:	00f6a023          	sw	a5,0(a3) # 40000000 <_start-0x40000000>
80000e10:	00008067          	ret

80000e14 <rtos_uart_write_hex32>:
80000e14:	ff010113          	addi	sp,sp,-16
80000e18:	800067b7          	lui	a5,0x80006
80000e1c:	00812423          	sw	s0,8(sp)
80000e20:	00050413          	mv	s0,a0
80000e24:	b8478513          	addi	a0,a5,-1148 # 80005b84 <__clzsi2+0x584>
80000e28:	00112623          	sw	ra,12(sp)
80000e2c:	00000097          	auipc	ra,0x0
80000e30:	ef0080e7          	jalr	-272(ra) # 80000d1c <rtos_uart_write>
80000e34:	800065b7          	lui	a1,0x80006
80000e38:	40000737          	lui	a4,0x40000
80000e3c:	d0c58593          	addi	a1,a1,-756 # 80005d0c <hex.0>
80000e40:	00470713          	addi	a4,a4,4 # 40000004 <_start-0x3ffffffc>
80000e44:	01c00693          	li	a3,28
80000e48:	40000537          	lui	a0,0x40000
80000e4c:	00d457b3          	srl	a5,s0,a3
80000e50:	00f7f793          	andi	a5,a5,15
80000e54:	00f587b3          	add	a5,a1,a5
80000e58:	0007c603          	lbu	a2,0(a5)
80000e5c:	00072783          	lw	a5,0(a4)
80000e60:	0017f793          	andi	a5,a5,1
80000e64:	fe078ce3          	beqz	a5,80000e5c <rtos_uart_write_hex32+0x48>
80000e68:	00c52023          	sw	a2,0(a0) # 40000000 <_start-0x40000000>
80000e6c:	00068663          	beqz	a3,80000e78 <rtos_uart_write_hex32+0x64>
80000e70:	ffc68693          	addi	a3,a3,-4
80000e74:	fd9ff06f          	j	80000e4c <rtos_uart_write_hex32+0x38>
80000e78:	00c12083          	lw	ra,12(sp)
80000e7c:	00812403          	lw	s0,8(sp)
80000e80:	01010113          	addi	sp,sp,16
80000e84:	00008067          	ret

80000e88 <rtos_uart_write_line>:
80000e88:	ff010113          	addi	sp,sp,-16
80000e8c:	00112623          	sw	ra,12(sp)
80000e90:	00000097          	auipc	ra,0x0
80000e94:	e8c080e7          	jalr	-372(ra) # 80000d1c <rtos_uart_write>
80000e98:	00c12083          	lw	ra,12(sp)
80000e9c:	80005537          	lui	a0,0x80005
80000ea0:	6b850513          	addi	a0,a0,1720 # 800056b8 <__clzsi2+0xb8>
80000ea4:	01010113          	addi	sp,sp,16
80000ea8:	00000317          	auipc	t1,0x0
80000eac:	e7430067          	jr	-396(t1) # 80000d1c <rtos_uart_write>

80000eb0 <rtos_uart_wait_tx_idle>:
80000eb0:	40000737          	lui	a4,0x40000
80000eb4:	00470713          	addi	a4,a4,4 # 40000004 <_start-0x3ffffffc>
80000eb8:	00072783          	lw	a5,0(a4)
80000ebc:	0017f793          	andi	a5,a5,1
80000ec0:	fe078ce3          	beqz	a5,80000eb8 <rtos_uart_wait_tx_idle+0x8>
80000ec4:	00008067          	ret

80000ec8 <rtos_uart_try_getc>:
80000ec8:	400007b7          	lui	a5,0x40000
80000ecc:	00c78793          	addi	a5,a5,12 # 4000000c <_start-0x3ffffff4>
80000ed0:	0007a783          	lw	a5,0(a5)
80000ed4:	00058863          	beqz	a1,80000ee4 <rtos_uart_try_getc+0x1c>
80000ed8:	0017d713          	srli	a4,a5,0x1
80000edc:	00177713          	andi	a4,a4,1
80000ee0:	00e5a023          	sw	a4,0(a1)
80000ee4:	0017f793          	andi	a5,a5,1
80000ee8:	00000713          	li	a4,0
80000eec:	00078c63          	beqz	a5,80000f04 <rtos_uart_try_getc+0x3c>
80000ef0:	400007b7          	lui	a5,0x40000
80000ef4:	00878793          	addi	a5,a5,8 # 40000008 <_start-0x3ffffff8>
80000ef8:	0007a783          	lw	a5,0(a5)
80000efc:	00100713          	li	a4,1
80000f00:	00f50023          	sb	a5,0(a0)
80000f04:	00070513          	mv	a0,a4
80000f08:	00008067          	ret

80000f0c <vAssertCalled>:
80000f0c:	fe010113          	addi	sp,sp,-32
80000f10:	01212823          	sw	s2,16(sp)
80000f14:	01312623          	sw	s3,12(sp)
80000f18:	00112e23          	sw	ra,28(sp)
80000f1c:	00812c23          	sw	s0,24(sp)
80000f20:	00912a23          	sw	s1,20(sp)
80000f24:	00050993          	mv	s3,a0
80000f28:	00058913          	mv	s2,a1
80000f2c:	00008493          	mv	s1,ra
80000f30:	00010413          	mv	s0,sp
80000f34:	30047073          	csrci	mstatus,8
80000f38:	80006537          	lui	a0,0x80006
80000f3c:	b8850513          	addi	a0,a0,-1144 # 80005b88 <__clzsi2+0x588>
80000f40:	00000097          	auipc	ra,0x0
80000f44:	ddc080e7          	jalr	-548(ra) # 80000d1c <rtos_uart_write>
80000f48:	00098513          	mv	a0,s3
80000f4c:	00000097          	auipc	ra,0x0
80000f50:	ec8080e7          	jalr	-312(ra) # 80000e14 <rtos_uart_write_hex32>
80000f54:	80006537          	lui	a0,0x80006
80000f58:	b9c50513          	addi	a0,a0,-1124 # 80005b9c <__clzsi2+0x59c>
80000f5c:	00000097          	auipc	ra,0x0
80000f60:	dc0080e7          	jalr	-576(ra) # 80000d1c <rtos_uart_write>
80000f64:	00090513          	mv	a0,s2
80000f68:	00000097          	auipc	ra,0x0
80000f6c:	eac080e7          	jalr	-340(ra) # 80000e14 <rtos_uart_write_hex32>
80000f70:	80006537          	lui	a0,0x80006
80000f74:	ba450513          	addi	a0,a0,-1116 # 80005ba4 <__clzsi2+0x5a4>
80000f78:	00000097          	auipc	ra,0x0
80000f7c:	da4080e7          	jalr	-604(ra) # 80000d1c <rtos_uart_write>
80000f80:	00048513          	mv	a0,s1
80000f84:	00000097          	auipc	ra,0x0
80000f88:	e90080e7          	jalr	-368(ra) # 80000e14 <rtos_uart_write_hex32>
80000f8c:	80006537          	lui	a0,0x80006
80000f90:	bac50513          	addi	a0,a0,-1108 # 80005bac <__clzsi2+0x5ac>
80000f94:	00000097          	auipc	ra,0x0
80000f98:	d88080e7          	jalr	-632(ra) # 80000d1c <rtos_uart_write>
80000f9c:	800067b7          	lui	a5,0x80006
80000fa0:	ed07a503          	lw	a0,-304(a5) # 80005ed0 <pxCurrentTCB>
80000fa4:	00000097          	auipc	ra,0x0
80000fa8:	e70080e7          	jalr	-400(ra) # 80000e14 <rtos_uart_write_hex32>
80000fac:	80006537          	lui	a0,0x80006
80000fb0:	bb450513          	addi	a0,a0,-1100 # 80005bb4 <__clzsi2+0x5b4>
80000fb4:	00000097          	auipc	ra,0x0
80000fb8:	d68080e7          	jalr	-664(ra) # 80000d1c <rtos_uart_write>
80000fbc:	00040513          	mv	a0,s0
80000fc0:	00000097          	auipc	ra,0x0
80000fc4:	e54080e7          	jalr	-428(ra) # 80000e14 <rtos_uart_write_hex32>
80000fc8:	80005537          	lui	a0,0x80005
80000fcc:	6b850513          	addi	a0,a0,1720 # 800056b8 <__clzsi2+0xb8>
80000fd0:	00000097          	auipc	ra,0x0
80000fd4:	d4c080e7          	jalr	-692(ra) # 80000d1c <rtos_uart_write>
80000fd8:	00000013          	nop
80000fdc:	00000013          	nop
80000fe0:	ff9ff06f          	j	80000fd8 <vAssertCalled+0xcc>

80000fe4 <vApplicationGetIdleTaskMemory>:
80000fe4:	800087b7          	lui	a5,0x80008
80000fe8:	a0878793          	addi	a5,a5,-1528 # 80007a08 <idle_tcb>
80000fec:	00f52023          	sw	a5,0(a0)
80000ff0:	04878793          	addi	a5,a5,72
80000ff4:	00f5a023          	sw	a5,0(a1)
80000ff8:	10000793          	li	a5,256
80000ffc:	00f62023          	sw	a5,0(a2)
80001000:	00008067          	ret

80001004 <vApplicationStackOverflowHook>:
80001004:	ff010113          	addi	sp,sp,-16
80001008:	00812423          	sw	s0,8(sp)
8000100c:	00112623          	sw	ra,12(sp)
80001010:	00058413          	mv	s0,a1
80001014:	30047073          	csrci	mstatus,8
80001018:	80006537          	lui	a0,0x80006
8000101c:	bc850513          	addi	a0,a0,-1080 # 80005bc8 <__clzsi2+0x5c8>
80001020:	00000097          	auipc	ra,0x0
80001024:	cfc080e7          	jalr	-772(ra) # 80000d1c <rtos_uart_write>
80001028:	00040e63          	beqz	s0,80001044 <vApplicationStackOverflowHook+0x40>
8000102c:	00040513          	mv	a0,s0
80001030:	00000097          	auipc	ra,0x0
80001034:	e58080e7          	jalr	-424(ra) # 80000e88 <rtos_uart_write_line>
80001038:	00000013          	nop
8000103c:	00000013          	nop
80001040:	ff9ff06f          	j	80001038 <vApplicationStackOverflowHook+0x34>
80001044:	80006437          	lui	s0,0x80006
80001048:	bbc40413          	addi	s0,s0,-1092 # 80005bbc <__clzsi2+0x5bc>
8000104c:	fe1ff06f          	j	8000102c <vApplicationStackOverflowHook+0x28>

80001050 <freertos_risc_v_application_exception_handler>:
80001050:	fe010113          	addi	sp,sp,-32
80001054:	01512223          	sw	s5,4(sp)
80001058:	01612023          	sw	s6,0(sp)
8000105c:	00112e23          	sw	ra,28(sp)
80001060:	00812c23          	sw	s0,24(sp)
80001064:	00912a23          	sw	s1,20(sp)
80001068:	01212823          	sw	s2,16(sp)
8000106c:	01312623          	sw	s3,12(sp)
80001070:	01412423          	sw	s4,8(sp)
80001074:	00050b13          	mv	s6,a0
80001078:	00058a93          	mv	s5,a1
8000107c:	00010413          	mv	s0,sp
80001080:	34302a73          	csrr	s4,mtval
80001084:	300029f3          	csrr	s3,mstatus
80001088:	30402973          	csrr	s2,mie
8000108c:	344024f3          	csrr	s1,mip
80001090:	30047073          	csrci	mstatus,8
80001094:	80006537          	lui	a0,0x80006
80001098:	be050513          	addi	a0,a0,-1056 # 80005be0 <__clzsi2+0x5e0>
8000109c:	00000097          	auipc	ra,0x0
800010a0:	c80080e7          	jalr	-896(ra) # 80000d1c <rtos_uart_write>
800010a4:	000b0513          	mv	a0,s6
800010a8:	00000097          	auipc	ra,0x0
800010ac:	d6c080e7          	jalr	-660(ra) # 80000e14 <rtos_uart_write_hex32>
800010b0:	80006537          	lui	a0,0x80006
800010b4:	bfc50513          	addi	a0,a0,-1028 # 80005bfc <__clzsi2+0x5fc>
800010b8:	00000097          	auipc	ra,0x0
800010bc:	c64080e7          	jalr	-924(ra) # 80000d1c <rtos_uart_write>
800010c0:	000a8513          	mv	a0,s5
800010c4:	00000097          	auipc	ra,0x0
800010c8:	d50080e7          	jalr	-688(ra) # 80000e14 <rtos_uart_write_hex32>
800010cc:	80006537          	lui	a0,0x80006
800010d0:	c0450513          	addi	a0,a0,-1020 # 80005c04 <__clzsi2+0x604>
800010d4:	00000097          	auipc	ra,0x0
800010d8:	c48080e7          	jalr	-952(ra) # 80000d1c <rtos_uart_write>
800010dc:	000a0513          	mv	a0,s4
800010e0:	00000097          	auipc	ra,0x0
800010e4:	d34080e7          	jalr	-716(ra) # 80000e14 <rtos_uart_write_hex32>
800010e8:	80006537          	lui	a0,0x80006
800010ec:	c0c50513          	addi	a0,a0,-1012 # 80005c0c <__clzsi2+0x60c>
800010f0:	00000097          	auipc	ra,0x0
800010f4:	c2c080e7          	jalr	-980(ra) # 80000d1c <rtos_uart_write>
800010f8:	00098513          	mv	a0,s3
800010fc:	00000097          	auipc	ra,0x0
80001100:	d18080e7          	jalr	-744(ra) # 80000e14 <rtos_uart_write_hex32>
80001104:	80006537          	lui	a0,0x80006
80001108:	c1850513          	addi	a0,a0,-1000 # 80005c18 <__clzsi2+0x618>
8000110c:	00000097          	auipc	ra,0x0
80001110:	c10080e7          	jalr	-1008(ra) # 80000d1c <rtos_uart_write>
80001114:	00090513          	mv	a0,s2
80001118:	00000097          	auipc	ra,0x0
8000111c:	cfc080e7          	jalr	-772(ra) # 80000e14 <rtos_uart_write_hex32>
80001120:	80006537          	lui	a0,0x80006
80001124:	c2050513          	addi	a0,a0,-992 # 80005c20 <__clzsi2+0x620>
80001128:	00000097          	auipc	ra,0x0
8000112c:	bf4080e7          	jalr	-1036(ra) # 80000d1c <rtos_uart_write>
80001130:	00048513          	mv	a0,s1
80001134:	00000097          	auipc	ra,0x0
80001138:	ce0080e7          	jalr	-800(ra) # 80000e14 <rtos_uart_write_hex32>
8000113c:	80006537          	lui	a0,0x80006
80001140:	bac50513          	addi	a0,a0,-1108 # 80005bac <__clzsi2+0x5ac>
80001144:	00000097          	auipc	ra,0x0
80001148:	bd8080e7          	jalr	-1064(ra) # 80000d1c <rtos_uart_write>
8000114c:	800067b7          	lui	a5,0x80006
80001150:	ed07a503          	lw	a0,-304(a5) # 80005ed0 <pxCurrentTCB>
80001154:	00000097          	auipc	ra,0x0
80001158:	cc0080e7          	jalr	-832(ra) # 80000e14 <rtos_uart_write_hex32>
8000115c:	80006537          	lui	a0,0x80006
80001160:	bb450513          	addi	a0,a0,-1100 # 80005bb4 <__clzsi2+0x5b4>
80001164:	00000097          	auipc	ra,0x0
80001168:	bb8080e7          	jalr	-1096(ra) # 80000d1c <rtos_uart_write>
8000116c:	00040513          	mv	a0,s0
80001170:	00000097          	auipc	ra,0x0
80001174:	ca4080e7          	jalr	-860(ra) # 80000e14 <rtos_uart_write_hex32>
80001178:	80005537          	lui	a0,0x80005
8000117c:	6b850513          	addi	a0,a0,1720 # 800056b8 <__clzsi2+0xb8>
80001180:	00000097          	auipc	ra,0x0
80001184:	b9c080e7          	jalr	-1124(ra) # 80000d1c <rtos_uart_write>
80001188:	00000013          	nop
8000118c:	00000013          	nop
80001190:	ff9ff06f          	j	80001188 <freertos_risc_v_application_exception_handler+0x138>

80001194 <freertos_risc_v_application_interrupt_handler>:
80001194:	fe010113          	addi	sp,sp,-32
80001198:	01612023          	sw	s6,0(sp)
8000119c:	00112e23          	sw	ra,28(sp)
800011a0:	00812c23          	sw	s0,24(sp)
800011a4:	00912a23          	sw	s1,20(sp)
800011a8:	01212823          	sw	s2,16(sp)
800011ac:	01312623          	sw	s3,12(sp)
800011b0:	01412423          	sw	s4,8(sp)
800011b4:	01512223          	sw	s5,4(sp)
800011b8:	00050b13          	mv	s6,a0
800011bc:	00010413          	mv	s0,sp
800011c0:	34102af3          	csrr	s5,mepc
800011c4:	34302a73          	csrr	s4,mtval
800011c8:	300029f3          	csrr	s3,mstatus
800011cc:	30402973          	csrr	s2,mie
800011d0:	344024f3          	csrr	s1,mip
800011d4:	30047073          	csrci	mstatus,8
800011d8:	80006537          	lui	a0,0x80006
800011dc:	c2850513          	addi	a0,a0,-984 # 80005c28 <__clzsi2+0x628>
800011e0:	00000097          	auipc	ra,0x0
800011e4:	b3c080e7          	jalr	-1220(ra) # 80000d1c <rtos_uart_write>
800011e8:	000b0513          	mv	a0,s6
800011ec:	00000097          	auipc	ra,0x0
800011f0:	c28080e7          	jalr	-984(ra) # 80000e14 <rtos_uart_write_hex32>
800011f4:	80006537          	lui	a0,0x80006
800011f8:	bfc50513          	addi	a0,a0,-1028 # 80005bfc <__clzsi2+0x5fc>
800011fc:	00000097          	auipc	ra,0x0
80001200:	b20080e7          	jalr	-1248(ra) # 80000d1c <rtos_uart_write>
80001204:	000a8513          	mv	a0,s5
80001208:	00000097          	auipc	ra,0x0
8000120c:	c0c080e7          	jalr	-1012(ra) # 80000e14 <rtos_uart_write_hex32>
80001210:	80006537          	lui	a0,0x80006
80001214:	c0450513          	addi	a0,a0,-1020 # 80005c04 <__clzsi2+0x604>
80001218:	00000097          	auipc	ra,0x0
8000121c:	b04080e7          	jalr	-1276(ra) # 80000d1c <rtos_uart_write>
80001220:	000a0513          	mv	a0,s4
80001224:	00000097          	auipc	ra,0x0
80001228:	bf0080e7          	jalr	-1040(ra) # 80000e14 <rtos_uart_write_hex32>
8000122c:	80006537          	lui	a0,0x80006
80001230:	c0c50513          	addi	a0,a0,-1012 # 80005c0c <__clzsi2+0x60c>
80001234:	00000097          	auipc	ra,0x0
80001238:	ae8080e7          	jalr	-1304(ra) # 80000d1c <rtos_uart_write>
8000123c:	00098513          	mv	a0,s3
80001240:	00000097          	auipc	ra,0x0
80001244:	bd4080e7          	jalr	-1068(ra) # 80000e14 <rtos_uart_write_hex32>
80001248:	80006537          	lui	a0,0x80006
8000124c:	c1850513          	addi	a0,a0,-1000 # 80005c18 <__clzsi2+0x618>
80001250:	00000097          	auipc	ra,0x0
80001254:	acc080e7          	jalr	-1332(ra) # 80000d1c <rtos_uart_write>
80001258:	00090513          	mv	a0,s2
8000125c:	00000097          	auipc	ra,0x0
80001260:	bb8080e7          	jalr	-1096(ra) # 80000e14 <rtos_uart_write_hex32>
80001264:	80006537          	lui	a0,0x80006
80001268:	c2050513          	addi	a0,a0,-992 # 80005c20 <__clzsi2+0x620>
8000126c:	00000097          	auipc	ra,0x0
80001270:	ab0080e7          	jalr	-1360(ra) # 80000d1c <rtos_uart_write>
80001274:	00048513          	mv	a0,s1
80001278:	00000097          	auipc	ra,0x0
8000127c:	b9c080e7          	jalr	-1124(ra) # 80000e14 <rtos_uart_write_hex32>
80001280:	80006537          	lui	a0,0x80006
80001284:	bac50513          	addi	a0,a0,-1108 # 80005bac <__clzsi2+0x5ac>
80001288:	00000097          	auipc	ra,0x0
8000128c:	a94080e7          	jalr	-1388(ra) # 80000d1c <rtos_uart_write>
80001290:	800067b7          	lui	a5,0x80006
80001294:	ed07a503          	lw	a0,-304(a5) # 80005ed0 <pxCurrentTCB>
80001298:	00000097          	auipc	ra,0x0
8000129c:	b7c080e7          	jalr	-1156(ra) # 80000e14 <rtos_uart_write_hex32>
800012a0:	80006537          	lui	a0,0x80006
800012a4:	bb450513          	addi	a0,a0,-1100 # 80005bb4 <__clzsi2+0x5b4>
800012a8:	00000097          	auipc	ra,0x0
800012ac:	a74080e7          	jalr	-1420(ra) # 80000d1c <rtos_uart_write>
800012b0:	00040513          	mv	a0,s0
800012b4:	00000097          	auipc	ra,0x0
800012b8:	b60080e7          	jalr	-1184(ra) # 80000e14 <rtos_uart_write_hex32>
800012bc:	80005537          	lui	a0,0x80005
800012c0:	6b850513          	addi	a0,a0,1720 # 800056b8 <__clzsi2+0xb8>
800012c4:	00000097          	auipc	ra,0x0
800012c8:	a58080e7          	jalr	-1448(ra) # 80000d1c <rtos_uart_write>
800012cc:	00000013          	nop
800012d0:	00000013          	nop
800012d4:	ff9ff06f          	j	800012cc <freertos_risc_v_application_interrupt_handler+0x138>

800012d8 <memset>:
800012d8:	00050793          	mv	a5,a0
800012dc:	00c50733          	add	a4,a0,a2
800012e0:	00060863          	beqz	a2,800012f0 <memset+0x18>
800012e4:	00b78023          	sb	a1,0(a5)
800012e8:	00178793          	addi	a5,a5,1
800012ec:	fee79ce3          	bne	a5,a4,800012e4 <memset+0xc>
800012f0:	00008067          	ret

800012f4 <memcpy>:
800012f4:	02060063          	beqz	a2,80001314 <memcpy+0x20>
800012f8:	00c58633          	add	a2,a1,a2
800012fc:	00050793          	mv	a5,a0
80001300:	0005c703          	lbu	a4,0(a1)
80001304:	00158593          	addi	a1,a1,1
80001308:	00178793          	addi	a5,a5,1
8000130c:	fee78fa3          	sb	a4,-1(a5)
80001310:	fec598e3          	bne	a1,a2,80001300 <memcpy+0xc>
80001314:	00008067          	ret

80001318 <memmove>:
80001318:	04b50263          	beq	a0,a1,8000135c <memmove+0x44>
8000131c:	04060063          	beqz	a2,8000135c <memmove+0x44>
80001320:	02b57263          	bgeu	a0,a1,80001344 <memmove+0x2c>
80001324:	00000793          	li	a5,0
80001328:	00f58733          	add	a4,a1,a5
8000132c:	00074683          	lbu	a3,0(a4)
80001330:	00f50733          	add	a4,a0,a5
80001334:	00178793          	addi	a5,a5,1
80001338:	00d70023          	sb	a3,0(a4)
8000133c:	fec7e6e3          	bltu	a5,a2,80001328 <memmove+0x10>
80001340:	00008067          	ret
80001344:	fff60613          	addi	a2,a2,-1
80001348:	00c587b3          	add	a5,a1,a2
8000134c:	0007c703          	lbu	a4,0(a5)
80001350:	00c507b3          	add	a5,a0,a2
80001354:	00e78023          	sb	a4,0(a5)
80001358:	fe0616e3          	bnez	a2,80001344 <memmove+0x2c>
8000135c:	00008067          	ret

80001360 <memcmp>:
80001360:	02060663          	beqz	a2,8000138c <memcmp+0x2c>
80001364:	00c50633          	add	a2,a0,a2
80001368:	0080006f          	j	80001370 <memcmp+0x10>
8000136c:	02c50063          	beq	a0,a2,8000138c <memcmp+0x2c>
80001370:	00054783          	lbu	a5,0(a0)
80001374:	0005c703          	lbu	a4,0(a1)
80001378:	00150513          	addi	a0,a0,1
8000137c:	00158593          	addi	a1,a1,1
80001380:	fee786e3          	beq	a5,a4,8000136c <memcmp+0xc>
80001384:	40e78533          	sub	a0,a5,a4
80001388:	00008067          	ret
8000138c:	00000513          	li	a0,0
80001390:	00008067          	ret

80001394 <strlen>:
80001394:	00054783          	lbu	a5,0(a0)
80001398:	00078c63          	beqz	a5,800013b0 <strlen+0x1c>
8000139c:	00000793          	li	a5,0
800013a0:	00178793          	addi	a5,a5,1
800013a4:	00f50733          	add	a4,a0,a5
800013a8:	00074703          	lbu	a4,0(a4)
800013ac:	fe071ae3          	bnez	a4,800013a0 <strlen+0xc>
800013b0:	00078513          	mv	a0,a5
800013b4:	00008067          	ret

800013b8 <rtos_board_disable_external_interrupts>:
800013b8:	000017b7          	lui	a5,0x1
800013bc:	80078793          	addi	a5,a5,-2048 # 800 <_start-0x7ffff800>
800013c0:	3047b073          	csrc	mie,a5
800013c4:	00008067          	ret

800013c8 <rtos_board_request_image_reload>:
800013c8:	ff010113          	addi	sp,sp,-16
800013cc:	00112623          	sw	ra,12(sp)
800013d0:	00000097          	auipc	ra,0x0
800013d4:	ae0080e7          	jalr	-1312(ra) # 80000eb0 <rtos_uart_wait_tx_idle>
800013d8:	0ff0000f          	fence
800013dc:	400007b7          	lui	a5,0x40000
800013e0:	00100713          	li	a4,1
800013e4:	00e7aa23          	sw	a4,20(a5) # 40000014 <_start-0x3fffffec>
800013e8:	0ff0000f          	fence
800013ec:	00000013          	nop
800013f0:	00000013          	nop
800013f4:	ff9ff06f          	j	800013ec <rtos_board_request_image_reload+0x24>

800013f8 <vListInitialise>:
800013f8:	00850793          	addi	a5,a0,8
800013fc:	fff00713          	li	a4,-1
80001400:	00052023          	sw	zero,0(a0)
80001404:	00e52423          	sw	a4,8(a0)
80001408:	00f52223          	sw	a5,4(a0)
8000140c:	00f52623          	sw	a5,12(a0)
80001410:	00f52823          	sw	a5,16(a0)
80001414:	00008067          	ret

80001418 <vListInitialiseItem>:
80001418:	00052823          	sw	zero,16(a0)
8000141c:	00008067          	ret

80001420 <vListInsertEnd>:
80001420:	00452703          	lw	a4,4(a0)
80001424:	00052783          	lw	a5,0(a0)
80001428:	00872683          	lw	a3,8(a4)
8000142c:	00e5a223          	sw	a4,4(a1)
80001430:	00178793          	addi	a5,a5,1
80001434:	00d5a423          	sw	a3,8(a1)
80001438:	00b6a223          	sw	a1,4(a3)
8000143c:	00b72423          	sw	a1,8(a4)
80001440:	00a5a823          	sw	a0,16(a1)
80001444:	00f52023          	sw	a5,0(a0)
80001448:	00008067          	ret

8000144c <vListInsert>:
8000144c:	0005a603          	lw	a2,0(a1)
80001450:	fff00713          	li	a4,-1
80001454:	00850793          	addi	a5,a0,8
80001458:	02e60c63          	beq	a2,a4,80001490 <vListInsert+0x44>
8000145c:	00078693          	mv	a3,a5
80001460:	0047a783          	lw	a5,4(a5)
80001464:	0007a703          	lw	a4,0(a5)
80001468:	fee67ae3          	bgeu	a2,a4,8000145c <vListInsert+0x10>
8000146c:	00f5a223          	sw	a5,4(a1)
80001470:	00b7a423          	sw	a1,8(a5)
80001474:	00052783          	lw	a5,0(a0)
80001478:	00d5a423          	sw	a3,8(a1)
8000147c:	00b6a223          	sw	a1,4(a3)
80001480:	00a5a823          	sw	a0,16(a1)
80001484:	00178793          	addi	a5,a5,1
80001488:	00f52023          	sw	a5,0(a0)
8000148c:	00008067          	ret
80001490:	01052683          	lw	a3,16(a0)
80001494:	0046a783          	lw	a5,4(a3)
80001498:	fd5ff06f          	j	8000146c <vListInsert+0x20>

8000149c <uxListRemove>:
8000149c:	01052703          	lw	a4,16(a0)
800014a0:	00452683          	lw	a3,4(a0)
800014a4:	00852783          	lw	a5,8(a0)
800014a8:	00472603          	lw	a2,4(a4)
800014ac:	00f6a423          	sw	a5,8(a3)
800014b0:	00d7a223          	sw	a3,4(a5)
800014b4:	00a60c63          	beq	a2,a0,800014cc <uxListRemove+0x30>
800014b8:	00072783          	lw	a5,0(a4)
800014bc:	00052823          	sw	zero,16(a0)
800014c0:	fff78513          	addi	a0,a5,-1
800014c4:	00a72023          	sw	a0,0(a4)
800014c8:	00008067          	ret
800014cc:	00f72223          	sw	a5,4(a4)
800014d0:	00072783          	lw	a5,0(a4)
800014d4:	00052823          	sw	zero,16(a0)
800014d8:	fff78513          	addi	a0,a5,-1
800014dc:	00a72023          	sw	a0,0(a4)
800014e0:	00008067          	ret

800014e4 <prvUnlockQueue>:
800014e4:	fe010113          	addi	sp,sp,-32
800014e8:	00912a23          	sw	s1,20(sp)
800014ec:	00112e23          	sw	ra,28(sp)
800014f0:	00812c23          	sw	s0,24(sp)
800014f4:	01212823          	sw	s2,16(sp)
800014f8:	00050493          	mv	s1,a0
800014fc:	30047073          	csrci	mstatus,8
80001500:	80006937          	lui	s2,0x80006
80001504:	e6092783          	lw	a5,-416(s2) # 80005e60 <xCriticalNesting>
80001508:	04554403          	lbu	s0,69(a0)
8000150c:	00178713          	addi	a4,a5,1
80001510:	01841413          	slli	s0,s0,0x18
80001514:	41845413          	srai	s0,s0,0x18
80001518:	e6e92023          	sw	a4,-416(s2)
8000151c:	00804a63          	bgtz	s0,80001530 <prvUnlockQueue+0x4c>
80001520:	0440006f          	j	80001564 <prvUnlockQueue+0x80>
80001524:	fff40413          	addi	s0,s0,-1
80001528:	0ff47413          	zext.b	s0,s0
8000152c:	02040863          	beqz	s0,8000155c <prvUnlockQueue+0x78>
80001530:	0244a783          	lw	a5,36(s1)
80001534:	02448513          	addi	a0,s1,36
80001538:	02078263          	beqz	a5,8000155c <prvUnlockQueue+0x78>
8000153c:	00002097          	auipc	ra,0x2
80001540:	680080e7          	jalr	1664(ra) # 80003bbc <xTaskRemoveFromEventList>
80001544:	fe0500e3          	beqz	a0,80001524 <prvUnlockQueue+0x40>
80001548:	fff40413          	addi	s0,s0,-1
8000154c:	0ff47413          	zext.b	s0,s0
80001550:	00003097          	auipc	ra,0x3
80001554:	b0c080e7          	jalr	-1268(ra) # 8000405c <vTaskMissedYield>
80001558:	fc041ce3          	bnez	s0,80001530 <prvUnlockQueue+0x4c>
8000155c:	e6092783          	lw	a5,-416(s2)
80001560:	fff78793          	addi	a5,a5,-1
80001564:	fff00713          	li	a4,-1
80001568:	e6f92023          	sw	a5,-416(s2)
8000156c:	04e482a3          	sb	a4,69(s1)
80001570:	00079463          	bnez	a5,80001578 <prvUnlockQueue+0x94>
80001574:	30046073          	csrsi	mstatus,8
80001578:	30047073          	csrci	mstatus,8
8000157c:	e6092783          	lw	a5,-416(s2)
80001580:	0444c403          	lbu	s0,68(s1)
80001584:	00178713          	addi	a4,a5,1
80001588:	01841413          	slli	s0,s0,0x18
8000158c:	41845413          	srai	s0,s0,0x18
80001590:	e6e92023          	sw	a4,-416(s2)
80001594:	00804a63          	bgtz	s0,800015a8 <prvUnlockQueue+0xc4>
80001598:	0440006f          	j	800015dc <prvUnlockQueue+0xf8>
8000159c:	fff40413          	addi	s0,s0,-1
800015a0:	0ff47413          	zext.b	s0,s0
800015a4:	02040863          	beqz	s0,800015d4 <prvUnlockQueue+0xf0>
800015a8:	0104a783          	lw	a5,16(s1)
800015ac:	01048513          	addi	a0,s1,16
800015b0:	02078263          	beqz	a5,800015d4 <prvUnlockQueue+0xf0>
800015b4:	00002097          	auipc	ra,0x2
800015b8:	608080e7          	jalr	1544(ra) # 80003bbc <xTaskRemoveFromEventList>
800015bc:	fe0500e3          	beqz	a0,8000159c <prvUnlockQueue+0xb8>
800015c0:	fff40413          	addi	s0,s0,-1
800015c4:	0ff47413          	zext.b	s0,s0
800015c8:	00003097          	auipc	ra,0x3
800015cc:	a94080e7          	jalr	-1388(ra) # 8000405c <vTaskMissedYield>
800015d0:	fc041ce3          	bnez	s0,800015a8 <prvUnlockQueue+0xc4>
800015d4:	e6092783          	lw	a5,-416(s2)
800015d8:	fff78793          	addi	a5,a5,-1
800015dc:	fff00713          	li	a4,-1
800015e0:	e6f92023          	sw	a5,-416(s2)
800015e4:	04e48223          	sb	a4,68(s1)
800015e8:	00079463          	bnez	a5,800015f0 <prvUnlockQueue+0x10c>
800015ec:	30046073          	csrsi	mstatus,8
800015f0:	01c12083          	lw	ra,28(sp)
800015f4:	01812403          	lw	s0,24(sp)
800015f8:	01412483          	lw	s1,20(sp)
800015fc:	01012903          	lw	s2,16(sp)
80001600:	02010113          	addi	sp,sp,32
80001604:	00008067          	ret

80001608 <prvCopyDataToQueue.isra.0>:
80001608:	04052803          	lw	a6,64(a0)
8000160c:	03852703          	lw	a4,56(a0)
80001610:	00050793          	mv	a5,a0
80001614:	06080263          	beqz	a6,80001678 <prvCopyDataToQueue.isra.0+0x70>
80001618:	fe010113          	addi	sp,sp,-32
8000161c:	00112e23          	sw	ra,28(sp)
80001620:	06061263          	bnez	a2,80001684 <prvCopyDataToQueue.isra.0+0x7c>
80001624:	00452503          	lw	a0,4(a0)
80001628:	00080613          	mv	a2,a6
8000162c:	00e12423          	sw	a4,8(sp)
80001630:	00f12223          	sw	a5,4(sp)
80001634:	00000097          	auipc	ra,0x0
80001638:	cc0080e7          	jalr	-832(ra) # 800012f4 <memcpy>
8000163c:	00412783          	lw	a5,4(sp)
80001640:	00812703          	lw	a4,8(sp)
80001644:	0047a683          	lw	a3,4(a5)
80001648:	0407a583          	lw	a1,64(a5)
8000164c:	0087a603          	lw	a2,8(a5)
80001650:	00b686b3          	add	a3,a3,a1
80001654:	00d7a223          	sw	a3,4(a5)
80001658:	00c6e663          	bltu	a3,a2,80001664 <prvCopyDataToQueue.isra.0+0x5c>
8000165c:	0007a683          	lw	a3,0(a5)
80001660:	00d7a223          	sw	a3,4(a5)
80001664:	01c12083          	lw	ra,28(sp)
80001668:	00170713          	addi	a4,a4,1
8000166c:	02e7ac23          	sw	a4,56(a5)
80001670:	02010113          	addi	sp,sp,32
80001674:	00008067          	ret
80001678:	00170713          	addi	a4,a4,1
8000167c:	02e52c23          	sw	a4,56(a0)
80001680:	00008067          	ret
80001684:	00c52503          	lw	a0,12(a0)
80001688:	00c12623          	sw	a2,12(sp)
8000168c:	00080613          	mv	a2,a6
80001690:	00e12423          	sw	a4,8(sp)
80001694:	00f12223          	sw	a5,4(sp)
80001698:	00000097          	auipc	ra,0x0
8000169c:	c5c080e7          	jalr	-932(ra) # 800012f4 <memcpy>
800016a0:	00412783          	lw	a5,4(sp)
800016a4:	00812703          	lw	a4,8(sp)
800016a8:	00c12683          	lw	a3,12(sp)
800016ac:	00c7a603          	lw	a2,12(a5)
800016b0:	0407a583          	lw	a1,64(a5)
800016b4:	0007a503          	lw	a0,0(a5)
800016b8:	40b60633          	sub	a2,a2,a1
800016bc:	00c7a623          	sw	a2,12(a5)
800016c0:	00a67863          	bgeu	a2,a0,800016d0 <prvCopyDataToQueue.isra.0+0xc8>
800016c4:	0087a603          	lw	a2,8(a5)
800016c8:	40b60633          	sub	a2,a2,a1
800016cc:	00c7a623          	sw	a2,12(a5)
800016d0:	00200613          	li	a2,2
800016d4:	f8c698e3          	bne	a3,a2,80001664 <prvCopyDataToQueue.isra.0+0x5c>
800016d8:	00e036b3          	snez	a3,a4
800016dc:	40d70733          	sub	a4,a4,a3
800016e0:	f85ff06f          	j	80001664 <prvCopyDataToQueue.isra.0+0x5c>

800016e4 <xQueueGenericReset>:
800016e4:	fe010113          	addi	sp,sp,-32
800016e8:	00112e23          	sw	ra,28(sp)
800016ec:	0e050263          	beqz	a0,800017d0 <xQueueGenericReset+0xec>
800016f0:	03c52703          	lw	a4,60(a0)
800016f4:	00050793          	mv	a5,a0
800016f8:	02071463          	bnez	a4,80001720 <xQueueGenericReset+0x3c>
800016fc:	800067b7          	lui	a5,0x80006
80001700:	c4c78513          	addi	a0,a5,-948 # 80005c4c <__clzsi2+0x64c>
80001704:	16c00593          	li	a1,364
80001708:	00000097          	auipc	ra,0x0
8000170c:	804080e7          	jalr	-2044(ra) # 80000f0c <vAssertCalled>
80001710:	01c12083          	lw	ra,28(sp)
80001714:	00000513          	li	a0,0
80001718:	02010113          	addi	sp,sp,32
8000171c:	00008067          	ret
80001720:	04052683          	lw	a3,64(a0)
80001724:	02d73733          	mulhu	a4,a4,a3
80001728:	fc071ae3          	bnez	a4,800016fc <xQueueGenericReset+0x18>
8000172c:	30047073          	csrci	mstatus,8
80001730:	04052503          	lw	a0,64(a0)
80001734:	03c7a703          	lw	a4,60(a5)
80001738:	80006837          	lui	a6,0x80006
8000173c:	0007a683          	lw	a3,0(a5)
80001740:	02e50733          	mul	a4,a0,a4
80001744:	e6082603          	lw	a2,-416(a6) # 80005e60 <xCriticalNesting>
80001748:	0207ac23          	sw	zero,56(a5)
8000174c:	fff00893          	li	a7,-1
80001750:	00160313          	addi	t1,a2,1
80001754:	05178223          	sb	a7,68(a5)
80001758:	00d7a223          	sw	a3,4(a5)
8000175c:	e6682023          	sw	t1,-416(a6)
80001760:	051782a3          	sb	a7,69(a5)
80001764:	40a70533          	sub	a0,a4,a0
80001768:	00e68733          	add	a4,a3,a4
8000176c:	00a686b3          	add	a3,a3,a0
80001770:	00e7a423          	sw	a4,8(a5)
80001774:	00d7a623          	sw	a3,12(a5)
80001778:	02059463          	bnez	a1,800017a0 <xQueueGenericReset+0xbc>
8000177c:	0107a703          	lw	a4,16(a5)
80001780:	06071863          	bnez	a4,800017f0 <xQueueGenericReset+0x10c>
80001784:	e6c82023          	sw	a2,-416(a6)
80001788:	00061463          	bnez	a2,80001790 <xQueueGenericReset+0xac>
8000178c:	30046073          	csrsi	mstatus,8
80001790:	01c12083          	lw	ra,28(sp)
80001794:	00100513          	li	a0,1
80001798:	02010113          	addi	sp,sp,32
8000179c:	00008067          	ret
800017a0:	01078513          	addi	a0,a5,16
800017a4:	00f12623          	sw	a5,12(sp)
800017a8:	00000097          	auipc	ra,0x0
800017ac:	c50080e7          	jalr	-944(ra) # 800013f8 <vListInitialise>
800017b0:	00c12783          	lw	a5,12(sp)
800017b4:	02478513          	addi	a0,a5,36
800017b8:	00000097          	auipc	ra,0x0
800017bc:	c40080e7          	jalr	-960(ra) # 800013f8 <vListInitialise>
800017c0:	80006837          	lui	a6,0x80006
800017c4:	e6082603          	lw	a2,-416(a6) # 80005e60 <xCriticalNesting>
800017c8:	fff60613          	addi	a2,a2,-1
800017cc:	fb9ff06f          	j	80001784 <xQueueGenericReset+0xa0>
800017d0:	800067b7          	lui	a5,0x80006
800017d4:	c4c78513          	addi	a0,a5,-948 # 80005c4c <__clzsi2+0x64c>
800017d8:	13700593          	li	a1,311
800017dc:	00f12623          	sw	a5,12(sp)
800017e0:	fffff097          	auipc	ra,0xfffff
800017e4:	72c080e7          	jalr	1836(ra) # 80000f0c <vAssertCalled>
800017e8:	00c12783          	lw	a5,12(sp)
800017ec:	f15ff06f          	j	80001700 <xQueueGenericReset+0x1c>
800017f0:	01078513          	addi	a0,a5,16
800017f4:	00002097          	auipc	ra,0x2
800017f8:	3c8080e7          	jalr	968(ra) # 80003bbc <xTaskRemoveFromEventList>
800017fc:	80006837          	lui	a6,0x80006
80001800:	fc0502e3          	beqz	a0,800017c4 <xQueueGenericReset+0xe0>
80001804:	00000073          	ecall
80001808:	e6082603          	lw	a2,-416(a6) # 80005e60 <xCriticalNesting>
8000180c:	fff60613          	addi	a2,a2,-1
80001810:	f75ff06f          	j	80001784 <xQueueGenericReset+0xa0>

80001814 <xQueueGenericCreateStatic>:
80001814:	fd010113          	addi	sp,sp,-48
80001818:	02112623          	sw	ra,44(sp)
8000181c:	0c068263          	beqz	a3,800018e0 <xQueueGenericCreateStatic+0xcc>
80001820:	00050713          	mv	a4,a0
80001824:	08050c63          	beqz	a0,800018bc <xQueueGenericCreateStatic+0xa8>
80001828:	00058793          	mv	a5,a1
8000182c:	08060663          	beqz	a2,800018b8 <xQueueGenericCreateStatic+0xa4>
80001830:	08058663          	beqz	a1,800018bc <xQueueGenericCreateStatic+0xa8>
80001834:	08060263          	beqz	a2,800018b8 <xQueueGenericCreateStatic+0xa4>
80001838:	04800593          	li	a1,72
8000183c:	00b12e23          	sw	a1,28(sp)
80001840:	01c12503          	lw	a0,28(sp)
80001844:	02b50c63          	beq	a0,a1,8000187c <xQueueGenericCreateStatic+0x68>
80001848:	80006537          	lui	a0,0x80006
8000184c:	c4c50513          	addi	a0,a0,-948 # 80005c4c <__clzsi2+0x64c>
80001850:	19600593          	li	a1,406
80001854:	00d12623          	sw	a3,12(sp)
80001858:	00f12423          	sw	a5,8(sp)
8000185c:	00e12223          	sw	a4,4(sp)
80001860:	00c12023          	sw	a2,0(sp)
80001864:	fffff097          	auipc	ra,0xfffff
80001868:	6a8080e7          	jalr	1704(ra) # 80000f0c <vAssertCalled>
8000186c:	00c12683          	lw	a3,12(sp)
80001870:	00812783          	lw	a5,8(sp)
80001874:	00412703          	lw	a4,4(sp)
80001878:	00012603          	lw	a2,0(sp)
8000187c:	01c12583          	lw	a1,28(sp)
80001880:	00079463          	bnez	a5,80001888 <xQueueGenericCreateStatic+0x74>
80001884:	00068613          	mv	a2,a3
80001888:	00c6a023          	sw	a2,0(a3)
8000188c:	02e6ae23          	sw	a4,60(a3)
80001890:	04f6a023          	sw	a5,64(a3)
80001894:	00100593          	li	a1,1
80001898:	00068513          	mv	a0,a3
8000189c:	00d12023          	sw	a3,0(sp)
800018a0:	00000097          	auipc	ra,0x0
800018a4:	e44080e7          	jalr	-444(ra) # 800016e4 <xQueueGenericReset>
800018a8:	02c12083          	lw	ra,44(sp)
800018ac:	00012503          	lw	a0,0(sp)
800018b0:	03010113          	addi	sp,sp,48
800018b4:	00008067          	ret
800018b8:	f80780e3          	beqz	a5,80001838 <xQueueGenericCreateStatic+0x24>
800018bc:	800067b7          	lui	a5,0x80006
800018c0:	c4c78513          	addi	a0,a5,-948 # 80005c4c <__clzsi2+0x64c>
800018c4:	1b000593          	li	a1,432
800018c8:	fffff097          	auipc	ra,0xfffff
800018cc:	644080e7          	jalr	1604(ra) # 80000f0c <vAssertCalled>
800018d0:	02c12083          	lw	ra,44(sp)
800018d4:	00000513          	li	a0,0
800018d8:	03010113          	addi	sp,sp,48
800018dc:	00008067          	ret
800018e0:	800067b7          	lui	a5,0x80006
800018e4:	c4c78513          	addi	a0,a5,-948 # 80005c4c <__clzsi2+0x64c>
800018e8:	18400593          	li	a1,388
800018ec:	00f12023          	sw	a5,0(sp)
800018f0:	fffff097          	auipc	ra,0xfffff
800018f4:	61c080e7          	jalr	1564(ra) # 80000f0c <vAssertCalled>
800018f8:	00012783          	lw	a5,0(sp)
800018fc:	fc5ff06f          	j	800018c0 <xQueueGenericCreateStatic+0xac>

80001900 <xQueueGenericGetStaticBuffers>:
80001900:	fe010113          	addi	sp,sp,-32
80001904:	00112e23          	sw	ra,28(sp)
80001908:	00050793          	mv	a5,a0
8000190c:	00058713          	mv	a4,a1
80001910:	04050c63          	beqz	a0,80001968 <xQueueGenericGetStaticBuffers+0x68>
80001914:	02060263          	beqz	a2,80001938 <xQueueGenericGetStaticBuffers+0x38>
80001918:	00070663          	beqz	a4,80001924 <xQueueGenericGetStaticBuffers+0x24>
8000191c:	0007a683          	lw	a3,0(a5)
80001920:	00d72023          	sw	a3,0(a4)
80001924:	01c12083          	lw	ra,28(sp)
80001928:	00f62023          	sw	a5,0(a2)
8000192c:	00100513          	li	a0,1
80001930:	02010113          	addi	sp,sp,32
80001934:	00008067          	ret
80001938:	80006537          	lui	a0,0x80006
8000193c:	c4c50513          	addi	a0,a0,-948 # 80005c4c <__clzsi2+0x64c>
80001940:	1c800593          	li	a1,456
80001944:	00c12623          	sw	a2,12(sp)
80001948:	00e12423          	sw	a4,8(sp)
8000194c:	00f12223          	sw	a5,4(sp)
80001950:	fffff097          	auipc	ra,0xfffff
80001954:	5bc080e7          	jalr	1468(ra) # 80000f0c <vAssertCalled>
80001958:	00c12603          	lw	a2,12(sp)
8000195c:	00812703          	lw	a4,8(sp)
80001960:	00412783          	lw	a5,4(sp)
80001964:	fb5ff06f          	j	80001918 <xQueueGenericGetStaticBuffers+0x18>
80001968:	00a12223          	sw	a0,4(sp)
8000196c:	80006537          	lui	a0,0x80006
80001970:	00b12423          	sw	a1,8(sp)
80001974:	c4c50513          	addi	a0,a0,-948 # 80005c4c <__clzsi2+0x64c>
80001978:	1c700593          	li	a1,455
8000197c:	00c12623          	sw	a2,12(sp)
80001980:	fffff097          	auipc	ra,0xfffff
80001984:	58c080e7          	jalr	1420(ra) # 80000f0c <vAssertCalled>
80001988:	00c12603          	lw	a2,12(sp)
8000198c:	00812703          	lw	a4,8(sp)
80001990:	00412783          	lw	a5,4(sp)
80001994:	f80612e3          	bnez	a2,80001918 <xQueueGenericGetStaticBuffers+0x18>
80001998:	fa1ff06f          	j	80001938 <xQueueGenericGetStaticBuffers+0x38>

8000199c <xQueueGenericSend>:
8000199c:	fc010113          	addi	sp,sp,-64
800019a0:	02812c23          	sw	s0,56(sp)
800019a4:	03412423          	sw	s4,40(sp)
800019a8:	03512223          	sw	s5,36(sp)
800019ac:	02112e23          	sw	ra,60(sp)
800019b0:	02912a23          	sw	s1,52(sp)
800019b4:	00c12623          	sw	a2,12(sp)
800019b8:	00050413          	mv	s0,a0
800019bc:	00058a93          	mv	s5,a1
800019c0:	00068a13          	mv	s4,a3
800019c4:	24050663          	beqz	a0,80001c10 <xQueueGenericSend+0x274>
800019c8:	200a8463          	beqz	s5,80001bd0 <xQueueGenericSend+0x234>
800019cc:	00200793          	li	a5,2
800019d0:	1cfa0e63          	beq	s4,a5,80001bac <xQueueGenericSend+0x210>
800019d4:	00002097          	auipc	ra,0x2
800019d8:	698080e7          	jalr	1688(ra) # 8000406c <xTaskGetSchedulerState>
800019dc:	00051663          	bnez	a0,800019e8 <xQueueGenericSend+0x4c>
800019e0:	00c12783          	lw	a5,12(sp)
800019e4:	24079e63          	bnez	a5,80001c40 <xQueueGenericSend+0x2a4>
800019e8:	30047073          	csrci	mstatus,8
800019ec:	800064b7          	lui	s1,0x80006
800019f0:	e604a783          	lw	a5,-416(s1) # 80005e60 <xCriticalNesting>
800019f4:	03842683          	lw	a3,56(s0)
800019f8:	03c42703          	lw	a4,60(s0)
800019fc:	00178613          	addi	a2,a5,1
80001a00:	e6c4a023          	sw	a2,-416(s1)
80001a04:	14e6ea63          	bltu	a3,a4,80001b58 <xQueueGenericSend+0x1bc>
80001a08:	ffea0713          	addi	a4,s4,-2
80001a0c:	14070663          	beqz	a4,80001b58 <xQueueGenericSend+0x1bc>
80001a10:	00c12703          	lw	a4,12(sp)
80001a14:	03212823          	sw	s2,48(sp)
80001a18:	0c070663          	beqz	a4,80001ae4 <xQueueGenericSend+0x148>
80001a1c:	01810513          	addi	a0,sp,24
80001a20:	00002097          	auipc	ra,0x2
80001a24:	534080e7          	jalr	1332(ra) # 80003f54 <vTaskInternalSetTimeOutState>
80001a28:	fff00913          	li	s2,-1
80001a2c:	e604a783          	lw	a5,-416(s1)
80001a30:	fff78793          	addi	a5,a5,-1
80001a34:	e6f4a023          	sw	a5,-416(s1)
80001a38:	00079463          	bnez	a5,80001a40 <xQueueGenericSend+0xa4>
80001a3c:	30046073          	csrsi	mstatus,8
80001a40:	00002097          	auipc	ra,0x2
80001a44:	9f4080e7          	jalr	-1548(ra) # 80003434 <vTaskSuspendAll>
80001a48:	30047073          	csrci	mstatus,8
80001a4c:	04444783          	lbu	a5,68(s0)
80001a50:	e604a703          	lw	a4,-416(s1)
80001a54:	01879793          	slli	a5,a5,0x18
80001a58:	4187d793          	srai	a5,a5,0x18
80001a5c:	01279463          	bne	a5,s2,80001a64 <xQueueGenericSend+0xc8>
80001a60:	04040223          	sb	zero,68(s0)
80001a64:	04544783          	lbu	a5,69(s0)
80001a68:	01879793          	slli	a5,a5,0x18
80001a6c:	4187d793          	srai	a5,a5,0x18
80001a70:	0b278263          	beq	a5,s2,80001b14 <xQueueGenericSend+0x178>
80001a74:	00071463          	bnez	a4,80001a7c <xQueueGenericSend+0xe0>
80001a78:	30046073          	csrsi	mstatus,8
80001a7c:	00c10593          	addi	a1,sp,12
80001a80:	01810513          	addi	a0,sp,24
80001a84:	00002097          	auipc	ra,0x2
80001a88:	4ec080e7          	jalr	1260(ra) # 80003f70 <xTaskCheckForTimeOut>
80001a8c:	16051263          	bnez	a0,80001bf0 <xQueueGenericSend+0x254>
80001a90:	30047073          	csrci	mstatus,8
80001a94:	03842683          	lw	a3,56(s0)
80001a98:	03c42703          	lw	a4,60(s0)
80001a9c:	e604a783          	lw	a5,-416(s1)
80001aa0:	06e68e63          	beq	a3,a4,80001b1c <xQueueGenericSend+0x180>
80001aa4:	00079463          	bnez	a5,80001aac <xQueueGenericSend+0x110>
80001aa8:	30046073          	csrsi	mstatus,8
80001aac:	00040513          	mv	a0,s0
80001ab0:	00000097          	auipc	ra,0x0
80001ab4:	a34080e7          	jalr	-1484(ra) # 800014e4 <prvUnlockQueue>
80001ab8:	00002097          	auipc	ra,0x2
80001abc:	990080e7          	jalr	-1648(ra) # 80003448 <xTaskResumeAll>
80001ac0:	30047073          	csrci	mstatus,8
80001ac4:	e604a783          	lw	a5,-416(s1)
80001ac8:	03842683          	lw	a3,56(s0)
80001acc:	03c42703          	lw	a4,60(s0)
80001ad0:	00178613          	addi	a2,a5,1
80001ad4:	e6c4a023          	sw	a2,-416(s1)
80001ad8:	06e6ee63          	bltu	a3,a4,80001b54 <xQueueGenericSend+0x1b8>
80001adc:	00c12703          	lw	a4,12(sp)
80001ae0:	f40716e3          	bnez	a4,80001a2c <xQueueGenericSend+0x90>
80001ae4:	e6f4a023          	sw	a5,-416(s1)
80001ae8:	00079463          	bnez	a5,80001af0 <xQueueGenericSend+0x154>
80001aec:	30046073          	csrsi	mstatus,8
80001af0:	03012903          	lw	s2,48(sp)
80001af4:	00000513          	li	a0,0
80001af8:	03c12083          	lw	ra,60(sp)
80001afc:	03812403          	lw	s0,56(sp)
80001b00:	03412483          	lw	s1,52(sp)
80001b04:	02812a03          	lw	s4,40(sp)
80001b08:	02412a83          	lw	s5,36(sp)
80001b0c:	04010113          	addi	sp,sp,64
80001b10:	00008067          	ret
80001b14:	040402a3          	sb	zero,69(s0)
80001b18:	f5dff06f          	j	80001a74 <xQueueGenericSend+0xd8>
80001b1c:	00079463          	bnez	a5,80001b24 <xQueueGenericSend+0x188>
80001b20:	30046073          	csrsi	mstatus,8
80001b24:	00c12583          	lw	a1,12(sp)
80001b28:	01040513          	addi	a0,s0,16
80001b2c:	00002097          	auipc	ra,0x2
80001b30:	f30080e7          	jalr	-208(ra) # 80003a5c <vTaskPlaceOnEventList>
80001b34:	00040513          	mv	a0,s0
80001b38:	00000097          	auipc	ra,0x0
80001b3c:	9ac080e7          	jalr	-1620(ra) # 800014e4 <prvUnlockQueue>
80001b40:	00002097          	auipc	ra,0x2
80001b44:	908080e7          	jalr	-1784(ra) # 80003448 <xTaskResumeAll>
80001b48:	f6051ce3          	bnez	a0,80001ac0 <xQueueGenericSend+0x124>
80001b4c:	00000073          	ecall
80001b50:	f71ff06f          	j	80001ac0 <xQueueGenericSend+0x124>
80001b54:	03012903          	lw	s2,48(sp)
80001b58:	000a0613          	mv	a2,s4
80001b5c:	000a8593          	mv	a1,s5
80001b60:	00040513          	mv	a0,s0
80001b64:	00000097          	auipc	ra,0x0
80001b68:	aa4080e7          	jalr	-1372(ra) # 80001608 <prvCopyDataToQueue.isra.0>
80001b6c:	02442783          	lw	a5,36(s0)
80001b70:	0a079c63          	bnez	a5,80001c28 <xQueueGenericSend+0x28c>
80001b74:	e604a783          	lw	a5,-416(s1)
80001b78:	fff78793          	addi	a5,a5,-1
80001b7c:	e6f4a023          	sw	a5,-416(s1)
80001b80:	02078263          	beqz	a5,80001ba4 <xQueueGenericSend+0x208>
80001b84:	03c12083          	lw	ra,60(sp)
80001b88:	03812403          	lw	s0,56(sp)
80001b8c:	03412483          	lw	s1,52(sp)
80001b90:	02812a03          	lw	s4,40(sp)
80001b94:	02412a83          	lw	s5,36(sp)
80001b98:	00100513          	li	a0,1
80001b9c:	04010113          	addi	sp,sp,64
80001ba0:	00008067          	ret
80001ba4:	30046073          	csrsi	mstatus,8
80001ba8:	fddff06f          	j	80001b84 <xQueueGenericSend+0x1e8>
80001bac:	03c42703          	lw	a4,60(s0)
80001bb0:	00100793          	li	a5,1
80001bb4:	e2f700e3          	beq	a4,a5,800019d4 <xQueueGenericSend+0x38>
80001bb8:	80006537          	lui	a0,0x80006
80001bbc:	c4c50513          	addi	a0,a0,-948 # 80005c4c <__clzsi2+0x64c>
80001bc0:	3b800593          	li	a1,952
80001bc4:	fffff097          	auipc	ra,0xfffff
80001bc8:	348080e7          	jalr	840(ra) # 80000f0c <vAssertCalled>
80001bcc:	e09ff06f          	j	800019d4 <xQueueGenericSend+0x38>
80001bd0:	04042783          	lw	a5,64(s0)
80001bd4:	de078ce3          	beqz	a5,800019cc <xQueueGenericSend+0x30>
80001bd8:	80006537          	lui	a0,0x80006
80001bdc:	c4c50513          	addi	a0,a0,-948 # 80005c4c <__clzsi2+0x64c>
80001be0:	3b700593          	li	a1,951
80001be4:	fffff097          	auipc	ra,0xfffff
80001be8:	328080e7          	jalr	808(ra) # 80000f0c <vAssertCalled>
80001bec:	de1ff06f          	j	800019cc <xQueueGenericSend+0x30>
80001bf0:	00040513          	mv	a0,s0
80001bf4:	00000097          	auipc	ra,0x0
80001bf8:	8f0080e7          	jalr	-1808(ra) # 800014e4 <prvUnlockQueue>
80001bfc:	00002097          	auipc	ra,0x2
80001c00:	84c080e7          	jalr	-1972(ra) # 80003448 <xTaskResumeAll>
80001c04:	00000513          	li	a0,0
80001c08:	03012903          	lw	s2,48(sp)
80001c0c:	eedff06f          	j	80001af8 <xQueueGenericSend+0x15c>
80001c10:	80006537          	lui	a0,0x80006
80001c14:	c4c50513          	addi	a0,a0,-948 # 80005c4c <__clzsi2+0x64c>
80001c18:	3b600593          	li	a1,950
80001c1c:	fffff097          	auipc	ra,0xfffff
80001c20:	2f0080e7          	jalr	752(ra) # 80000f0c <vAssertCalled>
80001c24:	da5ff06f          	j	800019c8 <xQueueGenericSend+0x2c>
80001c28:	02440513          	addi	a0,s0,36
80001c2c:	00002097          	auipc	ra,0x2
80001c30:	f90080e7          	jalr	-112(ra) # 80003bbc <xTaskRemoveFromEventList>
80001c34:	f40500e3          	beqz	a0,80001b74 <xQueueGenericSend+0x1d8>
80001c38:	00000073          	ecall
80001c3c:	f39ff06f          	j	80001b74 <xQueueGenericSend+0x1d8>
80001c40:	80006537          	lui	a0,0x80006
80001c44:	c4c50513          	addi	a0,a0,-948 # 80005c4c <__clzsi2+0x64c>
80001c48:	3bb00593          	li	a1,955
80001c4c:	fffff097          	auipc	ra,0xfffff
80001c50:	2c0080e7          	jalr	704(ra) # 80000f0c <vAssertCalled>
80001c54:	d95ff06f          	j	800019e8 <xQueueGenericSend+0x4c>

80001c58 <xQueueGenericSendFromISR>:
80001c58:	fe010113          	addi	sp,sp,-32
80001c5c:	00812c23          	sw	s0,24(sp)
80001c60:	01212823          	sw	s2,16(sp)
80001c64:	00112e23          	sw	ra,28(sp)
80001c68:	00050413          	mv	s0,a0
80001c6c:	00058713          	mv	a4,a1
80001c70:	00060913          	mv	s2,a2
80001c74:	0e050a63          	beqz	a0,80001d68 <xQueueGenericSendFromISR+0x110>
80001c78:	08070c63          	beqz	a4,80001d10 <xQueueGenericSendFromISR+0xb8>
80001c7c:	00200613          	li	a2,2
80001c80:	03c42783          	lw	a5,60(s0)
80001c84:	06c68c63          	beq	a3,a2,80001cfc <xQueueGenericSendFromISR+0xa4>
80001c88:	03842603          	lw	a2,56(s0)
80001c8c:	00000513          	li	a0,0
80001c90:	00f66c63          	bltu	a2,a5,80001ca8 <xQueueGenericSendFromISR+0x50>
80001c94:	01c12083          	lw	ra,28(sp)
80001c98:	01812403          	lw	s0,24(sp)
80001c9c:	01012903          	lw	s2,16(sp)
80001ca0:	02010113          	addi	sp,sp,32
80001ca4:	00008067          	ret
80001ca8:	00912a23          	sw	s1,20(sp)
80001cac:	04544783          	lbu	a5,69(s0)
80001cb0:	00068613          	mv	a2,a3
80001cb4:	00070593          	mv	a1,a4
80001cb8:	01879493          	slli	s1,a5,0x18
80001cbc:	03842783          	lw	a5,56(s0)
80001cc0:	00040513          	mv	a0,s0
80001cc4:	00000097          	auipc	ra,0x0
80001cc8:	944080e7          	jalr	-1724(ra) # 80001608 <prvCopyDataToQueue.isra.0>
80001ccc:	4184d493          	srai	s1,s1,0x18
80001cd0:	fff00793          	li	a5,-1
80001cd4:	06f49663          	bne	s1,a5,80001d40 <xQueueGenericSendFromISR+0xe8>
80001cd8:	02442783          	lw	a5,36(s0)
80001cdc:	0e079063          	bnez	a5,80001dbc <xQueueGenericSendFromISR+0x164>
80001ce0:	01412483          	lw	s1,20(sp)
80001ce4:	00100513          	li	a0,1
80001ce8:	01c12083          	lw	ra,28(sp)
80001cec:	01812403          	lw	s0,24(sp)
80001cf0:	01012903          	lw	s2,16(sp)
80001cf4:	02010113          	addi	sp,sp,32
80001cf8:	00008067          	ret
80001cfc:	00912a23          	sw	s1,20(sp)
80001d00:	00100613          	li	a2,1
80001d04:	08c79663          	bne	a5,a2,80001d90 <xQueueGenericSendFromISR+0x138>
80001d08:	03842783          	lw	a5,56(s0)
80001d0c:	fa1ff06f          	j	80001cac <xQueueGenericSendFromISR+0x54>
80001d10:	04042783          	lw	a5,64(s0)
80001d14:	f60784e3          	beqz	a5,80001c7c <xQueueGenericSendFromISR+0x24>
80001d18:	80006537          	lui	a0,0x80006
80001d1c:	c4c50513          	addi	a0,a0,-948 # 80005c4c <__clzsi2+0x64c>
80001d20:	49100593          	li	a1,1169
80001d24:	00d12623          	sw	a3,12(sp)
80001d28:	00e12423          	sw	a4,8(sp)
80001d2c:	fffff097          	auipc	ra,0xfffff
80001d30:	1e0080e7          	jalr	480(ra) # 80000f0c <vAssertCalled>
80001d34:	00c12683          	lw	a3,12(sp)
80001d38:	00812703          	lw	a4,8(sp)
80001d3c:	f41ff06f          	j	80001c7c <xQueueGenericSendFromISR+0x24>
80001d40:	00002097          	auipc	ra,0x2
80001d44:	a14080e7          	jalr	-1516(ra) # 80003754 <uxTaskGetNumberOfTasks>
80001d48:	f8a4fce3          	bgeu	s1,a0,80001ce0 <xQueueGenericSendFromISR+0x88>
80001d4c:	07f00793          	li	a5,127
80001d50:	08f48663          	beq	s1,a5,80001ddc <xQueueGenericSendFromISR+0x184>
80001d54:	00148793          	addi	a5,s1,1
80001d58:	04f402a3          	sb	a5,69(s0)
80001d5c:	01412483          	lw	s1,20(sp)
80001d60:	00100513          	li	a0,1
80001d64:	f85ff06f          	j	80001ce8 <xQueueGenericSendFromISR+0x90>
80001d68:	80006537          	lui	a0,0x80006
80001d6c:	00b12423          	sw	a1,8(sp)
80001d70:	c4c50513          	addi	a0,a0,-948 # 80005c4c <__clzsi2+0x64c>
80001d74:	49000593          	li	a1,1168
80001d78:	00d12623          	sw	a3,12(sp)
80001d7c:	fffff097          	auipc	ra,0xfffff
80001d80:	190080e7          	jalr	400(ra) # 80000f0c <vAssertCalled>
80001d84:	00c12683          	lw	a3,12(sp)
80001d88:	00812703          	lw	a4,8(sp)
80001d8c:	eedff06f          	j	80001c78 <xQueueGenericSendFromISR+0x20>
80001d90:	80006537          	lui	a0,0x80006
80001d94:	c4c50513          	addi	a0,a0,-948 # 80005c4c <__clzsi2+0x64c>
80001d98:	49200593          	li	a1,1170
80001d9c:	00d12623          	sw	a3,12(sp)
80001da0:	00e12423          	sw	a4,8(sp)
80001da4:	fffff097          	auipc	ra,0xfffff
80001da8:	168080e7          	jalr	360(ra) # 80000f0c <vAssertCalled>
80001dac:	03842783          	lw	a5,56(s0)
80001db0:	00c12683          	lw	a3,12(sp)
80001db4:	00812703          	lw	a4,8(sp)
80001db8:	ef5ff06f          	j	80001cac <xQueueGenericSendFromISR+0x54>
80001dbc:	02440513          	addi	a0,s0,36
80001dc0:	00002097          	auipc	ra,0x2
80001dc4:	dfc080e7          	jalr	-516(ra) # 80003bbc <xTaskRemoveFromEventList>
80001dc8:	f0050ce3          	beqz	a0,80001ce0 <xQueueGenericSendFromISR+0x88>
80001dcc:	f0090ae3          	beqz	s2,80001ce0 <xQueueGenericSendFromISR+0x88>
80001dd0:	00100793          	li	a5,1
80001dd4:	00f92023          	sw	a5,0(s2)
80001dd8:	f09ff06f          	j	80001ce0 <xQueueGenericSendFromISR+0x88>
80001ddc:	80006537          	lui	a0,0x80006
80001de0:	c4c50513          	addi	a0,a0,-948 # 80005c4c <__clzsi2+0x64c>
80001de4:	51e00593          	li	a1,1310
80001de8:	fffff097          	auipc	ra,0xfffff
80001dec:	124080e7          	jalr	292(ra) # 80000f0c <vAssertCalled>
80001df0:	f65ff06f          	j	80001d54 <xQueueGenericSendFromISR+0xfc>

80001df4 <xQueueGiveFromISR>:
80001df4:	fe010113          	addi	sp,sp,-32
80001df8:	00812c23          	sw	s0,24(sp)
80001dfc:	00912a23          	sw	s1,20(sp)
80001e00:	00112e23          	sw	ra,28(sp)
80001e04:	00050413          	mv	s0,a0
80001e08:	00058493          	mv	s1,a1
80001e0c:	0e050663          	beqz	a0,80001ef8 <xQueueGiveFromISR+0x104>
80001e10:	04042783          	lw	a5,64(s0)
80001e14:	08079263          	bnez	a5,80001e98 <xQueueGiveFromISR+0xa4>
80001e18:	00042783          	lw	a5,0(s0)
80001e1c:	08078c63          	beqz	a5,80001eb4 <xQueueGiveFromISR+0xc0>
80001e20:	03842783          	lw	a5,56(s0)
80001e24:	03c42703          	lw	a4,60(s0)
80001e28:	00000513          	li	a0,0
80001e2c:	02e7f663          	bgeu	a5,a4,80001e58 <xQueueGiveFromISR+0x64>
80001e30:	04544703          	lbu	a4,69(s0)
80001e34:	00178793          	addi	a5,a5,1
80001e38:	02f42c23          	sw	a5,56(s0)
80001e3c:	01871793          	slli	a5,a4,0x18
80001e40:	4187d793          	srai	a5,a5,0x18
80001e44:	fff00713          	li	a4,-1
80001e48:	02e79263          	bne	a5,a4,80001e6c <xQueueGiveFromISR+0x78>
80001e4c:	02442783          	lw	a5,36(s0)
80001e50:	08079263          	bnez	a5,80001ed4 <xQueueGiveFromISR+0xe0>
80001e54:	00100513          	li	a0,1
80001e58:	01c12083          	lw	ra,28(sp)
80001e5c:	01812403          	lw	s0,24(sp)
80001e60:	01412483          	lw	s1,20(sp)
80001e64:	02010113          	addi	sp,sp,32
80001e68:	00008067          	ret
80001e6c:	00f12623          	sw	a5,12(sp)
80001e70:	00002097          	auipc	ra,0x2
80001e74:	8e4080e7          	jalr	-1820(ra) # 80003754 <uxTaskGetNumberOfTasks>
80001e78:	00c12783          	lw	a5,12(sp)
80001e7c:	fca7fce3          	bgeu	a5,a0,80001e54 <xQueueGiveFromISR+0x60>
80001e80:	07f00713          	li	a4,127
80001e84:	08e78663          	beq	a5,a4,80001f10 <xQueueGiveFromISR+0x11c>
80001e88:	00178793          	addi	a5,a5,1
80001e8c:	04f402a3          	sb	a5,69(s0)
80001e90:	00100513          	li	a0,1
80001e94:	fc5ff06f          	j	80001e58 <xQueueGiveFromISR+0x64>
80001e98:	80006537          	lui	a0,0x80006
80001e9c:	c4c50513          	addi	a0,a0,-948 # 80005c4c <__clzsi2+0x64c>
80001ea0:	54400593          	li	a1,1348
80001ea4:	fffff097          	auipc	ra,0xfffff
80001ea8:	068080e7          	jalr	104(ra) # 80000f0c <vAssertCalled>
80001eac:	00042783          	lw	a5,0(s0)
80001eb0:	f60798e3          	bnez	a5,80001e20 <xQueueGiveFromISR+0x2c>
80001eb4:	00842783          	lw	a5,8(s0)
80001eb8:	f60784e3          	beqz	a5,80001e20 <xQueueGiveFromISR+0x2c>
80001ebc:	80006537          	lui	a0,0x80006
80001ec0:	c4c50513          	addi	a0,a0,-948 # 80005c4c <__clzsi2+0x64c>
80001ec4:	54900593          	li	a1,1353
80001ec8:	fffff097          	auipc	ra,0xfffff
80001ecc:	044080e7          	jalr	68(ra) # 80000f0c <vAssertCalled>
80001ed0:	f51ff06f          	j	80001e20 <xQueueGiveFromISR+0x2c>
80001ed4:	02440513          	addi	a0,s0,36
80001ed8:	00002097          	auipc	ra,0x2
80001edc:	ce4080e7          	jalr	-796(ra) # 80003bbc <xTaskRemoveFromEventList>
80001ee0:	f6048ae3          	beqz	s1,80001e54 <xQueueGiveFromISR+0x60>
80001ee4:	f60508e3          	beqz	a0,80001e54 <xQueueGiveFromISR+0x60>
80001ee8:	00100793          	li	a5,1
80001eec:	00f4a023          	sw	a5,0(s1)
80001ef0:	00100513          	li	a0,1
80001ef4:	f65ff06f          	j	80001e58 <xQueueGiveFromISR+0x64>
80001ef8:	80006537          	lui	a0,0x80006
80001efc:	c4c50513          	addi	a0,a0,-948 # 80005c4c <__clzsi2+0x64c>
80001f00:	54000593          	li	a1,1344
80001f04:	fffff097          	auipc	ra,0xfffff
80001f08:	008080e7          	jalr	8(ra) # 80000f0c <vAssertCalled>
80001f0c:	f05ff06f          	j	80001e10 <xQueueGiveFromISR+0x1c>
80001f10:	80006537          	lui	a0,0x80006
80001f14:	c4c50513          	addi	a0,a0,-948 # 80005c4c <__clzsi2+0x64c>
80001f18:	5cb00593          	li	a1,1483
80001f1c:	00f12623          	sw	a5,12(sp)
80001f20:	fffff097          	auipc	ra,0xfffff
80001f24:	fec080e7          	jalr	-20(ra) # 80000f0c <vAssertCalled>
80001f28:	00c12783          	lw	a5,12(sp)
80001f2c:	f5dff06f          	j	80001e88 <xQueueGiveFromISR+0x94>

80001f30 <xQueueReceive>:
80001f30:	fc010113          	addi	sp,sp,-64
80001f34:	02812c23          	sw	s0,56(sp)
80001f38:	03312623          	sw	s3,44(sp)
80001f3c:	02112e23          	sw	ra,60(sp)
80001f40:	02912a23          	sw	s1,52(sp)
80001f44:	00c12623          	sw	a2,12(sp)
80001f48:	00050413          	mv	s0,a0
80001f4c:	00058993          	mv	s3,a1
80001f50:	24050863          	beqz	a0,800021a0 <xQueueReceive+0x270>
80001f54:	22098663          	beqz	s3,80002180 <xQueueReceive+0x250>
80001f58:	00002097          	auipc	ra,0x2
80001f5c:	114080e7          	jalr	276(ra) # 8000406c <xTaskGetSchedulerState>
80001f60:	00051663          	bnez	a0,80001f6c <xQueueReceive+0x3c>
80001f64:	00c12783          	lw	a5,12(sp)
80001f68:	24079863          	bnez	a5,800021b8 <xQueueReceive+0x288>
80001f6c:	30047073          	csrci	mstatus,8
80001f70:	800064b7          	lui	s1,0x80006
80001f74:	e604a703          	lw	a4,-416(s1) # 80005e60 <xCriticalNesting>
80001f78:	03842783          	lw	a5,56(s0)
80001f7c:	00170693          	addi	a3,a4,1
80001f80:	e6d4a023          	sw	a3,-416(s1)
80001f84:	14079863          	bnez	a5,800020d4 <xQueueReceive+0x1a4>
80001f88:	00c12783          	lw	a5,12(sp)
80001f8c:	03212823          	sw	s2,48(sp)
80001f90:	0c078e63          	beqz	a5,8000206c <xQueueReceive+0x13c>
80001f94:	01810513          	addi	a0,sp,24
80001f98:	00002097          	auipc	ra,0x2
80001f9c:	fbc080e7          	jalr	-68(ra) # 80003f54 <vTaskInternalSetTimeOutState>
80001fa0:	fff00913          	li	s2,-1
80001fa4:	e604a783          	lw	a5,-416(s1)
80001fa8:	fff78793          	addi	a5,a5,-1
80001fac:	e6f4a023          	sw	a5,-416(s1)
80001fb0:	00079463          	bnez	a5,80001fb8 <xQueueReceive+0x88>
80001fb4:	30046073          	csrsi	mstatus,8
80001fb8:	00001097          	auipc	ra,0x1
80001fbc:	47c080e7          	jalr	1148(ra) # 80003434 <vTaskSuspendAll>
80001fc0:	30047073          	csrci	mstatus,8
80001fc4:	04444783          	lbu	a5,68(s0)
80001fc8:	e604a703          	lw	a4,-416(s1)
80001fcc:	01879793          	slli	a5,a5,0x18
80001fd0:	4187d793          	srai	a5,a5,0x18
80001fd4:	01279463          	bne	a5,s2,80001fdc <xQueueReceive+0xac>
80001fd8:	04040223          	sb	zero,68(s0)
80001fdc:	04544783          	lbu	a5,69(s0)
80001fe0:	01879793          	slli	a5,a5,0x18
80001fe4:	4187d793          	srai	a5,a5,0x18
80001fe8:	0b278663          	beq	a5,s2,80002094 <xQueueReceive+0x164>
80001fec:	00071463          	bnez	a4,80001ff4 <xQueueReceive+0xc4>
80001ff0:	30046073          	csrsi	mstatus,8
80001ff4:	00c10593          	addi	a1,sp,12
80001ff8:	01810513          	addi	a0,sp,24
80001ffc:	00002097          	auipc	ra,0x2
80002000:	f74080e7          	jalr	-140(ra) # 80003f70 <xTaskCheckForTimeOut>
80002004:	14051063          	bnez	a0,80002144 <xQueueReceive+0x214>
80002008:	30047073          	csrci	mstatus,8
8000200c:	03842783          	lw	a5,56(s0)
80002010:	e604a703          	lw	a4,-416(s1)
80002014:	08079463          	bnez	a5,8000209c <xQueueReceive+0x16c>
80002018:	00071463          	bnez	a4,80002020 <xQueueReceive+0xf0>
8000201c:	30046073          	csrsi	mstatus,8
80002020:	00c12583          	lw	a1,12(sp)
80002024:	02440513          	addi	a0,s0,36
80002028:	00002097          	auipc	ra,0x2
8000202c:	a34080e7          	jalr	-1484(ra) # 80003a5c <vTaskPlaceOnEventList>
80002030:	00040513          	mv	a0,s0
80002034:	fffff097          	auipc	ra,0xfffff
80002038:	4b0080e7          	jalr	1200(ra) # 800014e4 <prvUnlockQueue>
8000203c:	00001097          	auipc	ra,0x1
80002040:	40c080e7          	jalr	1036(ra) # 80003448 <xTaskResumeAll>
80002044:	00051463          	bnez	a0,8000204c <xQueueReceive+0x11c>
80002048:	00000073          	ecall
8000204c:	30047073          	csrci	mstatus,8
80002050:	e604a703          	lw	a4,-416(s1)
80002054:	03842783          	lw	a5,56(s0)
80002058:	00170693          	addi	a3,a4,1
8000205c:	e6d4a023          	sw	a3,-416(s1)
80002060:	06079863          	bnez	a5,800020d0 <xQueueReceive+0x1a0>
80002064:	00c12783          	lw	a5,12(sp)
80002068:	f2079ee3          	bnez	a5,80001fa4 <xQueueReceive+0x74>
8000206c:	e6e4a023          	sw	a4,-416(s1)
80002070:	10070463          	beqz	a4,80002178 <xQueueReceive+0x248>
80002074:	03c12083          	lw	ra,60(sp)
80002078:	03812403          	lw	s0,56(sp)
8000207c:	03012903          	lw	s2,48(sp)
80002080:	03412483          	lw	s1,52(sp)
80002084:	02c12983          	lw	s3,44(sp)
80002088:	00000513          	li	a0,0
8000208c:	04010113          	addi	sp,sp,64
80002090:	00008067          	ret
80002094:	040402a3          	sb	zero,69(s0)
80002098:	f55ff06f          	j	80001fec <xQueueReceive+0xbc>
8000209c:	00071463          	bnez	a4,800020a4 <xQueueReceive+0x174>
800020a0:	30046073          	csrsi	mstatus,8
800020a4:	00040513          	mv	a0,s0
800020a8:	fffff097          	auipc	ra,0xfffff
800020ac:	43c080e7          	jalr	1084(ra) # 800014e4 <prvUnlockQueue>
800020b0:	00001097          	auipc	ra,0x1
800020b4:	398080e7          	jalr	920(ra) # 80003448 <xTaskResumeAll>
800020b8:	30047073          	csrci	mstatus,8
800020bc:	e604a703          	lw	a4,-416(s1)
800020c0:	03842783          	lw	a5,56(s0)
800020c4:	00170693          	addi	a3,a4,1
800020c8:	e6d4a023          	sw	a3,-416(s1)
800020cc:	f8078ce3          	beqz	a5,80002064 <xQueueReceive+0x134>
800020d0:	03012903          	lw	s2,48(sp)
800020d4:	04042603          	lw	a2,64(s0)
800020d8:	02060663          	beqz	a2,80002104 <xQueueReceive+0x1d4>
800020dc:	00c42583          	lw	a1,12(s0)
800020e0:	00842703          	lw	a4,8(s0)
800020e4:	00c585b3          	add	a1,a1,a2
800020e8:	00b42623          	sw	a1,12(s0)
800020ec:	0ee5f263          	bgeu	a1,a4,800021d0 <xQueueReceive+0x2a0>
800020f0:	00098513          	mv	a0,s3
800020f4:	00f12423          	sw	a5,8(sp)
800020f8:	fffff097          	auipc	ra,0xfffff
800020fc:	1fc080e7          	jalr	508(ra) # 800012f4 <memcpy>
80002100:	00812783          	lw	a5,8(sp)
80002104:	01042703          	lw	a4,16(s0)
80002108:	fff78793          	addi	a5,a5,-1
8000210c:	02f42c23          	sw	a5,56(s0)
80002110:	0c071663          	bnez	a4,800021dc <xQueueReceive+0x2ac>
80002114:	e604a783          	lw	a5,-416(s1)
80002118:	fff78793          	addi	a5,a5,-1
8000211c:	e6f4a023          	sw	a5,-416(s1)
80002120:	00079463          	bnez	a5,80002128 <xQueueReceive+0x1f8>
80002124:	30046073          	csrsi	mstatus,8
80002128:	03c12083          	lw	ra,60(sp)
8000212c:	03812403          	lw	s0,56(sp)
80002130:	03412483          	lw	s1,52(sp)
80002134:	02c12983          	lw	s3,44(sp)
80002138:	00100513          	li	a0,1
8000213c:	04010113          	addi	sp,sp,64
80002140:	00008067          	ret
80002144:	00040513          	mv	a0,s0
80002148:	fffff097          	auipc	ra,0xfffff
8000214c:	39c080e7          	jalr	924(ra) # 800014e4 <prvUnlockQueue>
80002150:	00001097          	auipc	ra,0x1
80002154:	2f8080e7          	jalr	760(ra) # 80003448 <xTaskResumeAll>
80002158:	30047073          	csrci	mstatus,8
8000215c:	03842703          	lw	a4,56(s0)
80002160:	e604a783          	lw	a5,-416(s1)
80002164:	00070863          	beqz	a4,80002174 <xQueueReceive+0x244>
80002168:	ee0792e3          	bnez	a5,8000204c <xQueueReceive+0x11c>
8000216c:	30046073          	csrsi	mstatus,8
80002170:	eddff06f          	j	8000204c <xQueueReceive+0x11c>
80002174:	f00790e3          	bnez	a5,80002074 <xQueueReceive+0x144>
80002178:	30046073          	csrsi	mstatus,8
8000217c:	ef9ff06f          	j	80002074 <xQueueReceive+0x144>
80002180:	04042783          	lw	a5,64(s0)
80002184:	dc078ae3          	beqz	a5,80001f58 <xQueueReceive+0x28>
80002188:	80006537          	lui	a0,0x80006
8000218c:	c4c50513          	addi	a0,a0,-948 # 80005c4c <__clzsi2+0x64c>
80002190:	5ed00593          	li	a1,1517
80002194:	fffff097          	auipc	ra,0xfffff
80002198:	d78080e7          	jalr	-648(ra) # 80000f0c <vAssertCalled>
8000219c:	dbdff06f          	j	80001f58 <xQueueReceive+0x28>
800021a0:	80006537          	lui	a0,0x80006
800021a4:	c4c50513          	addi	a0,a0,-948 # 80005c4c <__clzsi2+0x64c>
800021a8:	5e900593          	li	a1,1513
800021ac:	fffff097          	auipc	ra,0xfffff
800021b0:	d60080e7          	jalr	-672(ra) # 80000f0c <vAssertCalled>
800021b4:	da1ff06f          	j	80001f54 <xQueueReceive+0x24>
800021b8:	80006537          	lui	a0,0x80006
800021bc:	c4c50513          	addi	a0,a0,-948 # 80005c4c <__clzsi2+0x64c>
800021c0:	5f200593          	li	a1,1522
800021c4:	fffff097          	auipc	ra,0xfffff
800021c8:	d48080e7          	jalr	-696(ra) # 80000f0c <vAssertCalled>
800021cc:	da1ff06f          	j	80001f6c <xQueueReceive+0x3c>
800021d0:	00042583          	lw	a1,0(s0)
800021d4:	00b42623          	sw	a1,12(s0)
800021d8:	f19ff06f          	j	800020f0 <xQueueReceive+0x1c0>
800021dc:	01040513          	addi	a0,s0,16
800021e0:	00002097          	auipc	ra,0x2
800021e4:	9dc080e7          	jalr	-1572(ra) # 80003bbc <xTaskRemoveFromEventList>
800021e8:	f20506e3          	beqz	a0,80002114 <xQueueReceive+0x1e4>
800021ec:	00000073          	ecall
800021f0:	f25ff06f          	j	80002114 <xQueueReceive+0x1e4>

800021f4 <xQueueSemaphoreTake>:
800021f4:	fd010113          	addi	sp,sp,-48
800021f8:	02812423          	sw	s0,40(sp)
800021fc:	02112623          	sw	ra,44(sp)
80002200:	02912223          	sw	s1,36(sp)
80002204:	00b12623          	sw	a1,12(sp)
80002208:	00050413          	mv	s0,a0
8000220c:	22050663          	beqz	a0,80002438 <xQueueSemaphoreTake+0x244>
80002210:	04042783          	lw	a5,64(s0)
80002214:	1e079a63          	bnez	a5,80002408 <xQueueSemaphoreTake+0x214>
80002218:	00002097          	auipc	ra,0x2
8000221c:	e54080e7          	jalr	-428(ra) # 8000406c <xTaskGetSchedulerState>
80002220:	00051663          	bnez	a0,8000222c <xQueueSemaphoreTake+0x38>
80002224:	00c12783          	lw	a5,12(sp)
80002228:	1e079c63          	bnez	a5,80002420 <xQueueSemaphoreTake+0x22c>
8000222c:	30047073          	csrci	mstatus,8
80002230:	800064b7          	lui	s1,0x80006
80002234:	e604a703          	lw	a4,-416(s1) # 80005e60 <xCriticalNesting>
80002238:	03842783          	lw	a5,56(s0)
8000223c:	00170693          	addi	a3,a4,1
80002240:	e6d4a023          	sw	a3,-416(s1)
80002244:	14079663          	bnez	a5,80002390 <xQueueSemaphoreTake+0x19c>
80002248:	00c12783          	lw	a5,12(sp)
8000224c:	03212023          	sw	s2,32(sp)
80002250:	0c078e63          	beqz	a5,8000232c <xQueueSemaphoreTake+0x138>
80002254:	01810513          	addi	a0,sp,24
80002258:	00002097          	auipc	ra,0x2
8000225c:	cfc080e7          	jalr	-772(ra) # 80003f54 <vTaskInternalSetTimeOutState>
80002260:	fff00913          	li	s2,-1
80002264:	e604a783          	lw	a5,-416(s1)
80002268:	fff78793          	addi	a5,a5,-1
8000226c:	e6f4a023          	sw	a5,-416(s1)
80002270:	00079463          	bnez	a5,80002278 <xQueueSemaphoreTake+0x84>
80002274:	30046073          	csrsi	mstatus,8
80002278:	00001097          	auipc	ra,0x1
8000227c:	1bc080e7          	jalr	444(ra) # 80003434 <vTaskSuspendAll>
80002280:	30047073          	csrci	mstatus,8
80002284:	04444783          	lbu	a5,68(s0)
80002288:	e604a703          	lw	a4,-416(s1)
8000228c:	01879793          	slli	a5,a5,0x18
80002290:	4187d793          	srai	a5,a5,0x18
80002294:	01279463          	bne	a5,s2,8000229c <xQueueSemaphoreTake+0xa8>
80002298:	04040223          	sb	zero,68(s0)
8000229c:	04544783          	lbu	a5,69(s0)
800022a0:	01879793          	slli	a5,a5,0x18
800022a4:	4187d793          	srai	a5,a5,0x18
800022a8:	0b278463          	beq	a5,s2,80002350 <xQueueSemaphoreTake+0x15c>
800022ac:	00071463          	bnez	a4,800022b4 <xQueueSemaphoreTake+0xc0>
800022b0:	30046073          	csrsi	mstatus,8
800022b4:	00c10593          	addi	a1,sp,12
800022b8:	01810513          	addi	a0,sp,24
800022bc:	00002097          	auipc	ra,0x2
800022c0:	cb4080e7          	jalr	-844(ra) # 80003f70 <xTaskCheckForTimeOut>
800022c4:	10051463          	bnez	a0,800023cc <xQueueSemaphoreTake+0x1d8>
800022c8:	30047073          	csrci	mstatus,8
800022cc:	03842783          	lw	a5,56(s0)
800022d0:	e604a703          	lw	a4,-416(s1)
800022d4:	08079263          	bnez	a5,80002358 <xQueueSemaphoreTake+0x164>
800022d8:	00071463          	bnez	a4,800022e0 <xQueueSemaphoreTake+0xec>
800022dc:	30046073          	csrsi	mstatus,8
800022e0:	00c12583          	lw	a1,12(sp)
800022e4:	02440513          	addi	a0,s0,36
800022e8:	00001097          	auipc	ra,0x1
800022ec:	774080e7          	jalr	1908(ra) # 80003a5c <vTaskPlaceOnEventList>
800022f0:	00040513          	mv	a0,s0
800022f4:	fffff097          	auipc	ra,0xfffff
800022f8:	1f0080e7          	jalr	496(ra) # 800014e4 <prvUnlockQueue>
800022fc:	00001097          	auipc	ra,0x1
80002300:	14c080e7          	jalr	332(ra) # 80003448 <xTaskResumeAll>
80002304:	00051463          	bnez	a0,8000230c <xQueueSemaphoreTake+0x118>
80002308:	00000073          	ecall
8000230c:	30047073          	csrci	mstatus,8
80002310:	e604a703          	lw	a4,-416(s1)
80002314:	03842783          	lw	a5,56(s0)
80002318:	00170693          	addi	a3,a4,1
8000231c:	e6d4a023          	sw	a3,-416(s1)
80002320:	06079663          	bnez	a5,8000238c <xQueueSemaphoreTake+0x198>
80002324:	00c12783          	lw	a5,12(sp)
80002328:	f2079ee3          	bnez	a5,80002264 <xQueueSemaphoreTake+0x70>
8000232c:	e6e4a023          	sw	a4,-416(s1)
80002330:	0c070863          	beqz	a4,80002400 <xQueueSemaphoreTake+0x20c>
80002334:	02c12083          	lw	ra,44(sp)
80002338:	02812403          	lw	s0,40(sp)
8000233c:	02012903          	lw	s2,32(sp)
80002340:	02412483          	lw	s1,36(sp)
80002344:	00000513          	li	a0,0
80002348:	03010113          	addi	sp,sp,48
8000234c:	00008067          	ret
80002350:	040402a3          	sb	zero,69(s0)
80002354:	f59ff06f          	j	800022ac <xQueueSemaphoreTake+0xb8>
80002358:	00071463          	bnez	a4,80002360 <xQueueSemaphoreTake+0x16c>
8000235c:	30046073          	csrsi	mstatus,8
80002360:	00040513          	mv	a0,s0
80002364:	fffff097          	auipc	ra,0xfffff
80002368:	180080e7          	jalr	384(ra) # 800014e4 <prvUnlockQueue>
8000236c:	00001097          	auipc	ra,0x1
80002370:	0dc080e7          	jalr	220(ra) # 80003448 <xTaskResumeAll>
80002374:	30047073          	csrci	mstatus,8
80002378:	e604a703          	lw	a4,-416(s1)
8000237c:	03842783          	lw	a5,56(s0)
80002380:	00170693          	addi	a3,a4,1
80002384:	e6d4a023          	sw	a3,-416(s1)
80002388:	f8078ee3          	beqz	a5,80002324 <xQueueSemaphoreTake+0x130>
8000238c:	02012903          	lw	s2,32(sp)
80002390:	01042703          	lw	a4,16(s0)
80002394:	fff78793          	addi	a5,a5,-1
80002398:	02f42c23          	sw	a5,56(s0)
8000239c:	0a071a63          	bnez	a4,80002450 <xQueueSemaphoreTake+0x25c>
800023a0:	e604a783          	lw	a5,-416(s1)
800023a4:	fff78793          	addi	a5,a5,-1
800023a8:	e6f4a023          	sw	a5,-416(s1)
800023ac:	00079463          	bnez	a5,800023b4 <xQueueSemaphoreTake+0x1c0>
800023b0:	30046073          	csrsi	mstatus,8
800023b4:	02c12083          	lw	ra,44(sp)
800023b8:	02812403          	lw	s0,40(sp)
800023bc:	02412483          	lw	s1,36(sp)
800023c0:	00100513          	li	a0,1
800023c4:	03010113          	addi	sp,sp,48
800023c8:	00008067          	ret
800023cc:	00040513          	mv	a0,s0
800023d0:	fffff097          	auipc	ra,0xfffff
800023d4:	114080e7          	jalr	276(ra) # 800014e4 <prvUnlockQueue>
800023d8:	00001097          	auipc	ra,0x1
800023dc:	070080e7          	jalr	112(ra) # 80003448 <xTaskResumeAll>
800023e0:	30047073          	csrci	mstatus,8
800023e4:	03842703          	lw	a4,56(s0)
800023e8:	e604a783          	lw	a5,-416(s1)
800023ec:	00070863          	beqz	a4,800023fc <xQueueSemaphoreTake+0x208>
800023f0:	f0079ee3          	bnez	a5,8000230c <xQueueSemaphoreTake+0x118>
800023f4:	30046073          	csrsi	mstatus,8
800023f8:	f15ff06f          	j	8000230c <xQueueSemaphoreTake+0x118>
800023fc:	f2079ce3          	bnez	a5,80002334 <xQueueSemaphoreTake+0x140>
80002400:	30046073          	csrsi	mstatus,8
80002404:	f31ff06f          	j	80002334 <xQueueSemaphoreTake+0x140>
80002408:	80006537          	lui	a0,0x80006
8000240c:	c4c50513          	addi	a0,a0,-948 # 80005c4c <__clzsi2+0x64c>
80002410:	68600593          	li	a1,1670
80002414:	fffff097          	auipc	ra,0xfffff
80002418:	af8080e7          	jalr	-1288(ra) # 80000f0c <vAssertCalled>
8000241c:	dfdff06f          	j	80002218 <xQueueSemaphoreTake+0x24>
80002420:	80006537          	lui	a0,0x80006
80002424:	c4c50513          	addi	a0,a0,-948 # 80005c4c <__clzsi2+0x64c>
80002428:	68b00593          	li	a1,1675
8000242c:	fffff097          	auipc	ra,0xfffff
80002430:	ae0080e7          	jalr	-1312(ra) # 80000f0c <vAssertCalled>
80002434:	df9ff06f          	j	8000222c <xQueueSemaphoreTake+0x38>
80002438:	80006537          	lui	a0,0x80006
8000243c:	c4c50513          	addi	a0,a0,-948 # 80005c4c <__clzsi2+0x64c>
80002440:	68200593          	li	a1,1666
80002444:	fffff097          	auipc	ra,0xfffff
80002448:	ac8080e7          	jalr	-1336(ra) # 80000f0c <vAssertCalled>
8000244c:	dc5ff06f          	j	80002210 <xQueueSemaphoreTake+0x1c>
80002450:	01040513          	addi	a0,s0,16
80002454:	00001097          	auipc	ra,0x1
80002458:	768080e7          	jalr	1896(ra) # 80003bbc <xTaskRemoveFromEventList>
8000245c:	f40502e3          	beqz	a0,800023a0 <xQueueSemaphoreTake+0x1ac>
80002460:	00000073          	ecall
80002464:	f3dff06f          	j	800023a0 <xQueueSemaphoreTake+0x1ac>

80002468 <xQueuePeek>:
80002468:	fc010113          	addi	sp,sp,-64
8000246c:	02812c23          	sw	s0,56(sp)
80002470:	03312623          	sw	s3,44(sp)
80002474:	02112e23          	sw	ra,60(sp)
80002478:	02912a23          	sw	s1,52(sp)
8000247c:	03212823          	sw	s2,48(sp)
80002480:	00c12623          	sw	a2,12(sp)
80002484:	00050413          	mv	s0,a0
80002488:	00058993          	mv	s3,a1
8000248c:	24050063          	beqz	a0,800026cc <xQueuePeek+0x264>
80002490:	20098e63          	beqz	s3,800026ac <xQueuePeek+0x244>
80002494:	00002097          	auipc	ra,0x2
80002498:	bd8080e7          	jalr	-1064(ra) # 8000406c <xTaskGetSchedulerState>
8000249c:	00051663          	bnez	a0,800024a8 <xQueuePeek+0x40>
800024a0:	00c12783          	lw	a5,12(sp)
800024a4:	24079063          	bnez	a5,800026e4 <xQueuePeek+0x27c>
800024a8:	30047073          	csrci	mstatus,8
800024ac:	800064b7          	lui	s1,0x80006
800024b0:	e604a783          	lw	a5,-416(s1) # 80005e60 <xCriticalNesting>
800024b4:	03842703          	lw	a4,56(s0)
800024b8:	00178693          	addi	a3,a5,1
800024bc:	e6d4a023          	sw	a3,-416(s1)
800024c0:	14071463          	bnez	a4,80002608 <xQueuePeek+0x1a0>
800024c4:	00c12703          	lw	a4,12(sp)
800024c8:	0c070e63          	beqz	a4,800025a4 <xQueuePeek+0x13c>
800024cc:	01810513          	addi	a0,sp,24
800024d0:	00002097          	auipc	ra,0x2
800024d4:	a84080e7          	jalr	-1404(ra) # 80003f54 <vTaskInternalSetTimeOutState>
800024d8:	fff00913          	li	s2,-1
800024dc:	e604a783          	lw	a5,-416(s1)
800024e0:	fff78793          	addi	a5,a5,-1
800024e4:	e6f4a023          	sw	a5,-416(s1)
800024e8:	00079463          	bnez	a5,800024f0 <xQueuePeek+0x88>
800024ec:	30046073          	csrsi	mstatus,8
800024f0:	00001097          	auipc	ra,0x1
800024f4:	f44080e7          	jalr	-188(ra) # 80003434 <vTaskSuspendAll>
800024f8:	30047073          	csrci	mstatus,8
800024fc:	04444783          	lbu	a5,68(s0)
80002500:	e604a703          	lw	a4,-416(s1)
80002504:	01879793          	slli	a5,a5,0x18
80002508:	4187d793          	srai	a5,a5,0x18
8000250c:	01279463          	bne	a5,s2,80002514 <xQueuePeek+0xac>
80002510:	04040223          	sb	zero,68(s0)
80002514:	04544783          	lbu	a5,69(s0)
80002518:	01879793          	slli	a5,a5,0x18
8000251c:	4187d793          	srai	a5,a5,0x18
80002520:	0b278663          	beq	a5,s2,800025cc <xQueuePeek+0x164>
80002524:	00071463          	bnez	a4,8000252c <xQueuePeek+0xc4>
80002528:	30046073          	csrsi	mstatus,8
8000252c:	00c10593          	addi	a1,sp,12
80002530:	01810513          	addi	a0,sp,24
80002534:	00002097          	auipc	ra,0x2
80002538:	a3c080e7          	jalr	-1476(ra) # 80003f70 <xTaskCheckForTimeOut>
8000253c:	12051a63          	bnez	a0,80002670 <xQueuePeek+0x208>
80002540:	30047073          	csrci	mstatus,8
80002544:	03842783          	lw	a5,56(s0)
80002548:	e604a703          	lw	a4,-416(s1)
8000254c:	08079463          	bnez	a5,800025d4 <xQueuePeek+0x16c>
80002550:	00071463          	bnez	a4,80002558 <xQueuePeek+0xf0>
80002554:	30046073          	csrsi	mstatus,8
80002558:	00c12583          	lw	a1,12(sp)
8000255c:	02440513          	addi	a0,s0,36
80002560:	00001097          	auipc	ra,0x1
80002564:	4fc080e7          	jalr	1276(ra) # 80003a5c <vTaskPlaceOnEventList>
80002568:	00040513          	mv	a0,s0
8000256c:	fffff097          	auipc	ra,0xfffff
80002570:	f78080e7          	jalr	-136(ra) # 800014e4 <prvUnlockQueue>
80002574:	00001097          	auipc	ra,0x1
80002578:	ed4080e7          	jalr	-300(ra) # 80003448 <xTaskResumeAll>
8000257c:	00051463          	bnez	a0,80002584 <xQueuePeek+0x11c>
80002580:	00000073          	ecall
80002584:	30047073          	csrci	mstatus,8
80002588:	e604a783          	lw	a5,-416(s1)
8000258c:	03842703          	lw	a4,56(s0)
80002590:	00178693          	addi	a3,a5,1
80002594:	e6d4a023          	sw	a3,-416(s1)
80002598:	06071863          	bnez	a4,80002608 <xQueuePeek+0x1a0>
8000259c:	00c12703          	lw	a4,12(sp)
800025a0:	f2071ee3          	bnez	a4,800024dc <xQueuePeek+0x74>
800025a4:	e6f4a023          	sw	a5,-416(s1)
800025a8:	0e078e63          	beqz	a5,800026a4 <xQueuePeek+0x23c>
800025ac:	03c12083          	lw	ra,60(sp)
800025b0:	03812403          	lw	s0,56(sp)
800025b4:	03412483          	lw	s1,52(sp)
800025b8:	03012903          	lw	s2,48(sp)
800025bc:	02c12983          	lw	s3,44(sp)
800025c0:	00000513          	li	a0,0
800025c4:	04010113          	addi	sp,sp,64
800025c8:	00008067          	ret
800025cc:	040402a3          	sb	zero,69(s0)
800025d0:	f55ff06f          	j	80002524 <xQueuePeek+0xbc>
800025d4:	00071463          	bnez	a4,800025dc <xQueuePeek+0x174>
800025d8:	30046073          	csrsi	mstatus,8
800025dc:	00040513          	mv	a0,s0
800025e0:	fffff097          	auipc	ra,0xfffff
800025e4:	f04080e7          	jalr	-252(ra) # 800014e4 <prvUnlockQueue>
800025e8:	00001097          	auipc	ra,0x1
800025ec:	e60080e7          	jalr	-416(ra) # 80003448 <xTaskResumeAll>
800025f0:	30047073          	csrci	mstatus,8
800025f4:	e604a783          	lw	a5,-416(s1)
800025f8:	03842703          	lw	a4,56(s0)
800025fc:	00178693          	addi	a3,a5,1
80002600:	e6d4a023          	sw	a3,-416(s1)
80002604:	f8070ce3          	beqz	a4,8000259c <xQueuePeek+0x134>
80002608:	04042603          	lw	a2,64(s0)
8000260c:	00c42903          	lw	s2,12(s0)
80002610:	02060063          	beqz	a2,80002630 <xQueuePeek+0x1c8>
80002614:	00842783          	lw	a5,8(s0)
80002618:	00c905b3          	add	a1,s2,a2
8000261c:	00b42623          	sw	a1,12(s0)
80002620:	0cf5fe63          	bgeu	a1,a5,800026fc <xQueuePeek+0x294>
80002624:	00098513          	mv	a0,s3
80002628:	fffff097          	auipc	ra,0xfffff
8000262c:	ccc080e7          	jalr	-820(ra) # 800012f4 <memcpy>
80002630:	02442783          	lw	a5,36(s0)
80002634:	01242623          	sw	s2,12(s0)
80002638:	0c079863          	bnez	a5,80002708 <xQueuePeek+0x2a0>
8000263c:	e604a783          	lw	a5,-416(s1)
80002640:	fff78793          	addi	a5,a5,-1
80002644:	e6f4a023          	sw	a5,-416(s1)
80002648:	00079463          	bnez	a5,80002650 <xQueuePeek+0x1e8>
8000264c:	30046073          	csrsi	mstatus,8
80002650:	03c12083          	lw	ra,60(sp)
80002654:	03812403          	lw	s0,56(sp)
80002658:	03412483          	lw	s1,52(sp)
8000265c:	03012903          	lw	s2,48(sp)
80002660:	02c12983          	lw	s3,44(sp)
80002664:	00100513          	li	a0,1
80002668:	04010113          	addi	sp,sp,64
8000266c:	00008067          	ret
80002670:	00040513          	mv	a0,s0
80002674:	fffff097          	auipc	ra,0xfffff
80002678:	e70080e7          	jalr	-400(ra) # 800014e4 <prvUnlockQueue>
8000267c:	00001097          	auipc	ra,0x1
80002680:	dcc080e7          	jalr	-564(ra) # 80003448 <xTaskResumeAll>
80002684:	30047073          	csrci	mstatus,8
80002688:	03842703          	lw	a4,56(s0)
8000268c:	e604a783          	lw	a5,-416(s1)
80002690:	00070863          	beqz	a4,800026a0 <xQueuePeek+0x238>
80002694:	ee0798e3          	bnez	a5,80002584 <xQueuePeek+0x11c>
80002698:	30046073          	csrsi	mstatus,8
8000269c:	ee9ff06f          	j	80002584 <xQueuePeek+0x11c>
800026a0:	f00796e3          	bnez	a5,800025ac <xQueuePeek+0x144>
800026a4:	30046073          	csrsi	mstatus,8
800026a8:	f05ff06f          	j	800025ac <xQueuePeek+0x144>
800026ac:	04042783          	lw	a5,64(s0)
800026b0:	de0782e3          	beqz	a5,80002494 <xQueuePeek+0x2c>
800026b4:	80006537          	lui	a0,0x80006
800026b8:	c4c50513          	addi	a0,a0,-948 # 80005c4c <__clzsi2+0x64c>
800026bc:	76500593          	li	a1,1893
800026c0:	fffff097          	auipc	ra,0xfffff
800026c4:	84c080e7          	jalr	-1972(ra) # 80000f0c <vAssertCalled>
800026c8:	dcdff06f          	j	80002494 <xQueuePeek+0x2c>
800026cc:	80006537          	lui	a0,0x80006
800026d0:	c4c50513          	addi	a0,a0,-948 # 80005c4c <__clzsi2+0x64c>
800026d4:	76100593          	li	a1,1889
800026d8:	fffff097          	auipc	ra,0xfffff
800026dc:	834080e7          	jalr	-1996(ra) # 80000f0c <vAssertCalled>
800026e0:	db1ff06f          	j	80002490 <xQueuePeek+0x28>
800026e4:	80006537          	lui	a0,0x80006
800026e8:	c4c50513          	addi	a0,a0,-948 # 80005c4c <__clzsi2+0x64c>
800026ec:	76a00593          	li	a1,1898
800026f0:	fffff097          	auipc	ra,0xfffff
800026f4:	81c080e7          	jalr	-2020(ra) # 80000f0c <vAssertCalled>
800026f8:	db1ff06f          	j	800024a8 <xQueuePeek+0x40>
800026fc:	00042583          	lw	a1,0(s0)
80002700:	00b42623          	sw	a1,12(s0)
80002704:	f21ff06f          	j	80002624 <xQueuePeek+0x1bc>
80002708:	02440513          	addi	a0,s0,36
8000270c:	00001097          	auipc	ra,0x1
80002710:	4b0080e7          	jalr	1200(ra) # 80003bbc <xTaskRemoveFromEventList>
80002714:	f20504e3          	beqz	a0,8000263c <xQueuePeek+0x1d4>
80002718:	00000073          	ecall
8000271c:	f21ff06f          	j	8000263c <xQueuePeek+0x1d4>

80002720 <xQueueReceiveFromISR>:
80002720:	fe010113          	addi	sp,sp,-32
80002724:	00812c23          	sw	s0,24(sp)
80002728:	00112e23          	sw	ra,28(sp)
8000272c:	00050793          	mv	a5,a0
80002730:	00058693          	mv	a3,a1
80002734:	00060413          	mv	s0,a2
80002738:	0c050263          	beqz	a0,800027fc <xQueueReceiveFromISR+0xdc>
8000273c:	0a068063          	beqz	a3,800027dc <xQueueReceiveFromISR+0xbc>
80002740:	0387a703          	lw	a4,56(a5)
80002744:	00071c63          	bnez	a4,8000275c <xQueueReceiveFromISR+0x3c>
80002748:	01c12083          	lw	ra,28(sp)
8000274c:	01812403          	lw	s0,24(sp)
80002750:	00000513          	li	a0,0
80002754:	02010113          	addi	sp,sp,32
80002758:	00008067          	ret
8000275c:	0447c803          	lbu	a6,68(a5)
80002760:	0407a603          	lw	a2,64(a5)
80002764:	01881813          	slli	a6,a6,0x18
80002768:	41885813          	srai	a6,a6,0x18
8000276c:	04060263          	beqz	a2,800027b0 <xQueueReceiveFromISR+0x90>
80002770:	00c7a583          	lw	a1,12(a5)
80002774:	0087a503          	lw	a0,8(a5)
80002778:	00c585b3          	add	a1,a1,a2
8000277c:	00b7a623          	sw	a1,12(a5)
80002780:	00a5e663          	bltu	a1,a0,8000278c <xQueueReceiveFromISR+0x6c>
80002784:	0007a583          	lw	a1,0(a5)
80002788:	00b7a623          	sw	a1,12(a5)
8000278c:	00068513          	mv	a0,a3
80002790:	00f12623          	sw	a5,12(sp)
80002794:	01012423          	sw	a6,8(sp)
80002798:	00e12223          	sw	a4,4(sp)
8000279c:	fffff097          	auipc	ra,0xfffff
800027a0:	b58080e7          	jalr	-1192(ra) # 800012f4 <memcpy>
800027a4:	00c12783          	lw	a5,12(sp)
800027a8:	00812803          	lw	a6,8(sp)
800027ac:	00412703          	lw	a4,4(sp)
800027b0:	fff70713          	addi	a4,a4,-1
800027b4:	02e7ac23          	sw	a4,56(a5)
800027b8:	fff00713          	li	a4,-1
800027bc:	06e81463          	bne	a6,a4,80002824 <xQueueReceiveFromISR+0x104>
800027c0:	0107a703          	lw	a4,16(a5)
800027c4:	08071a63          	bnez	a4,80002858 <xQueueReceiveFromISR+0x138>
800027c8:	00100513          	li	a0,1
800027cc:	01c12083          	lw	ra,28(sp)
800027d0:	01812403          	lw	s0,24(sp)
800027d4:	02010113          	addi	sp,sp,32
800027d8:	00008067          	ret
800027dc:	0407a703          	lw	a4,64(a5)
800027e0:	08071e63          	bnez	a4,8000287c <xQueueReceiveFromISR+0x15c>
800027e4:	0387a703          	lw	a4,56(a5)
800027e8:	f60700e3          	beqz	a4,80002748 <xQueueReceiveFromISR+0x28>
800027ec:	0447c803          	lbu	a6,68(a5)
800027f0:	01881813          	slli	a6,a6,0x18
800027f4:	41885813          	srai	a6,a6,0x18
800027f8:	fb9ff06f          	j	800027b0 <xQueueReceiveFromISR+0x90>
800027fc:	00a12223          	sw	a0,4(sp)
80002800:	80006537          	lui	a0,0x80006
80002804:	00b12423          	sw	a1,8(sp)
80002808:	c4c50513          	addi	a0,a0,-948 # 80005c4c <__clzsi2+0x64c>
8000280c:	7fd00593          	li	a1,2045
80002810:	ffffe097          	auipc	ra,0xffffe
80002814:	6fc080e7          	jalr	1788(ra) # 80000f0c <vAssertCalled>
80002818:	00812683          	lw	a3,8(sp)
8000281c:	00412783          	lw	a5,4(sp)
80002820:	f1dff06f          	j	8000273c <xQueueReceiveFromISR+0x1c>
80002824:	01012223          	sw	a6,4(sp)
80002828:	00f12423          	sw	a5,8(sp)
8000282c:	00001097          	auipc	ra,0x1
80002830:	f28080e7          	jalr	-216(ra) # 80003754 <uxTaskGetNumberOfTasks>
80002834:	00412803          	lw	a6,4(sp)
80002838:	f8a878e3          	bgeu	a6,a0,800027c8 <xQueueReceiveFromISR+0xa8>
8000283c:	07f00713          	li	a4,127
80002840:	00812783          	lw	a5,8(sp)
80002844:	06e80063          	beq	a6,a4,800028a4 <xQueueReceiveFromISR+0x184>
80002848:	00180813          	addi	a6,a6,1
8000284c:	05078223          	sb	a6,68(a5)
80002850:	00100513          	li	a0,1
80002854:	f79ff06f          	j	800027cc <xQueueReceiveFromISR+0xac>
80002858:	01078513          	addi	a0,a5,16
8000285c:	00001097          	auipc	ra,0x1
80002860:	360080e7          	jalr	864(ra) # 80003bbc <xTaskRemoveFromEventList>
80002864:	f60402e3          	beqz	s0,800027c8 <xQueueReceiveFromISR+0xa8>
80002868:	f60500e3          	beqz	a0,800027c8 <xQueueReceiveFromISR+0xa8>
8000286c:	00100793          	li	a5,1
80002870:	00f42023          	sw	a5,0(s0)
80002874:	00100513          	li	a0,1
80002878:	f55ff06f          	j	800027cc <xQueueReceiveFromISR+0xac>
8000287c:	80006537          	lui	a0,0x80006
80002880:	c4c50513          	addi	a0,a0,-948 # 80005c4c <__clzsi2+0x64c>
80002884:	7fe00593          	li	a1,2046
80002888:	00d12423          	sw	a3,8(sp)
8000288c:	00f12223          	sw	a5,4(sp)
80002890:	ffffe097          	auipc	ra,0xffffe
80002894:	67c080e7          	jalr	1660(ra) # 80000f0c <vAssertCalled>
80002898:	00812683          	lw	a3,8(sp)
8000289c:	00412783          	lw	a5,4(sp)
800028a0:	ea1ff06f          	j	80002740 <xQueueReceiveFromISR+0x20>
800028a4:	80006537          	lui	a0,0x80006
800028a8:	000015b7          	lui	a1,0x1
800028ac:	84458593          	addi	a1,a1,-1980 # 844 <_start-0x7ffff7bc>
800028b0:	c4c50513          	addi	a0,a0,-948 # 80005c4c <__clzsi2+0x64c>
800028b4:	01012223          	sw	a6,4(sp)
800028b8:	ffffe097          	auipc	ra,0xffffe
800028bc:	654080e7          	jalr	1620(ra) # 80000f0c <vAssertCalled>
800028c0:	00812783          	lw	a5,8(sp)
800028c4:	00412803          	lw	a6,4(sp)
800028c8:	f81ff06f          	j	80002848 <xQueueReceiveFromISR+0x128>

800028cc <xQueuePeekFromISR>:
800028cc:	fe010113          	addi	sp,sp,-32
800028d0:	00112e23          	sw	ra,28(sp)
800028d4:	00050793          	mv	a5,a0
800028d8:	00058713          	mv	a4,a1
800028dc:	08050063          	beqz	a0,8000295c <xQueuePeekFromISR+0x90>
800028e0:	02070263          	beqz	a4,80002904 <xQueuePeekFromISR+0x38>
800028e4:	0407a603          	lw	a2,64(a5)
800028e8:	02060263          	beqz	a2,8000290c <xQueuePeekFromISR+0x40>
800028ec:	0387a683          	lw	a3,56(a5)
800028f0:	08069c63          	bnez	a3,80002988 <xQueuePeekFromISR+0xbc>
800028f4:	01c12083          	lw	ra,28(sp)
800028f8:	00000513          	li	a0,0
800028fc:	02010113          	addi	sp,sp,32
80002900:	00008067          	ret
80002904:	0407a683          	lw	a3,64(a5)
80002908:	0a069e63          	bnez	a3,800029c4 <xQueuePeekFromISR+0xf8>
8000290c:	80006537          	lui	a0,0x80006
80002910:	000015b7          	lui	a1,0x1
80002914:	86358593          	addi	a1,a1,-1949 # 863 <_start-0x7ffff79d>
80002918:	c4c50513          	addi	a0,a0,-948 # 80005c4c <__clzsi2+0x64c>
8000291c:	00e12623          	sw	a4,12(sp)
80002920:	00f12423          	sw	a5,8(sp)
80002924:	ffffe097          	auipc	ra,0xffffe
80002928:	5e8080e7          	jalr	1512(ra) # 80000f0c <vAssertCalled>
8000292c:	00812783          	lw	a5,8(sp)
80002930:	00c12703          	lw	a4,12(sp)
80002934:	0387a683          	lw	a3,56(a5)
80002938:	fa068ee3          	beqz	a3,800028f4 <xQueuePeekFromISR+0x28>
8000293c:	0407a603          	lw	a2,64(a5)
80002940:	00c7a683          	lw	a3,12(a5)
80002944:	04061463          	bnez	a2,8000298c <xQueuePeekFromISR+0xc0>
80002948:	01c12083          	lw	ra,28(sp)
8000294c:	00d7a623          	sw	a3,12(a5)
80002950:	00100513          	li	a0,1
80002954:	02010113          	addi	sp,sp,32
80002958:	00008067          	ret
8000295c:	00b12623          	sw	a1,12(sp)
80002960:	00a12423          	sw	a0,8(sp)
80002964:	000015b7          	lui	a1,0x1
80002968:	80006537          	lui	a0,0x80006
8000296c:	86158593          	addi	a1,a1,-1951 # 861 <_start-0x7ffff79f>
80002970:	c4c50513          	addi	a0,a0,-948 # 80005c4c <__clzsi2+0x64c>
80002974:	ffffe097          	auipc	ra,0xffffe
80002978:	598080e7          	jalr	1432(ra) # 80000f0c <vAssertCalled>
8000297c:	00c12703          	lw	a4,12(sp)
80002980:	00812783          	lw	a5,8(sp)
80002984:	f5dff06f          	j	800028e0 <xQueuePeekFromISR+0x14>
80002988:	00c7a683          	lw	a3,12(a5)
8000298c:	0087a503          	lw	a0,8(a5)
80002990:	00c685b3          	add	a1,a3,a2
80002994:	00b7a623          	sw	a1,12(a5)
80002998:	00a5e663          	bltu	a1,a0,800029a4 <xQueuePeekFromISR+0xd8>
8000299c:	0007a583          	lw	a1,0(a5)
800029a0:	00b7a623          	sw	a1,12(a5)
800029a4:	00070513          	mv	a0,a4
800029a8:	00f12623          	sw	a5,12(sp)
800029ac:	00d12423          	sw	a3,8(sp)
800029b0:	fffff097          	auipc	ra,0xfffff
800029b4:	944080e7          	jalr	-1724(ra) # 800012f4 <memcpy>
800029b8:	00c12783          	lw	a5,12(sp)
800029bc:	00812683          	lw	a3,8(sp)
800029c0:	f89ff06f          	j	80002948 <xQueuePeekFromISR+0x7c>
800029c4:	80006537          	lui	a0,0x80006
800029c8:	000015b7          	lui	a1,0x1
800029cc:	86258593          	addi	a1,a1,-1950 # 862 <_start-0x7ffff79e>
800029d0:	c4c50513          	addi	a0,a0,-948 # 80005c4c <__clzsi2+0x64c>
800029d4:	00e12623          	sw	a4,12(sp)
800029d8:	00f12423          	sw	a5,8(sp)
800029dc:	ffffe097          	auipc	ra,0xffffe
800029e0:	530080e7          	jalr	1328(ra) # 80000f0c <vAssertCalled>
800029e4:	00c12703          	lw	a4,12(sp)
800029e8:	00812783          	lw	a5,8(sp)
800029ec:	ef9ff06f          	j	800028e4 <xQueuePeekFromISR+0x18>

800029f0 <uxQueueMessagesWaiting>:
800029f0:	02050263          	beqz	a0,80002a14 <uxQueueMessagesWaiting+0x24>
800029f4:	30047073          	csrci	mstatus,8
800029f8:	80006737          	lui	a4,0x80006
800029fc:	e6072703          	lw	a4,-416(a4) # 80005e60 <xCriticalNesting>
80002a00:	03852503          	lw	a0,56(a0)
80002a04:	00071663          	bnez	a4,80002a10 <uxQueueMessagesWaiting+0x20>
80002a08:	30046073          	csrsi	mstatus,8
80002a0c:	00008067          	ret
80002a10:	00008067          	ret
80002a14:	fe010113          	addi	sp,sp,-32
80002a18:	00a12623          	sw	a0,12(sp)
80002a1c:	000015b7          	lui	a1,0x1
80002a20:	80006537          	lui	a0,0x80006
80002a24:	89b58593          	addi	a1,a1,-1893 # 89b <_start-0x7ffff765>
80002a28:	c4c50513          	addi	a0,a0,-948 # 80005c4c <__clzsi2+0x64c>
80002a2c:	00112e23          	sw	ra,28(sp)
80002a30:	ffffe097          	auipc	ra,0xffffe
80002a34:	4dc080e7          	jalr	1244(ra) # 80000f0c <vAssertCalled>
80002a38:	00c12783          	lw	a5,12(sp)
80002a3c:	30047073          	csrci	mstatus,8
80002a40:	80006737          	lui	a4,0x80006
80002a44:	e6072703          	lw	a4,-416(a4) # 80005e60 <xCriticalNesting>
80002a48:	0387a503          	lw	a0,56(a5)
80002a4c:	00071463          	bnez	a4,80002a54 <uxQueueMessagesWaiting+0x64>
80002a50:	30046073          	csrsi	mstatus,8
80002a54:	01c12083          	lw	ra,28(sp)
80002a58:	02010113          	addi	sp,sp,32
80002a5c:	00008067          	ret

80002a60 <uxQueueSpacesAvailable>:
80002a60:	02050663          	beqz	a0,80002a8c <uxQueueSpacesAvailable+0x2c>
80002a64:	30047073          	csrci	mstatus,8
80002a68:	800066b7          	lui	a3,0x80006
80002a6c:	03852703          	lw	a4,56(a0)
80002a70:	e606a783          	lw	a5,-416(a3) # 80005e60 <xCriticalNesting>
80002a74:	03c52503          	lw	a0,60(a0)
80002a78:	40e50533          	sub	a0,a0,a4
80002a7c:	00079663          	bnez	a5,80002a88 <uxQueueSpacesAvailable+0x28>
80002a80:	30046073          	csrsi	mstatus,8
80002a84:	00008067          	ret
80002a88:	00008067          	ret
80002a8c:	fe010113          	addi	sp,sp,-32
80002a90:	00a12623          	sw	a0,12(sp)
80002a94:	000015b7          	lui	a1,0x1
80002a98:	80006537          	lui	a0,0x80006
80002a9c:	8b058593          	addi	a1,a1,-1872 # 8b0 <_start-0x7ffff750>
80002aa0:	c4c50513          	addi	a0,a0,-948 # 80005c4c <__clzsi2+0x64c>
80002aa4:	00112e23          	sw	ra,28(sp)
80002aa8:	ffffe097          	auipc	ra,0xffffe
80002aac:	464080e7          	jalr	1124(ra) # 80000f0c <vAssertCalled>
80002ab0:	00c12783          	lw	a5,12(sp)
80002ab4:	30047073          	csrci	mstatus,8
80002ab8:	800066b7          	lui	a3,0x80006
80002abc:	0387a703          	lw	a4,56(a5)
80002ac0:	03c7a503          	lw	a0,60(a5)
80002ac4:	e606a783          	lw	a5,-416(a3) # 80005e60 <xCriticalNesting>
80002ac8:	40e50533          	sub	a0,a0,a4
80002acc:	00079463          	bnez	a5,80002ad4 <uxQueueSpacesAvailable+0x74>
80002ad0:	30046073          	csrsi	mstatus,8
80002ad4:	01c12083          	lw	ra,28(sp)
80002ad8:	02010113          	addi	sp,sp,32
80002adc:	00008067          	ret

80002ae0 <uxQueueMessagesWaitingFromISR>:
80002ae0:	00050663          	beqz	a0,80002aec <uxQueueMessagesWaitingFromISR+0xc>
80002ae4:	03852503          	lw	a0,56(a0)
80002ae8:	00008067          	ret
80002aec:	fe010113          	addi	sp,sp,-32
80002af0:	00a12623          	sw	a0,12(sp)
80002af4:	000015b7          	lui	a1,0x1
80002af8:	80006537          	lui	a0,0x80006
80002afc:	c4c50513          	addi	a0,a0,-948 # 80005c4c <__clzsi2+0x64c>
80002b00:	8c558593          	addi	a1,a1,-1851 # 8c5 <_start-0x7ffff73b>
80002b04:	00112e23          	sw	ra,28(sp)
80002b08:	ffffe097          	auipc	ra,0xffffe
80002b0c:	404080e7          	jalr	1028(ra) # 80000f0c <vAssertCalled>
80002b10:	00c12783          	lw	a5,12(sp)
80002b14:	01c12083          	lw	ra,28(sp)
80002b18:	0387a503          	lw	a0,56(a5)
80002b1c:	02010113          	addi	sp,sp,32
80002b20:	00008067          	ret

80002b24 <vQueueDelete>:
80002b24:	00050463          	beqz	a0,80002b2c <vQueueDelete+0x8>
80002b28:	00008067          	ret
80002b2c:	80006537          	lui	a0,0x80006
80002b30:	000015b7          	lui	a1,0x1
80002b34:	8d458593          	addi	a1,a1,-1836 # 8d4 <_start-0x7ffff72c>
80002b38:	c4c50513          	addi	a0,a0,-948 # 80005c4c <__clzsi2+0x64c>
80002b3c:	ffffe317          	auipc	t1,0xffffe
80002b40:	3d030067          	jr	976(t1) # 80000f0c <vAssertCalled>

80002b44 <uxQueueGetQueueItemSize>:
80002b44:	04052503          	lw	a0,64(a0)
80002b48:	00008067          	ret

80002b4c <uxQueueGetQueueLength>:
80002b4c:	03c52503          	lw	a0,60(a0)
80002b50:	00008067          	ret

80002b54 <xQueueIsQueueEmptyFromISR>:
80002b54:	00050863          	beqz	a0,80002b64 <xQueueIsQueueEmptyFromISR+0x10>
80002b58:	03852503          	lw	a0,56(a0)
80002b5c:	00153513          	seqz	a0,a0
80002b60:	00008067          	ret
80002b64:	fe010113          	addi	sp,sp,-32
80002b68:	00a12623          	sw	a0,12(sp)
80002b6c:	000015b7          	lui	a1,0x1
80002b70:	80006537          	lui	a0,0x80006
80002b74:	c4c50513          	addi	a0,a0,-948 # 80005c4c <__clzsi2+0x64c>
80002b78:	a5258593          	addi	a1,a1,-1454 # a52 <_start-0x7ffff5ae>
80002b7c:	00112e23          	sw	ra,28(sp)
80002b80:	ffffe097          	auipc	ra,0xffffe
80002b84:	38c080e7          	jalr	908(ra) # 80000f0c <vAssertCalled>
80002b88:	00c12783          	lw	a5,12(sp)
80002b8c:	01c12083          	lw	ra,28(sp)
80002b90:	0387a503          	lw	a0,56(a5)
80002b94:	02010113          	addi	sp,sp,32
80002b98:	00153513          	seqz	a0,a0
80002b9c:	00008067          	ret

80002ba0 <xQueueIsQueueFullFromISR>:
80002ba0:	00050c63          	beqz	a0,80002bb8 <xQueueIsQueueFullFromISR+0x18>
80002ba4:	03852703          	lw	a4,56(a0)
80002ba8:	03c52503          	lw	a0,60(a0)
80002bac:	40e50533          	sub	a0,a0,a4
80002bb0:	00153513          	seqz	a0,a0
80002bb4:	00008067          	ret
80002bb8:	fe010113          	addi	sp,sp,-32
80002bbc:	00a12623          	sw	a0,12(sp)
80002bc0:	000015b7          	lui	a1,0x1
80002bc4:	80006537          	lui	a0,0x80006
80002bc8:	c4c50513          	addi	a0,a0,-948 # 80005c4c <__clzsi2+0x64c>
80002bcc:	a7f58593          	addi	a1,a1,-1409 # a7f <_start-0x7ffff581>
80002bd0:	00112e23          	sw	ra,28(sp)
80002bd4:	ffffe097          	auipc	ra,0xffffe
80002bd8:	338080e7          	jalr	824(ra) # 80000f0c <vAssertCalled>
80002bdc:	00c12783          	lw	a5,12(sp)
80002be0:	01c12083          	lw	ra,28(sp)
80002be4:	0387a703          	lw	a4,56(a5)
80002be8:	03c7a503          	lw	a0,60(a5)
80002bec:	02010113          	addi	sp,sp,32
80002bf0:	40e50533          	sub	a0,a0,a4
80002bf4:	00153513          	seqz	a0,a0
80002bf8:	00008067          	ret

80002bfc <prvIdleTask>:
80002bfc:	80008737          	lui	a4,0x80008
80002c00:	e5070713          	addi	a4,a4,-432 # 80007e50 <pxReadyTasksLists>
80002c04:	00100693          	li	a3,1
80002c08:	0080006f          	j	80002c10 <prvIdleTask+0x14>
80002c0c:	00000073          	ecall
80002c10:	00072783          	lw	a5,0(a4)
80002c14:	fef6ece3          	bltu	a3,a5,80002c0c <prvIdleTask+0x10>
80002c18:	0000006f          	j	80002c18 <prvIdleTask+0x1c>

80002c1c <prvAddCurrentTaskToDelayedList.isra.0>:
80002c1c:	fd010113          	addi	sp,sp,-48
80002c20:	800066b7          	lui	a3,0x80006
80002c24:	80006737          	lui	a4,0x80006
80002c28:	800067b7          	lui	a5,0x80006
80002c2c:	02912223          	sw	s1,36(sp)
80002c30:	ec06a483          	lw	s1,-320(a3) # 80005ec0 <xTickCount>
80002c34:	ecc72703          	lw	a4,-308(a4) # 80005ecc <pxDelayedTaskList>
80002c38:	ec87a783          	lw	a5,-312(a5) # 80005ec8 <pxOverflowDelayedTaskList>
80002c3c:	02812423          	sw	s0,40(sp)
80002c40:	80006437          	lui	s0,0x80006
80002c44:	01412c23          	sw	s4,24(sp)
80002c48:	00078a13          	mv	s4,a5
80002c4c:	ed042783          	lw	a5,-304(s0) # 80005ed0 <pxCurrentTCB>
80002c50:	03212023          	sw	s2,32(sp)
80002c54:	00050913          	mv	s2,a0
80002c58:	00478513          	addi	a0,a5,4
80002c5c:	01312e23          	sw	s3,28(sp)
80002c60:	02112623          	sw	ra,44(sp)
80002c64:	00070993          	mv	s3,a4
80002c68:	fffff097          	auipc	ra,0xfffff
80002c6c:	834080e7          	jalr	-1996(ra) # 8000149c <uxListRemove>
80002c70:	02051463          	bnez	a0,80002c98 <prvAddCurrentTaskToDelayedList.isra.0+0x7c>
80002c74:	ed042683          	lw	a3,-304(s0)
80002c78:	80006737          	lui	a4,0x80006
80002c7c:	00100793          	li	a5,1
80002c80:	02c6a603          	lw	a2,44(a3)
80002c84:	ebc72683          	lw	a3,-324(a4) # 80005ebc <uxTopReadyPriority>
80002c88:	00c797b3          	sll	a5,a5,a2
80002c8c:	fff7c793          	not	a5,a5
80002c90:	00d7f7b3          	and	a5,a5,a3
80002c94:	eaf72e23          	sw	a5,-324(a4)
80002c98:	ed042703          	lw	a4,-304(s0)
80002c9c:	012487b3          	add	a5,s1,s2
80002ca0:	00f72223          	sw	a5,4(a4)
80002ca4:	0297fa63          	bgeu	a5,s1,80002cd8 <prvAddCurrentTaskToDelayedList.isra.0+0xbc>
80002ca8:	ed042583          	lw	a1,-304(s0)
80002cac:	02812403          	lw	s0,40(sp)
80002cb0:	02c12083          	lw	ra,44(sp)
80002cb4:	02412483          	lw	s1,36(sp)
80002cb8:	02012903          	lw	s2,32(sp)
80002cbc:	01c12983          	lw	s3,28(sp)
80002cc0:	000a0513          	mv	a0,s4
80002cc4:	01812a03          	lw	s4,24(sp)
80002cc8:	00458593          	addi	a1,a1,4
80002ccc:	03010113          	addi	sp,sp,48
80002cd0:	ffffe317          	auipc	t1,0xffffe
80002cd4:	77c30067          	jr	1916(t1) # 8000144c <vListInsert>
80002cd8:	ed042583          	lw	a1,-304(s0)
80002cdc:	00098513          	mv	a0,s3
80002ce0:	00f12623          	sw	a5,12(sp)
80002ce4:	00458593          	addi	a1,a1,4
80002ce8:	ffffe097          	auipc	ra,0xffffe
80002cec:	764080e7          	jalr	1892(ra) # 8000144c <vListInsert>
80002cf0:	80006737          	lui	a4,0x80006
80002cf4:	ea472683          	lw	a3,-348(a4) # 80005ea4 <xNextTaskUnblockTime>
80002cf8:	00c12783          	lw	a5,12(sp)
80002cfc:	00d7f463          	bgeu	a5,a3,80002d04 <prvAddCurrentTaskToDelayedList.isra.0+0xe8>
80002d00:	eaf72223          	sw	a5,-348(a4)
80002d04:	02c12083          	lw	ra,44(sp)
80002d08:	02812403          	lw	s0,40(sp)
80002d0c:	02412483          	lw	s1,36(sp)
80002d10:	02012903          	lw	s2,32(sp)
80002d14:	01c12983          	lw	s3,28(sp)
80002d18:	01812a03          	lw	s4,24(sp)
80002d1c:	03010113          	addi	sp,sp,48
80002d20:	00008067          	ret

80002d24 <xTaskIncrementTick.part.0>:
80002d24:	800067b7          	lui	a5,0x80006
80002d28:	ec07ae03          	lw	t3,-320(a5) # 80005ec0 <xTickCount>
80002d2c:	fe010113          	addi	sp,sp,-32
80002d30:	00112e23          	sw	ra,28(sp)
80002d34:	001e0e13          	addi	t3,t3,1
80002d38:	edc7a023          	sw	t3,-320(a5)
80002d3c:	120e0a63          	beqz	t3,80002e70 <xTaskIncrementTick.part.0+0x14c>
80002d40:	800063b7          	lui	t2,0x80006
80002d44:	ea43a783          	lw	a5,-348(t2) # 80005ea4 <xNextTaskUnblockTime>
80002d48:	16fe6e63          	bltu	t3,a5,80002ec4 <xTaskIncrementTick.part.0+0x1a0>
80002d4c:	80006337          	lui	t1,0x80006
80002d50:	ecc32783          	lw	a5,-308(t1) # 80005ecc <pxDelayedTaskList>
80002d54:	0007a783          	lw	a5,0(a5)
80002d58:	22078663          	beqz	a5,80002f84 <xTaskIncrementTick.part.0+0x260>
80002d5c:	80008537          	lui	a0,0x80008
80002d60:	00812c23          	sw	s0,24(sp)
80002d64:	e5050513          	addi	a0,a0,-432 # 80007e50 <pxReadyTasksLists>
80002d68:	00000e93          	li	t4,0
80002d6c:	80006fb7          	lui	t6,0x80006
80002d70:	80006f37          	lui	t5,0x80006
80002d74:	00100293          	li	t0,1
80002d78:	0b00006f          	j	80002e28 <xTaskIncrementTick.part.0+0x104>
80002d7c:	0006a583          	lw	a1,0(a3)
80002d80:	0287a703          	lw	a4,40(a5)
80002d84:	fff58593          	addi	a1,a1,-1
80002d88:	00b6a023          	sw	a1,0(a3)
80002d8c:	02070863          	beqz	a4,80002dbc <xTaskIncrementTick.part.0+0x98>
80002d90:	01c7a583          	lw	a1,28(a5)
80002d94:	0207a683          	lw	a3,32(a5)
80002d98:	00d5a423          	sw	a3,8(a1)
80002d9c:	01c7a583          	lw	a1,28(a5)
80002da0:	00b6a223          	sw	a1,4(a3)
80002da4:	00472683          	lw	a3,4(a4)
80002da8:	19168463          	beq	a3,a7,80002f30 <xTaskIncrementTick.part.0+0x20c>
80002dac:	00072683          	lw	a3,0(a4)
80002db0:	0207a423          	sw	zero,40(a5)
80002db4:	fff68693          	addi	a3,a3,-1
80002db8:	00d72023          	sw	a3,0(a4)
80002dbc:	02c7a683          	lw	a3,44(a5)
80002dc0:	ebcf2403          	lw	s0,-324(t5) # 80005ebc <uxTopReadyPriority>
80002dc4:	00269713          	slli	a4,a3,0x2
80002dc8:	00d70733          	add	a4,a4,a3
80002dcc:	00271713          	slli	a4,a4,0x2
80002dd0:	00e50733          	add	a4,a0,a4
80002dd4:	00472803          	lw	a6,4(a4)
80002dd8:	00072583          	lw	a1,0(a4)
80002ddc:	00d296b3          	sll	a3,t0,a3
80002de0:	0107a423          	sw	a6,8(a5)
80002de4:	00882883          	lw	a7,8(a6)
80002de8:	0086e6b3          	or	a3,a3,s0
80002dec:	eadf2e23          	sw	a3,-324(t5)
80002df0:	0117a623          	sw	a7,12(a5)
80002df4:	00c8a223          	sw	a2,4(a7)
80002df8:	00c82423          	sw	a2,8(a6)
80002dfc:	ed0fa803          	lw	a6,-304(t6) # 80005ed0 <pxCurrentTCB>
80002e00:	00e7aa23          	sw	a4,20(a5)
80002e04:	00158693          	addi	a3,a1,1
80002e08:	ecc32603          	lw	a2,-308(t1)
80002e0c:	00d72023          	sw	a3,0(a4)
80002e10:	02c7a783          	lw	a5,44(a5)
80002e14:	02c82683          	lw	a3,44(a6)
80002e18:	00062703          	lw	a4,0(a2)
80002e1c:	00f6b7b3          	sltu	a5,a3,a5
80002e20:	00feeeb3          	or	t4,t4,a5
80002e24:	12070263          	beqz	a4,80002f48 <xTaskIncrementTick.part.0+0x224>
80002e28:	ecc32783          	lw	a5,-308(t1)
80002e2c:	00c7a783          	lw	a5,12(a5)
80002e30:	00c7a783          	lw	a5,12(a5)
80002e34:	0047a703          	lw	a4,4(a5)
80002e38:	00478613          	addi	a2,a5,4
80002e3c:	01878893          	addi	a7,a5,24
80002e40:	0eee6e63          	bltu	t3,a4,80002f3c <xTaskIncrementTick.part.0+0x218>
80002e44:	0087a583          	lw	a1,8(a5)
80002e48:	00c7a703          	lw	a4,12(a5)
80002e4c:	0147a683          	lw	a3,20(a5)
80002e50:	00e5a423          	sw	a4,8(a1)
80002e54:	0087a803          	lw	a6,8(a5)
80002e58:	0046a583          	lw	a1,4(a3)
80002e5c:	01072223          	sw	a6,4(a4)
80002e60:	f0c59ee3          	bne	a1,a2,80002d7c <xTaskIncrementTick.part.0+0x58>
80002e64:	00c7a703          	lw	a4,12(a5)
80002e68:	00e6a223          	sw	a4,4(a3)
80002e6c:	f11ff06f          	j	80002d7c <xTaskIncrementTick.part.0+0x58>
80002e70:	80006337          	lui	t1,0x80006
80002e74:	ecc32783          	lw	a5,-308(t1) # 80005ecc <pxDelayedTaskList>
80002e78:	0007a783          	lw	a5,0(a5)
80002e7c:	0c079e63          	bnez	a5,80002f58 <xTaskIncrementTick.part.0+0x234>
80002e80:	800067b7          	lui	a5,0x80006
80002e84:	ecc32683          	lw	a3,-308(t1)
80002e88:	ec87a603          	lw	a2,-312(a5) # 80005ec8 <pxOverflowDelayedTaskList>
80002e8c:	80006737          	lui	a4,0x80006
80002e90:	ecc32623          	sw	a2,-308(t1)
80002e94:	ecd7a423          	sw	a3,-312(a5)
80002e98:	eac72783          	lw	a5,-340(a4) # 80005eac <xNumOfOverflows>
80002e9c:	00178793          	addi	a5,a5,1
80002ea0:	eaf72623          	sw	a5,-340(a4)
80002ea4:	ecc32783          	lw	a5,-308(t1)
80002ea8:	0007a783          	lw	a5,0(a5)
80002eac:	06079663          	bnez	a5,80002f18 <xTaskIncrementTick.part.0+0x1f4>
80002eb0:	800063b7          	lui	t2,0x80006
80002eb4:	fff00793          	li	a5,-1
80002eb8:	eaf3a223          	sw	a5,-348(t2) # 80005ea4 <xNextTaskUnblockTime>
80002ebc:	ea43a783          	lw	a5,-348(t2)
80002ec0:	e8fe76e3          	bgeu	t3,a5,80002d4c <xTaskIncrementTick.part.0+0x28>
80002ec4:	80008537          	lui	a0,0x80008
80002ec8:	e5050513          	addi	a0,a0,-432 # 80007e50 <pxReadyTasksLists>
80002ecc:	00000e93          	li	t4,0
80002ed0:	80006fb7          	lui	t6,0x80006
80002ed4:	ed0fa783          	lw	a5,-304(t6) # 80005ed0 <pxCurrentTCB>
80002ed8:	80006737          	lui	a4,0x80006
80002edc:	eb072703          	lw	a4,-336(a4) # 80005eb0 <xYieldPendings>
80002ee0:	02c7a683          	lw	a3,44(a5)
80002ee4:	01c12083          	lw	ra,28(sp)
80002ee8:	00e03733          	snez	a4,a4
80002eec:	00269793          	slli	a5,a3,0x2
80002ef0:	00d787b3          	add	a5,a5,a3
80002ef4:	00279793          	slli	a5,a5,0x2
80002ef8:	00f50533          	add	a0,a0,a5
80002efc:	00052503          	lw	a0,0(a0)
80002f00:	02010113          	addi	sp,sp,32
80002f04:	00253513          	sltiu	a0,a0,2
80002f08:	00153513          	seqz	a0,a0
80002f0c:	00e56533          	or	a0,a0,a4
80002f10:	01d56533          	or	a0,a0,t4
80002f14:	00008067          	ret
80002f18:	ecc32783          	lw	a5,-308(t1)
80002f1c:	800063b7          	lui	t2,0x80006
80002f20:	00c7a783          	lw	a5,12(a5)
80002f24:	0007a783          	lw	a5,0(a5)
80002f28:	eaf3a223          	sw	a5,-348(t2) # 80005ea4 <xNextTaskUnblockTime>
80002f2c:	e19ff06f          	j	80002d44 <xTaskIncrementTick.part.0+0x20>
80002f30:	0207a683          	lw	a3,32(a5)
80002f34:	00d72223          	sw	a3,4(a4)
80002f38:	e75ff06f          	j	80002dac <xTaskIncrementTick.part.0+0x88>
80002f3c:	01812403          	lw	s0,24(sp)
80002f40:	eae3a223          	sw	a4,-348(t2)
80002f44:	f91ff06f          	j	80002ed4 <xTaskIncrementTick.part.0+0x1b0>
80002f48:	01812403          	lw	s0,24(sp)
80002f4c:	fff00793          	li	a5,-1
80002f50:	eaf3a223          	sw	a5,-348(t2)
80002f54:	f81ff06f          	j	80002ed4 <xTaskIncrementTick.part.0+0x1b0>
80002f58:	80006537          	lui	a0,0x80006
80002f5c:	000015b7          	lui	a1,0x1
80002f60:	25f58593          	addi	a1,a1,607 # 125f <_start-0x7fffeda1>
80002f64:	cac50513          	addi	a0,a0,-852 # 80005cac <__clzsi2+0x6ac>
80002f68:	00612623          	sw	t1,12(sp)
80002f6c:	01c12423          	sw	t3,8(sp)
80002f70:	ffffe097          	auipc	ra,0xffffe
80002f74:	f9c080e7          	jalr	-100(ra) # 80000f0c <vAssertCalled>
80002f78:	00c12303          	lw	t1,12(sp)
80002f7c:	00812e03          	lw	t3,8(sp)
80002f80:	f01ff06f          	j	80002e80 <xTaskIncrementTick.part.0+0x15c>
80002f84:	80008537          	lui	a0,0x80008
80002f88:	e5050513          	addi	a0,a0,-432 # 80007e50 <pxReadyTasksLists>
80002f8c:	00000e93          	li	t4,0
80002f90:	80006fb7          	lui	t6,0x80006
80002f94:	fb9ff06f          	j	80002f4c <xTaskIncrementTick.part.0+0x228>

80002f98 <xTaskCreateStatic>:
80002f98:	fc010113          	addi	sp,sp,-64
80002f9c:	02812c23          	sw	s0,56(sp)
80002fa0:	02912a23          	sw	s1,52(sp)
80002fa4:	03212823          	sw	s2,48(sp)
80002fa8:	03312623          	sw	s3,44(sp)
80002fac:	03412423          	sw	s4,40(sp)
80002fb0:	03512223          	sw	s5,36(sp)
80002fb4:	02112e23          	sw	ra,60(sp)
80002fb8:	00070493          	mv	s1,a4
80002fbc:	00080413          	mv	s0,a6
80002fc0:	00050993          	mv	s3,a0
80002fc4:	00058913          	mv	s2,a1
80002fc8:	00060a13          	mv	s4,a2
80002fcc:	00068a93          	mv	s5,a3
80002fd0:	24078c63          	beqz	a5,80003228 <xTaskCreateStatic+0x290>
80002fd4:	26040a63          	beqz	s0,80003248 <xTaskCreateStatic+0x2b0>
80002fd8:	04800713          	li	a4,72
80002fdc:	00e12e23          	sw	a4,28(sp)
80002fe0:	01c12683          	lw	a3,28(sp)
80002fe4:	1ce69e63          	bne	a3,a4,800031c0 <xTaskCreateStatic+0x228>
80002fe8:	01c12703          	lw	a4,28(sp)
80002fec:	1e078c63          	beqz	a5,800031e4 <xTaskCreateStatic+0x24c>
80002ff0:	04800613          	li	a2,72
80002ff4:	00000593          	li	a1,0
80002ff8:	00040513          	mv	a0,s0
80002ffc:	00f12223          	sw	a5,4(sp)
80003000:	ffffe097          	auipc	ra,0xffffe
80003004:	2d8080e7          	jalr	728(ra) # 800012d8 <memset>
80003008:	00412783          	lw	a5,4(sp)
8000300c:	002a1613          	slli	a2,s4,0x2
80003010:	0a500593          	li	a1,165
80003014:	02f42823          	sw	a5,48(s0)
80003018:	00078513          	mv	a0,a5
8000301c:	00c12223          	sw	a2,4(sp)
80003020:	ffffe097          	auipc	ra,0xffffe
80003024:	2b8080e7          	jalr	696(ra) # 800012d8 <memset>
80003028:	00412603          	lw	a2,4(sp)
8000302c:	03042503          	lw	a0,48(s0)
80003030:	ffc60613          	addi	a2,a2,-4
80003034:	00c50533          	add	a0,a0,a2
80003038:	ff057a13          	andi	s4,a0,-16
8000303c:	02090663          	beqz	s2,80003068 <xTaskCreateStatic+0xd0>
80003040:	00090593          	mv	a1,s2
80003044:	00c90713          	addi	a4,s2,12
80003048:	03440793          	addi	a5,s0,52
8000304c:	0005c683          	lbu	a3,0(a1)
80003050:	00158593          	addi	a1,a1,1
80003054:	00d78023          	sb	a3,0(a5)
80003058:	00068663          	beqz	a3,80003064 <xTaskCreateStatic+0xcc>
8000305c:	00178793          	addi	a5,a5,1
80003060:	fee596e3          	bne	a1,a4,8000304c <xTaskCreateStatic+0xb4>
80003064:	02040fa3          	sb	zero,63(s0)
80003068:	00400793          	li	a5,4
8000306c:	1897ee63          	bltu	a5,s1,80003208 <xTaskCreateStatic+0x270>
80003070:	00500793          	li	a5,5
80003074:	409787b3          	sub	a5,a5,s1
80003078:	00440893          	addi	a7,s0,4
8000307c:	00088513          	mv	a0,a7
80003080:	02942623          	sw	s1,44(s0)
80003084:	00f12423          	sw	a5,8(sp)
80003088:	01112223          	sw	a7,4(sp)
8000308c:	ffffe097          	auipc	ra,0xffffe
80003090:	38c080e7          	jalr	908(ra) # 80001418 <vListInitialiseItem>
80003094:	01840513          	addi	a0,s0,24
80003098:	ffffe097          	auipc	ra,0xffffe
8000309c:	380080e7          	jalr	896(ra) # 80001418 <vListInitialiseItem>
800030a0:	00812783          	lw	a5,8(sp)
800030a4:	00842823          	sw	s0,16(s0)
800030a8:	02842223          	sw	s0,36(s0)
800030ac:	00f42c23          	sw	a5,24(s0)
800030b0:	000a8613          	mv	a2,s5
800030b4:	00098593          	mv	a1,s3
800030b8:	000a0513          	mv	a0,s4
800030bc:	00002097          	auipc	ra,0x2
800030c0:	cbc080e7          	jalr	-836(ra) # 80004d78 <pxPortInitialiseStack>
800030c4:	00a42023          	sw	a0,0(s0)
800030c8:	30047073          	csrci	mstatus,8
800030cc:	80006737          	lui	a4,0x80006
800030d0:	ec472783          	lw	a5,-316(a4) # 80005ec4 <uxCurrentNumberOfTasks>
800030d4:	800064b7          	lui	s1,0x80006
800030d8:	e604a803          	lw	a6,-416(s1) # 80005e60 <xCriticalNesting>
800030dc:	00178793          	addi	a5,a5,1
800030e0:	ecf72223          	sw	a5,-316(a4)
800030e4:	80006337          	lui	t1,0x80006
800030e8:	ed032783          	lw	a5,-304(t1) # 80005ed0 <pxCurrentTCB>
800030ec:	00180693          	addi	a3,a6,1
800030f0:	e6d4a023          	sw	a3,-416(s1)
800030f4:	00412883          	lw	a7,4(sp)
800030f8:	18078c63          	beqz	a5,80003290 <xTaskCreateStatic+0x2f8>
800030fc:	80006f37          	lui	t5,0x80006
80003100:	eb8f2783          	lw	a5,-328(t5) # 80005eb8 <xSchedulerRunning>
80003104:	02c42683          	lw	a3,44(s0)
80003108:	0e078263          	beqz	a5,800031ec <xTaskCreateStatic+0x254>
8000310c:	800087b7          	lui	a5,0x80008
80003110:	e5078793          	addi	a5,a5,-432 # 80007e50 <pxReadyTasksLists>
80003114:	00269713          	slli	a4,a3,0x2
80003118:	00d70733          	add	a4,a4,a3
8000311c:	00271713          	slli	a4,a4,0x2
80003120:	00e787b3          	add	a5,a5,a4
80003124:	0047a503          	lw	a0,4(a5)
80003128:	80006eb7          	lui	t4,0x80006
8000312c:	80006e37          	lui	t3,0x80006
80003130:	00a42423          	sw	a0,8(s0)
80003134:	00852703          	lw	a4,8(a0)
80003138:	0007a583          	lw	a1,0(a5)
8000313c:	ea8ea603          	lw	a2,-344(t4) # 80005ea8 <uxTaskNumber>
80003140:	00e42623          	sw	a4,12(s0)
80003144:	ebce2f83          	lw	t6,-324(t3) # 80005ebc <uxTopReadyPriority>
80003148:	01172223          	sw	a7,4(a4)
8000314c:	00100713          	li	a4,1
80003150:	01152423          	sw	a7,8(a0)
80003154:	00d71733          	sll	a4,a4,a3
80003158:	00f42a23          	sw	a5,20(s0)
8000315c:	00158593          	addi	a1,a1,1
80003160:	00160693          	addi	a3,a2,1
80003164:	01f76733          	or	a4,a4,t6
80003168:	e704a023          	sw	a6,-416(s1)
8000316c:	00b7a023          	sw	a1,0(a5)
80003170:	eadea423          	sw	a3,-344(t4)
80003174:	eaee2e23          	sw	a4,-324(t3)
80003178:	00081463          	bnez	a6,80003180 <xTaskCreateStatic+0x1e8>
8000317c:	30046073          	csrsi	mstatus,8
80003180:	eb8f2783          	lw	a5,-328(t5)
80003184:	00078a63          	beqz	a5,80003198 <xTaskCreateStatic+0x200>
80003188:	ed032703          	lw	a4,-304(t1)
8000318c:	02c42783          	lw	a5,44(s0)
80003190:	02c72703          	lw	a4,44(a4)
80003194:	0ef76a63          	bltu	a4,a5,80003288 <xTaskCreateStatic+0x2f0>
80003198:	00040513          	mv	a0,s0
8000319c:	03c12083          	lw	ra,60(sp)
800031a0:	03812403          	lw	s0,56(sp)
800031a4:	03412483          	lw	s1,52(sp)
800031a8:	03012903          	lw	s2,48(sp)
800031ac:	02c12983          	lw	s3,44(sp)
800031b0:	02812a03          	lw	s4,40(sp)
800031b4:	02412a83          	lw	s5,36(sp)
800031b8:	04010113          	addi	sp,sp,64
800031bc:	00008067          	ret
800031c0:	80006537          	lui	a0,0x80006
800031c4:	cac50513          	addi	a0,a0,-852 # 80005cac <__clzsi2+0x6ac>
800031c8:	4fa00593          	li	a1,1274
800031cc:	00f12223          	sw	a5,4(sp)
800031d0:	ffffe097          	auipc	ra,0xffffe
800031d4:	d3c080e7          	jalr	-708(ra) # 80000f0c <vAssertCalled>
800031d8:	00412783          	lw	a5,4(sp)
800031dc:	01c12703          	lw	a4,28(sp)
800031e0:	e00798e3          	bnez	a5,80002ff0 <xTaskCreateStatic+0x58>
800031e4:	00000513          	li	a0,0
800031e8:	fb5ff06f          	j	8000319c <xTaskCreateStatic+0x204>
800031ec:	ed032783          	lw	a5,-304(t1)
800031f0:	02c7a783          	lw	a5,44(a5)
800031f4:	f0f6ece3          	bltu	a3,a5,8000310c <xTaskCreateStatic+0x174>
800031f8:	800087b7          	lui	a5,0x80008
800031fc:	ec832823          	sw	s0,-304(t1)
80003200:	e5078793          	addi	a5,a5,-432 # 80007e50 <pxReadyTasksLists>
80003204:	f11ff06f          	j	80003114 <xTaskCreateStatic+0x17c>
80003208:	80006537          	lui	a0,0x80006
8000320c:	cac50513          	addi	a0,a0,-852 # 80005cac <__clzsi2+0x6ac>
80003210:	76400593          	li	a1,1892
80003214:	ffffe097          	auipc	ra,0xffffe
80003218:	cf8080e7          	jalr	-776(ra) # 80000f0c <vAssertCalled>
8000321c:	00400493          	li	s1,4
80003220:	00100793          	li	a5,1
80003224:	e55ff06f          	j	80003078 <xTaskCreateStatic+0xe0>
80003228:	80006537          	lui	a0,0x80006
8000322c:	cac50513          	addi	a0,a0,-852 # 80005cac <__clzsi2+0x6ac>
80003230:	4f100593          	li	a1,1265
80003234:	00f12223          	sw	a5,4(sp)
80003238:	ffffe097          	auipc	ra,0xffffe
8000323c:	cd4080e7          	jalr	-812(ra) # 80000f0c <vAssertCalled>
80003240:	00412783          	lw	a5,4(sp)
80003244:	d8041ae3          	bnez	s0,80002fd8 <xTaskCreateStatic+0x40>
80003248:	80006437          	lui	s0,0x80006
8000324c:	cac40513          	addi	a0,s0,-852 # 80005cac <__clzsi2+0x6ac>
80003250:	4f200593          	li	a1,1266
80003254:	ffffe097          	auipc	ra,0xffffe
80003258:	cb8080e7          	jalr	-840(ra) # 80000f0c <vAssertCalled>
8000325c:	04800793          	li	a5,72
80003260:	00f12e23          	sw	a5,28(sp)
80003264:	01c12703          	lw	a4,28(sp)
80003268:	04f70663          	beq	a4,a5,800032b4 <xTaskCreateStatic+0x31c>
8000326c:	cac40513          	addi	a0,s0,-852
80003270:	4fa00593          	li	a1,1274
80003274:	ffffe097          	auipc	ra,0xffffe
80003278:	c98080e7          	jalr	-872(ra) # 80000f0c <vAssertCalled>
8000327c:	01c12783          	lw	a5,28(sp)
80003280:	00000513          	li	a0,0
80003284:	f19ff06f          	j	8000319c <xTaskCreateStatic+0x204>
80003288:	00000073          	ecall
8000328c:	f0dff06f          	j	80003198 <xTaskCreateStatic+0x200>
80003290:	ec832823          	sw	s0,-304(t1)
80003294:	ec472703          	lw	a4,-316(a4)
80003298:	00100793          	li	a5,1
8000329c:	02f70263          	beq	a4,a5,800032c0 <xTaskCreateStatic+0x328>
800032a0:	800087b7          	lui	a5,0x80008
800032a4:	02c42683          	lw	a3,44(s0)
800032a8:	e5078793          	addi	a5,a5,-432 # 80007e50 <pxReadyTasksLists>
800032ac:	80006f37          	lui	t5,0x80006
800032b0:	e65ff06f          	j	80003114 <xTaskCreateStatic+0x17c>
800032b4:	01c12783          	lw	a5,28(sp)
800032b8:	00000513          	li	a0,0
800032bc:	ee1ff06f          	j	8000319c <xTaskCreateStatic+0x204>
800032c0:	800087b7          	lui	a5,0x80008
800032c4:	e5078793          	addi	a5,a5,-432 # 80007e50 <pxReadyTasksLists>
800032c8:	00078513          	mv	a0,a5
800032cc:	00f12623          	sw	a5,12(sp)
800032d0:	01112423          	sw	a7,8(sp)
800032d4:	00a12223          	sw	a0,4(sp)
800032d8:	ffffe097          	auipc	ra,0xffffe
800032dc:	120080e7          	jalr	288(ra) # 800013f8 <vListInitialise>
800032e0:	00412503          	lw	a0,4(sp)
800032e4:	800087b7          	lui	a5,0x80008
800032e8:	eb478713          	addi	a4,a5,-332 # 80007eb4 <xDelayedTaskList1>
800032ec:	01450513          	addi	a0,a0,20
800032f0:	00812883          	lw	a7,8(sp)
800032f4:	00c12783          	lw	a5,12(sp)
800032f8:	fca71ae3          	bne	a4,a0,800032cc <xTaskCreateStatic+0x334>
800032fc:	80008937          	lui	s2,0x80008
80003300:	eb490513          	addi	a0,s2,-332 # 80007eb4 <xDelayedTaskList1>
80003304:	00f12223          	sw	a5,4(sp)
80003308:	ffffe097          	auipc	ra,0xffffe
8000330c:	0f0080e7          	jalr	240(ra) # 800013f8 <vListInitialise>
80003310:	00412783          	lw	a5,4(sp)
80003314:	07878513          	addi	a0,a5,120
80003318:	ffffe097          	auipc	ra,0xffffe
8000331c:	0e0080e7          	jalr	224(ra) # 800013f8 <vListInitialise>
80003320:	00412783          	lw	a5,4(sp)
80003324:	08c78513          	addi	a0,a5,140
80003328:	ffffe097          	auipc	ra,0xffffe
8000332c:	0d0080e7          	jalr	208(ra) # 800013f8 <vListInitialise>
80003330:	800066b7          	lui	a3,0x80006
80003334:	eb490793          	addi	a5,s2,-332
80003338:	e604a803          	lw	a6,-416(s1)
8000333c:	ecf6a623          	sw	a5,-308(a3) # 80005ecc <pxDelayedTaskList>
80003340:	800087b7          	lui	a5,0x80008
80003344:	800066b7          	lui	a3,0x80006
80003348:	ec878713          	addi	a4,a5,-312 # 80007ec8 <xDelayedTaskList2>
8000334c:	ece6a423          	sw	a4,-312(a3) # 80005ec8 <pxOverflowDelayedTaskList>
80003350:	00412783          	lw	a5,4(sp)
80003354:	02c42683          	lw	a3,44(s0)
80003358:	00812883          	lw	a7,8(sp)
8000335c:	fff80813          	addi	a6,a6,-1
80003360:	80006f37          	lui	t5,0x80006
80003364:	80006337          	lui	t1,0x80006
80003368:	dadff06f          	j	80003114 <xTaskCreateStatic+0x17c>

8000336c <vTaskStartScheduler>:
8000336c:	fd010113          	addi	sp,sp,-48
80003370:	454c47b7          	lui	a5,0x454c4
80003374:	44978793          	addi	a5,a5,1097 # 454c4449 <_start-0x3ab3bbb7>
80003378:	01010613          	addi	a2,sp,16
8000337c:	00c10593          	addi	a1,sp,12
80003380:	00810513          	addi	a0,sp,8
80003384:	02112623          	sw	ra,44(sp)
80003388:	00f12a23          	sw	a5,20(sp)
8000338c:	00010c23          	sb	zero,24(sp)
80003390:	00012423          	sw	zero,8(sp)
80003394:	00012623          	sw	zero,12(sp)
80003398:	ffffe097          	auipc	ra,0xffffe
8000339c:	c4c080e7          	jalr	-948(ra) # 80000fe4 <vApplicationGetIdleTaskMemory>
800033a0:	00812803          	lw	a6,8(sp)
800033a4:	00c12783          	lw	a5,12(sp)
800033a8:	01012603          	lw	a2,16(sp)
800033ac:	80003537          	lui	a0,0x80003
800033b0:	01410593          	addi	a1,sp,20
800033b4:	bfc50513          	addi	a0,a0,-1028 # 80002bfc <prvIdleTask>
800033b8:	00000713          	li	a4,0
800033bc:	00000693          	li	a3,0
800033c0:	00000097          	auipc	ra,0x0
800033c4:	bd8080e7          	jalr	-1064(ra) # 80002f98 <xTaskCreateStatic>
800033c8:	00051c63          	bnez	a0,800033e0 <vTaskStartScheduler+0x74>
800033cc:	02c12083          	lw	ra,44(sp)
800033d0:	800067b7          	lui	a5,0x80006
800033d4:	e487a783          	lw	a5,-440(a5) # 80005e48 <uxTopUsedPriority>
800033d8:	03010113          	addi	sp,sp,48
800033dc:	00008067          	ret
800033e0:	30047073          	csrci	mstatus,8
800033e4:	800067b7          	lui	a5,0x80006
800033e8:	fff00713          	li	a4,-1
800033ec:	eae7a223          	sw	a4,-348(a5) # 80005ea4 <xNextTaskUnblockTime>
800033f0:	800067b7          	lui	a5,0x80006
800033f4:	00100713          	li	a4,1
800033f8:	eae7ac23          	sw	a4,-328(a5) # 80005eb8 <xSchedulerRunning>
800033fc:	800067b7          	lui	a5,0x80006
80003400:	ec07a023          	sw	zero,-320(a5) # 80005ec0 <xTickCount>
80003404:	00002097          	auipc	ra,0x2
80003408:	924080e7          	jalr	-1756(ra) # 80004d28 <xPortStartScheduler>
8000340c:	02c12083          	lw	ra,44(sp)
80003410:	800067b7          	lui	a5,0x80006
80003414:	e487a783          	lw	a5,-440(a5) # 80005e48 <uxTopUsedPriority>
80003418:	03010113          	addi	sp,sp,48
8000341c:	00008067          	ret

80003420 <vTaskEndScheduler>:
80003420:	30047073          	csrci	mstatus,8
80003424:	800067b7          	lui	a5,0x80006
80003428:	ea07ac23          	sw	zero,-328(a5) # 80005eb8 <xSchedulerRunning>
8000342c:	00002317          	auipc	t1,0x2
80003430:	94830067          	jr	-1720(t1) # 80004d74 <vPortEndScheduler>

80003434 <vTaskSuspendAll>:
80003434:	80006737          	lui	a4,0x80006
80003438:	ea072783          	lw	a5,-352(a4) # 80005ea0 <uxSchedulerSuspended>
8000343c:	00178793          	addi	a5,a5,1
80003440:	eaf72023          	sw	a5,-352(a4)
80003444:	00008067          	ret

80003448 <xTaskResumeAll>:
80003448:	fe010113          	addi	sp,sp,-32
8000344c:	00112e23          	sw	ra,28(sp)
80003450:	30047073          	csrci	mstatus,8
80003454:	80006e37          	lui	t3,0x80006
80003458:	e60e2783          	lw	a5,-416(t3) # 80005e60 <xCriticalNesting>
8000345c:	800068b7          	lui	a7,0x80006
80003460:	ea08a703          	lw	a4,-352(a7) # 80005ea0 <uxSchedulerSuspended>
80003464:	00178793          	addi	a5,a5,1
80003468:	e6fe2023          	sw	a5,-416(t3)
8000346c:	16070463          	beqz	a4,800035d4 <xTaskResumeAll+0x18c>
80003470:	ea08a783          	lw	a5,-352(a7)
80003474:	fff78793          	addi	a5,a5,-1
80003478:	eaf8a023          	sw	a5,-352(a7)
8000347c:	ea08a783          	lw	a5,-352(a7)
80003480:	12079263          	bnez	a5,800035a4 <xTaskResumeAll+0x15c>
80003484:	800067b7          	lui	a5,0x80006
80003488:	ec47a783          	lw	a5,-316(a5) # 80005ec4 <uxCurrentNumberOfTasks>
8000348c:	10078c63          	beqz	a5,800035a4 <xTaskResumeAll+0x15c>
80003490:	80008837          	lui	a6,0x80008
80003494:	e5080813          	addi	a6,a6,-432 # 80007e50 <pxReadyTasksLists>
80003498:	08c82783          	lw	a5,140(a6)
8000349c:	80006fb7          	lui	t6,0x80006
800034a0:	16078e63          	beqz	a5,8000361c <xTaskResumeAll+0x1d4>
800034a4:	80006eb7          	lui	t4,0x80006
800034a8:	800062b7          	lui	t0,0x80006
800034ac:	80006fb7          	lui	t6,0x80006
800034b0:	00100f13          	li	t5,1
800034b4:	0ac0006f          	j	80003560 <xTaskResumeAll+0x118>
800034b8:	00072683          	lw	a3,0(a4)
800034bc:	0207a423          	sw	zero,40(a5)
800034c0:	fff68693          	addi	a3,a3,-1
800034c4:	00d72023          	sw	a3,0(a4)
800034c8:	0087a583          	lw	a1,8(a5)
800034cc:	00c7a683          	lw	a3,12(a5)
800034d0:	0147a703          	lw	a4,20(a5)
800034d4:	ebcea603          	lw	a2,-324(t4) # 80005ebc <uxTopReadyPriority>
800034d8:	00d5a423          	sw	a3,8(a1)
800034dc:	0087a303          	lw	t1,8(a5)
800034e0:	00472583          	lw	a1,4(a4)
800034e4:	00478513          	addi	a0,a5,4
800034e8:	0066a223          	sw	t1,4(a3)
800034ec:	0ca58e63          	beq	a1,a0,800035c8 <xTaskResumeAll+0x180>
800034f0:	00072683          	lw	a3,0(a4)
800034f4:	fff68693          	addi	a3,a3,-1
800034f8:	00d72023          	sw	a3,0(a4)
800034fc:	02c7a683          	lw	a3,44(a5)
80003500:	00269713          	slli	a4,a3,0x2
80003504:	00d70733          	add	a4,a4,a3
80003508:	00271713          	slli	a4,a4,0x2
8000350c:	00e80733          	add	a4,a6,a4
80003510:	00472583          	lw	a1,4(a4)
80003514:	00df16b3          	sll	a3,t5,a3
80003518:	00c6e6b3          	or	a3,a3,a2
8000351c:	00b7a423          	sw	a1,8(a5)
80003520:	0085a303          	lw	t1,8(a1)
80003524:	00072603          	lw	a2,0(a4)
80003528:	eadeae23          	sw	a3,-324(t4)
8000352c:	0067a623          	sw	t1,12(a5)
80003530:	00a32223          	sw	a0,4(t1)
80003534:	00a5a423          	sw	a0,8(a1)
80003538:	ed02a583          	lw	a1,-304(t0) # 80005ed0 <pxCurrentTCB>
8000353c:	00e7aa23          	sw	a4,20(a5)
80003540:	00160693          	addi	a3,a2,1
80003544:	00d72023          	sw	a3,0(a4)
80003548:	02c7a703          	lw	a4,44(a5)
8000354c:	02c5a783          	lw	a5,44(a1)
80003550:	00e7f463          	bgeu	a5,a4,80003558 <xTaskResumeAll+0x110>
80003554:	ebefa823          	sw	t5,-336(t6) # 80005eb0 <xYieldPendings>
80003558:	08c82783          	lw	a5,140(a6)
8000355c:	08078e63          	beqz	a5,800035f8 <xTaskResumeAll+0x1b0>
80003560:	09882783          	lw	a5,152(a6)
80003564:	00c7a783          	lw	a5,12(a5)
80003568:	01c7a583          	lw	a1,28(a5)
8000356c:	0207a683          	lw	a3,32(a5)
80003570:	0287a703          	lw	a4,40(a5)
80003574:	01878613          	addi	a2,a5,24
80003578:	00d5a423          	sw	a3,8(a1)
8000357c:	01c7a503          	lw	a0,28(a5)
80003580:	00472583          	lw	a1,4(a4)
80003584:	00a6a223          	sw	a0,4(a3)
80003588:	f2c598e3          	bne	a1,a2,800034b8 <xTaskResumeAll+0x70>
8000358c:	0207a683          	lw	a3,32(a5)
80003590:	00d72223          	sw	a3,4(a4)
80003594:	f25ff06f          	j	800034b8 <xTaskResumeAll+0x70>
80003598:	ea06aa23          	sw	zero,-332(a3)
8000359c:	eb0fa783          	lw	a5,-336(t6)
800035a0:	0e079063          	bnez	a5,80003680 <xTaskResumeAll+0x238>
800035a4:	00000513          	li	a0,0
800035a8:	e60e2783          	lw	a5,-416(t3)
800035ac:	fff78793          	addi	a5,a5,-1
800035b0:	e6fe2023          	sw	a5,-416(t3)
800035b4:	00079463          	bnez	a5,800035bc <xTaskResumeAll+0x174>
800035b8:	30046073          	csrsi	mstatus,8
800035bc:	01c12083          	lw	ra,28(sp)
800035c0:	02010113          	addi	sp,sp,32
800035c4:	00008067          	ret
800035c8:	00c7a683          	lw	a3,12(a5)
800035cc:	00d72223          	sw	a3,4(a4)
800035d0:	f21ff06f          	j	800034f0 <xTaskResumeAll+0xa8>
800035d4:	80006537          	lui	a0,0x80006
800035d8:	000015b7          	lui	a1,0x1
800035dc:	f8b58593          	addi	a1,a1,-117 # f8b <_start-0x7ffff075>
800035e0:	cac50513          	addi	a0,a0,-852 # 80005cac <__clzsi2+0x6ac>
800035e4:	ffffe097          	auipc	ra,0xffffe
800035e8:	928080e7          	jalr	-1752(ra) # 80000f0c <vAssertCalled>
800035ec:	800068b7          	lui	a7,0x80006
800035f0:	80006e37          	lui	t3,0x80006
800035f4:	e7dff06f          	j	80003470 <xTaskResumeAll+0x28>
800035f8:	800067b7          	lui	a5,0x80006
800035fc:	ecc7a703          	lw	a4,-308(a5) # 80005ecc <pxDelayedTaskList>
80003600:	00072703          	lw	a4,0(a4)
80003604:	08070863          	beqz	a4,80003694 <xTaskResumeAll+0x24c>
80003608:	ecc7a703          	lw	a4,-308(a5)
8000360c:	800067b7          	lui	a5,0x80006
80003610:	00c72703          	lw	a4,12(a4)
80003614:	00072703          	lw	a4,0(a4)
80003618:	eae7a223          	sw	a4,-348(a5) # 80005ea4 <xNextTaskUnblockTime>
8000361c:	800066b7          	lui	a3,0x80006
80003620:	eb46a783          	lw	a5,-332(a3) # 80005eb4 <xPendedTicks>
80003624:	f6078ce3          	beqz	a5,8000359c <xTaskResumeAll+0x154>
80003628:	ea08a703          	lw	a4,-352(a7) # 80005ea0 <uxSchedulerSuspended>
8000362c:	04071263          	bnez	a4,80003670 <xTaskResumeAll+0x228>
80003630:	01f12623          	sw	t6,12(sp)
80003634:	00f12423          	sw	a5,8(sp)
80003638:	fffff097          	auipc	ra,0xfffff
8000363c:	6ec080e7          	jalr	1772(ra) # 80002d24 <xTaskIncrementTick.part.0>
80003640:	00812783          	lw	a5,8(sp)
80003644:	00c12f83          	lw	t6,12(sp)
80003648:	80006e37          	lui	t3,0x80006
8000364c:	800068b7          	lui	a7,0x80006
80003650:	800066b7          	lui	a3,0x80006
80003654:	00050663          	beqz	a0,80003660 <xTaskResumeAll+0x218>
80003658:	00100713          	li	a4,1
8000365c:	eaefa823          	sw	a4,-336(t6)
80003660:	fff78793          	addi	a5,a5,-1
80003664:	f2078ae3          	beqz	a5,80003598 <xTaskResumeAll+0x150>
80003668:	ea08a703          	lw	a4,-352(a7) # 80005ea0 <uxSchedulerSuspended>
8000366c:	fc0702e3          	beqz	a4,80003630 <xTaskResumeAll+0x1e8>
80003670:	eb46a703          	lw	a4,-332(a3) # 80005eb4 <xPendedTicks>
80003674:	00170713          	addi	a4,a4,1
80003678:	eae6aa23          	sw	a4,-332(a3)
8000367c:	fe5ff06f          	j	80003660 <xTaskResumeAll+0x218>
80003680:	800067b7          	lui	a5,0x80006
80003684:	ed07a783          	lw	a5,-304(a5) # 80005ed0 <pxCurrentTCB>
80003688:	00000073          	ecall
8000368c:	00100513          	li	a0,1
80003690:	f19ff06f          	j	800035a8 <xTaskResumeAll+0x160>
80003694:	800067b7          	lui	a5,0x80006
80003698:	fff00713          	li	a4,-1
8000369c:	eae7a223          	sw	a4,-348(a5) # 80005ea4 <xNextTaskUnblockTime>
800036a0:	f7dff06f          	j	8000361c <xTaskResumeAll+0x1d4>

800036a4 <vTaskDelay>:
800036a4:	00051663          	bnez	a0,800036b0 <vTaskDelay+0xc>
800036a8:	00000073          	ecall
800036ac:	00008067          	ret
800036b0:	80006737          	lui	a4,0x80006
800036b4:	ea072683          	lw	a3,-352(a4) # 80005ea0 <uxSchedulerSuspended>
800036b8:	fe010113          	addi	sp,sp,-32
800036bc:	00112e23          	sw	ra,28(sp)
800036c0:	00168693          	addi	a3,a3,1
800036c4:	00050793          	mv	a5,a0
800036c8:	ead72023          	sw	a3,-352(a4)
800036cc:	ea072683          	lw	a3,-352(a4)
800036d0:	00100713          	li	a4,1
800036d4:	02e69663          	bne	a3,a4,80003700 <vTaskDelay+0x5c>
800036d8:	00078513          	mv	a0,a5
800036dc:	fffff097          	auipc	ra,0xfffff
800036e0:	540080e7          	jalr	1344(ra) # 80002c1c <prvAddCurrentTaskToDelayedList.isra.0>
800036e4:	00000097          	auipc	ra,0x0
800036e8:	d64080e7          	jalr	-668(ra) # 80003448 <xTaskResumeAll>
800036ec:	00051463          	bnez	a0,800036f4 <vTaskDelay+0x50>
800036f0:	00000073          	ecall
800036f4:	01c12083          	lw	ra,28(sp)
800036f8:	02010113          	addi	sp,sp,32
800036fc:	00008067          	ret
80003700:	00a12623          	sw	a0,12(sp)
80003704:	000015b7          	lui	a1,0x1
80003708:	80006537          	lui	a0,0x80006
8000370c:	98e58593          	addi	a1,a1,-1650 # 98e <_start-0x7ffff672>
80003710:	cac50513          	addi	a0,a0,-852 # 80005cac <__clzsi2+0x6ac>
80003714:	ffffd097          	auipc	ra,0xffffd
80003718:	7f8080e7          	jalr	2040(ra) # 80000f0c <vAssertCalled>
8000371c:	00c12783          	lw	a5,12(sp)
80003720:	00078513          	mv	a0,a5
80003724:	fffff097          	auipc	ra,0xfffff
80003728:	4f8080e7          	jalr	1272(ra) # 80002c1c <prvAddCurrentTaskToDelayedList.isra.0>
8000372c:	00000097          	auipc	ra,0x0
80003730:	d1c080e7          	jalr	-740(ra) # 80003448 <xTaskResumeAll>
80003734:	fa050ee3          	beqz	a0,800036f0 <vTaskDelay+0x4c>
80003738:	fbdff06f          	j	800036f4 <vTaskDelay+0x50>

8000373c <xTaskGetTickCount>:
8000373c:	800067b7          	lui	a5,0x80006
80003740:	ec07a503          	lw	a0,-320(a5) # 80005ec0 <xTickCount>
80003744:	00008067          	ret

80003748 <xTaskGetTickCountFromISR>:
80003748:	800067b7          	lui	a5,0x80006
8000374c:	ec07a503          	lw	a0,-320(a5) # 80005ec0 <xTickCount>
80003750:	00008067          	ret

80003754 <uxTaskGetNumberOfTasks>:
80003754:	800067b7          	lui	a5,0x80006
80003758:	ec47a503          	lw	a0,-316(a5) # 80005ec4 <uxCurrentNumberOfTasks>
8000375c:	00008067          	ret

80003760 <pcTaskGetName>:
80003760:	00050793          	mv	a5,a0
80003764:	00050663          	beqz	a0,80003770 <pcTaskGetName+0x10>
80003768:	03478513          	addi	a0,a5,52
8000376c:	00008067          	ret
80003770:	800067b7          	lui	a5,0x80006
80003774:	ed07a783          	lw	a5,-304(a5) # 80005ed0 <pxCurrentTCB>
80003778:	fe0798e3          	bnez	a5,80003768 <pcTaskGetName+0x8>
8000377c:	80006537          	lui	a0,0x80006
80003780:	000015b7          	lui	a1,0x1
80003784:	fe010113          	addi	sp,sp,-32
80003788:	cac50513          	addi	a0,a0,-852 # 80005cac <__clzsi2+0x6ac>
8000378c:	05558593          	addi	a1,a1,85 # 1055 <_start-0x7fffefab>
80003790:	00112e23          	sw	ra,28(sp)
80003794:	00f12623          	sw	a5,12(sp)
80003798:	ffffd097          	auipc	ra,0xffffd
8000379c:	774080e7          	jalr	1908(ra) # 80000f0c <vAssertCalled>
800037a0:	00c12783          	lw	a5,12(sp)
800037a4:	01c12083          	lw	ra,28(sp)
800037a8:	03478513          	addi	a0,a5,52
800037ac:	02010113          	addi	sp,sp,32
800037b0:	00008067          	ret

800037b4 <xTaskGetStaticBuffers>:
800037b4:	fe010113          	addi	sp,sp,-32
800037b8:	00112e23          	sw	ra,28(sp)
800037bc:	00058713          	mv	a4,a1
800037c0:	00050793          	mv	a5,a0
800037c4:	08058063          	beqz	a1,80003844 <xTaskGetStaticBuffers+0x90>
800037c8:	04060463          	beqz	a2,80003810 <xTaskGetStaticBuffers+0x5c>
800037cc:	02078063          	beqz	a5,800037ec <xTaskGetStaticBuffers+0x38>
800037d0:	0307a683          	lw	a3,48(a5)
800037d4:	01c12083          	lw	ra,28(sp)
800037d8:	00100513          	li	a0,1
800037dc:	00d72023          	sw	a3,0(a4)
800037e0:	00f62023          	sw	a5,0(a2)
800037e4:	02010113          	addi	sp,sp,32
800037e8:	00008067          	ret
800037ec:	800067b7          	lui	a5,0x80006
800037f0:	ed07a783          	lw	a5,-304(a5) # 80005ed0 <pxCurrentTCB>
800037f4:	01c12083          	lw	ra,28(sp)
800037f8:	00100513          	li	a0,1
800037fc:	0307a683          	lw	a3,48(a5)
80003800:	00d72023          	sw	a3,0(a4)
80003804:	00f62023          	sw	a5,0(a2)
80003808:	02010113          	addi	sp,sp,32
8000380c:	00008067          	ret
80003810:	80006537          	lui	a0,0x80006
80003814:	000015b7          	lui	a1,0x1
80003818:	0f558593          	addi	a1,a1,245 # 10f5 <_start-0x7fffef0b>
8000381c:	cac50513          	addi	a0,a0,-852 # 80005cac <__clzsi2+0x6ac>
80003820:	00c12623          	sw	a2,12(sp)
80003824:	00e12423          	sw	a4,8(sp)
80003828:	00f12223          	sw	a5,4(sp)
8000382c:	ffffd097          	auipc	ra,0xffffd
80003830:	6e0080e7          	jalr	1760(ra) # 80000f0c <vAssertCalled>
80003834:	00c12603          	lw	a2,12(sp)
80003838:	00812703          	lw	a4,8(sp)
8000383c:	00412783          	lw	a5,4(sp)
80003840:	f8dff06f          	j	800037cc <xTaskGetStaticBuffers+0x18>
80003844:	00b12423          	sw	a1,8(sp)
80003848:	00a12223          	sw	a0,4(sp)
8000384c:	000015b7          	lui	a1,0x1
80003850:	80006537          	lui	a0,0x80006
80003854:	0f458593          	addi	a1,a1,244 # 10f4 <_start-0x7fffef0c>
80003858:	cac50513          	addi	a0,a0,-852 # 80005cac <__clzsi2+0x6ac>
8000385c:	00c12623          	sw	a2,12(sp)
80003860:	ffffd097          	auipc	ra,0xffffd
80003864:	6ac080e7          	jalr	1708(ra) # 80000f0c <vAssertCalled>
80003868:	00c12603          	lw	a2,12(sp)
8000386c:	00812703          	lw	a4,8(sp)
80003870:	00412783          	lw	a5,4(sp)
80003874:	f4061ce3          	bnez	a2,800037cc <xTaskGetStaticBuffers+0x18>
80003878:	f99ff06f          	j	80003810 <xTaskGetStaticBuffers+0x5c>

8000387c <xTaskCatchUpTicks>:
8000387c:	800067b7          	lui	a5,0x80006
80003880:	ea07a703          	lw	a4,-352(a5) # 80005ea0 <uxSchedulerSuspended>
80003884:	fe010113          	addi	sp,sp,-32
80003888:	00112e23          	sw	ra,28(sp)
8000388c:	00050693          	mv	a3,a0
80003890:	04071263          	bnez	a4,800038d4 <xTaskCatchUpTicks+0x58>
80003894:	ea07a703          	lw	a4,-352(a5)
80003898:	00170713          	addi	a4,a4,1
8000389c:	eae7a023          	sw	a4,-352(a5)
800038a0:	30047073          	csrci	mstatus,8
800038a4:	800067b7          	lui	a5,0x80006
800038a8:	eb47a503          	lw	a0,-332(a5) # 80005eb4 <xPendedTicks>
800038ac:	80006737          	lui	a4,0x80006
800038b0:	e6072703          	lw	a4,-416(a4) # 80005e60 <xCriticalNesting>
800038b4:	00d50533          	add	a0,a0,a3
800038b8:	eaa7aa23          	sw	a0,-332(a5)
800038bc:	00071463          	bnez	a4,800038c4 <xTaskCatchUpTicks+0x48>
800038c0:	30046073          	csrsi	mstatus,8
800038c4:	01c12083          	lw	ra,28(sp)
800038c8:	02010113          	addi	sp,sp,32
800038cc:	00000317          	auipc	t1,0x0
800038d0:	b7c30067          	jr	-1156(t1) # 80003448 <xTaskResumeAll>
800038d4:	00a12623          	sw	a0,12(sp)
800038d8:	000015b7          	lui	a1,0x1
800038dc:	80006537          	lui	a0,0x80006
800038e0:	1ca58593          	addi	a1,a1,458 # 11ca <_start-0x7fffee36>
800038e4:	cac50513          	addi	a0,a0,-852 # 80005cac <__clzsi2+0x6ac>
800038e8:	ffffd097          	auipc	ra,0xffffd
800038ec:	624080e7          	jalr	1572(ra) # 80000f0c <vAssertCalled>
800038f0:	00c12683          	lw	a3,12(sp)
800038f4:	800067b7          	lui	a5,0x80006
800038f8:	f9dff06f          	j	80003894 <xTaskCatchUpTicks+0x18>

800038fc <xTaskIncrementTick>:
800038fc:	800067b7          	lui	a5,0x80006
80003900:	ea07a783          	lw	a5,-352(a5) # 80005ea0 <uxSchedulerSuspended>
80003904:	00079663          	bnez	a5,80003910 <xTaskIncrementTick+0x14>
80003908:	fffff317          	auipc	t1,0xfffff
8000390c:	41c30067          	jr	1052(t1) # 80002d24 <xTaskIncrementTick.part.0>
80003910:	80006737          	lui	a4,0x80006
80003914:	eb472783          	lw	a5,-332(a4) # 80005eb4 <xPendedTicks>
80003918:	00000513          	li	a0,0
8000391c:	00178793          	addi	a5,a5,1
80003920:	eaf72a23          	sw	a5,-332(a4)
80003924:	00008067          	ret

80003928 <vTaskSwitchContext>:
80003928:	800067b7          	lui	a5,0x80006
8000392c:	ea07a783          	lw	a5,-352(a5) # 80005ea0 <uxSchedulerSuspended>
80003930:	00078a63          	beqz	a5,80003944 <vTaskSwitchContext+0x1c>
80003934:	800067b7          	lui	a5,0x80006
80003938:	00100713          	li	a4,1
8000393c:	eae7a823          	sw	a4,-336(a5) # 80005eb0 <xYieldPendings>
80003940:	00008067          	ret
80003944:	fe010113          	addi	sp,sp,-32
80003948:	800067b7          	lui	a5,0x80006
8000394c:	ea07a823          	sw	zero,-336(a5) # 80005eb0 <xYieldPendings>
80003950:	00812c23          	sw	s0,24(sp)
80003954:	80006437          	lui	s0,0x80006
80003958:	ed042703          	lw	a4,-304(s0) # 80005ed0 <pxCurrentTCB>
8000395c:	a5a5a7b7          	lui	a5,0xa5a5a
80003960:	00112e23          	sw	ra,28(sp)
80003964:	03072703          	lw	a4,48(a4)
80003968:	5a578793          	addi	a5,a5,1445 # a5a5a5a5 <__stack_top+0x259da5a5>
8000396c:	00072683          	lw	a3,0(a4)
80003970:	00f69663          	bne	a3,a5,8000397c <vTaskSwitchContext+0x54>
80003974:	00472783          	lw	a5,4(a4)
80003978:	08d78863          	beq	a5,a3,80003a08 <vTaskSwitchContext+0xe0>
8000397c:	ed042583          	lw	a1,-304(s0)
80003980:	ed042503          	lw	a0,-304(s0)
80003984:	03458593          	addi	a1,a1,52
80003988:	ffffd097          	auipc	ra,0xffffd
8000398c:	67c080e7          	jalr	1660(ra) # 80001004 <vApplicationStackOverflowHook>
80003990:	800067b7          	lui	a5,0x80006
80003994:	ebc7a503          	lw	a0,-324(a5) # 80005ebc <uxTopReadyPriority>
80003998:	00002097          	auipc	ra,0x2
8000399c:	c68080e7          	jalr	-920(ra) # 80005600 <__clzsi2>
800039a0:	01f00693          	li	a3,31
800039a4:	40a686b3          	sub	a3,a3,a0
800039a8:	00269793          	slli	a5,a3,0x2
800039ac:	00d78633          	add	a2,a5,a3
800039b0:	80008737          	lui	a4,0x80008
800039b4:	00261613          	slli	a2,a2,0x2
800039b8:	e5070713          	addi	a4,a4,-432 # 80007e50 <pxReadyTasksLists>
800039bc:	00c70633          	add	a2,a4,a2
800039c0:	00062603          	lw	a2,0(a2)
800039c4:	04060c63          	beqz	a2,80003a1c <vTaskSwitchContext+0xf4>
800039c8:	00d787b3          	add	a5,a5,a3
800039cc:	00279793          	slli	a5,a5,0x2
800039d0:	00f706b3          	add	a3,a4,a5
800039d4:	0046a603          	lw	a2,4(a3)
800039d8:	00878793          	addi	a5,a5,8
800039dc:	00f70733          	add	a4,a4,a5
800039e0:	00462783          	lw	a5,4(a2)
800039e4:	00f6a223          	sw	a5,4(a3)
800039e8:	06e78463          	beq	a5,a4,80003a50 <vTaskSwitchContext+0x128>
800039ec:	00c7a783          	lw	a5,12(a5)
800039f0:	01c12083          	lw	ra,28(sp)
800039f4:	ecf42823          	sw	a5,-304(s0)
800039f8:	ed042783          	lw	a5,-304(s0)
800039fc:	01812403          	lw	s0,24(sp)
80003a00:	02010113          	addi	sp,sp,32
80003a04:	00008067          	ret
80003a08:	00872683          	lw	a3,8(a4)
80003a0c:	f6f698e3          	bne	a3,a5,8000397c <vTaskSwitchContext+0x54>
80003a10:	00c72783          	lw	a5,12(a4)
80003a14:	f6d794e3          	bne	a5,a3,8000397c <vTaskSwitchContext+0x54>
80003a18:	f79ff06f          	j	80003990 <vTaskSwitchContext+0x68>
80003a1c:	80006537          	lui	a0,0x80006
80003a20:	000015b7          	lui	a1,0x1
80003a24:	3fa58593          	addi	a1,a1,1018 # 13fa <_start-0x7fffec06>
80003a28:	cac50513          	addi	a0,a0,-852 # 80005cac <__clzsi2+0x6ac>
80003a2c:	00f12623          	sw	a5,12(sp)
80003a30:	00d12423          	sw	a3,8(sp)
80003a34:	ffffd097          	auipc	ra,0xffffd
80003a38:	4d8080e7          	jalr	1240(ra) # 80000f0c <vAssertCalled>
80003a3c:	800087b7          	lui	a5,0x80008
80003a40:	e5078713          	addi	a4,a5,-432 # 80007e50 <pxReadyTasksLists>
80003a44:	00812683          	lw	a3,8(sp)
80003a48:	00c12783          	lw	a5,12(sp)
80003a4c:	f7dff06f          	j	800039c8 <vTaskSwitchContext+0xa0>
80003a50:	00c6a783          	lw	a5,12(a3)
80003a54:	00f6a223          	sw	a5,4(a3)
80003a58:	f95ff06f          	j	800039ec <vTaskSwitchContext+0xc4>

80003a5c <vTaskPlaceOnEventList>:
80003a5c:	fe010113          	addi	sp,sp,-32
80003a60:	00812c23          	sw	s0,24(sp)
80003a64:	00112e23          	sw	ra,28(sp)
80003a68:	00050793          	mv	a5,a0
80003a6c:	00058413          	mv	s0,a1
80003a70:	02050a63          	beqz	a0,80003aa4 <vTaskPlaceOnEventList+0x48>
80003a74:	80006737          	lui	a4,0x80006
80003a78:	ed072583          	lw	a1,-304(a4) # 80005ed0 <pxCurrentTCB>
80003a7c:	00078513          	mv	a0,a5
80003a80:	01858593          	addi	a1,a1,24
80003a84:	ffffe097          	auipc	ra,0xffffe
80003a88:	9c8080e7          	jalr	-1592(ra) # 8000144c <vListInsert>
80003a8c:	00040513          	mv	a0,s0
80003a90:	01812403          	lw	s0,24(sp)
80003a94:	01c12083          	lw	ra,28(sp)
80003a98:	02010113          	addi	sp,sp,32
80003a9c:	fffff317          	auipc	t1,0xfffff
80003aa0:	18030067          	jr	384(t1) # 80002c1c <prvAddCurrentTaskToDelayedList.isra.0>
80003aa4:	00a12623          	sw	a0,12(sp)
80003aa8:	000015b7          	lui	a1,0x1
80003aac:	80006537          	lui	a0,0x80006
80003ab0:	48058593          	addi	a1,a1,1152 # 1480 <_start-0x7fffeb80>
80003ab4:	cac50513          	addi	a0,a0,-852 # 80005cac <__clzsi2+0x6ac>
80003ab8:	ffffd097          	auipc	ra,0xffffd
80003abc:	454080e7          	jalr	1108(ra) # 80000f0c <vAssertCalled>
80003ac0:	00c12783          	lw	a5,12(sp)
80003ac4:	fb1ff06f          	j	80003a74 <vTaskPlaceOnEventList+0x18>

80003ac8 <vTaskPlaceOnUnorderedEventList>:
80003ac8:	fe010113          	addi	sp,sp,-32
80003acc:	00112e23          	sw	ra,28(sp)
80003ad0:	00050713          	mv	a4,a0
80003ad4:	00058813          	mv	a6,a1
80003ad8:	0a050863          	beqz	a0,80003b88 <vTaskPlaceOnUnorderedEventList+0xc0>
80003adc:	800067b7          	lui	a5,0x80006
80003ae0:	ea07a783          	lw	a5,-352(a5) # 80005ea0 <uxSchedulerSuspended>
80003ae4:	06078863          	beqz	a5,80003b54 <vTaskPlaceOnUnorderedEventList+0x8c>
80003ae8:	800067b7          	lui	a5,0x80006
80003aec:	ed07a503          	lw	a0,-304(a5) # 80005ed0 <pxCurrentTCB>
80003af0:	00472683          	lw	a3,4(a4)
80003af4:	ed07a583          	lw	a1,-304(a5)
80003af8:	800008b7          	lui	a7,0x80000
80003afc:	01186833          	or	a6,a6,a7
80003b00:	01052c23          	sw	a6,24(a0)
80003b04:	00d5ae23          	sw	a3,28(a1)
80003b08:	ed07a883          	lw	a7,-304(a5)
80003b0c:	0086a803          	lw	a6,8(a3)
80003b10:	ed07a503          	lw	a0,-304(a5)
80003b14:	ed07a583          	lw	a1,-304(a5)
80003b18:	0308a023          	sw	a6,32(a7) # 80000020 <_start+0x20>
80003b1c:	01850513          	addi	a0,a0,24
80003b20:	ed07a883          	lw	a7,-304(a5)
80003b24:	00072783          	lw	a5,0(a4)
80003b28:	01858593          	addi	a1,a1,24
80003b2c:	00a82223          	sw	a0,4(a6)
80003b30:	00b6a423          	sw	a1,8(a3)
80003b34:	01c12083          	lw	ra,28(sp)
80003b38:	02e8a423          	sw	a4,40(a7)
80003b3c:	00178793          	addi	a5,a5,1
80003b40:	00f72023          	sw	a5,0(a4)
80003b44:	00060513          	mv	a0,a2
80003b48:	02010113          	addi	sp,sp,32
80003b4c:	fffff317          	auipc	t1,0xfffff
80003b50:	0d030067          	jr	208(t1) # 80002c1c <prvAddCurrentTaskToDelayedList.isra.0>
80003b54:	80006537          	lui	a0,0x80006
80003b58:	000015b7          	lui	a1,0x1
80003b5c:	4a258593          	addi	a1,a1,1186 # 14a2 <_start-0x7fffeb5e>
80003b60:	cac50513          	addi	a0,a0,-852 # 80005cac <__clzsi2+0x6ac>
80003b64:	00c12623          	sw	a2,12(sp)
80003b68:	01012423          	sw	a6,8(sp)
80003b6c:	00e12223          	sw	a4,4(sp)
80003b70:	ffffd097          	auipc	ra,0xffffd
80003b74:	39c080e7          	jalr	924(ra) # 80000f0c <vAssertCalled>
80003b78:	00c12603          	lw	a2,12(sp)
80003b7c:	00812803          	lw	a6,8(sp)
80003b80:	00412703          	lw	a4,4(sp)
80003b84:	f65ff06f          	j	80003ae8 <vTaskPlaceOnUnorderedEventList+0x20>
80003b88:	00b12423          	sw	a1,8(sp)
80003b8c:	00a12223          	sw	a0,4(sp)
80003b90:	000015b7          	lui	a1,0x1
80003b94:	80006537          	lui	a0,0x80006
80003b98:	49e58593          	addi	a1,a1,1182 # 149e <_start-0x7fffeb62>
80003b9c:	cac50513          	addi	a0,a0,-852 # 80005cac <__clzsi2+0x6ac>
80003ba0:	00c12623          	sw	a2,12(sp)
80003ba4:	ffffd097          	auipc	ra,0xffffd
80003ba8:	368080e7          	jalr	872(ra) # 80000f0c <vAssertCalled>
80003bac:	00c12603          	lw	a2,12(sp)
80003bb0:	00812803          	lw	a6,8(sp)
80003bb4:	00412703          	lw	a4,4(sp)
80003bb8:	f25ff06f          	j	80003adc <vTaskPlaceOnUnorderedEventList+0x14>

80003bbc <xTaskRemoveFromEventList>:
80003bbc:	00c52783          	lw	a5,12(a0)
80003bc0:	fe010113          	addi	sp,sp,-32
80003bc4:	00112e23          	sw	ra,28(sp)
80003bc8:	00c7a783          	lw	a5,12(a5)
80003bcc:	14078863          	beqz	a5,80003d1c <xTaskRemoveFromEventList+0x160>
80003bd0:	01c7a583          	lw	a1,28(a5)
80003bd4:	0207a683          	lw	a3,32(a5)
80003bd8:	0287a703          	lw	a4,40(a5)
80003bdc:	01878613          	addi	a2,a5,24
80003be0:	00d5a423          	sw	a3,8(a1)
80003be4:	01c7a503          	lw	a0,28(a5)
80003be8:	00472583          	lw	a1,4(a4)
80003bec:	00a6a223          	sw	a0,4(a3)
80003bf0:	10c58a63          	beq	a1,a2,80003d04 <xTaskRemoveFromEventList+0x148>
80003bf4:	00072683          	lw	a3,0(a4)
80003bf8:	800065b7          	lui	a1,0x80006
80003bfc:	ea05a583          	lw	a1,-352(a1) # 80005ea0 <uxSchedulerSuspended>
80003c00:	0207a423          	sw	zero,40(a5)
80003c04:	fff68693          	addi	a3,a3,-1
80003c08:	00d72023          	sw	a3,0(a4)
80003c0c:	0c059063          	bnez	a1,80003ccc <xTaskRemoveFromEventList+0x110>
80003c10:	0087a603          	lw	a2,8(a5)
80003c14:	00c7a703          	lw	a4,12(a5)
80003c18:	0147a683          	lw	a3,20(a5)
80003c1c:	00478513          	addi	a0,a5,4
80003c20:	00e62423          	sw	a4,8(a2)
80003c24:	0087a583          	lw	a1,8(a5)
80003c28:	0046a603          	lw	a2,4(a3)
80003c2c:	00b72223          	sw	a1,4(a4)
80003c30:	0ea60063          	beq	a2,a0,80003d10 <xTaskRemoveFromEventList+0x154>
80003c34:	0006a603          	lw	a2,0(a3)
80003c38:	80008737          	lui	a4,0x80008
80003c3c:	e5070713          	addi	a4,a4,-432 # 80007e50 <pxReadyTasksLists>
80003c40:	fff60613          	addi	a2,a2,-1
80003c44:	00c6a023          	sw	a2,0(a3)
80003c48:	02c7a803          	lw	a6,44(a5)
80003c4c:	800068b7          	lui	a7,0x80006
80003c50:	ebc8ae03          	lw	t3,-324(a7) # 80005ebc <uxTopReadyPriority>
80003c54:	00281693          	slli	a3,a6,0x2
80003c58:	010686b3          	add	a3,a3,a6
80003c5c:	00269693          	slli	a3,a3,0x2
80003c60:	00d70733          	add	a4,a4,a3
80003c64:	00472583          	lw	a1,4(a4)
80003c68:	00072603          	lw	a2,0(a4)
80003c6c:	00100693          	li	a3,1
80003c70:	00b7a423          	sw	a1,8(a5)
80003c74:	0085a303          	lw	t1,8(a1)
80003c78:	010696b3          	sll	a3,a3,a6
80003c7c:	00160613          	addi	a2,a2,1
80003c80:	0067a623          	sw	t1,12(a5)
80003c84:	00a32223          	sw	a0,4(t1)
80003c88:	00a5a423          	sw	a0,8(a1)
80003c8c:	00e7aa23          	sw	a4,20(a5)
80003c90:	01c6e6b3          	or	a3,a3,t3
80003c94:	00c72023          	sw	a2,0(a4)
80003c98:	ead8ae23          	sw	a3,-324(a7)
80003c9c:	80006737          	lui	a4,0x80006
80003ca0:	ed072683          	lw	a3,-304(a4) # 80005ed0 <pxCurrentTCB>
80003ca4:	02c7a703          	lw	a4,44(a5)
80003ca8:	00000513          	li	a0,0
80003cac:	02c6a783          	lw	a5,44(a3)
80003cb0:	00e7f863          	bgeu	a5,a4,80003cc0 <xTaskRemoveFromEventList+0x104>
80003cb4:	800067b7          	lui	a5,0x80006
80003cb8:	00100513          	li	a0,1
80003cbc:	eaa7a823          	sw	a0,-336(a5) # 80005eb0 <xYieldPendings>
80003cc0:	01c12083          	lw	ra,28(sp)
80003cc4:	02010113          	addi	sp,sp,32
80003cc8:	00008067          	ret
80003ccc:	80008737          	lui	a4,0x80008
80003cd0:	e5070713          	addi	a4,a4,-432 # 80007e50 <pxReadyTasksLists>
80003cd4:	09072683          	lw	a3,144(a4)
80003cd8:	08c72583          	lw	a1,140(a4)
80003cdc:	08c70813          	addi	a6,a4,140
80003ce0:	00d7ae23          	sw	a3,28(a5)
80003ce4:	0086a503          	lw	a0,8(a3)
80003ce8:	00158593          	addi	a1,a1,1
80003cec:	08b72623          	sw	a1,140(a4)
80003cf0:	02a7a023          	sw	a0,32(a5)
80003cf4:	00c52223          	sw	a2,4(a0)
80003cf8:	00c6a423          	sw	a2,8(a3)
80003cfc:	0307a423          	sw	a6,40(a5)
80003d00:	f9dff06f          	j	80003c9c <xTaskRemoveFromEventList+0xe0>
80003d04:	0207a683          	lw	a3,32(a5)
80003d08:	00d72223          	sw	a3,4(a4)
80003d0c:	ee9ff06f          	j	80003bf4 <xTaskRemoveFromEventList+0x38>
80003d10:	00c7a703          	lw	a4,12(a5)
80003d14:	00e6a223          	sw	a4,4(a3)
80003d18:	f1dff06f          	j	80003c34 <xTaskRemoveFromEventList+0x78>
80003d1c:	80006537          	lui	a0,0x80006
80003d20:	000015b7          	lui	a1,0x1
80003d24:	4f558593          	addi	a1,a1,1269 # 14f5 <_start-0x7fffeb0b>
80003d28:	cac50513          	addi	a0,a0,-852 # 80005cac <__clzsi2+0x6ac>
80003d2c:	00f12623          	sw	a5,12(sp)
80003d30:	ffffd097          	auipc	ra,0xffffd
80003d34:	1dc080e7          	jalr	476(ra) # 80000f0c <vAssertCalled>
80003d38:	00c12783          	lw	a5,12(sp)
80003d3c:	e95ff06f          	j	80003bd0 <xTaskRemoveFromEventList+0x14>

80003d40 <vTaskRemoveFromUnorderedEventList>:
80003d40:	800067b7          	lui	a5,0x80006
80003d44:	ea07a783          	lw	a5,-352(a5) # 80005ea0 <uxSchedulerSuspended>
80003d48:	fe010113          	addi	sp,sp,-32
80003d4c:	00112e23          	sw	ra,28(sp)
80003d50:	00050713          	mv	a4,a0
80003d54:	00058693          	mv	a3,a1
80003d58:	0e078c63          	beqz	a5,80003e50 <vTaskRemoveFromUnorderedEventList+0x110>
80003d5c:	80000637          	lui	a2,0x80000
80003d60:	00c72783          	lw	a5,12(a4)
80003d64:	00c6e6b3          	or	a3,a3,a2
80003d68:	00d72023          	sw	a3,0(a4)
80003d6c:	12078063          	beqz	a5,80003e8c <vTaskRemoveFromUnorderedEventList+0x14c>
80003d70:	01072683          	lw	a3,16(a4)
80003d74:	00472583          	lw	a1,4(a4)
80003d78:	00872603          	lw	a2,8(a4)
80003d7c:	0046a503          	lw	a0,4(a3)
80003d80:	00c5a423          	sw	a2,8(a1)
80003d84:	00b62223          	sw	a1,4(a2) # 80000004 <_start+0x4>
80003d88:	14e50463          	beq	a0,a4,80003ed0 <vTaskRemoveFromUnorderedEventList+0x190>
80003d8c:	00072823          	sw	zero,16(a4)
80003d90:	0006a703          	lw	a4,0(a3)
80003d94:	0087a583          	lw	a1,8(a5)
80003d98:	00c7a603          	lw	a2,12(a5)
80003d9c:	fff70713          	addi	a4,a4,-1
80003da0:	00e6a023          	sw	a4,0(a3)
80003da4:	0147a683          	lw	a3,20(a5)
80003da8:	00c5a423          	sw	a2,8(a1)
80003dac:	0087a583          	lw	a1,8(a5)
80003db0:	0046a703          	lw	a4,4(a3)
80003db4:	00478513          	addi	a0,a5,4
80003db8:	00b62223          	sw	a1,4(a2)
80003dbc:	10a70e63          	beq	a4,a0,80003ed8 <vTaskRemoveFromUnorderedEventList+0x198>
80003dc0:	0006a603          	lw	a2,0(a3)
80003dc4:	80008737          	lui	a4,0x80008
80003dc8:	e5070713          	addi	a4,a4,-432 # 80007e50 <pxReadyTasksLists>
80003dcc:	fff60613          	addi	a2,a2,-1
80003dd0:	00c6a023          	sw	a2,0(a3)
80003dd4:	02c7a683          	lw	a3,44(a5)
80003dd8:	80006837          	lui	a6,0x80006
80003ddc:	ebc82e03          	lw	t3,-324(a6) # 80005ebc <uxTopReadyPriority>
80003de0:	00269613          	slli	a2,a3,0x2
80003de4:	00d60633          	add	a2,a2,a3
80003de8:	00261613          	slli	a2,a2,0x2
80003dec:	00c70733          	add	a4,a4,a2
80003df0:	00472583          	lw	a1,4(a4)
80003df4:	00100313          	li	t1,1
80003df8:	00d316b3          	sll	a3,t1,a3
80003dfc:	00b7a423          	sw	a1,8(a5)
80003e00:	0085a883          	lw	a7,8(a1)
80003e04:	00072603          	lw	a2,0(a4)
80003e08:	01c6e6b3          	or	a3,a3,t3
80003e0c:	0117a623          	sw	a7,12(a5)
80003e10:	00a8a223          	sw	a0,4(a7)
80003e14:	ead82e23          	sw	a3,-324(a6)
80003e18:	800066b7          	lui	a3,0x80006
80003e1c:	00a5a423          	sw	a0,8(a1)
80003e20:	ed06a583          	lw	a1,-304(a3) # 80005ed0 <pxCurrentTCB>
80003e24:	00e7aa23          	sw	a4,20(a5)
80003e28:	006606b3          	add	a3,a2,t1
80003e2c:	00d72023          	sw	a3,0(a4)
80003e30:	02c7a703          	lw	a4,44(a5)
80003e34:	02c5a783          	lw	a5,44(a1)
80003e38:	00e7f663          	bgeu	a5,a4,80003e44 <vTaskRemoveFromUnorderedEventList+0x104>
80003e3c:	800067b7          	lui	a5,0x80006
80003e40:	ea67a823          	sw	t1,-336(a5) # 80005eb0 <xYieldPendings>
80003e44:	01c12083          	lw	ra,28(sp)
80003e48:	02010113          	addi	sp,sp,32
80003e4c:	00008067          	ret
80003e50:	00b12623          	sw	a1,12(sp)
80003e54:	00a12423          	sw	a0,8(sp)
80003e58:	000015b7          	lui	a1,0x1
80003e5c:	80006537          	lui	a0,0x80006
80003e60:	54358593          	addi	a1,a1,1347 # 1543 <_start-0x7fffeabd>
80003e64:	cac50513          	addi	a0,a0,-852 # 80005cac <__clzsi2+0x6ac>
80003e68:	ffffd097          	auipc	ra,0xffffd
80003e6c:	0a4080e7          	jalr	164(ra) # 80000f0c <vAssertCalled>
80003e70:	00812703          	lw	a4,8(sp)
80003e74:	00c12683          	lw	a3,12(sp)
80003e78:	80000637          	lui	a2,0x80000
80003e7c:	00c72783          	lw	a5,12(a4)
80003e80:	00c6e6b3          	or	a3,a3,a2
80003e84:	00d72023          	sw	a3,0(a4)
80003e88:	ee0794e3          	bnez	a5,80003d70 <vTaskRemoveFromUnorderedEventList+0x30>
80003e8c:	80006537          	lui	a0,0x80006
80003e90:	000015b7          	lui	a1,0x1
80003e94:	54e58593          	addi	a1,a1,1358 # 154e <_start-0x7fffeab2>
80003e98:	cac50513          	addi	a0,a0,-852 # 80005cac <__clzsi2+0x6ac>
80003e9c:	00e12623          	sw	a4,12(sp)
80003ea0:	00f12423          	sw	a5,8(sp)
80003ea4:	ffffd097          	auipc	ra,0xffffd
80003ea8:	068080e7          	jalr	104(ra) # 80000f0c <vAssertCalled>
80003eac:	00c12703          	lw	a4,12(sp)
80003eb0:	00812783          	lw	a5,8(sp)
80003eb4:	01072683          	lw	a3,16(a4)
80003eb8:	00472583          	lw	a1,4(a4)
80003ebc:	00872603          	lw	a2,8(a4)
80003ec0:	0046a503          	lw	a0,4(a3)
80003ec4:	00c5a423          	sw	a2,8(a1)
80003ec8:	00b62223          	sw	a1,4(a2) # 80000004 <_start+0x4>
80003ecc:	ece510e3          	bne	a0,a4,80003d8c <vTaskRemoveFromUnorderedEventList+0x4c>
80003ed0:	00c6a223          	sw	a2,4(a3)
80003ed4:	eb9ff06f          	j	80003d8c <vTaskRemoveFromUnorderedEventList+0x4c>
80003ed8:	00c7a703          	lw	a4,12(a5)
80003edc:	00e6a223          	sw	a4,4(a3)
80003ee0:	ee1ff06f          	j	80003dc0 <vTaskRemoveFromUnorderedEventList+0x80>

80003ee4 <vTaskSetTimeOutState>:
80003ee4:	fe010113          	addi	sp,sp,-32
80003ee8:	00112e23          	sw	ra,28(sp)
80003eec:	00050793          	mv	a5,a0
80003ef0:	04050063          	beqz	a0,80003f30 <vTaskSetTimeOutState+0x4c>
80003ef4:	30047073          	csrci	mstatus,8
80003ef8:	80006737          	lui	a4,0x80006
80003efc:	eac72583          	lw	a1,-340(a4) # 80005eac <xNumOfOverflows>
80003f00:	800066b7          	lui	a3,0x80006
80003f04:	80006637          	lui	a2,0x80006
80003f08:	e606a703          	lw	a4,-416(a3) # 80005e60 <xCriticalNesting>
80003f0c:	ec062603          	lw	a2,-320(a2) # 80005ec0 <xTickCount>
80003f10:	00b7a023          	sw	a1,0(a5)
80003f14:	e6e6a023          	sw	a4,-416(a3)
80003f18:	00c7a223          	sw	a2,4(a5)
80003f1c:	00071463          	bnez	a4,80003f24 <vTaskSetTimeOutState+0x40>
80003f20:	30046073          	csrsi	mstatus,8
80003f24:	01c12083          	lw	ra,28(sp)
80003f28:	02010113          	addi	sp,sp,32
80003f2c:	00008067          	ret
80003f30:	00a12623          	sw	a0,12(sp)
80003f34:	000015b7          	lui	a1,0x1
80003f38:	80006537          	lui	a0,0x80006
80003f3c:	58658593          	addi	a1,a1,1414 # 1586 <_start-0x7fffea7a>
80003f40:	cac50513          	addi	a0,a0,-852 # 80005cac <__clzsi2+0x6ac>
80003f44:	ffffd097          	auipc	ra,0xffffd
80003f48:	fc8080e7          	jalr	-56(ra) # 80000f0c <vAssertCalled>
80003f4c:	00c12783          	lw	a5,12(sp)
80003f50:	fa5ff06f          	j	80003ef4 <vTaskSetTimeOutState+0x10>

80003f54 <vTaskInternalSetTimeOutState>:
80003f54:	80006737          	lui	a4,0x80006
80003f58:	800067b7          	lui	a5,0x80006
80003f5c:	eac72703          	lw	a4,-340(a4) # 80005eac <xNumOfOverflows>
80003f60:	ec07a783          	lw	a5,-320(a5) # 80005ec0 <xTickCount>
80003f64:	00e52023          	sw	a4,0(a0)
80003f68:	00f52223          	sw	a5,4(a0)
80003f6c:	00008067          	ret

80003f70 <xTaskCheckForTimeOut>:
80003f70:	fe010113          	addi	sp,sp,-32
80003f74:	00112e23          	sw	ra,28(sp)
80003f78:	00050793          	mv	a5,a0
80003f7c:	00058713          	mv	a4,a1
80003f80:	08050263          	beqz	a0,80004004 <xTaskCheckForTimeOut+0x94>
80003f84:	0a070663          	beqz	a4,80004030 <xTaskCheckForTimeOut+0xc0>
80003f88:	30047073          	csrci	mstatus,8
80003f8c:	800068b7          	lui	a7,0x80006
80003f90:	80006337          	lui	t1,0x80006
80003f94:	ec08a803          	lw	a6,-320(a7) # 80005ec0 <xTickCount>
80003f98:	0007ae03          	lw	t3,0(a5)
80003f9c:	eac32683          	lw	a3,-340(t1) # 80005eac <xNumOfOverflows>
80003fa0:	800065b7          	lui	a1,0x80006
80003fa4:	0047a503          	lw	a0,4(a5)
80003fa8:	e605a603          	lw	a2,-416(a1) # 80005e60 <xCriticalNesting>
80003fac:	00de0463          	beq	t3,a3,80003fb4 <xTaskCheckForTimeOut+0x44>
80003fb0:	00a87863          	bgeu	a6,a0,80003fc0 <xTaskCheckForTimeOut+0x50>
80003fb4:	00072683          	lw	a3,0(a4)
80003fb8:	40a80e33          	sub	t3,a6,a0
80003fbc:	02de6263          	bltu	t3,a3,80003fe0 <xTaskCheckForTimeOut+0x70>
80003fc0:	00072023          	sw	zero,0(a4)
80003fc4:	00100513          	li	a0,1
80003fc8:	e6c5a023          	sw	a2,-416(a1)
80003fcc:	00061463          	bnez	a2,80003fd4 <xTaskCheckForTimeOut+0x64>
80003fd0:	30046073          	csrsi	mstatus,8
80003fd4:	01c12083          	lw	ra,28(sp)
80003fd8:	02010113          	addi	sp,sp,32
80003fdc:	00008067          	ret
80003fe0:	eac32303          	lw	t1,-340(t1)
80003fe4:	410686b3          	sub	a3,a3,a6
80003fe8:	ec08a803          	lw	a6,-320(a7)
80003fec:	00a686b3          	add	a3,a3,a0
80003ff0:	00d72023          	sw	a3,0(a4)
80003ff4:	0067a023          	sw	t1,0(a5)
80003ff8:	0107a223          	sw	a6,4(a5)
80003ffc:	00000513          	li	a0,0
80004000:	fc9ff06f          	j	80003fc8 <xTaskCheckForTimeOut+0x58>
80004004:	00b12623          	sw	a1,12(sp)
80004008:	00a12423          	sw	a0,8(sp)
8000400c:	000015b7          	lui	a1,0x1
80004010:	80006537          	lui	a0,0x80006
80004014:	5a558593          	addi	a1,a1,1445 # 15a5 <_start-0x7fffea5b>
80004018:	cac50513          	addi	a0,a0,-852 # 80005cac <__clzsi2+0x6ac>
8000401c:	ffffd097          	auipc	ra,0xffffd
80004020:	ef0080e7          	jalr	-272(ra) # 80000f0c <vAssertCalled>
80004024:	00c12703          	lw	a4,12(sp)
80004028:	00812783          	lw	a5,8(sp)
8000402c:	f4071ee3          	bnez	a4,80003f88 <xTaskCheckForTimeOut+0x18>
80004030:	80006537          	lui	a0,0x80006
80004034:	000015b7          	lui	a1,0x1
80004038:	5a658593          	addi	a1,a1,1446 # 15a6 <_start-0x7fffea5a>
8000403c:	cac50513          	addi	a0,a0,-852 # 80005cac <__clzsi2+0x6ac>
80004040:	00e12623          	sw	a4,12(sp)
80004044:	00f12423          	sw	a5,8(sp)
80004048:	ffffd097          	auipc	ra,0xffffd
8000404c:	ec4080e7          	jalr	-316(ra) # 80000f0c <vAssertCalled>
80004050:	00c12703          	lw	a4,12(sp)
80004054:	00812783          	lw	a5,8(sp)
80004058:	f31ff06f          	j	80003f88 <xTaskCheckForTimeOut+0x18>

8000405c <vTaskMissedYield>:
8000405c:	800067b7          	lui	a5,0x80006
80004060:	00100713          	li	a4,1
80004064:	eae7a823          	sw	a4,-336(a5) # 80005eb0 <xYieldPendings>
80004068:	00008067          	ret

8000406c <xTaskGetSchedulerState>:
8000406c:	800067b7          	lui	a5,0x80006
80004070:	eb87a783          	lw	a5,-328(a5) # 80005eb8 <xSchedulerRunning>
80004074:	00100513          	li	a0,1
80004078:	00078a63          	beqz	a5,8000408c <xTaskGetSchedulerState+0x20>
8000407c:	800067b7          	lui	a5,0x80006
80004080:	ea07a503          	lw	a0,-352(a5) # 80005ea0 <uxSchedulerSuspended>
80004084:	00153513          	seqz	a0,a0
80004088:	00151513          	slli	a0,a0,0x1
8000408c:	00008067          	ret

80004090 <uxTaskResetEventItemValue>:
80004090:	800067b7          	lui	a5,0x80006
80004094:	ed07a603          	lw	a2,-304(a5) # 80005ed0 <pxCurrentTCB>
80004098:	ed07a683          	lw	a3,-304(a5)
8000409c:	ed07a703          	lw	a4,-304(a5)
800040a0:	00500793          	li	a5,5
800040a4:	02c6a683          	lw	a3,44(a3)
800040a8:	01862503          	lw	a0,24(a2)
800040ac:	40d787b3          	sub	a5,a5,a3
800040b0:	00f72c23          	sw	a5,24(a4)
800040b4:	00008067          	ret

800040b8 <ulTaskGenericNotifyTake>:
800040b8:	fd010113          	addi	sp,sp,-48
800040bc:	03212023          	sw	s2,32(sp)
800040c0:	01412c23          	sw	s4,24(sp)
800040c4:	02112623          	sw	ra,44(sp)
800040c8:	02812423          	sw	s0,40(sp)
800040cc:	02912223          	sw	s1,36(sp)
800040d0:	01312e23          	sw	s3,28(sp)
800040d4:	00050913          	mv	s2,a0
800040d8:	00058a13          	mv	s4,a1
800040dc:	10051063          	bnez	a0,800041dc <ulTaskGenericNotifyTake+0x124>
800040e0:	80006737          	lui	a4,0x80006
800040e4:	ea072783          	lw	a5,-352(a4) # 80005ea0 <uxSchedulerSuspended>
800040e8:	00178793          	addi	a5,a5,1
800040ec:	eaf72023          	sw	a5,-352(a4)
800040f0:	30047073          	csrci	mstatus,8
800040f4:	800064b7          	lui	s1,0x80006
800040f8:	ed04a783          	lw	a5,-304(s1) # 80005ed0 <pxCurrentTCB>
800040fc:	01090413          	addi	s0,s2,16
80004100:	00241713          	slli	a4,s0,0x2
80004104:	00e787b3          	add	a5,a5,a4
80004108:	0007a703          	lw	a4,0(a5)
8000410c:	800069b7          	lui	s3,0x80006
80004110:	e609a783          	lw	a5,-416(s3) # 80005e60 <xCriticalNesting>
80004114:	04071263          	bnez	a4,80004158 <ulTaskGenericNotifyTake+0xa0>
80004118:	ed04a703          	lw	a4,-304(s1)
8000411c:	00100693          	li	a3,1
80004120:	01270733          	add	a4,a4,s2
80004124:	04d70223          	sb	a3,68(a4)
80004128:	02060863          	beqz	a2,80004158 <ulTaskGenericNotifyTake+0xa0>
8000412c:	00079463          	bnez	a5,80004134 <ulTaskGenericNotifyTake+0x7c>
80004130:	30046073          	csrsi	mstatus,8
80004134:	00060513          	mv	a0,a2
80004138:	fffff097          	auipc	ra,0xfffff
8000413c:	ae4080e7          	jalr	-1308(ra) # 80002c1c <prvAddCurrentTaskToDelayedList.isra.0>
80004140:	fffff097          	auipc	ra,0xfffff
80004144:	308080e7          	jalr	776(ra) # 80003448 <xTaskResumeAll>
80004148:	00100793          	li	a5,1
8000414c:	00f50c63          	beq	a0,a5,80004164 <ulTaskGenericNotifyTake+0xac>
80004150:	00000073          	ecall
80004154:	0100006f          	j	80004164 <ulTaskGenericNotifyTake+0xac>
80004158:	06078663          	beqz	a5,800041c4 <ulTaskGenericNotifyTake+0x10c>
8000415c:	fffff097          	auipc	ra,0xfffff
80004160:	2ec080e7          	jalr	748(ra) # 80003448 <xTaskResumeAll>
80004164:	30047073          	csrci	mstatus,8
80004168:	ed04a783          	lw	a5,-304(s1)
8000416c:	00241413          	slli	s0,s0,0x2
80004170:	e609a703          	lw	a4,-416(s3)
80004174:	008787b3          	add	a5,a5,s0
80004178:	0007a503          	lw	a0,0(a5)
8000417c:	00050a63          	beqz	a0,80004190 <ulTaskGenericNotifyTake+0xd8>
80004180:	ed04a783          	lw	a5,-304(s1)
80004184:	040a0463          	beqz	s4,800041cc <ulTaskGenericNotifyTake+0x114>
80004188:	008787b3          	add	a5,a5,s0
8000418c:	0007a023          	sw	zero,0(a5)
80004190:	ed04a783          	lw	a5,-304(s1)
80004194:	012787b3          	add	a5,a5,s2
80004198:	04078223          	sb	zero,68(a5)
8000419c:	00071463          	bnez	a4,800041a4 <ulTaskGenericNotifyTake+0xec>
800041a0:	30046073          	csrsi	mstatus,8
800041a4:	02c12083          	lw	ra,44(sp)
800041a8:	02812403          	lw	s0,40(sp)
800041ac:	02412483          	lw	s1,36(sp)
800041b0:	02012903          	lw	s2,32(sp)
800041b4:	01c12983          	lw	s3,28(sp)
800041b8:	01812a03          	lw	s4,24(sp)
800041bc:	03010113          	addi	sp,sp,48
800041c0:	00008067          	ret
800041c4:	30046073          	csrsi	mstatus,8
800041c8:	f95ff06f          	j	8000415c <ulTaskGenericNotifyTake+0xa4>
800041cc:	fff50693          	addi	a3,a0,-1
800041d0:	008787b3          	add	a5,a5,s0
800041d4:	00d7a023          	sw	a3,0(a5)
800041d8:	fb9ff06f          	j	80004190 <ulTaskGenericNotifyTake+0xd8>
800041dc:	80006537          	lui	a0,0x80006
800041e0:	000025b7          	lui	a1,0x2
800041e4:	dc758593          	addi	a1,a1,-569 # 1dc7 <_start-0x7fffe239>
800041e8:	cac50513          	addi	a0,a0,-852 # 80005cac <__clzsi2+0x6ac>
800041ec:	00c12623          	sw	a2,12(sp)
800041f0:	ffffd097          	auipc	ra,0xffffd
800041f4:	d1c080e7          	jalr	-740(ra) # 80000f0c <vAssertCalled>
800041f8:	00c12603          	lw	a2,12(sp)
800041fc:	ee5ff06f          	j	800040e0 <ulTaskGenericNotifyTake+0x28>

80004200 <xTaskGenericNotifyWait>:
80004200:	fd010113          	addi	sp,sp,-48
80004204:	02812423          	sw	s0,40(sp)
80004208:	01312e23          	sw	s3,28(sp)
8000420c:	01412c23          	sw	s4,24(sp)
80004210:	02112623          	sw	ra,44(sp)
80004214:	02912223          	sw	s1,36(sp)
80004218:	03212023          	sw	s2,32(sp)
8000421c:	00050413          	mv	s0,a0
80004220:	00058793          	mv	a5,a1
80004224:	00060a13          	mv	s4,a2
80004228:	00068993          	mv	s3,a3
8000422c:	12051c63          	bnez	a0,80004364 <xTaskGenericNotifyWait+0x164>
80004230:	800066b7          	lui	a3,0x80006
80004234:	ea06a583          	lw	a1,-352(a3) # 80005ea0 <uxSchedulerSuspended>
80004238:	00158593          	addi	a1,a1,1
8000423c:	eab6a023          	sw	a1,-352(a3)
80004240:	30047073          	csrci	mstatus,8
80004244:	800064b7          	lui	s1,0x80006
80004248:	ed04a583          	lw	a1,-304(s1) # 80005ed0 <pxCurrentTCB>
8000424c:	80006937          	lui	s2,0x80006
80004250:	00200693          	li	a3,2
80004254:	008585b3          	add	a1,a1,s0
80004258:	0445c603          	lbu	a2,68(a1)
8000425c:	e6092583          	lw	a1,-416(s2) # 80005e60 <xCriticalNesting>
80004260:	06d60063          	beq	a2,a3,800042c0 <xTaskGenericNotifyWait+0xc0>
80004264:	ed04a603          	lw	a2,-304(s1)
80004268:	00241693          	slli	a3,s0,0x2
8000426c:	fff7c793          	not	a5,a5
80004270:	00d60633          	add	a2,a2,a3
80004274:	04062503          	lw	a0,64(a2)
80004278:	00100693          	li	a3,1
8000427c:	00a7f7b3          	and	a5,a5,a0
80004280:	04f62023          	sw	a5,64(a2)
80004284:	ed04a783          	lw	a5,-304(s1)
80004288:	008787b3          	add	a5,a5,s0
8000428c:	04d78223          	sb	a3,68(a5)
80004290:	02070863          	beqz	a4,800042c0 <xTaskGenericNotifyWait+0xc0>
80004294:	00059463          	bnez	a1,8000429c <xTaskGenericNotifyWait+0x9c>
80004298:	30046073          	csrsi	mstatus,8
8000429c:	00070513          	mv	a0,a4
800042a0:	fffff097          	auipc	ra,0xfffff
800042a4:	97c080e7          	jalr	-1668(ra) # 80002c1c <prvAddCurrentTaskToDelayedList.isra.0>
800042a8:	fffff097          	auipc	ra,0xfffff
800042ac:	1a0080e7          	jalr	416(ra) # 80003448 <xTaskResumeAll>
800042b0:	00100793          	li	a5,1
800042b4:	00f50c63          	beq	a0,a5,800042cc <xTaskGenericNotifyWait+0xcc>
800042b8:	00000073          	ecall
800042bc:	0100006f          	j	800042cc <xTaskGenericNotifyWait+0xcc>
800042c0:	08058e63          	beqz	a1,8000435c <xTaskGenericNotifyWait+0x15c>
800042c4:	fffff097          	auipc	ra,0xfffff
800042c8:	184080e7          	jalr	388(ra) # 80003448 <xTaskResumeAll>
800042cc:	30047073          	csrci	mstatus,8
800042d0:	e6092703          	lw	a4,-416(s2)
800042d4:	00098c63          	beqz	s3,800042ec <xTaskGenericNotifyWait+0xec>
800042d8:	ed04a783          	lw	a5,-304(s1)
800042dc:	00241693          	slli	a3,s0,0x2
800042e0:	00d787b3          	add	a5,a5,a3
800042e4:	0407a783          	lw	a5,64(a5)
800042e8:	00f9a023          	sw	a5,0(s3)
800042ec:	ed04a783          	lw	a5,-304(s1)
800042f0:	00200693          	li	a3,2
800042f4:	00000513          	li	a0,0
800042f8:	008787b3          	add	a5,a5,s0
800042fc:	0447c783          	lbu	a5,68(a5)
80004300:	02d79263          	bne	a5,a3,80004324 <xTaskGenericNotifyWait+0x124>
80004304:	ed04a683          	lw	a3,-304(s1)
80004308:	00241613          	slli	a2,s0,0x2
8000430c:	fffa4793          	not	a5,s4
80004310:	00c686b3          	add	a3,a3,a2
80004314:	0406a603          	lw	a2,64(a3)
80004318:	00100513          	li	a0,1
8000431c:	00c7f7b3          	and	a5,a5,a2
80004320:	04f6a023          	sw	a5,64(a3)
80004324:	ed04a783          	lw	a5,-304(s1)
80004328:	e6e92023          	sw	a4,-416(s2)
8000432c:	008787b3          	add	a5,a5,s0
80004330:	04078223          	sb	zero,68(a5)
80004334:	00071463          	bnez	a4,8000433c <xTaskGenericNotifyWait+0x13c>
80004338:	30046073          	csrsi	mstatus,8
8000433c:	02c12083          	lw	ra,44(sp)
80004340:	02812403          	lw	s0,40(sp)
80004344:	02412483          	lw	s1,36(sp)
80004348:	02012903          	lw	s2,32(sp)
8000434c:	01c12983          	lw	s3,28(sp)
80004350:	01812a03          	lw	s4,24(sp)
80004354:	03010113          	addi	sp,sp,48
80004358:	00008067          	ret
8000435c:	30046073          	csrsi	mstatus,8
80004360:	f65ff06f          	j	800042c4 <xTaskGenericNotifyWait+0xc4>
80004364:	00b12423          	sw	a1,8(sp)
80004368:	80006537          	lui	a0,0x80006
8000436c:	000025b7          	lui	a1,0x2
80004370:	e2f58593          	addi	a1,a1,-465 # 1e2f <_start-0x7fffe1d1>
80004374:	cac50513          	addi	a0,a0,-852 # 80005cac <__clzsi2+0x6ac>
80004378:	00e12623          	sw	a4,12(sp)
8000437c:	ffffd097          	auipc	ra,0xffffd
80004380:	b90080e7          	jalr	-1136(ra) # 80000f0c <vAssertCalled>
80004384:	00c12703          	lw	a4,12(sp)
80004388:	00812783          	lw	a5,8(sp)
8000438c:	ea5ff06f          	j	80004230 <xTaskGenericNotifyWait+0x30>

80004390 <xTaskGenericNotify>:
80004390:	fd010113          	addi	sp,sp,-48
80004394:	02112623          	sw	ra,44(sp)
80004398:	00058813          	mv	a6,a1
8000439c:	00050793          	mv	a5,a0
800043a0:	0a059263          	bnez	a1,80004444 <xTaskGenericNotify+0xb4>
800043a4:	0e078263          	beqz	a5,80004488 <xTaskGenericNotify+0xf8>
800043a8:	30047073          	csrci	mstatus,8
800043ac:	800068b7          	lui	a7,0x80006
800043b0:	e608a583          	lw	a1,-416(a7) # 80005e60 <xCriticalNesting>
800043b4:	00158513          	addi	a0,a1,1
800043b8:	e6a8a023          	sw	a0,-416(a7)
800043bc:	00070a63          	beqz	a4,800043d0 <xTaskGenericNotify+0x40>
800043c0:	00281513          	slli	a0,a6,0x2
800043c4:	00a78533          	add	a0,a5,a0
800043c8:	04052503          	lw	a0,64(a0)
800043cc:	00a72023          	sw	a0,0(a4)
800043d0:	01078533          	add	a0,a5,a6
800043d4:	04454703          	lbu	a4,68(a0)
800043d8:	00200313          	li	t1,2
800043dc:	04650223          	sb	t1,68(a0)
800043e0:	00400513          	li	a0,4
800043e4:	0ff77713          	zext.b	a4,a4
800043e8:	1ed56a63          	bltu	a0,a3,800045dc <xTaskGenericNotify+0x24c>
800043ec:	80006537          	lui	a0,0x80006
800043f0:	00269693          	slli	a3,a3,0x2
800043f4:	d2050513          	addi	a0,a0,-736 # 80005d20 <hex.0+0x14>
800043f8:	00a686b3          	add	a3,a3,a0
800043fc:	0006a683          	lw	a3,0(a3)
80004400:	00068067          	jr	a3
80004404:	00200693          	li	a3,2
80004408:	00000513          	li	a0,0
8000440c:	02d70063          	beq	a4,a3,8000442c <xTaskGenericNotify+0x9c>
80004410:	00281813          	slli	a6,a6,0x2
80004414:	01078833          	add	a6,a5,a6
80004418:	04c82023          	sw	a2,64(a6)
8000441c:	00100513          	li	a0,1
80004420:	0aa70663          	beq	a4,a0,800044cc <xTaskGenericNotify+0x13c>
80004424:	e608a583          	lw	a1,-416(a7)
80004428:	fff58593          	addi	a1,a1,-1
8000442c:	e6b8a023          	sw	a1,-416(a7)
80004430:	00059463          	bnez	a1,80004438 <xTaskGenericNotify+0xa8>
80004434:	30046073          	csrsi	mstatus,8
80004438:	02c12083          	lw	ra,44(sp)
8000443c:	03010113          	addi	sp,sp,48
80004440:	00008067          	ret
80004444:	00b12a23          	sw	a1,20(sp)
80004448:	00a12823          	sw	a0,16(sp)
8000444c:	000025b7          	lui	a1,0x2
80004450:	80006537          	lui	a0,0x80006
80004454:	ea458593          	addi	a1,a1,-348 # 1ea4 <_start-0x7fffe15c>
80004458:	cac50513          	addi	a0,a0,-852 # 80005cac <__clzsi2+0x6ac>
8000445c:	00e12e23          	sw	a4,28(sp)
80004460:	00d12c23          	sw	a3,24(sp)
80004464:	00c12623          	sw	a2,12(sp)
80004468:	ffffd097          	auipc	ra,0xffffd
8000446c:	aa4080e7          	jalr	-1372(ra) # 80000f0c <vAssertCalled>
80004470:	01012783          	lw	a5,16(sp)
80004474:	01c12703          	lw	a4,28(sp)
80004478:	01812683          	lw	a3,24(sp)
8000447c:	01412803          	lw	a6,20(sp)
80004480:	00c12603          	lw	a2,12(sp)
80004484:	f20792e3          	bnez	a5,800043a8 <xTaskGenericNotify+0x18>
80004488:	80006537          	lui	a0,0x80006
8000448c:	000025b7          	lui	a1,0x2
80004490:	ea558593          	addi	a1,a1,-347 # 1ea5 <_start-0x7fffe15b>
80004494:	cac50513          	addi	a0,a0,-852 # 80005cac <__clzsi2+0x6ac>
80004498:	00e12e23          	sw	a4,28(sp)
8000449c:	00d12c23          	sw	a3,24(sp)
800044a0:	01012a23          	sw	a6,20(sp)
800044a4:	00f12823          	sw	a5,16(sp)
800044a8:	00c12623          	sw	a2,12(sp)
800044ac:	ffffd097          	auipc	ra,0xffffd
800044b0:	a60080e7          	jalr	-1440(ra) # 80000f0c <vAssertCalled>
800044b4:	01c12703          	lw	a4,28(sp)
800044b8:	01812683          	lw	a3,24(sp)
800044bc:	01412803          	lw	a6,20(sp)
800044c0:	01012783          	lw	a5,16(sp)
800044c4:	00c12603          	lw	a2,12(sp)
800044c8:	ee1ff06f          	j	800043a8 <xTaskGenericNotify+0x18>
800044cc:	0087a603          	lw	a2,8(a5)
800044d0:	00c7a703          	lw	a4,12(a5)
800044d4:	0147a683          	lw	a3,20(a5)
800044d8:	00478513          	addi	a0,a5,4
800044dc:	00e62423          	sw	a4,8(a2)
800044e0:	0087a583          	lw	a1,8(a5)
800044e4:	0046a603          	lw	a2,4(a3)
800044e8:	00b72223          	sw	a1,4(a4)
800044ec:	12a60663          	beq	a2,a0,80004618 <xTaskGenericNotify+0x288>
800044f0:	0006a603          	lw	a2,0(a3)
800044f4:	80008737          	lui	a4,0x80008
800044f8:	e5070713          	addi	a4,a4,-432 # 80007e50 <pxReadyTasksLists>
800044fc:	fff60613          	addi	a2,a2,-1
80004500:	00c6a023          	sw	a2,0(a3)
80004504:	02c7a803          	lw	a6,44(a5)
80004508:	80006337          	lui	t1,0x80006
8000450c:	ebc32e83          	lw	t4,-324(t1) # 80005ebc <uxTopReadyPriority>
80004510:	00281693          	slli	a3,a6,0x2
80004514:	010686b3          	add	a3,a3,a6
80004518:	00269693          	slli	a3,a3,0x2
8000451c:	00d70733          	add	a4,a4,a3
80004520:	00472583          	lw	a1,4(a4)
80004524:	00072603          	lw	a2,0(a4)
80004528:	00100693          	li	a3,1
8000452c:	00b7a423          	sw	a1,8(a5)
80004530:	0085ae03          	lw	t3,8(a1)
80004534:	010696b3          	sll	a3,a3,a6
80004538:	0287a803          	lw	a6,40(a5)
8000453c:	01c7a623          	sw	t3,12(a5)
80004540:	00ae2223          	sw	a0,4(t3) # 80006004 <command_queue_storage+0xd4>
80004544:	00a5a423          	sw	a0,8(a1)
80004548:	00e7aa23          	sw	a4,20(a5)
8000454c:	00160613          	addi	a2,a2,1
80004550:	01d6e6b3          	or	a3,a3,t4
80004554:	00c72023          	sw	a2,0(a4)
80004558:	ead32e23          	sw	a3,-324(t1)
8000455c:	02080463          	beqz	a6,80004584 <xTaskGenericNotify+0x1f4>
80004560:	80006537          	lui	a0,0x80006
80004564:	000025b7          	lui	a1,0x2
80004568:	ee958593          	addi	a1,a1,-279 # 1ee9 <_start-0x7fffe117>
8000456c:	cac50513          	addi	a0,a0,-852 # 80005cac <__clzsi2+0x6ac>
80004570:	00f12623          	sw	a5,12(sp)
80004574:	ffffd097          	auipc	ra,0xffffd
80004578:	998080e7          	jalr	-1640(ra) # 80000f0c <vAssertCalled>
8000457c:	00c12783          	lw	a5,12(sp)
80004580:	800068b7          	lui	a7,0x80006
80004584:	80006737          	lui	a4,0x80006
80004588:	ed072703          	lw	a4,-304(a4) # 80005ed0 <pxCurrentTCB>
8000458c:	02c7a783          	lw	a5,44(a5)
80004590:	02c72703          	lw	a4,44(a4)
80004594:	00f77463          	bgeu	a4,a5,8000459c <xTaskGenericNotify+0x20c>
80004598:	00000073          	ecall
8000459c:	e608a583          	lw	a1,-416(a7) # 80005e60 <xCriticalNesting>
800045a0:	00100513          	li	a0,1
800045a4:	fff58593          	addi	a1,a1,-1
800045a8:	e85ff06f          	j	8000442c <xTaskGenericNotify+0x9c>
800045ac:	00281813          	slli	a6,a6,0x2
800045b0:	01078833          	add	a6,a5,a6
800045b4:	04082683          	lw	a3,64(a6)
800045b8:	00c6e6b3          	or	a3,a3,a2
800045bc:	04d82023          	sw	a3,64(a6)
800045c0:	e5dff06f          	j	8000441c <xTaskGenericNotify+0x8c>
800045c4:	00281813          	slli	a6,a6,0x2
800045c8:	01078833          	add	a6,a5,a6
800045cc:	04082683          	lw	a3,64(a6)
800045d0:	00168693          	addi	a3,a3,1
800045d4:	04d82023          	sw	a3,64(a6)
800045d8:	e45ff06f          	j	8000441c <xTaskGenericNotify+0x8c>
800045dc:	800066b7          	lui	a3,0x80006
800045e0:	ec06a683          	lw	a3,-320(a3) # 80005ec0 <xTickCount>
800045e4:	e2068ce3          	beqz	a3,8000441c <xTaskGenericNotify+0x8c>
800045e8:	80006537          	lui	a0,0x80006
800045ec:	000025b7          	lui	a1,0x2
800045f0:	eda58593          	addi	a1,a1,-294 # 1eda <_start-0x7fffe126>
800045f4:	cac50513          	addi	a0,a0,-852 # 80005cac <__clzsi2+0x6ac>
800045f8:	00f12823          	sw	a5,16(sp)
800045fc:	00e12623          	sw	a4,12(sp)
80004600:	ffffd097          	auipc	ra,0xffffd
80004604:	90c080e7          	jalr	-1780(ra) # 80000f0c <vAssertCalled>
80004608:	01012783          	lw	a5,16(sp)
8000460c:	00c12703          	lw	a4,12(sp)
80004610:	800068b7          	lui	a7,0x80006
80004614:	e09ff06f          	j	8000441c <xTaskGenericNotify+0x8c>
80004618:	00c7a703          	lw	a4,12(a5)
8000461c:	00e6a223          	sw	a4,4(a3)
80004620:	ed1ff06f          	j	800044f0 <xTaskGenericNotify+0x160>

80004624 <xTaskGenericNotifyFromISR>:
80004624:	fd010113          	addi	sp,sp,-48
80004628:	02112623          	sw	ra,44(sp)
8000462c:	00050893          	mv	a7,a0
80004630:	00058813          	mv	a6,a1
80004634:	20050263          	beqz	a0,80004838 <xTaskGenericNotifyFromISR+0x214>
80004638:	06081e63          	bnez	a6,800046b4 <xTaskGenericNotifyFromISR+0x90>
8000463c:	00070a63          	beqz	a4,80004650 <xTaskGenericNotifyFromISR+0x2c>
80004640:	00281593          	slli	a1,a6,0x2
80004644:	00b885b3          	add	a1,a7,a1
80004648:	0405a583          	lw	a1,64(a1)
8000464c:	00b72023          	sw	a1,0(a4)
80004650:	01088733          	add	a4,a7,a6
80004654:	04474583          	lbu	a1,68(a4)
80004658:	00200513          	li	a0,2
8000465c:	04a70223          	sb	a0,68(a4)
80004660:	00400713          	li	a4,4
80004664:	0ff5f313          	zext.b	t1,a1
80004668:	24d76e63          	bltu	a4,a3,800048c4 <xTaskGenericNotifyFromISR+0x2a0>
8000466c:	80006737          	lui	a4,0x80006
80004670:	d3470713          	addi	a4,a4,-716 # 80005d34 <hex.0+0x28>
80004674:	00269693          	slli	a3,a3,0x2
80004678:	00e686b3          	add	a3,a3,a4
8000467c:	0006a703          	lw	a4,0(a3)
80004680:	00070067          	jr	a4
80004684:	00200713          	li	a4,2
80004688:	00000513          	li	a0,0
8000468c:	00e30e63          	beq	t1,a4,800046a8 <xTaskGenericNotifyFromISR+0x84>
80004690:	00281813          	slli	a6,a6,0x2
80004694:	01088833          	add	a6,a7,a6
80004698:	04c82023          	sw	a2,64(a6)
8000469c:	00100713          	li	a4,1
800046a0:	06e30063          	beq	t1,a4,80004700 <xTaskGenericNotifyFromISR+0xdc>
800046a4:	00100513          	li	a0,1
800046a8:	02c12083          	lw	ra,44(sp)
800046ac:	03010113          	addi	sp,sp,48
800046b0:	00008067          	ret
800046b4:	80006537          	lui	a0,0x80006
800046b8:	000025b7          	lui	a1,0x2
800046bc:	f1f58593          	addi	a1,a1,-225 # 1f1f <_start-0x7fffe0e1>
800046c0:	cac50513          	addi	a0,a0,-852 # 80005cac <__clzsi2+0x6ac>
800046c4:	00f12e23          	sw	a5,28(sp)
800046c8:	00e12c23          	sw	a4,24(sp)
800046cc:	00d12a23          	sw	a3,20(sp)
800046d0:	01012823          	sw	a6,16(sp)
800046d4:	01112623          	sw	a7,12(sp)
800046d8:	00c12423          	sw	a2,8(sp)
800046dc:	ffffd097          	auipc	ra,0xffffd
800046e0:	830080e7          	jalr	-2000(ra) # 80000f0c <vAssertCalled>
800046e4:	01c12783          	lw	a5,28(sp)
800046e8:	01812703          	lw	a4,24(sp)
800046ec:	01412683          	lw	a3,20(sp)
800046f0:	01012803          	lw	a6,16(sp)
800046f4:	00c12883          	lw	a7,12(sp)
800046f8:	00812603          	lw	a2,8(sp)
800046fc:	f41ff06f          	j	8000463c <xTaskGenericNotifyFromISR+0x18>
80004700:	0288a703          	lw	a4,40(a7) # 80006028 <command_queue_storage+0xf8>
80004704:	02070663          	beqz	a4,80004730 <xTaskGenericNotifyFromISR+0x10c>
80004708:	80006537          	lui	a0,0x80006
8000470c:	000025b7          	lui	a1,0x2
80004710:	f7458593          	addi	a1,a1,-140 # 1f74 <_start-0x7fffe08c>
80004714:	cac50513          	addi	a0,a0,-852 # 80005cac <__clzsi2+0x6ac>
80004718:	00f12623          	sw	a5,12(sp)
8000471c:	01112423          	sw	a7,8(sp)
80004720:	ffffc097          	auipc	ra,0xffffc
80004724:	7ec080e7          	jalr	2028(ra) # 80000f0c <vAssertCalled>
80004728:	00c12783          	lw	a5,12(sp)
8000472c:	00812883          	lw	a7,8(sp)
80004730:	80006737          	lui	a4,0x80006
80004734:	ea072703          	lw	a4,-352(a4) # 80005ea0 <uxSchedulerSuspended>
80004738:	14071863          	bnez	a4,80004888 <xTaskGenericNotifyFromISR+0x264>
8000473c:	0088a603          	lw	a2,8(a7)
80004740:	00c8a703          	lw	a4,12(a7)
80004744:	0148a683          	lw	a3,20(a7)
80004748:	00488513          	addi	a0,a7,4
8000474c:	00e62423          	sw	a4,8(a2)
80004750:	0088a583          	lw	a1,8(a7)
80004754:	0046a603          	lw	a2,4(a3)
80004758:	00b72223          	sw	a1,4(a4)
8000475c:	1aa60463          	beq	a2,a0,80004904 <xTaskGenericNotifyFromISR+0x2e0>
80004760:	0006a603          	lw	a2,0(a3)
80004764:	80008737          	lui	a4,0x80008
80004768:	e5070713          	addi	a4,a4,-432 # 80007e50 <pxReadyTasksLists>
8000476c:	fff60613          	addi	a2,a2,-1
80004770:	00c6a023          	sw	a2,0(a3)
80004774:	02c8a803          	lw	a6,44(a7)
80004778:	80006337          	lui	t1,0x80006
8000477c:	ebc32e83          	lw	t4,-324(t1) # 80005ebc <uxTopReadyPriority>
80004780:	00281693          	slli	a3,a6,0x2
80004784:	010686b3          	add	a3,a3,a6
80004788:	00269693          	slli	a3,a3,0x2
8000478c:	00d70733          	add	a4,a4,a3
80004790:	00472583          	lw	a1,4(a4)
80004794:	00072603          	lw	a2,0(a4)
80004798:	00100693          	li	a3,1
8000479c:	00b8a423          	sw	a1,8(a7)
800047a0:	0085ae03          	lw	t3,8(a1)
800047a4:	010696b3          	sll	a3,a3,a6
800047a8:	00160613          	addi	a2,a2,1
800047ac:	01c8a623          	sw	t3,12(a7)
800047b0:	00ae2223          	sw	a0,4(t3)
800047b4:	00a5a423          	sw	a0,8(a1)
800047b8:	00e8aa23          	sw	a4,20(a7)
800047bc:	01d6e6b3          	or	a3,a3,t4
800047c0:	00c72023          	sw	a2,0(a4)
800047c4:	ead32e23          	sw	a3,-324(t1)
800047c8:	80006737          	lui	a4,0x80006
800047cc:	ed072703          	lw	a4,-304(a4) # 80005ed0 <pxCurrentTCB>
800047d0:	02c8a683          	lw	a3,44(a7)
800047d4:	02c72703          	lw	a4,44(a4)
800047d8:	ecd776e3          	bgeu	a4,a3,800046a4 <xTaskGenericNotifyFromISR+0x80>
800047dc:	00078663          	beqz	a5,800047e8 <xTaskGenericNotifyFromISR+0x1c4>
800047e0:	00100713          	li	a4,1
800047e4:	00e7a023          	sw	a4,0(a5)
800047e8:	800067b7          	lui	a5,0x80006
800047ec:	00100713          	li	a4,1
800047f0:	eae7a823          	sw	a4,-336(a5) # 80005eb0 <xYieldPendings>
800047f4:	eb1ff06f          	j	800046a4 <xTaskGenericNotifyFromISR+0x80>
800047f8:	00281813          	slli	a6,a6,0x2
800047fc:	01088833          	add	a6,a7,a6
80004800:	04082703          	lw	a4,64(a6)
80004804:	00170713          	addi	a4,a4,1
80004808:	04e82023          	sw	a4,64(a6)
8000480c:	00100713          	li	a4,1
80004810:	e8e31ae3          	bne	t1,a4,800046a4 <xTaskGenericNotifyFromISR+0x80>
80004814:	eedff06f          	j	80004700 <xTaskGenericNotifyFromISR+0xdc>
80004818:	00281813          	slli	a6,a6,0x2
8000481c:	01088833          	add	a6,a7,a6
80004820:	04082703          	lw	a4,64(a6)
80004824:	00c76733          	or	a4,a4,a2
80004828:	04e82023          	sw	a4,64(a6)
8000482c:	00100713          	li	a4,1
80004830:	e6e31ae3          	bne	t1,a4,800046a4 <xTaskGenericNotifyFromISR+0x80>
80004834:	ecdff06f          	j	80004700 <xTaskGenericNotifyFromISR+0xdc>
80004838:	00b12823          	sw	a1,16(sp)
8000483c:	00a12623          	sw	a0,12(sp)
80004840:	000025b7          	lui	a1,0x2
80004844:	80006537          	lui	a0,0x80006
80004848:	f1e58593          	addi	a1,a1,-226 # 1f1e <_start-0x7fffe0e2>
8000484c:	cac50513          	addi	a0,a0,-852 # 80005cac <__clzsi2+0x6ac>
80004850:	00f12e23          	sw	a5,28(sp)
80004854:	00e12c23          	sw	a4,24(sp)
80004858:	00d12a23          	sw	a3,20(sp)
8000485c:	00c12423          	sw	a2,8(sp)
80004860:	ffffc097          	auipc	ra,0xffffc
80004864:	6ac080e7          	jalr	1708(ra) # 80000f0c <vAssertCalled>
80004868:	01012803          	lw	a6,16(sp)
8000486c:	01c12783          	lw	a5,28(sp)
80004870:	01812703          	lw	a4,24(sp)
80004874:	01412683          	lw	a3,20(sp)
80004878:	00c12883          	lw	a7,12(sp)
8000487c:	00812603          	lw	a2,8(sp)
80004880:	da080ee3          	beqz	a6,8000463c <xTaskGenericNotifyFromISR+0x18>
80004884:	e31ff06f          	j	800046b4 <xTaskGenericNotifyFromISR+0x90>
80004888:	80008737          	lui	a4,0x80008
8000488c:	e5070713          	addi	a4,a4,-432 # 80007e50 <pxReadyTasksLists>
80004890:	09072583          	lw	a1,144(a4)
80004894:	08c72603          	lw	a2,140(a4)
80004898:	01888693          	addi	a3,a7,24
8000489c:	00b8ae23          	sw	a1,28(a7)
800048a0:	0085a503          	lw	a0,8(a1)
800048a4:	00160613          	addi	a2,a2,1
800048a8:	08c70813          	addi	a6,a4,140
800048ac:	02a8a023          	sw	a0,32(a7)
800048b0:	00d52223          	sw	a3,4(a0)
800048b4:	00d5a423          	sw	a3,8(a1)
800048b8:	08c72623          	sw	a2,140(a4)
800048bc:	0308a423          	sw	a6,40(a7)
800048c0:	f09ff06f          	j	800047c8 <xTaskGenericNotifyFromISR+0x1a4>
800048c4:	80006737          	lui	a4,0x80006
800048c8:	ec072703          	lw	a4,-320(a4) # 80005ec0 <xTickCount>
800048cc:	dc0708e3          	beqz	a4,8000469c <xTaskGenericNotifyFromISR+0x78>
800048d0:	80006537          	lui	a0,0x80006
800048d4:	000025b7          	lui	a1,0x2
800048d8:	f6958593          	addi	a1,a1,-151 # 1f69 <_start-0x7fffe097>
800048dc:	cac50513          	addi	a0,a0,-852 # 80005cac <__clzsi2+0x6ac>
800048e0:	00f12823          	sw	a5,16(sp)
800048e4:	01112623          	sw	a7,12(sp)
800048e8:	00612423          	sw	t1,8(sp)
800048ec:	ffffc097          	auipc	ra,0xffffc
800048f0:	620080e7          	jalr	1568(ra) # 80000f0c <vAssertCalled>
800048f4:	01012783          	lw	a5,16(sp)
800048f8:	00c12883          	lw	a7,12(sp)
800048fc:	00812303          	lw	t1,8(sp)
80004900:	d9dff06f          	j	8000469c <xTaskGenericNotifyFromISR+0x78>
80004904:	00c8a703          	lw	a4,12(a7)
80004908:	00e6a223          	sw	a4,4(a3)
8000490c:	e55ff06f          	j	80004760 <xTaskGenericNotifyFromISR+0x13c>

80004910 <vTaskGenericNotifyGiveFromISR>:
80004910:	fe010113          	addi	sp,sp,-32
80004914:	00112e23          	sw	ra,28(sp)
80004918:	00050713          	mv	a4,a0
8000491c:	00058793          	mv	a5,a1
80004920:	12050063          	beqz	a0,80004a40 <vTaskGenericNotifyGiveFromISR+0x130>
80004924:	0e079463          	bnez	a5,80004a0c <vTaskGenericNotifyGiveFromISR+0xfc>
80004928:	00f706b3          	add	a3,a4,a5
8000492c:	00200593          	li	a1,2
80004930:	00279793          	slli	a5,a5,0x2
80004934:	0446c503          	lbu	a0,68(a3)
80004938:	00f707b3          	add	a5,a4,a5
8000493c:	04b68223          	sb	a1,68(a3)
80004940:	0407a683          	lw	a3,64(a5)
80004944:	00100593          	li	a1,1
80004948:	00b686b3          	add	a3,a3,a1
8000494c:	04d7a023          	sw	a3,64(a5)
80004950:	00b50863          	beq	a0,a1,80004960 <vTaskGenericNotifyGiveFromISR+0x50>
80004954:	01c12083          	lw	ra,28(sp)
80004958:	02010113          	addi	sp,sp,32
8000495c:	00008067          	ret
80004960:	02872783          	lw	a5,40(a4)
80004964:	02078663          	beqz	a5,80004990 <vTaskGenericNotifyGiveFromISR+0x80>
80004968:	80006537          	lui	a0,0x80006
8000496c:	000025b7          	lui	a1,0x2
80004970:	fea58593          	addi	a1,a1,-22 # 1fea <_start-0x7fffe016>
80004974:	cac50513          	addi	a0,a0,-852 # 80005cac <__clzsi2+0x6ac>
80004978:	00c12423          	sw	a2,8(sp)
8000497c:	00e12223          	sw	a4,4(sp)
80004980:	ffffc097          	auipc	ra,0xffffc
80004984:	58c080e7          	jalr	1420(ra) # 80000f0c <vAssertCalled>
80004988:	00812603          	lw	a2,8(sp)
8000498c:	00412703          	lw	a4,4(sp)
80004990:	800067b7          	lui	a5,0x80006
80004994:	ea07a783          	lw	a5,-352(a5) # 80005ea0 <uxSchedulerSuspended>
80004998:	0c078e63          	beqz	a5,80004a74 <vTaskGenericNotifyGiveFromISR+0x164>
8000499c:	800087b7          	lui	a5,0x80008
800049a0:	e5078793          	addi	a5,a5,-432 # 80007e50 <pxReadyTasksLists>
800049a4:	0907a503          	lw	a0,144(a5)
800049a8:	08c7a583          	lw	a1,140(a5)
800049ac:	01870693          	addi	a3,a4,24
800049b0:	00a72e23          	sw	a0,28(a4)
800049b4:	00852803          	lw	a6,8(a0)
800049b8:	00158593          	addi	a1,a1,1
800049bc:	08c78893          	addi	a7,a5,140
800049c0:	03072023          	sw	a6,32(a4)
800049c4:	00d82223          	sw	a3,4(a6)
800049c8:	00d52423          	sw	a3,8(a0)
800049cc:	08b7a623          	sw	a1,140(a5)
800049d0:	03172423          	sw	a7,40(a4)
800049d4:	800067b7          	lui	a5,0x80006
800049d8:	ed07a783          	lw	a5,-304(a5) # 80005ed0 <pxCurrentTCB>
800049dc:	02c72703          	lw	a4,44(a4)
800049e0:	02c7a783          	lw	a5,44(a5)
800049e4:	f6e7f8e3          	bgeu	a5,a4,80004954 <vTaskGenericNotifyGiveFromISR+0x44>
800049e8:	00060663          	beqz	a2,800049f4 <vTaskGenericNotifyGiveFromISR+0xe4>
800049ec:	00100793          	li	a5,1
800049f0:	00f62023          	sw	a5,0(a2)
800049f4:	01c12083          	lw	ra,28(sp)
800049f8:	800067b7          	lui	a5,0x80006
800049fc:	00100713          	li	a4,1
80004a00:	eae7a823          	sw	a4,-336(a5) # 80005eb0 <xYieldPendings>
80004a04:	02010113          	addi	sp,sp,32
80004a08:	00008067          	ret
80004a0c:	80006537          	lui	a0,0x80006
80004a10:	000025b7          	lui	a1,0x2
80004a14:	fc158593          	addi	a1,a1,-63 # 1fc1 <_start-0x7fffe03f>
80004a18:	cac50513          	addi	a0,a0,-852 # 80005cac <__clzsi2+0x6ac>
80004a1c:	00c12623          	sw	a2,12(sp)
80004a20:	00f12423          	sw	a5,8(sp)
80004a24:	00e12223          	sw	a4,4(sp)
80004a28:	ffffc097          	auipc	ra,0xffffc
80004a2c:	4e4080e7          	jalr	1252(ra) # 80000f0c <vAssertCalled>
80004a30:	00c12603          	lw	a2,12(sp)
80004a34:	00812783          	lw	a5,8(sp)
80004a38:	00412703          	lw	a4,4(sp)
80004a3c:	eedff06f          	j	80004928 <vTaskGenericNotifyGiveFromISR+0x18>
80004a40:	00b12423          	sw	a1,8(sp)
80004a44:	00a12223          	sw	a0,4(sp)
80004a48:	000025b7          	lui	a1,0x2
80004a4c:	80006537          	lui	a0,0x80006
80004a50:	fc058593          	addi	a1,a1,-64 # 1fc0 <_start-0x7fffe040>
80004a54:	cac50513          	addi	a0,a0,-852 # 80005cac <__clzsi2+0x6ac>
80004a58:	00c12623          	sw	a2,12(sp)
80004a5c:	ffffc097          	auipc	ra,0xffffc
80004a60:	4b0080e7          	jalr	1200(ra) # 80000f0c <vAssertCalled>
80004a64:	00c12603          	lw	a2,12(sp)
80004a68:	00812783          	lw	a5,8(sp)
80004a6c:	00412703          	lw	a4,4(sp)
80004a70:	eb5ff06f          	j	80004924 <vTaskGenericNotifyGiveFromISR+0x14>
80004a74:	00872583          	lw	a1,8(a4)
80004a78:	00c72783          	lw	a5,12(a4)
80004a7c:	01472683          	lw	a3,20(a4)
80004a80:	00470813          	addi	a6,a4,4
80004a84:	00f5a423          	sw	a5,8(a1)
80004a88:	00872503          	lw	a0,8(a4)
80004a8c:	0046a583          	lw	a1,4(a3)
80004a90:	00a7a223          	sw	a0,4(a5)
80004a94:	07058863          	beq	a1,a6,80004b04 <vTaskGenericNotifyGiveFromISR+0x1f4>
80004a98:	0006a583          	lw	a1,0(a3)
80004a9c:	800087b7          	lui	a5,0x80008
80004aa0:	e5078793          	addi	a5,a5,-432 # 80007e50 <pxReadyTasksLists>
80004aa4:	fff58593          	addi	a1,a1,-1
80004aa8:	00b6a023          	sw	a1,0(a3)
80004aac:	02c72883          	lw	a7,44(a4)
80004ab0:	80006337          	lui	t1,0x80006
80004ab4:	ebc32e83          	lw	t4,-324(t1) # 80005ebc <uxTopReadyPriority>
80004ab8:	00289693          	slli	a3,a7,0x2
80004abc:	011686b3          	add	a3,a3,a7
80004ac0:	00269693          	slli	a3,a3,0x2
80004ac4:	00d787b3          	add	a5,a5,a3
80004ac8:	0047a503          	lw	a0,4(a5)
80004acc:	0007a583          	lw	a1,0(a5)
80004ad0:	00100693          	li	a3,1
80004ad4:	00a72423          	sw	a0,8(a4)
80004ad8:	00852e03          	lw	t3,8(a0)
80004adc:	011696b3          	sll	a3,a3,a7
80004ae0:	00158593          	addi	a1,a1,1
80004ae4:	01c72623          	sw	t3,12(a4)
80004ae8:	010e2223          	sw	a6,4(t3)
80004aec:	01052423          	sw	a6,8(a0)
80004af0:	00f72a23          	sw	a5,20(a4)
80004af4:	01d6e6b3          	or	a3,a3,t4
80004af8:	00b7a023          	sw	a1,0(a5)
80004afc:	ead32e23          	sw	a3,-324(t1)
80004b00:	ed5ff06f          	j	800049d4 <vTaskGenericNotifyGiveFromISR+0xc4>
80004b04:	00c72783          	lw	a5,12(a4)
80004b08:	00f6a223          	sw	a5,4(a3)
80004b0c:	f8dff06f          	j	80004a98 <vTaskGenericNotifyGiveFromISR+0x188>

80004b10 <xTaskGenericNotifyStateClear>:
80004b10:	fe010113          	addi	sp,sp,-32
80004b14:	00112e23          	sw	ra,28(sp)
80004b18:	00058713          	mv	a4,a1
80004b1c:	00050793          	mv	a5,a0
80004b20:	04059463          	bnez	a1,80004b68 <xTaskGenericNotifyStateClear+0x58>
80004b24:	06078863          	beqz	a5,80004b94 <xTaskGenericNotifyStateClear+0x84>
80004b28:	30047073          	csrci	mstatus,8
80004b2c:	00e787b3          	add	a5,a5,a4
80004b30:	0447c603          	lbu	a2,68(a5)
80004b34:	80006737          	lui	a4,0x80006
80004b38:	00200693          	li	a3,2
80004b3c:	e6072703          	lw	a4,-416(a4) # 80005e60 <xCriticalNesting>
80004b40:	00000513          	li	a0,0
80004b44:	00d60c63          	beq	a2,a3,80004b5c <xTaskGenericNotifyStateClear+0x4c>
80004b48:	00071463          	bnez	a4,80004b50 <xTaskGenericNotifyStateClear+0x40>
80004b4c:	30046073          	csrsi	mstatus,8
80004b50:	01c12083          	lw	ra,28(sp)
80004b54:	02010113          	addi	sp,sp,32
80004b58:	00008067          	ret
80004b5c:	04078223          	sb	zero,68(a5)
80004b60:	00100513          	li	a0,1
80004b64:	fe5ff06f          	j	80004b48 <xTaskGenericNotifyStateClear+0x38>
80004b68:	00b12623          	sw	a1,12(sp)
80004b6c:	00a12423          	sw	a0,8(sp)
80004b70:	000025b7          	lui	a1,0x2
80004b74:	80006537          	lui	a0,0x80006
80004b78:	03258593          	addi	a1,a1,50 # 2032 <_start-0x7fffdfce>
80004b7c:	cac50513          	addi	a0,a0,-852 # 80005cac <__clzsi2+0x6ac>
80004b80:	ffffc097          	auipc	ra,0xffffc
80004b84:	38c080e7          	jalr	908(ra) # 80000f0c <vAssertCalled>
80004b88:	00812783          	lw	a5,8(sp)
80004b8c:	00c12703          	lw	a4,12(sp)
80004b90:	f8079ce3          	bnez	a5,80004b28 <xTaskGenericNotifyStateClear+0x18>
80004b94:	800067b7          	lui	a5,0x80006
80004b98:	ed07a783          	lw	a5,-304(a5) # 80005ed0 <pxCurrentTCB>
80004b9c:	f8dff06f          	j	80004b28 <xTaskGenericNotifyStateClear+0x18>

80004ba0 <ulTaskGenericNotifyValueClear>:
80004ba0:	fe010113          	addi	sp,sp,-32
80004ba4:	00112e23          	sw	ra,28(sp)
80004ba8:	00058713          	mv	a4,a1
80004bac:	00050793          	mv	a5,a0
80004bb0:	04059263          	bnez	a1,80004bf4 <ulTaskGenericNotifyValueClear+0x54>
80004bb4:	06078a63          	beqz	a5,80004c28 <ulTaskGenericNotifyValueClear+0x88>
80004bb8:	30047073          	csrci	mstatus,8
80004bbc:	00271713          	slli	a4,a4,0x2
80004bc0:	00e785b3          	add	a1,a5,a4
80004bc4:	0405a503          	lw	a0,64(a1)
80004bc8:	0405a703          	lw	a4,64(a1)
80004bcc:	800067b7          	lui	a5,0x80006
80004bd0:	fff64613          	not	a2,a2
80004bd4:	e607a783          	lw	a5,-416(a5) # 80005e60 <xCriticalNesting>
80004bd8:	00e67633          	and	a2,a2,a4
80004bdc:	04c5a023          	sw	a2,64(a1)
80004be0:	00079463          	bnez	a5,80004be8 <ulTaskGenericNotifyValueClear+0x48>
80004be4:	30046073          	csrsi	mstatus,8
80004be8:	01c12083          	lw	ra,28(sp)
80004bec:	02010113          	addi	sp,sp,32
80004bf0:	00008067          	ret
80004bf4:	00b12423          	sw	a1,8(sp)
80004bf8:	00a12223          	sw	a0,4(sp)
80004bfc:	000025b7          	lui	a1,0x2
80004c00:	80006537          	lui	a0,0x80006
80004c04:	05958593          	addi	a1,a1,89 # 2059 <_start-0x7fffdfa7>
80004c08:	cac50513          	addi	a0,a0,-852 # 80005cac <__clzsi2+0x6ac>
80004c0c:	00c12623          	sw	a2,12(sp)
80004c10:	ffffc097          	auipc	ra,0xffffc
80004c14:	2fc080e7          	jalr	764(ra) # 80000f0c <vAssertCalled>
80004c18:	00412783          	lw	a5,4(sp)
80004c1c:	00c12603          	lw	a2,12(sp)
80004c20:	00812703          	lw	a4,8(sp)
80004c24:	f8079ae3          	bnez	a5,80004bb8 <ulTaskGenericNotifyValueClear+0x18>
80004c28:	800067b7          	lui	a5,0x80006
80004c2c:	ed07a783          	lw	a5,-304(a5) # 80005ed0 <pxCurrentTCB>
80004c30:	f89ff06f          	j	80004bb8 <ulTaskGenericNotifyValueClear+0x18>

80004c34 <vTaskResetState>:
80004c34:	800067b7          	lui	a5,0x80006
80004c38:	ec07a823          	sw	zero,-304(a5) # 80005ed0 <pxCurrentTCB>
80004c3c:	800067b7          	lui	a5,0x80006
80004c40:	ec07a223          	sw	zero,-316(a5) # 80005ec4 <uxCurrentNumberOfTasks>
80004c44:	800067b7          	lui	a5,0x80006
80004c48:	ec07a023          	sw	zero,-320(a5) # 80005ec0 <xTickCount>
80004c4c:	800067b7          	lui	a5,0x80006
80004c50:	ea07ae23          	sw	zero,-324(a5) # 80005ebc <uxTopReadyPriority>
80004c54:	800067b7          	lui	a5,0x80006
80004c58:	ea07ac23          	sw	zero,-328(a5) # 80005eb8 <xSchedulerRunning>
80004c5c:	800067b7          	lui	a5,0x80006
80004c60:	ea07aa23          	sw	zero,-332(a5) # 80005eb4 <xPendedTicks>
80004c64:	800067b7          	lui	a5,0x80006
80004c68:	ea07a823          	sw	zero,-336(a5) # 80005eb0 <xYieldPendings>
80004c6c:	800067b7          	lui	a5,0x80006
80004c70:	ea07a623          	sw	zero,-340(a5) # 80005eac <xNumOfOverflows>
80004c74:	800067b7          	lui	a5,0x80006
80004c78:	ea07a223          	sw	zero,-348(a5) # 80005ea4 <xNextTaskUnblockTime>
80004c7c:	80006737          	lui	a4,0x80006
80004c80:	800067b7          	lui	a5,0x80006
80004c84:	ea072423          	sw	zero,-344(a4) # 80005ea8 <uxTaskNumber>
80004c88:	ea07a023          	sw	zero,-352(a5) # 80005ea0 <uxSchedulerSuspended>
80004c8c:	00008067          	ret

80004c90 <vPortSetupTimerInterrupt>:
80004c90:	ff010113          	addi	sp,sp,-16
80004c94:	f14027f3          	csrr	a5,mhartid
80004c98:	00f12623          	sw	a5,12(sp)
80004c9c:	00c12503          	lw	a0,12(sp)
80004ca0:	080007b7          	lui	a5,0x8000
80004ca4:	00578793          	addi	a5,a5,5 # 8000005 <_start-0x77fffffb>
80004ca8:	00f50533          	add	a0,a0,a5
80004cac:	00351513          	slli	a0,a0,0x3
80004cb0:	800067b7          	lui	a5,0x80006
80004cb4:	eca7ae23          	sw	a0,-292(a5) # 80005edc <pullMachineTimerCompareRegister>
80004cb8:	400005b7          	lui	a1,0x40000
80004cbc:	400007b7          	lui	a5,0x40000
80004cc0:	02478793          	addi	a5,a5,36 # 40000024 <_start-0x3fffffdc>
80004cc4:	02058593          	addi	a1,a1,32 # 40000020 <_start-0x3fffffe0>
80004cc8:	0007a683          	lw	a3,0(a5)
80004ccc:	0005a603          	lw	a2,0(a1)
80004cd0:	0007a703          	lw	a4,0(a5)
80004cd4:	fed71ae3          	bne	a4,a3,80004cc8 <vPortSetupTimerInterrupt+0x38>
80004cd8:	0000c7b7          	lui	a5,0xc
80004cdc:	35078793          	addi	a5,a5,848 # c350 <_start-0x7fff3cb0>
80004ce0:	00f606b3          	add	a3,a2,a5
80004ce4:	00c6b633          	sltu	a2,a3,a2
80004ce8:	00e608b3          	add	a7,a2,a4
80004cec:	00068813          	mv	a6,a3
80004cf0:	800066b7          	lui	a3,0x80006
80004cf4:	ef06a023          	sw	a6,-288(a3) # 80005ee0 <ullNextTime>
80004cf8:	ef16a223          	sw	a7,-284(a3)
80004cfc:	01052023          	sw	a6,0(a0)
80004d00:	01152223          	sw	a7,4(a0)
80004d04:	ee06a703          	lw	a4,-288(a3)
80004d08:	ee46a603          	lw	a2,-284(a3)
80004d0c:	00f707b3          	add	a5,a4,a5
80004d10:	00e7b733          	sltu	a4,a5,a4
80004d14:	00c70733          	add	a4,a4,a2
80004d18:	eef6a023          	sw	a5,-288(a3)
80004d1c:	eee6a223          	sw	a4,-284(a3)
80004d20:	01010113          	addi	sp,sp,16
80004d24:	00008067          	ret

80004d28 <xPortStartScheduler>:
80004d28:	80008537          	lui	a0,0x80008
80004d2c:	ff010113          	addi	sp,sp,-16
80004d30:	40000613          	li	a2,1024
80004d34:	0ee00593          	li	a1,238
80004d38:	ef050513          	addi	a0,a0,-272 # 80007ef0 <xISRStack>
80004d3c:	00112623          	sw	ra,12(sp)
80004d40:	ffffc097          	auipc	ra,0xffffc
80004d44:	598080e7          	jalr	1432(ra) # 800012d8 <memset>
80004d48:	00000097          	auipc	ra,0x0
80004d4c:	f48080e7          	jalr	-184(ra) # 80004c90 <vPortSetupTimerInterrupt>
80004d50:	000017b7          	lui	a5,0x1
80004d54:	88078793          	addi	a5,a5,-1920 # 880 <_start-0x7ffff780>
80004d58:	3047a073          	csrs	mie,a5
80004d5c:	00000097          	auipc	ra,0x0
80004d60:	07c080e7          	jalr	124(ra) # 80004dd8 <xPortStartFirstTask>
80004d64:	00c12083          	lw	ra,12(sp)
80004d68:	00000513          	li	a0,0
80004d6c:	01010113          	addi	sp,sp,16
80004d70:	00008067          	ret

80004d74 <vPortEndScheduler>:
80004d74:	0000006f          	j	80004d74 <vPortEndScheduler>

80004d78 <pxPortInitialiseStack>:
80004d78:	300022f3          	csrr	t0,mstatus
80004d7c:	ff72f293          	andi	t0,t0,-9
80004d80:	18800313          	li	t1,392
80004d84:	00431313          	slli	t1,t1,0x4
80004d88:	0062e2b3          	or	t0,t0,t1
80004d8c:	ffc50513          	addi	a0,a0,-4
80004d90:	00552023          	sw	t0,0(a0)
80004d94:	ffc50513          	addi	a0,a0,-4
80004d98:	00052023          	sw	zero,0(a0)
80004d9c:	fa850513          	addi	a0,a0,-88
80004da0:	00c52023          	sw	a2,0(a0)
80004da4:	fe850513          	addi	a0,a0,-24
80004da8:	00001297          	auipc	t0,0x1
80004dac:	1302a283          	lw	t0,304(t0) # 80005ed8 <xTaskReturnAddress>
80004db0:	00552023          	sw	t0,0(a0)
80004db4:	00000293          	li	t0,0

80004db8 <chip_specific_stack_frame>:
80004db8:	00028a63          	beqz	t0,80004dcc <chip_specific_stack_frame+0x14>
80004dbc:	ffc50513          	addi	a0,a0,-4
80004dc0:	00052023          	sw	zero,0(a0)
80004dc4:	fff28293          	addi	t0,t0,-1
80004dc8:	ff1ff06f          	j	80004db8 <chip_specific_stack_frame>
80004dcc:	ffc50513          	addi	a0,a0,-4
80004dd0:	00b52023          	sw	a1,0(a0)
80004dd4:	00008067          	ret

80004dd8 <xPortStartFirstTask>:
80004dd8:	00001117          	auipc	sp,0x1
80004ddc:	0f812103          	lw	sp,248(sp) # 80005ed0 <pxCurrentTCB>
80004de0:	00012103          	lw	sp,0(sp)
80004de4:	00012083          	lw	ra,0(sp)
80004de8:	01012383          	lw	t2,16(sp)
80004dec:	01412403          	lw	s0,20(sp)
80004df0:	01812483          	lw	s1,24(sp)
80004df4:	01c12503          	lw	a0,28(sp)
80004df8:	02012583          	lw	a1,32(sp)
80004dfc:	02412603          	lw	a2,36(sp)
80004e00:	02812683          	lw	a3,40(sp)
80004e04:	02c12703          	lw	a4,44(sp)
80004e08:	03012783          	lw	a5,48(sp)
80004e0c:	03412803          	lw	a6,52(sp)
80004e10:	03812883          	lw	a7,56(sp)
80004e14:	03c12903          	lw	s2,60(sp)
80004e18:	04012983          	lw	s3,64(sp)
80004e1c:	04412a03          	lw	s4,68(sp)
80004e20:	04812a83          	lw	s5,72(sp)
80004e24:	04c12b03          	lw	s6,76(sp)
80004e28:	05012b83          	lw	s7,80(sp)
80004e2c:	05412c03          	lw	s8,84(sp)
80004e30:	05812c83          	lw	s9,88(sp)
80004e34:	05c12d03          	lw	s10,92(sp)
80004e38:	06012d83          	lw	s11,96(sp)
80004e3c:	06412e03          	lw	t3,100(sp)
80004e40:	06812e83          	lw	t4,104(sp)
80004e44:	06c12f03          	lw	t5,108(sp)
80004e48:	07012f83          	lw	t6,112(sp)
80004e4c:	07412283          	lw	t0,116(sp)
80004e50:	00001317          	auipc	t1,0x1
80004e54:	00c32303          	lw	t1,12(t1) # 80005e5c <pxCriticalNesting>
80004e58:	00532023          	sw	t0,0(t1)
80004e5c:	07812283          	lw	t0,120(sp)
80004e60:	00828293          	addi	t0,t0,8
80004e64:	30029073          	csrw	mstatus,t0
80004e68:	00812283          	lw	t0,8(sp)
80004e6c:	00c12303          	lw	t1,12(sp)
80004e70:	07c10113          	addi	sp,sp,124
80004e74:	00008067          	ret
80004e78:	342022f3          	csrr	t0,mcause
80004e7c:	34102373          	csrr	t1,mepc
80004e80:	300023f3          	csrr	t2,mstatus
80004e84:	0000006f          	j	80004e84 <xPortStartFirstTask+0xac>
80004e88:	342022f3          	csrr	t0,mcause
80004e8c:	34102373          	csrr	t1,mepc
80004e90:	300023f3          	csrr	t2,mstatus
80004e94:	0000006f          	j	80004e94 <xPortStartFirstTask+0xbc>

80004e98 <freertos_risc_v_exception_handler>:
80004e98:	f8410113          	addi	sp,sp,-124
80004e9c:	00112223          	sw	ra,4(sp)
80004ea0:	00512423          	sw	t0,8(sp)
80004ea4:	00612623          	sw	t1,12(sp)
80004ea8:	00712823          	sw	t2,16(sp)
80004eac:	00812a23          	sw	s0,20(sp)
80004eb0:	00912c23          	sw	s1,24(sp)
80004eb4:	00a12e23          	sw	a0,28(sp)
80004eb8:	02b12023          	sw	a1,32(sp)
80004ebc:	02c12223          	sw	a2,36(sp)
80004ec0:	02d12423          	sw	a3,40(sp)
80004ec4:	02e12623          	sw	a4,44(sp)
80004ec8:	02f12823          	sw	a5,48(sp)
80004ecc:	03012a23          	sw	a6,52(sp)
80004ed0:	03112c23          	sw	a7,56(sp)
80004ed4:	03212e23          	sw	s2,60(sp)
80004ed8:	05312023          	sw	s3,64(sp)
80004edc:	05412223          	sw	s4,68(sp)
80004ee0:	05512423          	sw	s5,72(sp)
80004ee4:	05612623          	sw	s6,76(sp)
80004ee8:	05712823          	sw	s7,80(sp)
80004eec:	05812a23          	sw	s8,84(sp)
80004ef0:	05912c23          	sw	s9,88(sp)
80004ef4:	05a12e23          	sw	s10,92(sp)
80004ef8:	07b12023          	sw	s11,96(sp)
80004efc:	07c12223          	sw	t3,100(sp)
80004f00:	07d12423          	sw	t4,104(sp)
80004f04:	07e12623          	sw	t5,108(sp)
80004f08:	07f12823          	sw	t6,112(sp)
80004f0c:	00001297          	auipc	t0,0x1
80004f10:	f542a283          	lw	t0,-172(t0) # 80005e60 <xCriticalNesting>
80004f14:	06512a23          	sw	t0,116(sp)
80004f18:	300022f3          	csrr	t0,mstatus
80004f1c:	06512c23          	sw	t0,120(sp)
80004f20:	00001297          	auipc	t0,0x1
80004f24:	fb02a283          	lw	t0,-80(t0) # 80005ed0 <pxCurrentTCB>
80004f28:	0022a023          	sw	sp,0(t0)
80004f2c:	34202573          	csrr	a0,mcause
80004f30:	341025f3          	csrr	a1,mepc
80004f34:	00458593          	addi	a1,a1,4
80004f38:	00b12023          	sw	a1,0(sp)
80004f3c:	00001117          	auipc	sp,0x1
80004f40:	f1812103          	lw	sp,-232(sp) # 80005e54 <xISRStackTop>
80004f44:	00b00293          	li	t0,11
80004f48:	0a551863          	bne	a0,t0,80004ff8 <other_exception>
80004f4c:	fffff097          	auipc	ra,0xfffff
80004f50:	9dc080e7          	jalr	-1572(ra) # 80003928 <vTaskSwitchContext>
80004f54:	00001317          	auipc	t1,0x1
80004f58:	f7c32303          	lw	t1,-132(t1) # 80005ed0 <pxCurrentTCB>
80004f5c:	00032103          	lw	sp,0(t1)
80004f60:	00012283          	lw	t0,0(sp)
80004f64:	34129073          	csrw	mepc,t0
80004f68:	07812283          	lw	t0,120(sp)
80004f6c:	30029073          	csrw	mstatus,t0
80004f70:	07412283          	lw	t0,116(sp)
80004f74:	00001317          	auipc	t1,0x1
80004f78:	ee832303          	lw	t1,-280(t1) # 80005e5c <pxCriticalNesting>
80004f7c:	00532023          	sw	t0,0(t1)
80004f80:	00412083          	lw	ra,4(sp)
80004f84:	00812283          	lw	t0,8(sp)
80004f88:	00c12303          	lw	t1,12(sp)
80004f8c:	01012383          	lw	t2,16(sp)
80004f90:	01412403          	lw	s0,20(sp)
80004f94:	01812483          	lw	s1,24(sp)
80004f98:	01c12503          	lw	a0,28(sp)
80004f9c:	02012583          	lw	a1,32(sp)
80004fa0:	02412603          	lw	a2,36(sp)
80004fa4:	02812683          	lw	a3,40(sp)
80004fa8:	02c12703          	lw	a4,44(sp)
80004fac:	03012783          	lw	a5,48(sp)
80004fb0:	03412803          	lw	a6,52(sp)
80004fb4:	03812883          	lw	a7,56(sp)
80004fb8:	03c12903          	lw	s2,60(sp)
80004fbc:	04012983          	lw	s3,64(sp)
80004fc0:	04412a03          	lw	s4,68(sp)
80004fc4:	04812a83          	lw	s5,72(sp)
80004fc8:	04c12b03          	lw	s6,76(sp)
80004fcc:	05012b83          	lw	s7,80(sp)
80004fd0:	05412c03          	lw	s8,84(sp)
80004fd4:	05812c83          	lw	s9,88(sp)
80004fd8:	05c12d03          	lw	s10,92(sp)
80004fdc:	06012d83          	lw	s11,96(sp)
80004fe0:	06412e03          	lw	t3,100(sp)
80004fe4:	06812e83          	lw	t4,104(sp)
80004fe8:	06c12f03          	lw	t5,108(sp)
80004fec:	07012f83          	lw	t6,112(sp)
80004ff0:	07c10113          	addi	sp,sp,124
80004ff4:	30200073          	mret

80004ff8 <other_exception>:
80004ff8:	ffffc097          	auipc	ra,0xffffc
80004ffc:	058080e7          	jalr	88(ra) # 80001050 <freertos_risc_v_application_exception_handler>
80005000:	00001317          	auipc	t1,0x1
80005004:	ed032303          	lw	t1,-304(t1) # 80005ed0 <pxCurrentTCB>
80005008:	00032103          	lw	sp,0(t1)
8000500c:	00012283          	lw	t0,0(sp)
80005010:	34129073          	csrw	mepc,t0
80005014:	07812283          	lw	t0,120(sp)
80005018:	30029073          	csrw	mstatus,t0
8000501c:	07412283          	lw	t0,116(sp)
80005020:	00001317          	auipc	t1,0x1
80005024:	e3c32303          	lw	t1,-452(t1) # 80005e5c <pxCriticalNesting>
80005028:	00532023          	sw	t0,0(t1)
8000502c:	00412083          	lw	ra,4(sp)
80005030:	00812283          	lw	t0,8(sp)
80005034:	00c12303          	lw	t1,12(sp)
80005038:	01012383          	lw	t2,16(sp)
8000503c:	01412403          	lw	s0,20(sp)
80005040:	01812483          	lw	s1,24(sp)
80005044:	01c12503          	lw	a0,28(sp)
80005048:	02012583          	lw	a1,32(sp)
8000504c:	02412603          	lw	a2,36(sp)
80005050:	02812683          	lw	a3,40(sp)
80005054:	02c12703          	lw	a4,44(sp)
80005058:	03012783          	lw	a5,48(sp)
8000505c:	03412803          	lw	a6,52(sp)
80005060:	03812883          	lw	a7,56(sp)
80005064:	03c12903          	lw	s2,60(sp)
80005068:	04012983          	lw	s3,64(sp)
8000506c:	04412a03          	lw	s4,68(sp)
80005070:	04812a83          	lw	s5,72(sp)
80005074:	04c12b03          	lw	s6,76(sp)
80005078:	05012b83          	lw	s7,80(sp)
8000507c:	05412c03          	lw	s8,84(sp)
80005080:	05812c83          	lw	s9,88(sp)
80005084:	05c12d03          	lw	s10,92(sp)
80005088:	06012d83          	lw	s11,96(sp)
8000508c:	06412e03          	lw	t3,100(sp)
80005090:	06812e83          	lw	t4,104(sp)
80005094:	06c12f03          	lw	t5,108(sp)
80005098:	07012f83          	lw	t6,112(sp)
8000509c:	07c10113          	addi	sp,sp,124
800050a0:	30200073          	mret

800050a4 <freertos_risc_v_interrupt_handler>:
800050a4:	f8410113          	addi	sp,sp,-124
800050a8:	00112223          	sw	ra,4(sp)
800050ac:	00512423          	sw	t0,8(sp)
800050b0:	00612623          	sw	t1,12(sp)
800050b4:	00712823          	sw	t2,16(sp)
800050b8:	00812a23          	sw	s0,20(sp)
800050bc:	00912c23          	sw	s1,24(sp)
800050c0:	00a12e23          	sw	a0,28(sp)
800050c4:	02b12023          	sw	a1,32(sp)
800050c8:	02c12223          	sw	a2,36(sp)
800050cc:	02d12423          	sw	a3,40(sp)
800050d0:	02e12623          	sw	a4,44(sp)
800050d4:	02f12823          	sw	a5,48(sp)
800050d8:	03012a23          	sw	a6,52(sp)
800050dc:	03112c23          	sw	a7,56(sp)
800050e0:	03212e23          	sw	s2,60(sp)
800050e4:	05312023          	sw	s3,64(sp)
800050e8:	05412223          	sw	s4,68(sp)
800050ec:	05512423          	sw	s5,72(sp)
800050f0:	05612623          	sw	s6,76(sp)
800050f4:	05712823          	sw	s7,80(sp)
800050f8:	05812a23          	sw	s8,84(sp)
800050fc:	05912c23          	sw	s9,88(sp)
80005100:	05a12e23          	sw	s10,92(sp)
80005104:	07b12023          	sw	s11,96(sp)
80005108:	07c12223          	sw	t3,100(sp)
8000510c:	07d12423          	sw	t4,104(sp)
80005110:	07e12623          	sw	t5,108(sp)
80005114:	07f12823          	sw	t6,112(sp)
80005118:	00001297          	auipc	t0,0x1
8000511c:	d482a283          	lw	t0,-696(t0) # 80005e60 <xCriticalNesting>
80005120:	06512a23          	sw	t0,116(sp)
80005124:	300022f3          	csrr	t0,mstatus
80005128:	06512c23          	sw	t0,120(sp)
8000512c:	00001297          	auipc	t0,0x1
80005130:	da42a283          	lw	t0,-604(t0) # 80005ed0 <pxCurrentTCB>
80005134:	0022a023          	sw	sp,0(t0)
80005138:	34202573          	csrr	a0,mcause
8000513c:	341025f3          	csrr	a1,mepc
80005140:	00b12023          	sw	a1,0(sp)
80005144:	00001117          	auipc	sp,0x1
80005148:	d1012103          	lw	sp,-752(sp) # 80005e54 <xISRStackTop>
8000514c:	ffffc097          	auipc	ra,0xffffc
80005150:	048080e7          	jalr	72(ra) # 80001194 <freertos_risc_v_application_interrupt_handler>
80005154:	00001317          	auipc	t1,0x1
80005158:	d7c32303          	lw	t1,-644(t1) # 80005ed0 <pxCurrentTCB>
8000515c:	00032103          	lw	sp,0(t1)
80005160:	00012283          	lw	t0,0(sp)
80005164:	34129073          	csrw	mepc,t0
80005168:	07812283          	lw	t0,120(sp)
8000516c:	30029073          	csrw	mstatus,t0
80005170:	07412283          	lw	t0,116(sp)
80005174:	00001317          	auipc	t1,0x1
80005178:	ce832303          	lw	t1,-792(t1) # 80005e5c <pxCriticalNesting>
8000517c:	00532023          	sw	t0,0(t1)
80005180:	00412083          	lw	ra,4(sp)
80005184:	00812283          	lw	t0,8(sp)
80005188:	00c12303          	lw	t1,12(sp)
8000518c:	01012383          	lw	t2,16(sp)
80005190:	01412403          	lw	s0,20(sp)
80005194:	01812483          	lw	s1,24(sp)
80005198:	01c12503          	lw	a0,28(sp)
8000519c:	02012583          	lw	a1,32(sp)
800051a0:	02412603          	lw	a2,36(sp)
800051a4:	02812683          	lw	a3,40(sp)
800051a8:	02c12703          	lw	a4,44(sp)
800051ac:	03012783          	lw	a5,48(sp)
800051b0:	03412803          	lw	a6,52(sp)
800051b4:	03812883          	lw	a7,56(sp)
800051b8:	03c12903          	lw	s2,60(sp)
800051bc:	04012983          	lw	s3,64(sp)
800051c0:	04412a03          	lw	s4,68(sp)
800051c4:	04812a83          	lw	s5,72(sp)
800051c8:	04c12b03          	lw	s6,76(sp)
800051cc:	05012b83          	lw	s7,80(sp)
800051d0:	05412c03          	lw	s8,84(sp)
800051d4:	05812c83          	lw	s9,88(sp)
800051d8:	05c12d03          	lw	s10,92(sp)
800051dc:	06012d83          	lw	s11,96(sp)
800051e0:	06412e03          	lw	t3,100(sp)
800051e4:	06812e83          	lw	t4,104(sp)
800051e8:	06c12f03          	lw	t5,108(sp)
800051ec:	07012f83          	lw	t6,112(sp)
800051f0:	07c10113          	addi	sp,sp,124
800051f4:	30200073          	mret

800051f8 <freertos_risc_v_mtimer_interrupt_handler>:
800051f8:	f8410113          	addi	sp,sp,-124
800051fc:	00112223          	sw	ra,4(sp)
80005200:	00512423          	sw	t0,8(sp)
80005204:	00612623          	sw	t1,12(sp)
80005208:	00712823          	sw	t2,16(sp)
8000520c:	00812a23          	sw	s0,20(sp)
80005210:	00912c23          	sw	s1,24(sp)
80005214:	00a12e23          	sw	a0,28(sp)
80005218:	02b12023          	sw	a1,32(sp)
8000521c:	02c12223          	sw	a2,36(sp)
80005220:	02d12423          	sw	a3,40(sp)
80005224:	02e12623          	sw	a4,44(sp)
80005228:	02f12823          	sw	a5,48(sp)
8000522c:	03012a23          	sw	a6,52(sp)
80005230:	03112c23          	sw	a7,56(sp)
80005234:	03212e23          	sw	s2,60(sp)
80005238:	05312023          	sw	s3,64(sp)
8000523c:	05412223          	sw	s4,68(sp)
80005240:	05512423          	sw	s5,72(sp)
80005244:	05612623          	sw	s6,76(sp)
80005248:	05712823          	sw	s7,80(sp)
8000524c:	05812a23          	sw	s8,84(sp)
80005250:	05912c23          	sw	s9,88(sp)
80005254:	05a12e23          	sw	s10,92(sp)
80005258:	07b12023          	sw	s11,96(sp)
8000525c:	07c12223          	sw	t3,100(sp)
80005260:	07d12423          	sw	t4,104(sp)
80005264:	07e12623          	sw	t5,108(sp)
80005268:	07f12823          	sw	t6,112(sp)
8000526c:	00001297          	auipc	t0,0x1
80005270:	bf42a283          	lw	t0,-1036(t0) # 80005e60 <xCriticalNesting>
80005274:	06512a23          	sw	t0,116(sp)
80005278:	300022f3          	csrr	t0,mstatus
8000527c:	06512c23          	sw	t0,120(sp)
80005280:	00001297          	auipc	t0,0x1
80005284:	c502a283          	lw	t0,-944(t0) # 80005ed0 <pxCurrentTCB>
80005288:	0022a023          	sw	sp,0(t0)
8000528c:	34202573          	csrr	a0,mcause
80005290:	341025f3          	csrr	a1,mepc
80005294:	00b12023          	sw	a1,0(sp)
80005298:	00001117          	auipc	sp,0x1
8000529c:	bbc12103          	lw	sp,-1092(sp) # 80005e54 <xISRStackTop>
800052a0:	00001517          	auipc	a0,0x1
800052a4:	c3c52503          	lw	a0,-964(a0) # 80005edc <pullMachineTimerCompareRegister>
800052a8:	00001597          	auipc	a1,0x1
800052ac:	bbc5a583          	lw	a1,-1092(a1) # 80005e64 <pullNextTime>
800052b0:	fff00713          	li	a4,-1
800052b4:	0005a603          	lw	a2,0(a1)
800052b8:	0045a683          	lw	a3,4(a1)
800052bc:	00e52023          	sw	a4,0(a0)
800052c0:	00d52223          	sw	a3,4(a0)
800052c4:	00c52023          	sw	a2,0(a0)
800052c8:	00001297          	auipc	t0,0x1
800052cc:	b882a283          	lw	t0,-1144(t0) # 80005e50 <uxTimerIncrementsForOneTick>
800052d0:	00c28733          	add	a4,t0,a2
800052d4:	00c73333          	sltu	t1,a4,a2
800052d8:	006683b3          	add	t2,a3,t1
800052dc:	00e5a023          	sw	a4,0(a1)
800052e0:	0075a223          	sw	t2,4(a1)
800052e4:	ffffe097          	auipc	ra,0xffffe
800052e8:	618080e7          	jalr	1560(ra) # 800038fc <xTaskIncrementTick>
800052ec:	00050663          	beqz	a0,800052f8 <exit_without_context_switch>
800052f0:	ffffe097          	auipc	ra,0xffffe
800052f4:	638080e7          	jalr	1592(ra) # 80003928 <vTaskSwitchContext>

800052f8 <exit_without_context_switch>:
800052f8:	00001317          	auipc	t1,0x1
800052fc:	bd832303          	lw	t1,-1064(t1) # 80005ed0 <pxCurrentTCB>
80005300:	00032103          	lw	sp,0(t1)
80005304:	00012283          	lw	t0,0(sp)
80005308:	34129073          	csrw	mepc,t0
8000530c:	07812283          	lw	t0,120(sp)
80005310:	30029073          	csrw	mstatus,t0
80005314:	07412283          	lw	t0,116(sp)
80005318:	00001317          	auipc	t1,0x1
8000531c:	b4432303          	lw	t1,-1212(t1) # 80005e5c <pxCriticalNesting>
80005320:	00532023          	sw	t0,0(t1)
80005324:	00412083          	lw	ra,4(sp)
80005328:	00812283          	lw	t0,8(sp)
8000532c:	00c12303          	lw	t1,12(sp)
80005330:	01012383          	lw	t2,16(sp)
80005334:	01412403          	lw	s0,20(sp)
80005338:	01812483          	lw	s1,24(sp)
8000533c:	01c12503          	lw	a0,28(sp)
80005340:	02012583          	lw	a1,32(sp)
80005344:	02412603          	lw	a2,36(sp)
80005348:	02812683          	lw	a3,40(sp)
8000534c:	02c12703          	lw	a4,44(sp)
80005350:	03012783          	lw	a5,48(sp)
80005354:	03412803          	lw	a6,52(sp)
80005358:	03812883          	lw	a7,56(sp)
8000535c:	03c12903          	lw	s2,60(sp)
80005360:	04012983          	lw	s3,64(sp)
80005364:	04412a03          	lw	s4,68(sp)
80005368:	04812a83          	lw	s5,72(sp)
8000536c:	04c12b03          	lw	s6,76(sp)
80005370:	05012b83          	lw	s7,80(sp)
80005374:	05412c03          	lw	s8,84(sp)
80005378:	05812c83          	lw	s9,88(sp)
8000537c:	05c12d03          	lw	s10,92(sp)
80005380:	06012d83          	lw	s11,96(sp)
80005384:	06412e03          	lw	t3,100(sp)
80005388:	06812e83          	lw	t4,104(sp)
8000538c:	06c12f03          	lw	t5,108(sp)
80005390:	07012f83          	lw	t6,112(sp)
80005394:	07c10113          	addi	sp,sp,124
80005398:	30200073          	mret
	...

80005400 <freertos_risc_v_trap_handler>:
80005400:	f8410113          	addi	sp,sp,-124
80005404:	00112223          	sw	ra,4(sp)
80005408:	00512423          	sw	t0,8(sp)
8000540c:	00612623          	sw	t1,12(sp)
80005410:	00712823          	sw	t2,16(sp)
80005414:	00812a23          	sw	s0,20(sp)
80005418:	00912c23          	sw	s1,24(sp)
8000541c:	00a12e23          	sw	a0,28(sp)
80005420:	02b12023          	sw	a1,32(sp)
80005424:	02c12223          	sw	a2,36(sp)
80005428:	02d12423          	sw	a3,40(sp)
8000542c:	02e12623          	sw	a4,44(sp)
80005430:	02f12823          	sw	a5,48(sp)
80005434:	03012a23          	sw	a6,52(sp)
80005438:	03112c23          	sw	a7,56(sp)
8000543c:	03212e23          	sw	s2,60(sp)
80005440:	05312023          	sw	s3,64(sp)
80005444:	05412223          	sw	s4,68(sp)
80005448:	05512423          	sw	s5,72(sp)
8000544c:	05612623          	sw	s6,76(sp)
80005450:	05712823          	sw	s7,80(sp)
80005454:	05812a23          	sw	s8,84(sp)
80005458:	05912c23          	sw	s9,88(sp)
8000545c:	05a12e23          	sw	s10,92(sp)
80005460:	07b12023          	sw	s11,96(sp)
80005464:	07c12223          	sw	t3,100(sp)
80005468:	07d12423          	sw	t4,104(sp)
8000546c:	07e12623          	sw	t5,108(sp)
80005470:	07f12823          	sw	t6,112(sp)
80005474:	00001297          	auipc	t0,0x1
80005478:	9ec2a283          	lw	t0,-1556(t0) # 80005e60 <xCriticalNesting>
8000547c:	06512a23          	sw	t0,116(sp)
80005480:	300022f3          	csrr	t0,mstatus
80005484:	06512c23          	sw	t0,120(sp)
80005488:	00001297          	auipc	t0,0x1
8000548c:	a482a283          	lw	t0,-1464(t0) # 80005ed0 <pxCurrentTCB>
80005490:	0022a023          	sw	sp,0(t0)
80005494:	34202573          	csrr	a0,mcause
80005498:	341025f3          	csrr	a1,mepc
8000549c:	00055a63          	bgez	a0,800054b0 <synchronous_exception>

800054a0 <asynchronous_interrupt>:
800054a0:	00b12023          	sw	a1,0(sp)
800054a4:	00001117          	auipc	sp,0x1
800054a8:	9b012103          	lw	sp,-1616(sp) # 80005e54 <xISRStackTop>
800054ac:	0180006f          	j	800054c4 <handle_interrupt>

800054b0 <synchronous_exception>:
800054b0:	00458593          	addi	a1,a1,4
800054b4:	00b12023          	sw	a1,0(sp)
800054b8:	00001117          	auipc	sp,0x1
800054bc:	99c12103          	lw	sp,-1636(sp) # 80005e54 <xISRStackTop>
800054c0:	07c0006f          	j	8000553c <handle_exception>

800054c4 <handle_interrupt>:
800054c4:	00100293          	li	t0,1
800054c8:	01f29293          	slli	t0,t0,0x1f
800054cc:	00728313          	addi	t1,t0,7
800054d0:	06651063          	bne	a0,t1,80005530 <application_interrupt_handler>
800054d4:	00001517          	auipc	a0,0x1
800054d8:	a0852503          	lw	a0,-1528(a0) # 80005edc <pullMachineTimerCompareRegister>
800054dc:	00001597          	auipc	a1,0x1
800054e0:	9885a583          	lw	a1,-1656(a1) # 80005e64 <pullNextTime>
800054e4:	fff00713          	li	a4,-1
800054e8:	0005a603          	lw	a2,0(a1)
800054ec:	0045a683          	lw	a3,4(a1)
800054f0:	00e52023          	sw	a4,0(a0)
800054f4:	00d52223          	sw	a3,4(a0)
800054f8:	00c52023          	sw	a2,0(a0)
800054fc:	00001297          	auipc	t0,0x1
80005500:	9542a283          	lw	t0,-1708(t0) # 80005e50 <uxTimerIncrementsForOneTick>
80005504:	00c28733          	add	a4,t0,a2
80005508:	00c73333          	sltu	t1,a4,a2
8000550c:	006683b3          	add	t2,a3,t1
80005510:	00e5a023          	sw	a4,0(a1)
80005514:	0075a223          	sw	t2,4(a1)
80005518:	ffffe097          	auipc	ra,0xffffe
8000551c:	3e4080e7          	jalr	996(ra) # 800038fc <xTaskIncrementTick>
80005520:	02050e63          	beqz	a0,8000555c <processed_source>
80005524:	ffffe097          	auipc	ra,0xffffe
80005528:	404080e7          	jalr	1028(ra) # 80003928 <vTaskSwitchContext>
8000552c:	0300006f          	j	8000555c <processed_source>

80005530 <application_interrupt_handler>:
80005530:	ffffc097          	auipc	ra,0xffffc
80005534:	c64080e7          	jalr	-924(ra) # 80001194 <freertos_risc_v_application_interrupt_handler>
80005538:	0240006f          	j	8000555c <processed_source>

8000553c <handle_exception>:
8000553c:	00b00293          	li	t0,11
80005540:	00551863          	bne	a0,t0,80005550 <application_exception_handler>
80005544:	ffffe097          	auipc	ra,0xffffe
80005548:	3e4080e7          	jalr	996(ra) # 80003928 <vTaskSwitchContext>
8000554c:	0100006f          	j	8000555c <processed_source>

80005550 <application_exception_handler>:
80005550:	ffffc097          	auipc	ra,0xffffc
80005554:	b00080e7          	jalr	-1280(ra) # 80001050 <freertos_risc_v_application_exception_handler>
80005558:	0040006f          	j	8000555c <processed_source>

8000555c <processed_source>:
8000555c:	00001317          	auipc	t1,0x1
80005560:	97432303          	lw	t1,-1676(t1) # 80005ed0 <pxCurrentTCB>
80005564:	00032103          	lw	sp,0(t1)
80005568:	00012283          	lw	t0,0(sp)
8000556c:	34129073          	csrw	mepc,t0
80005570:	07812283          	lw	t0,120(sp)
80005574:	30029073          	csrw	mstatus,t0
80005578:	07412283          	lw	t0,116(sp)
8000557c:	00001317          	auipc	t1,0x1
80005580:	8e032303          	lw	t1,-1824(t1) # 80005e5c <pxCriticalNesting>
80005584:	00532023          	sw	t0,0(t1)
80005588:	00412083          	lw	ra,4(sp)
8000558c:	00812283          	lw	t0,8(sp)
80005590:	00c12303          	lw	t1,12(sp)
80005594:	01012383          	lw	t2,16(sp)
80005598:	01412403          	lw	s0,20(sp)
8000559c:	01812483          	lw	s1,24(sp)
800055a0:	01c12503          	lw	a0,28(sp)
800055a4:	02012583          	lw	a1,32(sp)
800055a8:	02412603          	lw	a2,36(sp)
800055ac:	02812683          	lw	a3,40(sp)
800055b0:	02c12703          	lw	a4,44(sp)
800055b4:	03012783          	lw	a5,48(sp)
800055b8:	03412803          	lw	a6,52(sp)
800055bc:	03812883          	lw	a7,56(sp)
800055c0:	03c12903          	lw	s2,60(sp)
800055c4:	04012983          	lw	s3,64(sp)
800055c8:	04412a03          	lw	s4,68(sp)
800055cc:	04812a83          	lw	s5,72(sp)
800055d0:	04c12b03          	lw	s6,76(sp)
800055d4:	05012b83          	lw	s7,80(sp)
800055d8:	05412c03          	lw	s8,84(sp)
800055dc:	05812c83          	lw	s9,88(sp)
800055e0:	05c12d03          	lw	s10,92(sp)
800055e4:	06012d83          	lw	s11,96(sp)
800055e8:	06412e03          	lw	t3,100(sp)
800055ec:	06812e83          	lw	t4,104(sp)
800055f0:	06c12f03          	lw	t5,108(sp)
800055f4:	07012f83          	lw	t6,112(sp)
800055f8:	07c10113          	addi	sp,sp,124
800055fc:	30200073          	mret

80005600 <__clzsi2>:
80005600:	000107b7          	lui	a5,0x10
80005604:	02f57a63          	bgeu	a0,a5,80005638 <__clzsi2+0x38>
80005608:	10053793          	sltiu	a5,a0,256
8000560c:	0017b793          	seqz	a5,a5
80005610:	00379793          	slli	a5,a5,0x3
80005614:	02000713          	li	a4,32
80005618:	40f70733          	sub	a4,a4,a5
8000561c:	00f55533          	srl	a0,a0,a5
80005620:	00000797          	auipc	a5,0x0
80005624:	72878793          	addi	a5,a5,1832 # 80005d48 <__clz_tab>
80005628:	00a787b3          	add	a5,a5,a0
8000562c:	0007c503          	lbu	a0,0(a5)
80005630:	40a70533          	sub	a0,a4,a0
80005634:	00008067          	ret
80005638:	010007b7          	lui	a5,0x1000
8000563c:	02f57463          	bgeu	a0,a5,80005664 <__clzsi2+0x64>
80005640:	01000713          	li	a4,16
80005644:	00070793          	mv	a5,a4
80005648:	00f55533          	srl	a0,a0,a5
8000564c:	00000797          	auipc	a5,0x0
80005650:	6fc78793          	addi	a5,a5,1788 # 80005d48 <__clz_tab>
80005654:	00a787b3          	add	a5,a5,a0
80005658:	0007c503          	lbu	a0,0(a5)
8000565c:	40a70533          	sub	a0,a4,a0
80005660:	00008067          	ret
80005664:	01800793          	li	a5,24
80005668:	00f55533          	srl	a0,a0,a5
8000566c:	00000797          	auipc	a5,0x0
80005670:	6dc78793          	addi	a5,a5,1756 # 80005d48 <__clz_tab>
80005674:	00a787b3          	add	a5,a5,a0
80005678:	0007c503          	lbu	a0,0(a5)
8000567c:	00800713          	li	a4,8
80005680:	40a70533          	sub	a0,a4,a0
80005684:	00008067          	ret
80005688:	4e4f435b          	.insn	4, 0x4e4f435b
8000568c:	454c4f53          	.insn	4, 0x454c4f53
80005690:	205d                	.insn	2, 0x205d
80005692:	6166                	.insn	2, 0x6166
80005694:	6174                	.insn	2, 0x6174
80005696:	206c                	.insn	2, 0x206c
80005698:	0000                	.insn	2, 0x0000
8000569a:	0000                	.insn	2, 0x0000
8000569c:	6b726f77          	.insn	4, 0x6b726f77
800056a0:	725f 6365 6965      	.insn	6, 0x69656365725f
800056a6:	6576                	.insn	2, 0x6576
800056a8:	0000                	.insn	2, 0x0000
800056aa:	0000                	.insn	2, 0x0000
800056ac:	6572                	.insn	2, 0x6572
800056ae:	746c7573          	.insn	4, 0x746c7573
800056b2:	735f 6e65 0064      	.insn	6, 0x00646e65735f
800056b8:	000a                	.insn	2, 0x000a
800056ba:	0000                	.insn	2, 0x0000
800056bc:	5245                	.insn	2, 0x5245
800056be:	2052                	.insn	2, 0x2052
800056c0:	696c                	.insn	2, 0x696c
800056c2:	656e                	.insn	2, 0x656e
800056c4:	7420                	.insn	2, 0x7420
800056c6:	6c206f6f          	jal	t5,8000bd88 <__bss_end+0x3a98>
800056ca:	00676e6f          	jal	t3,8007b6d0 <__bss_end+0x733e0>
800056ce:	0000                	.insn	2, 0x0000
800056d0:	203e                	.insn	2, 0x203e
800056d2:	0000                	.insn	2, 0x0000
800056d4:	5245                	.insn	2, 0x5245
800056d6:	2052                	.insn	2, 0x2052
800056d8:	6d6d6f63          	bltu	s10,s6,80005db6 <__clz_tab+0x6e>
800056dc:	6e61                	.insn	2, 0x6e61
800056de:	2064                	.insn	2, 0x2064
800056e0:	7571                	.insn	2, 0x7571
800056e2:	7565                	.insn	2, 0x7565
800056e4:	2065                	.insn	2, 0x2065
800056e6:	7566                	.insn	2, 0x7566
800056e8:	6c6c                	.insn	2, 0x6c6c
800056ea:	0000                	.insn	2, 0x0000
800056ec:	2008                	.insn	2, 0x2008
800056ee:	0008                	.insn	2, 0x0008
800056f0:	5041                	.insn	2, 0x5041
800056f2:	5f50                	.insn	2, 0x5f50
800056f4:	4552                	.insn	2, 0x4552
800056f6:	4441                	.insn	2, 0x4441
800056f8:	0059                	.insn	2, 0x0059
800056fa:	0000                	.insn	2, 0x0000
800056fc:	5452                	.insn	2, 0x5452
800056fe:	4320534f          	.insn	4, 0x4320534f
80005702:	6f736e6f          	jal	t3,8003c5f8 <__bss_end+0x34308>
80005706:	656c                	.insn	2, 0x656c
80005708:	7220                	.insn	2, 0x7220
8000570a:	6165                	.insn	2, 0x6165
8000570c:	7964                	.insn	2, 0x7964
8000570e:	202e                	.insn	2, 0x202e
80005710:	7954                	.insn	2, 0x7954
80005712:	6570                	.insn	2, 0x6570
80005714:	2720                	.insn	2, 0x2720
80005716:	6568                	.insn	2, 0x6568
80005718:	706c                	.insn	2, 0x706c
8000571a:	00002e27          	.insn	4, 0x2e27
8000571e:	0000                	.insn	2, 0x0000
80005720:	6d6d6f63          	bltu	s10,s6,80005dfe <__clz_tab+0xb6>
80005724:	6e61                	.insn	2, 0x6e61
80005726:	5f64                	.insn	2, 0x5f64
80005728:	6572                	.insn	2, 0x6572
8000572a:	76696563          	bltu	s2,t1,80005e94 <result_queue>
8000572e:	0065                	.insn	2, 0x0065
80005730:	6568                	.insn	2, 0x6568
80005732:	706c                	.insn	2, 0x706c
80005734:	0000                	.insn	2, 0x0000
80005736:	0000                	.insn	2, 0x0000
80005738:	6d6d6f43          	.insn	4, 0x6d6d6f43
8000573c:	6e61                	.insn	2, 0x6e61
8000573e:	7364                	.insn	2, 0x7364
80005740:	003a                	.insn	2, 0x003a
80005742:	0000                	.insn	2, 0x0000
80005744:	2020                	.insn	2, 0x2020
80005746:	6568                	.insn	2, 0x6568
80005748:	706c                	.insn	2, 0x706c
8000574a:	2020                	.insn	2, 0x2020
8000574c:	2020                	.insn	2, 0x2020
8000574e:	2020                	.insn	2, 0x2020
80005750:	2020                	.insn	2, 0x2020
80005752:	2020                	.insn	2, 0x2020
80005754:	2020                	.insn	2, 0x2020
80005756:	2020                	.insn	2, 0x2020
80005758:	776f6873          	.insn	4, 0x776f6873
8000575c:	7420                	.insn	2, 0x7420
8000575e:	6968                	.insn	2, 0x6968
80005760:	696c2073          	.insn	4, 0x696c2073
80005764:	00007473          	.insn	4, 0x7473
80005768:	2020                	.insn	2, 0x2020
8000576a:	6970                	.insn	2, 0x6970
8000576c:	676e                	.insn	2, 0x676e
8000576e:	2020                	.insn	2, 0x2020
80005770:	2020                	.insn	2, 0x2020
80005772:	2020                	.insn	2, 0x2020
80005774:	2020                	.insn	2, 0x2020
80005776:	2020                	.insn	2, 0x2020
80005778:	2020                	.insn	2, 0x2020
8000577a:	2020                	.insn	2, 0x2020
8000577c:	65686373          	.insn	4, 0x65686373
80005780:	7564                	.insn	2, 0x7564
80005782:	656c                	.insn	2, 0x656c
80005784:	2072                	.insn	2, 0x2072
80005786:	6572                	.insn	2, 0x6572
80005788:	6e6f7073          	.insn	4, 0x6e6f7073
8000578c:	63206573          	.insn	4, 0x63206573
80005790:	6568                	.insn	2, 0x6568
80005792:	00006b63          	bltu	zero,zero,800057a8 <__clzsi2+0x1a8>
80005796:	0000                	.insn	2, 0x0000
80005798:	2020                	.insn	2, 0x2020
8000579a:	74617473          	.insn	4, 0x74617473
8000579e:	7375                	.insn	2, 0x7375
800057a0:	2020                	.insn	2, 0x2020
800057a2:	2020                	.insn	2, 0x2020
800057a4:	2020                	.insn	2, 0x2020
800057a6:	2020                	.insn	2, 0x2020
800057a8:	2020                	.insn	2, 0x2020
800057aa:	2020                	.insn	2, 0x2020
800057ac:	7572                	.insn	2, 0x7572
800057ae:	746e                	.insn	2, 0x746e
800057b0:	6d69                	.insn	2, 0x6d69
800057b2:	2065                	.insn	2, 0x2065
800057b4:	6e756f63          	bltu	a0,t2,80005eb2 <xYieldPendings+0x2>
800057b8:	6574                	.insn	2, 0x6574
800057ba:	7372                	.insn	2, 0x7372
800057bc:	6120                	.insn	2, 0x6120
800057be:	646e                	.insn	2, 0x646e
800057c0:	7120                	.insn	2, 0x7120
800057c2:	6575                	.insn	2, 0x6575
800057c4:	6575                	.insn	2, 0x6575
800057c6:	20200073          	hret
800057ca:	6174                	.insn	2, 0x6174
800057cc:	20736b73          	.insn	4, 0x20736b73
800057d0:	2020                	.insn	2, 0x2020
800057d2:	2020                	.insn	2, 0x2020
800057d4:	2020                	.insn	2, 0x2020
800057d6:	2020                	.insn	2, 0x2020
800057d8:	2020                	.insn	2, 0x2020
800057da:	2020                	.insn	2, 0x2020
800057dc:	666e6f63          	bltu	t3,t1,80005e5a <next_job_id+0x2>
800057e0:	6769                	.insn	2, 0x6769
800057e2:	7275                	.insn	2, 0x7275
800057e4:	6465                	.insn	2, 0x6465
800057e6:	4620                	.insn	2, 0x4620
800057e8:	6572                	.insn	2, 0x6572
800057ea:	5265                	.insn	2, 0x5265
800057ec:	4f54                	.insn	2, 0x4f54
800057ee:	61742053          	.insn	4, 0x61742053
800057f2:	00736b73          	.insn	4, 0x00736b73
800057f6:	0000                	.insn	2, 0x0000
800057f8:	2020                	.insn	2, 0x2020
800057fa:	6365                	.insn	2, 0x6365
800057fc:	6f68                	.insn	2, 0x6f68
800057fe:	3c20                	.insn	2, 0x3c20
80005800:	6574                	.insn	2, 0x6574
80005802:	7478                	.insn	2, 0x7478
80005804:	203e                	.insn	2, 0x203e
80005806:	2020                	.insn	2, 0x2020
80005808:	2020                	.insn	2, 0x2020
8000580a:	2020                	.insn	2, 0x2020
8000580c:	6365                	.insn	2, 0x6365
8000580e:	6f68                	.insn	2, 0x6f68
80005810:	7420                	.insn	2, 0x7420
80005812:	7865                	.insn	2, 0x7865
80005814:	2074                	.insn	2, 0x2074
80005816:	6874                	.insn	2, 0x6874
80005818:	6f72                	.insn	2, 0x6f72
8000581a:	6775                	.insn	2, 0x6775
8000581c:	2068                	.insn	2, 0x2068
8000581e:	6d6d6f63          	bltu	s10,s6,80005efc <command_queue_tcb+0x14>
80005822:	6e61                	.insn	2, 0x6e61
80005824:	2064                	.insn	2, 0x2064
80005826:	6174                	.insn	2, 0x6174
80005828:	00006b73          	.insn	4, 0x6b73
8000582c:	2020                	.insn	2, 0x2020
8000582e:	6b726f77          	.insn	4, 0x6b726f77
80005832:	5b20                	.insn	2, 0x5b20
80005834:	7469                	.insn	2, 0x7469
80005836:	7265                	.insn	2, 0x7265
80005838:	7461                	.insn	2, 0x7461
8000583a:	6f69                	.insn	2, 0x6f69
8000583c:	736e                	.insn	2, 0x736e
8000583e:	205d                	.insn	2, 0x205d
80005840:	7572                	.insn	2, 0x7572
80005842:	206e                	.insn	2, 0x206e
80005844:	2061                	.insn	2, 0x2061
80005846:	7571                	.insn	2, 0x7571
80005848:	7565                	.insn	2, 0x7565
8000584a:	6465                	.insn	2, 0x6465
8000584c:	7720                	.insn	2, 0x7720
8000584e:	656b726f          	jal	tp,800bcea4 <__stack_top+0x3cea4>
80005852:	2072                	.insn	2, 0x2072
80005854:	6f6a                	.insn	2, 0x6f6a
80005856:	0062                	.insn	2, 0x0062
80005858:	2020                	.insn	2, 0x2020
8000585a:	6572                	.insn	2, 0x6572
8000585c:	6f6c                	.insn	2, 0x6f6c
8000585e:	6461                	.insn	2, 0x6461
80005860:	2020                	.insn	2, 0x2020
80005862:	2020                	.insn	2, 0x2020
80005864:	2020                	.insn	2, 0x2020
80005866:	2020                	.insn	2, 0x2020
80005868:	2020                	.insn	2, 0x2020
8000586a:	2020                	.insn	2, 0x2020
8000586c:	6572                	.insn	2, 0x6572
8000586e:	7574                	.insn	2, 0x7574
80005870:	6e72                	.insn	2, 0x6e72
80005872:	7420                	.insn	2, 0x7420
80005874:	4155206f          	j	80058488 <__bss_end+0x50198>
80005878:	5452                	.insn	2, 0x5452
8000587a:	6220                	.insn	2, 0x6220
8000587c:	6c746f6f          	jal	t5,8004c742 <__bss_end+0x44452>
80005880:	6564616f          	jal	sp,8004bed6 <__bss_end+0x43be6>
80005884:	0072                	.insn	2, 0x0072
80005886:	0000                	.insn	2, 0x0000
80005888:	6970                	.insn	2, 0x6970
8000588a:	676e                	.insn	2, 0x676e
8000588c:	0000                	.insn	2, 0x0000
8000588e:	0000                	.insn	2, 0x0000
80005890:	4f50                	.insn	2, 0x4f50
80005892:	474e                	.insn	2, 0x474e
80005894:	7420                	.insn	2, 0x7420
80005896:	6369                	.insn	2, 0x6369
80005898:	00003d6b          	.insn	4, 0x3d6b
8000589c:	74617473          	.insn	4, 0x74617473
800058a0:	7375                	.insn	2, 0x7375
800058a2:	0000                	.insn	2, 0x0000
800058a4:	54415453          	.insn	4, 0x54415453
800058a8:	5355                	.insn	2, 0x5355
800058aa:	7420                	.insn	2, 0x7420
800058ac:	6369                	.insn	2, 0x6369
800058ae:	00003d6b          	.insn	4, 0x3d6b
800058b2:	0000                	.insn	2, 0x0000
800058b4:	6820                	.insn	2, 0x6820
800058b6:	6165                	.insn	2, 0x6165
800058b8:	7472                	.insn	2, 0x7472
800058ba:	6562                	.insn	2, 0x6562
800058bc:	7461                	.insn	2, 0x7461
800058be:	003d                	.insn	2, 0x003d
800058c0:	6320                	.insn	2, 0x6320
800058c2:	616d6d6f          	jal	s10,800dbed8 <__stack_top+0x5bed8>
800058c6:	646e                	.insn	2, 0x646e
800058c8:	00003d73          	.insn	4, 0x3d73
800058cc:	6c20                	.insn	2, 0x6c20
800058ce:	6e69                	.insn	2, 0x6e69
800058d0:	7365                	.insn	2, 0x7365
800058d2:	003d                	.insn	2, 0x003d
800058d4:	54415453          	.insn	4, 0x54415453
800058d8:	5355                	.insn	2, 0x5355
800058da:	6a20                	.insn	2, 0x6a20
800058dc:	3d73626f          	jal	tp,8003c4b2 <__bss_end+0x341c2>
800058e0:	0000                	.insn	2, 0x0000
800058e2:	0000                	.insn	2, 0x0000
800058e4:	0000002f          	.insn	4, 0x002f
800058e8:	6c20                	.insn	2, 0x6c20
800058ea:	7361                	.insn	2, 0x7361
800058ec:	3d74                	.insn	2, 0x3d74
800058ee:	0000                	.insn	2, 0x0000
800058f0:	6320                	.insn	2, 0x6320
800058f2:	646d                	.insn	2, 0x646d
800058f4:	3d71                	.insn	2, 0x3d71
800058f6:	0000                	.insn	2, 0x0000
800058f8:	7720                	.insn	2, 0x7720
800058fa:	716b726f          	jal	tp,800bd010 <__stack_top+0x3d010>
800058fe:	003d                	.insn	2, 0x003d
80005900:	54415453          	.insn	4, 0x54415453
80005904:	5355                	.insn	2, 0x5355
80005906:	7220                	.insn	2, 0x7220
80005908:	5f78                	.insn	2, 0x5f78
8000590a:	7265766f          	jal	a2,8005d030 <__bss_end+0x54d40>
8000590e:	7572                	.insn	2, 0x7572
80005910:	3d6e                	.insn	2, 0x3d6e
80005912:	0000                	.insn	2, 0x0000
80005914:	6c20                	.insn	2, 0x6c20
80005916:	6e69                	.insn	2, 0x6e69
80005918:	5f65                	.insn	2, 0x5f65
8000591a:	7265766f          	jal	a2,8005d040 <__bss_end+0x54d50>
8000591e:	6c66                	.insn	2, 0x6c66
80005920:	003d776f          	jal	a4,800dd122 <__stack_top+0x5d122>
80005924:	6320                	.insn	2, 0x6320
80005926:	616d6d6f          	jal	s10,800dbf3c <__stack_top+0x5bf3c>
8000592a:	646e                	.insn	2, 0x646e
8000592c:	645f 6f72 3d70      	.insn	6, 0x3d706f72645f
80005932:	0000                	.insn	2, 0x0000
80005934:	4154                	.insn	2, 0x4154
80005936:	6e204b53          	.insn	4, 0x6e204b53
8000593a:	6d61                	.insn	2, 0x6d61
8000593c:	3d65                	.insn	2, 0x3d65
8000593e:	736e6f63          	bltu	t3,s6,8000607c <work_queue_storage+0x4>
80005942:	5f656c6f          	jal	s8,8005bf38 <__bss_end+0x53c48>
80005946:	7872                	.insn	2, 0x7872
80005948:	7020                	.insn	2, 0x7020
8000594a:	6972                	.insn	2, 0x6972
8000594c:	7469726f          	jal	tp,8009d092 <__stack_top+0x1d092>
80005950:	3d79                	.insn	2, 0x3d79
80005952:	6f722033          	.insn	4, 0x6f722033
80005956:	656c                	.insn	2, 0x656c
80005958:	553d                	.insn	2, 0x553d
8000595a:	5241                	.insn	2, 0x5241
8000595c:	2d54                	.insn	2, 0x2d54
8000595e:	6e69                	.insn	2, 0x6e69
80005960:	7570                	.insn	2, 0x7570
80005962:	0074                	.insn	2, 0x0074
80005964:	4154                	.insn	2, 0x4154
80005966:	6e204b53          	.insn	4, 0x6e204b53
8000596a:	6d61                	.insn	2, 0x6d61
8000596c:	3d65                	.insn	2, 0x3d65
8000596e:	736e6f63          	bltu	t3,s6,800060ac <result_queue_tcb+0x24>
80005972:	5f656c6f          	jal	s8,8005bf68 <__bss_end+0x53c78>
80005976:	20646d63          	bltu	s0,t1,80005b90 <__clzsi2+0x590>
8000597a:	7270                	.insn	2, 0x7270
8000597c:	6f69                	.insn	2, 0x6f69
8000597e:	6972                	.insn	2, 0x6972
80005980:	7974                	.insn	2, 0x7974
80005982:	323d                	.insn	2, 0x323d
80005984:	7220                	.insn	2, 0x7220
80005986:	3d656c6f          	jal	s8,8005bd5c <__bss_end+0x53a6c>
8000598a:	6170                	.insn	2, 0x6170
8000598c:	7372                	.insn	2, 0x7372
8000598e:	7265                	.insn	2, 0x7265
80005990:	0000                	.insn	2, 0x0000
80005992:	0000                	.insn	2, 0x0000
80005994:	4154                	.insn	2, 0x4154
80005996:	6e204b53          	.insn	4, 0x6e204b53
8000599a:	6d61                	.insn	2, 0x6d61
8000599c:	3d65                	.insn	2, 0x3d65
8000599e:	6b726f77          	.insn	4, 0x6b726f77
800059a2:	7265                	.insn	2, 0x7265
800059a4:	7020                	.insn	2, 0x7020
800059a6:	6972                	.insn	2, 0x6972
800059a8:	7469726f          	jal	tp,8009d0ee <__stack_top+0x1d0ee>
800059ac:	3d79                	.insn	2, 0x3d79
800059ae:	2031                	.insn	2, 0x2031
800059b0:	6f72                	.insn	2, 0x6f72
800059b2:	656c                	.insn	2, 0x656c
800059b4:	713d                	.insn	2, 0x713d
800059b6:	6575                	.insn	2, 0x6575
800059b8:	6575                	.insn	2, 0x6575
800059ba:	2d64                	.insn	2, 0x2d64
800059bc:	6b726f77          	.insn	4, 0x6b726f77
800059c0:	0000                	.insn	2, 0x0000
800059c2:	0000                	.insn	2, 0x0000
800059c4:	4154                	.insn	2, 0x4154
800059c6:	6e204b53          	.insn	4, 0x6e204b53
800059ca:	6d61                	.insn	2, 0x6d61
800059cc:	3d65                	.insn	2, 0x3d65
800059ce:	6568                	.insn	2, 0x6568
800059d0:	7261                	.insn	2, 0x7261
800059d2:	6274                	.insn	2, 0x6274
800059d4:	6165                	.insn	2, 0x6165
800059d6:	2074                	.insn	2, 0x2074
800059d8:	7270                	.insn	2, 0x7270
800059da:	6f69                	.insn	2, 0x6f69
800059dc:	6972                	.insn	2, 0x6972
800059de:	7974                	.insn	2, 0x7974
800059e0:	313d                	.insn	2, 0x313d
800059e2:	7220                	.insn	2, 0x7220
800059e4:	3d656c6f          	jal	s8,8005bdba <__bss_end+0x53aca>
800059e8:	696c                	.insn	2, 0x696c
800059ea:	6576                	.insn	2, 0x6576
800059ec:	656e                	.insn	2, 0x656e
800059ee:	00007373          	.insn	4, 0x7373
800059f2:	0000                	.insn	2, 0x0000
800059f4:	4154                	.insn	2, 0x4154
800059f6:	6e204b53          	.insn	4, 0x6e204b53
800059fa:	6d61                	.insn	2, 0x6d61
800059fc:	3d65                	.insn	2, 0x3d65
800059fe:	4449                	.insn	2, 0x4449
80005a00:	454c                	.insn	2, 0x454c
80005a02:	7020                	.insn	2, 0x7020
80005a04:	6972                	.insn	2, 0x6972
80005a06:	7469726f          	jal	tp,8009d14c <__stack_top+0x1d14c>
80005a0a:	3d79                	.insn	2, 0x3d79
80005a0c:	2030                	.insn	2, 0x2030
80005a0e:	6f72                	.insn	2, 0x6f72
80005a10:	656c                	.insn	2, 0x656c
80005a12:	463d                	.insn	2, 0x463d
80005a14:	6572                	.insn	2, 0x6572
80005a16:	5265                	.insn	2, 0x5265
80005a18:	4f54                	.insn	2, 0x4f54
80005a1a:	64692d53          	.insn	4, 0x64692d53
80005a1e:	656c                	.insn	2, 0x656c
80005a20:	0000                	.insn	2, 0x0000
80005a22:	0000                	.insn	2, 0x0000
80005a24:	6365                	.insn	2, 0x6365
80005a26:	6f68                	.insn	2, 0x6f68
80005a28:	0000                	.insn	2, 0x0000
80005a2a:	0000                	.insn	2, 0x0000
80005a2c:	4345                	.insn	2, 0x4345
80005a2e:	4f48                	.insn	2, 0x4f48
80005a30:	0020                	.insn	2, 0x0020
80005a32:	0000                	.insn	2, 0x0000
80005a34:	5245                	.insn	2, 0x5245
80005a36:	2052                	.insn	2, 0x2052
80005a38:	6b726f77          	.insn	4, 0x6b726f77
80005a3c:	6920                	.insn	2, 0x6920
80005a3e:	6574                	.insn	2, 0x6574
80005a40:	6172                	.insn	2, 0x6172
80005a42:	6974                	.insn	2, 0x6974
80005a44:	20736e6f          	jal	t3,8003c44a <__bss_end+0x3415a>
80005a48:	756d                	.insn	2, 0x756d
80005a4a:	62207473          	.insn	4, 0x62207473
80005a4e:	2065                	.insn	2, 0x2065
80005a50:	2e31                	.insn	2, 0x2e31
80005a52:	312e                	.insn	2, 0x312e
80005a54:	3030                	.insn	2, 0x3030
80005a56:	3030                	.insn	2, 0x3030
80005a58:	0030                	.insn	2, 0x0030
80005a5a:	0000                	.insn	2, 0x0000
80005a5c:	5245                	.insn	2, 0x5245
80005a5e:	2052                	.insn	2, 0x2052
80005a60:	6b726f77          	.insn	4, 0x6b726f77
80005a64:	7265                	.insn	2, 0x7265
80005a66:	7120                	.insn	2, 0x7120
80005a68:	6575                	.insn	2, 0x6575
80005a6a:	6575                	.insn	2, 0x6575
80005a6c:	6620                	.insn	2, 0x6620
80005a6e:	6c75                	.insn	2, 0x6c75
80005a70:	006c                	.insn	2, 0x006c
80005a72:	0000                	.insn	2, 0x0000
80005a74:	4b524f57          	.insn	4, 0x4b524f57
80005a78:	7120                	.insn	2, 0x7120
80005a7a:	6575                	.insn	2, 0x6575
80005a7c:	6575                	.insn	2, 0x6575
80005a7e:	2064                	.insn	2, 0x2064
80005a80:	6469                	.insn	2, 0x6469
80005a82:	003d                	.insn	2, 0x003d
80005a84:	6920                	.insn	2, 0x6920
80005a86:	6574                	.insn	2, 0x6574
80005a88:	6172                	.insn	2, 0x6172
80005a8a:	6974                	.insn	2, 0x6974
80005a8c:	3d736e6f          	jal	t3,8003c662 <__bss_end+0x34372>
80005a90:	0000                	.insn	2, 0x0000
80005a92:	0000                	.insn	2, 0x0000
80005a94:	6572                	.insn	2, 0x6572
80005a96:	746c7573          	.insn	4, 0x746c7573
80005a9a:	725f 6365 6965      	.insn	6, 0x69656365725f
80005aa0:	6576                	.insn	2, 0x6576
80005aa2:	0000                	.insn	2, 0x0000
80005aa4:	4b524f57          	.insn	4, 0x4b524f57
80005aa8:	6420                	.insn	2, 0x6420
80005aaa:	20656e6f          	jal	t3,8005bcb0 <__bss_end+0x539c0>
80005aae:	6469                	.insn	2, 0x6469
80005ab0:	003d                	.insn	2, 0x003d
80005ab2:	0000                	.insn	2, 0x0000
80005ab4:	7220                	.insn	2, 0x7220
80005ab6:	7365                	.insn	2, 0x7365
80005ab8:	6c75                	.insn	2, 0x6c75
80005aba:	3d74                	.insn	2, 0x3d74
80005abc:	0000                	.insn	2, 0x0000
80005abe:	0000                	.insn	2, 0x0000
80005ac0:	6572                	.insn	2, 0x6572
80005ac2:	6f6c                	.insn	2, 0x6f6c
80005ac4:	6461                	.insn	2, 0x6461
80005ac6:	0000                	.insn	2, 0x0000
80005ac8:	4552                	.insn	2, 0x4552
80005aca:	4f4c                	.insn	2, 0x4f4c
80005acc:	4441                	.insn	2, 0x4441
80005ace:	4e49                	.insn	2, 0x4e49
80005ad0:	00000047          	.insn	4, 0x0047
80005ad4:	5245                	.insn	2, 0x5245
80005ad6:	2052                	.insn	2, 0x2052
80005ad8:	6e75                	.insn	2, 0x6e75
80005ada:	776f6e6b          	.insn	4, 0x776f6e6b
80005ade:	206e                	.insn	2, 0x206e
80005ae0:	6d6d6f63          	bltu	s10,s6,800061be <rx_stack+0x8e>
80005ae4:	6e61                	.insn	2, 0x6e61
80005ae6:	3a64                	.insn	2, 0x3a64
80005ae8:	0020                	.insn	2, 0x0020
80005aea:	0000                	.insn	2, 0x0000
80005aec:	5452                	.insn	2, 0x5452
80005aee:	435f534f          	.insn	4, 0x435f534f
80005af2:	4f534e4f          	.insn	4, 0x4f534e4f
80005af6:	454c                	.insn	2, 0x454c
80005af8:	425f 4f4f 0054      	.insn	6, 0x00544f4f425f
80005afe:	0000                	.insn	2, 0x0000
80005b00:	7571                	.insn	2, 0x7571
80005b02:	7565                	.insn	2, 0x7565
80005b04:	5f65                	.insn	2, 0x5f65
80005b06:	61657263          	bgeu	a0,s6,8000610a <rx_tcb+0x22>
80005b0a:	6574                	.insn	2, 0x6574
80005b0c:	0000                	.insn	2, 0x0000
80005b0e:	0000                	.insn	2, 0x0000
80005b10:	736e6f63          	bltu	t3,s6,8000624e <rx_stack+0x11e>
80005b14:	5f656c6f          	jal	s8,8005c10a <__bss_end+0x53e1a>
80005b18:	7872                	.insn	2, 0x7872
80005b1a:	0000                	.insn	2, 0x0000
80005b1c:	6174                	.insn	2, 0x6174
80005b1e:	725f6b73          	.insn	4, 0x725f6b73
80005b22:	0078                	.insn	2, 0x0078
80005b24:	736e6f63          	bltu	t3,s6,80006262 <rx_stack+0x132>
80005b28:	5f656c6f          	jal	s8,8005c11e <__bss_end+0x53e2e>
80005b2c:	00646d63          	bltu	s0,t1,80005b46 <__clzsi2+0x546>
80005b30:	6174                	.insn	2, 0x6174
80005b32:	635f6b73          	.insn	4, 0x635f6b73
80005b36:	616d6d6f          	jal	s10,800dc14c <__stack_top+0x5c14c>
80005b3a:	646e                	.insn	2, 0x646e
80005b3c:	0000                	.insn	2, 0x0000
80005b3e:	0000                	.insn	2, 0x0000
80005b40:	6b726f77          	.insn	4, 0x6b726f77
80005b44:	7265                	.insn	2, 0x7265
80005b46:	0000                	.insn	2, 0x0000
80005b48:	6174                	.insn	2, 0x6174
80005b4a:	775f6b73          	.insn	4, 0x775f6b73
80005b4e:	656b726f          	jal	tp,800bd1a4 <__stack_top+0x3d1a4>
80005b52:	0072                	.insn	2, 0x0072
80005b54:	6568                	.insn	2, 0x6568
80005b56:	7261                	.insn	2, 0x7261
80005b58:	6274                	.insn	2, 0x6274
80005b5a:	6165                	.insn	2, 0x6165
80005b5c:	0074                	.insn	2, 0x0074
80005b5e:	0000                	.insn	2, 0x0000
80005b60:	6174                	.insn	2, 0x6174
80005b62:	685f6b73          	.insn	4, 0x685f6b73
80005b66:	6165                	.insn	2, 0x6165
80005b68:	7472                	.insn	2, 0x7472
80005b6a:	6562                	.insn	2, 0x6562
80005b6c:	7461                	.insn	2, 0x7461
80005b6e:	0000                	.insn	2, 0x0000
80005b70:	65686373          	.insn	4, 0x65686373
80005b74:	7564                	.insn	2, 0x7564
80005b76:	656c                	.insn	2, 0x656c
80005b78:	5f72                	.insn	2, 0x5f72
80005b7a:	6572                	.insn	2, 0x6572
80005b7c:	7574                	.insn	2, 0x7574
80005b7e:	6e72                	.insn	2, 0x6e72
80005b80:	0000                	.insn	2, 0x0000
80005b82:	0000                	.insn	2, 0x0000
80005b84:	7830                	.insn	2, 0x7830
80005b86:	0000                	.insn	2, 0x0000
80005b88:	4f54525b          	.insn	4, 0x4f54525b
80005b8c:	61205d53          	.insn	4, 0x61205d53
80005b90:	72657373          	.insn	4, 0x72657373
80005b94:	2074                	.insn	2, 0x2074
80005b96:	6966                	.insn	2, 0x6966
80005b98:	656c                	.insn	2, 0x656c
80005b9a:	003d                	.insn	2, 0x003d
80005b9c:	6c20                	.insn	2, 0x6c20
80005b9e:	6e69                	.insn	2, 0x6e69
80005ba0:	3d65                	.insn	2, 0x3d65
80005ba2:	0000                	.insn	2, 0x0000
80005ba4:	7220                	.insn	2, 0x7220
80005ba6:	3d61                	.insn	2, 0x3d61
80005ba8:	0000                	.insn	2, 0x0000
80005baa:	0000                	.insn	2, 0x0000
80005bac:	7420                	.insn	2, 0x7420
80005bae:	003d6263          	bltu	s10,gp,80005bb2 <__clzsi2+0x5b2>
80005bb2:	0000                	.insn	2, 0x0000
80005bb4:	7320                	.insn	2, 0x7320
80005bb6:	3d70                	.insn	2, 0x3d70
80005bb8:	0000                	.insn	2, 0x0000
80005bba:	0000                	.insn	2, 0x0000
80005bbc:	7528                	.insn	2, 0x7528
80005bbe:	6b6e                	.insn	2, 0x6b6e
80005bc0:	6f6e                	.insn	2, 0x6f6e
80005bc2:	00296e77          	.insn	4, 0x00296e77
80005bc6:	0000                	.insn	2, 0x0000
80005bc8:	4f54525b          	.insn	4, 0x4f54525b
80005bcc:	73205d53          	.insn	4, 0x73205d53
80005bd0:	6174                	.insn	2, 0x6174
80005bd2:	6f206b63          	bltu	zero,s2,800062c8 <rx_stack+0x198>
80005bd6:	6576                	.insn	2, 0x6576
80005bd8:	6672                	.insn	2, 0x6672
80005bda:	6f6c                	.insn	2, 0x6f6c
80005bdc:	00002077          	.insn	4, 0x2077
80005be0:	4f54525b          	.insn	4, 0x4f54525b
80005be4:	65205d53          	.insn	4, 0x65205d53
80005be8:	6378                	.insn	2, 0x6378
80005bea:	7065                	.insn	2, 0x7065
80005bec:	6974                	.insn	2, 0x6974
80005bee:	6d206e6f          	jal	t3,8000c2c0 <__bss_end+0x3fd0>
80005bf2:	73756163          	bltu	a0,s7,80006314 <rx_stack+0x1e4>
80005bf6:	3d65                	.insn	2, 0x3d65
80005bf8:	0000                	.insn	2, 0x0000
80005bfa:	0000                	.insn	2, 0x0000
80005bfc:	6d20                	.insn	2, 0x6d20
80005bfe:	7065                	.insn	2, 0x7065
80005c00:	00003d63          	.insn	4, 0x3d63
80005c04:	6d20                	.insn	2, 0x6d20
80005c06:	7674                	.insn	2, 0x7674
80005c08:	6c61                	.insn	2, 0x6c61
80005c0a:	003d                	.insn	2, 0x003d
80005c0c:	6d20                	.insn	2, 0x6d20
80005c0e:	74617473          	.insn	4, 0x74617473
80005c12:	7375                	.insn	2, 0x7375
80005c14:	003d                	.insn	2, 0x003d
80005c16:	0000                	.insn	2, 0x0000
80005c18:	6d20                	.insn	2, 0x6d20
80005c1a:	6569                	.insn	2, 0x6569
80005c1c:	003d                	.insn	2, 0x003d
80005c1e:	0000                	.insn	2, 0x0000
80005c20:	6d20                	.insn	2, 0x6d20
80005c22:	7069                	.insn	2, 0x7069
80005c24:	003d                	.insn	2, 0x003d
80005c26:	0000                	.insn	2, 0x0000
80005c28:	4f54525b          	.insn	4, 0x4f54525b
80005c2c:	75205d53          	.insn	4, 0x75205d53
80005c30:	656e                	.insn	2, 0x656e
80005c32:	7078                	.insn	2, 0x7078
80005c34:	6365                	.insn	2, 0x6365
80005c36:	6574                	.insn	2, 0x6574
80005c38:	2064                	.insn	2, 0x2064
80005c3a:	6e69                	.insn	2, 0x6e69
80005c3c:	6574                	.insn	2, 0x6574
80005c3e:	7272                	.insn	2, 0x7272
80005c40:	7075                	.insn	2, 0x7075
80005c42:	2074                	.insn	2, 0x2074
80005c44:	636d                	.insn	2, 0x636d
80005c46:	7561                	.insn	2, 0x7561
80005c48:	003d6573          	.insn	4, 0x003d6573
80005c4c:	555c3a43          	.insn	4, 0x555c3a43
80005c50:	73726573          	.insn	4, 0x73726573
80005c54:	615c                	.insn	2, 0x615c
80005c56:	3930                	.insn	2, 0x3930
80005c58:	3836                	.insn	2, 0x3836
80005c5a:	445c                	.insn	2, 0x445c
80005c5c:	6c6e776f          	jal	a4,800ed322 <__stack_top+0x6d322>
80005c60:	7364616f          	jal	sp,8004c396 <__bss_end+0x440a6>
80005c64:	465c                	.insn	2, 0x465c
80005c66:	6572                	.insn	2, 0x6572
80005c68:	5265                	.insn	2, 0x5265
80005c6a:	4f54                	.insn	2, 0x4f54
80005c6c:	30327653          	.insn	4, 0x30327653
80005c70:	3432                	.insn	2, 0x3432
80005c72:	3630                	.insn	2, 0x3630
80005c74:	302e                	.insn	2, 0x302e
80005c76:	2d34                	.insn	2, 0x2d34
80005c78:	544c                	.insn	2, 0x544c
80005c7a:	72465c53          	.insn	4, 0x72465c53
80005c7e:	6565                	.insn	2, 0x6565
80005c80:	5452                	.insn	2, 0x5452
80005c82:	4c2d534f          	.insn	4, 0x4c2d534f
80005c86:	5354                	.insn	2, 0x5354
80005c88:	465c                	.insn	2, 0x465c
80005c8a:	6572                	.insn	2, 0x6572
80005c8c:	5265                	.insn	2, 0x5265
80005c8e:	4f54                	.insn	2, 0x4f54
80005c90:	72465c53          	.insn	4, 0x72465c53
80005c94:	6565                	.insn	2, 0x6565
80005c96:	5452                	.insn	2, 0x5452
80005c98:	4b2d534f          	.insn	4, 0x4b2d534f
80005c9c:	7265                	.insn	2, 0x7265
80005c9e:	656e                	.insn	2, 0x656e
80005ca0:	5c6c                	.insn	2, 0x5c6c
80005ca2:	7571                	.insn	2, 0x7571
80005ca4:	7565                	.insn	2, 0x7565
80005ca6:	2e65                	.insn	2, 0x2e65
80005ca8:	00000063          	beqz	zero,80005ca8 <__clzsi2+0x6a8>
80005cac:	555c3a43          	.insn	4, 0x555c3a43
80005cb0:	73726573          	.insn	4, 0x73726573
80005cb4:	615c                	.insn	2, 0x615c
80005cb6:	3930                	.insn	2, 0x3930
80005cb8:	3836                	.insn	2, 0x3836
80005cba:	445c                	.insn	2, 0x445c
80005cbc:	6c6e776f          	jal	a4,800ed382 <__stack_top+0x6d382>
80005cc0:	7364616f          	jal	sp,8004c3f6 <__bss_end+0x44106>
80005cc4:	465c                	.insn	2, 0x465c
80005cc6:	6572                	.insn	2, 0x6572
80005cc8:	5265                	.insn	2, 0x5265
80005cca:	4f54                	.insn	2, 0x4f54
80005ccc:	30327653          	.insn	4, 0x30327653
80005cd0:	3432                	.insn	2, 0x3432
80005cd2:	3630                	.insn	2, 0x3630
80005cd4:	302e                	.insn	2, 0x302e
80005cd6:	2d34                	.insn	2, 0x2d34
80005cd8:	544c                	.insn	2, 0x544c
80005cda:	72465c53          	.insn	4, 0x72465c53
80005cde:	6565                	.insn	2, 0x6565
80005ce0:	5452                	.insn	2, 0x5452
80005ce2:	4c2d534f          	.insn	4, 0x4c2d534f
80005ce6:	5354                	.insn	2, 0x5354
80005ce8:	465c                	.insn	2, 0x465c
80005cea:	6572                	.insn	2, 0x6572
80005cec:	5265                	.insn	2, 0x5265
80005cee:	4f54                	.insn	2, 0x4f54
80005cf0:	72465c53          	.insn	4, 0x72465c53
80005cf4:	6565                	.insn	2, 0x6565
80005cf6:	5452                	.insn	2, 0x5452
80005cf8:	4b2d534f          	.insn	4, 0x4b2d534f
80005cfc:	7265                	.insn	2, 0x7265
80005cfe:	656e                	.insn	2, 0x656e
80005d00:	5c6c                	.insn	2, 0x5c6c
80005d02:	6174                	.insn	2, 0x6174
80005d04:	2e736b73          	.insn	4, 0x2e736b73
80005d08:	00000063          	beqz	zero,80005d08 <__clzsi2+0x708>

80005d0c <hex.0>:
80005d0c:	3130                	.insn	2, 0x3130
80005d0e:	3332                	.insn	2, 0x3332
80005d10:	3534                	.insn	2, 0x3534
80005d12:	3736                	.insn	2, 0x3736
80005d14:	3938                	.insn	2, 0x3938
80005d16:	4241                	.insn	2, 0x4241
80005d18:	46454443          	.insn	4, 0x46454443
80005d1c:	0000                	.insn	2, 0x0000
80005d1e:	0000                	.insn	2, 0x0000
80005d20:	441c                	.insn	2, 0x441c
80005d22:	8000                	.insn	2, 0x8000
80005d24:	45ac                	.insn	2, 0x45ac
80005d26:	8000                	.insn	2, 0x8000
80005d28:	45c4                	.insn	2, 0x45c4
80005d2a:	8000                	.insn	2, 0x8000
80005d2c:	4410                	.insn	2, 0x4410
80005d2e:	8000                	.insn	2, 0x8000
80005d30:	4404                	.insn	2, 0x4404
80005d32:	8000                	.insn	2, 0x8000
80005d34:	469c                	.insn	2, 0x469c
80005d36:	8000                	.insn	2, 0x8000
80005d38:	4818                	.insn	2, 0x4818
80005d3a:	8000                	.insn	2, 0x8000
80005d3c:	47f8                	.insn	2, 0x47f8
80005d3e:	8000                	.insn	2, 0x8000
80005d40:	4690                	.insn	2, 0x4690
80005d42:	8000                	.insn	2, 0x8000
80005d44:	4684                	.insn	2, 0x4684
80005d46:	8000                	.insn	2, 0x8000

80005d48 <__clz_tab>:
80005d48:	0100                	.insn	2, 0x0100
80005d4a:	0202                	.insn	2, 0x0202
80005d4c:	03030303          	lb	t1,48(t1)
80005d50:	0404                	.insn	2, 0x0404
80005d52:	0404                	.insn	2, 0x0404
80005d54:	0404                	.insn	2, 0x0404
80005d56:	0404                	.insn	2, 0x0404
80005d58:	0505                	.insn	2, 0x0505
80005d5a:	0505                	.insn	2, 0x0505
80005d5c:	0505                	.insn	2, 0x0505
80005d5e:	0505                	.insn	2, 0x0505
80005d60:	0505                	.insn	2, 0x0505
80005d62:	0505                	.insn	2, 0x0505
80005d64:	0505                	.insn	2, 0x0505
80005d66:	0505                	.insn	2, 0x0505
80005d68:	0606                	.insn	2, 0x0606
80005d6a:	0606                	.insn	2, 0x0606
80005d6c:	0606                	.insn	2, 0x0606
80005d6e:	0606                	.insn	2, 0x0606
80005d70:	0606                	.insn	2, 0x0606
80005d72:	0606                	.insn	2, 0x0606
80005d74:	0606                	.insn	2, 0x0606
80005d76:	0606                	.insn	2, 0x0606
80005d78:	0606                	.insn	2, 0x0606
80005d7a:	0606                	.insn	2, 0x0606
80005d7c:	0606                	.insn	2, 0x0606
80005d7e:	0606                	.insn	2, 0x0606
80005d80:	0606                	.insn	2, 0x0606
80005d82:	0606                	.insn	2, 0x0606
80005d84:	0606                	.insn	2, 0x0606
80005d86:	0606                	.insn	2, 0x0606
80005d88:	07070707          	.insn	4, 0x07070707
80005d8c:	07070707          	.insn	4, 0x07070707
80005d90:	07070707          	.insn	4, 0x07070707
80005d94:	07070707          	.insn	4, 0x07070707
80005d98:	07070707          	.insn	4, 0x07070707
80005d9c:	07070707          	.insn	4, 0x07070707
80005da0:	07070707          	.insn	4, 0x07070707
80005da4:	07070707          	.insn	4, 0x07070707
80005da8:	07070707          	.insn	4, 0x07070707
80005dac:	07070707          	.insn	4, 0x07070707
80005db0:	07070707          	.insn	4, 0x07070707
80005db4:	07070707          	.insn	4, 0x07070707
80005db8:	07070707          	.insn	4, 0x07070707
80005dbc:	07070707          	.insn	4, 0x07070707
80005dc0:	07070707          	.insn	4, 0x07070707
80005dc4:	07070707          	.insn	4, 0x07070707
80005dc8:	0808                	.insn	2, 0x0808
80005dca:	0808                	.insn	2, 0x0808
80005dcc:	0808                	.insn	2, 0x0808
80005dce:	0808                	.insn	2, 0x0808
80005dd0:	0808                	.insn	2, 0x0808
80005dd2:	0808                	.insn	2, 0x0808
80005dd4:	0808                	.insn	2, 0x0808
80005dd6:	0808                	.insn	2, 0x0808
80005dd8:	0808                	.insn	2, 0x0808
80005dda:	0808                	.insn	2, 0x0808
80005ddc:	0808                	.insn	2, 0x0808
80005dde:	0808                	.insn	2, 0x0808
80005de0:	0808                	.insn	2, 0x0808
80005de2:	0808                	.insn	2, 0x0808
80005de4:	0808                	.insn	2, 0x0808
80005de6:	0808                	.insn	2, 0x0808
80005de8:	0808                	.insn	2, 0x0808
80005dea:	0808                	.insn	2, 0x0808
80005dec:	0808                	.insn	2, 0x0808
80005dee:	0808                	.insn	2, 0x0808
80005df0:	0808                	.insn	2, 0x0808
80005df2:	0808                	.insn	2, 0x0808
80005df4:	0808                	.insn	2, 0x0808
80005df6:	0808                	.insn	2, 0x0808
80005df8:	0808                	.insn	2, 0x0808
80005dfa:	0808                	.insn	2, 0x0808
80005dfc:	0808                	.insn	2, 0x0808
80005dfe:	0808                	.insn	2, 0x0808
80005e00:	0808                	.insn	2, 0x0808
80005e02:	0808                	.insn	2, 0x0808
80005e04:	0808                	.insn	2, 0x0808
80005e06:	0808                	.insn	2, 0x0808
80005e08:	0808                	.insn	2, 0x0808
80005e0a:	0808                	.insn	2, 0x0808
80005e0c:	0808                	.insn	2, 0x0808
80005e0e:	0808                	.insn	2, 0x0808
80005e10:	0808                	.insn	2, 0x0808
80005e12:	0808                	.insn	2, 0x0808
80005e14:	0808                	.insn	2, 0x0808
80005e16:	0808                	.insn	2, 0x0808
80005e18:	0808                	.insn	2, 0x0808
80005e1a:	0808                	.insn	2, 0x0808
80005e1c:	0808                	.insn	2, 0x0808
80005e1e:	0808                	.insn	2, 0x0808
80005e20:	0808                	.insn	2, 0x0808
80005e22:	0808                	.insn	2, 0x0808
80005e24:	0808                	.insn	2, 0x0808
80005e26:	0808                	.insn	2, 0x0808
80005e28:	0808                	.insn	2, 0x0808
80005e2a:	0808                	.insn	2, 0x0808
80005e2c:	0808                	.insn	2, 0x0808
80005e2e:	0808                	.insn	2, 0x0808
80005e30:	0808                	.insn	2, 0x0808
80005e32:	0808                	.insn	2, 0x0808
80005e34:	0808                	.insn	2, 0x0808
80005e36:	0808                	.insn	2, 0x0808
80005e38:	0808                	.insn	2, 0x0808
80005e3a:	0808                	.insn	2, 0x0808
80005e3c:	0808                	.insn	2, 0x0808
80005e3e:	0808                	.insn	2, 0x0808
80005e40:	0808                	.insn	2, 0x0808
80005e42:	0808                	.insn	2, 0x0808
80005e44:	0808                	.insn	2, 0x0808
80005e46:	0808                	.insn	2, 0x0808

Disassembly of section .srodata:

80005e48 <uxTopUsedPriority>:
80005e48:	0004                	.insn	2, 0x0004
	...

80005e4c <ullMachineTimerCompareRegisterBase>:
80005e4c:	0028                	.insn	2, 0x0028
80005e4e:	4000                	.insn	2, 0x4000

80005e50 <uxTimerIncrementsForOneTick>:
80005e50:	c350                	.insn	2, 0xc350
	...

80005e54 <xISRStackTop>:
80005e54:	82f0                	.insn	2, 0x82f0
80005e56:	8000                	.insn	2, 0x8000

Disassembly of section .data:

80005e58 <next_job_id>:
80005e58:	0001                	.insn	2, 0x0001
	...

80005e5c <pxCriticalNesting>:
80005e5c:	5e60                	.insn	2, 0x5e60
80005e5e:	8000                	.insn	2, 0x8000

80005e60 <xCriticalNesting>:
80005e60:	aaaa                	.insn	2, 0xaaaa
80005e62:	aaaa                	.insn	2, 0xaaaa

80005e64 <pullNextTime>:
80005e64:	5ee0                	.insn	2, 0x5ee0
80005e66:	8000                	.insn	2, 0x8000

Disassembly of section .riscv.attributes:

00000000 <.riscv.attributes>:
   0:	3641                	.insn	2, 0x3641
   2:	0000                	.insn	2, 0x0000
   4:	7200                	.insn	2, 0x7200
   6:	7369                	.insn	2, 0x7369
   8:	01007663          	bgeu	zero,a6,14 <_start-0x7fffffec>
   c:	002c                	.insn	2, 0x002c
   e:	0000                	.insn	2, 0x0000
  10:	1004                	.insn	2, 0x1004
  12:	7205                	.insn	2, 0x7205
  14:	3376                	.insn	2, 0x3376
  16:	6932                	.insn	2, 0x6932
  18:	7032                	.insn	2, 0x7032
  1a:	5f31                	.insn	2, 0x5f31
  1c:	326d                	.insn	2, 0x326d
  1e:	3070                	.insn	2, 0x3070
  20:	7a5f 6369 7273      	.insn	6, 0x727363697a5f
  26:	7032                	.insn	2, 0x7032
  28:	5f30                	.insn	2, 0x5f30
  2a:	6d7a                	.insn	2, 0x6d7a
  2c:	756d                	.insn	2, 0x756d
  2e:	316c                	.insn	2, 0x316c
  30:	3070                	.insn	2, 0x3070
  32:	0800                	.insn	2, 0x0800
  34:	0a01                	.insn	2, 0x0a01
  36:	0b                	.byte	0x0b

Disassembly of section .comment:

00000000 <.comment>:
   0:	3a434347          	.insn	4, 0x3a434347
   4:	2820                	.insn	2, 0x2820
   6:	5078                	.insn	2, 0x5078
   8:	6361                	.insn	2, 0x6361
   a:	4e47206b          	.insn	4, 0x4e47206b
   e:	2055                	.insn	2, 0x2055
  10:	4952                	.insn	2, 0x4952
  12:	562d4353          	.insn	4, 0x562d4353
  16:	4520                	.insn	2, 0x4520
  18:	626d                	.insn	2, 0x626d
  1a:	6465                	.insn	2, 0x6465
  1c:	6564                	.insn	2, 0x6564
  1e:	2064                	.insn	2, 0x2064
  20:	20434347          	.insn	4, 0x20434347
  24:	3878                	.insn	2, 0x3878
  26:	5f36                	.insn	2, 0x5f36
  28:	3436                	.insn	2, 0x3436
  2a:	2029                	.insn	2, 0x2029
  2c:	3531                	.insn	2, 0x3531
  2e:	322e                	.insn	2, 0x322e
  30:	302e                	.insn	2, 0x302e
	...

Disassembly of section .debug_info:

00000000 <.debug_info>:
   0:	0164                	.insn	2, 0x0164
   2:	0000                	.insn	2, 0x0000
   4:	0005                	.insn	2, 0x0005
   6:	0401                	.insn	2, 0x0401
   8:	0000                	.insn	2, 0x0000
   a:	0000                	.insn	2, 0x0000
   c:	7204                	.insn	2, 0x7204
   e:	0000                	.insn	2, 0x0000
  10:	1d00                	.insn	2, 0x1d00
  12:	03164703          	lbu	a4,49(a2)
  16:	0a00                	.insn	2, 0x0a00
  18:	0000                	.insn	2, 0x0000
  1a:	af00                	.insn	2, 0xaf00
  1c:	0000                	.insn	2, 0x0000
  1e:	2200                	.insn	2, 0x2200
	...
  28:	0000                	.insn	2, 0x0000
  2a:	0100                	.insn	2, 0x0100
  2c:	0708                	.insn	2, 0x0708
  2e:	0000005b          	.insn	4, 0x005b
  32:	0401                	.insn	2, 0x0401
  34:	00006507          	.insn	4, 0x6507
  38:	0500                	.insn	2, 0x0500
  3a:	0504                	.insn	2, 0x0504
  3c:	6e69                	.insn	2, 0x6e69
  3e:	0074                	.insn	2, 0x0074
  40:	0801                	.insn	2, 0x0801
  42:	0005                	.insn	2, 0x0005
  44:	0000                	.insn	2, 0x0000
  46:	0100                	.insn	2, 0x0100
  48:	0410                	.insn	2, 0x0410
  4a:	0032                	.insn	2, 0x0032
  4c:	0000                	.insn	2, 0x0000
  4e:	0101                	.insn	2, 0x0101
  50:	1806                	.insn	2, 0x1806
  52:	0000                	.insn	2, 0x0000
  54:	0100                	.insn	2, 0x0100
  56:	0801                	.insn	2, 0x0801
  58:	0016                	.insn	2, 0x0016
  5a:	0000                	.insn	2, 0x0000
  5c:	0201                	.insn	2, 0x0201
  5e:	8705                	.insn	2, 0x8705
  60:	0001                	.insn	2, 0x0001
  62:	0100                	.insn	2, 0x0100
  64:	0702                	.insn	2, 0x0702
  66:	015e                	.insn	2, 0x015e
  68:	0000                	.insn	2, 0x0000
  6a:	0401                	.insn	2, 0x0401
  6c:	0505                	.insn	2, 0x0505
  6e:	0000                	.insn	2, 0x0000
  70:	0100                	.insn	2, 0x0100
  72:	0704                	.insn	2, 0x0704
  74:	0060                	.insn	2, 0x0060
  76:	0000                	.insn	2, 0x0000
  78:	0101                	.insn	2, 0x0101
  7a:	1f08                	.insn	2, 0x1f08
  7c:	0000                	.insn	2, 0x0000
  7e:	0100                	.insn	2, 0x0100
  80:	0201                	.insn	2, 0x0201
  82:	0024                	.insn	2, 0x0024
  84:	0000                	.insn	2, 0x0000
  86:	0e02                	.insn	2, 0x0e02
  88:	0000                	.insn	2, 0x0000
  8a:	7e00                	.insn	2, 0x7e00
  8c:	5516                	.insn	2, 0x5516
  8e:	0000                	.insn	2, 0x0000
  90:	0300                	.insn	2, 0x0300
  92:	0086                	.insn	2, 0x0086
  94:	0000                	.insn	2, 0x0000
  96:	8002                	.insn	2, 0x8002
  98:	0001                	.insn	2, 0x0001
  9a:	8300                	.insn	2, 0x8300
  9c:	0000390f          	.insn	4, 0x390f
  a0:	0200                	.insn	2, 0x0200
  a2:	017f 0000 1684 0032 	.insn	10, 0x003216840000017f
  aa:	0000 
  ac:	0201                	.insn	2, 0x0201
  ae:	5504                	.insn	2, 0x5504
  b0:	0001                	.insn	2, 0x0001
  b2:	0100                	.insn	2, 0x0100
  b4:	0304                	.insn	2, 0x0304
  b6:	014d                	.insn	2, 0x014d
  b8:	0000                	.insn	2, 0x0000
  ba:	0401                	.insn	2, 0x0401
  bc:	7904                	.insn	2, 0x7904
  be:	0001                	.insn	2, 0x0001
  c0:	0100                	.insn	2, 0x0100
  c2:	0308                	.insn	2, 0x0308
  c4:	0171                	.insn	2, 0x0171
  c6:	0000                	.insn	2, 0x0000
  c8:	0801                	.insn	2, 0x0801
  ca:	3704                	.insn	2, 0x3704
  cc:	0000                	.insn	2, 0x0000
  ce:	0100                	.insn	2, 0x0100
  d0:	0310                	.insn	2, 0x0310
  d2:	003e                	.insn	2, 0x003e
  d4:	0000                	.insn	2, 0x0000
  d6:	2001                	.insn	2, 0x2001
  d8:	00002a03          	lw	s4,0(zero) # 0 <_start-0x80000000>
  dc:	0600                	.insn	2, 0x0600
  de:	0091                	.insn	2, 0x0091
  e0:	0000                	.insn	2, 0x0000
  e2:	00ed                	.insn	2, 0x00ed
  e4:	0000                	.insn	2, 0x0000
  e6:	00003207          	.insn	4, 0x3207
  ea:	ff00                	.insn	2, 0xff00
  ec:	0300                	.insn	2, 0x0300
  ee:	00dd                	.insn	2, 0x00dd
  f0:	0000                	.insn	2, 0x0000
  f2:	4308                	.insn	2, 0x4308
  f4:	0001                	.insn	2, 0x0001
  f6:	0200                	.insn	2, 0x0200
  f8:	021a                	.insn	2, 0x021a
  fa:	ed16                	.insn	2, 0xed16
  fc:	0000                	.insn	2, 0x0000
  fe:	0900                	.insn	2, 0x0900
 100:	0052                	.insn	2, 0x0052
 102:	0000                	.insn	2, 0x0000
 104:	ae01                	.insn	2, 0xae01
 106:	0102                	.insn	2, 0x0102
 108:	0039                	.insn	2, 0x0039
 10a:	0000                	.insn	2, 0x0000
 10c:	5600                	.insn	2, 0x5600
 10e:	8000                	.insn	2, 0x8000
 110:	0088                	.insn	2, 0x0088
 112:	0000                	.insn	2, 0x0000
 114:	9c01                	.insn	2, 0x9c01
 116:	780a                	.insn	2, 0x780a
 118:	0100                	.insn	2, 0x0100
 11a:	02ae                	.insn	2, 0x02ae
 11c:	a112                	.insn	2, 0xa112
 11e:	0000                	.insn	2, 0x0000
 120:	1800                	.insn	2, 0x1800
 122:	0000                	.insn	2, 0x0000
 124:	0c00                	.insn	2, 0x0c00
 126:	0000                	.insn	2, 0x0000
 128:	0b00                	.insn	2, 0x0b00
 12a:	6572                	.insn	2, 0x6572
 12c:	0074                	.insn	2, 0x0074
 12e:	b001                	.insn	2, 0xb001
 130:	0902                	.insn	2, 0x0902
 132:	0096                	.insn	2, 0x0096
 134:	0000                	.insn	2, 0x0000
 136:	0c0c                	.insn	2, 0x0c0c
 138:	0000                	.insn	2, 0x0000
 13a:	0d00                	.insn	2, 0x0d00
 13c:	004d                	.insn	2, 0x004d
 13e:	0000                	.insn	2, 0x0000
 140:	b201                	.insn	2, 0xb201
 142:	0302                	.insn	2, 0x0302
 144:	00a1                	.insn	2, 0x00a1
 146:	0000                	.insn	2, 0x0000
 148:	0064                	.insn	2, 0x0064
 14a:	0000                	.insn	2, 0x0000
 14c:	0058                	.insn	2, 0x0058
 14e:	0000                	.insn	2, 0x0000
 150:	5f0e                	.insn	2, 0x5f0e
 152:	615f 0100 02b2      	.insn	6, 0x02b20100615f
 158:	0000a103          	lw	sp,0(ra)
 15c:	ae00                	.insn	2, 0xae00
 15e:	0000                	.insn	2, 0x0000
 160:	a400                	.insn	2, 0xa400
 162:	0000                	.insn	2, 0x0000
 164:	0000                	.insn	2, 0x0000
 166:	0000                	.insn	2, 0x0000
 168:	00ee                	.insn	2, 0x00ee
 16a:	0000                	.insn	2, 0x0000
 16c:	0005                	.insn	2, 0x0005
 16e:	0401                	.insn	2, 0x0401
 170:	00d9                	.insn	2, 0x00d9
 172:	0000                	.insn	2, 0x0000
 174:	00007203          	.insn	4, 0x7203
 178:	1d00                	.insn	2, 0x1d00
 17a:	03164703          	lbu	a4,49(a2)
 17e:	0a00                	.insn	2, 0x0a00
 180:	0000                	.insn	2, 0x0000
 182:	af00                	.insn	2, 0xaf00
 184:	0000                	.insn	2, 0x0000
 186:	5f00                	.insn	2, 0x5f00
 188:	0001                	.insn	2, 0x0001
 18a:	0400                	.insn	2, 0x0400
 18c:	0504                	.insn	2, 0x0504
 18e:	6e69                	.insn	2, 0x6e69
 190:	0074                	.insn	2, 0x0074
 192:	0401                	.insn	2, 0x0401
 194:	00006507          	.insn	4, 0x6507
 198:	0100                	.insn	2, 0x0100
 19a:	0508                	.insn	2, 0x0508
 19c:	0000                	.insn	2, 0x0000
 19e:	0000                	.insn	2, 0x0000
 1a0:	1001                	.insn	2, 0x1001
 1a2:	3204                	.insn	2, 0x3204
 1a4:	0000                	.insn	2, 0x0000
 1a6:	0100                	.insn	2, 0x0100
 1a8:	0601                	.insn	2, 0x0601
 1aa:	0018                	.insn	2, 0x0018
 1ac:	0000                	.insn	2, 0x0000
 1ae:	0101                	.insn	2, 0x0101
 1b0:	1608                	.insn	2, 0x1608
 1b2:	0000                	.insn	2, 0x0000
 1b4:	0100                	.insn	2, 0x0100
 1b6:	0502                	.insn	2, 0x0502
 1b8:	00000187          	.insn	4, 0x0187
 1bc:	0201                	.insn	2, 0x0201
 1be:	00015e07          	.insn	4, 0x00015e07
 1c2:	0100                	.insn	2, 0x0100
 1c4:	0504                	.insn	2, 0x0504
 1c6:	0005                	.insn	2, 0x0005
 1c8:	0000                	.insn	2, 0x0000
 1ca:	0401                	.insn	2, 0x0401
 1cc:	00006007          	.insn	4, 0x6007
 1d0:	0100                	.insn	2, 0x0100
 1d2:	0708                	.insn	2, 0x0708
 1d4:	0000005b          	.insn	4, 0x005b
 1d8:	0101                	.insn	2, 0x0101
 1da:	1f08                	.insn	2, 0x1f08
 1dc:	0000                	.insn	2, 0x0000
 1de:	0100                	.insn	2, 0x0100
 1e0:	0201                	.insn	2, 0x0201
 1e2:	0024                	.insn	2, 0x0024
 1e4:	0000                	.insn	2, 0x0000
 1e6:	0e05                	.insn	2, 0x0e05
 1e8:	0000                	.insn	2, 0x0000
 1ea:	0200                	.insn	2, 0x0200
 1ec:	167e                	.insn	2, 0x167e
 1ee:	0046                	.insn	2, 0x0046
 1f0:	0000                	.insn	2, 0x0000
 1f2:	7e02                	.insn	2, 0x7e02
 1f4:	0000                	.insn	2, 0x0000
 1f6:	0100                	.insn	2, 0x0100
 1f8:	0402                	.insn	2, 0x0402
 1fa:	0155                	.insn	2, 0x0155
 1fc:	0000                	.insn	2, 0x0000
 1fe:	0401                	.insn	2, 0x0401
 200:	00014d03          	lbu	s10,0(sp)
 204:	0100                	.insn	2, 0x0100
 206:	0404                	.insn	2, 0x0404
 208:	0179                	.insn	2, 0x0179
 20a:	0000                	.insn	2, 0x0000
 20c:	0801                	.insn	2, 0x0801
 20e:	00017103          	.insn	4, 0x00017103
 212:	0100                	.insn	2, 0x0100
 214:	0408                	.insn	2, 0x0408
 216:	00000037          	lui	zero,0x0
 21a:	1001                	.insn	2, 0x1001
 21c:	00003e03          	.insn	4, 0x3e03
 220:	0100                	.insn	2, 0x0100
 222:	0320                	.insn	2, 0x0320
 224:	002a                	.insn	2, 0x002a
 226:	0000                	.insn	2, 0x0000
 228:	8a06                	.insn	2, 0x8a06
 22a:	0000                	.insn	2, 0x0000
 22c:	d000                	.insn	2, 0xd000
 22e:	0000                	.insn	2, 0x0000
 230:	0700                	.insn	2, 0x0700
 232:	002a                	.insn	2, 0x002a
 234:	0000                	.insn	2, 0x0000
 236:	00ff c002 0000 0800 	.insn	10, 0x014308000000c00200ff
 23e:	0143 
 240:	0000                	.insn	2, 0x0000
 242:	1a02                	.insn	2, 0x1a02
 244:	1602                	.insn	2, 0x1602
 246:	00d0                	.insn	2, 0x00d0
 248:	0000                	.insn	2, 0x0000
 24a:	d509                	.insn	2, 0xd509
 24c:	0000                	.insn	2, 0x0000
 24e:	0100                	.insn	2, 0x0100
 250:	029e                	.insn	2, 0x029e
 252:	4803050f          	.insn	4, 0x4803050f
 256:	005d                	.insn	2, 0x005d
 258:	0080                	.insn	2, 0x0080

Disassembly of section .debug_abbrev:

00000000 <.debug_abbrev>:
   0:	2401                	.insn	2, 0x2401
   2:	0b00                	.insn	2, 0x0b00
   4:	030b3e0b          	.insn	4, 0x030b3e0b
   8:	000e                	.insn	2, 0x000e
   a:	0200                	.insn	2, 0x0200
   c:	0016                	.insn	2, 0x0016
   e:	213a0e03          	lb	t3,531(s4)
  12:	3b02                	.insn	2, 0x3b02
  14:	490b390b          	.insn	4, 0x490b390b
  18:	03000013          	li	zero,48
  1c:	0026                	.insn	2, 0x0026
  1e:	1349                	.insn	2, 0x1349
  20:	0000                	.insn	2, 0x0000
  22:	1104                	.insn	2, 0x1104
  24:	2501                	.insn	2, 0x2501
  26:	130e                	.insn	2, 0x130e
  28:	0b01900b          	.insn	4, 0x0b01900b
  2c:	0191                	.insn	2, 0x0191
  2e:	0306                	.insn	2, 0x0306
  30:	1b1f 551f 1117      	.insn	6, 0x1117551f1b1f
  36:	1001                	.insn	2, 0x1001
  38:	05000017          	auipc	zero,0x5000
  3c:	0024                	.insn	2, 0x0024
  3e:	0b3e0b0b          	.insn	4, 0x0b3e0b0b
  42:	00000803          	lb	a6,0(zero) # 0 <_start-0x80000000>
  46:	0106                	.insn	2, 0x0106
  48:	4901                	.insn	2, 0x4901
  4a:	00130113          	addi	sp,t1,1
  4e:	0700                	.insn	2, 0x0700
  50:	0021                	.insn	2, 0x0021
  52:	1349                	.insn	2, 0x1349
  54:	00000b2f          	.insn	4, 0x0b2f
  58:	3408                	.insn	2, 0x3408
  5a:	0300                	.insn	2, 0x0300
  5c:	3a0e                	.insn	2, 0x3a0e
  5e:	39053b0b          	.insn	4, 0x39053b0b
  62:	3f13490b          	.insn	4, 0x3f13490b
  66:	3c19                	.insn	2, 0x3c19
  68:	0019                	.insn	2, 0x0019
  6a:	0900                	.insn	2, 0x0900
  6c:	012e                	.insn	2, 0x012e
  6e:	0e03193f 053b0b3a 	.insn	8, 0x053b0b3a0e03193f
  76:	0b39                	.insn	2, 0x0b39
  78:	13491927          	.insn	4, 0x13491927
  7c:	0111                	.insn	2, 0x0111
  7e:	0612                	.insn	2, 0x0612
  80:	1840                	.insn	2, 0x1840
  82:	197a                	.insn	2, 0x197a
  84:	0000                	.insn	2, 0x0000
  86:	050a                	.insn	2, 0x050a
  88:	0300                	.insn	2, 0x0300
  8a:	3a08                	.insn	2, 0x3a08
  8c:	39053b0b          	.insn	4, 0x39053b0b
  90:	0213490b          	.insn	4, 0x0213490b
  94:	1742b717          	auipc	a4,0x1742b
  98:	0000                	.insn	2, 0x0000
  9a:	0300340b          	.insn	4, 0x0300340b
  9e:	3a08                	.insn	2, 0x3a08
  a0:	39053b0b          	.insn	4, 0x39053b0b
  a4:	0013490b          	.insn	4, 0x0013490b
  a8:	0c00                	.insn	2, 0x0c00
  aa:	1755010b          	.insn	4, 0x1755010b
  ae:	0000                	.insn	2, 0x0000
  b0:	340d                	.insn	2, 0x340d
  b2:	0300                	.insn	2, 0x0300
  b4:	3a0e                	.insn	2, 0x3a0e
  b6:	39053b0b          	.insn	4, 0x39053b0b
  ba:	0213490b          	.insn	4, 0x0213490b
  be:	1742b717          	auipc	a4,0x1742b
  c2:	0000                	.insn	2, 0x0000
  c4:	340e                	.insn	2, 0x340e
  c6:	0300                	.insn	2, 0x0300
  c8:	3a08                	.insn	2, 0x3a08
  ca:	39053b0b          	.insn	4, 0x39053b0b
  ce:	0213490b          	.insn	4, 0x0213490b
  d2:	1742b717          	auipc	a4,0x1742b
  d6:	0000                	.insn	2, 0x0000
  d8:	0100                	.insn	2, 0x0100
  da:	0024                	.insn	2, 0x0024
  dc:	0b3e0b0b          	.insn	4, 0x0b3e0b0b
  e0:	00000e03          	lb	t3,0(zero) # 0 <_start-0x80000000>
  e4:	2602                	.insn	2, 0x2602
  e6:	4900                	.insn	2, 0x4900
  e8:	03000013          	li	zero,48
  ec:	0111                	.insn	2, 0x0111
  ee:	0e25                	.insn	2, 0x0e25
  f0:	01900b13          	li	s6,25
  f4:	0601910b          	.insn	4, 0x0601910b
  f8:	1f1b1f03          	lh	t5,497(s6)
  fc:	1710                	.insn	2, 0x1710
  fe:	0000                	.insn	2, 0x0000
 100:	2404                	.insn	2, 0x2404
 102:	0b00                	.insn	2, 0x0b00
 104:	030b3e0b          	.insn	4, 0x030b3e0b
 108:	0008                	.insn	2, 0x0008
 10a:	0500                	.insn	2, 0x0500
 10c:	0016                	.insn	2, 0x0016
 10e:	0b3a0e03          	lb	t3,179(s4)
 112:	0b390b3b          	.insn	4, 0x0b390b3b
 116:	1349                	.insn	2, 0x1349
 118:	0000                	.insn	2, 0x0000
 11a:	0106                	.insn	2, 0x0106
 11c:	4901                	.insn	2, 0x4901
 11e:	00130113          	addi	sp,t1,1
 122:	0700                	.insn	2, 0x0700
 124:	0021                	.insn	2, 0x0021
 126:	1349                	.insn	2, 0x1349
 128:	00000b2f          	.insn	4, 0x0b2f
 12c:	3408                	.insn	2, 0x3408
 12e:	0300                	.insn	2, 0x0300
 130:	3a0e                	.insn	2, 0x3a0e
 132:	39053b0b          	.insn	4, 0x39053b0b
 136:	3f13490b          	.insn	4, 0x3f13490b
 13a:	3c19                	.insn	2, 0x3c19
 13c:	0019                	.insn	2, 0x0019
 13e:	0900                	.insn	2, 0x0900
 140:	0034                	.insn	2, 0x0034
 142:	0b3a1347          	.insn	4, 0x0b3a1347
 146:	0b39053b          	.insn	4, 0x0b39053b
 14a:	1802                	.insn	2, 0x1802
 14c:	0000                	.insn	2, 0x0000
	...

Disassembly of section .debug_loclists:

00000000 <.debug_loclists>:
   0:	00df 0000 0005      	.insn	6, 0x0005000000df
   6:	0004                	.insn	2, 0x0004
   8:	0000                	.insn	2, 0x0000
   a:	0000                	.insn	2, 0x0000
   c:	0d00                	.insn	2, 0x0d00
   e:	100d                	.insn	2, 0x100d
  10:	1710                	.insn	2, 0x1710
  12:	1b191917          	auipc	s2,0x1b191
  16:	0006001b          	.insn	4, 0x0006001b
  1a:	0056                	.insn	2, 0x0056
  1c:	0480                	.insn	2, 0x0480
  1e:	2000                	.insn	2, 0x2000
  20:	5a01                	.insn	2, 0x5a01
  22:	2004                	.insn	2, 0x2004
  24:	0a38                	.insn	2, 0x0a38
  26:	0aa503a3          	sb	a0,167(a0)
  2a:	a832a82b          	.insn	4, 0xa832a82b
  2e:	9f00                	.insn	2, 0x9f00
  30:	3804                	.insn	2, 0x3804
  32:	014c                	.insn	2, 0x014c
  34:	045a                	.insn	2, 0x045a
  36:	644c                	.insn	2, 0x644c
  38:	a30a                	.insn	2, 0xa30a
  3a:	2b0aa503          	lw	a0,688(s5)
  3e:	32a8                	.insn	2, 0x32a8
  40:	00a8                	.insn	2, 0x00a8
  42:	049f 6c64 5a01      	.insn	6, 0x5a016c64049f
  48:	6c04                	.insn	2, 0x6c04
  4a:	0188                	.insn	2, 0x0188
  4c:	a30a                	.insn	2, 0xa30a
  4e:	2b0aa503          	lw	a0,688(s5)
  52:	32a8                	.insn	2, 0x32a8
  54:	00a8                	.insn	2, 0x00a8
  56:	009f 0d04 100d      	.insn	6, 0x100d0d04009f
  5c:	1710                	.insn	2, 0x1710
  5e:	1b191917          	auipc	s2,0x1b191
  62:	0006001b          	.insn	4, 0x0006001b
  66:	0056                	.insn	2, 0x0056
  68:	0480                	.insn	2, 0x0480
  6a:	2000                	.insn	2, 0x2000
  6c:	5a01                	.insn	2, 0x5a01
  6e:	2004                	.insn	2, 0x2004
  70:	0a38                	.insn	2, 0x0a38
  72:	0aa503a3          	sb	a0,167(a0)
  76:	a832a82b          	.insn	4, 0xa832a82b
  7a:	9f00                	.insn	2, 0x9f00
  7c:	3804                	.insn	2, 0x3804
  7e:	014c                	.insn	2, 0x014c
  80:	045a                	.insn	2, 0x045a
  82:	644c                	.insn	2, 0x644c
  84:	a30a                	.insn	2, 0xa30a
  86:	2b0aa503          	lw	a0,688(s5)
  8a:	32a8                	.insn	2, 0x32a8
  8c:	00a8                	.insn	2, 0x00a8
  8e:	049f 6c64 5a01      	.insn	6, 0x5a016c64049f
  94:	6c04                	.insn	2, 0x6c04
  96:	0188                	.insn	2, 0x0188
  98:	a30a                	.insn	2, 0xa30a
  9a:	2b0aa503          	lw	a0,688(s5)
  9e:	32a8                	.insn	2, 0x32a8
  a0:	00a8                	.insn	2, 0x00a8
  a2:	009f 0e08 100e      	.insn	6, 0x100e0e08009f
  a8:	1912                	.insn	2, 0x1912
  aa:	1c1a                	.insn	2, 0x1c1a
  ac:	001c                	.insn	2, 0x001c
  ae:	1406                	.insn	2, 0x1406
  b0:	0056                	.insn	2, 0x0056
  b2:	0480                	.insn	2, 0x0480
  b4:	1400                	.insn	2, 0x1400
  b6:	5f01                	.insn	2, 0x5f01
  b8:	1404                	.insn	2, 0x1404
  ba:	1624                	.insn	2, 0x1624
  bc:	0aa503a3          	sb	a0,167(a0)
  c0:	a832a82b          	.insn	4, 0xa832a82b
  c4:	4000                	.insn	2, 0x4000
  c6:	0c22244b          	.insn	4, 0x0c22244b
  ca:	00ff 8000 332b 9f24 	.insn	10, 0x34049f24332b800000ff
  d2:	3404 
  d4:	0150                	.insn	2, 0x0150
  d6:	045e                	.insn	2, 0x045e
  d8:	6054                	.insn	2, 0x6054
  da:	5f01                	.insn	2, 0x5f01
  dc:	6004                	.insn	2, 0x6004
  de:	0274                	.insn	2, 0x0274
  e0:	9f48                	.insn	2, 0x9f48
	...

Disassembly of section .debug_aranges:

00000000 <.debug_aranges>:
   0:	001c                	.insn	2, 0x001c
   2:	0000                	.insn	2, 0x0000
   4:	0002                	.insn	2, 0x0002
   6:	0000                	.insn	2, 0x0000
   8:	0000                	.insn	2, 0x0000
   a:	0004                	.insn	2, 0x0004
   c:	0000                	.insn	2, 0x0000
   e:	0000                	.insn	2, 0x0000
  10:	5600                	.insn	2, 0x5600
  12:	8000                	.insn	2, 0x8000
  14:	0088                	.insn	2, 0x0088
	...
  1e:	0000                	.insn	2, 0x0000
  20:	0014                	.insn	2, 0x0014
  22:	0000                	.insn	2, 0x0000
  24:	0002                	.insn	2, 0x0002
  26:	0168                	.insn	2, 0x0168
  28:	0000                	.insn	2, 0x0000
  2a:	0004                	.insn	2, 0x0004
	...

Disassembly of section .debug_rnglists:

00000000 <.debug_rnglists>:
   0:	0026                	.insn	2, 0x0026
   2:	0000                	.insn	2, 0x0000
   4:	0005                	.insn	2, 0x0005
   6:	0004                	.insn	2, 0x0004
   8:	0000                	.insn	2, 0x0000
   a:	0000                	.insn	2, 0x0000
   c:	0005                	.insn	2, 0x0005
   e:	0056                	.insn	2, 0x0056
  10:	0480                	.insn	2, 0x0480
  12:	1c00                	.insn	2, 0x1c00
  14:	1c04                	.insn	2, 0x1c04
  16:	0430                	.insn	2, 0x0430
  18:	4838                	.insn	2, 0x4838
  1a:	4804                	.insn	2, 0x4804
  1c:	045c                	.insn	2, 0x045c
  1e:	8064                	.insn	2, 0x8064
  20:	0001                	.insn	2, 0x0001
  22:	00560007          	.insn	4, 0x00560007
  26:	8880                	.insn	2, 0x8880
  28:	0001                	.insn	2, 0x0001

Disassembly of section .debug_line:

00000000 <.debug_line>:
   0:	0000015b          	.insn	4, 0x015b
   4:	0005                	.insn	2, 0x0005
   6:	0004                	.insn	2, 0x0004
   8:	00000033          	add	zero,zero,zero
   c:	0101                	.insn	2, 0x0101
   e:	f601                	.insn	2, 0xf601
  10:	0df2                	.insn	2, 0x0df2
  12:	0100                	.insn	2, 0x0100
  14:	0101                	.insn	2, 0x0101
  16:	0001                	.insn	2, 0x0001
  18:	0000                	.insn	2, 0x0000
  1a:	0001                	.insn	2, 0x0001
  1c:	0100                	.insn	2, 0x0100
  1e:	0101                	.insn	2, 0x0101
  20:	021f 00af 0000      	.insn	6, 0x00af021f
  26:	018d                	.insn	2, 0x018d
  28:	0000                	.insn	2, 0x0000
  2a:	0102                	.insn	2, 0x0102
  2c:	021f 030b 000a      	.insn	6, 0x000a030b021f
  32:	0000                	.insn	2, 0x0000
  34:	a500                	.insn	2, 0xa500
  36:	0000                	.insn	2, 0x0000
  38:	0100                	.insn	2, 0x0100
  3a:	0000                	.insn	2, 0x0000
  3c:	0000                	.insn	2, 0x0000
  3e:	0001                	.insn	2, 0x0001
  40:	0205                	.insn	2, 0x0205
  42:	5600                	.insn	2, 0x5600
  44:	8000                	.insn	2, 0x8000
  46:	0105ae03          	lw	t3,16(a1)
  4a:	0105                	.insn	2, 0x0105
  4c:	0009                	.insn	2, 0x0009
  4e:	1800                	.insn	2, 0x1800
  50:	0305                	.insn	2, 0x0305
  52:	0009                	.insn	2, 0x0009
  54:	1900                	.insn	2, 0x1900
  56:	0305                	.insn	2, 0x0305
  58:	0009                	.insn	2, 0x0009
  5a:	0100                	.insn	2, 0x0100
  5c:	0305                	.insn	2, 0x0305
  5e:	0009                	.insn	2, 0x0009
  60:	0100                	.insn	2, 0x0100
  62:	0305                	.insn	2, 0x0305
  64:	0009                	.insn	2, 0x0009
  66:	0100                	.insn	2, 0x0100
  68:	0305                	.insn	2, 0x0305
  6a:	0009                	.insn	2, 0x0009
  6c:	0000                	.insn	2, 0x0000
  6e:	0402                	.insn	2, 0x0402
  70:	0101                	.insn	2, 0x0101
  72:	0305                	.insn	2, 0x0305
  74:	0809                	.insn	2, 0x0809
  76:	0000                	.insn	2, 0x0000
  78:	0402                	.insn	2, 0x0402
  7a:	05010603          	lb	a2,80(sp)
  7e:	000c0903          	lb	s2,0(s8)
  82:	0200                	.insn	2, 0x0200
  84:	0e04                	.insn	2, 0x0e04
  86:	0106                	.insn	2, 0x0106
  88:	0305                	.insn	2, 0x0305
  8a:	0809                	.insn	2, 0x0809
  8c:	0600                	.insn	2, 0x0600
  8e:	0501                	.insn	2, 0x0501
  90:	00000903          	lb	s2,0(zero) # 0 <_start-0x80000000>
  94:	0200                	.insn	2, 0x0200
  96:	0004                	.insn	2, 0x0004
  98:	0106                	.insn	2, 0x0106
  9a:	0305                	.insn	2, 0x0305
  9c:	0009                	.insn	2, 0x0009
  9e:	1900                	.insn	2, 0x1900
  a0:	0305                	.insn	2, 0x0305
  a2:	0009                	.insn	2, 0x0009
  a4:	0000                	.insn	2, 0x0000
  a6:	0402                	.insn	2, 0x0402
  a8:	060e                	.insn	2, 0x060e
  aa:	0515                	.insn	2, 0x0515
  ac:	00040903          	lb	s2,0(s0)
  b0:	0501                	.insn	2, 0x0501
  b2:	00080903          	lb	s2,0(a6)
  b6:	0501                	.insn	2, 0x0501
  b8:	00080903          	lb	s2,0(a6)
  bc:	0200                	.insn	2, 0x0200
  be:	0004                	.insn	2, 0x0004
  c0:	051a                	.insn	2, 0x051a
  c2:	0901                	.insn	2, 0x0901
  c4:	0008                	.insn	2, 0x0008
  c6:	0200                	.insn	2, 0x0200
  c8:	0404                	.insn	2, 0x0404
  ca:	0514                	.insn	2, 0x0514
  cc:	000c0903          	lb	s2,0(s8)
  d0:	0200                	.insn	2, 0x0200
  d2:	0704                	.insn	2, 0x0704
  d4:	0501                	.insn	2, 0x0501
  d6:	00040903          	lb	s2,0(s0)
  da:	0200                	.insn	2, 0x0200
  dc:	0e04                	.insn	2, 0x0e04
  de:	0106                	.insn	2, 0x0106
  e0:	0305                	.insn	2, 0x0305
  e2:	0009                	.insn	2, 0x0009
  e4:	0600                	.insn	2, 0x0600
  e6:	0501                	.insn	2, 0x0501
  e8:	00000903          	lb	s2,0(zero) # 0 <_start-0x80000000>
  ec:	0200                	.insn	2, 0x0200
  ee:	0004                	.insn	2, 0x0004
  f0:	0106                	.insn	2, 0x0106
  f2:	0305                	.insn	2, 0x0305
  f4:	0009                	.insn	2, 0x0009
  f6:	1900                	.insn	2, 0x1900
  f8:	0305                	.insn	2, 0x0305
  fa:	0009                	.insn	2, 0x0009
  fc:	0000                	.insn	2, 0x0000
  fe:	0402                	.insn	2, 0x0402
 100:	060e                	.insn	2, 0x060e
 102:	0515                	.insn	2, 0x0515
 104:	00040903          	lb	s2,0(s0)
 108:	0501                	.insn	2, 0x0501
 10a:	00100903          	lb	s2,1(zero) # 1 <_start-0x7fffffff>
 10e:	0200                	.insn	2, 0x0200
 110:	0004                	.insn	2, 0x0004
 112:	051a                	.insn	2, 0x051a
 114:	0901                	.insn	2, 0x0901
 116:	0008                	.insn	2, 0x0008
 118:	0200                	.insn	2, 0x0200
 11a:	0804                	.insn	2, 0x0804
 11c:	0514                	.insn	2, 0x0514
 11e:	00040903          	lb	s2,0(s0)
 122:	0200                	.insn	2, 0x0200
 124:	0e04                	.insn	2, 0x0e04
 126:	0106                	.insn	2, 0x0106
 128:	0305                	.insn	2, 0x0305
 12a:	0409                	.insn	2, 0x0409
 12c:	0600                	.insn	2, 0x0600
 12e:	0501                	.insn	2, 0x0501
 130:	00080903          	lb	s2,0(a6)
 134:	0501                	.insn	2, 0x0501
 136:	000c0903          	lb	s2,0(s8)
 13a:	0501                	.insn	2, 0x0501
 13c:	00000903          	lb	s2,0(zero) # 0 <_start-0x80000000>
 140:	0200                	.insn	2, 0x0200
 142:	0004                	.insn	2, 0x0004
 144:	0106                	.insn	2, 0x0106
 146:	0305                	.insn	2, 0x0305
 148:	0009                	.insn	2, 0x0009
 14a:	1900                	.insn	2, 0x1900
 14c:	0305                	.insn	2, 0x0305
 14e:	0009                	.insn	2, 0x0009
 150:	0600                	.insn	2, 0x0600
 152:	0518                	.insn	2, 0x0518
 154:	0001                	.insn	2, 0x0001
 156:	0205                	.insn	2, 0x0205
 158:	5688                	.insn	2, 0x5688
 15a:	8000                	.insn	2, 0x8000
 15c:	0100                	.insn	2, 0x0100
 15e:	4501                	.insn	2, 0x4501
 160:	0000                	.insn	2, 0x0000
 162:	0500                	.insn	2, 0x0500
 164:	0400                	.insn	2, 0x0400
 166:	3300                	.insn	2, 0x3300
 168:	0000                	.insn	2, 0x0000
 16a:	0100                	.insn	2, 0x0100
 16c:	0101                	.insn	2, 0x0101
 16e:	f2f6                	.insn	2, 0xf2f6
 170:	000d                	.insn	2, 0x000d
 172:	0101                	.insn	2, 0x0101
 174:	0101                	.insn	2, 0x0101
 176:	0000                	.insn	2, 0x0000
 178:	0100                	.insn	2, 0x0100
 17a:	0000                	.insn	2, 0x0000
 17c:	0101                	.insn	2, 0x0101
 17e:	1f01                	.insn	2, 0x1f01
 180:	af02                	.insn	2, 0xaf02
 182:	0000                	.insn	2, 0x0000
 184:	8d00                	.insn	2, 0x8d00
 186:	0001                	.insn	2, 0x0001
 188:	0200                	.insn	2, 0x0200
 18a:	1f01                	.insn	2, 0x1f01
 18c:	0b02                	.insn	2, 0x0b02
 18e:	00000a03          	lb	s4,0(zero) # 0 <_start-0x80000000>
 192:	0000                	.insn	2, 0x0000
 194:	00a5                	.insn	2, 0x00a5
 196:	0000                	.insn	2, 0x0000
 198:	0001                	.insn	2, 0x0001
 19a:	0000                	.insn	2, 0x0000
 19c:	0100                	.insn	2, 0x0100
 19e:	0500                	.insn	2, 0x0500
 1a0:	8802                	.insn	2, 0x8802
 1a2:	0056                	.insn	2, 0x0056
 1a4:	0080                	.insn	2, 0x0080
 1a6:	0101                	.insn	2, 0x0101

Disassembly of section .debug_str:

00000000 <.debug_str>:
   0:	6f6c                	.insn	2, 0x6f6c
   2:	676e                	.insn	2, 0x676e
   4:	6c20                	.insn	2, 0x6c20
   6:	20676e6f          	jal	t3,7620c <_start-0x7ff89df4>
   a:	6e69                	.insn	2, 0x6e69
   c:	0074                	.insn	2, 0x0074
   e:	5155                	.insn	2, 0x5155
  10:	7449                	.insn	2, 0x7449
  12:	7079                	.insn	2, 0x7079
  14:	0065                	.insn	2, 0x0065
  16:	6e75                	.insn	2, 0x6e75
  18:	6e676973          	.insn	4, 0x6e676973
  1c:	6465                	.insn	2, 0x6465
  1e:	6320                	.insn	2, 0x6320
  20:	6168                	.insn	2, 0x6168
  22:	0072                	.insn	2, 0x0072
  24:	425f 6f6f 006c      	.insn	6, 0x006c6f6f425f
  2a:	706d6f63          	bltu	s10,t1,748 <_start-0x7ffff8b8>
  2e:	656c                	.insn	2, 0x656c
  30:	2078                	.insn	2, 0x2078
  32:	6f6c                	.insn	2, 0x6f6c
  34:	676e                	.insn	2, 0x676e
  36:	6420                	.insn	2, 0x6420
  38:	6c62756f          	jal	a0,276fe <_start-0x7ffd8902>
  3c:	0065                	.insn	2, 0x0065
  3e:	706d6f63          	bltu	s10,t1,75c <_start-0x7ffff8a4>
  42:	656c                	.insn	2, 0x656c
  44:	2078                	.insn	2, 0x2078
  46:	6f64                	.insn	2, 0x6f64
  48:	6275                	.insn	2, 0x6275
  4a:	656c                	.insn	2, 0x656c
  4c:	5f00                	.insn	2, 0x5f00
  4e:	785f 0072 5f5f      	.insn	6, 0x5f5f0072785f
  54:	737a6c63          	bltu	s4,s7,78c <_start-0x7ffff874>
  58:	3269                	.insn	2, 0x3269
  5a:	6c00                	.insn	2, 0x6c00
  5c:	20676e6f          	jal	t3,76262 <_start-0x7ff89d9e>
  60:	6f6c                	.insn	2, 0x6f6c
  62:	676e                	.insn	2, 0x676e
  64:	7520                	.insn	2, 0x7520
  66:	736e                	.insn	2, 0x736e
  68:	6769                	.insn	2, 0x6769
  6a:	656e                	.insn	2, 0x656e
  6c:	2064                	.insn	2, 0x2064
  6e:	6e69                	.insn	2, 0x6e69
  70:	0074                	.insn	2, 0x0074
  72:	20554e47          	.insn	4, 0x20554e47
  76:	20333243          	.insn	4, 0x20333243
  7a:	3531                	.insn	2, 0x3531
  7c:	322e                	.insn	2, 0x322e
  7e:	302e                	.insn	2, 0x302e
  80:	2d20                	.insn	2, 0x2d20
  82:	636d                	.insn	2, 0x636d
  84:	6f6d                	.insn	2, 0x6f6d
  86:	6564                	.insn	2, 0x6564
  88:	3d6c                	.insn	2, 0x3d6c
  8a:	656d                	.insn	2, 0x656d
  8c:	6164                	.insn	2, 0x6164
  8e:	796e                	.insn	2, 0x796e
  90:	2d20                	.insn	2, 0x2d20
  92:	616d                	.insn	2, 0x616d
  94:	6962                	.insn	2, 0x6962
  96:	693d                	.insn	2, 0x693d
  98:	706c                	.insn	2, 0x706c
  9a:	2d203233          	.insn	4, 0x2d203233
  9e:	636d                	.insn	2, 0x636d
  a0:	6f6d                	.insn	2, 0x6f6d
  a2:	6564                	.insn	2, 0x6564
  a4:	3d6c                	.insn	2, 0x3d6c
  a6:	656d                	.insn	2, 0x656d
  a8:	6164                	.insn	2, 0x6164
  aa:	796e                	.insn	2, 0x796e
  ac:	2d20                	.insn	2, 0x2d20
  ae:	696d                	.insn	2, 0x696d
  b0:	732d6173          	.insn	4, 0x732d6173
  b4:	6570                	.insn	2, 0x6570
  b6:	30323d63          	.insn	4, 0x30323d63
  ba:	3931                	.insn	2, 0x3931
  bc:	3231                	.insn	2, 0x3231
  be:	3331                	.insn	2, 0x3331
  c0:	2d20                	.insn	2, 0x2d20
  c2:	616d                	.insn	2, 0x616d
  c4:	6372                	.insn	2, 0x6372
  c6:	3d68                	.insn	2, 0x3d68
  c8:	7672                	.insn	2, 0x7672
  ca:	6d693233          	.insn	4, 0x6d693233
  ce:	7a5f 6d6d 6c75      	.insn	6, 0x6c756d6d7a5f
  d4:	2d20                	.insn	2, 0x2d20
  d6:	4f2d2067          	.insn	4, 0x4f2d2067
  da:	2032                	.insn	2, 0x2032
  dc:	4f2d                	.insn	2, 0x4f2d
  de:	2032                	.insn	2, 0x2032
  e0:	4f2d                	.insn	2, 0x4f2d
  e2:	2032                	.insn	2, 0x2032
  e4:	662d                	.insn	2, 0x662d
  e6:	7566                	.insn	2, 0x7566
  e8:	636e                	.insn	2, 0x636e
  ea:	6974                	.insn	2, 0x6974
  ec:	732d6e6f          	jal	t3,d681e <_start-0x7ff297e2>
  f0:	6365                	.insn	2, 0x6365
  f2:	6974                	.insn	2, 0x6974
  f4:	20736e6f          	jal	t3,36afa <_start-0x7ffc9506>
  f8:	662d                	.insn	2, 0x662d
  fa:	6164                	.insn	2, 0x6164
  fc:	6174                	.insn	2, 0x6174
  fe:	732d                	.insn	2, 0x732d
 100:	6365                	.insn	2, 0x6365
 102:	6974                	.insn	2, 0x6974
 104:	20736e6f          	jal	t3,36b0a <_start-0x7ffc94f6>
 108:	662d                	.insn	2, 0x662d
 10a:	7562                	.insn	2, 0x7562
 10c:	6c69                	.insn	2, 0x6c69
 10e:	6964                	.insn	2, 0x6964
 110:	676e                	.insn	2, 0x676e
 112:	6c2d                	.insn	2, 0x6c2d
 114:	6269                	.insn	2, 0x6269
 116:	20636367          	.insn	4, 0x20636367
 11a:	662d                	.insn	2, 0x662d
 11c:	6f6e                	.insn	2, 0x6f6e
 11e:	732d                	.insn	2, 0x732d
 120:	6174                	.insn	2, 0x6174
 122:	702d6b63          	bltu	s10,sp,838 <_start-0x7ffff7c8>
 126:	6f72                	.insn	2, 0x6f72
 128:	6574                	.insn	2, 0x6574
 12a:	726f7463          	bgeu	t5,t1,852 <_start-0x7ffff7ae>
 12e:	2d20                	.insn	2, 0x2d20
 130:	7666                	.insn	2, 0x7666
 132:	7369                	.insn	2, 0x7369
 134:	6269                	.insn	2, 0x6269
 136:	6c69                	.insn	2, 0x6c69
 138:	7469                	.insn	2, 0x7469
 13a:	3d79                	.insn	2, 0x3d79
 13c:	6968                	.insn	2, 0x6968
 13e:	6464                	.insn	2, 0x6464
 140:	6e65                	.insn	2, 0x6e65
 142:	5f00                	.insn	2, 0x5f00
 144:	635f 7a6c 745f      	.insn	6, 0x745f7a6c635f
 14a:	6261                	.insn	2, 0x6261
 14c:	6300                	.insn	2, 0x6300
 14e:	6c706d6f          	jal	s10,7014 <_start-0x7fff8fec>
 152:	7865                	.insn	2, 0x7865
 154:	5f20                	.insn	2, 0x5f20
 156:	6c46                	.insn	2, 0x6c46
 158:	3174616f          	jal	sp,46c6e <_start-0x7ffb9392>
 15c:	0036                	.insn	2, 0x0036
 15e:	726f6873          	.insn	4, 0x726f6873
 162:	2074                	.insn	2, 0x2074
 164:	6e75                	.insn	2, 0x6e75
 166:	6e676973          	.insn	4, 0x6e676973
 16a:	6465                	.insn	2, 0x6465
 16c:	6920                	.insn	2, 0x6920
 16e:	746e                	.insn	2, 0x746e
 170:	6300                	.insn	2, 0x6300
 172:	6c706d6f          	jal	s10,7038 <_start-0x7fff8fc8>
 176:	7865                	.insn	2, 0x7865
 178:	6620                	.insn	2, 0x6620
 17a:	6f6c                	.insn	2, 0x6f6c
 17c:	7461                	.insn	2, 0x7461
 17e:	5500                	.insn	2, 0x5500
 180:	79744953          	.insn	4, 0x79744953
 184:	6570                	.insn	2, 0x6570
 186:	7300                	.insn	2, 0x7300
 188:	6f68                	.insn	2, 0x6f68
 18a:	7472                	.insn	2, 0x7472
 18c:	6920                	.insn	2, 0x6920
 18e:	746e                	.insn	2, 0x746e
	...

Disassembly of section .debug_line_str:

00000000 <.debug_line_str>:
   0:	696c                	.insn	2, 0x696c
   2:	6762                	.insn	2, 0x6762
   4:	2e326363          	bltu	tp,gp,2ea <_start-0x7ffffd16>
   8:	0068                	.insn	2, 0x0068
   a:	6d6f682f          	.insn	4, 0x6d6f682f
   e:	2f65                	.insn	2, 0x2f65
  10:	6c69                	.insn	2, 0x6c69
  12:	63612f67          	.insn	4, 0x63612f67
  16:	6974                	.insn	2, 0x6974
  18:	2d736e6f          	jal	t3,36aee <_start-0x7ffc9512>
  1c:	7572                	.insn	2, 0x7572
  1e:	6e6e                	.insn	2, 0x6e6e
  20:	7265                	.insn	2, 0x7265
  22:	70782f73          	.insn	4, 0x70782f73
  26:	6361                	.insn	2, 0x6361
  28:	65642d6b          	.insn	4, 0x65642d6b
  2c:	2d76                	.insn	2, 0x2d76
  2e:	6f74                	.insn	2, 0x6f74
  30:	2f736c6f          	jal	s8,36b26 <_start-0x7ffc94da>
  34:	2f32                	.insn	2, 0x2f32
  36:	775f 726f 2f6b      	.insn	6, 0x2f6b726f775f
  3c:	6972                	.insn	2, 0x6972
  3e:	2d766373          	.insn	4, 0x2d766373
  42:	6f6e                	.insn	2, 0x6f6e
  44:	656e                	.insn	2, 0x656e
  46:	652d                	.insn	2, 0x652d
  48:	666c                	.insn	2, 0x666c
  4a:	672d                	.insn	2, 0x672d
  4c:	782d6363          	bltu	s10,sp,7d2 <_start-0x7ffff82e>
  50:	6170                	.insn	2, 0x6170
  52:	722f6b63          	bltu	t5,sp,788 <_start-0x7ffff878>
  56:	7369                	.insn	2, 0x7369
  58:	6e2d7663          	bgeu	s10,sp,744 <_start-0x7ffff8bc>
  5c:	2d656e6f          	jal	t3,56332 <_start-0x7ffa9cce>
  60:	6c65                	.insn	2, 0x6c65
  62:	2d66                	.insn	2, 0x2d66
  64:	2d636367          	.insn	4, 0x2d636367
  68:	7078                	.insn	2, 0x7078
  6a:	6361                	.insn	2, 0x6361
  6c:	75622f6b          	.insn	4, 0x75622f6b
  70:	6c69                	.insn	2, 0x6c69
  72:	2d64                	.insn	2, 0x2d64
  74:	7361                	.insn	2, 0x7361
  76:	73746573          	.insn	4, 0x73746573
  7a:	6975622f          	.insn	4, 0x6975622f
  7e:	646c                	.insn	2, 0x646c
  80:	6e69772f          	.insn	4, 0x6e69772f
  84:	782d3233          	.insn	4, 0x782d3233
  88:	3436                	.insn	2, 0x3436
  8a:	756f732f          	.insn	4, 0x756f732f
  8e:	6372                	.insn	2, 0x6372
  90:	7365                	.insn	2, 0x7365
  92:	6363672f          	.insn	4, 0x6363672f
  96:	312d                	.insn	2, 0x312d
  98:	2e35                	.insn	2, 0x2e35
  9a:	2e32                	.insn	2, 0x2e32
  9c:	2f30                	.insn	2, 0x2f30
  9e:	696c                	.insn	2, 0x696c
  a0:	6762                	.insn	2, 0x6762
  a2:	6c2f6363          	bltu	t5,sp,768 <_start-0x7ffff898>
  a6:	6269                	.insn	2, 0x6269
  a8:	32636367          	.insn	4, 0x32636367
  ac:	632e                	.insn	2, 0x632e
  ae:	2f00                	.insn	2, 0x2f00
  b0:	6f68                	.insn	2, 0x6f68
  b2:	656d                	.insn	2, 0x656d
  b4:	676c692f          	.insn	4, 0x676c692f
  b8:	7463612f          	.insn	4, 0x7463612f
  bc:	6f69                	.insn	2, 0x6f69
  be:	736e                	.insn	2, 0x736e
  c0:	722d                	.insn	2, 0x722d
  c2:	6e75                	.insn	2, 0x6e75
  c4:	656e                	.insn	2, 0x656e
  c6:	7372                	.insn	2, 0x7372
  c8:	6170782f          	.insn	4, 0x6170782f
  cc:	642d6b63          	bltu	s10,sp,722 <_start-0x7ffff8de>
  d0:	7665                	.insn	2, 0x7665
  d2:	742d                	.insn	2, 0x742d
  d4:	736c6f6f          	jal	t5,c680a <_start-0x7ff397f6>
  d8:	5f2f322f          	.insn	4, 0x5f2f322f
  dc:	6b726f77          	.insn	4, 0x6b726f77
  e0:	7369722f          	.insn	4, 0x7369722f
  e4:	6e2d7663          	bgeu	s10,sp,7d0 <_start-0x7ffff830>
  e8:	2d656e6f          	jal	t3,563be <_start-0x7ffa9c42>
  ec:	6c65                	.insn	2, 0x6c65
  ee:	2d66                	.insn	2, 0x2d66
  f0:	2d636367          	.insn	4, 0x2d636367
  f4:	7078                	.insn	2, 0x7078
  f6:	6361                	.insn	2, 0x6361
  f8:	69722f6b          	.insn	4, 0x69722f6b
  fc:	2d766373          	.insn	4, 0x2d766373
 100:	6f6e                	.insn	2, 0x6f6e
 102:	656e                	.insn	2, 0x656e
 104:	652d                	.insn	2, 0x652d
 106:	666c                	.insn	2, 0x666c
 108:	672d                	.insn	2, 0x672d
 10a:	782d6363          	bltu	s10,sp,890 <_start-0x7ffff770>
 10e:	6170                	.insn	2, 0x6170
 110:	622f6b63          	bltu	t5,sp,746 <_start-0x7ffff8ba>
 114:	6975                	.insn	2, 0x6975
 116:	646c                	.insn	2, 0x646c
 118:	612d                	.insn	2, 0x612d
 11a:	74657373          	.insn	4, 0x74657373
 11e:	75622f73          	.insn	4, 0x75622f73
 122:	6c69                	.insn	2, 0x6c69
 124:	2f64                	.insn	2, 0x2f64
 126:	336e6977          	.insn	4, 0x336e6977
 12a:	2d32                	.insn	2, 0x2d32
 12c:	3678                	.insn	2, 0x3678
 12e:	2f34                	.insn	2, 0x2f34
 130:	3878                	.insn	2, 0x3878
 132:	5f36                	.insn	2, 0x5f36
 134:	3436                	.insn	2, 0x3436
 136:	702d                	.insn	2, 0x702d
 138:	696c2d63          	.insn	4, 0x696c2d63
 13c:	756e                	.insn	2, 0x756e
 13e:	2d78                	.insn	2, 0x2d78
 140:	2f756e67          	.insn	4, 0x2f756e67
 144:	7562                	.insn	2, 0x7562
 146:	6c69                	.insn	2, 0x6c69
 148:	2f64                	.insn	2, 0x2f64
 14a:	6972                	.insn	2, 0x6972
 14c:	2d766373          	.insn	4, 0x2d766373
 150:	6f6e                	.insn	2, 0x6f6e
 152:	656e                	.insn	2, 0x656e
 154:	652d                	.insn	2, 0x652d
 156:	666c                	.insn	2, 0x666c
 158:	672d                	.insn	2, 0x672d
 15a:	312d6363          	bltu	s10,s2,460 <_start-0x7ffffba0>
 15e:	2e35                	.insn	2, 0x2e35
 160:	2e32                	.insn	2, 0x2e32
 162:	2d30                	.insn	2, 0x2d30
 164:	6966                	.insn	2, 0x6966
 166:	616e                	.insn	2, 0x616e
 168:	2f6c                	.insn	2, 0x2f6c
 16a:	6972                	.insn	2, 0x6972
 16c:	2d766373          	.insn	4, 0x2d766373
 170:	6f6e                	.insn	2, 0x6f6e
 172:	656e                	.insn	2, 0x656e
 174:	652d                	.insn	2, 0x652d
 176:	666c                	.insn	2, 0x666c
 178:	3376722f          	.insn	4, 0x3376722f
 17c:	6932                	.insn	2, 0x6932
 17e:	2f6d                	.insn	2, 0x2f6d
 180:	6c69                	.insn	2, 0x6c69
 182:	3370                	.insn	2, 0x3370
 184:	2f32                	.insn	2, 0x2f32
 186:	696c                	.insn	2, 0x696c
 188:	6762                	.insn	2, 0x6762
 18a:	2f006363          	bltu	zero,a6,470 <_start-0x7ffffb90>
 18e:	6f68                	.insn	2, 0x6f68
 190:	656d                	.insn	2, 0x656d
 192:	676c692f          	.insn	4, 0x676c692f
 196:	7463612f          	.insn	4, 0x7463612f
 19a:	6f69                	.insn	2, 0x6f69
 19c:	736e                	.insn	2, 0x736e
 19e:	722d                	.insn	2, 0x722d
 1a0:	6e75                	.insn	2, 0x6e75
 1a2:	656e                	.insn	2, 0x656e
 1a4:	7372                	.insn	2, 0x7372
 1a6:	6170782f          	.insn	4, 0x6170782f
 1aa:	642d6b63          	bltu	s10,sp,800 <_start-0x7ffff800>
 1ae:	7665                	.insn	2, 0x7665
 1b0:	742d                	.insn	2, 0x742d
 1b2:	736c6f6f          	jal	t5,c68e8 <_start-0x7ff39718>
 1b6:	5f2f322f          	.insn	4, 0x5f2f322f
 1ba:	6b726f77          	.insn	4, 0x6b726f77
 1be:	7369722f          	.insn	4, 0x7369722f
 1c2:	6e2d7663          	bgeu	s10,sp,8ae <_start-0x7ffff752>
 1c6:	2d656e6f          	jal	t3,5649c <_start-0x7ffa9b64>
 1ca:	6c65                	.insn	2, 0x6c65
 1cc:	2d66                	.insn	2, 0x2d66
 1ce:	2d636367          	.insn	4, 0x2d636367
 1d2:	7078                	.insn	2, 0x7078
 1d4:	6361                	.insn	2, 0x6361
 1d6:	69722f6b          	.insn	4, 0x69722f6b
 1da:	2d766373          	.insn	4, 0x2d766373
 1de:	6f6e                	.insn	2, 0x6f6e
 1e0:	656e                	.insn	2, 0x656e
 1e2:	652d                	.insn	2, 0x652d
 1e4:	666c                	.insn	2, 0x666c
 1e6:	672d                	.insn	2, 0x672d
 1e8:	782d6363          	bltu	s10,sp,96e <_start-0x7ffff692>
 1ec:	6170                	.insn	2, 0x6170
 1ee:	622f6b63          	bltu	t5,sp,824 <_start-0x7ffff7dc>
 1f2:	6975                	.insn	2, 0x6975
 1f4:	646c                	.insn	2, 0x646c
 1f6:	612d                	.insn	2, 0x612d
 1f8:	74657373          	.insn	4, 0x74657373
 1fc:	75622f73          	.insn	4, 0x75622f73
 200:	6c69                	.insn	2, 0x6c69
 202:	2f64                	.insn	2, 0x2f64
 204:	336e6977          	.insn	4, 0x336e6977
 208:	2d32                	.insn	2, 0x2d32
 20a:	3678                	.insn	2, 0x3678
 20c:	2f34                	.insn	2, 0x2f34
 20e:	72756f73          	.insn	4, 0x72756f73
 212:	2f736563          	bltu	t1,s7,4fc <_start-0x7ffffb04>
 216:	2d636367          	.insn	4, 0x2d636367
 21a:	3531                	.insn	2, 0x3531
 21c:	322e                	.insn	2, 0x322e
 21e:	302e                	.insn	2, 0x302e
 220:	62696c2f          	.insn	4, 0x62696c2f
 224:	00636367          	.insn	4, 0x00636367

Disassembly of section .debug_frame:

00000000 <.debug_frame>:
   0:	000c                	.insn	2, 0x000c
   2:	0000                	.insn	2, 0x0000
   4:	ffff                	.insn	2, 0xffff
   6:	ffff                	.insn	2, 0xffff
   8:	7c010003          	lb	zero,1984(sp)
   c:	0c01                	.insn	2, 0x0c01
   e:	0002                	.insn	2, 0x0002
  10:	000c                	.insn	2, 0x000c
  12:	0000                	.insn	2, 0x0000
  14:	0000                	.insn	2, 0x0000
  16:	0000                	.insn	2, 0x0000
  18:	5600                	.insn	2, 0x5600
  1a:	8000                	.insn	2, 0x8000
  1c:	0088                	.insn	2, 0x0088
	...
