#! /c/Source/iverilog-install/bin/vvp
:ivl_version "12.0 (devel)" "(s20150603-1539-g2693dd32b)";
:ivl_delay_selection "TYPICAL";
:vpi_time_precision - 12;
:vpi_module "C:\iverilog\lib\ivl\system.vpi";
:vpi_module "C:\iverilog\lib\ivl\vhdl_sys.vpi";
:vpi_module "C:\iverilog\lib\ivl\vhdl_textio.vpi";
:vpi_module "C:\iverilog\lib\ivl\v2005_math.vpi";
:vpi_module "C:\iverilog\lib\ivl\va_math.vpi";
:vpi_module "C:\iverilog\lib\ivl\v2009.vpi";
S_00000260a3202a60 .scope package, "$unit" "$unit" 2 1;
 .timescale 0 0;
S_00000260a32017a0 .scope module, "icache_pipeline_tb" "icache_pipeline_tb" 3 5;
 .timescale -9 -12;
P_00000260a32007b0 .param/l "ADDR_WIDTH" 1 3 6, +C4<00000000000000000000000000100000>;
P_00000260a32007e8 .param/l "D_CMD_LINE_RD" 1 3 266, C4<00>;
P_00000260a3200820 .param/l "D_CMD_UC_RD" 1 3 267, C4<01>;
P_00000260a3200858 .param/l "D_CMD_UC_WR" 1 3 268, C4<10>;
P_00000260a3200890 .param/l "D_CMD_WB_LINE" 1 3 269, C4<11>;
P_00000260a32008c8 .param/l "D_RSP_LINE" 1 3 270, C4<00>;
P_00000260a3200900 .param/l "D_RSP_UC_RD" 1 3 271, C4<01>;
P_00000260a3200938 .param/l "D_RSP_UC_WR" 1 3 272, C4<10>;
P_00000260a3200970 .param/l "D_RSP_WB_ACK" 1 3 273, C4<11>;
P_00000260a32009a8 .param/l "L2_DATA_W" 1 3 7, +C4<00000000000000000000000001000000>;
P_00000260a32009e0 .param/l "MEM_WORDS" 0 3 8, +C4<00000000000000100000000000000000>;
P_00000260a3200a18 .param/l "RESET_PC" 0 3 10, C4<10000000000000000000000000000000>;
P_00000260a3200a50 .param/l "UART_BAUD" 1 3 12, +C4<00000000000011110100001001000000>;
P_00000260a3200a88 .param/l "UART_CLKS_PER_BIT" 1 3 13, +C4<00000000000000000000000001100100>;
P_00000260a3200ac0 .param/l "UART_CLK_HZ" 1 3 11, +C4<00000101111101011110000100000000>;
P_00000260a3200af8 .param/l "USE_MIG" 0 3 9, +C4<00000000000000000000000000000000>;
L_00000260a333e5d0 .functor BUFZ 1, v00000260a32ab960_0, C4<0>, C4<0>, C4<0>;
L_00000260a333dfb0 .functor BUFZ 1, v00000260a32ab960_0, C4<0>, C4<0>, C4<0>;
L_00000260a333e790 .functor BUFZ 1, v00000260a2ab7870_0, C4<0>, C4<0>, C4<0>;
L_00000260a333e020 .functor BUFZ 1, L_00000260a333fd00, C4<0>, C4<0>, C4<0>;
L_00000260a333e090 .functor BUFZ 32, v00000260a2ab5a70_0, C4<00000000000000000000000000000000>, C4<00000000000000000000000000000000>, C4<00000000000000000000000000000000>;
L_00000260a333e100 .functor BUFZ 2, v00000260a2ab5e30_0, C4<00>, C4<00>, C4<00>;
L_00000260a333e3a0 .functor BUFZ 3, v00000260a2ab7eb0_0, C4<000>, C4<000>, C4<000>;
L_00000260a333e640 .functor BUFZ 8, v00000260a2ab7af0_0, C4<00000000>, C4<00000000>, C4<00000000>;
L_00000260a333e950 .functor BUFZ 1, v00000260a3165f60_0, C4<0>, C4<0>, C4<0>;
L_00000260a32d8da8 .functor BUFT 1, C4<1>, C4<0>, C4<0>, C4<0>;
L_00000260a333eb10 .functor BUFZ 1, L_00000260a32d8da8, C4<0>, C4<0>, C4<0>;
L_00000260a333eb80 .functor BUFZ 32, v00000260a3166820_0, C4<00000000000000000000000000000000>, C4<00000000000000000000000000000000>, C4<00000000000000000000000000000000>;
L_00000260a333ebf0 .functor BUFZ 2, v00000260a3166a00_0, C4<00>, C4<00>, C4<00>;
L_00000260a333ed40 .functor BUFZ 3, v00000260a3166aa0_0, C4<000>, C4<000>, C4<000>;
L_00000260a333ec60 .functor BUFZ 8, v00000260a31674a0_0, C4<00000000>, C4<00000000>, C4<00000000>;
L_00000260a333ee20 .functor BUFZ 64, v00000260a3166320_0, C4<0000000000000000000000000000000000000000000000000000000000000000>, C4<0000000000000000000000000000000000000000000000000000000000000000>, C4<0000000000000000000000000000000000000000000000000000000000000000>;
L_00000260a333edb0 .functor BUFZ 8, v00000260a3166280_0, C4<00000000>, C4<00000000>, C4<00000000>;
L_00000260a3340a90 .functor BUFZ 1, v00000260a32af6a0_0, C4<0>, C4<0>, C4<0>;
L_00000260a3340a20 .functor BUFZ 1, v00000260a2ab7cd0_0, C4<0>, C4<0>, C4<0>;
L_00000260a3340710 .functor BUFZ 64, v00000260a32b0500_0, C4<0000000000000000000000000000000000000000000000000000000000000000>, C4<0000000000000000000000000000000000000000000000000000000000000000>, C4<0000000000000000000000000000000000000000000000000000000000000000>;
L_00000260a333f750 .functor BUFZ 1, v00000260a32af920_0, C4<0>, C4<0>, C4<0>;
L_00000260a3340550 .functor BUFZ 1, v00000260a32af600_0, C4<0>, C4<0>, C4<0>;
L_00000260a3340c50 .functor BUFZ 1, v00000260a32ac900_0, C4<0>, C4<0>, C4<0>;
L_00000260a3340860 .functor BUFZ 1, L_00000260a333c490, C4<0>, C4<0>, C4<0>;
L_00000260a3340400 .functor BUFZ 64, v00000260a32ac540_0, C4<0000000000000000000000000000000000000000000000000000000000000000>, C4<0000000000000000000000000000000000000000000000000000000000000000>, C4<0000000000000000000000000000000000000000000000000000000000000000>;
L_00000260a3340e80 .functor BUFZ 1, v00000260a32ad9e0_0, C4<0>, C4<0>, C4<0>;
L_00000260a33405c0 .functor BUFZ 1, v00000260a32ae200_0, C4<0>, C4<0>, C4<0>;
L_00000260a3340010 .functor BUFZ 3, v00000260a2ab0110_0, C4<000>, C4<000>, C4<000>;
L_00000260a333ff30 .functor BUFZ 4, v00000260a3165e20_0, C4<0000>, C4<0000>, C4<0000>;
L_00000260a32d4098 .functor BUFT 1, C4<00000>, C4<0>, C4<0>, C4<0>;
L_00000260a33404e0 .functor BUFZ 5, L_00000260a32d4098, C4<00000>, C4<00000>, C4<00000>;
L_00000260a333fd00 .functor NOT 1, v00000260a32b1a40_0, C4<0>, C4<0>, C4<0>;
v00000260a32aab00_0 .var/i "assert_en", 31 0;
v00000260a32a98e0_0 .net "boot_done", 0 0, L_00000260a2d5be20;  1 drivers
v00000260a32ab960_0 .var "clk", 0 0;
v00000260a32aa880_0 .net "clk_ref_i", 0 0, L_00000260a333dfb0;  1 drivers
v00000260a32aa920_0 .var/i "cov_active_cycles", 31 0;
v00000260a32aba00_0 .var/i "cov_d_req_hs", 31 0;
v00000260a32aaa60_0 .var/i "cov_d_req_line", 31 0;
v00000260a32aa2e0_0 .var/i "cov_d_req_uc_rd", 31 0;
v00000260a32aa420_0 .var/i "cov_d_req_uc_wr", 31 0;
v00000260a32ac040_0 .var/i "cov_d_req_wb", 31 0;
v00000260a32a9980_0 .var/i "cov_d_rsp_err", 31 0;
v00000260a32a9de0_0 .var/i "cov_d_rsp_hs", 31 0;
v00000260a32a9e80_0 .var/i "cov_d_rsp_stall_cur", 31 0;
v00000260a32aa6a0_0 .var "cov_dc_l2_cross_seen", 215 0;
v00000260a32aa740_0 .net "cov_dc_state_cur", 3 0, L_00000260a333ff30;  1 drivers
v00000260a32aa7e0_0 .var "cov_dc_state_seen", 11 0;
v00000260a32aaba0_0 .var/i "cov_en", 31 0;
v00000260a32aac40_0 .var/i "cov_ev_both_req_valid", 31 0;
v00000260a32ad3a0_0 .var/i "cov_ev_iwait_and_drefill", 31 0;
v00000260a32ad440_0 .var/i "cov_ev_iwait_and_dwbwait", 31 0;
v00000260a32ad4e0_0 .var/i "cov_ev_l2_d_sel_with_i_req", 31 0;
v00000260a32ae480_0 .var/i "cov_ev_l2_err_rsp", 31 0;
v00000260a32accc0_0 .var/i "cov_ev_l2_i_sel_with_d_req", 31 0;
v00000260a32ac720_0 .var/i "cov_ev_redirect_with_fetch_rsp", 31 0;
v00000260a32ad260_0 .var/i "cov_fd", 31 0;
v00000260a32ad120_0 .var "cov_file", 1023 0;
v00000260a32ae5c0_0 .var/i "cov_i_req_hs", 31 0;
v00000260a32acb80_0 .var/i "cov_i_req_line", 31 0;
v00000260a32ac4a0_0 .var/i "cov_i_req_other", 31 0;
v00000260a32ade40_0 .var/i "cov_i_req_uc", 31 0;
v00000260a32ac220_0 .var/i "cov_i_rsp_err", 31 0;
v00000260a32adc60_0 .var/i "cov_i_rsp_hs", 31 0;
v00000260a32ac400_0 .var/i "cov_i_rsp_stall_cur", 31 0;
v00000260a32acd60_0 .var "cov_ic_dc_cross_seen", 83 0;
v00000260a32acc20_0 .var "cov_ic_l2_cross_seen", 125 0;
v00000260a32ad580_0 .net "cov_ic_state_cur", 2 0, L_00000260a3340010;  1 drivers
v00000260a32ae840_0 .var "cov_ic_state_seen", 6 0;
v00000260a32add00_0 .var/i "cov_ifetch_err", 31 0;
v00000260a32adda0_0 .net "cov_l2_state_cur", 4 0, L_00000260a33404e0;  1 drivers
v00000260a32ae520_0 .var "cov_l2_state_seen", 17 0;
v00000260a32ac2c0_0 .var/i "cov_max_d_req_stall", 31 0;
v00000260a32acea0_0 .var/i "cov_max_d_rsp_stall", 31 0;
v00000260a32ac0e0_0 .var/i "cov_max_i_req_stall", 31 0;
v00000260a32acfe0_0 .var/i "cov_max_i_rsp_stall", 31 0;
v00000260a32ac360_0 .var/i "cov_wb_commits", 31 0;
v00000260a32ae3e0_0 .var/i "cycles", 31 0;
v00000260a32ad760_0 .var/i "d_delay_cfg", 31 0;
v00000260a32ac860_0 .var/i "d_delay_cnt", 31 0;
v00000260a32ae660_0 .var "d_err_armed", 0 0;
v00000260a32ad800_0 .var "d_err_once", 0 0;
v00000260a32ac7c0_0 .net "d_l2_req_addr", 31 0, v00000260a3166820_0;  1 drivers
v00000260a32ace00_0 .net "d_l2_req_cmd", 1 0, v00000260a3166a00_0;  1 drivers
v00000260a32ad8a0_0 .net "d_l2_req_len", 7 0, v00000260a31674a0_0;  1 drivers
v00000260a32ad300_0 .net "d_l2_req_ready", 0 0, L_00000260a32d8da8;  1 drivers
v00000260a32acf40_0 .net "d_l2_req_size", 2 0, v00000260a3166aa0_0;  1 drivers
v00000260a32ad080_0 .net "d_l2_req_valid", 0 0, v00000260a3165f60_0;  1 drivers
v00000260a32ad940_0 .net "d_l2_req_wdata", 63 0, v00000260a3166320_0;  1 drivers
v00000260a32ad1c0_0 .net "d_l2_req_wstrb", 7 0, v00000260a3166280_0;  1 drivers
v00000260a32ae200_0 .var "d_l2_rsp_err", 0 0;
v00000260a32ad9e0_0 .var "d_l2_rsp_last", 0 0;
v00000260a32ac540_0 .var "d_l2_rsp_rdata", 63 0;
v00000260a32ac5e0_0 .net "d_l2_rsp_ready", 0 0, L_00000260a333c490;  1 drivers
v00000260a32ac900_0 .var "d_l2_rsp_valid", 0 0;
v00000260a32ad620_0 .var "d_pending", 0 0;
v00000260a32adee0_0 .var "d_rsp_addr", 31 0;
v00000260a32adf80_0 .var "d_rsp_beat", 2 0;
v00000260a32ae700_0 .var "d_rsp_type", 1 0;
v00000260a32ae020_0 .var "d_wb_beat", 2 0;
o00000260a3220a98 .functor BUFZ 13, C4<zzzzzzzzzzzzz>; HiZ drive
v00000260a32ac680_0 .net "ddr2_addr", 12 0, o00000260a3220a98;  0 drivers
o00000260a3220ac8 .functor BUFZ 3, C4<zzz>; HiZ drive
v00000260a32ad6c0_0 .net "ddr2_ba", 2 0, o00000260a3220ac8;  0 drivers
o00000260a3220af8 .functor BUFZ 1, C4<z>; HiZ drive
v00000260a32ae160_0 .net "ddr2_cas_n", 0 0, o00000260a3220af8;  0 drivers
o00000260a3220b28 .functor BUFZ 1, C4<z>; HiZ drive
v00000260a32ae7a0_0 .net "ddr2_ck_n", 0 0, o00000260a3220b28;  0 drivers
o00000260a3220b58 .functor BUFZ 1, C4<z>; HiZ drive
v00000260a32ada80_0 .net "ddr2_ck_p", 0 0, o00000260a3220b58;  0 drivers
o00000260a3220b88 .functor BUFZ 1, C4<z>; HiZ drive
v00000260a32adb20_0 .net "ddr2_cke", 0 0, o00000260a3220b88;  0 drivers
o00000260a3220bb8 .functor BUFZ 1, C4<z>; HiZ drive
v00000260a32adbc0_0 .net "ddr2_cs_n", 0 0, o00000260a3220bb8;  0 drivers
o00000260a3220be8 .functor BUFZ 2, C4<zz>; HiZ drive
v00000260a32ae0c0_0 .net "ddr2_dm", 1 0, o00000260a3220be8;  0 drivers
o00000260a3220c18 .functor BUFZ 16, C4<zzzzzzzzzzzzzzzz>; HiZ drive
v00000260a32ae2a0_0 .net "ddr2_dq", 15 0, o00000260a3220c18;  0 drivers
o00000260a3220c48 .functor BUFZ 2, C4<zz>; HiZ drive
v00000260a32ac9a0_0 .net "ddr2_dqs_n", 1 0, o00000260a3220c48;  0 drivers
o00000260a3220c78 .functor BUFZ 2, C4<zz>; HiZ drive
v00000260a32aca40_0 .net "ddr2_dqs_p", 1 0, o00000260a3220c78;  0 drivers
o00000260a3220ca8 .functor BUFZ 1, C4<z>; HiZ drive
v00000260a32ac180_0 .net "ddr2_odt", 0 0, o00000260a3220ca8;  0 drivers
o00000260a3220cd8 .functor BUFZ 1, C4<z>; HiZ drive
v00000260a32ae340_0 .net "ddr2_ras_n", 0 0, o00000260a3220cd8;  0 drivers
o00000260a3220d08 .functor BUFZ 1, C4<z>; HiZ drive
v00000260a32acae0_0 .net "ddr2_we_n", 0 0, o00000260a3220d08;  0 drivers
v00000260a32af420_0 .var "expect_rd", 4 0;
v00000260a32b08c0_0 .var/i "expect_rd_arg", 31 0;
v00000260a32af1a0_0 .var "expect_val", 31 0;
v00000260a32b0aa0_0 .var "hold_d_addr", 31 0;
v00000260a32aeac0_0 .var "hold_d_cmd", 1 0;
v00000260a32b0000_0 .var/i "hold_d_cycles", 31 0;
v00000260a32afba0_0 .var "hold_d_len", 7 0;
v00000260a32afe20_0 .var "hold_d_req", 0 0;
v00000260a32b0820_0 .var "hold_d_rsp", 0 0;
v00000260a32b0a00_0 .var/i "hold_d_rsp_cycles", 31 0;
v00000260a32aed40_0 .var "hold_d_rsp_data", 63 0;
v00000260a32afec0_0 .var "hold_d_rsp_err", 0 0;
v00000260a32b0640_0 .var "hold_d_rsp_last", 0 0;
v00000260a32af9c0_0 .var "hold_d_size", 2 0;
v00000260a32b0b40_0 .var "hold_d_wdata", 63 0;
v00000260a32b0c80_0 .var "hold_d_wstrb", 7 0;
v00000260a32af380_0 .var "hold_i_addr", 31 0;
v00000260a32aee80_0 .var "hold_i_cmd", 1 0;
v00000260a32af4c0_0 .var/i "hold_i_cycles", 31 0;
v00000260a32aede0_0 .var "hold_i_len", 7 0;
v00000260a32af560_0 .var "hold_i_req", 0 0;
v00000260a32aff60_0 .var "hold_i_rsp", 0 0;
v00000260a32aeb60_0 .var/i "hold_i_rsp_cycles", 31 0;
v00000260a32afce0_0 .var "hold_i_rsp_data", 63 0;
v00000260a32afd80_0 .var "hold_i_rsp_err", 0 0;
v00000260a32b0d20_0 .var "hold_i_rsp_last", 0 0;
v00000260a32aef20_0 .var "hold_i_size", 2 0;
v00000260a32b0be0_0 .var/i "i_delay_cfg", 31 0;
v00000260a32afc40_0 .var/i "i_delay_cnt", 31 0;
v00000260a32af880_0 .var "i_err_armed", 0 0;
v00000260a32b00a0_0 .var "i_err_once", 0 0;
v00000260a32b0960_0 .net "ifetch_err", 0 0, L_00000260a3331d70;  1 drivers
L_00000260a32d42d8 .functor BUFT 1, C4<1>, C4<0>, C4<0>, C4<0>;
v00000260a32b0140_0 .net "init_calib_complete", 0 0, L_00000260a32d42d8;  1 drivers
v00000260a32b01e0_0 .net "l2_req_addr", 31 0, v00000260a2ab5a70_0;  1 drivers
v00000260a32af100_0 .net "l2_req_cmd", 1 0, v00000260a2ab5e30_0;  1 drivers
v00000260a32b0dc0_0 .net "l2_req_len", 7 0, v00000260a2ab7af0_0;  1 drivers
v00000260a32b0280_0 .net "l2_req_ready", 0 0, L_00000260a333fd00;  1 drivers
v00000260a32af2e0_0 .net "l2_req_size", 2 0, v00000260a2ab7eb0_0;  1 drivers
v00000260a32b0e60_0 .net "l2_req_valid", 0 0, v00000260a2ab7870_0;  1 drivers
v00000260a32b0500_0 .var "l2_rsp_data", 63 0;
v00000260a32af600_0 .var "l2_rsp_err", 0 0;
v00000260a32af920_0 .var "l2_rsp_last", 0 0;
v00000260a32afa60_0 .net "l2_rsp_ready", 0 0, v00000260a2ab7cd0_0;  1 drivers
v00000260a32af6a0_0 .var "l2_rsp_valid", 0 0;
v00000260a32afb00_0 .var/i "last_wb_cycle", 31 0;
v00000260a32b0f00_0 .var/i "linefill_cnt", 31 0;
v00000260a32af740_0 .var/i "max_cycles", 31 0;
v00000260a32b0320 .array "mem", 131071 0, 31 0;
v00000260a32b06e0_0 .var "memfile", 511 0;
v00000260a32aea20_0 .var "memfile_found", 0 0;
v00000260a32af240_0 .var "memfile_try", 511 0;
v00000260a32aefc0_0 .var/i "mi", 31 0;
L_00000260a32d4248 .functor BUFT 1, C4<000000000000000000000000000>, C4<0>, C4<0>, C4<0>;
v00000260a32b03c0_0 .net "mig_app_addr_dbg", 26 0, L_00000260a32d4248;  1 drivers
L_00000260a32d4200 .functor BUFT 1, C4<000>, C4<0>, C4<0>, C4<0>;
v00000260a32b0fa0_0 .net "mig_app_cmd_dbg", 2 0, L_00000260a32d4200;  1 drivers
L_00000260a32d4170 .functor BUFT 1, C4<0>, C4<0>, C4<0>, C4<0>;
v00000260a32b0460_0 .net "mig_app_en_dbg", 0 0, L_00000260a32d4170;  1 drivers
L_00000260a32d4290 .functor BUFT 1, C4<0>, C4<0>, C4<0>, C4<0>;
v00000260a32b05a0_0 .net "mig_app_rd_valid_dbg", 0 0, L_00000260a32d4290;  1 drivers
L_00000260a32d41b8 .functor BUFT 1, C4<0>, C4<0>, C4<0>, C4<0>;
v00000260a32b0780_0 .net "mig_app_rdy_dbg", 0 0, L_00000260a32d41b8;  1 drivers
L_00000260a32d40e0 .functor BUFT 1, C4<0>, C4<0>, C4<0>, C4<0>;
v00000260a32af7e0_0 .net "mig_l2_sel_busy_dbg", 0 0, L_00000260a32d40e0;  1 drivers
L_00000260a32d4128 .functor BUFT 1, C4<0>, C4<0>, C4<0>, C4<0>;
v00000260a32b1040_0 .net "mig_l2_sel_is_d_dbg", 0 0, L_00000260a32d4128;  1 drivers
v00000260a32ae8e0_0 .net "mig_l2_state_dbg", 4 0, L_00000260a32d4098;  1 drivers
v00000260a32ae980_0 .net "mon_d_req_addr", 31 0, L_00000260a333eb80;  1 drivers
v00000260a32aec00_0 .net "mon_d_req_cmd", 1 0, L_00000260a333ebf0;  1 drivers
v00000260a32aeca0_0 .net "mon_d_req_len", 7 0, L_00000260a333ec60;  1 drivers
v00000260a32af060_0 .net "mon_d_req_ready", 0 0, L_00000260a333eb10;  1 drivers
v00000260a32b1d60_0 .net "mon_d_req_size", 2 0, L_00000260a333ed40;  1 drivers
v00000260a32b14a0_0 .net "mon_d_req_valid", 0 0, L_00000260a333e950;  1 drivers
v00000260a32b1180_0 .net "mon_d_req_wdata", 63 0, L_00000260a333ee20;  1 drivers
v00000260a32b1e00_0 .net "mon_d_req_wstrb", 7 0, L_00000260a333edb0;  1 drivers
v00000260a32b1900_0 .net "mon_d_rsp_err", 0 0, L_00000260a33405c0;  1 drivers
v00000260a32b17c0_0 .net "mon_d_rsp_last", 0 0, L_00000260a3340e80;  1 drivers
v00000260a32b1540_0 .net "mon_d_rsp_rdata", 63 0, L_00000260a3340400;  1 drivers
v00000260a32b1ea0_0 .net "mon_d_rsp_ready", 0 0, L_00000260a3340860;  1 drivers
v00000260a32b1cc0_0 .net "mon_d_rsp_valid", 0 0, L_00000260a3340c50;  1 drivers
v00000260a32b19a0_0 .net "mon_i_req_addr", 31 0, L_00000260a333e090;  1 drivers
v00000260a32b1400_0 .net "mon_i_req_cmd", 1 0, L_00000260a333e100;  1 drivers
v00000260a32b15e0_0 .net "mon_i_req_len", 7 0, L_00000260a333e640;  1 drivers
v00000260a32b1220_0 .net "mon_i_req_ready", 0 0, L_00000260a333e020;  1 drivers
v00000260a32b1f40_0 .net "mon_i_req_size", 2 0, L_00000260a333e3a0;  1 drivers
v00000260a32b10e0_0 .net "mon_i_req_valid", 0 0, L_00000260a333e790;  1 drivers
v00000260a32b1860_0 .net "mon_i_rsp_data", 63 0, L_00000260a3340710;  1 drivers
v00000260a32b1680_0 .net "mon_i_rsp_err", 0 0, L_00000260a3340550;  1 drivers
v00000260a32b12c0_0 .net "mon_i_rsp_last", 0 0, L_00000260a333f750;  1 drivers
v00000260a32b1b80_0 .net "mon_i_rsp_ready", 0 0, L_00000260a3340a20;  1 drivers
v00000260a32b1720_0 .net "mon_i_rsp_valid", 0 0, L_00000260a3340a90;  1 drivers
v00000260a32b1a40_0 .var "pending", 0 0;
v00000260a32b1360_0 .var "pending_addr", 31 0;
v00000260a32b1ae0_0 .var "pending_beat", 3 0;
v00000260a32b1c20_0 .var "pending_uc", 0 0;
v00000260a32bab70_0 .var/i "rand_d_delay_max", 31 0;
v00000260a32bb890_0 .var/i "rand_i_delay_max", 31 0;
v00000260a32bb570_0 .var/i "rand_mem_en", 31 0;
v00000260a32b93b0_0 .var/i "rand_seed", 31 0;
v00000260a32bb110_0 .var "require_linefill", 0 0;
v00000260a32bb1b0_0 .var "rst_n", 0 0;
v00000260a32bb610_0 .var/i "rtos_pass_seen", 31 0;
v00000260a32ba2b0_0 .var/i "rtos_trap_trace", 31 0;
v00000260a32b9c70_0 .var/i "rtos_uart_finish_on_pass", 31 0;
v00000260a32ba850_0 .var/i "rtos_uart_mon", 31 0;
v00000260a32b9d10_0 .var/i "stall_watchdog_max", 31 0;
v00000260a32baad0_0 .var/i "state_cov_en", 31 0;
v00000260a32b94f0_0 .var/i "state_cov_fd", 31 0;
v00000260a32b9770_0 .var "state_cov_file", 1023 0;
v00000260a32bb6b0_0 .net "sys_clk_i", 0 0, L_00000260a333e5d0;  1 drivers
v00000260a32bac10_0 .var/i "test_id", 31 0;
v00000260a32bb390_0 .var/i "trace_en", 31 0;
v00000260a32bad50_0 .var/i "trace_fd", 31 0;
v00000260a32b9270_0 .var "trace_file", 1023 0;
v00000260a32b9db0_0 .var/i "uart_mon_bit", 31 0;
v00000260a32ba3f0_0 .var "uart_mon_byte", 7 0;
v00000260a32bb4d0_0 .var "uart_pass_window", 151 0;
v00000260a32ba490_0 .var "uart_rx", 0 0;
v00000260a32ba530_0 .net "uart_tx", 0 0, v00000260a3280400_0;  1 drivers
v00000260a32b9810_0 .net "wb_rd", 4 0, L_00000260a333c3b0;  1 drivers
v00000260a32bb070_0 .net "wb_wdata", 31 0, L_00000260a333d0d0;  1 drivers
v00000260a32ba7b0_0 .net "wb_we", 0 0, L_00000260a333d060;  1 drivers
E_00000260a3188870/0 .event negedge, v00000260a32a5ba0_0;
E_00000260a3188870/1 .event posedge, v00000260a3296ef0_0;
E_00000260a3188870 .event/or E_00000260a3188870/0, E_00000260a3188870/1;
E_00000260a3188cb0 .event negedge, v00000260a3280400_0;
S_00000260a32012f0 .scope generate, "GEN_TB_NO_MIG_DBG" "GEN_TB_NO_MIG_DBG" 3 418, 3 418 0, S_00000260a32017a0;
 .timescale -9 -12;
S_00000260a3202bf0 .scope task, "dump_cov" "dump_cov" 3 505, 3 505 0, S_00000260a32017a0;
 .timescale -9 -12;
TD_icache_pipeline_tb.dump_cov ;
    %load/vec4 v00000260a32aaba0_0;
    %cmpi/ne 0, 0, 32;
    %jmp/0xz  T_0.0, 4;
    %vpi_func 3 508 "$fopen" 32, v00000260a32ad120_0, "w" {0 0 0};
    %store/vec4 v00000260a32ad260_0, 0, 32;
    %load/vec4 v00000260a32ad260_0;
    %cmpi/ne 0, 0, 32;
    %jmp/0xz  T_0.2, 4;
    %vpi_call/w 3 510 "$fdisplay", v00000260a32ad260_0, "test=%0d", v00000260a32bac10_0 {0 0 0};
    %vpi_call/w 3 511 "$fdisplay", v00000260a32ad260_0, "cycles=%0d", v00000260a32ae3e0_0 {0 0 0};
    %vpi_call/w 3 512 "$fdisplay", v00000260a32ad260_0, "active_cycles=%0d", v00000260a32aa920_0 {0 0 0};
    %vpi_call/w 3 513 "$fdisplay", v00000260a32ad260_0, "wb_commits=%0d", v00000260a32ac360_0 {0 0 0};
    %vpi_call/w 3 514 "$fdisplay", v00000260a32ad260_0, "i_req_hs=%0d", v00000260a32ae5c0_0 {0 0 0};
    %vpi_call/w 3 515 "$fdisplay", v00000260a32ad260_0, "d_req_hs=%0d", v00000260a32aba00_0 {0 0 0};
    %vpi_call/w 3 516 "$fdisplay", v00000260a32ad260_0, "i_rsp_hs=%0d", v00000260a32adc60_0 {0 0 0};
    %vpi_call/w 3 517 "$fdisplay", v00000260a32ad260_0, "d_rsp_hs=%0d", v00000260a32a9de0_0 {0 0 0};
    %vpi_call/w 3 518 "$fdisplay", v00000260a32ad260_0, "i_req_line=%0d", v00000260a32acb80_0 {0 0 0};
    %vpi_call/w 3 519 "$fdisplay", v00000260a32ad260_0, "i_req_uc=%0d", v00000260a32ade40_0 {0 0 0};
    %vpi_call/w 3 520 "$fdisplay", v00000260a32ad260_0, "i_req_other=%0d", v00000260a32ac4a0_0 {0 0 0};
    %vpi_call/w 3 521 "$fdisplay", v00000260a32ad260_0, "d_req_line=%0d", v00000260a32aaa60_0 {0 0 0};
    %vpi_call/w 3 522 "$fdisplay", v00000260a32ad260_0, "d_req_uc_rd=%0d", v00000260a32aa2e0_0 {0 0 0};
    %vpi_call/w 3 523 "$fdisplay", v00000260a32ad260_0, "d_req_uc_wr=%0d", v00000260a32aa420_0 {0 0 0};
    %vpi_call/w 3 524 "$fdisplay", v00000260a32ad260_0, "d_req_wb=%0d", v00000260a32ac040_0 {0 0 0};
    %vpi_call/w 3 525 "$fdisplay", v00000260a32ad260_0, "i_rsp_err=%0d", v00000260a32ac220_0 {0 0 0};
    %vpi_call/w 3 526 "$fdisplay", v00000260a32ad260_0, "d_rsp_err=%0d", v00000260a32a9980_0 {0 0 0};
    %vpi_call/w 3 527 "$fdisplay", v00000260a32ad260_0, "ifetch_err=%0d", v00000260a32add00_0 {0 0 0};
    %vpi_call/w 3 528 "$fdisplay", v00000260a32ad260_0, "max_i_req_stall=%0d", v00000260a32ac0e0_0 {0 0 0};
    %vpi_call/w 3 529 "$fdisplay", v00000260a32ad260_0, "max_d_req_stall=%0d", v00000260a32ac2c0_0 {0 0 0};
    %vpi_call/w 3 530 "$fdisplay", v00000260a32ad260_0, "max_i_rsp_stall=%0d", v00000260a32acfe0_0 {0 0 0};
    %vpi_call/w 3 531 "$fdisplay", v00000260a32ad260_0, "max_d_rsp_stall=%0d", v00000260a32acea0_0 {0 0 0};
    %vpi_call/w 3 532 "$fclose", v00000260a32ad260_0 {0 0 0};
    %pushi/vec4 0, 0, 32;
    %store/vec4 v00000260a32ad260_0, 0, 32;
    %vpi_call/w 3 534 "$display", "[TB COV] wrote %0s", v00000260a32ad120_0 {0 0 0};
    %jmp T_0.3;
T_0.2 ;
    %vpi_call/w 3 536 "$display", "[TB COV] WARN: cannot open %0s", v00000260a32ad120_0 {0 0 0};
T_0.3 ;
T_0.0 ;
    %end;
S_00000260a3202d80 .scope task, "dump_state_cov" "dump_state_cov" 3 542, 3 542 0, S_00000260a32017a0;
 .timescale -9 -12;
TD_icache_pipeline_tb.dump_state_cov ;
    %load/vec4 v00000260a32baad0_0;
    %cmpi/ne 0, 0, 32;
    %jmp/0xz  T_1.4, 4;
    %vpi_func 3 545 "$fopen" 32, v00000260a32b9770_0, "w" {0 0 0};
    %store/vec4 v00000260a32b94f0_0, 0, 32;
    %load/vec4 v00000260a32b94f0_0;
    %cmpi/ne 0, 0, 32;
    %jmp/0xz  T_1.6, 4;
    %vpi_call/w 3 547 "$fdisplay", v00000260a32b94f0_0, "test=%0d", v00000260a32bac10_0 {0 0 0};
    %vpi_call/w 3 548 "$fdisplay", v00000260a32b94f0_0, "cycles=%0d", v00000260a32ae3e0_0 {0 0 0};
    %vpi_call/w 3 549 "$fdisplay", v00000260a32b94f0_0, "ic_state_seen=0x%0h", v00000260a32ae840_0 {0 0 0};
    %vpi_call/w 3 550 "$fdisplay", v00000260a32b94f0_0, "dc_state_seen=0x%0h", v00000260a32aa7e0_0 {0 0 0};
    %vpi_call/w 3 551 "$fdisplay", v00000260a32b94f0_0, "l2_state_seen=0x%0h", v00000260a32ae520_0 {0 0 0};
    %vpi_call/w 3 552 "$fdisplay", v00000260a32b94f0_0, "ic_dc_cross_seen=0x%0h", v00000260a32acd60_0 {0 0 0};
    %vpi_call/w 3 553 "$fdisplay", v00000260a32b94f0_0, "ic_l2_cross_seen=0x%0h", v00000260a32acc20_0 {0 0 0};
    %vpi_call/w 3 554 "$fdisplay", v00000260a32b94f0_0, "dc_l2_cross_seen=0x%0h", v00000260a32aa6a0_0 {0 0 0};
    %vpi_call/w 3 555 "$fdisplay", v00000260a32b94f0_0, "ev_both_req_valid=%0d", v00000260a32aac40_0 {0 0 0};
    %vpi_call/w 3 556 "$fdisplay", v00000260a32b94f0_0, "ev_redirect_with_fetch_rsp=%0d", v00000260a32ac720_0 {0 0 0};
    %vpi_call/w 3 557 "$fdisplay", v00000260a32b94f0_0, "ev_iwait_and_drefill=%0d", v00000260a32ad3a0_0 {0 0 0};
    %vpi_call/w 3 558 "$fdisplay", v00000260a32b94f0_0, "ev_iwait_and_dwbwait=%0d", v00000260a32ad440_0 {0 0 0};
    %vpi_call/w 3 559 "$fdisplay", v00000260a32b94f0_0, "ev_l2_err_rsp=%0d", v00000260a32ae480_0 {0 0 0};
    %vpi_call/w 3 560 "$fdisplay", v00000260a32b94f0_0, "ev_l2_d_sel_with_i_req=%0d", v00000260a32ad4e0_0 {0 0 0};
    %vpi_call/w 3 561 "$fdisplay", v00000260a32b94f0_0, "ev_l2_i_sel_with_d_req=%0d", v00000260a32accc0_0 {0 0 0};
    %vpi_call/w 3 562 "$fclose", v00000260a32b94f0_0 {0 0 0};
    %pushi/vec4 0, 0, 32;
    %store/vec4 v00000260a32b94f0_0, 0, 32;
    %vpi_call/w 3 564 "$display", "[TB STATECOV] wrote %0s", v00000260a32b9770_0 {0 0 0};
    %jmp T_1.7;
T_1.6 ;
    %vpi_call/w 3 566 "$display", "[TB STATECOV] WARN: cannot open %0s", v00000260a32b9770_0 {0 0 0};
T_1.7 ;
T_1.4 ;
    %end;
S_00000260a3202f10 .scope module, "dut" "icache_pipeline_top" 3 92, 4 14 0, S_00000260a32017a0;
 .timescale -9 -12;
    .port_info 0 /INPUT 1 "clk";
    .port_info 1 /INPUT 1 "rst_n";
    .port_info 2 /INPUT 1 "launcher_reset_req_i";
    .port_info 3 /INPUT 1 "uart_rx_i";
    .port_info 4 /OUTPUT 1 "uart_tx_o";
    .port_info 5 /INOUT 16 "ddr2_dq";
    .port_info 6 /INOUT 2 "ddr2_dqs_n";
    .port_info 7 /INOUT 2 "ddr2_dqs_p";
    .port_info 8 /OUTPUT 13 "ddr2_addr";
    .port_info 9 /OUTPUT 3 "ddr2_ba";
    .port_info 10 /OUTPUT 1 "ddr2_ras_n";
    .port_info 11 /OUTPUT 1 "ddr2_cas_n";
    .port_info 12 /OUTPUT 1 "ddr2_we_n";
    .port_info 13 /OUTPUT 1 "ddr2_ck_p";
    .port_info 14 /OUTPUT 1 "ddr2_ck_n";
    .port_info 15 /OUTPUT 1 "ddr2_cke";
    .port_info 16 /OUTPUT 1 "ddr2_cs_n";
    .port_info 17 /OUTPUT 2 "ddr2_dm";
    .port_info 18 /OUTPUT 1 "ddr2_odt";
    .port_info 19 /INPUT 1 "sys_clk_i";
    .port_info 20 /INPUT 1 "clk_ref_i";
    .port_info 21 /OUTPUT 1 "init_calib_complete";
    .port_info 22 /OUTPUT 1 "l2_req_valid";
    .port_info 23 /INPUT 1 "l2_req_ready";
    .port_info 24 /OUTPUT 32 "l2_req_addr";
    .port_info 25 /OUTPUT 2 "l2_req_cmd";
    .port_info 26 /OUTPUT 3 "l2_req_size";
    .port_info 27 /OUTPUT 8 "l2_req_len";
    .port_info 28 /INPUT 1 "l2_rsp_valid";
    .port_info 29 /OUTPUT 1 "l2_rsp_ready";
    .port_info 30 /INPUT 64 "l2_rsp_data";
    .port_info 31 /INPUT 1 "l2_rsp_last";
    .port_info 32 /INPUT 1 "l2_rsp_err";
    .port_info 33 /OUTPUT 1 "d_l2_req_valid";
    .port_info 34 /INPUT 1 "d_l2_req_ready";
    .port_info 35 /OUTPUT 32 "d_l2_req_addr";
    .port_info 36 /OUTPUT 2 "d_l2_req_cmd";
    .port_info 37 /OUTPUT 3 "d_l2_req_size";
    .port_info 38 /OUTPUT 8 "d_l2_req_len";
    .port_info 39 /OUTPUT 64 "d_l2_req_wdata";
    .port_info 40 /OUTPUT 8 "d_l2_req_wstrb";
    .port_info 41 /INPUT 1 "d_l2_rsp_valid";
    .port_info 42 /OUTPUT 1 "d_l2_rsp_ready";
    .port_info 43 /INPUT 64 "d_l2_rsp_rdata";
    .port_info 44 /INPUT 1 "d_l2_rsp_last";
    .port_info 45 /INPUT 1 "d_l2_rsp_err";
    .port_info 46 /OUTPUT 1 "wb_we_o";
    .port_info 47 /OUTPUT 5 "wb_rd_o";
    .port_info 48 /OUTPUT 32 "wb_wdata_o";
    .port_info 49 /OUTPUT 1 "ifetch_err_o";
    .port_info 50 /OUTPUT 1 "boot_done_o";
    .port_info 51 /OUTPUT 1 "boot_edge_seen_o";
    .port_info 52 /OUTPUT 1 "boot_ui_edge_seen_o";
    .port_info 53 /OUTPUT 1 "boot_ui_edge_active_o";
    .port_info 54 /OUTPUT 1 "boot_boot_edge_seen_o";
    .port_info 55 /OUTPUT 1 "boot_rx_seen_o";
    .port_info 56 /OUTPUT 1 "boot_sync_seen_o";
    .port_info 57 /OUTPUT 1 "boot_rst_released_o";
    .port_info 58 /OUTPUT 1 "boot_ui_reset_released_o";
    .port_info 59 /OUTPUT 1 "boot_ui_clk_seen_o";
    .port_info 60 /OUTPUT 1 "boot_ui_clk_blink_o";
    .port_info 61 /OUTPUT 3 "boot_state_o";
    .port_info 62 /OUTPUT 4 "boot_rx_sel_o";
    .port_info 63 /OUTPUT 1 "core_running_o";
    .port_info 64 /OUTPUT 1 "core_pc_seen_o";
    .port_info 65 /OUTPUT 1 "uart_mmio_seen_o";
    .port_info 66 /OUTPUT 1 "uart_tx_fire_seen_o";
    .port_info 67 /OUTPUT 1 "uart_tx_busy_seen_o";
    .port_info 68 /OUTPUT 1 "dmem_req_seen_o";
    .port_info 69 /OUTPUT 1 "dmem_store_seen_o";
    .port_info 70 /OUTPUT 1 "dmem_rsp_seen_o";
    .port_info 71 /OUTPUT 1 "mem_stall_seen_o";
    .port_info 72 /OUTPUT 1 "wb_seen_o";
    .port_info 73 /OUTPUT 1 "boot_word0_ok_o";
    .port_info 74 /OUTPUT 1 "boot_word1_ok_o";
    .port_info 75 /OUTPUT 1 "boot_word2_ok_o";
    .port_info 76 /OUTPUT 1 "boot_word3_ok_o";
    .port_info 77 /OUTPUT 1 "boot_header_ok_o";
    .port_info 78 /OUTPUT 1 "boot_verify0_ok_o";
    .port_info 79 /OUTPUT 1 "boot_verify1_ok_o";
    .port_info 80 /OUTPUT 1 "boot_verify2_ok_o";
    .port_info 81 /OUTPUT 1 "boot_verify0_w0_ok_o";
    .port_info 82 /OUTPUT 1 "boot_verify0_w1_ok_o";
    .port_info 83 /OUTPUT 1 "boot_verify0_w2_ok_o";
    .port_info 84 /OUTPUT 1 "boot_verify0_w3_ok_o";
    .port_info 85 /OUTPUT 1 "boot_verify0_wordrev_ok_o";
    .port_info 86 /OUTPUT 1 "boot_verify0_byterev32_ok_o";
    .port_info 87 /OUTPUT 1 "boot_verify0_byterev128_ok_o";
    .port_info 88 /OUTPUT 1 "boot_verify0_memtest0_ok_o";
    .port_info 89 /OUTPUT 1 "boot_verify_req_seen_o";
    .port_info 90 /OUTPUT 1 "boot_verify_rsp_seen_o";
    .port_info 91 /OUTPUT 1 "boot_memtest_pass_o";
    .port_info 92 /OUTPUT 1 "boot_memtest_done_o";
    .port_info 93 /OUTPUT 1 "boot_memtest_rd_seen_o";
    .port_info 94 /OUTPUT 1 "boot_memtest0_ok_o";
    .port_info 95 /OUTPUT 1 "boot_memtest1_ok_o";
    .port_info 96 /OUTPUT 1 "boot_memtest2_ok_o";
    .port_info 97 /OUTPUT 1 "boot_memtest3_ok_o";
    .port_info 98 /OUTPUT 1 "vga_hsync_o";
    .port_info 99 /OUTPUT 1 "vga_vsync_o";
    .port_info 100 /OUTPUT 4 "vga_red_o";
    .port_info 101 /OUTPUT 4 "vga_green_o";
    .port_info 102 /OUTPUT 4 "vga_blue_o";
P_00000260a32081c0 .param/l "ADDR_WIDTH" 0 4 15, +C4<00000000000000000000000000100000>;
P_00000260a32081f8 .param/l "BOOT_RELEASE_CYCLES" 0 4 23, +C4<00000000000000000000000000000001>;
P_00000260a3208230 .param/l "BOOT_RELEASE_W" 1 4 158, +C4<00000000000000000000000000000001>;
P_00000260a3208268 .param/l "DMEM_WORDS" 0 4 17, +C4<00000000000000000000010000000000>;
P_00000260a32082a0 .param/l "D_CACHE_BYTES_CFG" 1 4 1849, +C4<00000000000000000010000000000000>;
P_00000260a32082d8 .param/l "I_CACHE_BYTES_CFG" 1 4 824, +C4<00000000000000000010000000000000>;
P_00000260a3208310 .param/l "I_CACHE_INDEX_BITS_CFG" 1 4 825, +C4<00000000000000000000000000000110>;
P_00000260a3208348 .param/l "I_CACHE_TAG_BITS_CFG" 1 4 833, +C4<00000000000000000000000000010100>;
P_00000260a3208380 .param/l "L2_DATA_W" 0 4 16, +C4<00000000000000000000000001000000>;
P_00000260a32083b8 .param/l "LAUNCHER_BTN_DEBOUNCE_CYCLES" 1 4 178, +C4<00000000000000001100001101010000>;
P_00000260a32083f0 .param/l "LAUNCHER_BTN_DEBOUNCE_W" 1 4 179, +C4<00000000000000000000000000010000>;
P_00000260a3208428 .param/l "LAUNCHER_RESET_ARM_CYCLES" 1 4 185, +C4<00000000010011000100101101000000>;
P_00000260a3208460 .param/l "LAUNCHER_RESET_ARM_W" 1 4 186, +C4<00000000000000000000000000010111>;
P_00000260a3208498 .param/l "LAUNCHER_RESET_CYCLES" 1 4 188, +C4<00000000000111101000010010000000>;
P_00000260a32084d0 .param/l "LAUNCHER_RESET_W" 1 4 189, +C4<00000000000000000000000000010101>;
P_00000260a3208508 .param/l "RESET_PC" 0 4 25, C4<10000000000000000000000000000000>;
P_00000260a3208540 .param/l "UART_BAUD" 0 4 21, +C4<00000000000011110100001001000000>;
P_00000260a3208578 .param/l "UART_BOOT_BASE" 0 4 24, C4<10000000000000000000000000000000>;
P_00000260a32085b0 .param/l "UART_BOOT_EN" 0 4 20, +C4<00000000000000000000000000000000>;
P_00000260a32085e8 .param/l "UART_CLK_HZ" 0 4 22, +C4<00000101111101011110000100000000>;
P_00000260a3208620 .param/l "UART_MMIO_BASE" 1 4 1547, C4<01000000000000000000000000000000>;
P_00000260a3208658 .param/l "UART_MMIO_LAUNCHER_RESET" 1 4 1552, C4<01000000000000000000000000010100>;
P_00000260a3208690 .param/l "UART_MMIO_LAUNCHER_STATUS" 1 4 1551, C4<01000000000000000000000000010000>;
P_00000260a32086c8 .param/l "UART_MMIO_MEIP" 1 4 1554, C4<01000000000000000000000000011100>;
P_00000260a3208700 .param/l "UART_MMIO_MSIP" 1 4 1553, C4<01000000000000000000000000011000>;
P_00000260a3208738 .param/l "UART_MMIO_MTIMECMP_HI" 1 4 1558, C4<01000000000000000000000000101100>;
P_00000260a3208770 .param/l "UART_MMIO_MTIMECMP_LO" 1 4 1557, C4<01000000000000000000000000101000>;
P_00000260a32087a8 .param/l "UART_MMIO_MTIME_HI" 1 4 1556, C4<01000000000000000000000000100100>;
P_00000260a32087e0 .param/l "UART_MMIO_MTIME_LO" 1 4 1555, C4<01000000000000000000000000100000>;
P_00000260a3208818 .param/l "UART_MMIO_RX_DATA" 1 4 1549, C4<01000000000000000000000000001000>;
P_00000260a3208850 .param/l "UART_MMIO_RX_STATUS" 1 4 1550, C4<01000000000000000000000000001100>;
P_00000260a3208888 .param/l "UART_MMIO_TX_STATUS" 1 4 1548, C4<01000000000000000000000000000100>;
P_00000260a32088c0 .param/l "USE_MIG" 0 4 18, +C4<00000000000000000000000000000000>;
P_00000260a32088f8 .param/l "USE_VGA" 0 4 19, +C4<00000000000000000000000000000000>;
P_00000260a3208930 .param/l "VGA_MMIO_BASE" 1 4 1559, C4<01010000000000000000000000000000>;
P_00000260a3208968 .param/l "VGA_MMIO_LAST" 1 4 1560, C4<01010000000000000111111111111111>;
L_00000260a2d5b5d0 .functor NOT 1, L_00000260a32bb250, C4<0>, C4<0>, C4<0>;
L_00000260a32d43b0 .functor BUFT 1, C4<0>, C4<0>, C4<0>, C4<0>;
L_00000260a2d5bf00 .functor OR 1, L_00000260a32d43b0, v00000260a32959b0_0, C4<0>, C4<0>;
L_00000260a32d4320 .functor BUFT 1, C4<0>, C4<0>, C4<0>, C4<0>;
L_00000260a2d5c2f0 .functor NOT 1, L_00000260a32d4320, C4<0>, C4<0>, C4<0>;
L_00000260a2d5c910 .functor AND 1, L_00000260a2d5c2f0, L_00000260a32d42d8, C4<1>, C4<1>;
L_00000260a2d5c280 .functor OR 1, L_00000260a32b9590, L_00000260a32b9950, C4<0>, C4<0>;
L_00000260a32d4368 .functor BUFT 1, C4<1>, C4<0>, C4<0>, C4<0>;
L_00000260a2d5be20 .functor BUFZ 1, L_00000260a32d4368, C4<0>, C4<0>, C4<0>;
L_00000260a2d5bfe0 .functor BUFZ 1, L_00000260a2d5bf00, C4<0>, C4<0>, C4<0>;
L_00000260a2d5c360 .functor BUFZ 1, v00000260a32959b0_0, C4<0>, C4<0>, C4<0>;
L_00000260a2d5c3d0 .functor BUFZ 1, L_00000260a32d43b0, C4<0>, C4<0>, C4<0>;
L_00000260a32d43f8 .functor BUFT 1, C4<0>, C4<0>, C4<0>, C4<0>;
L_00000260a2d5cd70 .functor BUFZ 1, L_00000260a32d43f8, C4<0>, C4<0>, C4<0>;
L_00000260a32d4440 .functor BUFT 1, C4<0>, C4<0>, C4<0>, C4<0>;
L_00000260a2d5be90 .functor BUFZ 1, L_00000260a32d4440, C4<0>, C4<0>, C4<0>;
L_00000260a32d4488 .functor BUFT 1, C4<1>, C4<0>, C4<0>, C4<0>;
L_00000260a2d5c980 .functor BUFZ 1, L_00000260a32d4488, C4<0>, C4<0>, C4<0>;
L_00000260a2d5c440 .functor BUFZ 1, L_00000260a2d5c910, C4<0>, C4<0>, C4<0>;
L_00000260a2d5ba30 .functor BUFZ 1, v00000260a3294e70_0, C4<0>, C4<0>, C4<0>;
L_00000260a32d44d0 .functor BUFT 1, C4<000>, C4<0>, C4<0>, C4<0>;
L_00000260a2d5c4b0 .functor BUFZ 3, L_00000260a32d44d0, C4<000>, C4<000>, C4<000>;
L_00000260a32d4518 .functor BUFT 1, C4<0000>, C4<0>, C4<0>, C4<0>;
L_00000260a2d5c050 .functor BUFZ 4, L_00000260a32d4518, C4<0000>, C4<0000>, C4<0000>;
L_00000260a2d5c130 .functor BUFZ 1, L_00000260a32bb250, C4<0>, C4<0>, C4<0>;
L_00000260a2d5c520 .functor BUFZ 1, v00000260a3297850_0, C4<0>, C4<0>, C4<0>;
L_00000260a2d5c0c0 .functor BUFZ 1, v00000260a32a8620_0, C4<0>, C4<0>, C4<0>;
L_00000260a2d5b9c0 .functor BUFZ 1, v00000260a32a8300_0, C4<0>, C4<0>, C4<0>;
L_00000260a2d5bb80 .functor BUFZ 1, v00000260a32a7720_0, C4<0>, C4<0>, C4<0>;
L_00000260a2d5bf70 .functor BUFZ 1, v00000260a3299790_0, C4<0>, C4<0>, C4<0>;
L_00000260a2d5c1a0 .functor BUFZ 1, v00000260a329b1d0_0, C4<0>, C4<0>, C4<0>;
L_00000260a2d5b6b0 .functor BUFZ 1, v00000260a329a7d0_0, C4<0>, C4<0>, C4<0>;
L_00000260a2d5cd00 .functor BUFZ 1, v00000260a32a6f00_0, C4<0>, C4<0>, C4<0>;
L_00000260a2d5b3a0 .functor BUFZ 1, v00000260a32abd20_0, C4<0>, C4<0>, C4<0>;
L_00000260a32d4560 .functor BUFT 1, C4<0>, C4<0>, C4<0>, C4<0>;
L_00000260a2d5c210 .functor BUFZ 1, L_00000260a32d4560, C4<0>, C4<0>, C4<0>;
L_00000260a32d45a8 .functor BUFT 1, C4<0>, C4<0>, C4<0>, C4<0>;
L_00000260a2d5c9f0 .functor BUFZ 1, L_00000260a32d45a8, C4<0>, C4<0>, C4<0>;
L_00000260a32d45f0 .functor BUFT 1, C4<0>, C4<0>, C4<0>, C4<0>;
L_00000260a2d5c590 .functor BUFZ 1, L_00000260a32d45f0, C4<0>, C4<0>, C4<0>;
L_00000260a32d4638 .functor BUFT 1, C4<0>, C4<0>, C4<0>, C4<0>;
L_00000260a2d5baa0 .functor BUFZ 1, L_00000260a32d4638, C4<0>, C4<0>, C4<0>;
L_00000260a32d4680 .functor BUFT 1, C4<0>, C4<0>, C4<0>, C4<0>;
L_00000260a2d5c600 .functor BUFZ 1, L_00000260a32d4680, C4<0>, C4<0>, C4<0>;
L_00000260a32d46c8 .functor BUFT 1, C4<0>, C4<0>, C4<0>, C4<0>;
L_00000260a2d5ca60 .functor BUFZ 1, L_00000260a32d46c8, C4<0>, C4<0>, C4<0>;
L_00000260a32d4710 .functor BUFT 1, C4<0>, C4<0>, C4<0>, C4<0>;
L_00000260a2d5b640 .functor BUFZ 1, L_00000260a32d4710, C4<0>, C4<0>, C4<0>;
L_00000260a32d4758 .functor BUFT 1, C4<0>, C4<0>, C4<0>, C4<0>;
L_00000260a2d5b480 .functor BUFZ 1, L_00000260a32d4758, C4<0>, C4<0>, C4<0>;
L_00000260a32d47a0 .functor BUFT 1, C4<0>, C4<0>, C4<0>, C4<0>;
L_00000260a2d5c670 .functor BUFZ 1, L_00000260a32d47a0, C4<0>, C4<0>, C4<0>;
L_00000260a32d47e8 .functor BUFT 1, C4<0>, C4<0>, C4<0>, C4<0>;
L_00000260a2d5c6e0 .functor BUFZ 1, L_00000260a32d47e8, C4<0>, C4<0>, C4<0>;
L_00000260a32d4830 .functor BUFT 1, C4<0>, C4<0>, C4<0>, C4<0>;
L_00000260a2d5cad0 .functor BUFZ 1, L_00000260a32d4830, C4<0>, C4<0>, C4<0>;
L_00000260a32d4878 .functor BUFT 1, C4<0>, C4<0>, C4<0>, C4<0>;
L_00000260a2d5bb10 .functor BUFZ 1, L_00000260a32d4878, C4<0>, C4<0>, C4<0>;
L_00000260a32d48c0 .functor BUFT 1, C4<0>, C4<0>, C4<0>, C4<0>;
L_00000260a2d5c830 .functor BUFZ 1, L_00000260a32d48c0, C4<0>, C4<0>, C4<0>;
L_00000260a32d4908 .functor BUFT 1, C4<0>, C4<0>, C4<0>, C4<0>;
L_00000260a2d5c750 .functor BUFZ 1, L_00000260a32d4908, C4<0>, C4<0>, C4<0>;
L_00000260a32d4950 .functor BUFT 1, C4<0>, C4<0>, C4<0>, C4<0>;
L_00000260a2d5b4f0 .functor BUFZ 1, L_00000260a32d4950, C4<0>, C4<0>, C4<0>;
L_00000260a32d4998 .functor BUFT 1, C4<0>, C4<0>, C4<0>, C4<0>;
L_00000260a2d5c8a0 .functor BUFZ 1, L_00000260a32d4998, C4<0>, C4<0>, C4<0>;
L_00000260a32d49e0 .functor BUFT 1, C4<0>, C4<0>, C4<0>, C4<0>;
L_00000260a2d5cc20 .functor BUFZ 1, L_00000260a32d49e0, C4<0>, C4<0>, C4<0>;
L_00000260a32d4a28 .functor BUFT 1, C4<0>, C4<0>, C4<0>, C4<0>;
L_00000260a2d5c7c0 .functor BUFZ 1, L_00000260a32d4a28, C4<0>, C4<0>, C4<0>;
L_00000260a32d4a70 .functor BUFT 1, C4<1>, C4<0>, C4<0>, C4<0>;
L_00000260a2d5cb40 .functor BUFZ 1, L_00000260a32d4a70, C4<0>, C4<0>, C4<0>;
L_00000260a32d4ab8 .functor BUFT 1, C4<1>, C4<0>, C4<0>, C4<0>;
L_00000260a2d5bcd0 .functor BUFZ 1, L_00000260a32d4ab8, C4<0>, C4<0>, C4<0>;
L_00000260a32d4b00 .functor BUFT 1, C4<0>, C4<0>, C4<0>, C4<0>;
L_00000260a2d5b720 .functor BUFZ 1, L_00000260a32d4b00, C4<0>, C4<0>, C4<0>;
L_00000260a32d4b48 .functor BUFT 1, C4<1>, C4<0>, C4<0>, C4<0>;
L_00000260a2d5b800 .functor BUFZ 1, L_00000260a32d4b48, C4<0>, C4<0>, C4<0>;
L_00000260a32d4b90 .functor BUFT 1, C4<1>, C4<0>, C4<0>, C4<0>;
L_00000260a2d5cbb0 .functor BUFZ 1, L_00000260a32d4b90, C4<0>, C4<0>, C4<0>;
L_00000260a32d4bd8 .functor BUFT 1, C4<1>, C4<0>, C4<0>, C4<0>;
L_00000260a2d5b870 .functor BUFZ 1, L_00000260a32d4bd8, C4<0>, C4<0>, C4<0>;
L_00000260a32d4c20 .functor BUFT 1, C4<1>, C4<0>, C4<0>, C4<0>;
L_00000260a2d5cc90 .functor BUFZ 1, L_00000260a32d4c20, C4<0>, C4<0>, C4<0>;
L_00000260a32d4d88 .functor BUFT 1, C4<1>, C4<0>, C4<0>, C4<0>;
L_00000260a2d5cde0 .functor BUFZ 1, L_00000260a32d4d88, C4<0>, C4<0>, C4<0>;
L_00000260a32d4dd0 .functor BUFT 1, C4<1>, C4<0>, C4<0>, C4<0>;
L_00000260a2d5ce50 .functor BUFZ 1, L_00000260a32d4dd0, C4<0>, C4<0>, C4<0>;
L_00000260a32d4e18 .functor BUFT 1, C4<0000>, C4<0>, C4<0>, C4<0>;
L_00000260a2d5b2c0 .functor BUFZ 4, L_00000260a32d4e18, C4<0000>, C4<0000>, C4<0000>;
L_00000260a32d4e60 .functor BUFT 1, C4<0000>, C4<0>, C4<0>, C4<0>;
L_00000260a2d5b330 .functor BUFZ 4, L_00000260a32d4e60, C4<0000>, C4<0000>, C4<0000>;
L_00000260a32d4ea8 .functor BUFT 1, C4<0000>, C4<0>, C4<0>, C4<0>;
L_00000260a2d5b8e0 .functor BUFZ 4, L_00000260a32d4ea8, C4<0000>, C4<0000>, C4<0000>;
L_00000260a2d5b950 .functor BUFZ 32, v00000260a327fdc0_0, C4<00000000000000000000000000000000>, C4<00000000000000000000000000000000>, C4<00000000000000000000000000000000>;
L_00000260a2d6e0a0 .functor BUFZ 1, L_00000260a3339940, C4<0>, C4<0>, C4<0>;
L_00000260a2d6e650 .functor NOT 1, L_00000260a333de60, C4<0>, C4<0>, C4<0>;
L_00000260a2d76140 .functor BUFZ 1, v00000260a329c2b0_0, C4<0>, C4<0>, C4<0>;
L_00000260a2d78f30 .functor NOT 1, v00000260a329c2b0_0, C4<0>, C4<0>, C4<0>;
L_00000260a2d79160 .functor AND 1, v00000260a2ab5430_0, L_00000260a2d78f30, C4<1>, C4<1>;
L_00000260a3332160 .functor BUFZ 1, v00000260a329c2b0_0, C4<0>, C4<0>, C4<0>;
L_00000260a3331590 .functor NOT 1, L_00000260a2d73580, C4<0>, C4<0>, C4<0>;
L_00000260a33328d0 .functor AND 1, L_00000260a3331600, L_00000260a3331590, C4<1>, C4<1>;
L_00000260a3332470 .functor NOT 1, L_00000260a2d6e0a0, C4<0>, C4<0>, C4<0>;
L_00000260a3332b70 .functor AND 1, L_00000260a33328d0, L_00000260a3332470, C4<1>, C4<1>;
L_00000260a3332400 .functor NOT 1, L_00000260a2d78f30, C4<0>, C4<0>, C4<0>;
L_00000260a3333120 .functor AND 1, v00000260a2ab5430_0, L_00000260a3332400, C4<1>, C4<1>;
L_00000260a3332010 .functor AND 1, L_00000260a3331830, L_00000260a2d6e650, C4<1>, C4<1>;
L_00000260a3332e80 .functor AND 1, L_00000260a3332010, v00000260a329c210_0, C4<1>, C4<1>;
L_00000260a3332320 .functor NOT 1, L_00000260a3339940, C4<0>, C4<0>, C4<0>;
L_00000260a3331c90 .functor AND 1, L_00000260a2d76140, L_00000260a3332320, C4<1>, C4<1>;
L_00000260a3331d70 .functor AND 1, L_00000260a2d76140, v00000260a329c210_0, C4<1>, C4<1>;
L_00000260a3332c50 .functor OR 1, L_00000260a32b9130, L_00000260a32b9b30, C4<0>, C4<0>;
L_00000260a33317c0 .functor OR 1, L_00000260a3332c50, L_00000260a32baa30, C4<0>, C4<0>;
L_00000260a3331de0 .functor AND 1, L_00000260a3331c90, L_00000260a32bacb0, C4<1>, C4<1>;
L_00000260a3331830 .functor AND 1, L_00000260a3331de0, L_00000260a32bafd0, C4<1>, C4<1>;
L_00000260a3331ec0 .functor AND 1, L_00000260a3331830, L_00000260a2d6e650, C4<1>, C4<1>;
L_00000260a3331c20 .functor NOT 1, v00000260a32a3760_0, C4<0>, C4<0>, C4<0>;
L_00000260a3332940 .functor NOT 1, L_00000260a333dd80, C4<0>, C4<0>, C4<0>;
L_00000260a3332ef0 .functor AND 1, L_00000260a3331c20, L_00000260a3332940, C4<1>, C4<1>;
L_00000260a3332390 .functor NOT 1, v00000260a329c2b0_0, C4<0>, C4<0>, C4<0>;
L_00000260a33318a0 .functor AND 1, L_00000260a3332ef0, L_00000260a3332390, C4<1>, C4<1>;
L_00000260a3332710 .functor NOT 1, v00000260a329e5b0_0, C4<0>, C4<0>, C4<0>;
L_00000260a3331600 .functor AND 1, L_00000260a33318a0, L_00000260a3332710, C4<1>, C4<1>;
L_00000260a3331f30 .functor AND 1, L_00000260a3331600, L_00000260a2d73580, C4<1>, C4<1>;
L_00000260a3332be0 .functor NOT 1, L_00000260a2d6e0a0, C4<0>, C4<0>, C4<0>;
L_00000260a33320f0 .functor AND 1, L_00000260a3331f30, L_00000260a3332be0, C4<1>, C4<1>;
L_00000260a3334af0 .functor OR 1, v00000260a32601d0_0, v00000260a3261fd0_0, C4<0>, C4<0>;
L_00000260a3333740 .functor OR 1, L_00000260a3334af0, v00000260a32630b0_0, C4<0>, C4<0>;
L_00000260a32d5d00 .functor BUFT 1, C4<11111111111111111111111111111110>, C4<0>, C4<0>, C4<0>;
L_00000260a33340e0 .functor AND 32, L_00000260a32bedb0, L_00000260a32d5d00, C4<11111111111111111111111111111111>, C4<11111111111111111111111111111111>;
L_00000260a3334930 .functor AND 1, L_00000260a3333190, L_00000260a3333200, C4<1>, C4<1>;
L_00000260a3333eb0 .functor NOT 1, L_00000260a333e560, C4<0>, C4<0>, C4<0>;
L_00000260a3334bd0 .functor AND 1, L_00000260a3334930, L_00000260a3333eb0, C4<1>, C4<1>;
L_00000260a3334230 .functor AND 1, L_00000260a3331e50, L_00000260a3333740, C4<1>, C4<1>;
L_00000260a33337b0 .functor AND 1, v00000260a32601d0_0, L_00000260a32be450, C4<1>, C4<1>;
L_00000260a3333f20 .functor OR 1, v00000260a3261fd0_0, L_00000260a33337b0, C4<0>, C4<0>;
L_00000260a33349a0 .functor AND 1, L_00000260a3334230, L_00000260a3333f20, C4<1>, C4<1>;
L_00000260a3333660 .functor NOT 1, L_00000260a333de60, C4<0>, C4<0>, C4<0>;
L_00000260a3333a50 .functor AND 1, L_00000260a33349a0, L_00000260a3333660, C4<1>, C4<1>;
L_00000260a3334690 .functor NOT 1, L_00000260a333e560, C4<0>, C4<0>, C4<0>;
L_00000260a3333350 .functor AND 1, L_00000260a3333190, L_00000260a3334690, C4<1>, C4<1>;
L_00000260a3334a80 .functor AND 1, L_00000260a3333350, L_00000260a33332e0, C4<1>, C4<1>;
L_00000260a33334a0 .functor AND 1, L_00000260a3333190, L_00000260a33347e0, C4<1>, C4<1>;
L_00000260a3333510 .functor NOT 1, L_00000260a333e560, C4<0>, C4<0>, C4<0>;
L_00000260a33368b0 .functor AND 1, L_00000260a33334a0, L_00000260a3333510, C4<1>, C4<1>;
L_00000260a33366f0 .functor NOT 1, L_00000260a333e560, C4<0>, C4<0>, C4<0>;
L_00000260a3336840 .functor AND 1, L_00000260a3333190, L_00000260a33366f0, C4<1>, C4<1>;
L_00000260a3335340 .functor NOT 1, L_00000260a3338520, C4<0>, C4<0>, C4<0>;
L_00000260a3336530 .functor AND 1, L_00000260a3336840, L_00000260a3335340, C4<1>, C4<1>;
L_00000260a3334ee0 .functor OR 1, L_00000260a3333900, L_00000260a3334150, C4<0>, C4<0>;
L_00000260a3334f50 .functor OR 1, L_00000260a3334ee0, L_00000260a33382f0, C4<0>, C4<0>;
L_00000260a33365a0 .functor AND 1, L_00000260a3336530, L_00000260a3334f50, C4<1>, C4<1>;
L_00000260a3335180 .functor NOT 1, L_00000260a333d3e0, C4<0>, C4<0>, C4<0>;
L_00000260a3336610 .functor AND 1, L_00000260a33394e0, L_00000260a3335180, C4<1>, C4<1>;
L_00000260a3335dc0 .functor AND 1, L_00000260a3339fd0, L_00000260a3339cc0, C4<1>, C4<1>;
L_00000260a3336760 .functor NOT 1, L_00000260a3339fd0, C4<0>, C4<0>, C4<0>;
L_00000260a33353b0 .functor NOT 1, L_00000260a3339a20, C4<0>, C4<0>, C4<0>;
L_00000260a3335810 .functor AND 1, L_00000260a3336760, L_00000260a33353b0, C4<1>, C4<1>;
L_00000260a3335ab0 .functor OR 1, L_00000260a3335dc0, L_00000260a3335810, C4<0>, C4<0>;
L_00000260a3336140 .functor AND 1, L_00000260a3336610, L_00000260a3335ab0, C4<1>, C4<1>;
L_00000260a3337aa0 .functor NOT 1, L_00000260a333e560, C4<0>, C4<0>, C4<0>;
L_00000260a3337410 .functor AND 1, L_00000260a3333190, L_00000260a3337aa0, C4<1>, C4<1>;
L_00000260a3337330 .functor OR 1, L_00000260a3333900, L_00000260a3334150, C4<0>, C4<0>;
L_00000260a3337480 .functor OR 1, L_00000260a3337330, L_00000260a33382f0, C4<0>, C4<0>;
L_00000260a3337b80 .functor AND 1, L_00000260a3337410, L_00000260a3337480, C4<1>, C4<1>;
L_00000260a3337bf0 .functor NOT 1, L_00000260a333e560, C4<0>, C4<0>, C4<0>;
L_00000260a3337fe0 .functor AND 1, L_00000260a3333190, L_00000260a3337bf0, C4<1>, C4<1>;
L_00000260a33383d0 .functor AND 1, L_00000260a3337fe0, L_00000260a33339e0, C4<1>, C4<1>;
L_00000260a3337c60 .functor NOT 1, L_00000260a333e560, C4<0>, C4<0>, C4<0>;
L_00000260a3337090 .functor AND 1, L_00000260a3333190, L_00000260a3337c60, C4<1>, C4<1>;
L_00000260a3337100 .functor AND 1, L_00000260a3337090, L_00000260a3334070, C4<1>, C4<1>;
L_00000260a3336a00 .functor NOT 1, L_00000260a333e560, C4<0>, C4<0>, C4<0>;
L_00000260a3337d40 .functor AND 1, L_00000260a3333190, L_00000260a3336a00, C4<1>, C4<1>;
L_00000260a33374f0 .functor OR 1, L_00000260a33345b0, L_00000260a3334850, C4<0>, C4<0>;
L_00000260a3337db0 .functor OR 1, L_00000260a33374f0, L_00000260a3334a10, C4<0>, C4<0>;
L_00000260a33375d0 .functor OR 1, L_00000260a3337db0, L_00000260a3338520, C4<0>, C4<0>;
L_00000260a33372c0 .functor OR 1, L_00000260a33375d0, L_00000260a3338050, C4<0>, C4<0>;
L_00000260a3337170 .functor OR 1, L_00000260a33372c0, L_00000260a3337800, C4<0>, C4<0>;
L_00000260a3337e20 .functor AND 1, L_00000260a3337d40, L_00000260a3337170, C4<1>, C4<1>;
L_00000260a3338440 .functor OR 1, L_00000260a333d3e0, L_00000260a3337e20, C4<0>, C4<0>;
L_00000260a3337640 .functor OR 1, L_00000260a3338440, L_00000260a3334a80, C4<0>, C4<0>;
L_00000260a33380c0 .functor OR 1, L_00000260a3337640, L_00000260a3338830, C4<0>, C4<0>;
L_00000260a33371e0 .functor OR 1, L_00000260a33380c0, L_00000260a3333a50, C4<0>, C4<0>;
L_00000260a3337f00 .functor NOT 1, L_00000260a33371e0, C4<0>, C4<0>, C4<0>;
L_00000260a3336e60 .functor AND 1, L_00000260a3332e80, L_00000260a3337f00, C4<1>, C4<1>;
L_00000260a3336ca0 .functor OR 1, L_00000260a333d3e0, L_00000260a3337e20, C4<0>, C4<0>;
L_00000260a33381a0 .functor OR 1, L_00000260a3336ca0, L_00000260a3336e60, C4<0>, C4<0>;
L_00000260a3337250 .functor OR 1, L_00000260a3338050, L_00000260a3337800, C4<0>, C4<0>;
L_00000260a3336a70 .functor NOT 1, L_00000260a33381a0, C4<0>, C4<0>, C4<0>;
L_00000260a3336fb0 .functor AND 1, L_00000260a333c030, L_00000260a3336a70, C4<1>, C4<1>;
L_00000260a3337f70 .functor NOT 1, L_00000260a3334a80, C4<0>, C4<0>, C4<0>;
L_00000260a33373a0 .functor AND 1, L_00000260a3336fb0, L_00000260a3337f70, C4<1>, C4<1>;
L_00000260a3336b50 .functor OR 1, L_00000260a33381a0, L_00000260a33373a0, C4<0>, C4<0>;
L_00000260a3336bc0 .functor OR 1, L_00000260a3336b50, L_00000260a3334a80, C4<0>, C4<0>;
L_00000260a3339a90 .functor OR 1, L_00000260a3333900, L_00000260a3334150, C4<0>, C4<0>;
L_00000260a3339b00 .functor OR 1, L_00000260a3339a90, L_00000260a33382f0, C4<0>, C4<0>;
L_00000260a3338c20 .functor OR 1, L_00000260a3333200, L_00000260a3333900, C4<0>, C4<0>;
L_00000260a3338d00 .functor OR 1, L_00000260a3338c20, L_00000260a3334150, C4<0>, C4<0>;
L_00000260a33398d0 .functor AND 1, L_00000260a3333190, L_00000260a3338d00, C4<1>, C4<1>;
L_00000260a3339ef0 .functor XOR 1, L_00000260a3334460, L_00000260a3339b00, C4<0>, C4<0>;
L_00000260a3339390 .functor AND 1, L_00000260a3339b00, L_00000260a3334460, C4<1>, C4<1>;
L_00000260a3339f60 .functor AND 1, L_00000260a3339390, L_00000260a32c79b0, C4<1>, C4<1>;
L_00000260a3339320 .functor NOT 1, L_00000260a333e560, C4<0>, C4<0>, C4<0>;
L_00000260a3338750 .functor AND 1, L_00000260a33398d0, L_00000260a3339320, C4<1>, C4<1>;
L_00000260a3339e80 .functor OR 1, L_00000260a3339ef0, L_00000260a3339f60, C4<0>, C4<0>;
L_00000260a3338830 .functor AND 1, L_00000260a3338750, L_00000260a3339e80, C4<1>, C4<1>;
L_00000260a3338590 .functor OR 1, v00000260a329c7b0_0, L_00000260a3338830, C4<0>, C4<0>;
L_00000260a3339940 .functor OR 1, L_00000260a3338590, L_00000260a3333a50, C4<0>, C4<0>;
L_00000260a33395c0 .functor BUFZ 1, L_00000260a3337e20, C4<0>, C4<0>, C4<0>;
L_00000260a3338bb0 .functor OR 1, L_00000260a32c9850, L_00000260a32c8f90, C4<0>, C4<0>;
L_00000260a3338e50 .functor OR 1, L_00000260a3338bb0, L_00000260a32c9fd0, C4<0>, C4<0>;
L_00000260a3339c50 .functor OR 1, L_00000260a3338e50, L_00000260a32c9df0, C4<0>, C4<0>;
L_00000260a3339080 .functor OR 1, L_00000260a3339c50, L_00000260a32ca570, C4<0>, C4<0>;
L_00000260a3338fa0 .functor OR 1, L_00000260a3339080, L_00000260a32c97b0, C4<0>, C4<0>;
L_00000260a33390f0 .functor OR 1, L_00000260a3338fa0, L_00000260a32c9a30, C4<0>, C4<0>;
L_00000260a3339160 .functor OR 1, L_00000260a33390f0, L_00000260a32c8db0, C4<0>, C4<0>;
L_00000260a3339d30 .functor OR 1, L_00000260a3339160, L_00000260a32c9030, C4<0>, C4<0>;
L_00000260a3339da0 .functor OR 1, L_00000260a3339d30, L_00000260a32c90d0, C4<0>, C4<0>;
L_00000260a33391d0 .functor OR 1, L_00000260a3339da0, L_00000260a32ca110, C4<0>, C4<0>;
L_00000260a33392b0 .functor OR 1, L_00000260a33391d0, L_00000260a32c93f0, C4<0>, C4<0>;
L_00000260a333b000 .functor AND 1, v00000260a328b9e0_0, L_00000260a32c9350, C4<1>, C4<1>;
L_00000260a32d8070 .functor BUFT 1, C4<0>, C4<0>, C4<0>, C4<0>;
L_00000260a333b3f0 .functor AND 1, v00000260a328b9e0_0, L_00000260a32d8070, C4<1>, C4<1>;
L_00000260a333ba80 .functor OR 1, L_00000260a32c9350, L_00000260a32d8070, C4<0>, C4<0>;
L_00000260a333ac10 .functor NOT 1, L_00000260a333b000, C4<0>, C4<0>, C4<0>;
L_00000260a333ac80 .functor AND 1, L_00000260a3338670, L_00000260a32c9850, C4<1>, C4<1>;
L_00000260a333a270 .functor AND 1, L_00000260a333ac80, L_00000260a32c95d0, C4<1>, C4<1>;
L_00000260a333b930 .functor NOT 1, L_00000260a32c8950, C4<0>, C4<0>, C4<0>;
L_00000260a333b150 .functor AND 1, L_00000260a333b000, L_00000260a32c8810, C4<1>, C4<1>;
L_00000260a333bc40 .functor OR 1, L_00000260a32c9850, L_00000260a32c97b0, C4<0>, C4<0>;
L_00000260a333a740 .functor OR 1, L_00000260a333bc40, L_00000260a32c9a30, C4<0>, C4<0>;
L_00000260a333b9a0 .functor OR 1, L_00000260a333a740, L_00000260a32c8db0, C4<0>, C4<0>;
L_00000260a333a6d0 .functor OR 1, L_00000260a333b9a0, L_00000260a32c9030, C4<0>, C4<0>;
L_00000260a333b0e0 .functor OR 1, L_00000260a333a6d0, L_00000260a32c90d0, C4<0>, C4<0>;
L_00000260a333a900 .functor OR 1, L_00000260a333b0e0, L_00000260a32ca110, C4<0>, C4<0>;
L_00000260a333b070 .functor OR 1, L_00000260a333a900, L_00000260a32c93f0, C4<0>, C4<0>;
L_00000260a333a4a0 .functor NOT 1, L_00000260a333b070, C4<0>, C4<0>, C4<0>;
L_00000260a333b2a0 .functor NOT 1, L_00000260a32c95d0, C4<0>, C4<0>, C4<0>;
L_00000260a333b1c0 .functor OR 1, L_00000260a333a4a0, L_00000260a333b2a0, C4<0>, C4<0>;
L_00000260a333a2e0 .functor AND 1, L_00000260a3338670, L_00000260a333b1c0, C4<1>, C4<1>;
L_00000260a333b460 .functor NOT 1, L_00000260a3338670, C4<0>, C4<0>, C4<0>;
L_00000260a333a7b0 .functor NOT 1, L_00000260a33392b0, C4<0>, C4<0>, C4<0>;
L_00000260a333aeb0 .functor AND 1, L_00000260a333b460, L_00000260a333a7b0, C4<1>, C4<1>;
L_00000260a333b540 .functor OR 1, L_00000260a333a2e0, L_00000260a333aeb0, C4<0>, C4<0>;
L_00000260a333acf0 .functor AND 1, L_00000260a333b150, L_00000260a333b540, C4<1>, C4<1>;
L_00000260a333ad60 .functor NOT 1, L_00000260a32c8950, C4<0>, C4<0>, C4<0>;
L_00000260a333a970 .functor BUFZ 1, L_00000260a333b150, C4<0>, C4<0>, C4<0>;
L_00000260a333aba0 .functor AND 1, L_00000260a333b150, L_00000260a3338670, C4<1>, C4<1>;
L_00000260a333b380 .functor AND 1, L_00000260a333aba0, L_00000260a32c9850, C4<1>, C4<1>;
L_00000260a333b8c0 .functor AND 1, L_00000260a333b380, L_00000260a32c95d0, C4<1>, C4<1>;
L_00000260a333b620 .functor AND 1, L_00000260a333b150, L_00000260a3338670, C4<1>, C4<1>;
L_00000260a333a660 .functor AND 1, L_00000260a333b620, L_00000260a32c97b0, C4<1>, C4<1>;
L_00000260a333aac0 .functor AND 1, L_00000260a333a660, L_00000260a32c95d0, C4<1>, C4<1>;
L_00000260a333b770 .functor AND 1, L_00000260a333aac0, L_00000260a32c88b0, C4<1>, C4<1>;
L_00000260a333a350 .functor AND 1, L_00000260a333b150, L_00000260a3338670, C4<1>, C4<1>;
L_00000260a333b7e0 .functor AND 1, L_00000260a333a350, L_00000260a32c9a30, C4<1>, C4<1>;
L_00000260a333a820 .functor AND 1, L_00000260a333b7e0, L_00000260a32c95d0, C4<1>, C4<1>;
L_00000260a333add0 .functor AND 1, L_00000260a333b150, L_00000260a3338670, C4<1>, C4<1>;
L_00000260a333baf0 .functor AND 1, L_00000260a333add0, L_00000260a32c8db0, C4<1>, C4<1>;
L_00000260a333a890 .functor AND 1, L_00000260a333baf0, L_00000260a32c95d0, C4<1>, C4<1>;
L_00000260a333a9e0 .functor AND 1, L_00000260a333b150, L_00000260a3338670, C4<1>, C4<1>;
L_00000260a333ae40 .functor AND 1, L_00000260a333a9e0, L_00000260a32c9030, C4<1>, C4<1>;
L_00000260a333b690 .functor AND 1, L_00000260a333ae40, L_00000260a32c95d0, C4<1>, C4<1>;
L_00000260a333b230 .functor AND 1, L_00000260a333b150, L_00000260a3338670, C4<1>, C4<1>;
L_00000260a333a580 .functor AND 1, L_00000260a333b230, L_00000260a32c90d0, C4<1>, C4<1>;
L_00000260a333aa50 .functor AND 1, L_00000260a333a580, L_00000260a32c95d0, C4<1>, C4<1>;
L_00000260a333a190 .functor AND 1, L_00000260a333b150, L_00000260a3338670, C4<1>, C4<1>;
L_00000260a333b4d0 .functor AND 1, L_00000260a333a190, L_00000260a32ca110, C4<1>, C4<1>;
L_00000260a333af20 .functor AND 1, L_00000260a333b4d0, L_00000260a32c95d0, C4<1>, C4<1>;
L_00000260a333b850 .functor AND 1, L_00000260a333b150, L_00000260a3338670, C4<1>, C4<1>;
L_00000260a333af90 .functor AND 1, L_00000260a333b850, L_00000260a32c93f0, C4<1>, C4<1>;
L_00000260a333b310 .functor AND 1, L_00000260a333af90, L_00000260a32c95d0, C4<1>, C4<1>;
L_00000260a333b5b0 .functor NOT 1, L_00000260a3338670, C4<0>, C4<0>, C4<0>;
L_00000260a333b700 .functor AND 1, L_00000260a333b150, L_00000260a333b5b0, C4<1>, C4<1>;
L_00000260a333a5f0 .functor AND 1, L_00000260a333b700, L_00000260a32c9fd0, C4<1>, C4<1>;
L_00000260a333ab30 .functor NOT 1, L_00000260a3338670, C4<0>, C4<0>, C4<0>;
L_00000260a333ba10 .functor AND 1, L_00000260a333b150, L_00000260a333ab30, C4<1>, C4<1>;
L_00000260a333a200 .functor AND 1, L_00000260a333ba10, L_00000260a32c9df0, C4<1>, C4<1>;
L_00000260a333d220 .functor NOT 1, L_00000260a333ba80, C4<0>, C4<0>, C4<0>;
L_00000260a333d6f0 .functor AND 1, v00000260a328b9e0_0, L_00000260a333d220, C4<1>, C4<1>;
L_00000260a333c340 .functor BUFZ 1, L_00000260a32cabb0, C4<0>, C4<0>, C4<0>;
L_00000260a333cc00 .functor AND 1, L_00000260a32cabb0, L_00000260a32ccc30, C4<1>, C4<1>;
L_00000260a333d3e0 .functor BUFZ 1, L_00000260a333cc00, C4<0>, C4<0>, C4<0>;
L_00000260a333be00 .functor NOT 1, L_00000260a3339a20, C4<0>, C4<0>, C4<0>;
L_00000260a333c960 .functor AND 1, L_00000260a33394e0, L_00000260a333be00, C4<1>, C4<1>;
L_00000260a333cb20 .functor NOT 1, L_00000260a3339cc0, C4<0>, C4<0>, C4<0>;
L_00000260a333d300 .functor AND 1, L_00000260a3339a20, L_00000260a333cb20, C4<1>, C4<1>;
L_00000260a333d060 .functor BUFZ 1, L_00000260a333cb90, C4<0>, C4<0>, C4<0>;
L_00000260a333c3b0 .functor BUFZ 5, L_00000260a333c650, C4<00000>, C4<00000>, C4<00000>;
L_00000260a333d0d0 .functor BUFZ 32, L_00000260a333d680, C4<00000000000000000000000000000000>, C4<00000000000000000000000000000000>, C4<00000000000000000000000000000000>;
L_00000260a333d840 .functor NOT 1, L_00000260a3331e50, C4<0>, C4<0>, C4<0>;
L_00000260a333d1b0 .functor AND 1, L_00000260a333d140, L_00000260a333d840, C4<1>, C4<1>;
L_00000260a333c0a0 .functor NOT 1, L_00000260a3333190, C4<0>, C4<0>, C4<0>;
L_00000260a333d450 .functor AND 1, L_00000260a333d1b0, L_00000260a333c0a0, C4<1>, C4<1>;
L_00000260a333c500 .functor NOT 1, L_00000260a33394e0, C4<0>, C4<0>, C4<0>;
L_00000260a333d530 .functor AND 1, L_00000260a333d450, L_00000260a333c500, C4<1>, C4<1>;
L_00000260a333d5a0 .functor NOT 1, L_00000260a333cf10, C4<0>, C4<0>, C4<0>;
L_00000260a333d610 .functor AND 1, L_00000260a333d530, L_00000260a333d5a0, C4<1>, C4<1>;
L_00000260a333d760 .functor NOT 1, L_00000260a3339a20, C4<0>, C4<0>, C4<0>;
L_00000260a333d7d0 .functor AND 1, L_00000260a333d610, L_00000260a333d760, C4<1>, C4<1>;
L_00000260a333c030 .functor AND 1, L_00000260a333d7d0, L_00000260a32cb290, C4<1>, C4<1>;
L_00000260a333d8b0 .functor NOT 1, L_00000260a333c030, C4<0>, C4<0>, C4<0>;
L_00000260a333be70 .functor AND 1, L_00000260a333d140, L_00000260a333d8b0, C4<1>, C4<1>;
L_00000260a333c110 .functor BUFZ 1, L_00000260a333be70, C4<0>, C4<0>, C4<0>;
L_00000260a333e2c0 .functor OR 1, L_00000260a333dd80, v00000260a32a3760_0, C4<0>, C4<0>;
L_00000260a333da70 .functor OR 1, L_00000260a333e2c0, L_00000260a3332b70, C4<0>, C4<0>;
L_00000260a333e1e0 .functor OR 1, L_00000260a333da70, L_00000260a3333120, C4<0>, C4<0>;
L_00000260a333ddf0 .functor OR 1, L_00000260a333e1e0, L_00000260a3332160, C4<0>, C4<0>;
L_00000260a333ecd0 .functor OR 1, L_00000260a333ddf0, v00000260a329e5b0_0, C4<0>, C4<0>;
L_00000260a333e870 .functor OR 1, L_00000260a333ecd0, L_00000260a333be70, C4<0>, C4<0>;
L_00000260a333de60 .functor BUFZ 1, L_00000260a333e720, C4<0>, C4<0>, C4<0>;
L_00000260a333e560 .functor BUFZ 1, L_00000260a333f360, C4<0>, C4<0>, C4<0>;
L_00000260a333e800 .functor BUFZ 1, L_00000260a333eaa0, C4<0>, C4<0>, C4<0>;
L_00000260a333e8e0 .functor OR 1, L_00000260a333e410, L_00000260a3336bc0, C4<0>, C4<0>;
L_00000260a333f0c0 .functor OR 1, L_00000260a333e250, L_00000260a3336bc0, C4<0>, C4<0>;
L_00000260a333fb40 .functor BUFT 1, L_00000260a32cb3d0, C4<0>, C4<0>, C4<0>;
L_00000260a333f8a0 .functor BUFT 1, v00000260a31652e0_0, C4<0>, C4<0>, C4<0>;
L_00000260a33406a0 .functor BUFT 32, v00000260a3165240_0, C4<00000000000000000000000000000000>, C4<00000000000000000000000000000000>, C4<00000000000000000000000000000000>;
L_00000260a333f830 .functor BUFT 1, v00000260a3167360_0, C4<0>, C4<0>, C4<0>;
L_00000260a32d4ef0 .functor BUFT 1, C4<01>, C4<0>, C4<0>, C4<0>;
v00000260a32813a0_0 .net/2u *"_ivl_10", 1 0, L_00000260a32d4ef0;  1 drivers
v00000260a3282ca0_0 .net *"_ivl_12", 0 0, L_00000260a32b9590;  1 drivers
L_00000260a32d4f38 .functor BUFT 1, C4<10>, C4<0>, C4<0>, C4<0>;
v00000260a3283b00_0 .net/2u *"_ivl_14", 1 0, L_00000260a32d4f38;  1 drivers
v00000260a3283ce0_0 .net *"_ivl_148", 0 0, L_00000260a3331590;  1 drivers
v00000260a32831a0_0 .net *"_ivl_150", 0 0, L_00000260a33328d0;  1 drivers
v00000260a3282fc0_0 .net *"_ivl_152", 0 0, L_00000260a3332470;  1 drivers
v00000260a3281c60_0 .net *"_ivl_156", 0 0, L_00000260a3332400;  1 drivers
v00000260a3282d40_0 .net *"_ivl_16", 0 0, L_00000260a32b9950;  1 drivers
v00000260a3283880_0 .net *"_ivl_160", 0 0, L_00000260a3332010;  1 drivers
v00000260a3282b60_0 .net *"_ivl_164", 0 0, L_00000260a3332320;  1 drivers
L_00000260a32d5298 .functor BUFT 1, C4<1100011>, C4<0>, C4<0>, C4<0>;
v00000260a3282c00_0 .net/2u *"_ivl_172", 6 0, L_00000260a32d5298;  1 drivers
v00000260a3282de0_0 .net *"_ivl_174", 0 0, L_00000260a32b9130;  1 drivers
L_00000260a32d52e0 .functor BUFT 1, C4<1101111>, C4<0>, C4<0>, C4<0>;
v00000260a32822a0_0 .net/2u *"_ivl_176", 6 0, L_00000260a32d52e0;  1 drivers
v00000260a32834c0_0 .net *"_ivl_178", 0 0, L_00000260a32b9b30;  1 drivers
v00000260a3282520_0 .net *"_ivl_181", 0 0, L_00000260a3332c50;  1 drivers
L_00000260a32d5328 .functor BUFT 1, C4<1100111>, C4<0>, C4<0>, C4<0>;
v00000260a3281ee0_0 .net/2u *"_ivl_182", 6 0, L_00000260a32d5328;  1 drivers
v00000260a3282a20_0 .net *"_ivl_184", 0 0, L_00000260a32baa30;  1 drivers
v00000260a32828e0_0 .net *"_ivl_191", 0 0, L_00000260a32bacb0;  1 drivers
v00000260a3282e80_0 .net *"_ivl_193", 0 0, L_00000260a3331de0;  1 drivers
v00000260a3283060_0 .net *"_ivl_195", 0 0, L_00000260a32bafd0;  1 drivers
v00000260a3282340_0 .net *"_ivl_200", 0 0, L_00000260a3331c20;  1 drivers
v00000260a3281d00_0 .net *"_ivl_202", 0 0, L_00000260a3332940;  1 drivers
v00000260a3283600_0 .net *"_ivl_204", 0 0, L_00000260a3332ef0;  1 drivers
v00000260a32819e0_0 .net *"_ivl_206", 0 0, L_00000260a3332390;  1 drivers
v00000260a3283420_0 .net *"_ivl_208", 0 0, L_00000260a33318a0;  1 drivers
v00000260a3281bc0_0 .net *"_ivl_210", 0 0, L_00000260a3332710;  1 drivers
v00000260a3283100_0 .net *"_ivl_214", 0 0, L_00000260a3331f30;  1 drivers
v00000260a32827a0_0 .net *"_ivl_216", 0 0, L_00000260a3332be0;  1 drivers
v00000260a3284000_0 .net *"_ivl_220", 0 0, L_00000260a3334af0;  1 drivers
v00000260a3282f20_0 .net *"_ivl_224", 31 0, L_00000260a32bedb0;  1 drivers
v00000260a32839c0_0 .net/2u *"_ivl_226", 31 0, L_00000260a32d5d00;  1 drivers
v00000260a3282ac0_0 .net *"_ivl_228", 31 0, L_00000260a33340e0;  1 drivers
v00000260a32823e0_0 .net *"_ivl_230", 31 0, L_00000260a32bf530;  1 drivers
v00000260a3281a80_0 .net *"_ivl_234", 0 0, L_00000260a3334930;  1 drivers
v00000260a3282660_0 .net *"_ivl_236", 0 0, L_00000260a3333eb0;  1 drivers
v00000260a32818a0_0 .net *"_ivl_240", 0 0, L_00000260a3334230;  1 drivers
v00000260a3282840_0 .net *"_ivl_242", 0 0, L_00000260a33337b0;  1 drivers
v00000260a3281b20_0 .net *"_ivl_244", 0 0, L_00000260a3333f20;  1 drivers
v00000260a3283ba0_0 .net *"_ivl_248", 0 0, L_00000260a3333660;  1 drivers
v00000260a3283240_0 .net *"_ivl_252", 0 0, L_00000260a3334690;  1 drivers
v00000260a3282020_0 .net *"_ivl_254", 0 0, L_00000260a3333350;  1 drivers
v00000260a3283d80_0 .net *"_ivl_259", 29 0, L_00000260a32c22d0;  1 drivers
L_00000260a32d4f80 .functor BUFT 1, C4<00000000000000000000000000>, C4<0>, C4<0>, C4<0>;
v00000260a3283920_0 .net/2u *"_ivl_26", 25 0, L_00000260a32d4f80;  1 drivers
L_00000260a32d66d8 .functor BUFT 1, C4<00>, C4<0>, C4<0>, C4<0>;
v00000260a3283380_0 .net/2u *"_ivl_260", 1 0, L_00000260a32d66d8;  1 drivers
v00000260a32832e0_0 .net *"_ivl_265", 29 0, L_00000260a32c1830;  1 drivers
L_00000260a32d6720 .functor BUFT 1, C4<00>, C4<0>, C4<0>, C4<0>;
v00000260a3282700_0 .net/2u *"_ivl_266", 1 0, L_00000260a32d6720;  1 drivers
v00000260a3282980_0 .net *"_ivl_274", 0 0, L_00000260a33334a0;  1 drivers
v00000260a3283560_0 .net *"_ivl_276", 0 0, L_00000260a3333510;  1 drivers
v00000260a3281da0_0 .net *"_ivl_280", 0 0, L_00000260a33366f0;  1 drivers
v00000260a32825c0_0 .net *"_ivl_282", 0 0, L_00000260a3336840;  1 drivers
v00000260a3283a60_0 .net *"_ivl_284", 0 0, L_00000260a3335340;  1 drivers
v00000260a32836a0_0 .net *"_ivl_286", 0 0, L_00000260a3336530;  1 drivers
v00000260a3281e40_0 .net *"_ivl_288", 0 0, L_00000260a3334ee0;  1 drivers
v00000260a3283740_0 .net *"_ivl_290", 0 0, L_00000260a3334f50;  1 drivers
v00000260a32837e0_0 .net *"_ivl_294", 0 0, L_00000260a3335180;  1 drivers
v00000260a3283c40_0 .net *"_ivl_296", 0 0, L_00000260a3336610;  1 drivers
v00000260a3283e20_0 .net *"_ivl_298", 0 0, L_00000260a3335dc0;  1 drivers
v00000260a3281f80_0 .net *"_ivl_300", 0 0, L_00000260a3336760;  1 drivers
v00000260a3282480_0 .net *"_ivl_302", 0 0, L_00000260a33353b0;  1 drivers
v00000260a3283ec0_0 .net *"_ivl_304", 0 0, L_00000260a3335810;  1 drivers
v00000260a3283f60_0 .net *"_ivl_306", 0 0, L_00000260a3335ab0;  1 drivers
v00000260a3281940_0 .net *"_ivl_310", 0 0, L_00000260a3337aa0;  1 drivers
v00000260a32820c0_0 .net *"_ivl_312", 0 0, L_00000260a3337410;  1 drivers
v00000260a3282160_0 .net *"_ivl_314", 0 0, L_00000260a3337330;  1 drivers
v00000260a3282200_0 .net *"_ivl_316", 0 0, L_00000260a3337480;  1 drivers
v00000260a3284500_0 .net *"_ivl_320", 0 0, L_00000260a3337bf0;  1 drivers
v00000260a3285680_0 .net *"_ivl_322", 0 0, L_00000260a3337fe0;  1 drivers
v00000260a32848c0_0 .net *"_ivl_326", 0 0, L_00000260a3337c60;  1 drivers
v00000260a32864e0_0 .net *"_ivl_328", 0 0, L_00000260a3337090;  1 drivers
v00000260a3286120_0 .net *"_ivl_332", 0 0, L_00000260a3336a00;  1 drivers
v00000260a3284280_0 .net *"_ivl_334", 0 0, L_00000260a3337d40;  1 drivers
v00000260a3285720_0 .net *"_ivl_336", 0 0, L_00000260a33374f0;  1 drivers
v00000260a32854a0_0 .net *"_ivl_338", 0 0, L_00000260a3337db0;  1 drivers
v00000260a3286300_0 .net *"_ivl_340", 0 0, L_00000260a33375d0;  1 drivers
v00000260a3284960_0 .net *"_ivl_342", 0 0, L_00000260a33372c0;  1 drivers
v00000260a32845a0_0 .net *"_ivl_344", 0 0, L_00000260a3337170;  1 drivers
L_00000260a32d72f0 .functor BUFT 1, C4<00000000000000000000000000000000>, C4<0>, C4<0>, C4<0>;
v00000260a3286260_0 .net/2u *"_ivl_348", 31 0, L_00000260a32d72f0;  1 drivers
L_00000260a32d7338 .functor BUFT 1, C4<00000000000000000000000000000100>, C4<0>, C4<0>, C4<0>;
v00000260a3285360_0 .net/2u *"_ivl_350", 31 0, L_00000260a32d7338;  1 drivers
L_00000260a32d7380 .functor BUFT 1, C4<00000000000000000000000000000110>, C4<0>, C4<0>, C4<0>;
v00000260a3285040_0 .net/2u *"_ivl_352", 31 0, L_00000260a32d7380;  1 drivers
L_00000260a32d73c8 .functor BUFT 1, C4<00000000000000000000000000000010>, C4<0>, C4<0>, C4<0>;
v00000260a3284320_0 .net/2u *"_ivl_354", 31 0, L_00000260a32d73c8;  1 drivers
L_00000260a32d7410 .functor BUFT 1, C4<00000000000000000000000000000011>, C4<0>, C4<0>, C4<0>;
v00000260a32857c0_0 .net/2u *"_ivl_356", 31 0, L_00000260a32d7410;  1 drivers
L_00000260a32d7458 .functor BUFT 1, C4<00>, C4<0>, C4<0>, C4<0>;
v00000260a3284fa0_0 .net/2u *"_ivl_358", 1 0, L_00000260a32d7458;  1 drivers
v00000260a3286440_0 .net *"_ivl_360", 0 0, L_00000260a32c4cb0;  1 drivers
L_00000260a32d74a0 .functor BUFT 1, C4<00000000000000000000000000001000>, C4<0>, C4<0>, C4<0>;
v00000260a3285400_0 .net/2u *"_ivl_362", 31 0, L_00000260a32d74a0;  1 drivers
L_00000260a32d74e8 .functor BUFT 1, C4<01>, C4<0>, C4<0>, C4<0>;
v00000260a3286580_0 .net/2u *"_ivl_364", 1 0, L_00000260a32d74e8;  1 drivers
v00000260a3284c80_0 .net *"_ivl_366", 0 0, L_00000260a32c1970;  1 drivers
L_00000260a32d7530 .functor BUFT 1, C4<00000000000000000000000000001001>, C4<0>, C4<0>, C4<0>;
v00000260a3284be0_0 .net/2u *"_ivl_368", 31 0, L_00000260a32d7530;  1 drivers
L_00000260a32d7578 .functor BUFT 1, C4<00000000000000000000000000001011>, C4<0>, C4<0>, C4<0>;
v00000260a32863a0_0 .net/2u *"_ivl_370", 31 0, L_00000260a32d7578;  1 drivers
v00000260a3285ea0_0 .net *"_ivl_372", 31 0, L_00000260a32c4710;  1 drivers
v00000260a3285540_0 .net *"_ivl_374", 31 0, L_00000260a32c4210;  1 drivers
L_00000260a32d75c0 .functor BUFT 1, C4<00000000000000000000000000001011>, C4<0>, C4<0>, C4<0>;
v00000260a3285f40_0 .net/2u *"_ivl_376", 31 0, L_00000260a32d75c0;  1 drivers
v00000260a3284d20_0 .net *"_ivl_378", 31 0, L_00000260a32c5390;  1 drivers
v00000260a3286620_0 .net *"_ivl_380", 31 0, L_00000260a32c4df0;  1 drivers
v00000260a3285b80_0 .net *"_ivl_382", 31 0, L_00000260a32c3e50;  1 drivers
v00000260a3284a00_0 .net *"_ivl_384", 31 0, L_00000260a32c3310;  1 drivers
v00000260a3284640_0 .net *"_ivl_386", 31 0, L_00000260a32c33b0;  1 drivers
v00000260a32855e0_0 .net *"_ivl_390", 0 0, L_00000260a3338440;  1 drivers
v00000260a32866c0_0 .net *"_ivl_392", 0 0, L_00000260a3337640;  1 drivers
v00000260a3284460_0 .net *"_ivl_394", 0 0, L_00000260a33380c0;  1 drivers
v00000260a3285860_0 .net *"_ivl_396", 0 0, L_00000260a33371e0;  1 drivers
v00000260a3284aa0_0 .net *"_ivl_398", 0 0, L_00000260a3337f00;  1 drivers
v00000260a32850e0_0 .net *"_ivl_402", 0 0, L_00000260a3336ca0;  1 drivers
L_00000260a32d7608 .functor BUFT 1, C4<00000000000000000000000000000001>, C4<0>, C4<0>, C4<0>;
v00000260a3286760_0 .net/2u *"_ivl_406", 31 0, L_00000260a32d7608;  1 drivers
v00000260a32846e0_0 .net *"_ivl_408", 31 0, L_00000260a32c42b0;  1 drivers
v00000260a3286800_0 .net *"_ivl_412", 31 0, L_00000260a32c36d0;  1 drivers
v00000260a3285900_0 .net *"_ivl_416", 0 0, L_00000260a3337250;  1 drivers
L_00000260a32d7650 .functor BUFT 1, C4<00000000000000000000000000000000>, C4<0>, C4<0>, C4<0>;
v00000260a32861c0_0 .net/2u *"_ivl_418", 31 0, L_00000260a32d7650;  1 drivers
v00000260a3284dc0_0 .net *"_ivl_420", 31 0, L_00000260a32c3f90;  1 drivers
v00000260a32859a0_0 .net *"_ivl_422", 31 0, L_00000260a32c4350;  1 drivers
v00000260a32840a0_0 .net *"_ivl_424", 31 0, L_00000260a32c4490;  1 drivers
v00000260a32843c0_0 .net *"_ivl_428", 0 0, L_00000260a3336a70;  1 drivers
v00000260a3284e60_0 .net *"_ivl_430", 0 0, L_00000260a3336fb0;  1 drivers
v00000260a3284140_0 .net *"_ivl_432", 0 0, L_00000260a3337f70;  1 drivers
v00000260a3284780_0 .net *"_ivl_436", 0 0, L_00000260a3336b50;  1 drivers
v00000260a3284f00_0 .net *"_ivl_440", 0 0, L_00000260a3339a90;  1 drivers
v00000260a3285a40_0 .net *"_ivl_444", 0 0, L_00000260a3338c20;  1 drivers
v00000260a32852c0_0 .net *"_ivl_446", 0 0, L_00000260a3338d00;  1 drivers
v00000260a32841e0_0 .net *"_ivl_452", 0 0, L_00000260a3339390;  1 drivers
v00000260a3284820_0 .net *"_ivl_454", 0 0, L_00000260a32c79b0;  1 drivers
v00000260a3285180_0 .net *"_ivl_458", 0 0, L_00000260a3339320;  1 drivers
v00000260a3285220_0 .net *"_ivl_460", 0 0, L_00000260a3338750;  1 drivers
v00000260a3285ae0_0 .net *"_ivl_462", 0 0, L_00000260a3339e80;  1 drivers
v00000260a3284b40_0 .net *"_ivl_468", 0 0, L_00000260a3338590;  1 drivers
v00000260a3285c20_0 .net *"_ivl_472", 31 0, L_00000260a32c6970;  1 drivers
v00000260a3285cc0_0 .net *"_ivl_479", 15 0, L_00000260a32c9670;  1 drivers
L_00000260a32d7cc8 .functor BUFT 1, C4<0100000000000000>, C4<0>, C4<0>, C4<0>;
v00000260a3285fe0_0 .net/2u *"_ivl_480", 15 0, L_00000260a32d7cc8;  1 drivers
v00000260a3285d60_0 .net *"_ivl_485", 29 0, L_00000260a32c8270;  1 drivers
L_00000260a32d7d10 .functor BUFT 1, C4<010000000000000000000000000000>, C4<0>, C4<0>, C4<0>;
v00000260a3285e00_0 .net/2u *"_ivl_486", 29 0, L_00000260a32d7d10;  1 drivers
v00000260a3286080_0 .net *"_ivl_491", 29 0, L_00000260a32c8c70;  1 drivers
L_00000260a32d7d58 .functor BUFT 1, C4<010000000000000000000000000001>, C4<0>, C4<0>, C4<0>;
v00000260a328fe70_0 .net/2u *"_ivl_492", 29 0, L_00000260a32d7d58;  1 drivers
v00000260a32916d0_0 .net *"_ivl_497", 29 0, L_00000260a32c9e90;  1 drivers
L_00000260a32d7da0 .functor BUFT 1, C4<010000000000000000000000000010>, C4<0>, C4<0>, C4<0>;
v00000260a3290cd0_0 .net/2u *"_ivl_498", 29 0, L_00000260a32d7da0;  1 drivers
v00000260a328f1f0_0 .net *"_ivl_503", 29 0, L_00000260a32c8bd0;  1 drivers
L_00000260a32d7de8 .functor BUFT 1, C4<010000000000000000000000000011>, C4<0>, C4<0>, C4<0>;
v00000260a328f290_0 .net/2u *"_ivl_504", 29 0, L_00000260a32d7de8;  1 drivers
v00000260a3290f50_0 .net *"_ivl_509", 29 0, L_00000260a32ca890;  1 drivers
L_00000260a32d7e30 .functor BUFT 1, C4<010000000000000000000000000100>, C4<0>, C4<0>, C4<0>;
v00000260a328fa10_0 .net/2u *"_ivl_510", 29 0, L_00000260a32d7e30;  1 drivers
v00000260a32909b0_0 .net *"_ivl_515", 29 0, L_00000260a32c9530;  1 drivers
L_00000260a32d7e78 .functor BUFT 1, C4<010000000000000000000000000101>, C4<0>, C4<0>, C4<0>;
v00000260a328f0b0_0 .net/2u *"_ivl_516", 29 0, L_00000260a32d7e78;  1 drivers
v00000260a3290550_0 .net *"_ivl_521", 29 0, L_00000260a32c8d10;  1 drivers
L_00000260a32d7ec0 .functor BUFT 1, C4<010000000000000000000000000110>, C4<0>, C4<0>, C4<0>;
v00000260a3291450_0 .net/2u *"_ivl_522", 29 0, L_00000260a32d7ec0;  1 drivers
v00000260a3290730_0 .net *"_ivl_527", 29 0, L_00000260a32c9ad0;  1 drivers
L_00000260a32d7f08 .functor BUFT 1, C4<010000000000000000000000000111>, C4<0>, C4<0>, C4<0>;
v00000260a328ffb0_0 .net/2u *"_ivl_528", 29 0, L_00000260a32d7f08;  1 drivers
v00000260a328f330_0 .net *"_ivl_533", 29 0, L_00000260a32c9b70;  1 drivers
L_00000260a32d7f50 .functor BUFT 1, C4<010000000000000000000000001000>, C4<0>, C4<0>, C4<0>;
v00000260a328f8d0_0 .net/2u *"_ivl_534", 29 0, L_00000260a32d7f50;  1 drivers
v00000260a32914f0_0 .net *"_ivl_539", 29 0, L_00000260a32c8ef0;  1 drivers
L_00000260a32d7f98 .functor BUFT 1, C4<010000000000000000000000001001>, C4<0>, C4<0>, C4<0>;
v00000260a328fbf0_0 .net/2u *"_ivl_540", 29 0, L_00000260a32d7f98;  1 drivers
v00000260a3291090_0 .net *"_ivl_545", 29 0, L_00000260a32ca070;  1 drivers
L_00000260a32d7fe0 .functor BUFT 1, C4<010000000000000000000000001010>, C4<0>, C4<0>, C4<0>;
v00000260a328f970_0 .net/2u *"_ivl_546", 29 0, L_00000260a32d7fe0;  1 drivers
v00000260a3291270_0 .net *"_ivl_551", 29 0, L_00000260a32c89f0;  1 drivers
L_00000260a32d8028 .functor BUFT 1, C4<010000000000000000000000001011>, C4<0>, C4<0>, C4<0>;
v00000260a328f3d0_0 .net/2u *"_ivl_552", 29 0, L_00000260a32d8028;  1 drivers
v00000260a32907d0_0 .net *"_ivl_556", 0 0, L_00000260a3338bb0;  1 drivers
v00000260a3290370_0 .net *"_ivl_558", 0 0, L_00000260a3338e50;  1 drivers
v00000260a32905f0_0 .net *"_ivl_560", 0 0, L_00000260a3339c50;  1 drivers
v00000260a3290ff0_0 .net *"_ivl_562", 0 0, L_00000260a3339080;  1 drivers
v00000260a3291590_0 .net *"_ivl_564", 0 0, L_00000260a3338fa0;  1 drivers
v00000260a3291770_0 .net *"_ivl_566", 0 0, L_00000260a33390f0;  1 drivers
v00000260a3290e10_0 .net *"_ivl_568", 0 0, L_00000260a3339160;  1 drivers
v00000260a3291310_0 .net *"_ivl_570", 0 0, L_00000260a3339d30;  1 drivers
v00000260a328fc90_0 .net *"_ivl_572", 0 0, L_00000260a3339da0;  1 drivers
v00000260a328f830_0 .net *"_ivl_574", 0 0, L_00000260a33391d0;  1 drivers
v00000260a3290870_0 .net *"_ivl_587", 0 0, L_00000260a32ca6b0;  1 drivers
v00000260a328f470_0 .net *"_ivl_589", 7 0, L_00000260a32ca390;  1 drivers
v00000260a32904b0_0 .net *"_ivl_591", 0 0, L_00000260a32c8e50;  1 drivers
v00000260a3290690_0 .net *"_ivl_593", 7 0, L_00000260a32ca1b0;  1 drivers
v00000260a328f650_0 .net *"_ivl_595", 0 0, L_00000260a32c9210;  1 drivers
v00000260a32911d0_0 .net *"_ivl_597", 7 0, L_00000260a32ca610;  1 drivers
v00000260a3290910_0 .net *"_ivl_599", 7 0, L_00000260a32c92b0;  1 drivers
v00000260a328f510_0 .net *"_ivl_6", 0 0, L_00000260a2d5c2f0;  1 drivers
v00000260a3290a50_0 .net *"_ivl_600", 7 0, L_00000260a32c86d0;  1 drivers
v00000260a328fab0_0 .net *"_ivl_602", 7 0, L_00000260a32c9490;  1 drivers
v00000260a3290410_0 .net *"_ivl_608", 0 0, L_00000260a333ac10;  1 drivers
L_00000260a32d80b8 .functor BUFT 1, C4<0>, C4<0>, C4<0>, C4<0>;
v00000260a3290af0_0 .net/2u *"_ivl_610", 0 0, L_00000260a32d80b8;  1 drivers
v00000260a3290b90_0 .net *"_ivl_613", 0 0, L_00000260a333ac80;  1 drivers
v00000260a328fb50_0 .net *"_ivl_615", 0 0, L_00000260a333a270;  1 drivers
v00000260a32913b0_0 .net *"_ivl_616", 0 0, L_00000260a333b930;  1 drivers
L_00000260a32d8100 .functor BUFT 1, C4<1>, C4<0>, C4<0>, C4<0>;
v00000260a328fd30_0 .net/2u *"_ivl_618", 0 0, L_00000260a32d8100;  1 drivers
v00000260a32900f0_0 .net *"_ivl_620", 0 0, L_00000260a32c8310;  1 drivers
v00000260a328fdd0_0 .net *"_ivl_626", 0 0, L_00000260a333bc40;  1 drivers
v00000260a3290050_0 .net *"_ivl_628", 0 0, L_00000260a333a740;  1 drivers
v00000260a3290c30_0 .net *"_ivl_630", 0 0, L_00000260a333b9a0;  1 drivers
v00000260a328f6f0_0 .net *"_ivl_632", 0 0, L_00000260a333a6d0;  1 drivers
v00000260a3290d70_0 .net *"_ivl_634", 0 0, L_00000260a333b0e0;  1 drivers
v00000260a328f790_0 .net *"_ivl_636", 0 0, L_00000260a333a900;  1 drivers
v00000260a328ff10_0 .net *"_ivl_638", 0 0, L_00000260a333b070;  1 drivers
v00000260a3290eb0_0 .net *"_ivl_640", 0 0, L_00000260a333a4a0;  1 drivers
v00000260a3290190_0 .net *"_ivl_642", 0 0, L_00000260a333b2a0;  1 drivers
v00000260a3291810_0 .net *"_ivl_644", 0 0, L_00000260a333b1c0;  1 drivers
v00000260a3290230_0 .net *"_ivl_648", 0 0, L_00000260a333b460;  1 drivers
v00000260a3291130_0 .net *"_ivl_650", 0 0, L_00000260a333a7b0;  1 drivers
v00000260a328f150_0 .net *"_ivl_654", 0 0, L_00000260a333b540;  1 drivers
L_00000260a32d8148 .functor BUFT 1, C4<0000000000000000000000000000000>, C4<0>, C4<0>, C4<0>;
v00000260a3291630_0 .net/2u *"_ivl_658", 30 0, L_00000260a32d8148;  1 drivers
v00000260a328f5b0_0 .net *"_ivl_660", 0 0, L_00000260a333ad60;  1 drivers
v00000260a32902d0_0 .net *"_ivl_662", 31 0, L_00000260a32c9c10;  1 drivers
L_00000260a32d8190 .functor BUFT 1, C4<000000000000000000000000>, C4<0>, C4<0>, C4<0>;
v00000260a3291a90_0 .net/2u *"_ivl_664", 23 0, L_00000260a32d8190;  1 drivers
v00000260a3292670_0 .net *"_ivl_666", 31 0, L_00000260a32c9710;  1 drivers
L_00000260a32d81d8 .functor BUFT 1, C4<000000000000000000000000000000>, C4<0>, C4<0>, C4<0>;
v00000260a32918b0_0 .net/2u *"_ivl_668", 29 0, L_00000260a32d81d8;  1 drivers
v00000260a32927b0_0 .net *"_ivl_670", 31 0, L_00000260a32c9cb0;  1 drivers
L_00000260a32d8220 .functor BUFT 1, C4<0000000000000000000000000000000>, C4<0>, C4<0>, C4<0>;
v00000260a3291b30_0 .net/2u *"_ivl_672", 30 0, L_00000260a32d8220;  1 drivers
v00000260a3293bb0_0 .net *"_ivl_674", 31 0, L_00000260a32ca250;  1 drivers
L_00000260a32d8268 .functor BUFT 1, C4<00000000000000000000000000000000>, C4<0>, C4<0>, C4<0>;
v00000260a3292f30_0 .net/2u *"_ivl_676", 31 0, L_00000260a32d8268;  1 drivers
v00000260a3292030_0 .net *"_ivl_678", 31 0, L_00000260a32ca2f0;  1 drivers
v00000260a3293cf0_0 .net *"_ivl_680", 31 0, L_00000260a32ca430;  1 drivers
v00000260a3293930_0 .net *"_ivl_682", 31 0, L_00000260a32ca750;  1 drivers
v00000260a3293390_0 .net *"_ivl_684", 31 0, L_00000260a32ca7f0;  1 drivers
v00000260a3292df0_0 .net *"_ivl_686", 31 0, L_00000260a32ca4d0;  1 drivers
v00000260a3292210_0 .net *"_ivl_688", 31 0, L_00000260a32c83b0;  1 drivers
v00000260a3292350_0 .net *"_ivl_690", 31 0, L_00000260a32c8770;  1 drivers
v00000260a3292710_0 .net *"_ivl_692", 31 0, L_00000260a32c8450;  1 drivers
v00000260a3292850_0 .net *"_ivl_694", 31 0, L_00000260a32c8590;  1 drivers
v00000260a32923f0_0 .net *"_ivl_700", 0 0, L_00000260a333aba0;  1 drivers
v00000260a32928f0_0 .net *"_ivl_702", 0 0, L_00000260a333b380;  1 drivers
v00000260a3291c70_0 .net *"_ivl_706", 0 0, L_00000260a333b620;  1 drivers
v00000260a3291d10_0 .net *"_ivl_708", 0 0, L_00000260a333a660;  1 drivers
v00000260a3292490_0 .net *"_ivl_710", 0 0, L_00000260a333aac0;  1 drivers
v00000260a32936b0_0 .net *"_ivl_713", 0 0, L_00000260a32c88b0;  1 drivers
v00000260a3293570_0 .net *"_ivl_716", 0 0, L_00000260a333a350;  1 drivers
v00000260a3293d90_0 .net *"_ivl_718", 0 0, L_00000260a333b7e0;  1 drivers
v00000260a3292a30_0 .net *"_ivl_722", 0 0, L_00000260a333add0;  1 drivers
v00000260a3292530_0 .net *"_ivl_724", 0 0, L_00000260a333baf0;  1 drivers
v00000260a3292fd0_0 .net *"_ivl_728", 0 0, L_00000260a333a9e0;  1 drivers
v00000260a32925d0_0 .net *"_ivl_730", 0 0, L_00000260a333ae40;  1 drivers
v00000260a3293250_0 .net *"_ivl_734", 0 0, L_00000260a333b230;  1 drivers
v00000260a3291db0_0 .net *"_ivl_736", 0 0, L_00000260a333a580;  1 drivers
v00000260a3291ef0_0 .net *"_ivl_740", 0 0, L_00000260a333a190;  1 drivers
v00000260a3293e30_0 .net *"_ivl_742", 0 0, L_00000260a333b4d0;  1 drivers
v00000260a3293750_0 .net *"_ivl_746", 0 0, L_00000260a333b850;  1 drivers
v00000260a3293070_0 .net *"_ivl_748", 0 0, L_00000260a333af90;  1 drivers
v00000260a32937f0_0 .net *"_ivl_752", 0 0, L_00000260a333b5b0;  1 drivers
v00000260a3292990_0 .net *"_ivl_754", 0 0, L_00000260a333b700;  1 drivers
v00000260a3292b70_0 .net *"_ivl_758", 0 0, L_00000260a333ab30;  1 drivers
v00000260a3293890_0 .net *"_ivl_760", 0 0, L_00000260a333ba10;  1 drivers
v00000260a3294010_0 .net *"_ivl_768", 0 0, L_00000260a333d220;  1 drivers
v00000260a3291950_0 .net *"_ivl_774", 0 0, L_00000260a333fb40;  1 drivers
v00000260a3291f90_0 .net *"_ivl_778", 0 0, L_00000260a333f8a0;  1 drivers
v00000260a32939d0_0 .net *"_ivl_782", 31 0, L_00000260a33406a0;  1 drivers
v00000260a3293110_0 .net *"_ivl_786", 0 0, L_00000260a333f830;  1 drivers
L_00000260a32d8970 .functor BUFT 1, C4<00000000000000000000000000000111>, C4<0>, C4<0>, C4<0>;
v00000260a3292ad0_0 .net/2u *"_ivl_796", 31 0, L_00000260a32d8970;  1 drivers
L_00000260a32d89b8 .functor BUFT 1, C4<00000000000000000000000000000101>, C4<0>, C4<0>, C4<0>;
v00000260a3293a70_0 .net/2u *"_ivl_798", 31 0, L_00000260a32d89b8;  1 drivers
L_00000260a32d8a00 .functor BUFT 1, C4<00000000000000000000000000000100>, C4<0>, C4<0>, C4<0>;
v00000260a3292c10_0 .net/2u *"_ivl_802", 31 0, L_00000260a32d8a00;  1 drivers
v00000260a3293b10_0 .net *"_ivl_806", 0 0, L_00000260a333be00;  1 drivers
v00000260a3293c50_0 .net *"_ivl_808", 0 0, L_00000260a333c960;  1 drivers
v00000260a3292cb0_0 .net *"_ivl_812", 0 0, L_00000260a333cb20;  1 drivers
v00000260a3291e50_0 .net *"_ivl_822", 0 0, L_00000260a333d840;  1 drivers
v00000260a3292d50_0 .net *"_ivl_824", 0 0, L_00000260a333d1b0;  1 drivers
v00000260a32920d0_0 .net *"_ivl_826", 0 0, L_00000260a333c0a0;  1 drivers
v00000260a3293ed0_0 .net *"_ivl_828", 0 0, L_00000260a333d450;  1 drivers
v00000260a32931b0_0 .net *"_ivl_830", 0 0, L_00000260a333c500;  1 drivers
v00000260a32932f0_0 .net *"_ivl_832", 0 0, L_00000260a333d530;  1 drivers
v00000260a3293430_0 .net *"_ivl_834", 0 0, L_00000260a333d5a0;  1 drivers
v00000260a3293f70_0 .net *"_ivl_836", 0 0, L_00000260a333d610;  1 drivers
v00000260a32919f0_0 .net *"_ivl_838", 0 0, L_00000260a333d760;  1 drivers
v00000260a32934d0_0 .net *"_ivl_840", 0 0, L_00000260a333d7d0;  1 drivers
L_00000260a32d8a90 .functor BUFT 1, C4<00>, C4<0>, C4<0>, C4<0>;
v00000260a3292170_0 .net/2u *"_ivl_842", 1 0, L_00000260a32d8a90;  1 drivers
v00000260a3292e90_0 .net *"_ivl_844", 0 0, L_00000260a32cb290;  1 drivers
v00000260a3291bd0_0 .net *"_ivl_848", 0 0, L_00000260a333d8b0;  1 drivers
v00000260a32922b0_0 .net *"_ivl_860", 0 0, L_00000260a333e2c0;  1 drivers
v00000260a3293610_0 .net *"_ivl_862", 0 0, L_00000260a333da70;  1 drivers
v00000260a32950f0_0 .net *"_ivl_864", 0 0, L_00000260a333e1e0;  1 drivers
v00000260a3294d30_0 .net *"_ivl_866", 0 0, L_00000260a333ddf0;  1 drivers
v00000260a3295050_0 .net *"_ivl_868", 0 0, L_00000260a333ecd0;  1 drivers
v00000260a3295870_0 .net "boot_boot_edge_seen_o", 0 0, L_00000260a2d5c3d0;  1 drivers
v00000260a3294b50_0 .net "boot_done_int", 0 0, L_00000260a32d4368;  1 drivers
v00000260a3294c90_0 .net "boot_done_o", 0 0, L_00000260a2d5be20;  alias, 1 drivers
v00000260a3295410_0 .net "boot_edge_seen_boot_int", 0 0, L_00000260a32d43b0;  1 drivers
v00000260a3295e10_0 .net "boot_edge_seen_int", 0 0, L_00000260a2d5bf00;  1 drivers
v00000260a3295b90_0 .net "boot_edge_seen_o", 0 0, L_00000260a2d5bfe0;  1 drivers
v00000260a3294970_0 .net "boot_header_ok_int", 0 0, L_00000260a32d4680;  1 drivers
v00000260a3295c30_0 .net "boot_header_ok_o", 0 0, L_00000260a2d5c600;  1 drivers
v00000260a3294510_0 .net "boot_memtest0_ok_int", 0 0, L_00000260a32d4b48;  1 drivers
v00000260a3295190_0 .net "boot_memtest0_ok_o", 0 0, L_00000260a2d5b800;  1 drivers
v00000260a3295910_0 .net "boot_memtest1_ok_int", 0 0, L_00000260a32d4b90;  1 drivers
v00000260a3296270_0 .net "boot_memtest1_ok_o", 0 0, L_00000260a2d5cbb0;  1 drivers
v00000260a3294a10_0 .net "boot_memtest2_ok_int", 0 0, L_00000260a32d4bd8;  1 drivers
v00000260a3296810_0 .net "boot_memtest2_ok_o", 0 0, L_00000260a2d5b870;  1 drivers
v00000260a3295550_0 .net "boot_memtest3_ok_int", 0 0, L_00000260a32d4c20;  1 drivers
v00000260a32940b0_0 .net "boot_memtest3_ok_o", 0 0, L_00000260a2d5cc90;  1 drivers
v00000260a32961d0_0 .net "boot_memtest_done_int", 0 0, L_00000260a32d4ab8;  1 drivers
v00000260a3294fb0_0 .net "boot_memtest_done_o", 0 0, L_00000260a2d5bcd0;  1 drivers
v00000260a3295cd0_0 .net "boot_memtest_pass_int", 0 0, L_00000260a32d4a70;  1 drivers
v00000260a3294bf0_0 .net "boot_memtest_pass_o", 0 0, L_00000260a2d5cb40;  1 drivers
v00000260a3294650_0 .net "boot_memtest_rd_seen_int", 0 0, L_00000260a32d4b00;  1 drivers
v00000260a3294290_0 .net "boot_memtest_rd_seen_o", 0 0, L_00000260a2d5b720;  1 drivers
v00000260a32954b0_0 .var "boot_release_cnt_q", 0 0;
v00000260a3294ab0_0 .var "boot_release_ok_q", 0 0;
v00000260a3296310_0 .net "boot_rst_released_int", 0 0, L_00000260a32d4488;  1 drivers
v00000260a3295230_0 .net "boot_rst_released_o", 0 0, L_00000260a2d5c980;  1 drivers
v00000260a3294150_0 .net "boot_rx_seen_int", 0 0, L_00000260a32d43f8;  1 drivers
v00000260a32955f0_0 .net "boot_rx_seen_o", 0 0, L_00000260a2d5cd70;  1 drivers
v00000260a32963b0_0 .net "boot_rx_sel_int", 3 0, L_00000260a32d4518;  1 drivers
v00000260a3295730_0 .net "boot_rx_sel_o", 3 0, L_00000260a2d5c050;  1 drivers
v00000260a3294830_0 .net "boot_state_int", 2 0, L_00000260a32d44d0;  1 drivers
v00000260a32964f0_0 .net "boot_state_o", 2 0, L_00000260a2d5c4b0;  1 drivers
v00000260a3296130_0 .net "boot_sync_seen_int", 0 0, L_00000260a32d4440;  1 drivers
v00000260a32957d0_0 .net "boot_sync_seen_o", 0 0, L_00000260a2d5be90;  1 drivers
v00000260a3294dd0_0 .net "boot_ui_clk_blink_o", 0 0, L_00000260a32b99f0;  1 drivers
v00000260a3295690_0 .net "boot_ui_clk_seen_o", 0 0, L_00000260a2d5ba30;  1 drivers
v00000260a3294e70_0 .var "boot_ui_clk_seen_q", 0 0;
v00000260a32952d0_0 .var "boot_ui_edge_active_cnt_q", 25 0;
v00000260a3296590_0 .net "boot_ui_edge_active_o", 0 0, L_00000260a32ba670;  1 drivers
v00000260a3294f10_0 .net "boot_ui_edge_seen_o", 0 0, L_00000260a2d5c360;  1 drivers
v00000260a32959b0_0 .var "boot_ui_edge_seen_q", 0 0;
v00000260a3295a50_0 .net "boot_ui_reset_released_o", 0 0, L_00000260a2d5c440;  1 drivers
v00000260a3295370_0 .net "boot_ui_reset_released_w", 0 0, L_00000260a2d5c910;  1 drivers
v00000260a3296450_0 .net "boot_verify0_byterev128_ok_int", 0 0, L_00000260a32d4950;  1 drivers
v00000260a3295af0_0 .net "boot_verify0_byterev128_ok_o", 0 0, L_00000260a2d5b4f0;  1 drivers
v00000260a3294470_0 .net "boot_verify0_byterev32_ok_int", 0 0, L_00000260a32d4908;  1 drivers
v00000260a3295d70_0 .net "boot_verify0_byterev32_ok_o", 0 0, L_00000260a2d5c750;  1 drivers
v00000260a3295f50_0 .net "boot_verify0_memtest0_ok_int", 0 0, L_00000260a32d4998;  1 drivers
v00000260a3295eb0_0 .net "boot_verify0_memtest0_ok_o", 0 0, L_00000260a2d5c8a0;  1 drivers
v00000260a3295ff0_0 .net "boot_verify0_ok_int", 0 0, L_00000260a32d46c8;  1 drivers
v00000260a3296090_0 .net "boot_verify0_ok_o", 0 0, L_00000260a2d5ca60;  1 drivers
v00000260a3296630_0 .net "boot_verify0_w0_ok_int", 0 0, L_00000260a32d47a0;  1 drivers
v00000260a32941f0_0 .net "boot_verify0_w0_ok_o", 0 0, L_00000260a2d5c670;  1 drivers
v00000260a32945b0_0 .net "boot_verify0_w1_ok_int", 0 0, L_00000260a32d47e8;  1 drivers
v00000260a32966d0_0 .net "boot_verify0_w1_ok_o", 0 0, L_00000260a2d5c6e0;  1 drivers
v00000260a32948d0_0 .net "boot_verify0_w2_ok_int", 0 0, L_00000260a32d4830;  1 drivers
v00000260a3296770_0 .net "boot_verify0_w2_ok_o", 0 0, L_00000260a2d5cad0;  1 drivers
v00000260a3294330_0 .net "boot_verify0_w3_ok_int", 0 0, L_00000260a32d4878;  1 drivers
v00000260a32943d0_0 .net "boot_verify0_w3_ok_o", 0 0, L_00000260a2d5bb10;  1 drivers
v00000260a32946f0_0 .net "boot_verify0_wordrev_ok_int", 0 0, L_00000260a32d48c0;  1 drivers
v00000260a3294790_0 .net "boot_verify0_wordrev_ok_o", 0 0, L_00000260a2d5c830;  1 drivers
v00000260a3297d50_0 .net "boot_verify1_ok_int", 0 0, L_00000260a32d4710;  1 drivers
v00000260a3298cf0_0 .net "boot_verify1_ok_o", 0 0, L_00000260a2d5b640;  1 drivers
v00000260a3296d10_0 .net "boot_verify2_ok_int", 0 0, L_00000260a32d4758;  1 drivers
v00000260a32989d0_0 .net "boot_verify2_ok_o", 0 0, L_00000260a2d5b480;  1 drivers
v00000260a3298110_0 .net "boot_verify_req_seen_int", 0 0, L_00000260a32d49e0;  1 drivers
v00000260a3297b70_0 .net "boot_verify_req_seen_o", 0 0, L_00000260a2d5cc20;  1 drivers
v00000260a3296c70_0 .net "boot_verify_rsp_seen_int", 0 0, L_00000260a32d4a28;  1 drivers
v00000260a3298d90_0 .net "boot_verify_rsp_seen_o", 0 0, L_00000260a2d5c7c0;  1 drivers
v00000260a3296a90_0 .net "boot_word0_ok_int", 0 0, L_00000260a32d4560;  1 drivers
v00000260a32970d0_0 .net "boot_word0_ok_o", 0 0, L_00000260a2d5c210;  1 drivers
v00000260a32982f0_0 .net "boot_word1_ok_int", 0 0, L_00000260a32d45a8;  1 drivers
v00000260a32977b0_0 .net "boot_word1_ok_o", 0 0, L_00000260a2d5c9f0;  1 drivers
v00000260a3297c10_0 .net "boot_word2_ok_int", 0 0, L_00000260a32d45f0;  1 drivers
v00000260a3297490_0 .net "boot_word2_ok_o", 0 0, L_00000260a2d5c590;  1 drivers
v00000260a3298e30_0 .net "boot_word3_ok_int", 0 0, L_00000260a32d4638;  1 drivers
v00000260a3298c50_0 .net "boot_word3_ok_o", 0 0, L_00000260a2d5baa0;  1 drivers
v00000260a32984d0_0 .net "bp_pred_taken", 0 0, L_00000260a32be450;  1 drivers
v00000260a3297530_0 .net "bp_update_valid", 0 0, L_00000260a3334bd0;  1 drivers
v00000260a3296ef0_0 .net "clk", 0 0, v00000260a32ab960_0;  1 drivers
v00000260a3298bb0_0 .net "clk_ref_i", 0 0, L_00000260a333dfb0;  alias, 1 drivers
v00000260a32975d0_0 .net "core_clk", 0 0, L_00000260a2d5a060;  1 drivers
v00000260a32986b0_0 .net "core_pc_seen_o", 0 0, L_00000260a2d5c520;  1 drivers
v00000260a3297850_0 .var "core_pc_seen_q", 0 0;
v00000260a3298ed0_0 .var "core_reset_sync_q", 1 0;
v00000260a3297670_0 .net "core_rst", 0 0, L_00000260a2d5b5d0;  1 drivers
v00000260a3297cb0_0 .net "core_rst_n", 0 0, L_00000260a32bb250;  1 drivers
v00000260a3298f70_0 .net "core_rst_n_base", 0 0, L_00000260a2d5a7d0;  1 drivers
v00000260a3296e50_0 .net "core_running_o", 0 0, L_00000260a2d5c130;  1 drivers
v00000260a32969f0_0 .net "csr_current_priv_w", 1 0, v00000260a316a4c0_0;  1 drivers
v00000260a3298430_0 .net "csr_exec_write_en", 0 0, L_00000260a33368b0;  1 drivers
v00000260a3296db0_0 .net "csr_global_mie_w", 0 0, L_00000260a32c6790;  1 drivers
v00000260a32978f0_0 .net "csr_mcause_w", 31 0, L_00000260a3339400;  1 drivers
v00000260a3299010_0 .net "csr_meie_en_w", 0 0, L_00000260a32c7a50;  1 drivers
v00000260a3297990_0 .net "csr_mepc_w", 31 0, v00000260a3168bc0_0;  1 drivers
v00000260a32968b0_0 .net "csr_mie_w", 31 0, L_00000260a3339e10;  1 drivers
v00000260a3297df0_0 .net "csr_mip_w", 31 0, L_00000260a33389f0;  1 drivers
v00000260a3298a70_0 .var "csr_mret_exec_q", 0 0;
v00000260a3297a30_0 .net "csr_mscratch_w", 31 0, L_00000260a3339470;  1 drivers
v00000260a3296950_0 .net "csr_msie_en_w", 0 0, L_00000260a32c68d0;  1 drivers
v00000260a3296b30_0 .net "csr_mstatus_w", 31 0, L_00000260a3339550;  1 drivers
v00000260a3296bd0_0 .net "csr_mtie_en_w", 0 0, L_00000260a32c6470;  1 drivers
v00000260a3297e90_0 .net "csr_mtvec_w", 31 0, v00000260a3169fc0_0;  1 drivers
v00000260a32972b0_0 .net "csr_rdata_w", 31 0, v00000260a3169200_0;  1 drivers
v00000260a3297210_0 .var "csr_trap_cause_q", 31 0;
v00000260a3296f90_0 .var "csr_trap_enter_q", 0 0;
v00000260a3297f30_0 .var "csr_trap_is_interrupt_q", 0 0;
v00000260a3297030_0 .var "csr_trap_pc_q", 31 0;
v00000260a3297fd0_0 .var "csr_trap_tval_q", 31 0;
v00000260a3297170_0 .net "d_l2_req_addr", 31 0, v00000260a3166820_0;  alias, 1 drivers
v00000260a3297350_0 .net "d_l2_req_cmd", 1 0, v00000260a3166a00_0;  alias, 1 drivers
v00000260a3298930_0 .net "d_l2_req_len", 7 0, v00000260a31674a0_0;  alias, 1 drivers
v00000260a3298390_0 .net "d_l2_req_ready", 0 0, L_00000260a32d8da8;  alias, 1 drivers
v00000260a32973f0_0 .net "d_l2_req_ready_int", 0 0, L_00000260a2d5ac30;  1 drivers
v00000260a3298070_0 .net "d_l2_req_size", 2 0, v00000260a3166aa0_0;  alias, 1 drivers
v00000260a3297ad0_0 .net "d_l2_req_uncached", 0 0, L_00000260a2d5c280;  1 drivers
v00000260a3297710_0 .net "d_l2_req_valid", 0 0, v00000260a3165f60_0;  alias, 1 drivers
v00000260a32981b0_0 .net "d_l2_req_wdata", 63 0, v00000260a3166320_0;  alias, 1 drivers
v00000260a3298250_0 .net "d_l2_req_wstrb", 7 0, v00000260a3166280_0;  alias, 1 drivers
v00000260a3298570_0 .net "d_l2_rsp_err", 0 0, v00000260a32ae200_0;  1 drivers
v00000260a3298610_0 .net "d_l2_rsp_err_int", 0 0, L_00000260a2d5bbf0;  1 drivers
v00000260a3298750_0 .net "d_l2_rsp_last", 0 0, v00000260a32ad9e0_0;  1 drivers
v00000260a32987f0_0 .net "d_l2_rsp_last_int", 0 0, L_00000260a2d5b790;  1 drivers
v00000260a3298890_0 .net "d_l2_rsp_rdata", 63 0, v00000260a32ac540_0;  1 drivers
v00000260a3298b10_0 .net "d_l2_rsp_rdata_int", 63 0, L_00000260a2d5b560;  1 drivers
v00000260a3299dd0_0 .net "d_l2_rsp_ready", 0 0, L_00000260a333c490;  alias, 1 drivers
v00000260a329aeb0_0 .net "d_l2_rsp_valid", 0 0, v00000260a32ac900_0;  1 drivers
v00000260a3299a10_0 .net "d_l2_rsp_valid_int", 0 0, L_00000260a2d5bdb0;  1 drivers
v00000260a3299290_0 .net "dcache_cpu_req_ready", 0 0, L_00000260a32cb3d0;  1 drivers
v00000260a329b6d0_0 .net "dcache_cpu_req_valid", 0 0, L_00000260a333d6f0;  1 drivers
v00000260a329a730_0 .net "dcache_cpu_rsp_err", 0 0, v00000260a3167360_0;  1 drivers
v00000260a329ae10_0 .net "dcache_cpu_rsp_rdata", 31 0, v00000260a3165240_0;  1 drivers
L_00000260a32d84f0 .functor BUFT 1, C4<1>, C4<0>, C4<0>, C4<0>;
v00000260a329b630_0 .net "dcache_cpu_rsp_ready", 0 0, L_00000260a32d84f0;  1 drivers
v00000260a32991f0_0 .net "dcache_cpu_rsp_valid", 0 0, v00000260a31652e0_0;  1 drivers
v00000260a3299fb0_0 .net "dcache_req_size", 1 0, L_00000260a32ccf50;  1 drivers
v00000260a329b4f0_0 .net "ddr2_addr", 12 0, o00000260a3220a98;  alias, 0 drivers
v00000260a329a230_0 .net "ddr2_ba", 2 0, o00000260a3220ac8;  alias, 0 drivers
v00000260a3299bf0_0 .net "ddr2_cas_n", 0 0, o00000260a3220af8;  alias, 0 drivers
v00000260a3299330_0 .net "ddr2_ck_n", 0 0, o00000260a3220b28;  alias, 0 drivers
v00000260a3299e70_0 .net "ddr2_ck_p", 0 0, o00000260a3220b58;  alias, 0 drivers
v00000260a329b090_0 .net "ddr2_cke", 0 0, o00000260a3220b88;  alias, 0 drivers
v00000260a329a0f0_0 .net "ddr2_cs_n", 0 0, o00000260a3220bb8;  alias, 0 drivers
v00000260a3299470_0 .net "ddr2_dm", 1 0, o00000260a3220be8;  alias, 0 drivers
v00000260a3299f10_0 .net "ddr2_dq", 15 0, o00000260a3220c18;  alias, 0 drivers
v00000260a329aaf0_0 .net "ddr2_dqs_n", 1 0, o00000260a3220c48;  alias, 0 drivers
v00000260a329b310_0 .net "ddr2_dqs_p", 1 0, o00000260a3220c78;  alias, 0 drivers
v00000260a329acd0_0 .net "ddr2_odt", 0 0, o00000260a3220ca8;  alias, 0 drivers
v00000260a32993d0_0 .net "ddr2_ras_n", 0 0, o00000260a3220cd8;  alias, 0 drivers
v00000260a3299970_0 .net "ddr2_we_n", 0 0, o00000260a3220d08;  alias, 0 drivers
v00000260a329a370_0 .net "dmem_addr_o", 31 0, L_00000260a33399b0;  1 drivers
v00000260a329af50_0 .net "dmem_rdata_i", 31 0, L_00000260a32cbfb0;  1 drivers
v00000260a329b810_0 .net "dmem_ready_i", 0 0, L_00000260a32cc9b0;  1 drivers
v00000260a329a410_0 .net "dmem_req_o", 0 0, v00000260a328b9e0_0;  1 drivers
v00000260a329a4b0_0 .net "dmem_req_seen_o", 0 0, L_00000260a2d5bf70;  1 drivers
v00000260a3299790_0 .var "dmem_req_seen_q", 0 0;
v00000260a329b770_0 .net "dmem_rsp_err_i", 0 0, L_00000260a32ccc30;  1 drivers
v00000260a329aff0_0 .net "dmem_rsp_seen_o", 0 0, L_00000260a2d5b6b0;  1 drivers
v00000260a329a7d0_0 .var "dmem_rsp_seen_q", 0 0;
v00000260a3299510_0 .net "dmem_rvalid_i", 0 0, L_00000260a32cabb0;  1 drivers
v00000260a32990b0_0 .net "dmem_store_seen_o", 0 0, L_00000260a2d5c1a0;  1 drivers
v00000260a329b1d0_0 .var "dmem_store_seen_q", 0 0;
v00000260a32998d0_0 .net "dmem_wdata_o", 31 0, L_00000260a32c9d50;  1 drivers
v00000260a329b590_0 .net "dmem_we_o", 0 0, L_00000260a3338670;  1 drivers
v00000260a3299c90_0 .net "dmem_wstrb_o", 3 0, L_00000260a32c81d0;  1 drivers
v00000260a3299830_0 .net "ex_actual_taken", 0 0, L_00000260a3339b00;  1 drivers
v00000260a3299b50_0 .net "ex_alu_op", 3 0, L_00000260a3333d60;  1 drivers
v00000260a3299650_0 .net "ex_alu_result", 31 0, v00000260a2e54070_0;  1 drivers
v00000260a3299150_0 .net "ex_alu_src_imm", 0 0, L_00000260a3334770;  1 drivers
v00000260a32995b0_0 .net "ex_br_funct3", 2 0, L_00000260a33342a0;  1 drivers
v00000260a329b130_0 .net "ex_br_taken", 0 0, L_00000260a33382f0;  1 drivers
v00000260a32996f0_0 .net "ex_branch", 0 0, L_00000260a3333200;  1 drivers
v00000260a329a190_0 .net "ex_csr_addr", 11 0, L_00000260a3334540;  1 drivers
v00000260a329a550_0 .net "ex_csr_cmd", 2 0, L_00000260a33344d0;  1 drivers
v00000260a3299ab0_0 .net "ex_csr_en", 0 0, L_00000260a33347e0;  1 drivers
v00000260a329a5f0_0 .net "ex_ebreak", 0 0, L_00000260a3334850;  1 drivers
v00000260a3299d30_0 .net "ex_ecall", 0 0, L_00000260a33345b0;  1 drivers
v00000260a329b270_0 .net "ex_illegal", 0 0, L_00000260a3334a10;  1 drivers
v00000260a329a870_0 .net "ex_imm", 31 0, L_00000260a3334700;  1 drivers
v00000260a329a050_0 .net "ex_insn_misaligned", 0 0, L_00000260a3338520;  1 drivers
v00000260a329a2d0_0 .net "ex_irq_pc_commit", 0 0, L_00000260a33365a0;  1 drivers
v00000260a329a690_0 .net "ex_is_auipc", 0 0, L_00000260a33343f0;  1 drivers
v00000260a329a910_0 .net "ex_is_ctrl_valid", 0 0, L_00000260a33398d0;  1 drivers
v00000260a329b3b0_0 .net "ex_is_lui", 0 0, L_00000260a3334620;  1 drivers
v00000260a329b450_0 .net "ex_jal", 0 0, L_00000260a3333900;  1 drivers
v00000260a329a9b0_0 .net "ex_jalr", 0 0, L_00000260a3334150;  1 drivers
v00000260a329aa50_0 .net "ex_load_misaligned", 0 0, L_00000260a3338050;  1 drivers
v00000260a329ab90_0 .net "ex_mem_flush", 0 0, L_00000260a33395c0;  1 drivers
v00000260a329ac30_0 .net "ex_mem_funct3", 2 0, L_00000260a3333270;  1 drivers
v00000260a329ad70_0 .net "ex_mem_read", 0 0, L_00000260a33339e0;  1 drivers
v00000260a329da70_0 .net "ex_mem_write", 0 0, L_00000260a3334070;  1 drivers
v00000260a329d750_0 .net "ex_mret", 0 0, L_00000260a33332e0;  1 drivers
v00000260a329dc50_0 .net "ex_mret_fire", 0 0, L_00000260a3334a80;  1 drivers
v00000260a329cfd0_0 .net "ex_mret_vector", 31 0, L_00000260a32c18d0;  1 drivers
v00000260a329cb70_0 .net "ex_pc", 31 0, L_00000260a3333970;  1 drivers
v00000260a329bf90_0 .net "ex_pc4", 31 0, L_00000260a32c57f0;  1 drivers
v00000260a329d7f0_0 .net "ex_pred_dir_miss", 0 0, L_00000260a3339ef0;  1 drivers
v00000260a329d9d0_0 .net "ex_pred_taken", 0 0, L_00000260a3334460;  1 drivers
v00000260a329dcf0_0 .net "ex_pred_target", 31 0, L_00000260a3333c10;  1 drivers
v00000260a329ded0_0 .net "ex_pred_tgt_miss", 0 0, L_00000260a3339f60;  1 drivers
v00000260a329db10_0 .net "ex_rd", 4 0, L_00000260a3333820;  1 drivers
v00000260a329c0d0_0 .net "ex_redirect_pc_raw", 31 0, L_00000260a32c3450;  1 drivers
v00000260a329dd90_0 .net "ex_reg_write", 0 0, L_00000260a33336d0;  1 drivers
v00000260a329dbb0_0 .net "ex_rs1", 4 0, L_00000260a3333f90;  1 drivers
v00000260a329de30_0 .net "ex_rs1_val", 31 0, L_00000260a3333e40;  1 drivers
v00000260a329c350_0 .net "ex_rs1_val_fwd", 31 0, L_00000260a32c0f70;  1 drivers
v00000260a329ce90_0 .net "ex_rs2", 4 0, L_00000260a3334cb0;  1 drivers
v00000260a329ccb0_0 .net "ex_rs2_val", 31 0, L_00000260a3333c80;  1 drivers
v00000260a329df70_0 .net "ex_rs2_val_fwd", 31 0, L_00000260a32c0930;  1 drivers
v00000260a329c170_0 .net "ex_shift_arith", 0 0, L_00000260a3334380;  1 drivers
v00000260a329be50_0 .net "ex_shift_right", 0 0, L_00000260a3334310;  1 drivers
v00000260a329d1b0_0 .net "ex_stall_o", 0 0, L_00000260a33378e0;  1 drivers
v00000260a329e010_0 .net "ex_store_data", 31 0, L_00000260a3336d10;  1 drivers
v00000260a329cc10_0 .net "ex_store_misaligned", 0 0, L_00000260a3337800;  1 drivers
v00000260a329bc70_0 .net "ex_sync_trap", 0 0, L_00000260a3337e20;  1 drivers
v00000260a329b8b0_0 .net "ex_sys_redirect_pc", 31 0, v00000260a329d890_0;  1 drivers
v00000260a329d890_0 .var "ex_sys_redirect_pc_q", 31 0;
v00000260a329d2f0_0 .net "ex_sys_redirect_valid", 0 0, v00000260a329c7b0_0;  1 drivers
v00000260a329c7b0_0 .var "ex_sys_redirect_valid_q", 0 0;
v00000260a329cd50_0 .net "ex_trap_cause", 31 0, L_00000260a32c3630;  1 drivers
v00000260a329cdf0_0 .net "ex_trap_vector", 31 0, L_00000260a32c0e30;  1 drivers
v00000260a329b950_0 .net "ex_valid", 0 0, L_00000260a3333190;  1 drivers
v00000260a329d4d0_0 .net "ex_wb_sel", 1 0, L_00000260a3334d20;  1 drivers
v00000260a329c3f0_0 .net "fe_redirect_pc", 31 0, L_00000260a32c6bf0;  1 drivers
v00000260a329b9f0_0 .net "fe_redirect_valid", 0 0, L_00000260a3339940;  1 drivers
v00000260a329c530_0 .net "fetch_is_ctrl", 0 0, L_00000260a33317c0;  1 drivers
v00000260a329c8f0_0 .net "fetch_opcode", 6 0, L_00000260a32ba710;  1 drivers
v00000260a329ba90_0 .net "fetch_req_addr", 31 0, L_00000260a2d5b950;  1 drivers
v00000260a329c490_0 .net "fetch_req_hs", 0 0, L_00000260a33320f0;  1 drivers
v00000260a329c5d0_0 .net "fetch_req_kill", 0 0, L_00000260a2d6e0a0;  1 drivers
v00000260a329cf30_0 .net "fetch_req_ready", 0 0, L_00000260a2d73580;  1 drivers
v00000260a329d610_0 .net "fetch_req_valid", 0 0, L_00000260a3331600;  1 drivers
v00000260a329d390_0 .net "fetch_resp_buf_blocked", 0 0, L_00000260a3332160;  1 drivers
v00000260a329c210_0 .var "fetch_resp_buf_err_q", 0 0;
v00000260a329d430_0 .var "fetch_resp_buf_inst_q", 31 0;
v00000260a329bbd0_0 .var "fetch_resp_buf_pc_q", 31 0;
v00000260a329d070_0 .net "fetch_resp_buf_pop", 0 0, L_00000260a3331ec0;  1 drivers
v00000260a329bb30_0 .net "fetch_resp_buf_push", 0 0, L_00000260a2d79160;  1 drivers
v00000260a329c2b0_0 .var "fetch_resp_buf_valid_q", 0 0;
L_00000260a32d5370 .functor BUFT 1, C4<0>, C4<0>, C4<0>, C4<0>;
v00000260a329bd10_0 .net "fetch_resp_dup_nonctrl", 0 0, L_00000260a32d5370;  1 drivers
v00000260a329d110_0 .net "fetch_resp_err", 0 0, v00000260a329c210_0;  1 drivers
v00000260a329bdb0_0 .net "fetch_resp_if_ready", 0 0, L_00000260a2d6e650;  1 drivers
v00000260a329bef0_0 .net "fetch_resp_inst", 31 0, v00000260a329d430_0;  1 drivers
v00000260a329ca30_0 .net "fetch_resp_pc", 31 0, v00000260a329bbd0_0;  1 drivers
v00000260a329c670_0 .net "fetch_resp_raw_err", 0 0, v00000260a2ab6e70_0;  1 drivers
v00000260a329c030_0 .net "fetch_resp_raw_inst", 31 0, v00000260a2ab65b0_0;  1 drivers
v00000260a329c710_0 .net "fetch_resp_raw_pc", 31 0, v00000260a2ab6d30_0;  1 drivers
v00000260a329d250_0 .net "fetch_resp_raw_ready", 0 0, L_00000260a2d78f30;  1 drivers
v00000260a329c850_0 .net "fetch_resp_raw_valid", 0 0, v00000260a2ab5430_0;  1 drivers
v00000260a329c990_0 .net "fetch_resp_valid", 0 0, L_00000260a2d76140;  1 drivers
v00000260a329cad0_0 .net "fetch_resp_valid_filt", 0 0, L_00000260a3331830;  1 drivers
v00000260a329d570_0 .net "fetch_resp_valid_pipe", 0 0, L_00000260a3331c90;  1 drivers
v00000260a329d6b0_0 .net "flush_idex", 0 0, L_00000260a333f0c0;  1 drivers
v00000260a329d930_0 .net "flush_idex_hdu", 0 0, L_00000260a333e250;  1 drivers
v00000260a329e8d0_0 .net "flush_ifid", 0 0, L_00000260a333e8e0;  1 drivers
v00000260a329e790_0 .net "flush_ifid_hdu", 0 0, L_00000260a333e410;  1 drivers
v00000260a329e470_0 .net "i_l2_req_ready_int", 0 0, L_00000260a2d5b250;  1 drivers
v00000260a329edd0_0 .net "i_l2_rsp_data_int", 63 0, L_00000260a2d5a220;  1 drivers
v00000260a329ec90_0 .net "i_l2_rsp_err_int", 0 0, L_00000260a2d5a920;  1 drivers
v00000260a329e970_0 .net "i_l2_rsp_last_int", 0 0, L_00000260a2d5a370;  1 drivers
v00000260a329e510_0 .net "i_l2_rsp_valid_int", 0 0, L_00000260a2d59c70;  1 drivers
v00000260a329e830_0 .net "icache_flush_ack_w", 0 0, v00000260a2ab5390_0;  1 drivers
v00000260a329e5b0_0 .var "icache_flush_pending_q", 0 0;
v00000260a329e6f0_0 .net "id_alu_op", 3 0, v00000260a325f7d0_0;  1 drivers
v00000260a329ee70_0 .net "id_alu_src_imm", 0 0, v00000260a325f550_0;  1 drivers
v00000260a329e650_0 .net "id_br_funct3", 2 0, L_00000260a33326a0;  1 drivers
v00000260a329ea10_0 .net "id_branch", 0 0, v00000260a32601d0_0;  1 drivers
v00000260a329eab0_0 .net "id_csr_addr", 11 0, L_00000260a32bd7d0;  1 drivers
v00000260a329ed30_0 .net "id_csr_cmd", 2 0, v00000260a3260270_0;  1 drivers
v00000260a329ebf0_0 .net "id_csr_en", 0 0, v00000260a325ebf0_0;  1 drivers
v00000260a329eb50_0 .net "id_ctrl_target", 31 0, L_00000260a32be950;  1 drivers
v00000260a329ef10_0 .net "id_ebreak", 0 0, v00000260a32629d0_0;  1 drivers
v00000260a329e0b0_0 .net "id_ecall", 0 0, v00000260a32617b0_0;  1 drivers
v00000260a329e150_0 .net "id_illegal", 0 0, v00000260a3263150_0;  1 drivers
v00000260a329e1f0_0 .net "id_imm", 31 0, v00000260a3261c10_0;  1 drivers
v00000260a329e330_0 .net "id_instr", 31 0, L_00000260a33321d0;  1 drivers
v00000260a329e290_0 .net "id_is_auipc", 0 0, v00000260a3262c50_0;  1 drivers
v00000260a329e3d0_0 .net "id_is_ctrl", 0 0, L_00000260a3333740;  1 drivers
v00000260a32a22c0_0 .net "id_is_lui", 0 0, v00000260a3262a70_0;  1 drivers
v00000260a32a4480_0 .net "id_jal", 0 0, v00000260a3261fd0_0;  1 drivers
v00000260a32a33a0_0 .net "id_jalr", 0 0, v00000260a32630b0_0;  1 drivers
v00000260a32a2ae0_0 .net "id_mem_funct3", 2 0, v00000260a3263650_0;  1 drivers
v00000260a32a3d00_0 .net "id_mem_read", 0 0, v00000260a3262430_0;  1 drivers
v00000260a32a2d60_0 .net "id_mem_write", 0 0, v00000260a3262b10_0;  1 drivers
v00000260a32a2c20_0 .net "id_mret", 0 0, v00000260a32615d0_0;  1 drivers
v00000260a32a3120_0 .net "id_pc", 31 0, L_00000260a33324e0;  1 drivers
v00000260a32a2e00_0 .net "id_pred_redirect_valid", 0 0, L_00000260a3333a50;  1 drivers
v00000260a32a31c0_0 .net "id_pred_taken", 0 0, L_00000260a33349a0;  1 drivers
v00000260a32a3580_0 .net "id_rd", 4 0, L_00000260a3332cc0;  1 drivers
v00000260a32a3f80_0 .net "id_ready", 0 0, L_00000260a3333ba0;  1 drivers
v00000260a32a2680_0 .net "id_reg_write", 0 0, v00000260a3263010_0;  1 drivers
v00000260a32a24a0_0 .net "id_rs1", 4 0, L_00000260a32bd050;  1 drivers
v00000260a32a4660_0 .net "id_rs1_val", 31 0, L_00000260a32bea90;  1 drivers
v00000260a32a3bc0_0 .net "id_rs2", 4 0, L_00000260a3332630;  1 drivers
v00000260a32a29a0_0 .net "id_rs2_val", 31 0, L_00000260a32c0890;  1 drivers
v00000260a32a3620_0 .net "id_shift_arith", 0 0, v00000260a3262d90_0;  1 drivers
v00000260a32a2400_0 .net "id_shift_right", 0 0, v00000260a32610d0_0;  1 drivers
v00000260a32a36c0_0 .net "id_valid", 0 0, L_00000260a3331e50;  1 drivers
v00000260a32a38a0_0 .net "id_wb_sel", 1 0, v00000260a3263290_0;  1 drivers
v00000260a32a2fe0_0 .net "if_pc", 31 0, v00000260a327fdc0_0;  1 drivers
v00000260a32a4840_0 .var "if_pc_prev_q", 31 0;
v00000260a32a3760_0 .var "if_pending", 0 0;
v00000260a32a2a40_0 .var/i "ifdbg_cnt", 31 0;
v00000260a32a3080_0 .var "ifdbg_en", 0 0;
v00000260a32a3da0_0 .net "ifetch_err_o", 0 0, L_00000260a3331d70;  alias, 1 drivers
v00000260a32a2b80_0 .net "ifetch_sync_candidate", 0 0, L_00000260a3332e80;  1 drivers
v00000260a32a2720_0 .net "ifetch_sync_trap", 0 0, L_00000260a3336e60;  1 drivers
v00000260a32a2360_0 .net "init_calib_complete", 0 0, L_00000260a32d42d8;  alias, 1 drivers
v00000260a32a3440_0 .var "irq_arch_pc_q", 31 0;
v00000260a32a2cc0_0 .net "irq_cause_w", 31 0, L_00000260a32cc910;  1 drivers
v00000260a32a2ea0_0 .net "irq_ext_pending_w", 0 0, L_00000260a333bd20;  1 drivers
v00000260a32a2f40_0 .net "irq_frontend_hold", 0 0, L_00000260a333be70;  1 drivers
v00000260a32a2540_0 .net "irq_meip_rdata_w", 31 0, L_00000260a32cb470;  1 drivers
v00000260a32a43e0_0 .var "irq_mem_pc_suppress_q", 0 0;
v00000260a32a47a0_0 .net "irq_msip_rdata_w", 31 0, L_00000260a32cb790;  1 drivers
v00000260a32a34e0_0 .net "irq_mtime_hi_w", 31 0, L_00000260a32cb970;  1 drivers
v00000260a32a2860_0 .net "irq_mtime_lo_w", 31 0, L_00000260a32cc730;  1 drivers
v00000260a32a3800_0 .net "irq_mtimecmp_hi_w", 31 0, L_00000260a32cb650;  1 drivers
v00000260a32a3940_0 .net "irq_mtimecmp_lo_w", 31 0, L_00000260a32cc7d0;  1 drivers
v00000260a32a3260_0 .var "irq_pc_override_q", 31 0;
v00000260a32a3300_0 .var "irq_pc_override_valid_q", 0 0;
v00000260a32a39e0_0 .net "irq_quiesce_id", 0 0, L_00000260a333c110;  1 drivers
v00000260a32a3a80_0 .var "irq_redirect_settle_q", 1 0;
v00000260a32a3b20_0 .net "irq_request_w", 0 0, L_00000260a333d140;  1 drivers
v00000260a32a3c60_0 .net "irq_soft_pending_w", 0 0, L_00000260a333bcb0;  1 drivers
v00000260a32a3e40_0 .net "irq_take_effective", 0 0, L_00000260a33373a0;  1 drivers
v00000260a32a3ee0_0 .net "irq_take_now", 0 0, L_00000260a333c030;  1 drivers
v00000260a32a4200_0 .net "irq_timer_pending_w", 0 0, L_00000260a32cc4b0;  1 drivers
v00000260a32a4020_0 .net "irq_trap_pc", 31 0, L_00000260a32cc050;  1 drivers
v00000260a32a40c0_0 .net "l2_req_addr", 31 0, v00000260a2ab5a70_0;  alias, 1 drivers
v00000260a32a4160_0 .net "l2_req_cmd", 1 0, v00000260a2ab5e30_0;  alias, 1 drivers
v00000260a32a42a0_0 .net "l2_req_len", 7 0, v00000260a2ab7af0_0;  alias, 1 drivers
v00000260a32a4340_0 .net "l2_req_ready", 0 0, L_00000260a333fd00;  alias, 1 drivers
v00000260a32a4520_0 .net "l2_req_size", 2 0, v00000260a2ab7eb0_0;  alias, 1 drivers
v00000260a32a4700_0 .net "l2_req_valid", 0 0, v00000260a2ab7870_0;  alias, 1 drivers
v00000260a32a45c0_0 .net "l2_rsp_data", 63 0, v00000260a32b0500_0;  1 drivers
v00000260a32a2900_0 .net "l2_rsp_err", 0 0, v00000260a32af600_0;  1 drivers
v00000260a32a25e0_0 .net "l2_rsp_last", 0 0, v00000260a32af920_0;  1 drivers
v00000260a32a20e0_0 .net "l2_rsp_ready", 0 0, v00000260a2ab7cd0_0;  alias, 1 drivers
v00000260a32a2180_0 .net "l2_rsp_valid", 0 0, v00000260a32af6a0_0;  1 drivers
v00000260a32a27c0_0 .var "last_if_resp_pc_q", 31 0;
v00000260a32a2220_0 .var "last_if_resp_v_q", 0 0;
v00000260a32a61e0_0 .var "launcher_reset_active_q", 0 0;
v00000260a32a5420_0 .var "launcher_reset_arm_cnt_q", 22 0;
v00000260a32a6000_0 .var "launcher_reset_btn_q", 0 0;
v00000260a32a5600_0 .var "launcher_reset_cnt_q", 20 0;
v00000260a32a68c0_0 .var "launcher_reset_db_cnt_q", 15 0;
v00000260a32a5920_0 .var "launcher_reset_ff1_q", 0 0;
v00000260a32a4f20_0 .var "launcher_reset_ff2_q", 0 0;
v00000260a32a5100_0 .var "launcher_reset_pending_q", 0 0;
L_00000260a32d8d60 .functor BUFT 1, C4<0>, C4<0>, C4<0>, C4<0>;
v00000260a32a6780_0 .net "launcher_reset_req_i", 0 0, L_00000260a32d8d60;  1 drivers
v00000260a32a6b40_0 .net "local_mmio_hit", 0 0, L_00000260a333ba80;  1 drivers
v00000260a32a54c0_0 .net "mem_alu_result", 31 0, L_00000260a3339630;  1 drivers
v00000260a32a6960_0 .net "mem_err_event", 0 0, L_00000260a333cc00;  1 drivers
v00000260a32a59c0_0 .net "mem_irq_pc_commit", 0 0, L_00000260a3336140;  1 drivers
v00000260a32a5560_0 .net "mem_load_active", 0 0, L_00000260a3338b40;  1 drivers
v00000260a32a6aa0_0 .net "mem_load_rdata", 31 0, L_00000260a32c8130;  1 drivers
v00000260a32a6820_0 .net "mem_load_valid", 0 0, L_00000260a3339cc0;  1 drivers
v00000260a32a6c80_0 .net "mem_mem_read", 0 0, L_00000260a3339fd0;  1 drivers
v00000260a32a60a0_0 .net "mem_mem_write", 0 0, L_00000260a33396a0;  1 drivers
v00000260a32a48e0_0 .net "mem_pc4", 31 0, L_00000260a33386e0;  1 drivers
v00000260a32a4ac0_0 .net "mem_rd", 4 0, L_00000260a33388a0;  1 drivers
v00000260a32a6fa0_0 .net "mem_reg_write", 0 0, L_00000260a333a0b0;  1 drivers
v00000260a32a6a00_0 .net "mem_size", 2 0, L_00000260a3339240;  1 drivers
v00000260a32a6d20_0 .net "mem_stall", 0 0, L_00000260a3339a20;  1 drivers
v00000260a32a4d40_0 .net "mem_stall_seen_o", 0 0, L_00000260a2d5cd00;  1 drivers
v00000260a32a6f00_0 .var "mem_stall_seen_q", 0 0;
v00000260a32a6be0_0 .net "mem_store_data", 31 0, L_00000260a3338d70;  1 drivers
v00000260a32a5a60_0 .net "mem_sync_trap", 0 0, L_00000260a333d3e0;  1 drivers
v00000260a32a6dc0_0 .net "mem_trap_cause", 31 0, L_00000260a32cad90;  1 drivers
v00000260a32a6e60_0 .net "mem_trap_pc", 31 0, L_00000260a32cbb50;  1 drivers
v00000260a32a4b60_0 .net "mem_valid", 0 0, L_00000260a33394e0;  1 drivers
v00000260a32a6140_0 .net "mem_wb_sel", 1 0, L_00000260a3339be0;  1 drivers
L_00000260a32d8ad8 .functor BUFT 1, C4<00000000000000000000000000000000>, C4<0>, C4<0>, C4<0>;
v00000260a32a4e80_0 .net "pending_load_mask", 31 0, L_00000260a32d8ad8;  1 drivers
v00000260a32a5380_0 .net "redirect_pc", 31 0, L_00000260a32c66f0;  1 drivers
v00000260a32a4de0_0 .net "redirect_valid", 0 0, L_00000260a3338830;  1 drivers
v00000260a32a51a0_0 .net "req_blocked", 0 0, L_00000260a3332b70;  1 drivers
v00000260a32a4fc0_0 .net "resp_blocked", 0 0, L_00000260a3333120;  1 drivers
v00000260a32a6280_0 .net "rf_waddr", 4 0, L_00000260a333c650;  1 drivers
v00000260a32a7040_0 .net "rf_wdata", 31 0, L_00000260a333d680;  1 drivers
v00000260a32a6320_0 .net "rf_we", 0 0, L_00000260a333cb90;  1 drivers
v00000260a32a5ba0_0 .net "rst_n", 0 0, v00000260a32bb1b0_0;  1 drivers
v00000260a32a4ca0_0 .net "stall_ex", 0 0, L_00000260a333e560;  1 drivers
v00000260a32a4980_0 .net "stall_ex_hdu", 0 0, L_00000260a333f360;  1 drivers
v00000260a32a4c00_0 .net "stall_exmem", 0 0, L_00000260a333e800;  1 drivers
v00000260a32a5240_0 .net "stall_exmem_hdu", 0 0, L_00000260a333eaa0;  1 drivers
v00000260a32a63c0_0 .net "stall_id", 0 0, L_00000260a333de60;  1 drivers
v00000260a32a57e0_0 .net "stall_id_hdu", 0 0, L_00000260a333e720;  1 drivers
v00000260a32a5060_0 .net "stall_if", 0 0, L_00000260a333e870;  1 drivers
v00000260a32a52e0_0 .net "stall_if_hdu", 0 0, L_00000260a333dd80;  1 drivers
v00000260a32a56a0_0 .net "store_done_i", 0 0, L_00000260a333c340;  1 drivers
v00000260a32a6460_0 .net "sync_trap_cause", 31 0, L_00000260a32c4e90;  1 drivers
v00000260a32a6500_0 .net "sync_trap_pc", 31 0, L_00000260a32c3c70;  1 drivers
v00000260a32a65a0_0 .net "sync_trap_tval", 31 0, L_00000260a32c4530;  1 drivers
v00000260a32a4a20_0 .net "sync_trap_valid", 0 0, L_00000260a33381a0;  1 drivers
v00000260a32a5740_0 .net "sys_clk_i", 0 0, L_00000260a333e5d0;  alias, 1 drivers
v00000260a32a5880_0 .net "sys_flush_now", 0 0, L_00000260a3336bc0;  1 drivers
v00000260a32a6640_0 .net "uart_mmio_addr_valid", 0 0, L_00000260a33392b0;  1 drivers
v00000260a32a5b00_0 .net "uart_mmio_fire", 0 0, L_00000260a333b150;  1 drivers
v00000260a32a5c40_0 .net "uart_mmio_has_byte", 0 0, L_00000260a32c95d0;  1 drivers
v00000260a32a5ce0_0 .net "uart_mmio_hit", 0 0, L_00000260a32c9350;  1 drivers
v00000260a32a5d80_0 .net "uart_mmio_launcher_reset_fire", 0 0, L_00000260a333b770;  1 drivers
v00000260a32a5e20_0 .net "uart_mmio_meip_fire", 0 0, L_00000260a333a890;  1 drivers
v00000260a32a66e0_0 .net "uart_mmio_msip_fire", 0 0, L_00000260a333a820;  1 drivers
v00000260a32a5ec0_0 .net "uart_mmio_mtime_hi_fire", 0 0, L_00000260a333aa50;  1 drivers
v00000260a32a5f60_0 .net "uart_mmio_mtime_lo_fire", 0 0, L_00000260a333b690;  1 drivers
v00000260a32a93e0_0 .net "uart_mmio_mtimecmp_hi_fire", 0 0, L_00000260a333b310;  1 drivers
v00000260a32a7d60_0 .net "uart_mmio_mtimecmp_lo_fire", 0 0, L_00000260a333af20;  1 drivers
v00000260a32a8120_0 .net "uart_mmio_read_err", 0 0, L_00000260a333aeb0;  1 drivers
v00000260a32a8580_0 .net "uart_mmio_ready", 0 0, L_00000260a32c8810;  1 drivers
v00000260a32a88a0_0 .net "uart_mmio_req_valid", 0 0, L_00000260a333b000;  1 drivers
v00000260a32a7b80_0 .net "uart_mmio_rsp_err", 0 0, L_00000260a333acf0;  1 drivers
v00000260a32a7cc0_0 .net "uart_mmio_rsp_rdata", 31 0, L_00000260a32c8630;  1 drivers
v00000260a32a9660_0 .net "uart_mmio_rsp_valid", 0 0, L_00000260a333a970;  1 drivers
v00000260a32a7680_0 .net "uart_mmio_rx_pop", 0 0, L_00000260a333a5f0;  1 drivers
v00000260a32a7220_0 .net "uart_mmio_rx_status_read", 0 0, L_00000260a333a200;  1 drivers
v00000260a32a79a0_0 .net "uart_mmio_seen_o", 0 0, L_00000260a2d5c0c0;  1 drivers
v00000260a32a8620_0 .var "uart_mmio_seen_q", 0 0;
v00000260a32a7400_0 .net "uart_mmio_sel_launcher_reset", 0 0, L_00000260a32c97b0;  1 drivers
v00000260a32a86c0_0 .net "uart_mmio_sel_launcher_status", 0 0, L_00000260a32ca570;  1 drivers
v00000260a32a9840_0 .net "uart_mmio_sel_meip", 0 0, L_00000260a32c8db0;  1 drivers
v00000260a32a7fe0_0 .net "uart_mmio_sel_msip", 0 0, L_00000260a32c9a30;  1 drivers
v00000260a32a74a0_0 .net "uart_mmio_sel_mtime_hi", 0 0, L_00000260a32c90d0;  1 drivers
v00000260a32a8760_0 .net "uart_mmio_sel_mtime_lo", 0 0, L_00000260a32c9030;  1 drivers
v00000260a32a8800_0 .net "uart_mmio_sel_mtimecmp_hi", 0 0, L_00000260a32c93f0;  1 drivers
v00000260a32a7a40_0 .net "uart_mmio_sel_mtimecmp_lo", 0 0, L_00000260a32ca110;  1 drivers
v00000260a32a8d00_0 .net "uart_mmio_sel_rx_data", 0 0, L_00000260a32c9fd0;  1 drivers
v00000260a32a8260_0 .net "uart_mmio_sel_rx_status", 0 0, L_00000260a32c9df0;  1 drivers
v00000260a32a9700_0 .net "uart_mmio_sel_tx_data", 0 0, L_00000260a32c9850;  1 drivers
v00000260a32a9480_0 .net "uart_mmio_sel_tx_status", 0 0, L_00000260a32c8f90;  1 drivers
v00000260a32a7e00_0 .net "uart_mmio_tx_fire", 0 0, L_00000260a333b8c0;  1 drivers
v00000260a32a97a0_0 .net "uart_mmio_wbyte", 7 0, L_00000260a32c84f0;  1 drivers
v00000260a32a8940_0 .net "uart_mmio_write_err", 0 0, L_00000260a333a2e0;  1 drivers
v00000260a32a70e0_0 .var "uart_rx_data_q", 7 0;
v00000260a32a8080_0 .net "uart_rx_data_w", 7 0, v00000260a3281440_0;  1 drivers
v00000260a32a72c0_0 .var "uart_rx_ff1_q", 0 0;
v00000260a32a7180_0 .var "uart_rx_ff2_q", 0 0;
v00000260a32a9200_0 .net "uart_rx_i", 0 0, v00000260a32ba490_0;  1 drivers
v00000260a32a89e0_0 .var "uart_rx_overrun_q", 0 0;
v00000260a32a83a0_0 .var "uart_rx_valid_q", 0 0;
v00000260a32a7c20_0 .net "uart_rx_valid_w", 0 0, v00000260a3280540_0;  1 drivers
v00000260a32a9520_0 .net "uart_tx_busy", 0 0, L_00000260a32c8950;  1 drivers
v00000260a32a8a80_0 .net "uart_tx_busy_seen_o", 0 0, L_00000260a2d5bb80;  1 drivers
v00000260a32a7720_0 .var "uart_tx_busy_seen_q", 0 0;
v00000260a32a8bc0_0 .var "uart_tx_data_q", 7 0;
v00000260a32a8b20_0 .var "uart_tx_en_q", 0 0;
v00000260a32a7ae0_0 .net "uart_tx_fire_seen_o", 0 0, L_00000260a2d5b9c0;  1 drivers
v00000260a32a8300_0 .var "uart_tx_fire_seen_q", 0 0;
v00000260a32a7ea0_0 .net "uart_tx_o", 0 0, v00000260a3280400_0;  alias, 1 drivers
v00000260a32a7360_0 .net "ui_clk", 0 0, L_00000260a2d59c00;  1 drivers
v00000260a32a7540_0 .var "ui_clk_blink_cnt_q", 24 0;
v00000260a32a8c60_0 .net "ui_clk_sync_rst", 0 0, L_00000260a32d4320;  1 drivers
v00000260a32a7f40_0 .var "ui_rx_ff1_q", 0 0;
v00000260a32a8da0_0 .var "ui_rx_ff2_d_q", 0 0;
v00000260a32a75e0_0 .var "ui_rx_ff2_q", 0 0;
v00000260a32a8f80_0 .net "vga_blue_o", 3 0, L_00000260a2d5b8e0;  1 drivers
v00000260a32a81c0_0 .net "vga_blue_w", 3 0, L_00000260a32d4ea8;  1 drivers
v00000260a32a8440_0 .net "vga_green_o", 3 0, L_00000260a2d5b330;  1 drivers
v00000260a32a77c0_0 .net "vga_green_w", 3 0, L_00000260a32d4e60;  1 drivers
v00000260a32a7860_0 .net "vga_hsync_o", 0 0, L_00000260a2d5cde0;  1 drivers
v00000260a32a8e40_0 .net "vga_hsync_w", 0 0, L_00000260a32d4d88;  1 drivers
v00000260a32a7900_0 .net "vga_mmio_hit", 0 0, L_00000260a32d8070;  1 drivers
L_00000260a32d4c68 .functor BUFT 1, C4<0>, C4<0>, C4<0>, C4<0>;
v00000260a32a84e0_0 .net "vga_mmio_ready", 0 0, L_00000260a32d4c68;  1 drivers
v00000260a32a8ee0_0 .net "vga_mmio_req_valid", 0 0, L_00000260a333b3f0;  1 drivers
L_00000260a32d4d40 .functor BUFT 1, C4<0>, C4<0>, C4<0>, C4<0>;
v00000260a32a9020_0 .net "vga_mmio_rsp_err", 0 0, L_00000260a32d4d40;  1 drivers
L_00000260a32d4cf8 .functor BUFT 1, C4<00000000000000000000000000000000>, C4<0>, C4<0>, C4<0>;
v00000260a32a90c0_0 .net "vga_mmio_rsp_rdata", 31 0, L_00000260a32d4cf8;  1 drivers
L_00000260a32d4cb0 .functor BUFT 1, C4<0>, C4<0>, C4<0>, C4<0>;
v00000260a32a9160_0 .net "vga_mmio_rsp_valid", 0 0, L_00000260a32d4cb0;  1 drivers
v00000260a32a92a0_0 .net "vga_red_o", 3 0, L_00000260a2d5b2c0;  1 drivers
v00000260a32a9340_0 .net "vga_red_w", 3 0, L_00000260a32d4e18;  1 drivers
v00000260a32a95c0_0 .net "vga_vsync_o", 0 0, L_00000260a2d5ce50;  1 drivers
v00000260a32aa4c0_0 .net "vga_vsync_w", 0 0, L_00000260a32d4dd0;  1 drivers
v00000260a32ab8c0_0 .net "wb_i_valid", 0 0, L_00000260a32caa70;  1 drivers
v00000260a32aaf60_0 .net "wb_rd", 4 0, v00000260a328d6a0_0;  1 drivers
v00000260a32a9ca0_0 .net "wb_rd_o", 4 0, L_00000260a333c3b0;  alias, 1 drivers
v00000260a32a9f20_0 .net "wb_rd_wen", 0 0, L_00000260a333d370;  1 drivers
v00000260a32a9a20_0 .net "wb_seen_o", 0 0, L_00000260a2d5b3a0;  1 drivers
v00000260a32abd20_0 .var "wb_seen_q", 0 0;
v00000260a32ab320_0 .net "wb_stall", 0 0, L_00000260a333d300;  1 drivers
v00000260a32abdc0_0 .net "wb_valid", 0 0, L_00000260a333cf10;  1 drivers
v00000260a32ab000_0 .net "wb_wdata", 31 0, v00000260a328bbc0_0;  1 drivers
v00000260a32ab500_0 .net "wb_wdata_o", 31 0, L_00000260a333d0d0;  alias, 1 drivers
v00000260a32a9ac0_0 .net "wb_we_o", 0 0, L_00000260a333d060;  alias, 1 drivers
E_00000260a31892f0/0 .event negedge, v00000260a3298f70_0;
E_00000260a31892f0/1 .event posedge, v00000260a3169b60_0;
E_00000260a31892f0 .event/or E_00000260a31892f0/0, E_00000260a31892f0/1;
E_00000260a3189070 .event posedge, v00000260a32a8c60_0, v00000260a32a7360_0;
L_00000260a32bb250 .part v00000260a3298ed0_0, 1, 1;
L_00000260a32b9590 .cmp/eq 2, v00000260a3166a00_0, L_00000260a32d4ef0;
L_00000260a32b9950 .cmp/eq 2, v00000260a3166a00_0, L_00000260a32d4f38;
L_00000260a32ba670 .cmp/ne 26, v00000260a32952d0_0, L_00000260a32d4f80;
L_00000260a32b99f0 .part v00000260a32a7540_0, 23, 1;
L_00000260a32ba710 .part v00000260a329d430_0, 0, 7;
L_00000260a32b9130 .cmp/eq 7, L_00000260a32ba710, L_00000260a32d5298;
L_00000260a32b9b30 .cmp/eq 7, L_00000260a32ba710, L_00000260a32d52e0;
L_00000260a32baa30 .cmp/eq 7, L_00000260a32ba710, L_00000260a32d5328;
L_00000260a32bacb0 .reduce/nor L_00000260a32d5370;
L_00000260a32bafd0 .reduce/nor L_00000260a333c110;
L_00000260a32bedb0 .arith/sum 32, L_00000260a32bea90, v00000260a3261c10_0;
L_00000260a32bf530 .arith/sum 32, L_00000260a33324e0, v00000260a3261c10_0;
L_00000260a32be950 .functor MUXZ 32, L_00000260a32bf530, L_00000260a33340e0, v00000260a32630b0_0, C4<>;
L_00000260a32c22d0 .part v00000260a3169fc0_0, 2, 30;
L_00000260a32c0e30 .concat [ 2 30 0 0], L_00000260a32d66d8, L_00000260a32c22d0;
L_00000260a32c1830 .part v00000260a3168bc0_0, 2, 30;
L_00000260a32c18d0 .concat [ 2 30 0 0], L_00000260a32d6720, L_00000260a32c1830;
L_00000260a32c4cb0 .cmp/eq 2, v00000260a316a4c0_0, L_00000260a32d7458;
L_00000260a32c1970 .cmp/eq 2, v00000260a316a4c0_0, L_00000260a32d74e8;
L_00000260a32c4710 .functor MUXZ 32, L_00000260a32d7578, L_00000260a32d7530, L_00000260a32c1970, C4<>;
L_00000260a32c4210 .functor MUXZ 32, L_00000260a32c4710, L_00000260a32d74a0, L_00000260a32c4cb0, C4<>;
L_00000260a32c5390 .functor MUXZ 32, L_00000260a32d75c0, L_00000260a32c4210, L_00000260a33345b0, C4<>;
L_00000260a32c4df0 .functor MUXZ 32, L_00000260a32c5390, L_00000260a32d7410, L_00000260a3334850, C4<>;
L_00000260a32c3e50 .functor MUXZ 32, L_00000260a32c4df0, L_00000260a32d73c8, L_00000260a3334a10, C4<>;
L_00000260a32c3310 .functor MUXZ 32, L_00000260a32c3e50, L_00000260a32d7380, L_00000260a3337800, C4<>;
L_00000260a32c33b0 .functor MUXZ 32, L_00000260a32c3310, L_00000260a32d7338, L_00000260a3338050, C4<>;
L_00000260a32c3630 .functor MUXZ 32, L_00000260a32c33b0, L_00000260a32d72f0, L_00000260a3338520, C4<>;
L_00000260a32c42b0 .functor MUXZ 32, L_00000260a32d7608, L_00000260a32c3630, L_00000260a3337e20, C4<>;
L_00000260a32c4e90 .functor MUXZ 32, L_00000260a32c42b0, L_00000260a32cad90, L_00000260a333d3e0, C4<>;
L_00000260a32c36d0 .functor MUXZ 32, v00000260a329bbd0_0, L_00000260a3333970, L_00000260a3337e20, C4<>;
L_00000260a32c3c70 .functor MUXZ 32, L_00000260a32c36d0, L_00000260a32cbb50, L_00000260a333d3e0, C4<>;
L_00000260a32c3f90 .functor MUXZ 32, L_00000260a32d7650, v00000260a2e54070_0, L_00000260a3337250, C4<>;
L_00000260a32c4350 .functor MUXZ 32, L_00000260a32c3f90, L_00000260a32c3450, L_00000260a3338520, C4<>;
L_00000260a32c4490 .functor MUXZ 32, v00000260a329bbd0_0, L_00000260a32c4350, L_00000260a3337e20, C4<>;
L_00000260a32c4530 .functor MUXZ 32, L_00000260a32c4490, L_00000260a3339630, L_00000260a333d3e0, C4<>;
L_00000260a32c79b0 .cmp/ne 32, L_00000260a3333c10, L_00000260a32c3450;
L_00000260a32c66f0 .functor MUXZ 32, L_00000260a32c57f0, L_00000260a32c3450, L_00000260a3339b00, C4<>;
L_00000260a32c6970 .functor MUXZ 32, L_00000260a32be950, L_00000260a32c66f0, L_00000260a3338830, C4<>;
L_00000260a32c6bf0 .functor MUXZ 32, L_00000260a32c6970, v00000260a329d890_0, v00000260a329c7b0_0, C4<>;
L_00000260a32c9670 .part L_00000260a33399b0, 16, 16;
L_00000260a32c9350 .cmp/eq 16, L_00000260a32c9670, L_00000260a32d7cc8;
L_00000260a32c8270 .part L_00000260a33399b0, 2, 30;
L_00000260a32c9850 .cmp/eq 30, L_00000260a32c8270, L_00000260a32d7d10;
L_00000260a32c8c70 .part L_00000260a33399b0, 2, 30;
L_00000260a32c8f90 .cmp/eq 30, L_00000260a32c8c70, L_00000260a32d7d58;
L_00000260a32c9e90 .part L_00000260a33399b0, 2, 30;
L_00000260a32c9fd0 .cmp/eq 30, L_00000260a32c9e90, L_00000260a32d7da0;
L_00000260a32c8bd0 .part L_00000260a33399b0, 2, 30;
L_00000260a32c9df0 .cmp/eq 30, L_00000260a32c8bd0, L_00000260a32d7de8;
L_00000260a32ca890 .part L_00000260a33399b0, 2, 30;
L_00000260a32ca570 .cmp/eq 30, L_00000260a32ca890, L_00000260a32d7e30;
L_00000260a32c9530 .part L_00000260a33399b0, 2, 30;
L_00000260a32c97b0 .cmp/eq 30, L_00000260a32c9530, L_00000260a32d7e78;
L_00000260a32c8d10 .part L_00000260a33399b0, 2, 30;
L_00000260a32c9a30 .cmp/eq 30, L_00000260a32c8d10, L_00000260a32d7ec0;
L_00000260a32c9ad0 .part L_00000260a33399b0, 2, 30;
L_00000260a32c8db0 .cmp/eq 30, L_00000260a32c9ad0, L_00000260a32d7f08;
L_00000260a32c9b70 .part L_00000260a33399b0, 2, 30;
L_00000260a32c9030 .cmp/eq 30, L_00000260a32c9b70, L_00000260a32d7f50;
L_00000260a32c8ef0 .part L_00000260a33399b0, 2, 30;
L_00000260a32c90d0 .cmp/eq 30, L_00000260a32c8ef0, L_00000260a32d7f98;
L_00000260a32ca070 .part L_00000260a33399b0, 2, 30;
L_00000260a32ca110 .cmp/eq 30, L_00000260a32ca070, L_00000260a32d7fe0;
L_00000260a32c89f0 .part L_00000260a33399b0, 2, 30;
L_00000260a32c93f0 .cmp/eq 30, L_00000260a32c89f0, L_00000260a32d8028;
L_00000260a32ca6b0 .part L_00000260a32c81d0, 0, 1;
L_00000260a32ca390 .part L_00000260a32c9d50, 0, 8;
L_00000260a32c8e50 .part L_00000260a32c81d0, 1, 1;
L_00000260a32ca1b0 .part L_00000260a32c9d50, 8, 8;
L_00000260a32c9210 .part L_00000260a32c81d0, 2, 1;
L_00000260a32ca610 .part L_00000260a32c9d50, 16, 8;
L_00000260a32c92b0 .part L_00000260a32c9d50, 24, 8;
L_00000260a32c86d0 .functor MUXZ 8, L_00000260a32c92b0, L_00000260a32ca610, L_00000260a32c9210, C4<>;
L_00000260a32c9490 .functor MUXZ 8, L_00000260a32c86d0, L_00000260a32ca1b0, L_00000260a32c8e50, C4<>;
L_00000260a32c84f0 .functor MUXZ 8, L_00000260a32c9490, L_00000260a32ca390, L_00000260a32ca6b0, C4<>;
L_00000260a32c95d0 .reduce/or L_00000260a32c81d0;
L_00000260a32c8310 .functor MUXZ 1, L_00000260a32d8100, L_00000260a333b930, L_00000260a333a270, C4<>;
L_00000260a32c8810 .functor MUXZ 1, L_00000260a32c8310, L_00000260a32d80b8, L_00000260a333ac10, C4<>;
L_00000260a32c9c10 .concat [ 1 31 0 0], L_00000260a333ad60, L_00000260a32d8148;
L_00000260a32c9710 .concat [ 8 24 0 0], v00000260a32a70e0_0, L_00000260a32d8190;
L_00000260a32c9cb0 .concat [ 1 1 30 0], v00000260a32a83a0_0, v00000260a32a89e0_0, L_00000260a32d81d8;
L_00000260a32ca250 .concat [ 1 31 0 0], v00000260a32a6000_0, L_00000260a32d8220;
L_00000260a32ca2f0 .functor MUXZ 32, L_00000260a32d8268, L_00000260a32cb650, L_00000260a32c93f0, C4<>;
L_00000260a32ca430 .functor MUXZ 32, L_00000260a32ca2f0, L_00000260a32cc7d0, L_00000260a32ca110, C4<>;
L_00000260a32ca750 .functor MUXZ 32, L_00000260a32ca430, L_00000260a32cb970, L_00000260a32c90d0, C4<>;
L_00000260a32ca7f0 .functor MUXZ 32, L_00000260a32ca750, L_00000260a32cc730, L_00000260a32c9030, C4<>;
L_00000260a32ca4d0 .functor MUXZ 32, L_00000260a32ca7f0, L_00000260a32cb470, L_00000260a32c8db0, C4<>;
L_00000260a32c83b0 .functor MUXZ 32, L_00000260a32ca4d0, L_00000260a32cb790, L_00000260a32c9a30, C4<>;
L_00000260a32c8770 .functor MUXZ 32, L_00000260a32c83b0, L_00000260a32ca250, L_00000260a32ca570, C4<>;
L_00000260a32c8450 .functor MUXZ 32, L_00000260a32c8770, L_00000260a32c9cb0, L_00000260a32c9df0, C4<>;
L_00000260a32c8590 .functor MUXZ 32, L_00000260a32c8450, L_00000260a32c9710, L_00000260a32c9fd0, C4<>;
L_00000260a32c8630 .functor MUXZ 32, L_00000260a32c8590, L_00000260a32c9c10, L_00000260a32c8f90, C4<>;
L_00000260a32c88b0 .part L_00000260a32c84f0, 0, 1;
L_00000260a32ccf50 .part L_00000260a3339240, 0, 2;
L_00000260a32cc9b0 .functor MUXZ 1, L_00000260a333fb40, L_00000260a32c8810, L_00000260a32c9350, C4<>;
L_00000260a32cabb0 .functor MUXZ 1, L_00000260a333f8a0, L_00000260a333a970, L_00000260a32c9350, C4<>;
L_00000260a32cbfb0 .functor MUXZ 32, L_00000260a33406a0, L_00000260a32c8630, L_00000260a32c9350, C4<>;
L_00000260a32ccc30 .functor MUXZ 1, L_00000260a333f830, L_00000260a333acf0, L_00000260a32c9350, C4<>;
L_00000260a32cad90 .functor MUXZ 32, L_00000260a32d89b8, L_00000260a32d8970, L_00000260a33396a0, C4<>;
L_00000260a32cbb50 .arith/sub 32, L_00000260a33386e0, L_00000260a32d8a00;
L_00000260a32caa70 .functor MUXZ 1, L_00000260a333c960, L_00000260a3339cc0, L_00000260a3339fd0, C4<>;
L_00000260a32cb290 .cmp/eq 2, v00000260a32a3a80_0, L_00000260a32d8a90;
L_00000260a32cc050 .functor MUXZ 32, v00000260a32a3440_0, v00000260a32a3260_0, v00000260a32a3300_0, C4<>;
S_00000260a32025b0 .scope generate, "GEN_NO_MIG" "GEN_NO_MIG" 4 311, 4 311 0, S_00000260a3202f10;
 .timescale -9 -12;
L_00000260a2d59c00 .functor BUFZ 1, v00000260a32ab960_0, C4<0>, C4<0>, C4<0>;
L_00000260a2d5a060 .functor BUFZ 1, v00000260a32ab960_0, C4<0>, C4<0>, C4<0>;
L_00000260a2d5a7d0 .functor BUFZ 1, v00000260a32bb1b0_0, C4<0>, C4<0>, C4<0>;
L_00000260a2d5b250 .functor BUFZ 1, L_00000260a333fd00, C4<0>, C4<0>, C4<0>;
L_00000260a2d59c70 .functor BUFZ 1, v00000260a32af6a0_0, C4<0>, C4<0>, C4<0>;
L_00000260a2d5a220 .functor BUFZ 64, v00000260a32b0500_0, C4<0000000000000000000000000000000000000000000000000000000000000000>, C4<0000000000000000000000000000000000000000000000000000000000000000>, C4<0000000000000000000000000000000000000000000000000000000000000000>;
L_00000260a2d5a370 .functor BUFZ 1, v00000260a32af920_0, C4<0>, C4<0>, C4<0>;
L_00000260a2d5a920 .functor BUFZ 1, v00000260a32af600_0, C4<0>, C4<0>, C4<0>;
L_00000260a2d5ac30 .functor BUFZ 1, L_00000260a32d8da8, C4<0>, C4<0>, C4<0>;
L_00000260a2d5bdb0 .functor BUFZ 1, v00000260a32ac900_0, C4<0>, C4<0>, C4<0>;
L_00000260a2d5b560 .functor BUFZ 64, v00000260a32ac540_0, C4<0000000000000000000000000000000000000000000000000000000000000000>, C4<0000000000000000000000000000000000000000000000000000000000000000>, C4<0000000000000000000000000000000000000000000000000000000000000000>;
L_00000260a2d5b790 .functor BUFZ 1, v00000260a32ad9e0_0, C4<0>, C4<0>, C4<0>;
L_00000260a2d5bbf0 .functor BUFZ 1, v00000260a32ae200_0, C4<0>, C4<0>, C4<0>;
S_00000260a3201480 .scope generate, "GEN_NO_VGA" "GEN_NO_VGA" 4 1682, 4 1682 0, S_00000260a3202f10;
 .timescale -9 -12;
S_00000260a3201de0 .scope module, "u_bp" "branch_predictor" 4 1105, 5 7 0, S_00000260a3202f10;
 .timescale -9 -12;
    .port_info 0 /INPUT 1 "clk";
    .port_info 1 /INPUT 1 "rst_n";
    .port_info 2 /INPUT 32 "pc_lookup_i";
    .port_info 3 /OUTPUT 1 "pred_taken_o";
    .port_info 4 /INPUT 1 "update_valid_i";
    .port_info 5 /INPUT 32 "pc_update_i";
    .port_info 6 /INPUT 1 "actual_taken_i";
P_00000260a2167940 .param/l "PHT_BITS" 0 5 8, +C4<00000000000000000000000000001000>;
P_00000260a2167978 .param/l "PHT_ENTRIES" 1 5 23, +C4<0000000000000000000000000000000100000000>;
v00000260a3167ea0_0 .net *"_ivl_4", 1 0, L_00000260a32beef0;  1 drivers
v00000260a3169ac0_0 .net *"_ivl_6", 9 0, L_00000260a32be3b0;  1 drivers
L_00000260a32d5d48 .functor BUFT 1, C4<00>, C4<0>, C4<0>, C4<0>;
v00000260a3167a40_0 .net *"_ivl_9", 1 0, L_00000260a32d5d48;  1 drivers
v00000260a3167f40_0 .net "actual_taken_i", 0 0, L_00000260a33382f0;  alias, 1 drivers
v00000260a3169b60_0 .net "clk", 0 0, L_00000260a2d5a060;  alias, 1 drivers
v00000260a3167ae0_0 .var/i "i", 31 0;
v00000260a3169de0_0 .net "lookup_idx", 7 0, L_00000260a32bf5d0;  1 drivers
v00000260a3168760_0 .net "pc_lookup_i", 31 0, L_00000260a33324e0;  alias, 1 drivers
v00000260a31689e0_0 .net "pc_update_i", 31 0, L_00000260a3333970;  alias, 1 drivers
v00000260a31677c0 .array "pht", 255 0, 1 0;
v00000260a3167860_0 .net "pred_taken_o", 0 0, L_00000260a32be450;  alias, 1 drivers
v00000260a3168800_0 .net "rst_n", 0 0, L_00000260a32bb250;  alias, 1 drivers
v00000260a31688a0_0 .net "update_idx", 7 0, L_00000260a32bebd0;  1 drivers
v00000260a31698e0_0 .net "update_valid_i", 0 0, L_00000260a3334bd0;  alias, 1 drivers
E_00000260a3188630/0 .event negedge, v00000260a3168800_0;
E_00000260a3188630/1 .event posedge, v00000260a3169b60_0;
E_00000260a3188630 .event/or E_00000260a3188630/0, E_00000260a3188630/1;
L_00000260a32bf5d0 .part L_00000260a33324e0, 2, 8;
L_00000260a32bebd0 .part L_00000260a3333970, 2, 8;
L_00000260a32beef0 .array/port v00000260a31677c0, L_00000260a32be3b0;
L_00000260a32be3b0 .concat [ 8 2 0 0], L_00000260a32bf5d0, L_00000260a32d5d48;
L_00000260a32be450 .part L_00000260a32beef0, 1, 1;
S_00000260a3201ac0 .scope module, "u_csr" "csr_file" 4 1415, 6 3 0, S_00000260a3202f10;
 .timescale -9 -12;
    .port_info 0 /INPUT 1 "clk";
    .port_info 1 /INPUT 1 "rst_n";
    .port_info 2 /INPUT 1 "csr_en";
    .port_info 3 /INPUT 3 "csr_cmd";
    .port_info 4 /INPUT 12 "csr_addr";
    .port_info 5 /INPUT 32 "csr_wdata";
    .port_info 6 /OUTPUT 32 "csr_rdata";
    .port_info 7 /INPUT 1 "trap_enter";
    .port_info 8 /INPUT 1 "trap_is_interrupt";
    .port_info 9 /INPUT 32 "trap_pc";
    .port_info 10 /INPUT 32 "trap_cause";
    .port_info 11 /INPUT 32 "trap_tval";
    .port_info 12 /INPUT 1 "mret_exec";
    .port_info 13 /INPUT 1 "ext_irq_pending";
    .port_info 14 /INPUT 1 "timer_irq_pending";
    .port_info 15 /INPUT 1 "soft_irq_pending";
    .port_info 16 /OUTPUT 32 "mtvec_o";
    .port_info 17 /OUTPUT 32 "mepc_o";
    .port_info 18 /OUTPUT 32 "mcause_o";
    .port_info 19 /OUTPUT 32 "mstatus_o";
    .port_info 20 /OUTPUT 32 "mie_o";
    .port_info 21 /OUTPUT 32 "mip_o";
    .port_info 22 /OUTPUT 32 "mscratch_o";
    .port_info 23 /OUTPUT 2 "current_priv_o";
    .port_info 24 /OUTPUT 1 "global_mie_o";
    .port_info 25 /OUTPUT 1 "msie_en_o";
    .port_info 26 /OUTPUT 1 "mtie_en_o";
    .port_info 27 /OUTPUT 1 "meie_en_o";
P_00000260a27352f0 .param/l "CSR_CMD_C" 1 6 62, C4<011>;
P_00000260a2735328 .param/l "CSR_CMD_NONE" 1 6 59, C4<000>;
P_00000260a2735360 .param/l "CSR_CMD_S" 1 6 61, C4<010>;
P_00000260a2735398 .param/l "CSR_CMD_W" 1 6 60, C4<001>;
P_00000260a27353d0 .param/l "CSR_MCAUSE" 1 6 48, C4<001101000010>;
P_00000260a2735408 .param/l "CSR_MEPC" 1 6 47, C4<001101000001>;
P_00000260a2735440 .param/l "CSR_MHARTID" 1 6 51, C4<111100010100>;
P_00000260a2735478 .param/l "CSR_MIE" 1 6 44, C4<001100000100>;
P_00000260a27354b0 .param/l "CSR_MIP" 1 6 50, C4<001101000100>;
P_00000260a27354e8 .param/l "CSR_MSCRATCH" 1 6 46, C4<001101000000>;
P_00000260a2735520 .param/l "CSR_MSTATUS" 1 6 43, C4<001100000000>;
P_00000260a2735558 .param/l "CSR_MTVAL" 1 6 49, C4<001101000011>;
P_00000260a2735590 .param/l "CSR_MTVEC" 1 6 45, C4<001100000101>;
P_00000260a27355c8 .param/l "PRIV_M" 1 6 90, C4<11>;
P_00000260a2735600 .param/l "PRIV_S" 1 6 89, C4<01>;
P_00000260a2735638 .param/l "PRIV_U" 1 6 88, C4<00>;
L_00000260a3336ed0 .functor OR 1, L_00000260a32c7550, L_00000260a333bd20, C4<0>, C4<0>;
L_00000260a3338210 .functor OR 1, L_00000260a32c6fb0, L_00000260a32cc4b0, C4<0>, C4<0>;
L_00000260a333a120 .functor OR 1, L_00000260a32c6dd0, L_00000260a333bcb0, C4<0>, C4<0>;
L_00000260a3339400 .functor BUFZ 32, v00000260a3167cc0_0, C4<00000000000000000000000000000000>, C4<00000000000000000000000000000000>, C4<00000000000000000000000000000000>;
L_00000260a3339550 .functor BUFZ 32, v00000260a3169160_0, C4<00000000000000000000000000000000>, C4<00000000000000000000000000000000>, C4<00000000000000000000000000000000>;
L_00000260a3339e10 .functor BUFZ 32, v00000260a3169ca0_0, C4<00000000000000000000000000000000>, C4<00000000000000000000000000000000>, C4<00000000000000000000000000000000>;
L_00000260a33389f0 .functor BUFZ 32, L_00000260a32c75f0, C4<00000000000000000000000000000000>, C4<00000000000000000000000000000000>, C4<00000000000000000000000000000000>;
L_00000260a3339470 .functor BUFZ 32, v00000260a3168f80_0, C4<00000000000000000000000000000000>, C4<00000000000000000000000000000000>, C4<00000000000000000000000000000000>;
L_00000260a32d7698 .functor BUFT 1, C4<00000000000000000000>, C4<0>, C4<0>, C4<0>;
v00000260a3168a80_0 .net/2u *"_ivl_0", 19 0, L_00000260a32d7698;  1 drivers
v00000260a3169e80_0 .net *"_ivl_10", 0 0, L_00000260a3338210;  1 drivers
L_00000260a32d7728 .functor BUFT 1, C4<000>, C4<0>, C4<0>, C4<0>;
v00000260a3168e40_0 .net/2u *"_ivl_12", 2 0, L_00000260a32d7728;  1 drivers
v00000260a3167900_0 .net *"_ivl_15", 0 0, L_00000260a32c6dd0;  1 drivers
v00000260a3169520_0 .net *"_ivl_16", 0 0, L_00000260a333a120;  1 drivers
L_00000260a32d7770 .functor BUFT 1, C4<000>, C4<0>, C4<0>, C4<0>;
v00000260a3169c00_0 .net/2u *"_ivl_18", 2 0, L_00000260a32d7770;  1 drivers
v00000260a3169840_0 .net *"_ivl_3", 0 0, L_00000260a32c7550;  1 drivers
v00000260a3168620_0 .net *"_ivl_4", 0 0, L_00000260a3336ed0;  1 drivers
L_00000260a32d76e0 .functor BUFT 1, C4<000>, C4<0>, C4<0>, C4<0>;
v00000260a3167b80_0 .net/2u *"_ivl_6", 2 0, L_00000260a32d76e0;  1 drivers
v00000260a3169700_0 .net *"_ivl_9", 0 0, L_00000260a32c6fb0;  1 drivers
v00000260a31679a0_0 .net "clk", 0 0, L_00000260a2d5a060;  alias, 1 drivers
v00000260a3169980_0 .net "csr_addr", 11 0, L_00000260a3334540;  alias, 1 drivers
v00000260a3168b20_0 .net "csr_cmd", 2 0, L_00000260a33344d0;  alias, 1 drivers
v00000260a3167c20_0 .net "csr_en", 0 0, L_00000260a33368b0;  alias, 1 drivers
v00000260a3168ee0_0 .var "csr_new", 31 0;
v00000260a3167fe0_0 .var "csr_old", 31 0;
v00000260a3169200_0 .var "csr_rdata", 31 0;
v00000260a31686c0_0 .net "csr_wdata", 31 0, L_00000260a32c0f70;  alias, 1 drivers
v00000260a3168120_0 .net "current_priv_o", 1 0, v00000260a316a4c0_0;  alias, 1 drivers
v00000260a31690c0_0 .net "ext_irq_pending", 0 0, L_00000260a333bd20;  alias, 1 drivers
v00000260a3168300_0 .net "global_mie_o", 0 0, L_00000260a32c6790;  alias, 1 drivers
v00000260a3167cc0_0 .var "mcause", 31 0;
v00000260a31695c0_0 .net "mcause_o", 31 0, L_00000260a3339400;  alias, 1 drivers
v00000260a3167d60_0 .var "mcause_wr_value", 31 0;
v00000260a3168940_0 .net "meie_en_o", 0 0, L_00000260a32c7a50;  alias, 1 drivers
v00000260a3168bc0_0 .var "mepc", 31 0;
v00000260a3167e00_0 .net "mepc_o", 31 0, v00000260a3168bc0_0;  alias, 1 drivers
v00000260a3168080_0 .var "mepc_wr_value", 31 0;
v00000260a3169ca0_0 .var "mie", 31 0;
v00000260a31683a0_0 .net "mie_o", 31 0, L_00000260a3339e10;  alias, 1 drivers
v00000260a3168c60_0 .var "mie_wr_value", 31 0;
v00000260a31681c0_0 .net "mip", 31 0, L_00000260a32c75f0;  1 drivers
v00000260a3168260_0 .net "mip_o", 31 0, L_00000260a33389f0;  alias, 1 drivers
v00000260a3168440_0 .var "mip_sw", 31 0;
v00000260a3168d00_0 .var "mip_wr_value", 31 0;
v00000260a3168da0_0 .net "mret_exec", 0 0, v00000260a3298a70_0;  1 drivers
v00000260a3168f80_0 .var "mscratch", 31 0;
v00000260a31697a0_0 .net "mscratch_o", 31 0, L_00000260a3339470;  alias, 1 drivers
v00000260a3169020_0 .net "msie_en_o", 0 0, L_00000260a32c68d0;  alias, 1 drivers
v00000260a3169160_0 .var "mstatus", 31 0;
v00000260a31692a0_0 .net "mstatus_o", 31 0, L_00000260a3339550;  alias, 1 drivers
v00000260a3169340_0 .var "mstatus_wr_value", 31 0;
v00000260a31693e0_0 .net "mtie_en_o", 0 0, L_00000260a32c6470;  alias, 1 drivers
v00000260a316a560_0 .var "mtval", 31 0;
v00000260a3169fc0_0 .var "mtvec", 31 0;
v00000260a316a420_0 .net "mtvec_o", 31 0, v00000260a3169fc0_0;  alias, 1 drivers
v00000260a316a4c0_0 .var "priv_mode_q", 1 0;
v00000260a316a6a0_0 .net "rst_n", 0 0, L_00000260a32bb250;  alias, 1 drivers
v00000260a316a600_0 .net "soft_irq_pending", 0 0, L_00000260a333bcb0;  alias, 1 drivers
v00000260a316a060_0 .net "timer_irq_pending", 0 0, L_00000260a32cc4b0;  alias, 1 drivers
v00000260a316a1a0_0 .net "trap_cause", 31 0, v00000260a3297210_0;  1 drivers
v00000260a316a100_0 .net "trap_enter", 0 0, v00000260a3296f90_0;  1 drivers
v00000260a316a240_0 .net "trap_is_interrupt", 0 0, v00000260a3297f30_0;  1 drivers
v00000260a316a2e0_0 .net "trap_pc", 31 0, v00000260a3297030_0;  1 drivers
v00000260a316a380_0 .net "trap_tval", 31 0, v00000260a3297fd0_0;  1 drivers
E_00000260a3189330 .event anyedge, v00000260a3168ee0_0;
E_00000260a3188970 .event anyedge, v00000260a3168440_0, v00000260a3168ee0_0;
E_00000260a3188e30 .event anyedge, v00000260a3169ca0_0, v00000260a3168ee0_0;
E_00000260a3189130 .event anyedge, v00000260a3169160_0, v00000260a3168ee0_0;
E_00000260a31887b0 .event anyedge, v00000260a3168b20_0, v00000260a31686c0_0, v00000260a3167fe0_0;
E_00000260a3188e70 .event anyedge, v00000260a3169200_0;
E_00000260a3188b70/0 .event anyedge, v00000260a3169980_0, v00000260a3169160_0, v00000260a3169ca0_0, v00000260a3169fc0_0;
E_00000260a3188b70/1 .event anyedge, v00000260a3168f80_0, v00000260a3168bc0_0, v00000260a3167cc0_0, v00000260a316a560_0;
E_00000260a3188b70/2 .event anyedge, v00000260a31681c0_0;
E_00000260a3188b70 .event/or E_00000260a3188b70/0, E_00000260a3188b70/1, E_00000260a3188b70/2;
L_00000260a32c7550 .part v00000260a3168440_0, 11, 1;
L_00000260a32c6fb0 .part v00000260a3168440_0, 7, 1;
L_00000260a32c6dd0 .part v00000260a3168440_0, 3, 1;
LS_00000260a32c75f0_0_0 .concat [ 3 1 3 1], L_00000260a32d7770, L_00000260a333a120, L_00000260a32d7728, L_00000260a3338210;
LS_00000260a32c75f0_0_4 .concat [ 3 1 20 0], L_00000260a32d76e0, L_00000260a3336ed0, L_00000260a32d7698;
L_00000260a32c75f0 .concat [ 8 24 0 0], LS_00000260a32c75f0_0_0, LS_00000260a32c75f0_0_4;
L_00000260a32c6790 .part v00000260a3169160_0, 3, 1;
L_00000260a32c68d0 .part v00000260a3169ca0_0, 3, 1;
L_00000260a32c6470 .part v00000260a3169ca0_0, 7, 1;
L_00000260a32c7a50 .part v00000260a3169ca0_0, 11, 1;
S_00000260a3201f70 .scope module, "u_dcache" "dcache_blocking" 4 1864, 7 16 0, S_00000260a3202f10;
 .timescale -9 -12;
    .port_info 0 /INPUT 1 "clk";
    .port_info 1 /INPUT 1 "rst_n";
    .port_info 2 /INPUT 1 "cpu_req_valid";
    .port_info 3 /OUTPUT 1 "cpu_req_ready";
    .port_info 4 /INPUT 32 "cpu_req_addr";
    .port_info 5 /INPUT 1 "cpu_req_we";
    .port_info 6 /INPUT 32 "cpu_req_wdata";
    .port_info 7 /INPUT 4 "cpu_req_wstrb";
    .port_info 8 /INPUT 2 "cpu_req_size";
    .port_info 9 /INPUT 1 "cpu_req_uncached";
    .port_info 10 /OUTPUT 1 "cpu_rsp_valid";
    .port_info 11 /INPUT 1 "cpu_rsp_ready";
    .port_info 12 /OUTPUT 32 "cpu_rsp_rdata";
    .port_info 13 /OUTPUT 1 "cpu_rsp_err";
    .port_info 14 /OUTPUT 1 "l2_req_valid";
    .port_info 15 /INPUT 1 "l2_req_ready";
    .port_info 16 /OUTPUT 2 "l2_req_cmd";
    .port_info 17 /OUTPUT 32 "l2_req_addr";
    .port_info 18 /OUTPUT 3 "l2_req_size";
    .port_info 19 /OUTPUT 8 "l2_req_len";
    .port_info 20 /OUTPUT 64 "l2_req_wdata";
    .port_info 21 /OUTPUT 8 "l2_req_wstrb";
    .port_info 22 /INPUT 1 "l2_rsp_valid";
    .port_info 23 /OUTPUT 1 "l2_rsp_ready";
    .port_info 24 /INPUT 64 "l2_rsp_rdata";
    .port_info 25 /INPUT 1 "l2_rsp_last";
    .port_info 26 /INPUT 1 "l2_rsp_err";
P_00000260a324b010 .param/l "ADDR_W" 0 7 18, +C4<00000000000000000000000000100000>;
P_00000260a324b048 .param/l "BUS_BYTES" 1 7 87, +C4<00000000000000000000000000001000>;
P_00000260a324b080 .param/l "BUS_W" 0 7 21, +C4<00000000000000000000000001000000>;
P_00000260a324b0b8 .param/l "CACHE_BYTES" 0 7 23, +C4<00000000000000000010000000000000>;
P_00000260a324b0f0 .param/l "CMD_LINE_RD" 1 7 95, C4<00>;
P_00000260a324b128 .param/l "CMD_UC_RD" 1 7 96, C4<01>;
P_00000260a324b160 .param/l "CMD_UC_WR" 1 7 97, C4<10>;
P_00000260a324b198 .param/l "CMD_WB_LINE" 1 7 98, C4<11>;
P_00000260a324b1d0 .param/l "CPU_DATA_W" 0 7 19, +C4<00000000000000000000000000100000>;
P_00000260a324b208 .param/l "CPU_STRB_W" 0 7 20, +C4<00000000000000000000000000000100>;
P_00000260a324b240 .param/l "INDEX_BITS" 1 7 91, +C4<00000000000000000000000000000110>;
P_00000260a324b278 .param/l "LINE_BITS" 1 7 88, +C4<00000000000000000000001000000000>;
P_00000260a324b2b0 .param/l "LINE_BYTES" 0 7 22, +C4<00000000000000000000000001000000>;
P_00000260a324b2e8 .param/l "OFFSET_BITS" 1 7 90, +C4<00000000000000000000000000000110>;
P_00000260a324b320 .param/l "SETS" 1 7 89, +C4<00000000000000000000000001000000>;
P_00000260a324b358 .param/l "S_IDLE" 1 7 102, C4<0000>;
P_00000260a324b390 .param/l "S_LOOKUP0" 1 7 103, C4<0001>;
P_00000260a324b3c8 .param/l "S_LOOKUP1" 1 7 104, C4<0010>;
P_00000260a324b400 .param/l "S_MISS_SELECT" 1 7 107, C4<0100>;
P_00000260a324b438 .param/l "S_REFILL_COMMIT" 1 7 113, C4<1001>;
P_00000260a324b470 .param/l "S_REFILL_RECV" 1 7 112, C4<1000>;
P_00000260a324b4a8 .param/l "S_REFILL_REQ" 1 7 111, C4<0111>;
P_00000260a324b4e0 .param/l "S_RESP" 1 7 105, C4<0011>;
P_00000260a324b518 .param/l "S_UC_REQ" 1 7 115, C4<1010>;
P_00000260a324b550 .param/l "S_UC_WAIT" 1 7 116, C4<1011>;
P_00000260a324b588 .param/l "S_WB_STREAM" 1 7 108, C4<0101>;
P_00000260a324b5c0 .param/l "S_WB_WAIT" 1 7 109, C4<0110>;
P_00000260a324b5f8 .param/l "TAG_BITS" 1 7 92, +C4<00000000000000000000000000010100>;
P_00000260a324b630 .param/l "WAYS" 0 7 24, +C4<00000000000000000000000000000010>;
L_00000260a333cce0 .functor AND 1, v00000260a30df4b0_0, L_00000260a32cccd0, C4<1>, C4<1>;
L_00000260a333c180 .functor AND 1, v00000260a30dd1b0_0, L_00000260a32ccb90, C4<1>, C4<1>;
L_00000260a333cdc0 .functor OR 1, L_00000260a333cce0, L_00000260a333c180, C4<0>, C4<0>;
L_00000260a32d85c8 .functor BUFT 1, C4<0>, C4<0>, C4<0>, C4<0>;
L_00000260a333bf50 .functor XNOR 1, v00000260a3164fc0_0, L_00000260a32d85c8, C4<0>, C4<0>;
L_00000260a32d8610 .functor BUFT 1, C4<0>, C4<0>, C4<0>, C4<0>;
L_00000260a333cea0 .functor XNOR 1, v00000260a3164fc0_0, L_00000260a32d8610, C4<0>, C4<0>;
L_00000260a32d8658 .functor BUFT 1, C4<0>, C4<0>, C4<0>, C4<0>;
L_00000260a333cab0 .functor XNOR 1, v00000260a3164fc0_0, L_00000260a32d8658, C4<0>, C4<0>;
L_00000260a32d86a0 .functor BUFT 1, C4<0>, C4<0>, C4<0>, C4<0>;
L_00000260a333c570 .functor XNOR 1, v00000260a3164fc0_0, L_00000260a32d86a0, C4<0>, C4<0>;
L_00000260a333c8f0 .functor OR 1, L_00000260a32cba10, L_00000260a32cc550, C4<0>, C4<0>;
L_00000260a333d920 .functor OR 1, L_00000260a333c8f0, L_00000260a32cbab0, C4<0>, C4<0>;
L_00000260a333c730 .functor AND 1, L_00000260a32cceb0, v00000260a3165f60_0, C4<1>, C4<1>;
L_00000260a333ce30 .functor AND 1, L_00000260a333c730, L_00000260a2d5ac30, C4<1>, C4<1>;
L_00000260a333c880 .functor OR 1, L_00000260a333d920, L_00000260a333ce30, C4<0>, C4<0>;
L_00000260a333c7a0 .functor AND 1, L_00000260a32cca50, v00000260a3165f60_0, C4<1>, C4<1>;
L_00000260a333ca40 .functor AND 1, L_00000260a333c7a0, L_00000260a2d5ac30, C4<1>, C4<1>;
L_00000260a333c420 .functor OR 1, L_00000260a333c880, L_00000260a333ca40, C4<0>, C4<0>;
L_00000260a333bd90 .functor AND 1, L_00000260a32cb510, v00000260a3165f60_0, C4<1>, C4<1>;
L_00000260a333c5e0 .functor AND 1, L_00000260a333bd90, L_00000260a2d5ac30, C4<1>, C4<1>;
L_00000260a333c260 .functor AND 1, L_00000260a333c5e0, L_00000260a32cacf0, C4<1>, C4<1>;
L_00000260a333c490 .functor OR 1, L_00000260a333c420, L_00000260a333c260, C4<0>, C4<0>;
v00000260a3163760_0 .net *"_ivl_0", 0 0, L_00000260a32cccd0;  1 drivers
L_00000260a32d8538 .functor BUFT 1, C4<1>, C4<0>, C4<0>, C4<0>;
v00000260a3163440_0 .net/2u *"_ivl_10", 0 0, L_00000260a32d8538;  1 drivers
L_00000260a32d8580 .functor BUFT 1, C4<0>, C4<0>, C4<0>, C4<0>;
v00000260a3164c00_0 .net/2u *"_ivl_12", 0 0, L_00000260a32d8580;  1 drivers
v00000260a3164160_0 .net/2u *"_ivl_18", 0 0, L_00000260a32d85c8;  1 drivers
v00000260a31638a0_0 .net *"_ivl_20", 0 0, L_00000260a333bf50;  1 drivers
v00000260a3164980_0 .net/2u *"_ivl_24", 0 0, L_00000260a32d8610;  1 drivers
v00000260a3164660_0 .net *"_ivl_26", 0 0, L_00000260a333cea0;  1 drivers
v00000260a3164520_0 .net/2u *"_ivl_30", 0 0, L_00000260a32d8658;  1 drivers
v00000260a3164700_0 .net *"_ivl_32", 0 0, L_00000260a333cab0;  1 drivers
v00000260a31629a0_0 .net/2u *"_ivl_36", 0 0, L_00000260a32d86a0;  1 drivers
v00000260a31642a0_0 .net *"_ivl_38", 0 0, L_00000260a333c570;  1 drivers
v00000260a3163b20_0 .net *"_ivl_4", 0 0, L_00000260a32ccb90;  1 drivers
L_00000260a32d86e8 .functor BUFT 1, C4<0000>, C4<0>, C4<0>, C4<0>;
v00000260a3162860_0 .net/2u *"_ivl_42", 3 0, L_00000260a32d86e8;  1 drivers
L_00000260a32d8730 .functor BUFT 1, C4<0110>, C4<0>, C4<0>, C4<0>;
v00000260a3164200_0 .net/2u *"_ivl_46", 3 0, L_00000260a32d8730;  1 drivers
v00000260a3162f40_0 .net *"_ivl_48", 0 0, L_00000260a32cba10;  1 drivers
L_00000260a32d8778 .functor BUFT 1, C4<1000>, C4<0>, C4<0>, C4<0>;
v00000260a3162ea0_0 .net/2u *"_ivl_50", 3 0, L_00000260a32d8778;  1 drivers
v00000260a3164480_0 .net *"_ivl_52", 0 0, L_00000260a32cc550;  1 drivers
v00000260a3163580_0 .net *"_ivl_55", 0 0, L_00000260a333c8f0;  1 drivers
L_00000260a32d87c0 .functor BUFT 1, C4<1011>, C4<0>, C4<0>, C4<0>;
v00000260a31634e0_0 .net/2u *"_ivl_56", 3 0, L_00000260a32d87c0;  1 drivers
v00000260a31647a0_0 .net *"_ivl_58", 0 0, L_00000260a32cbab0;  1 drivers
v00000260a3163620_0 .net *"_ivl_61", 0 0, L_00000260a333d920;  1 drivers
L_00000260a32d8808 .functor BUFT 1, C4<0111>, C4<0>, C4<0>, C4<0>;
v00000260a3164f20_0 .net/2u *"_ivl_62", 3 0, L_00000260a32d8808;  1 drivers
v00000260a3164840_0 .net *"_ivl_64", 0 0, L_00000260a32cceb0;  1 drivers
v00000260a3164a20_0 .net *"_ivl_67", 0 0, L_00000260a333c730;  1 drivers
v00000260a3163940_0 .net *"_ivl_69", 0 0, L_00000260a333ce30;  1 drivers
v00000260a31639e0_0 .net *"_ivl_71", 0 0, L_00000260a333c880;  1 drivers
L_00000260a32d8850 .functor BUFT 1, C4<1010>, C4<0>, C4<0>, C4<0>;
v00000260a3163a80_0 .net/2u *"_ivl_72", 3 0, L_00000260a32d8850;  1 drivers
v00000260a3162900_0 .net *"_ivl_74", 0 0, L_00000260a32cca50;  1 drivers
v00000260a3164ca0_0 .net *"_ivl_77", 0 0, L_00000260a333c7a0;  1 drivers
v00000260a3164ac0_0 .net *"_ivl_79", 0 0, L_00000260a333ca40;  1 drivers
v00000260a3164d40_0 .net *"_ivl_81", 0 0, L_00000260a333c420;  1 drivers
L_00000260a32d8898 .functor BUFT 1, C4<0101>, C4<0>, C4<0>, C4<0>;
v00000260a3164b60_0 .net/2u *"_ivl_82", 3 0, L_00000260a32d8898;  1 drivers
v00000260a31627c0_0 .net *"_ivl_84", 0 0, L_00000260a32cb510;  1 drivers
v00000260a3163bc0_0 .net *"_ivl_87", 0 0, L_00000260a333bd90;  1 drivers
v00000260a3162a40_0 .net *"_ivl_89", 0 0, L_00000260a333c5e0;  1 drivers
L_00000260a32d88e0 .functor BUFT 1, C4<111>, C4<0>, C4<0>, C4<0>;
v00000260a3163da0_0 .net/2u *"_ivl_90", 2 0, L_00000260a32d88e0;  1 drivers
v00000260a3162ae0_0 .net *"_ivl_92", 0 0, L_00000260a32cacf0;  1 drivers
v00000260a3165880_0 .net *"_ivl_95", 0 0, L_00000260a333c260;  1 drivers
v00000260a3167720_0 .var "beat_cnt_r", 2 0;
v00000260a31651a0_0 .net "clk", 0 0, L_00000260a2d5a060;  alias, 1 drivers
v00000260a3166500_0 .net "cpu_req_addr", 31 0, L_00000260a33399b0;  alias, 1 drivers
v00000260a3166e60_0 .net "cpu_req_ready", 0 0, L_00000260a32cb3d0;  alias, 1 drivers
v00000260a3166640_0 .net "cpu_req_size", 1 0, L_00000260a32ccf50;  alias, 1 drivers
L_00000260a32d8928 .functor BUFT 1, C4<0>, C4<0>, C4<0>, C4<0>;
v00000260a3165ec0_0 .net "cpu_req_uncached", 0 0, L_00000260a32d8928;  1 drivers
v00000260a31665a0_0 .net "cpu_req_valid", 0 0, L_00000260a333d6f0;  alias, 1 drivers
v00000260a3166d20_0 .net "cpu_req_wdata", 31 0, L_00000260a32c9d50;  alias, 1 drivers
v00000260a3167180_0 .net "cpu_req_we", 0 0, L_00000260a3338670;  alias, 1 drivers
v00000260a3167220_0 .net "cpu_req_wstrb", 3 0, L_00000260a32c81d0;  alias, 1 drivers
v00000260a3167360_0 .var "cpu_rsp_err", 0 0;
v00000260a3165240_0 .var "cpu_rsp_rdata", 31 0;
v00000260a31666e0_0 .net "cpu_rsp_ready", 0 0, L_00000260a32d84f0;  alias, 1 drivers
v00000260a31652e0_0 .var "cpu_rsp_valid", 0 0;
v00000260a3165a60 .array "data0_mem", 63 0, 511 0;
v00000260a3166460 .array "data1_mem", 63 0, 511 0;
v00000260a3165420 .array "dir0_mem", 63 0, 0 0;
v00000260a31668c0_0 .var "dir0_r", 0 0;
v00000260a3165560 .array "dir1_mem", 63 0, 0 0;
v00000260a3165380_0 .var "dir1_r", 0 0;
v00000260a3165b00_0 .net "hit0_w", 0 0, L_00000260a333cce0;  1 drivers
v00000260a31672c0_0 .net "hit1_w", 0 0, L_00000260a333c180;  1 drivers
v00000260a3166780_0 .net "hit_w", 0 0, L_00000260a333cdc0;  1 drivers
v00000260a3167400_0 .var/i "i", 31 0;
v00000260a3166960_0 .var "index_r", 5 0;
v00000260a3166820_0 .var "l2_req_addr", 31 0;
v00000260a3166a00_0 .var "l2_req_cmd", 1 0;
v00000260a31674a0_0 .var "l2_req_len", 7 0;
v00000260a3166fa0_0 .net "l2_req_ready", 0 0, L_00000260a2d5ac30;  alias, 1 drivers
v00000260a3166aa0_0 .var "l2_req_size", 2 0;
v00000260a3165f60_0 .var "l2_req_valid", 0 0;
v00000260a3166320_0 .var "l2_req_wdata", 63 0;
v00000260a3166280_0 .var "l2_req_wstrb", 7 0;
v00000260a3167540_0 .net "l2_rsp_err", 0 0, L_00000260a2d5bbf0;  alias, 1 drivers
v00000260a3166be0_0 .net "l2_rsp_last", 0 0, L_00000260a2d5b790;  alias, 1 drivers
v00000260a3165c40_0 .net "l2_rsp_rdata", 63 0, L_00000260a2d5b560;  alias, 1 drivers
v00000260a3166000_0 .net "l2_rsp_ready", 0 0, L_00000260a333c490;  alias, 1 drivers
v00000260a3166140_0 .net "l2_rsp_valid", 0 0, L_00000260a2d5bdb0;  alias, 1 drivers
v00000260a3166dc0_0 .var "line0_r", 511 0;
v00000260a31659c0_0 .var "line1_r", 511 0;
v00000260a31654c0 .array "lru_mem", 63 0, 0 0;
v00000260a3164fc0_0 .var "lru_r", 0 0;
v00000260a3166f00_0 .var "merged_w", 31 0;
v00000260a31675e0_0 .var "new_line", 511 0;
v00000260a3166b40_0 .var "old_w", 31 0;
v00000260a3165920_0 .var "refill_line_r", 511 0;
v00000260a3165600_0 .var "refill_tag_r", 19 0;
v00000260a3166c80_0 .var "refill_way_r", 0 0;
v00000260a3165060_0 .var "req_addr_r", 31 0;
v00000260a3165ba0_0 .var "req_index_r", 5 0;
v00000260a3167040_0 .var "req_size_r", 1 0;
v00000260a3165100_0 .var "req_tag_r", 19 0;
v00000260a31670e0_0 .var "req_uncached_r", 0 0;
v00000260a31661e0_0 .var "req_wdata_r", 31 0;
v00000260a3165ce0_0 .var "req_we_r", 0 0;
v00000260a31656a0_0 .var "req_word_hi_r", 0 0;
v00000260a3165740_0 .var "req_word_r", 3 0;
v00000260a3165d80_0 .var "req_wstrb_r", 3 0;
v00000260a31657e0_0 .net "rst_n", 0 0, L_00000260a32bb250;  alias, 1 drivers
v00000260a3165e20_0 .var "state", 3 0;
v00000260a31660a0 .array "tag0_mem", 63 0, 19 0;
v00000260a3167680_0 .var "tag0_r", 19 0;
v00000260a31663c0 .array "tag1_mem", 63 0, 19 0;
v00000260a30e4d70_0 .var "tag1_r", 19 0;
v00000260a30e49b0_0 .net "used_way_w", 0 0, L_00000260a32ccaf0;  1 drivers
v00000260a30e4a50 .array "val0_mem", 63 0, 0 0;
v00000260a30df4b0_0 .var "val0_r", 0 0;
v00000260a30de830 .array "val1_mem", 63 0, 0 0;
v00000260a30dd1b0_0 .var "val1_r", 0 0;
v00000260a30ddc50_0 .net "victim_dirty_w", 0 0, L_00000260a32cb8d0;  1 drivers
v00000260a30dded0_0 .net "victim_line_w", 511 0, L_00000260a32cb5b0;  1 drivers
v00000260a30de650_0 .net "victim_tag_w", 19 0, L_00000260a32cbbf0;  1 drivers
v00000260a30e0a90_0 .net "victim_valid_w", 0 0, L_00000260a32cbdd0;  1 drivers
v00000260a30e1710_0 .net "victim_way_w", 0 0, v00000260a3164fc0_0;  1 drivers
v00000260a30dfa50_0 .var "wb_addr_r", 31 0;
v00000260a30e17b0_0 .var "wb_err_r", 0 0;
v00000260a30e1d50_0 .var "wb_line_r", 511 0;
E_00000260a31889f0 .event posedge, v00000260a3169b60_0;
L_00000260a32cccd0 .cmp/eq 20, v00000260a3167680_0, v00000260a3165100_0;
L_00000260a32ccb90 .cmp/eq 20, v00000260a30e4d70_0, v00000260a3165100_0;
L_00000260a32ccaf0 .functor MUXZ 1, L_00000260a32d8580, L_00000260a32d8538, L_00000260a333c180, C4<>;
L_00000260a32cbdd0 .functor MUXZ 1, v00000260a30dd1b0_0, v00000260a30df4b0_0, L_00000260a333bf50, C4<>;
L_00000260a32cb8d0 .functor MUXZ 1, v00000260a3165380_0, v00000260a31668c0_0, L_00000260a333cea0, C4<>;
L_00000260a32cbbf0 .functor MUXZ 20, v00000260a30e4d70_0, v00000260a3167680_0, L_00000260a333cab0, C4<>;
L_00000260a32cb5b0 .functor MUXZ 512, v00000260a31659c0_0, v00000260a3166dc0_0, L_00000260a333c570, C4<>;
L_00000260a32cb3d0 .cmp/eq 4, v00000260a3165e20_0, L_00000260a32d86e8;
L_00000260a32cba10 .cmp/eq 4, v00000260a3165e20_0, L_00000260a32d8730;
L_00000260a32cc550 .cmp/eq 4, v00000260a3165e20_0, L_00000260a32d8778;
L_00000260a32cbab0 .cmp/eq 4, v00000260a3165e20_0, L_00000260a32d87c0;
L_00000260a32cceb0 .cmp/eq 4, v00000260a3165e20_0, L_00000260a32d8808;
L_00000260a32cca50 .cmp/eq 4, v00000260a3165e20_0, L_00000260a32d8850;
L_00000260a32cb510 .cmp/eq 4, v00000260a3165e20_0, L_00000260a32d8898;
L_00000260a32cacf0 .cmp/eq 3, v00000260a3167720_0, L_00000260a32d88e0;
S_00000260a32028d0 .scope function.vec4.s64, "line_get_beat64" "line_get_beat64" 7 192, 7 192 0, S_00000260a3201f70;
 .timescale -9 -12;
v00000260a3163ee0_0 .var "beat", 2 0;
v00000260a3163c60_0 .var "line", 511 0;
; Variable line_get_beat64 is vec4 return value of scope S_00000260a32028d0
v00000260a3162fe0_0 .var/i "sh", 31 0;
TD_icache_pipeline_tb.dut.u_dcache.line_get_beat64 ;
    %load/vec4 v00000260a3163ee0_0;
    %concati/vec4 0, 0, 6;
    %pad/u 32;
    %store/vec4 v00000260a3162fe0_0, 0, 32;
    %load/vec4 v00000260a3163c60_0;
    %load/vec4 v00000260a3162fe0_0;
    %ix/vec4 4;
    %shiftr 4;
    %pad/u 64;
    %ret/vec4 0, 0, 64;  Assign to line_get_beat64 (store_vec4_to_lval)
    %end;
S_00000260a3202100 .scope function.vec4.s32, "line_get_word32" "line_get_word32" 7 217, 7 217 0, S_00000260a3201f70;
 .timescale -9 -12;
v00000260a31631c0_0 .var "line", 511 0;
; Variable line_get_word32 is vec4 return value of scope S_00000260a3202100
v00000260a3163800_0 .var/i "sh", 31 0;
v00000260a31645c0_0 .var "word", 3 0;
TD_icache_pipeline_tb.dut.u_dcache.line_get_word32 ;
    %load/vec4 v00000260a31645c0_0;
    %concati/vec4 0, 0, 5;
    %pad/u 32;
    %store/vec4 v00000260a3163800_0, 0, 32;
    %load/vec4 v00000260a31631c0_0;
    %load/vec4 v00000260a3163800_0;
    %ix/vec4 4;
    %shiftr 4;
    %pad/u 32;
    %ret/vec4 0, 0, 32;  Assign to line_get_word32 (store_vec4_to_lval)
    %end;
S_00000260a3202290 .scope function.vec4.s512, "line_set_beat64" "line_set_beat64" 7 202, 7 202 0, S_00000260a3201f70;
 .timescale -9 -12;
v00000260a3162cc0_0 .var "beat", 2 0;
v00000260a3162b80_0 .var "data", 63 0;
v00000260a3162d60_0 .var "data_ext", 511 0;
v00000260a3163080_0 .var "line", 511 0;
; Variable line_set_beat64 is vec4 return value of scope S_00000260a3202290
v00000260a3164020_0 .var "mask", 511 0;
v00000260a31636c0_0 .var/i "sh", 31 0;
TD_icache_pipeline_tb.dut.u_dcache.line_set_beat64 ;
    %load/vec4 v00000260a3162cc0_0;
    %concati/vec4 0, 0, 6;
    %pad/u 32;
    %store/vec4 v00000260a31636c0_0, 0, 32;
    %pushi/vec4 4294967295, 0, 480;
    %concati/vec4 4294967295, 0, 32;
    %load/vec4 v00000260a31636c0_0;
    %ix/vec4 4;
    %shiftl 4;
    %store/vec4 v00000260a3164020_0, 0, 512;
    %pushi/vec4 0, 0, 448;
    %load/vec4 v00000260a3162b80_0;
    %concat/vec4; draw_concat_vec4
    %load/vec4 v00000260a31636c0_0;
    %ix/vec4 4;
    %shiftl 4;
    %store/vec4 v00000260a3162d60_0, 0, 512;
    %load/vec4 v00000260a3163080_0;
    %load/vec4 v00000260a3164020_0;
    %inv;
    %and;
    %load/vec4 v00000260a3162d60_0;
    %or;
    %ret/vec4 0, 0, 512;  Assign to line_set_beat64 (store_vec4_to_lval)
    %end;
S_00000260a3201610 .scope function.vec4.s512, "line_set_word32" "line_set_word32" 7 227, 7 227 0, S_00000260a3201f70;
 .timescale -9 -12;
v00000260a3163d00_0 .var "data", 31 0;
v00000260a31648e0_0 .var "data_ext", 511 0;
v00000260a31643e0_0 .var "line", 511 0;
; Variable line_set_word32 is vec4 return value of scope S_00000260a3201610
v00000260a3164e80_0 .var "mask", 511 0;
v00000260a3163260_0 .var/i "sh", 31 0;
v00000260a3163120_0 .var "word", 3 0;
TD_icache_pipeline_tb.dut.u_dcache.line_set_word32 ;
    %load/vec4 v00000260a3163120_0;
    %concati/vec4 0, 0, 5;
    %pad/u 32;
    %store/vec4 v00000260a3163260_0, 0, 32;
    %pushi/vec4 4294967295, 0, 512;
    %load/vec4 v00000260a3163260_0;
    %ix/vec4 4;
    %shiftl 4;
    %store/vec4 v00000260a3164e80_0, 0, 512;
    %pushi/vec4 0, 0, 480;
    %load/vec4 v00000260a3163d00_0;
    %concat/vec4; draw_concat_vec4
    %load/vec4 v00000260a3163260_0;
    %ix/vec4 4;
    %shiftl 4;
    %store/vec4 v00000260a31648e0_0, 0, 512;
    %load/vec4 v00000260a31643e0_0;
    %load/vec4 v00000260a3164e80_0;
    %inv;
    %and;
    %load/vec4 v00000260a31648e0_0;
    %or;
    %ret/vec4 0, 0, 512;  Assign to line_set_word32 (store_vec4_to_lval)
    %end;
S_00000260a3201930 .scope function.vec4.s32, "merge_wstrb32" "merge_wstrb32" 7 243, 7 243 0, S_00000260a3201f70;
 .timescale -9 -12;
v00000260a3164de0_0 .var "mask", 31 0;
; Variable merge_wstrb32 is vec4 return value of scope S_00000260a3201930
v00000260a3163300_0 .var "new_w", 31 0;
v00000260a31640c0_0 .var "old_w", 31 0;
v00000260a3164340_0 .var "wstrb", 3 0;
TD_icache_pipeline_tb.dut.u_dcache.merge_wstrb32 ;
    %load/vec4 v00000260a3164340_0;
    %parti/s 1, 3, 3;
    %replicate 8;
    %load/vec4 v00000260a3164340_0;
    %parti/s 1, 2, 3;
    %replicate 8;
    %concat/vec4; draw_concat_vec4
    %load/vec4 v00000260a3164340_0;
    %parti/s 1, 1, 2;
    %replicate 8;
    %concat/vec4; draw_concat_vec4
    %load/vec4 v00000260a3164340_0;
    %parti/s 1, 0, 2;
    %replicate 8;
    %concat/vec4; draw_concat_vec4
    %store/vec4 v00000260a3164de0_0, 0, 32;
    %load/vec4 v00000260a31640c0_0;
    %load/vec4 v00000260a3164de0_0;
    %inv;
    %and;
    %load/vec4 v00000260a3163300_0;
    %load/vec4 v00000260a3164de0_0;
    %and;
    %or;
    %ret/vec4 0, 0, 32;  Assign to merge_wstrb32 (store_vec4_to_lval)
    %end;
S_00000260a3201c50 .scope module, "u_ex" "ex_stage" 4 1289, 8 7 0, S_00000260a3202f10;
 .timescale -12 -12;
    .port_info 0 /INPUT 1 "clk";
    .port_info 1 /INPUT 1 "rst_n";
    .port_info 2 /INPUT 1 "ex_valid_i";
    .port_info 3 /INPUT 1 "ex_pipe_hold_i";
    .port_info 4 /INPUT 32 "ex_pc_i";
    .port_info 5 /INPUT 32 "ex_rs1_val_i";
    .port_info 6 /INPUT 32 "ex_rs2_val_i";
    .port_info 7 /INPUT 32 "ex_imm_i";
    .port_info 8 /INPUT 4 "ex_alu_op_i";
    .port_info 9 /INPUT 1 "ex_alu_src_imm_i";
    .port_info 10 /INPUT 1 "ex_branch_i";
    .port_info 11 /INPUT 1 "ex_jal_i";
    .port_info 12 /INPUT 1 "ex_jalr_i";
    .port_info 13 /INPUT 3 "ex_br_funct3_i";
    .port_info 14 /INPUT 1 "ex_shift_right_i";
    .port_info 15 /INPUT 1 "ex_shift_arith_i";
    .port_info 16 /INPUT 1 "ex_is_auipc_i";
    .port_info 17 /INPUT 1 "ex_is_lui_i";
    .port_info 18 /INPUT 1 "ex_csr_en_i";
    .port_info 19 /INPUT 32 "ex_csr_rdata_i";
    .port_info 20 /OUTPUT 1 "ex_stall_o";
    .port_info 21 /OUTPUT 32 "ex_alu_result_o";
    .port_info 22 /OUTPUT 32 "ex_store_data_o";
    .port_info 23 /OUTPUT 32 "ex_pc4_o";
    .port_info 24 /OUTPUT 1 "ex_br_taken_o";
    .port_info 25 /OUTPUT 32 "ex_br_target_o";
    .port_info 26 /OUTPUT 1 "redirect_valid_o";
    .port_info 27 /OUTPUT 32 "redirect_pc_o";
P_00000260a261eac0 .param/l "ALU_ADD" 1 8 56, C4<0000>;
P_00000260a261eaf8 .param/l "ALU_AND" 1 8 62, C4<0110>;
P_00000260a261eb30 .param/l "ALU_DIV" 1 8 68, C4<1100>;
P_00000260a261eb68 .param/l "ALU_DIVU" 1 8 69, C4<1101>;
P_00000260a261eba0 .param/l "ALU_MUL" 1 8 64, C4<1000>;
P_00000260a261ebd8 .param/l "ALU_MULH" 1 8 65, C4<1001>;
P_00000260a261ec10 .param/l "ALU_MULHSU" 1 8 66, C4<1010>;
P_00000260a261ec48 .param/l "ALU_MULHU" 1 8 67, C4<1011>;
P_00000260a261ec80 .param/l "ALU_OR" 1 8 61, C4<0101>;
P_00000260a261ecb8 .param/l "ALU_REM" 1 8 70, C4<1110>;
P_00000260a261ecf0 .param/l "ALU_REMU" 1 8 71, C4<1111>;
P_00000260a261ed28 .param/l "ALU_SLL" 1 8 63, C4<0111>;
P_00000260a261ed60 .param/l "ALU_SLT" 1 8 58, C4<0010>;
P_00000260a261ed98 .param/l "ALU_SLTU" 1 8 59, C4<0011>;
P_00000260a261edd0 .param/l "ALU_SUB" 1 8 57, C4<0001>;
P_00000260a261ee08 .param/l "ALU_XOR" 1 8 60, C4<0100>;
L_00000260a3336300 .functor OR 1, L_00000260a32c1b50, L_00000260a32c1010, C4<0>, C4<0>;
L_00000260a33360d0 .functor OR 1, L_00000260a3336300, L_00000260a32c1290, C4<0>, C4<0>;
L_00000260a3335e30 .functor OR 1, L_00000260a33360d0, L_00000260a32c1150, C4<0>, C4<0>;
L_00000260a33363e0 .functor OR 1, L_00000260a32c2410, L_00000260a32c1e70, C4<0>, C4<0>;
L_00000260a3336290 .functor OR 1, L_00000260a32c11f0, L_00000260a32c1c90, C4<0>, C4<0>;
L_00000260a3335260 .functor OR 1, L_00000260a32c27d0, L_00000260a32c1f10, C4<0>, C4<0>;
L_00000260a3335030 .functor OR 1, L_00000260a3335260, L_00000260a32c2eb0, C4<0>, C4<0>;
L_00000260a3336370 .functor OR 1, L_00000260a32c2730, L_00000260a32c25f0, C4<0>, C4<0>;
L_00000260a3335b20 .functor OR 1, L_00000260a32c2870, L_00000260a32c29b0, C4<0>, C4<0>;
L_00000260a3336060 .functor AND 1, L_00000260a3333190, L_00000260a3335e30, C4<1>, C4<1>;
L_00000260a33350a0 .functor AND 1, L_00000260a3336060, L_00000260a32c48f0, C4<1>, C4<1>;
L_00000260a3336920 .functor AND 1, L_00000260a33350a0, L_00000260a32c4850, C4<1>, C4<1>;
L_00000260a3334e70 .functor AND 1, L_00000260a3336920, L_00000260a32c4f30, C4<1>, C4<1>;
L_00000260a3335490 .functor OR 1, L_00000260a33363e0, L_00000260a3336290, C4<0>, C4<0>;
L_00000260a3335110 .functor AND 1, L_00000260a3333190, L_00000260a3335490, C4<1>, C4<1>;
L_00000260a33351f0 .functor AND 1, L_00000260a3335110, L_00000260a32c56b0, C4<1>, C4<1>;
L_00000260a3334e00 .functor AND 1, L_00000260a33351f0, L_00000260a32c34f0, C4<1>, C4<1>;
L_00000260a33356c0 .functor AND 1, L_00000260a3334e00, L_00000260a32c5110, C4<1>, C4<1>;
L_00000260a33376b0 .functor OR 1, v00000260a2744d50_0, v00000260a2e56d70_0, C4<0>, C4<0>;
L_00000260a3336990 .functor AND 1, L_00000260a3335e30, L_00000260a32c5890, C4<1>, C4<1>;
L_00000260a33384b0 .functor OR 1, L_00000260a33363e0, L_00000260a3336290, C4<0>, C4<0>;
L_00000260a3337950 .functor OR 1, v00000260a2f92bd0_0, v00000260a2e54b10_0, C4<0>, C4<0>;
L_00000260a3337560 .functor AND 1, L_00000260a33384b0, L_00000260a32c5250, C4<1>, C4<1>;
L_00000260a3338280 .functor OR 1, L_00000260a3336990, L_00000260a3337560, C4<0>, C4<0>;
L_00000260a33378e0 .functor AND 1, L_00000260a3333190, L_00000260a3338280, C4<1>, C4<1>;
L_00000260a3336d10 .functor BUFZ 32, L_00000260a32c0930, C4<00000000000000000000000000000000>, C4<00000000000000000000000000000000>, C4<00000000000000000000000000000000>;
L_00000260a3338130 .functor NOT 1, L_00000260a32c4a30, C4<0>, C4<0>, C4<0>;
L_00000260a3338360 .functor NOT 1, L_00000260a32c4ad0, C4<0>, C4<0>, C4<0>;
L_00000260a3337720 .functor NOT 1, L_00000260a32c39f0, C4<0>, C4<0>, C4<0>;
L_00000260a33382f0 .functor AND 1, L_00000260a3333200, v00000260a2e54cf0_0, C4<1>, C4<1>;
L_00000260a32d7068 .functor BUFT 1, C4<11111111111111111111111111111110>, C4<0>, C4<0>, C4<0>;
L_00000260a3337e90 .functor AND 32, L_00000260a32c3810, L_00000260a32d7068, C4<11111111111111111111111111111111>, C4<11111111111111111111111111111111>;
L_00000260a3337a30 .functor OR 1, L_00000260a3334150, L_00000260a3333900, C4<0>, C4<0>;
L_00000260a3336d80 .functor AND 1, L_00000260a3333200, v00000260a2e54cf0_0, C4<1>, C4<1>;
L_00000260a3336f40 .functor OR 1, L_00000260a3337a30, L_00000260a3336d80, C4<0>, C4<0>;
L_00000260a32d6960 .functor BUFT 1, C4<00000000000000000000000000000000>, C4<0>, C4<0>, C4<0>;
v00000260a2743810_0 .net/2u *"_ivl_0", 31 0, L_00000260a32d6960;  1 drivers
v00000260a27442b0_0 .net *"_ivl_101", 0 0, L_00000260a33350a0;  1 drivers
v00000260a2743b30_0 .net *"_ivl_103", 0 0, L_00000260a32c4850;  1 drivers
v00000260a27438b0_0 .net *"_ivl_105", 0 0, L_00000260a3336920;  1 drivers
v00000260a2743950_0 .net *"_ivl_107", 0 0, L_00000260a32c4f30;  1 drivers
v00000260a27451b0_0 .net *"_ivl_11", 4 0, L_00000260a32c0c50;  1 drivers
v00000260a27447b0_0 .net *"_ivl_111", 0 0, L_00000260a3335490;  1 drivers
v00000260a2744670_0 .net *"_ivl_113", 0 0, L_00000260a3335110;  1 drivers
v00000260a2745610_0 .net *"_ivl_115", 0 0, L_00000260a32c56b0;  1 drivers
v00000260a2744850_0 .net *"_ivl_117", 0 0, L_00000260a33351f0;  1 drivers
v00000260a2743a90_0 .net *"_ivl_119", 0 0, L_00000260a32c34f0;  1 drivers
v00000260a27445d0_0 .net *"_ivl_121", 0 0, L_00000260a3334e00;  1 drivers
v00000260a27443f0_0 .net *"_ivl_123", 0 0, L_00000260a32c5110;  1 drivers
v00000260a2745a70_0 .net *"_ivl_127", 0 0, L_00000260a33376b0;  1 drivers
v00000260a2744710_0 .net *"_ivl_129", 0 0, L_00000260a32c5890;  1 drivers
v00000260a2743bd0_0 .net *"_ivl_131", 0 0, L_00000260a3336990;  1 drivers
v00000260a2744df0_0 .net *"_ivl_133", 0 0, L_00000260a33384b0;  1 drivers
v00000260a2745b10_0 .net *"_ivl_135", 0 0, L_00000260a3337950;  1 drivers
v00000260a2744f30_0 .net *"_ivl_137", 0 0, L_00000260a32c5250;  1 drivers
v00000260a2744ad0_0 .net *"_ivl_139", 0 0, L_00000260a3337560;  1 drivers
L_00000260a32d69a8 .functor BUFT 1, C4<1000>, C4<0>, C4<0>, C4<0>;
v00000260a2744490_0 .net/2u *"_ivl_14", 3 0, L_00000260a32d69a8;  1 drivers
v00000260a2745c50_0 .net *"_ivl_141", 0 0, L_00000260a3338280;  1 drivers
L_00000260a32d7020 .functor BUFT 1, C4<00000000000000000000000000000100>, C4<0>, C4<0>, C4<0>;
v00000260a2744fd0_0 .net/2u *"_ivl_148", 31 0, L_00000260a32d7020;  1 drivers
v00000260a2743f90_0 .net *"_ivl_16", 0 0, L_00000260a32c1b50;  1 drivers
v00000260a2743d10_0 .net *"_ivl_170", 31 0, L_00000260a32c3810;  1 drivers
v00000260a27448f0_0 .net/2u *"_ivl_172", 31 0, L_00000260a32d7068;  1 drivers
v00000260a2743c70_0 .net *"_ivl_176", 0 0, L_00000260a3337a30;  1 drivers
v00000260a2743db0_0 .net *"_ivl_178", 0 0, L_00000260a3336d80;  1 drivers
L_00000260a32d69f0 .functor BUFT 1, C4<1001>, C4<0>, C4<0>, C4<0>;
v00000260a2745070_0 .net/2u *"_ivl_18", 3 0, L_00000260a32d69f0;  1 drivers
v00000260a2744990_0 .net *"_ivl_182", 31 0, L_00000260a32c3ef0;  1 drivers
v00000260a2745cf0_0 .net *"_ivl_2", 31 0, L_00000260a32c2ff0;  1 drivers
v00000260a27456b0_0 .net *"_ivl_20", 0 0, L_00000260a32c1010;  1 drivers
v00000260a2745570_0 .net *"_ivl_23", 0 0, L_00000260a3336300;  1 drivers
L_00000260a32d6a38 .functor BUFT 1, C4<1010>, C4<0>, C4<0>, C4<0>;
v00000260a2745750_0 .net/2u *"_ivl_24", 3 0, L_00000260a32d6a38;  1 drivers
v00000260a2743e50_0 .net *"_ivl_26", 0 0, L_00000260a32c1290;  1 drivers
v00000260a2745d90_0 .net *"_ivl_29", 0 0, L_00000260a33360d0;  1 drivers
L_00000260a32d6a80 .functor BUFT 1, C4<1011>, C4<0>, C4<0>, C4<0>;
v00000260a2744a30_0 .net/2u *"_ivl_30", 3 0, L_00000260a32d6a80;  1 drivers
v00000260a2743ef0_0 .net *"_ivl_32", 0 0, L_00000260a32c1150;  1 drivers
L_00000260a32d6ac8 .functor BUFT 1, C4<1100>, C4<0>, C4<0>, C4<0>;
v00000260a2744030_0 .net/2u *"_ivl_36", 3 0, L_00000260a32d6ac8;  1 drivers
v00000260a27457f0_0 .net *"_ivl_38", 0 0, L_00000260a32c2410;  1 drivers
L_00000260a32d6b10 .functor BUFT 1, C4<1101>, C4<0>, C4<0>, C4<0>;
v00000260a27440d0_0 .net/2u *"_ivl_40", 3 0, L_00000260a32d6b10;  1 drivers
v00000260a2744b70_0 .net *"_ivl_42", 0 0, L_00000260a32c1e70;  1 drivers
L_00000260a32d6b58 .functor BUFT 1, C4<1110>, C4<0>, C4<0>, C4<0>;
v00000260a2744c10_0 .net/2u *"_ivl_46", 3 0, L_00000260a32d6b58;  1 drivers
v00000260a2745110_0 .net *"_ivl_48", 0 0, L_00000260a32c11f0;  1 drivers
L_00000260a32d6ba0 .functor BUFT 1, C4<1111>, C4<0>, C4<0>, C4<0>;
v00000260a2745250_0 .net/2u *"_ivl_50", 3 0, L_00000260a32d6ba0;  1 drivers
v00000260a27452f0_0 .net *"_ivl_52", 0 0, L_00000260a32c1c90;  1 drivers
L_00000260a32d6be8 .functor BUFT 1, C4<1000>, C4<0>, C4<0>, C4<0>;
v00000260a2745390_0 .net/2u *"_ivl_56", 3 0, L_00000260a32d6be8;  1 drivers
L_00000260a32d6c30 .functor BUFT 1, C4<1000>, C4<0>, C4<0>, C4<0>;
v00000260a2745890_0 .net/2u *"_ivl_60", 3 0, L_00000260a32d6c30;  1 drivers
v00000260a2e549d0_0 .net *"_ivl_62", 0 0, L_00000260a32c27d0;  1 drivers
L_00000260a32d6c78 .functor BUFT 1, C4<1001>, C4<0>, C4<0>, C4<0>;
v00000260a2e556f0_0 .net/2u *"_ivl_64", 3 0, L_00000260a32d6c78;  1 drivers
v00000260a2e54f70_0 .net *"_ivl_66", 0 0, L_00000260a32c1f10;  1 drivers
v00000260a2e546b0_0 .net *"_ivl_69", 0 0, L_00000260a3335260;  1 drivers
L_00000260a32d6cc0 .functor BUFT 1, C4<1010>, C4<0>, C4<0>, C4<0>;
v00000260a2e54e30_0 .net/2u *"_ivl_70", 3 0, L_00000260a32d6cc0;  1 drivers
v00000260a2e55ab0_0 .net *"_ivl_72", 0 0, L_00000260a32c2eb0;  1 drivers
L_00000260a32d6d08 .functor BUFT 1, C4<1000>, C4<0>, C4<0>, C4<0>;
v00000260a2e564b0_0 .net/2u *"_ivl_76", 3 0, L_00000260a32d6d08;  1 drivers
v00000260a2e54bb0_0 .net *"_ivl_78", 0 0, L_00000260a32c2730;  1 drivers
L_00000260a32d6d50 .functor BUFT 1, C4<1001>, C4<0>, C4<0>, C4<0>;
v00000260a2e55e70_0 .net/2u *"_ivl_80", 3 0, L_00000260a32d6d50;  1 drivers
v00000260a2e550b0_0 .net *"_ivl_82", 0 0, L_00000260a32c25f0;  1 drivers
L_00000260a32d6d98 .functor BUFT 1, C4<1100>, C4<0>, C4<0>, C4<0>;
v00000260a2e54c50_0 .net/2u *"_ivl_86", 3 0, L_00000260a32d6d98;  1 drivers
v00000260a2e54ed0_0 .net *"_ivl_88", 0 0, L_00000260a32c2870;  1 drivers
v00000260a2e55650_0 .net *"_ivl_9", 4 0, L_00000260a32c1790;  1 drivers
L_00000260a32d6de0 .functor BUFT 1, C4<1110>, C4<0>, C4<0>, C4<0>;
v00000260a2e55150_0 .net/2u *"_ivl_90", 3 0, L_00000260a32d6de0;  1 drivers
v00000260a2e55330_0 .net *"_ivl_92", 0 0, L_00000260a32c29b0;  1 drivers
v00000260a2e54750_0 .net *"_ivl_97", 0 0, L_00000260a3336060;  1 drivers
v00000260a2e56730_0 .net *"_ivl_99", 0 0, L_00000260a32c48f0;  1 drivers
v00000260a2e55f10_0 .var "alu_res", 31 0;
v00000260a2e56550_0 .net "beq", 0 0, L_00000260a32c4a30;  1 drivers
v00000260a2e55010_0 .net "bge", 0 0, L_00000260a3338360;  1 drivers
v00000260a2e55790_0 .net "bgeu", 0 0, L_00000260a3337720;  1 drivers
v00000260a2e55dd0_0 .net "blt", 0 0, L_00000260a32c4ad0;  1 drivers
v00000260a2e551f0_0 .net "bltu", 0 0, L_00000260a32c39f0;  1 drivers
v00000260a2e565f0_0 .net "bne", 0 0, L_00000260a3338130;  1 drivers
v00000260a2e54cf0_0 .var "br_take", 0 0;
v00000260a2e56410_0 .net "clk", 0 0, L_00000260a2d5a060;  alias, 1 drivers
v00000260a2e547f0_0 .net "div_busy", 0 0, v00000260a3086080_0;  1 drivers
v00000260a2e54b10_0 .var "div_completed", 0 0;
v00000260a2e55830_0 .net "div_done", 0 0, v00000260a2f92bd0_0;  1 drivers
v00000260a2e542f0_0 .net "div_quotient", 31 0, v00000260a2746c90_0;  1 drivers
v00000260a2e55470_0 .net "div_remainder", 31 0, v00000260a27474b0_0;  1 drivers
v00000260a2e55510_0 .net "div_signed", 0 0, L_00000260a3335b20;  1 drivers
v00000260a2e56690_0 .net "div_start", 0 0, L_00000260a33356c0;  1 drivers
v00000260a2e544d0_0 .var "div_started", 0 0;
v00000260a2e56190_0 .net "ex_alu_op_i", 3 0, L_00000260a3333d60;  alias, 1 drivers
v00000260a2e558d0_0 .net "ex_alu_result_o", 31 0, v00000260a2e54070_0;  alias, 1 drivers
v00000260a2e54430_0 .net "ex_alu_src_imm_i", 0 0, L_00000260a3334770;  alias, 1 drivers
v00000260a2e567d0_0 .net "ex_br_funct3_i", 2 0, L_00000260a33342a0;  alias, 1 drivers
v00000260a2e56050_0 .net "ex_br_taken_o", 0 0, L_00000260a33382f0;  alias, 1 drivers
v00000260a2e55970_0 .net "ex_br_target_o", 31 0, L_00000260a32c3b30;  1 drivers
v00000260a2e55290_0 .net "ex_branch_i", 0 0, L_00000260a3333200;  alias, 1 drivers
v00000260a2e553d0_0 .net "ex_csr_en_i", 0 0, L_00000260a33347e0;  alias, 1 drivers
v00000260a2e54d90_0 .net "ex_csr_rdata_i", 31 0, v00000260a3169200_0;  alias, 1 drivers
v00000260a2e54a70_0 .net "ex_imm_i", 31 0, L_00000260a3334700;  alias, 1 drivers
v00000260a2e55c90_0 .net "ex_is_auipc_i", 0 0, L_00000260a33343f0;  alias, 1 drivers
v00000260a2e555b0_0 .net "ex_is_lui_i", 0 0, L_00000260a3334620;  alias, 1 drivers
v00000260a2e54890_0 .net "ex_jal_i", 0 0, L_00000260a3333900;  alias, 1 drivers
v00000260a2e56370_0 .net "ex_jalr_i", 0 0, L_00000260a3334150;  alias, 1 drivers
v00000260a2e55a10_0 .net "ex_pc4_o", 31 0, L_00000260a32c57f0;  alias, 1 drivers
v00000260a2e54570_0 .net "ex_pc_i", 31 0, L_00000260a3333970;  alias, 1 drivers
v00000260a2e55b50_0 .net "ex_pipe_hold_i", 0 0, L_00000260a3339a20;  alias, 1 drivers
v00000260a2e54070_0 .var "ex_result_r", 31 0;
v00000260a2e54610_0 .net "ex_rs1_val_i", 31 0, L_00000260a32c0f70;  alias, 1 drivers
v00000260a2e55fb0_0 .net "ex_rs2_val_i", 31 0, L_00000260a32c0930;  alias, 1 drivers
v00000260a2e541b0_0 .net "ex_shift_arith_i", 0 0, L_00000260a3334380;  alias, 1 drivers
v00000260a2e54930_0 .net "ex_shift_right_i", 0 0, L_00000260a3334310;  alias, 1 drivers
v00000260a2e55bf0_0 .net "ex_stall_o", 0 0, L_00000260a33378e0;  alias, 1 drivers
v00000260a2e54390_0 .net "ex_store_data_o", 31 0, L_00000260a3336d10;  alias, 1 drivers
v00000260a2e55d30_0 .net "ex_valid_i", 0 0, L_00000260a3333190;  alias, 1 drivers
v00000260a2e56230_0 .net "is_div", 0 0, L_00000260a33363e0;  1 drivers
v00000260a2e560f0_0 .net "is_mul", 0 0, L_00000260a3335e30;  1 drivers
v00000260a2e54110_0 .net "is_rem", 0 0, L_00000260a3336290;  1 drivers
v00000260a2e562d0_0 .net "jal_target", 31 0, L_00000260a32c3d10;  1 drivers
v00000260a2e54250_0 .net "jalr_target", 31 0, L_00000260a3337e90;  1 drivers
v00000260a2e56af0_0 .net "mul_busy", 0 0, v00000260a2747050_0;  1 drivers
v00000260a2e56d70_0 .var "mul_completed", 0 0;
v00000260a2e56a50_0 .net "mul_done", 0 0, v00000260a2744d50_0;  1 drivers
v00000260a2e56910_0 .net "mul_high", 0 0, L_00000260a32c1d30;  1 drivers
v00000260a2e56c30_0 .net "mul_result", 31 0, v00000260a2744e90_0;  1 drivers
v00000260a2e56cd0_0 .net "mul_signed_a", 0 0, L_00000260a3335030;  1 drivers
v00000260a2e56e10_0 .net "mul_signed_b", 0 0, L_00000260a3336370;  1 drivers
v00000260a2e569b0_0 .net "mul_start", 0 0, L_00000260a3334e70;  1 drivers
v00000260a2e56b90_0 .var "mul_started", 0 0;
v00000260a2e56eb0_0 .net "redirect_pc_o", 31 0, L_00000260a32c3450;  alias, 1 drivers
v00000260a2e56f50_0 .net "redirect_valid_o", 0 0, L_00000260a3336f40;  1 drivers
v00000260a2e56870_0 .net "rst_n", 0 0, L_00000260a32bb250;  alias, 1 drivers
v00000260a2e50790_0 .net "shamt", 4 0, L_00000260a32c0bb0;  1 drivers
v00000260a2e4f430_0 .net "srcA", 31 0, L_00000260a32c10b0;  1 drivers
v00000260a2e50510_0 .net "srcB", 31 0, L_00000260a32c2230;  1 drivers
E_00000260a3188a30/0 .event anyedge, v00000260a2e567d0_0, v00000260a2e56550_0, v00000260a2e565f0_0, v00000260a2e55dd0_0;
E_00000260a3188a30/1 .event anyedge, v00000260a2e55010_0, v00000260a2e551f0_0, v00000260a2e55790_0;
E_00000260a3188a30 .event/or E_00000260a3188a30/0, E_00000260a3188a30/1;
E_00000260a3188bf0/0 .event anyedge, v00000260a2e553d0_0, v00000260a3169200_0, v00000260a2e560f0_0, v00000260a2744e90_0;
E_00000260a3188bf0/1 .event anyedge, v00000260a2e56230_0, v00000260a2746c90_0, v00000260a2e54110_0, v00000260a27474b0_0;
E_00000260a3188bf0/2 .event anyedge, v00000260a2e55f10_0;
E_00000260a3188bf0 .event/or E_00000260a3188bf0/0, E_00000260a3188bf0/1, E_00000260a3188bf0/2;
E_00000260a3188f70/0 .event anyedge, v00000260a2e56190_0, v00000260a3015010_0, v00000260a2fd2210_0, v00000260a2e54930_0;
E_00000260a3188f70/1 .event anyedge, v00000260a2e50790_0, v00000260a2e541b0_0;
E_00000260a3188f70 .event/or E_00000260a3188f70/0, E_00000260a3188f70/1;
L_00000260a32c2ff0 .functor MUXZ 32, L_00000260a32c0f70, L_00000260a32d6960, L_00000260a3334620, C4<>;
L_00000260a32c10b0 .functor MUXZ 32, L_00000260a32c2ff0, L_00000260a3333970, L_00000260a33343f0, C4<>;
L_00000260a32c2230 .functor MUXZ 32, L_00000260a32c0930, L_00000260a3334700, L_00000260a3334770, C4<>;
L_00000260a32c1790 .part L_00000260a3334700, 0, 5;
L_00000260a32c0c50 .part L_00000260a32c0930, 0, 5;
L_00000260a32c0bb0 .functor MUXZ 5, L_00000260a32c0c50, L_00000260a32c1790, L_00000260a3334770, C4<>;
L_00000260a32c1b50 .cmp/eq 4, L_00000260a3333d60, L_00000260a32d69a8;
L_00000260a32c1010 .cmp/eq 4, L_00000260a3333d60, L_00000260a32d69f0;
L_00000260a32c1290 .cmp/eq 4, L_00000260a3333d60, L_00000260a32d6a38;
L_00000260a32c1150 .cmp/eq 4, L_00000260a3333d60, L_00000260a32d6a80;
L_00000260a32c2410 .cmp/eq 4, L_00000260a3333d60, L_00000260a32d6ac8;
L_00000260a32c1e70 .cmp/eq 4, L_00000260a3333d60, L_00000260a32d6b10;
L_00000260a32c11f0 .cmp/eq 4, L_00000260a3333d60, L_00000260a32d6b58;
L_00000260a32c1c90 .cmp/eq 4, L_00000260a3333d60, L_00000260a32d6ba0;
L_00000260a32c1d30 .cmp/ne 4, L_00000260a3333d60, L_00000260a32d6be8;
L_00000260a32c27d0 .cmp/eq 4, L_00000260a3333d60, L_00000260a32d6c30;
L_00000260a32c1f10 .cmp/eq 4, L_00000260a3333d60, L_00000260a32d6c78;
L_00000260a32c2eb0 .cmp/eq 4, L_00000260a3333d60, L_00000260a32d6cc0;
L_00000260a32c2730 .cmp/eq 4, L_00000260a3333d60, L_00000260a32d6d08;
L_00000260a32c25f0 .cmp/eq 4, L_00000260a3333d60, L_00000260a32d6d50;
L_00000260a32c2870 .cmp/eq 4, L_00000260a3333d60, L_00000260a32d6d98;
L_00000260a32c29b0 .cmp/eq 4, L_00000260a3333d60, L_00000260a32d6de0;
L_00000260a32c48f0 .reduce/nor v00000260a2e56b90_0;
L_00000260a32c4850 .reduce/nor v00000260a2e56d70_0;
L_00000260a32c4f30 .reduce/nor v00000260a2747050_0;
L_00000260a32c56b0 .reduce/nor v00000260a2e544d0_0;
L_00000260a32c34f0 .reduce/nor v00000260a2e54b10_0;
L_00000260a32c5110 .reduce/nor v00000260a3086080_0;
L_00000260a32c5890 .reduce/nor L_00000260a33376b0;
L_00000260a32c5250 .reduce/nor L_00000260a3337950;
L_00000260a32c57f0 .arith/sum 32, L_00000260a3333970, L_00000260a32d7020;
L_00000260a32c4a30 .cmp/eq 32, L_00000260a32c0f70, L_00000260a32c0930;
L_00000260a32c4ad0 .cmp/gt.s 32, L_00000260a32c0930, L_00000260a32c0f70;
L_00000260a32c39f0 .cmp/gt 32, L_00000260a32c0930, L_00000260a32c0f70;
L_00000260a32c3b30 .arith/sum 32, L_00000260a3333970, L_00000260a3334700;
L_00000260a32c3d10 .arith/sum 32, L_00000260a3333970, L_00000260a3334700;
L_00000260a32c3810 .arith/sum 32, L_00000260a32c0f70, L_00000260a3334700;
L_00000260a32c3ef0 .functor MUXZ 32, L_00000260a32c3b30, L_00000260a32c3d10, L_00000260a3333900, C4<>;
L_00000260a32c3450 .functor MUXZ 32, L_00000260a32c3ef0, L_00000260a3337e90, L_00000260a3334150, C4<>;
S_00000260a3202420 .scope module, "u_div" "restoring_divider" 8 139, 9 1 0, S_00000260a3201c50;
 .timescale -9 -12;
    .port_info 0 /INPUT 1 "clk";
    .port_info 1 /INPUT 1 "rst_n";
    .port_info 2 /INPUT 1 "start_i";
    .port_info 3 /INPUT 32 "dividend_i";
    .port_info 4 /INPUT 32 "divisor_i";
    .port_info 5 /INPUT 1 "signed_mode_i";
    .port_info 6 /OUTPUT 1 "busy_o";
    .port_info 7 /OUTPUT 1 "done_o";
    .port_info 8 /OUTPUT 32 "quotient_o";
    .port_info 9 /OUTPUT 32 "remainder_o";
L_00000260a3335c70 .functor AND 1, L_00000260a3335b20, L_00000260a32c5430, C4<1>, C4<1>;
L_00000260a3335f10 .functor AND 1, L_00000260a3335b20, L_00000260a32c4fd0, C4<1>, C4<1>;
L_00000260a3334d90 .functor NOT 32, L_00000260a32c10b0, C4<00000000000000000000000000000000>, C4<00000000000000000000000000000000>, C4<00000000000000000000000000000000>;
L_00000260a3335f80 .functor NOT 32, L_00000260a32c2230, C4<00000000000000000000000000000000>, C4<00000000000000000000000000000000>, C4<00000000000000000000000000000000>;
L_00000260a3335ff0 .functor AND 1, L_00000260a3335b20, L_00000260a32c4030, C4<1>, C4<1>;
L_00000260a3336680 .functor AND 1, L_00000260a3335ff0, L_00000260a32c3770, C4<1>, C4<1>;
v00000260a30dfeb0_0 .net *"_ivl_1", 0 0, L_00000260a32c5430;  1 drivers
L_00000260a32d6eb8 .functor BUFT 1, C4<00000000000000000000000000000001>, C4<0>, C4<0>, C4<0>;
v00000260a302e500_0 .net/2u *"_ivl_10", 31 0, L_00000260a32d6eb8;  1 drivers
v00000260a302f040_0 .net *"_ivl_12", 31 0, L_00000260a32c3590;  1 drivers
v00000260a302f2c0_0 .net *"_ivl_16", 31 0, L_00000260a3335f80;  1 drivers
L_00000260a32d6f00 .functor BUFT 1, C4<00000000000000000000000000000001>, C4<0>, C4<0>, C4<0>;
v00000260a302f5e0_0 .net/2u *"_ivl_18", 31 0, L_00000260a32d6f00;  1 drivers
v00000260a302c160_0 .net *"_ivl_20", 31 0, L_00000260a32c4d50;  1 drivers
L_00000260a32d6f48 .functor BUFT 1, C4<00000000000000000000000000000000>, C4<0>, C4<0>, C4<0>;
v00000260a302c520_0 .net/2u *"_ivl_24", 31 0, L_00000260a32d6f48;  1 drivers
L_00000260a32d6f90 .functor BUFT 1, C4<10000000000000000000000000000000>, C4<0>, C4<0>, C4<0>;
v00000260a302c7a0_0 .net/2u *"_ivl_28", 31 0, L_00000260a32d6f90;  1 drivers
v00000260a302cca0_0 .net *"_ivl_30", 0 0, L_00000260a32c4030;  1 drivers
v00000260a30cfc10_0 .net *"_ivl_33", 0 0, L_00000260a3335ff0;  1 drivers
L_00000260a32d6fd8 .functor BUFT 1, C4<11111111111111111111111111111111>, C4<0>, C4<0>, C4<0>;
v00000260a30d0c50_0 .net/2u *"_ivl_34", 31 0, L_00000260a32d6fd8;  1 drivers
v00000260a30cfcb0_0 .net *"_ivl_36", 0 0, L_00000260a32c3770;  1 drivers
v00000260a30cff30_0 .net *"_ivl_5", 0 0, L_00000260a32c4fd0;  1 drivers
v00000260a3085d60_0 .net *"_ivl_8", 31 0, L_00000260a3334d90;  1 drivers
v00000260a3086080_0 .var "busy_o", 0 0;
v00000260a3086120_0 .net "clk", 0 0, L_00000260a2d5a060;  alias, 1 drivers
v00000260a3098fa0_0 .var "count_q", 5 0;
v00000260a3098000_0 .var "div_zero_q", 0 0;
v00000260a2fd40e0_0 .net "dividend_abs", 31 0, L_00000260a32c5070;  1 drivers
v00000260a2fd4180_0 .var "dividend_hold_q", 31 0;
v00000260a3015010_0 .net "dividend_i", 31 0, L_00000260a32c10b0;  alias, 1 drivers
v00000260a30142f0_0 .net "dividend_neg", 0 0, L_00000260a3335c70;  1 drivers
v00000260a2fd19f0_0 .net "divisor_abs", 31 0, L_00000260a32c54d0;  1 drivers
v00000260a2fd2210_0 .net "divisor_i", 31 0, L_00000260a32c2230;  alias, 1 drivers
v00000260a2f91de0_0 .net "divisor_neg", 0 0, L_00000260a3335f10;  1 drivers
v00000260a2f92240_0 .var "divisor_q", 31 0;
v00000260a2f92bd0_0 .var "done_o", 0 0;
v00000260a2747190_0 .var "overflow_q", 0 0;
v00000260a27460b0_0 .var "quotient_fix", 31 0;
v00000260a2746650_0 .var "quotient_neg_q", 0 0;
v00000260a27463d0_0 .var "quotient_next", 31 0;
v00000260a2746c90_0 .var "quotient_o", 31 0;
v00000260a2746970_0 .var "quotient_q", 31 0;
v00000260a2746150_0 .var "remainder_fix", 31 0;
v00000260a2747690_0 .var "remainder_neg_q", 0 0;
v00000260a2747230_0 .var "remainder_next", 31 0;
v00000260a27474b0_0 .var "remainder_o", 31 0;
v00000260a27475f0_0 .var "remainder_q", 31 0;
v00000260a27470f0_0 .net "rst_n", 0 0, L_00000260a32bb250;  alias, 1 drivers
v00000260a2746470_0 .net "signed_mode_i", 0 0, L_00000260a3335b20;  alias, 1 drivers
v00000260a2747370_0 .net "start_div_zero", 0 0, L_00000260a32c47b0;  1 drivers
v00000260a2747410_0 .net "start_i", 0 0, L_00000260a33356c0;  alias, 1 drivers
v00000260a27472d0_0 .net "start_overflow", 0 0, L_00000260a3336680;  1 drivers
L_00000260a32c5430 .part L_00000260a32c10b0, 31, 1;
L_00000260a32c4fd0 .part L_00000260a32c2230, 31, 1;
L_00000260a32c3590 .arith/sum 32, L_00000260a3334d90, L_00000260a32d6eb8;
L_00000260a32c5070 .functor MUXZ 32, L_00000260a32c10b0, L_00000260a32c3590, L_00000260a3335c70, C4<>;
L_00000260a32c4d50 .arith/sum 32, L_00000260a3335f80, L_00000260a32d6f00;
L_00000260a32c54d0 .functor MUXZ 32, L_00000260a32c2230, L_00000260a32c4d50, L_00000260a3335f10, C4<>;
L_00000260a32c47b0 .cmp/eq 32, L_00000260a32c2230, L_00000260a32d6f48;
L_00000260a32c4030 .cmp/eq 32, L_00000260a32c10b0, L_00000260a32d6f90;
L_00000260a32c3770 .cmp/eq 32, L_00000260a32c2230, L_00000260a32d6fd8;
S_00000260a3202740 .scope module, "u_mul" "booth_multiplier" 8 97, 10 1 0, S_00000260a3201c50;
 .timescale 0 0;
    .port_info 0 /INPUT 1 "clk";
    .port_info 1 /INPUT 1 "rst_n";
    .port_info 2 /INPUT 1 "start_i";
    .port_info 3 /INPUT 32 "a_i";
    .port_info 4 /INPUT 32 "b_i";
    .port_info 5 /INPUT 1 "signed_a_i";
    .port_info 6 /INPUT 1 "signed_b_i";
    .port_info 7 /INPUT 1 "high_half_i";
    .port_info 8 /OUTPUT 1 "busy_o";
    .port_info 9 /OUTPUT 1 "done_o";
    .port_info 10 /OUTPUT 32 "result_o";
L_00000260a33352d0 .functor AND 1, L_00000260a3335030, L_00000260a32c43f0, C4<1>, C4<1>;
L_00000260a33364c0 .functor NOT 32, L_00000260a32c10b0, C4<00000000000000000000000000000000>, C4<00000000000000000000000000000000>, C4<00000000000000000000000000000000>;
L_00000260a3335ea0 .functor AND 1, L_00000260a3336370, L_00000260a32c38b0, C4<1>, C4<1>;
L_00000260a3335b90 .functor NOT 32, L_00000260a32c2230, C4<00000000000000000000000000000000>, C4<00000000000000000000000000000000>, C4<00000000000000000000000000000000>;
L_00000260a3336450 .functor AND 1, L_00000260a3335030, L_00000260a32c5610, C4<1>, C4<1>;
L_00000260a3335650 .functor AND 1, L_00000260a3336370, L_00000260a32c3950, C4<1>, C4<1>;
L_00000260a3336220 .functor XOR 1, L_00000260a3336450, L_00000260a3335650, C4<0>, C4<0>;
v00000260a2746290_0 .net *"_ivl_1", 0 0, L_00000260a32c43f0;  1 drivers
v00000260a2746dd0_0 .net *"_ivl_13", 0 0, L_00000260a32c38b0;  1 drivers
v00000260a27461f0_0 .net *"_ivl_15", 0 0, L_00000260a3335ea0;  1 drivers
v00000260a2746bf0_0 .net *"_ivl_16", 31 0, L_00000260a3335b90;  1 drivers
L_00000260a32d6e70 .functor BUFT 1, C4<00000000000000000000000000000001>, C4<0>, C4<0>, C4<0>;
v00000260a2746510_0 .net/2u *"_ivl_18", 31 0, L_00000260a32d6e70;  1 drivers
v00000260a27468d0_0 .net *"_ivl_20", 31 0, L_00000260a32c5570;  1 drivers
v00000260a2747550_0 .net *"_ivl_25", 0 0, L_00000260a32c5610;  1 drivers
v00000260a2746010_0 .net *"_ivl_27", 0 0, L_00000260a3336450;  1 drivers
v00000260a2746330_0 .net *"_ivl_29", 0 0, L_00000260a32c3950;  1 drivers
v00000260a2746d30_0 .net *"_ivl_3", 0 0, L_00000260a33352d0;  1 drivers
v00000260a2746a10_0 .net *"_ivl_31", 0 0, L_00000260a3335650;  1 drivers
v00000260a27465b0_0 .net *"_ivl_4", 31 0, L_00000260a33364c0;  1 drivers
L_00000260a32d6e28 .functor BUFT 1, C4<00000000000000000000000000000001>, C4<0>, C4<0>, C4<0>;
v00000260a27466f0_0 .net/2u *"_ivl_6", 31 0, L_00000260a32d6e28;  1 drivers
v00000260a2746e70_0 .net *"_ivl_8", 31 0, L_00000260a32c5750;  1 drivers
v00000260a2746ab0_0 .net "a_i", 31 0, L_00000260a32c10b0;  alias, 1 drivers
v00000260a2746790_0 .net "abs_a", 31 0, L_00000260a32c52f0;  1 drivers
v00000260a2746830_0 .net "abs_b", 31 0, L_00000260a32c4990;  1 drivers
v00000260a2746f10_0 .var "accum_next", 63 0;
v00000260a2746b50_0 .var "accum_q", 63 0;
v00000260a2746fb0_0 .net "b_i", 31 0, L_00000260a32c2230;  alias, 1 drivers
v00000260a2747050_0 .var "busy_o", 0 0;
v00000260a27459d0_0 .net "clk", 0 0, L_00000260a2d5a060;  alias, 1 drivers
v00000260a2744170_0 .var "count_q", 5 0;
v00000260a2744d50_0 .var "done_o", 0 0;
v00000260a2744cb0_0 .net "high_half_i", 0 0, L_00000260a32c1d30;  alias, 1 drivers
v00000260a2744210_0 .var "high_half_q", 0 0;
v00000260a2745430_0 .var "multiplicand_q", 63 0;
v00000260a27454d0_0 .var "multiplier_q", 31 0;
v00000260a2745bb0_0 .var "negate_q", 0 0;
v00000260a2744530_0 .net "negate_start", 0 0, L_00000260a3336220;  1 drivers
v00000260a2745ed0_0 .var "product_next", 63 0;
v00000260a2744e90_0 .var "result_o", 31 0;
v00000260a2745930_0 .net "rst_n", 0 0, L_00000260a32bb250;  alias, 1 drivers
v00000260a2744350_0 .net "signed_a_i", 0 0, L_00000260a3335030;  alias, 1 drivers
v00000260a27439f0_0 .net "signed_b_i", 0 0, L_00000260a3336370;  alias, 1 drivers
v00000260a2745e30_0 .var "signed_product_next", 63 0;
v00000260a2745f70_0 .net "start_i", 0 0, L_00000260a3334e70;  alias, 1 drivers
L_00000260a32c43f0 .part L_00000260a32c10b0, 31, 1;
L_00000260a32c5750 .arith/sum 32, L_00000260a33364c0, L_00000260a32d6e28;
L_00000260a32c52f0 .functor MUXZ 32, L_00000260a32c10b0, L_00000260a32c5750, L_00000260a33352d0, C4<>;
L_00000260a32c38b0 .part L_00000260a32c2230, 31, 1;
L_00000260a32c5570 .arith/sum 32, L_00000260a3335b90, L_00000260a32d6e70;
L_00000260a32c4990 .functor MUXZ 32, L_00000260a32c2230, L_00000260a32c5570, L_00000260a3335ea0, C4<>;
L_00000260a32c5610 .part L_00000260a32c10b0, 31, 1;
L_00000260a32c3950 .part L_00000260a32c2230, 31, 1;
S_00000260a2f828c0 .scope module, "u_ex_mem" "ex_mem_reg" 4 1470, 11 3 0, S_00000260a3202f10;
 .timescale -12 -12;
    .port_info 0 /INPUT 1 "clk";
    .port_info 1 /INPUT 1 "rst_n";
    .port_info 2 /INPUT 1 "stall_i";
    .port_info 3 /INPUT 1 "flush_i";
    .port_info 4 /INPUT 1 "ex_valid_i";
    .port_info 5 /INPUT 32 "ex_pc4_i";
    .port_info 6 /INPUT 32 "ex_alu_result_i";
    .port_info 7 /INPUT 32 "ex_store_data_i";
    .port_info 8 /INPUT 5 "ex_rd_i";
    .port_info 9 /INPUT 1 "ex_reg_write_i";
    .port_info 10 /INPUT 2 "ex_wb_sel_i";
    .port_info 11 /INPUT 1 "ex_mem_read_i";
    .port_info 12 /INPUT 1 "ex_mem_write_i";
    .port_info 13 /INPUT 3 "ex_mem_funct3_i";
    .port_info 14 /OUTPUT 32 "mem_pc4_o";
    .port_info 15 /OUTPUT 32 "mem_alu_result_o";
    .port_info 16 /OUTPUT 32 "mem_store_data_o";
    .port_info 17 /OUTPUT 5 "mem_rd_o";
    .port_info 18 /OUTPUT 1 "mem_reg_write_o";
    .port_info 19 /OUTPUT 2 "mem_wb_sel_o";
    .port_info 20 /OUTPUT 1 "mem_mem_read_o";
    .port_info 21 /OUTPUT 1 "mem_mem_write_o";
    .port_info 22 /OUTPUT 3 "mem_size_o";
    .port_info 23 /OUTPUT 1 "mem_valid_o";
L_00000260a33386e0 .functor BUFZ 32, v00000260a2e514b0_0, C4<00000000000000000000000000000000>, C4<00000000000000000000000000000000>, C4<00000000000000000000000000000000>;
L_00000260a3339630 .functor BUFZ 32, v00000260a2e51690_0, C4<00000000000000000000000000000000>, C4<00000000000000000000000000000000>, C4<00000000000000000000000000000000>;
L_00000260a3338d70 .functor BUFZ 32, v00000260a2e515f0_0, C4<00000000000000000000000000000000>, C4<00000000000000000000000000000000>, C4<00000000000000000000000000000000>;
L_00000260a33388a0 .functor BUFZ 5, v00000260a2e508d0_0, C4<00000>, C4<00000>, C4<00000>;
L_00000260a333a0b0 .functor BUFZ 1, v00000260a2e50a10_0, C4<0>, C4<0>, C4<0>;
L_00000260a3339be0 .functor BUFZ 2, v00000260a2e53f30_0, C4<00>, C4<00>, C4<00>;
L_00000260a3339fd0 .functor BUFZ 1, v00000260a2e503d0_0, C4<0>, C4<0>, C4<0>;
L_00000260a33396a0 .functor BUFZ 1, v00000260a2e50830_0, C4<0>, C4<0>, C4<0>;
L_00000260a33394e0 .functor BUFZ 1, v00000260a2e51870_0, C4<0>, C4<0>, C4<0>;
L_00000260a3339240 .functor BUFZ 3, v00000260a2e4f750_0, C4<000>, C4<000>, C4<000>;
L_00000260a32d77b8 .functor BUFT 1, C4<00000000000000000000000000000000>, C4<0>, C4<0>, C4<0>;
v00000260a2e4fc50_0 .net/2u *"_ivl_0", 31 0, L_00000260a32d77b8;  1 drivers
L_00000260a32d7848 .functor BUFT 1, C4<00000000000000000000000000000000>, C4<0>, C4<0>, C4<0>;
v00000260a2e50dd0_0 .net/2u *"_ivl_12", 31 0, L_00000260a32d7848;  1 drivers
v00000260a2e4f930_0 .net *"_ivl_14", 31 0, L_00000260a32c7050;  1 drivers
L_00000260a32d7890 .functor BUFT 1, C4<00000>, C4<0>, C4<0>, C4<0>;
v00000260a2e4f4d0_0 .net/2u *"_ivl_18", 4 0, L_00000260a32d7890;  1 drivers
v00000260a2e505b0_0 .net *"_ivl_2", 31 0, L_00000260a32c5b10;  1 drivers
v00000260a2e4ff70_0 .net *"_ivl_20", 4 0, L_00000260a32c7230;  1 drivers
L_00000260a32d78d8 .functor BUFT 1, C4<0>, C4<0>, C4<0>, C4<0>;
v00000260a2e517d0_0 .net/2u *"_ivl_24", 0 0, L_00000260a32d78d8;  1 drivers
v00000260a2e50650_0 .net *"_ivl_26", 0 0, L_00000260a32c7910;  1 drivers
L_00000260a32d7920 .functor BUFT 1, C4<00>, C4<0>, C4<0>, C4<0>;
v00000260a2e51190_0 .net/2u *"_ivl_30", 1 0, L_00000260a32d7920;  1 drivers
v00000260a2e50c90_0 .net *"_ivl_32", 1 0, L_00000260a32c6330;  1 drivers
L_00000260a32d7968 .functor BUFT 1, C4<0>, C4<0>, C4<0>, C4<0>;
v00000260a2e51410_0 .net/2u *"_ivl_36", 0 0, L_00000260a32d7968;  1 drivers
v00000260a2e4f250_0 .net *"_ivl_38", 0 0, L_00000260a32c6a10;  1 drivers
L_00000260a32d79b0 .functor BUFT 1, C4<0>, C4<0>, C4<0>, C4<0>;
v00000260a2e4fe30_0 .net/2u *"_ivl_42", 0 0, L_00000260a32d79b0;  1 drivers
v00000260a2e4f070_0 .net *"_ivl_44", 0 0, L_00000260a32c5bb0;  1 drivers
L_00000260a32d79f8 .functor BUFT 1, C4<0>, C4<0>, C4<0>, C4<0>;
v00000260a2e50010_0 .net/2u *"_ivl_48", 0 0, L_00000260a32d79f8;  1 drivers
v00000260a2e4f2f0_0 .net *"_ivl_50", 0 0, L_00000260a32c7870;  1 drivers
L_00000260a32d7a40 .functor BUFT 1, C4<010>, C4<0>, C4<0>, C4<0>;
v00000260a2e51370_0 .net/2u *"_ivl_54", 2 0, L_00000260a32d7a40;  1 drivers
v00000260a2e4f390_0 .net *"_ivl_56", 2 0, L_00000260a32c6290;  1 drivers
L_00000260a32d7800 .functor BUFT 1, C4<00000000000000000000000000000000>, C4<0>, C4<0>, C4<0>;
v00000260a2e4fbb0_0 .net/2u *"_ivl_6", 31 0, L_00000260a32d7800;  1 drivers
v00000260a2e512d0_0 .net *"_ivl_8", 31 0, L_00000260a32c7b90;  1 drivers
v00000260a2e4f570_0 .net "alu_d", 31 0, L_00000260a32c7d70;  1 drivers
v00000260a2e51690_0 .var "alu_q", 31 0;
v00000260a2e500b0_0 .net "clk", 0 0, L_00000260a2d5a060;  alias, 1 drivers
v00000260a2e4fa70_0 .net "ex_alu_result_i", 31 0, v00000260a2e54070_0;  alias, 1 drivers
v00000260a2e4f610_0 .net "ex_mem_funct3_i", 2 0, L_00000260a3333270;  alias, 1 drivers
v00000260a2e4f110_0 .net "ex_mem_read_i", 0 0, L_00000260a33339e0;  alias, 1 drivers
v00000260a2e4f1b0_0 .net "ex_mem_write_i", 0 0, L_00000260a3334070;  alias, 1 drivers
v00000260a2e50150_0 .net "ex_pc4_i", 31 0, L_00000260a32c57f0;  alias, 1 drivers
v00000260a2e4fcf0_0 .net "ex_rd_i", 4 0, L_00000260a3333820;  alias, 1 drivers
v00000260a2e4fed0_0 .net "ex_reg_write_i", 0 0, L_00000260a33336d0;  alias, 1 drivers
v00000260a2e50e70_0 .net "ex_store_data_i", 31 0, L_00000260a3336d10;  alias, 1 drivers
v00000260a2e501f0_0 .net "ex_valid_i", 0 0, L_00000260a3333190;  alias, 1 drivers
v00000260a2e50f10_0 .net "ex_wb_sel_i", 1 0, L_00000260a3334d20;  alias, 1 drivers
v00000260a2e50290_0 .net "flush_i", 0 0, L_00000260a33395c0;  alias, 1 drivers
v00000260a2e50b50_0 .net "mem_alu_result_o", 31 0, L_00000260a3339630;  alias, 1 drivers
v00000260a2e4f6b0_0 .net "mem_f3_d", 2 0, L_00000260a32c7690;  1 drivers
v00000260a2e4f750_0 .var "mem_f3_q", 2 0;
v00000260a2e50fb0_0 .net "mem_mem_read_o", 0 0, L_00000260a3339fd0;  alias, 1 drivers
v00000260a2e4f7f0_0 .net "mem_mem_write_o", 0 0, L_00000260a33396a0;  alias, 1 drivers
v00000260a2e50ab0_0 .net "mem_pc4_o", 31 0, L_00000260a33386e0;  alias, 1 drivers
v00000260a2e4f890_0 .net "mem_rd_d", 0 0, L_00000260a32c5ed0;  1 drivers
v00000260a2e50330_0 .net "mem_rd_o", 4 0, L_00000260a33388a0;  alias, 1 drivers
v00000260a2e503d0_0 .var "mem_rd_q", 0 0;
v00000260a2e50970_0 .net "mem_reg_write_o", 0 0, L_00000260a333a0b0;  alias, 1 drivers
v00000260a2e4fd90_0 .net "mem_size_o", 2 0, L_00000260a3339240;  alias, 1 drivers
v00000260a2e50d30_0 .net "mem_store_data_o", 31 0, L_00000260a3338d70;  alias, 1 drivers
v00000260a2e506f0_0 .net "mem_valid_o", 0 0, L_00000260a33394e0;  alias, 1 drivers
v00000260a2e4f9d0_0 .net "mem_wb_sel_o", 1 0, L_00000260a3339be0;  alias, 1 drivers
v00000260a2e50470_0 .net "mem_wr_d", 0 0, L_00000260a32c6e70;  1 drivers
v00000260a2e50830_0 .var "mem_wr_q", 0 0;
v00000260a2e4fb10_0 .net "pc4_d", 31 0, L_00000260a32c7af0;  1 drivers
v00000260a2e514b0_0 .var "pc4_q", 31 0;
v00000260a2e51050_0 .net "rd_d", 4 0, L_00000260a32c6c90;  1 drivers
v00000260a2e508d0_0 .var "rd_q", 4 0;
v00000260a2e510f0_0 .net "reg_wr_d", 0 0, L_00000260a32c6830;  1 drivers
v00000260a2e50a10_0 .var "reg_wr_q", 0 0;
v00000260a2e50bf0_0 .net "rst_n", 0 0, L_00000260a32bb250;  alias, 1 drivers
v00000260a2e51230_0 .net "stall_i", 0 0, L_00000260a333e800;  alias, 1 drivers
v00000260a2e51550_0 .net "store_d", 31 0, L_00000260a32c7c30;  1 drivers
v00000260a2e515f0_0 .var "store_q", 31 0;
v00000260a2e51730_0 .net "valid_d", 0 0, L_00000260a32c63d0;  1 drivers
v00000260a2e51870_0 .var "valid_q", 0 0;
v00000260a2e51a50_0 .net "wb_sel_d", 1 0, L_00000260a32c6510;  1 drivers
v00000260a2e53f30_0 .var "wb_sel_q", 1 0;
L_00000260a32c5b10 .functor MUXZ 32, L_00000260a32c57f0, v00000260a2e514b0_0, L_00000260a333e800, C4<>;
L_00000260a32c7af0 .functor MUXZ 32, L_00000260a32c5b10, L_00000260a32d77b8, L_00000260a33395c0, C4<>;
L_00000260a32c7b90 .functor MUXZ 32, v00000260a2e54070_0, v00000260a2e51690_0, L_00000260a333e800, C4<>;
L_00000260a32c7d70 .functor MUXZ 32, L_00000260a32c7b90, L_00000260a32d7800, L_00000260a33395c0, C4<>;
L_00000260a32c7050 .functor MUXZ 32, L_00000260a3336d10, v00000260a2e515f0_0, L_00000260a333e800, C4<>;
L_00000260a32c7c30 .functor MUXZ 32, L_00000260a32c7050, L_00000260a32d7848, L_00000260a33395c0, C4<>;
L_00000260a32c7230 .functor MUXZ 5, L_00000260a3333820, v00000260a2e508d0_0, L_00000260a333e800, C4<>;
L_00000260a32c6c90 .functor MUXZ 5, L_00000260a32c7230, L_00000260a32d7890, L_00000260a33395c0, C4<>;
L_00000260a32c7910 .functor MUXZ 1, L_00000260a33336d0, v00000260a2e50a10_0, L_00000260a333e800, C4<>;
L_00000260a32c6830 .functor MUXZ 1, L_00000260a32c7910, L_00000260a32d78d8, L_00000260a33395c0, C4<>;
L_00000260a32c6330 .functor MUXZ 2, L_00000260a3334d20, v00000260a2e53f30_0, L_00000260a333e800, C4<>;
L_00000260a32c6510 .functor MUXZ 2, L_00000260a32c6330, L_00000260a32d7920, L_00000260a33395c0, C4<>;
L_00000260a32c6a10 .functor MUXZ 1, L_00000260a33339e0, v00000260a2e503d0_0, L_00000260a333e800, C4<>;
L_00000260a32c5ed0 .functor MUXZ 1, L_00000260a32c6a10, L_00000260a32d7968, L_00000260a33395c0, C4<>;
L_00000260a32c5bb0 .functor MUXZ 1, L_00000260a3334070, v00000260a2e50830_0, L_00000260a333e800, C4<>;
L_00000260a32c6e70 .functor MUXZ 1, L_00000260a32c5bb0, L_00000260a32d79b0, L_00000260a33395c0, C4<>;
L_00000260a32c7870 .functor MUXZ 1, L_00000260a3333190, v00000260a2e51870_0, L_00000260a333e800, C4<>;
L_00000260a32c63d0 .functor MUXZ 1, L_00000260a32c7870, L_00000260a32d79f8, L_00000260a33395c0, C4<>;
L_00000260a32c6290 .functor MUXZ 3, L_00000260a3333270, v00000260a2e4f750_0, L_00000260a333e800, C4<>;
L_00000260a32c7690 .functor MUXZ 3, L_00000260a32c6290, L_00000260a32d7a40, L_00000260a33395c0, C4<>;
S_00000260a2182e70 .scope module, "u_fwd" "forward_unit" 4 1269, 12 10 0, S_00000260a3202f10;
 .timescale -12 -12;
    .port_info 0 /INPUT 5 "ex_rs1_idx_i";
    .port_info 1 /INPUT 5 "ex_rs2_idx_i";
    .port_info 2 /INPUT 32 "ex_rs1_val_i";
    .port_info 3 /INPUT 32 "ex_rs2_val_i";
    .port_info 4 /INPUT 1 "mem_valid_i";
    .port_info 5 /INPUT 1 "mem_reg_write_i";
    .port_info 6 /INPUT 2 "mem_wb_sel_i";
    .port_info 7 /INPUT 5 "mem_rd_i";
    .port_info 8 /INPUT 32 "mem_alu_result_i";
    .port_info 9 /INPUT 32 "mem_pc4_i";
    .port_info 10 /INPUT 1 "mem_load_valid_i";
    .port_info 11 /INPUT 32 "mem_load_data_i";
    .port_info 12 /INPUT 1 "wb_we_i";
    .port_info 13 /INPUT 5 "wb_rd_i";
    .port_info 14 /INPUT 32 "wb_wdata_i";
    .port_info 15 /OUTPUT 32 "ex_rs1_val_o";
    .port_info 16 /OUTPUT 32 "ex_rs2_val_o";
L_00000260a3335880 .functor AND 1, L_00000260a33394e0, L_00000260a333a0b0, C4<1>, C4<1>;
L_00000260a3335730 .functor AND 1, L_00000260a3335880, L_00000260a32c13d0, C4<1>, C4<1>;
L_00000260a33357a0 .functor AND 1, L_00000260a3335730, L_00000260a32c2c30, C4<1>, C4<1>;
L_00000260a33358f0 .functor AND 1, L_00000260a33357a0, L_00000260a3339cc0, C4<1>, C4<1>;
L_00000260a3335500 .functor NOT 1, L_00000260a32c2c30, C4<0>, C4<0>, C4<0>;
L_00000260a3335d50 .functor AND 1, L_00000260a3335730, L_00000260a3335500, C4<1>, C4<1>;
L_00000260a33361b0 .functor BUFZ 1, L_00000260a33358f0, C4<0>, C4<0>, C4<0>;
L_00000260a3335570 .functor BUFZ 1, L_00000260a3335d50, C4<0>, C4<0>, C4<0>;
L_00000260a3335ce0 .functor OR 1, L_00000260a33361b0, L_00000260a3335570, C4<0>, C4<0>;
L_00000260a33367d0 .functor AND 1, L_00000260a3335ce0, L_00000260a32c2e10, C4<1>, C4<1>;
L_00000260a3335960 .functor AND 1, L_00000260a33367d0, L_00000260a32c20f0, C4<1>, C4<1>;
L_00000260a3335420 .functor AND 1, L_00000260a3335ce0, L_00000260a32c2190, C4<1>, C4<1>;
L_00000260a33355e0 .functor AND 1, L_00000260a3335420, L_00000260a32c1330, C4<1>, C4<1>;
L_00000260a33359d0 .functor AND 1, L_00000260a333d370, L_00000260a32c1ab0, C4<1>, C4<1>;
L_00000260a3335a40 .functor AND 1, L_00000260a33359d0, L_00000260a32c16f0, C4<1>, C4<1>;
L_00000260a3334fc0 .functor AND 1, L_00000260a333d370, L_00000260a32c24b0, C4<1>, C4<1>;
L_00000260a3335c00 .functor AND 1, L_00000260a3334fc0, L_00000260a32c09d0, C4<1>, C4<1>;
L_00000260a32d6768 .functor BUFT 1, C4<01>, C4<0>, C4<0>, C4<0>;
v00000260a2e51c30_0 .net/2u *"_ivl_0", 1 0, L_00000260a32d6768;  1 drivers
v00000260a2e51af0_0 .net *"_ivl_12", 0 0, L_00000260a33357a0;  1 drivers
v00000260a2e532b0_0 .net *"_ivl_16", 0 0, L_00000260a3335500;  1 drivers
L_00000260a32d67f8 .functor BUFT 1, C4<10>, C4<0>, C4<0>, C4<0>;
v00000260a2e52bd0_0 .net/2u *"_ivl_24", 1 0, L_00000260a32d67f8;  1 drivers
v00000260a2e52b30_0 .net *"_ivl_26", 0 0, L_00000260a32c1a10;  1 drivers
v00000260a2e53c10_0 .net *"_ivl_28", 31 0, L_00000260a32c2690;  1 drivers
v00000260a2e52450_0 .net *"_ivl_34", 0 0, L_00000260a32c2e10;  1 drivers
v00000260a2e523b0_0 .net *"_ivl_36", 0 0, L_00000260a33367d0;  1 drivers
L_00000260a32d6840 .functor BUFT 1, C4<00000>, C4<0>, C4<0>, C4<0>;
v00000260a2e53b70_0 .net/2u *"_ivl_38", 4 0, L_00000260a32d6840;  1 drivers
v00000260a2e528b0_0 .net *"_ivl_4", 0 0, L_00000260a3335880;  1 drivers
v00000260a2e53d50_0 .net *"_ivl_40", 0 0, L_00000260a32c20f0;  1 drivers
v00000260a2e53710_0 .net *"_ivl_44", 0 0, L_00000260a32c2190;  1 drivers
v00000260a2e51e10_0 .net *"_ivl_46", 0 0, L_00000260a3335420;  1 drivers
L_00000260a32d6888 .functor BUFT 1, C4<00000>, C4<0>, C4<0>, C4<0>;
v00000260a2e52c70_0 .net/2u *"_ivl_48", 4 0, L_00000260a32d6888;  1 drivers
v00000260a2e51eb0_0 .net *"_ivl_50", 0 0, L_00000260a32c1330;  1 drivers
v00000260a2e519b0_0 .net *"_ivl_54", 0 0, L_00000260a32c1ab0;  1 drivers
v00000260a2e52130_0 .net *"_ivl_56", 0 0, L_00000260a33359d0;  1 drivers
L_00000260a32d68d0 .functor BUFT 1, C4<00000>, C4<0>, C4<0>, C4<0>;
v00000260a2e51b90_0 .net/2u *"_ivl_58", 4 0, L_00000260a32d68d0;  1 drivers
L_00000260a32d67b0 .functor BUFT 1, C4<00000>, C4<0>, C4<0>, C4<0>;
v00000260a2e53030_0 .net/2u *"_ivl_6", 4 0, L_00000260a32d67b0;  1 drivers
v00000260a2e52770_0 .net *"_ivl_60", 0 0, L_00000260a32c16f0;  1 drivers
v00000260a2e51cd0_0 .net *"_ivl_64", 0 0, L_00000260a32c24b0;  1 drivers
v00000260a2e52db0_0 .net *"_ivl_66", 0 0, L_00000260a3334fc0;  1 drivers
L_00000260a32d6918 .functor BUFT 1, C4<00000>, C4<0>, C4<0>, C4<0>;
v00000260a2e53fd0_0 .net/2u *"_ivl_68", 4 0, L_00000260a32d6918;  1 drivers
v00000260a2e53490_0 .net *"_ivl_70", 0 0, L_00000260a32c09d0;  1 drivers
v00000260a2e529f0_0 .net *"_ivl_74", 31 0, L_00000260a32c2550;  1 drivers
v00000260a2e52310_0 .net *"_ivl_78", 31 0, L_00000260a32c1470;  1 drivers
v00000260a2e52590_0 .net *"_ivl_8", 0 0, L_00000260a32c13d0;  1 drivers
v00000260a2e51910_0 .net "ex_rs1_idx_i", 4 0, L_00000260a3333f90;  alias, 1 drivers
v00000260a2e52ef0_0 .net "ex_rs1_val_i", 31 0, L_00000260a3333e40;  alias, 1 drivers
v00000260a2e53990_0 .net "ex_rs1_val_o", 31 0, L_00000260a32c0f70;  alias, 1 drivers
v00000260a2e524f0_0 .net "ex_rs2_idx_i", 4 0, L_00000260a3334cb0;  alias, 1 drivers
v00000260a2e52d10_0 .net "ex_rs2_val_i", 31 0, L_00000260a3333c80;  alias, 1 drivers
v00000260a2e53a30_0 .net "ex_rs2_val_o", 31 0, L_00000260a32c0930;  alias, 1 drivers
v00000260a2e52e50_0 .net "match_mem_rs1", 0 0, L_00000260a3335960;  1 drivers
v00000260a2e52630_0 .net "match_mem_rs2", 0 0, L_00000260a33355e0;  1 drivers
v00000260a2e53cb0_0 .net "match_wb_rs1", 0 0, L_00000260a3335a40;  1 drivers
v00000260a2e52f90_0 .net "match_wb_rs2", 0 0, L_00000260a3335c00;  1 drivers
v00000260a2e51d70_0 .net "mem_alu_result_i", 31 0, L_00000260a3339630;  alias, 1 drivers
v00000260a2e53e90_0 .net "mem_can_forward", 0 0, L_00000260a3335ce0;  1 drivers
v00000260a2e52810_0 .net "mem_can_forward_alu", 0 0, L_00000260a3335570;  1 drivers
v00000260a2e52270_0 .net "mem_can_forward_load", 0 0, L_00000260a33361b0;  1 drivers
v00000260a2e52a90_0 .net "mem_can_write", 0 0, L_00000260a3335730;  1 drivers
v00000260a2e526d0_0 .net "mem_can_write_alu", 0 0, L_00000260a3335d50;  1 drivers
v00000260a2e51f50_0 .net "mem_can_write_load", 0 0, L_00000260a33358f0;  1 drivers
v00000260a2e51ff0_0 .net "mem_fwd_data", 31 0, L_00000260a32c15b0;  1 drivers
v00000260a2e53210_0 .net "mem_is_load", 0 0, L_00000260a32c2c30;  1 drivers
v00000260a2e52950_0 .net "mem_load_data_i", 31 0, L_00000260a32c8130;  alias, 1 drivers
v00000260a2e530d0_0 .net "mem_load_valid_i", 0 0, L_00000260a3339cc0;  alias, 1 drivers
v00000260a2e53670_0 .net "mem_pc4_i", 31 0, L_00000260a33386e0;  alias, 1 drivers
v00000260a2e53170_0 .net "mem_rd_i", 4 0, L_00000260a33388a0;  alias, 1 drivers
v00000260a2e53350_0 .net "mem_reg_write_i", 0 0, L_00000260a333a0b0;  alias, 1 drivers
v00000260a2e52090_0 .net "mem_valid_i", 0 0, L_00000260a33394e0;  alias, 1 drivers
v00000260a2e53ad0_0 .net "mem_wb_sel_i", 1 0, L_00000260a3339be0;  alias, 1 drivers
v00000260a2e533f0_0 .net "wb_rd_i", 4 0, v00000260a328d6a0_0;  alias, 1 drivers
v00000260a2e521d0_0 .net "wb_wdata_i", 31 0, v00000260a328bbc0_0;  alias, 1 drivers
v00000260a2e53530_0 .net "wb_we_i", 0 0, L_00000260a333d370;  alias, 1 drivers
L_00000260a32c2c30 .cmp/eq 2, L_00000260a3339be0, L_00000260a32d6768;
L_00000260a32c13d0 .cmp/ne 5, L_00000260a33388a0, L_00000260a32d67b0;
L_00000260a32c1a10 .cmp/eq 2, L_00000260a3339be0, L_00000260a32d67f8;
L_00000260a32c2690 .functor MUXZ 32, L_00000260a3339630, L_00000260a33386e0, L_00000260a32c1a10, C4<>;
L_00000260a32c15b0 .functor MUXZ 32, L_00000260a32c2690, L_00000260a32c8130, L_00000260a32c2c30, C4<>;
L_00000260a32c2e10 .cmp/eq 5, L_00000260a3333f90, L_00000260a33388a0;
L_00000260a32c20f0 .cmp/ne 5, L_00000260a3333f90, L_00000260a32d6840;
L_00000260a32c2190 .cmp/eq 5, L_00000260a3334cb0, L_00000260a33388a0;
L_00000260a32c1330 .cmp/ne 5, L_00000260a3334cb0, L_00000260a32d6888;
L_00000260a32c1ab0 .cmp/eq 5, v00000260a328d6a0_0, L_00000260a3333f90;
L_00000260a32c16f0 .cmp/ne 5, v00000260a328d6a0_0, L_00000260a32d68d0;
L_00000260a32c24b0 .cmp/eq 5, v00000260a328d6a0_0, L_00000260a3334cb0;
L_00000260a32c09d0 .cmp/ne 5, v00000260a328d6a0_0, L_00000260a32d6918;
L_00000260a32c2550 .functor MUXZ 32, L_00000260a3333e40, v00000260a328bbc0_0, L_00000260a3335a40, C4<>;
L_00000260a32c0f70 .functor MUXZ 32, L_00000260a32c2550, L_00000260a32c15b0, L_00000260a3335960, C4<>;
L_00000260a32c1470 .functor MUXZ 32, L_00000260a3333c80, v00000260a328bbc0_0, L_00000260a3335c00, C4<>;
L_00000260a32c0930 .functor MUXZ 32, L_00000260a32c1470, L_00000260a32c15b0, L_00000260a33355e0, C4<>;
S_00000260a2183000 .scope module, "u_hdu" "hazard_unit" 4 1975, 13 12 0, S_00000260a3202f10;
 .timescale -12 -12;
    .port_info 0 /INPUT 1 "id_valid_i";
    .port_info 1 /INPUT 5 "id_rs1_i";
    .port_info 2 /INPUT 5 "id_rs2_i";
    .port_info 3 /INPUT 1 "id_is_store_i";
    .port_info 4 /INPUT 1 "ex_valid_i";
    .port_info 5 /INPUT 5 "ex_rd_i";
    .port_info 6 /INPUT 1 "ex_reg_write_i";
    .port_info 7 /INPUT 1 "ex_mem_read_i";
    .port_info 8 /INPUT 1 "ex_stall_req_i";
    .port_info 9 /INPUT 1 "mem_valid_i";
    .port_info 10 /INPUT 5 "mem_rd_i";
    .port_info 11 /INPUT 1 "mem_reg_write_i";
    .port_info 12 /INPUT 1 "mem_stall_i";
    .port_info 13 /INPUT 1 "mem_load_active_i";
    .port_info 14 /INPUT 32 "pending_load_mask_i";
    .port_info 15 /INPUT 1 "ifetch_stall_i";
    .port_info 16 /INPUT 1 "redirect_valid_i";
    .port_info 17 /OUTPUT 1 "stall_if_o";
    .port_info 18 /OUTPUT 1 "stall_id_o";
    .port_info 19 /OUTPUT 1 "stall_ex_o";
    .port_info 20 /OUTPUT 1 "stall_exmem_o";
    .port_info 21 /OUTPUT 1 "flush_ifid_o";
    .port_info 22 /OUTPUT 1 "flush_idex_o";
P_00000260a2167c40 .param/l "FORWARDING_EN" 0 13 15, C4<1>;
P_00000260a2167c78 .param/l "STALL_ON_ANY_PENDING_LOAD" 0 13 17, C4<0>;
L_00000260a333e480 .functor AND 1, L_00000260a32cbc90, L_00000260a32cc2d0, C4<1>, C4<1>;
L_00000260a333ef00 .functor AND 1, L_00000260a32cb830, L_00000260a32cc690, C4<1>, C4<1>;
L_00000260a333e330 .functor AND 1, L_00000260a3333190, L_00000260a32cb6f0, C4<1>, C4<1>;
L_00000260a333db50 .functor OR 1, L_00000260a333e480, L_00000260a333ef00, C4<0>, C4<0>;
L_00000260a333dc30 .functor AND 1, L_00000260a333e330, L_00000260a333db50, C4<1>, C4<1>;
L_00000260a333e9c0 .functor AND 1, L_00000260a32cbc90, L_00000260a32cc410, C4<1>, C4<1>;
L_00000260a333dca0 .functor AND 1, L_00000260a32cb830, L_00000260a32cce10, C4<1>, C4<1>;
L_00000260a333f520 .functor AND 1, L_00000260a33394e0, L_00000260a32cbd30, C4<1>, C4<1>;
L_00000260a333ee90 .functor OR 1, L_00000260a333e9c0, L_00000260a333dca0, C4<0>, C4<0>;
L_00000260a333e6b0 .functor AND 1, L_00000260a333f520, L_00000260a333ee90, C4<1>, C4<1>;
L_00000260a333d990 .functor AND 1, L_00000260a333dc30, L_00000260a33339e0, C4<1>, C4<1>;
L_00000260a333dae0 .functor AND 1, L_00000260a333dc30, L_00000260a33336d0, C4<1>, C4<1>;
L_00000260a333ef70 .functor AND 1, L_00000260a333e6b0, L_00000260a333a0b0, C4<1>, C4<1>;
L_00000260a333dd10 .functor OR 1, L_00000260a333dae0, L_00000260a333ef70, C4<0>, C4<0>;
L_00000260a333df40 .functor AND 1, L_00000260a333e6b0, L_00000260a3338b40, C4<1>, C4<1>;
L_00000260a333ded0 .functor AND 1, L_00000260a32cbc90, L_00000260a32cbe70, C4<1>, C4<1>;
L_00000260a333f1a0 .functor AND 1, L_00000260a32cb830, L_00000260a32cac50, C4<1>, C4<1>;
L_00000260a333e170 .functor OR 1, L_00000260a333ded0, L_00000260a333f1a0, C4<0>, C4<0>;
L_00000260a32d8c40 .functor BUFT 1, C4<0>, C4<0>, C4<0>, C4<0>;
L_00000260a333e4f0 .functor AND 1, L_00000260a32d8c40, L_00000260a32cbf10, C4<1>, C4<1>;
L_00000260a333efe0 .functor OR 1, L_00000260a333e170, L_00000260a333e4f0, C4<0>, C4<0>;
L_00000260a333da00 .functor OR 1, L_00000260a333d990, L_00000260a333df40, C4<0>, C4<0>;
L_00000260a333f050 .functor OR 1, L_00000260a333da00, L_00000260a333efe0, C4<0>, C4<0>;
L_00000260a32d8c88 .functor BUFT 1, C4<0>, C4<0>, C4<0>, C4<0>;
L_00000260a333f440 .functor AND 1, L_00000260a32d8c88, L_00000260a333dd10, C4<1>, C4<1>;
L_00000260a333f130 .functor OR 1, L_00000260a333f050, L_00000260a333f440, C4<0>, C4<0>;
L_00000260a32d8d18 .functor BUFT 1, C4<0>, C4<0>, C4<0>, C4<0>;
L_00000260a333f280 .functor OR 1, L_00000260a32d8d18, L_00000260a3339a20, C4<0>, C4<0>;
L_00000260a333ea30 .functor BUFZ 1, L_00000260a3339a20, C4<0>, C4<0>, C4<0>;
L_00000260a333dbc0 .functor BUFZ 1, L_00000260a33378e0, C4<0>, C4<0>, C4<0>;
L_00000260a333f210 .functor OR 1, L_00000260a333f280, L_00000260a333f130, C4<0>, C4<0>;
L_00000260a333dd80 .functor OR 1, L_00000260a333f210, L_00000260a333dbc0, C4<0>, C4<0>;
L_00000260a333f2f0 .functor OR 1, L_00000260a333f280, L_00000260a333f130, C4<0>, C4<0>;
L_00000260a333e720 .functor OR 1, L_00000260a333f2f0, L_00000260a333dbc0, C4<0>, C4<0>;
L_00000260a333f360 .functor OR 1, L_00000260a333ea30, L_00000260a333dbc0, C4<0>, C4<0>;
L_00000260a333eaa0 .functor OR 1, L_00000260a333ea30, L_00000260a333dbc0, C4<0>, C4<0>;
L_00000260a333e410 .functor BUFZ 1, L_00000260a3338830, C4<0>, C4<0>, C4<0>;
L_00000260a333f3d0 .functor OR 1, L_00000260a3338830, L_00000260a333d990, C4<0>, C4<0>;
L_00000260a32d8cd0 .functor BUFT 1, C4<0>, C4<0>, C4<0>, C4<0>;
L_00000260a333f4b0 .functor AND 1, L_00000260a32d8cd0, L_00000260a333dd10, C4<1>, C4<1>;
L_00000260a333e250 .functor OR 1, L_00000260a333f3d0, L_00000260a333f4b0, C4<0>, C4<0>;
L_00000260a32d8b20 .functor BUFT 1, C4<00000>, C4<0>, C4<0>, C4<0>;
v00000260a2e535d0_0 .net/2u *"_ivl_0", 4 0, L_00000260a32d8b20;  1 drivers
v00000260a2e537b0_0 .net *"_ivl_102", 0 0, L_00000260a333f3d0;  1 drivers
v00000260a2e53850_0 .net/2u *"_ivl_104", 0 0, L_00000260a32d8cd0;  1 drivers
v00000260a2e538f0_0 .net *"_ivl_106", 0 0, L_00000260a333f4b0;  1 drivers
v00000260a2e53df0_0 .net *"_ivl_12", 0 0, L_00000260a32cc690;  1 drivers
L_00000260a32d8bb0 .functor BUFT 1, C4<00000>, C4<0>, C4<0>, C4<0>;
v00000260a2ab2a50_0 .net/2u *"_ivl_16", 4 0, L_00000260a32d8bb0;  1 drivers
v00000260a2ab47b0_0 .net *"_ivl_18", 0 0, L_00000260a32cb6f0;  1 drivers
v00000260a2ab36d0_0 .net *"_ivl_21", 0 0, L_00000260a333e330;  1 drivers
v00000260a2ab3b30_0 .net *"_ivl_22", 0 0, L_00000260a333db50;  1 drivers
v00000260a2ab4f30_0 .net *"_ivl_26", 0 0, L_00000260a32cc410;  1 drivers
v00000260a2ab4710_0 .net *"_ivl_30", 0 0, L_00000260a32cce10;  1 drivers
L_00000260a32d8bf8 .functor BUFT 1, C4<00000>, C4<0>, C4<0>, C4<0>;
v00000260a2ab3ef0_0 .net/2u *"_ivl_34", 4 0, L_00000260a32d8bf8;  1 drivers
v00000260a2ab3770_0 .net *"_ivl_36", 0 0, L_00000260a32cbd30;  1 drivers
v00000260a2ab3e50_0 .net *"_ivl_39", 0 0, L_00000260a333f520;  1 drivers
L_00000260a32d8b68 .functor BUFT 1, C4<00000>, C4<0>, C4<0>, C4<0>;
v00000260a2ab45d0_0 .net/2u *"_ivl_4", 4 0, L_00000260a32d8b68;  1 drivers
v00000260a2ab4a30_0 .net *"_ivl_40", 0 0, L_00000260a333ee90;  1 drivers
v00000260a2ab3450_0 .net *"_ivl_47", 0 0, L_00000260a333dae0;  1 drivers
v00000260a2ab2ff0_0 .net *"_ivl_49", 0 0, L_00000260a333ef70;  1 drivers
v00000260a2ab3310_0 .net *"_ivl_55", 0 0, L_00000260a32cbe70;  1 drivers
v00000260a2ab2e10_0 .net *"_ivl_59", 0 0, L_00000260a32cac50;  1 drivers
v00000260a2ab33b0_0 .net *"_ivl_64", 0 0, L_00000260a333e170;  1 drivers
v00000260a2ab2d70_0 .net/2u *"_ivl_66", 0 0, L_00000260a32d8c40;  1 drivers
v00000260a2ab4cb0_0 .net *"_ivl_68", 0 0, L_00000260a333e4f0;  1 drivers
v00000260a2ab31d0_0 .net *"_ivl_72", 0 0, L_00000260a333da00;  1 drivers
v00000260a2ab38b0_0 .net *"_ivl_74", 0 0, L_00000260a333f050;  1 drivers
v00000260a2ab2c30_0 .net/2u *"_ivl_76", 0 0, L_00000260a32d8c88;  1 drivers
v00000260a2ab3630_0 .net *"_ivl_78", 0 0, L_00000260a333f440;  1 drivers
v00000260a2ab42b0_0 .net *"_ivl_8", 0 0, L_00000260a32cc2d0;  1 drivers
v00000260a2ab4d50_0 .net *"_ivl_88", 0 0, L_00000260a333f210;  1 drivers
v00000260a2ab34f0_0 .net *"_ivl_92", 0 0, L_00000260a333f2f0;  1 drivers
v00000260a2ab4850_0 .net "ex_long_stall", 0 0, L_00000260a333dbc0;  1 drivers
v00000260a2ab3950_0 .net "ex_mem_read_i", 0 0, L_00000260a33339e0;  alias, 1 drivers
v00000260a2ab3590_0 .net "ex_rd_i", 4 0, L_00000260a3333820;  alias, 1 drivers
v00000260a2ab2af0_0 .net "ex_reg_write_i", 0 0, L_00000260a33336d0;  alias, 1 drivers
v00000260a2ab2eb0_0 .net "ex_stall_req_i", 0 0, L_00000260a33378e0;  alias, 1 drivers
v00000260a2ab4350_0 .net "ex_valid_i", 0 0, L_00000260a3333190;  alias, 1 drivers
v00000260a2ab2870_0 .net "flush_idex_o", 0 0, L_00000260a333e250;  alias, 1 drivers
v00000260a2ab2b90_0 .net "flush_ifid_o", 0 0, L_00000260a333e410;  alias, 1 drivers
v00000260a2ab3db0_0 .net "generic_raw", 0 0, L_00000260a333dd10;  1 drivers
v00000260a2ab48f0_0 .net "id_is_store_i", 0 0, v00000260a3262b10_0;  alias, 1 drivers
v00000260a2ab4990_0 .net "id_rs1_i", 4 0, L_00000260a32bd050;  alias, 1 drivers
v00000260a2ab2cd0_0 .net "id_rs2_i", 4 0, L_00000260a3332630;  alias, 1 drivers
v00000260a2ab3f90_0 .net "id_use_rs1", 0 0, L_00000260a32cbc90;  1 drivers
v00000260a2ab4670_0 .net "id_use_rs2", 0 0, L_00000260a32cb830;  1 drivers
v00000260a2ab39f0_0 .net "id_valid_i", 0 0, L_00000260a3331e50;  alias, 1 drivers
v00000260a2ab4df0_0 .net "ifetch_stall_i", 0 0, L_00000260a32d8d18;  1 drivers
v00000260a2ab3810_0 .net "load_use_hazard", 0 0, L_00000260a333d990;  1 drivers
v00000260a2ab4c10_0 .net "mem_load_active_i", 0 0, L_00000260a3338b40;  alias, 1 drivers
v00000260a2ab2f50_0 .net "mem_pending_load_hazard", 0 0, L_00000260a333df40;  1 drivers
v00000260a2ab4030_0 .net "mem_rd_i", 4 0, L_00000260a33388a0;  alias, 1 drivers
v00000260a2ab3090_0 .net "mem_reg_write_i", 0 0, L_00000260a333a0b0;  alias, 1 drivers
v00000260a2ab3a90_0 .net "mem_stall_i", 0 0, L_00000260a3339a20;  alias, 1 drivers
v00000260a2ab4ad0_0 .net "mem_valid_i", 0 0, L_00000260a33394e0;  alias, 1 drivers
v00000260a2ab3d10_0 .net "pending_load_any", 0 0, L_00000260a32cbf10;  1 drivers
v00000260a2ab4e90_0 .net "pending_load_hazard", 0 0, L_00000260a333efe0;  1 drivers
v00000260a2ab3130_0 .net "pending_load_mask_i", 31 0, L_00000260a32d8ad8;  alias, 1 drivers
v00000260a2ab4b70_0 .net "pending_load_rs1", 0 0, L_00000260a333ded0;  1 drivers
v00000260a2ab40d0_0 .net "pending_load_rs2", 0 0, L_00000260a333f1a0;  1 drivers
v00000260a2ab4170_0 .net "raw_ex", 0 0, L_00000260a333dc30;  1 drivers
v00000260a2ab3bd0_0 .net "raw_ex_rs1", 0 0, L_00000260a333e480;  1 drivers
v00000260a2ab4210_0 .net "raw_ex_rs2", 0 0, L_00000260a333ef00;  1 drivers
v00000260a2ab4fd0_0 .net "raw_mem", 0 0, L_00000260a333e6b0;  1 drivers
v00000260a2ab43f0_0 .net "raw_mem_rs1", 0 0, L_00000260a333e9c0;  1 drivers
v00000260a2ab3c70_0 .net "raw_mem_rs2", 0 0, L_00000260a333dca0;  1 drivers
v00000260a2ab3270_0 .net "redirect_valid_i", 0 0, L_00000260a3338830;  alias, 1 drivers
v00000260a2ab2910_0 .net "stall_ex_o", 0 0, L_00000260a333f360;  alias, 1 drivers
v00000260a2ab4490_0 .net "stall_exmem_o", 0 0, L_00000260a333eaa0;  alias, 1 drivers
v00000260a2ab4530_0 .net "stall_for_data", 0 0, L_00000260a333f130;  1 drivers
v00000260a2ab29b0_0 .net "stall_id_o", 0 0, L_00000260a333e720;  alias, 1 drivers
v00000260a2ab5c50_0 .net "stall_if_o", 0 0, L_00000260a333dd80;  alias, 1 drivers
v00000260a2ab5bb0_0 .net "structural_stall_back", 0 0, L_00000260a333ea30;  1 drivers
v00000260a2ab60b0_0 .net "structural_stall_front", 0 0, L_00000260a333f280;  1 drivers
E_00000260a31890b0 .event anyedge, v00000260a2ab4e90_0, v00000260a2ab4990_0, v00000260a2ab2cd0_0, v00000260a2ab3130_0;
L_00000260a32cbc90 .cmp/ne 5, L_00000260a32bd050, L_00000260a32d8b20;
L_00000260a32cb830 .cmp/ne 5, L_00000260a3332630, L_00000260a32d8b68;
L_00000260a32cc2d0 .cmp/eq 5, L_00000260a32bd050, L_00000260a3333820;
L_00000260a32cc690 .cmp/eq 5, L_00000260a3332630, L_00000260a3333820;
L_00000260a32cb6f0 .cmp/ne 5, L_00000260a3333820, L_00000260a32d8bb0;
L_00000260a32cc410 .cmp/eq 5, L_00000260a32bd050, L_00000260a33388a0;
L_00000260a32cce10 .cmp/eq 5, L_00000260a3332630, L_00000260a33388a0;
L_00000260a32cbd30 .cmp/ne 5, L_00000260a33388a0, L_00000260a32d8bf8;
L_00000260a32cbe70 .part/v L_00000260a32d8ad8, L_00000260a32bd050, 1;
L_00000260a32cac50 .part/v L_00000260a32d8ad8, L_00000260a3332630, 1;
L_00000260a32cbf10 .reduce/or L_00000260a32d8ad8;
S_00000260a2182510 .scope module, "u_icache" "icache_top" 4 844, 14 6 0, S_00000260a3202f10;
 .timescale -9 -12;
    .port_info 0 /INPUT 1 "clk";
    .port_info 1 /INPUT 1 "rst_n";
    .port_info 2 /INPUT 1 "fetch_req_valid_i";
    .port_info 3 /INPUT 32 "fetch_req_addr_i";
    .port_info 4 /INPUT 1 "fetch_req_kill_i";
    .port_info 5 /OUTPUT 1 "fetch_req_ready_o";
    .port_info 6 /OUTPUT 1 "fetch_resp_valid_o";
    .port_info 7 /INPUT 1 "fetch_resp_ready_i";
    .port_info 8 /OUTPUT 32 "fetch_resp_inst_o";
    .port_info 9 /OUTPUT 32 "fetch_resp_pc_o";
    .port_info 10 /OUTPUT 1 "fetch_resp_err_o";
    .port_info 11 /INPUT 1 "ic_flush_req_i";
    .port_info 12 /OUTPUT 1 "ic_flush_ack_o";
    .port_info 13 /OUTPUT 1 "l2_req_valid";
    .port_info 14 /INPUT 1 "l2_req_ready";
    .port_info 15 /OUTPUT 32 "l2_req_addr";
    .port_info 16 /OUTPUT 2 "l2_req_cmd";
    .port_info 17 /OUTPUT 3 "l2_req_size";
    .port_info 18 /OUTPUT 8 "l2_req_len";
    .port_info 19 /INPUT 1 "l2_rsp_valid";
    .port_info 20 /OUTPUT 1 "l2_rsp_ready";
    .port_info 21 /INPUT 64 "l2_rsp_data";
    .port_info 22 /INPUT 1 "l2_rsp_last";
    .port_info 23 /INPUT 1 "l2_rsp_err";
P_00000260a25a0d10 .param/l "ADDR_WIDTH" 0 14 7, +C4<00000000000000000000000000100000>;
P_00000260a25a0d48 .param/l "CACHE_BYTES" 0 14 9, +C4<00000000000000000010000000000000>;
P_00000260a25a0d80 .param/l "INDEX_BITS" 0 14 13, +C4<00000000000000000000000000000110>;
P_00000260a25a0db8 .param/l "L2_DATA_W" 0 14 8, +C4<00000000000000000000000001000000>;
P_00000260a25a0df0 .param/l "LINE_BYTES" 0 14 10, +C4<00000000000000000000000001000000>;
P_00000260a25a0e28 .param/l "NUM_WAYS" 0 14 11, +C4<00000000000000000000000000000010>;
P_00000260a25a0e60 .param/l "OFFSET_BITS" 0 14 12, +C4<00000000000000000000000000000110>;
P_00000260a25a0e98 .param/l "TAG_BITS" 0 14 14, +C4<00000000000000000000000000010100>;
P_00000260a25a0ed0 .param/l "UNC_BASE" 0 14 15, C4<00000000000000000000000000000000>;
P_00000260a25a0f08 .param/l "UNC_MASK" 0 14 16, C4<00000000000000000000000000000000>;
v00000260a2ab01b0_0 .net "clk", 0 0, L_00000260a2d5a060;  alias, 1 drivers
v00000260a2ab1290_0 .net "fetch_req_addr_i", 31 0, L_00000260a2d5b950;  alias, 1 drivers
v00000260a2ab0610_0 .net "fetch_req_kill_i", 0 0, L_00000260a2d6e0a0;  alias, 1 drivers
v00000260a2ab0430_0 .net "fetch_req_ready_o", 0 0, L_00000260a2d73580;  alias, 1 drivers
v00000260a2ab06b0_0 .net "fetch_req_valid_i", 0 0, L_00000260a3331600;  alias, 1 drivers
v00000260a2ab0e30_0 .net "fetch_resp_err_o", 0 0, v00000260a2ab6e70_0;  alias, 1 drivers
v00000260a2ab0890_0 .net "fetch_resp_inst_o", 31 0, v00000260a2ab65b0_0;  alias, 1 drivers
v00000260a2ab2550_0 .net "fetch_resp_pc_o", 31 0, v00000260a2ab6d30_0;  alias, 1 drivers
v00000260a2ab0d90_0 .net "fetch_resp_ready_i", 0 0, L_00000260a2d78f30;  alias, 1 drivers
v00000260a2ab2050_0 .net "fetch_resp_valid_o", 0 0, v00000260a2ab5430_0;  alias, 1 drivers
v00000260a2ab1330_0 .net "ic_flush_ack_o", 0 0, v00000260a2ab5390_0;  alias, 1 drivers
v00000260a2ab13d0_0 .net "ic_flush_req_i", 0 0, v00000260a329e5b0_0;  1 drivers
v00000260a2ab1470_0 .net "ic_inv_ack", 0 0, v00000260a2ab6330_0;  1 drivers
v00000260a2ab0930_0 .net "l2_req_addr", 31 0, v00000260a2ab5a70_0;  alias, 1 drivers
v00000260a2ab20f0_0 .net "l2_req_cmd", 1 0, v00000260a2ab5e30_0;  alias, 1 drivers
v00000260a2ab1510_0 .net "l2_req_len", 7 0, v00000260a2ab7af0_0;  alias, 1 drivers
v00000260a2ab1650_0 .net "l2_req_ready", 0 0, L_00000260a2d5b250;  alias, 1 drivers
v00000260a2ab2190_0 .net "l2_req_size", 2 0, v00000260a2ab7eb0_0;  alias, 1 drivers
v00000260a2ab16f0_0 .net "l2_req_valid", 0 0, v00000260a2ab7870_0;  alias, 1 drivers
v00000260a2ab1790_0 .net "l2_rsp_data", 63 0, L_00000260a2d5a220;  alias, 1 drivers
v00000260a2ab18d0_0 .net "l2_rsp_err", 0 0, L_00000260a2d5a920;  alias, 1 drivers
v00000260a2ab2230_0 .net "l2_rsp_last", 0 0, L_00000260a2d5a370;  alias, 1 drivers
v00000260a2ab1a10_0 .net "l2_rsp_ready", 0 0, v00000260a2ab7cd0_0;  alias, 1 drivers
v00000260a2ab25f0_0 .net "l2_rsp_valid", 0 0, L_00000260a2d59c70;  alias, 1 drivers
v00000260a2ab1ab0_0 .net "rst_n", 0 0, L_00000260a32bb250;  alias, 1 drivers
S_00000260a2182ce0 .scope module, "u_icache" "i_cache" 14 64, 15 1 0, S_00000260a2182510;
 .timescale -12 -12;
    .port_info 0 /INPUT 1 "clk";
    .port_info 1 /INPUT 1 "rst_n";
    .port_info 2 /INPUT 1 "if_req_valid";
    .port_info 3 /INPUT 32 "if_req_addr";
    .port_info 4 /OUTPUT 1 "if_req_ready";
    .port_info 5 /INPUT 1 "if_req_kill";
    .port_info 6 /OUTPUT 1 "if_resp_valid";
    .port_info 7 /INPUT 1 "if_resp_ready";
    .port_info 8 /OUTPUT 32 "if_resp_inst";
    .port_info 9 /OUTPUT 32 "if_resp_pc";
    .port_info 10 /OUTPUT 1 "if_resp_err";
    .port_info 11 /INPUT 1 "ic_flush_req";
    .port_info 12 /OUTPUT 1 "ic_flush_ack";
    .port_info 13 /INPUT 1 "ic_inv_valid";
    .port_info 14 /INPUT 1 "ic_inv_all";
    .port_info 15 /INPUT 6 "ic_inv_index";
    .port_info 16 /INPUT 1 "ic_inv_way";
    .port_info 17 /OUTPUT 1 "ic_inv_ack";
    .port_info 18 /OUTPUT 1 "l2_req_valid";
    .port_info 19 /INPUT 1 "l2_req_ready";
    .port_info 20 /OUTPUT 32 "l2_req_addr";
    .port_info 21 /OUTPUT 2 "l2_req_cmd";
    .port_info 22 /OUTPUT 3 "l2_req_size";
    .port_info 23 /OUTPUT 8 "l2_req_len";
    .port_info 24 /INPUT 1 "l2_rsp_valid";
    .port_info 25 /OUTPUT 1 "l2_rsp_ready";
    .port_info 26 /INPUT 64 "l2_rsp_data";
    .port_info 27 /INPUT 1 "l2_rsp_last";
    .port_info 28 /INPUT 1 "l2_rsp_err";
P_00000260a222e450 .param/l "ADDR_WIDTH" 0 15 3, +C4<00000000000000000000000000100000>;
P_00000260a222e488 .param/l "CACHE_BYTES" 0 15 4, +C4<00000000000000000010000000000000>;
P_00000260a222e4c0 .param/l "INDEX_BITS" 0 15 8, +C4<00000000000000000000000000000110>;
P_00000260a222e4f8 .param/l "L2_DATA_W" 0 15 10, +C4<00000000000000000000000001000000>;
P_00000260a222e530 .param/l "LINE_BITS" 1 15 60, +C4<0000000000000000000000000000000000000000000000000000001000000000>;
P_00000260a222e568 .param/l "LINE_BYTES" 0 15 5, +C4<00000000000000000000000001000000>;
P_00000260a222e5a0 .param/l "NUM_SETS" 1 15 61, +C4<0000000000000000000000000000000000000000000000000000000001000000>;
P_00000260a222e5d8 .param/l "NUM_WAYS" 0 15 6, +C4<00000000000000000000000000000010>;
P_00000260a222e610 .param/l "OFFSET_BITS" 0 15 7, +C4<00000000000000000000000000000110>;
P_00000260a222e648 .param/l "ST_FLUSH" 1 15 168, C4<110>;
P_00000260a222e680 .param/l "ST_IDLE" 1 15 162, C4<000>;
P_00000260a222e6b8 .param/l "ST_MISS_REQ" 1 15 163, C4<001>;
P_00000260a222e6f0 .param/l "ST_REPLAY1" 1 15 166, C4<100>;
P_00000260a222e728 .param/l "ST_REPLAY2" 1 15 167, C4<101>;
P_00000260a222e760 .param/l "ST_WAIT_RSP" 1 15 164, C4<010>;
P_00000260a222e798 .param/l "ST_WRITE_LINE" 1 15 165, C4<011>;
P_00000260a222e7d0 .param/l "TAG_BITS" 0 15 9, +C4<00000000000000000000000000010100>;
P_00000260a222e808 .param/l "UNC_BASE" 0 15 11, C4<00000000000000000000000000000000>;
P_00000260a222e840 .param/l "UNC_MASK" 0 15 12, C4<00000000000000000000000000000000>;
L_00000260a32d4fc8 .functor BUFT 1, C4<00000000000000000000000000000000>, C4<0>, C4<0>, C4<0>;
L_00000260a2d6cb30 .functor AND 32, L_00000260a2d5b950, L_00000260a32d4fc8, C4<11111111111111111111111111111111>, C4<11111111111111111111111111111111>;
L_00000260a32d5058 .functor BUFT 1, C4<0>, C4<0>, C4<0>, C4<0>;
L_00000260a2d6fae0 .functor AND 1, L_00000260a32b9e50, L_00000260a32d5058, C4<1>, C4<1>;
L_00000260a2d6ef10 .functor AND 1, v00000260a2ab11f0_0, v00000260a2ab1150_0, C4<1>, C4<1>;
L_00000260a2d6e6c0 .functor AND 1, L_00000260a2d6ef10, L_00000260a32bb750, C4<1>, C4<1>;
L_00000260a2d70330 .functor AND 1, v00000260a2ab11f0_0, v00000260a2ab24b0_0, C4<1>, C4<1>;
L_00000260a2d71e50 .functor AND 1, L_00000260a2d70330, L_00000260a32b9310, C4<1>, C4<1>;
L_00000260a2d71980 .functor OR 1, L_00000260a2d6e6c0, L_00000260a2d71e50, C4<0>, C4<0>;
L_00000260a2d72cc0 .functor AND 1, L_00000260a2d6e0a0, L_00000260a32b98b0, C4<1>, C4<1>;
L_00000260a2d734a0 .functor AND 1, v00000260a2ab5430_0, L_00000260a32b9ef0, C4<1>, C4<1>;
L_00000260a2d73580 .functor AND 1, L_00000260a32b9a90, L_00000260a32ba5d0, C4<1>, C4<1>;
L_00000260a2d75180 .functor AND 1, L_00000260a3331600, L_00000260a2d73580, C4<1>, C4<1>;
L_00000260a2d743f0 .functor AND 1, L_00000260a2d75180, L_00000260a32b9450, C4<1>, C4<1>;
v00000260a2ab74b0_0 .net/2u *"_ivl_0", 31 0, L_00000260a32d4fc8;  1 drivers
v00000260a2ab6970_0 .net *"_ivl_2", 31 0, L_00000260a2d6cb30;  1 drivers
v00000260a2ab51b0_0 .net *"_ivl_21", 0 0, L_00000260a2d6ef10;  1 drivers
v00000260a2ab6290_0 .net *"_ivl_22", 0 0, L_00000260a32bb750;  1 drivers
v00000260a2ab6fb0_0 .net *"_ivl_27", 0 0, L_00000260a2d70330;  1 drivers
v00000260a2ab6150_0 .net *"_ivl_28", 0 0, L_00000260a32b9310;  1 drivers
v00000260a2ab5cf0_0 .net *"_ivl_35", 0 0, L_00000260a32b98b0;  1 drivers
L_00000260a32d50a0 .functor BUFT 1, C4<00000001>, C4<0>, C4<0>, C4<0>;
v00000260a2ab61f0_0 .net/2u *"_ivl_38", 7 0, L_00000260a32d50a0;  1 drivers
L_00000260a32d5010 .functor BUFT 1, C4<00000000000000000000000000000000>, C4<0>, C4<0>, C4<0>;
v00000260a2ab6650_0 .net/2u *"_ivl_4", 31 0, L_00000260a32d5010;  1 drivers
L_00000260a32d50e8 .functor BUFT 1, C4<00000000>, C4<0>, C4<0>, C4<0>;
v00000260a2ab5ed0_0 .net/2u *"_ivl_40", 7 0, L_00000260a32d50e8;  1 drivers
v00000260a2ab5250_0 .net *"_ivl_42", 7 0, L_00000260a32bb7f0;  1 drivers
L_00000260a32d5130 .functor BUFT 1, C4<000>, C4<0>, C4<0>, C4<0>;
v00000260a2ab7730_0 .net/2u *"_ivl_48", 2 0, L_00000260a32d5130;  1 drivers
v00000260a2ab7190_0 .net *"_ivl_50", 0 0, L_00000260a32b9a90;  1 drivers
v00000260a2ab7550_0 .net *"_ivl_53", 0 0, L_00000260a32b9ef0;  1 drivers
v00000260a2ab5f70_0 .net *"_ivl_55", 0 0, L_00000260a2d734a0;  1 drivers
v00000260a2ab6790_0 .net *"_ivl_57", 0 0, L_00000260a32ba5d0;  1 drivers
v00000260a2ab6dd0_0 .net *"_ivl_6", 0 0, L_00000260a32b9e50;  1 drivers
v00000260a2ab7230_0 .net *"_ivl_61", 0 0, L_00000260a2d75180;  1 drivers
v00000260a2ab72d0_0 .net *"_ivl_63", 0 0, L_00000260a32b9450;  1 drivers
v00000260a2ab70f0_0 .net/2u *"_ivl_8", 0 0, L_00000260a32d5058;  1 drivers
v00000260a2ab52f0_0 .net "accept_req", 0 0, L_00000260a2d743f0;  1 drivers
v00000260a2ab68d0_0 .net "clk", 0 0, L_00000260a2d5a060;  alias, 1 drivers
v00000260a2ab6a10 .array "data_way0", 63 0, 511 0;
v00000260a2ab5b10 .array "data_way1", 63 0, 511 0;
v00000260a2ab6510_0 .net "drop_resp", 0 0, L_00000260a32baf30;  1 drivers
v00000260a2ab75f0_0 .var "flush_idx", 5 0;
v00000260a2ab6ab0_0 .var "flush_pending", 0 0;
v00000260a2ab7370_0 .net "hit", 0 0, L_00000260a2d71980;  1 drivers
v00000260a2ab6b50_0 .net "hit0", 0 0, L_00000260a2d6e6c0;  1 drivers
v00000260a2ab6bf0_0 .net "hit1", 0 0, L_00000260a2d71e50;  1 drivers
v00000260a2ab6010_0 .var/i "i", 31 0;
v00000260a2ab5390_0 .var "ic_flush_ack", 0 0;
v00000260a2ab5890_0 .net "ic_flush_req", 0 0, v00000260a329e5b0_0;  alias, 1 drivers
v00000260a2ab6330_0 .var "ic_inv_ack", 0 0;
L_00000260a32d51c0 .functor BUFT 1, C4<0>, C4<0>, C4<0>, C4<0>;
v00000260a2ab5930_0 .net "ic_inv_all", 0 0, L_00000260a32d51c0;  1 drivers
L_00000260a32d5208 .functor BUFT 1, C4<000000>, C4<0>, C4<0>, C4<0>;
v00000260a2ab7410_0 .net "ic_inv_index", 5 0, L_00000260a32d5208;  1 drivers
L_00000260a32d5178 .functor BUFT 1, C4<0>, C4<0>, C4<0>, C4<0>;
v00000260a2ab7690_0 .net "ic_inv_valid", 0 0, L_00000260a32d5178;  1 drivers
L_00000260a32d5250 .functor BUFT 1, C4<0>, C4<0>, C4<0>, C4<0>;
v00000260a2ab77d0_0 .net "ic_inv_way", 0 0, L_00000260a32d5250;  1 drivers
v00000260a2ab6c90_0 .net "if_req_addr", 31 0, L_00000260a2d5b950;  alias, 1 drivers
v00000260a2ab5d90_0 .net "if_req_kill", 0 0, L_00000260a2d6e0a0;  alias, 1 drivers
v00000260a2ab63d0_0 .net "if_req_ready", 0 0, L_00000260a2d73580;  alias, 1 drivers
v00000260a2ab6470_0 .net "if_req_valid", 0 0, L_00000260a3331600;  alias, 1 drivers
v00000260a2ab6e70_0 .var "if_resp_err", 0 0;
v00000260a2ab65b0_0 .var "if_resp_inst", 31 0;
v00000260a2ab6d30_0 .var "if_resp_pc", 31 0;
v00000260a2ab5610_0 .net "if_resp_ready", 0 0, L_00000260a2d78f30;  alias, 1 drivers
v00000260a2ab5430_0 .var "if_resp_valid", 0 0;
v00000260a2ab5070_0 .var "inv_all_pending", 0 0;
v00000260a2ab56b0_0 .var "inv_index_pending", 5 0;
v00000260a2ab59d0_0 .var "inv_pending", 0 0;
v00000260a2ab6f10_0 .var "inv_way_pending", 0 0;
v00000260a2ab54d0_0 .net "is_uncached_req", 0 0, L_00000260a2d6fae0;  1 drivers
v00000260a2ab7050_0 .net "kill_edge", 0 0, L_00000260a2d72cc0;  1 drivers
v00000260a2ab5110_0 .var "kill_prev", 0 0;
v00000260a2ab5570_0 .var "kill_toggle", 7 0;
v00000260a2ab57f0_0 .net "kill_toggle_effective", 7 0, L_00000260a32ba0d0;  1 drivers
v00000260a2ab5a70_0 .var "l2_req_addr", 31 0;
v00000260a2ab5e30_0 .var "l2_req_cmd", 1 0;
v00000260a2ab7af0_0 .var "l2_req_len", 7 0;
v00000260a2ab7f50_0 .net "l2_req_ready", 0 0, L_00000260a2d5b250;  alias, 1 drivers
v00000260a2ab7eb0_0 .var "l2_req_size", 2 0;
v00000260a2ab7870_0 .var "l2_req_valid", 0 0;
v00000260a2ab7c30_0 .net "l2_rsp_data", 63 0, L_00000260a2d5a220;  alias, 1 drivers
v00000260a2ab7b90_0 .net "l2_rsp_err", 0 0, L_00000260a2d5a920;  alias, 1 drivers
v00000260a2ab7910_0 .net "l2_rsp_last", 0 0, L_00000260a2d5a370;  alias, 1 drivers
v00000260a2ab7cd0_0 .var "l2_rsp_ready", 0 0;
v00000260a2ab79b0_0 .net "l2_rsp_valid", 0 0, L_00000260a2d59c70;  alias, 1 drivers
v00000260a2ab7e10_0 .var "miss_kill_tag", 7 0;
v00000260a2ab7a50_0 .var "miss_pc", 31 0;
v00000260a2ab7d70_0 .var "miss_uncached", 0 0;
v00000260a2ab07f0 .array "plru_bit", 63 0, 0 0;
v00000260a2ab0bb0_0 .var "refill_addr_aligned", 31 0;
v00000260a2ab22d0_0 .var "refill_beat_cnt", 3 0;
v00000260a2ab02f0_0 .var "refill_buf", 511 0;
v00000260a2ab2690_0 .var "refill_err_q", 0 0;
v00000260a2ab1010_0 .var "refill_index", 5 0;
v00000260a2ab09d0_0 .var "refill_tag", 19 0;
v00000260a2ab0b10_0 .var "refill_victim_way", 0 0;
v00000260a2ab0070_0 .net "rst_n", 0 0, L_00000260a32bb250;  alias, 1 drivers
v00000260a2ab0ed0_0 .net "s1_index", 5 0, L_00000260a32b9630;  1 drivers
v00000260a2ab10b0_0 .var "s1_kill_tag", 7 0;
v00000260a2ab0c50_0 .var "s1_pc", 31 0;
v00000260a2ab0f70_0 .var "s1_uncached", 0 0;
v00000260a2ab1e70_0 .var "s1_valid", 0 0;
v00000260a2ab1dd0_0 .var "s2_d0", 511 0;
v00000260a2ab1f10_0 .var "s2_d1", 511 0;
v00000260a2ab0250_0 .net "s2_index", 5 0, L_00000260a32ba8f0;  1 drivers
v00000260a2ab1b50_0 .var "s2_kill_tag", 7 0;
v00000260a2ab0390_0 .var "s2_pc", 31 0;
v00000260a2ab0570_0 .net "s2_req_tag", 19 0, L_00000260a32b9bd0;  1 drivers
v00000260a2ab1fb0_0 .var "s2_tag0", 19 0;
v00000260a2ab0750_0 .var "s2_tag1", 19 0;
v00000260a2ab1830_0 .var "s2_uncached", 0 0;
v00000260a2ab1150_0 .var "s2_v0", 0 0;
v00000260a2ab24b0_0 .var "s2_v1", 0 0;
v00000260a2ab11f0_0 .var "s2_valid", 0 0;
v00000260a2ab1970_0 .net "s2_word_sel", 3 0, L_00000260a32ba990;  1 drivers
v00000260a2ab0110_0 .var "state", 2 0;
v00000260a2ab0cf0 .array "tag_way0", 63 0, 19 0;
v00000260a2ab15b0 .array "tag_way1", 63 0, 19 0;
v00000260a2ab0a70 .array "valid_way0", 63 0, 0 0;
v00000260a2ab04d0 .array "valid_way1", 63 0, 0 0;
L_00000260a32b9e50 .cmp/eq 32, L_00000260a2d6cb30, L_00000260a32d5010;
L_00000260a32b9630 .part v00000260a2ab0c50_0, 6, 6;
L_00000260a32ba8f0 .part v00000260a2ab0390_0, 6, 6;
L_00000260a32b9bd0 .part v00000260a2ab0390_0, 12, 20;
L_00000260a32ba990 .part v00000260a2ab0390_0, 2, 4;
L_00000260a32bb750 .cmp/eq 20, v00000260a2ab1fb0_0, L_00000260a32b9bd0;
L_00000260a32b9310 .cmp/eq 20, v00000260a2ab0750_0, L_00000260a32b9bd0;
L_00000260a32b98b0 .reduce/nor v00000260a2ab5110_0;
L_00000260a32bb7f0 .functor MUXZ 8, L_00000260a32d50e8, L_00000260a32d50a0, L_00000260a2d72cc0, C4<>;
L_00000260a32ba0d0 .arith/sum 8, v00000260a2ab5570_0, L_00000260a32bb7f0;
L_00000260a32baf30 .cmp/ne 8, v00000260a2ab1b50_0, L_00000260a32ba0d0;
L_00000260a32b9a90 .cmp/eq 3, v00000260a2ab0110_0, L_00000260a32d5130;
L_00000260a32b9ef0 .reduce/nor L_00000260a2d78f30;
L_00000260a32ba5d0 .reduce/nor L_00000260a2d734a0;
L_00000260a32b9450 .reduce/nor L_00000260a2d6e0a0;
S_00000260a21829c0 .scope function.vec4.s32, "pick_word32" "pick_word32" 15 121, 15 121 0, S_00000260a2182ce0;
 .timescale -12 -12;
v00000260a2ab66f0_0 .var "line", 511 0;
; Variable pick_word32 is vec4 return value of scope S_00000260a21829c0
v00000260a2ab6830_0 .var "wsel", 3 0;
TD_icache_pipeline_tb.dut.u_icache.u_icache.pick_word32 ;
    %load/vec4 v00000260a2ab6830_0;
    %dup/vec4;
    %pushi/vec4 0, 0, 4;
    %cmp/u;
    %jmp/1 T_7.8, 6;
    %dup/vec4;
    %pushi/vec4 1, 0, 4;
    %cmp/u;
    %jmp/1 T_7.9, 6;
    %dup/vec4;
    %pushi/vec4 2, 0, 4;
    %cmp/u;
    %jmp/1 T_7.10, 6;
    %dup/vec4;
    %pushi/vec4 3, 0, 4;
    %cmp/u;
    %jmp/1 T_7.11, 6;
    %dup/vec4;
    %pushi/vec4 4, 0, 4;
    %cmp/u;
    %jmp/1 T_7.12, 6;
    %dup/vec4;
    %pushi/vec4 5, 0, 4;
    %cmp/u;
    %jmp/1 T_7.13, 6;
    %dup/vec4;
    %pushi/vec4 6, 0, 4;
    %cmp/u;
    %jmp/1 T_7.14, 6;
    %dup/vec4;
    %pushi/vec4 7, 0, 4;
    %cmp/u;
    %jmp/1 T_7.15, 6;
    %dup/vec4;
    %pushi/vec4 8, 0, 4;
    %cmp/u;
    %jmp/1 T_7.16, 6;
    %dup/vec4;
    %pushi/vec4 9, 0, 4;
    %cmp/u;
    %jmp/1 T_7.17, 6;
    %dup/vec4;
    %pushi/vec4 10, 0, 4;
    %cmp/u;
    %jmp/1 T_7.18, 6;
    %dup/vec4;
    %pushi/vec4 11, 0, 4;
    %cmp/u;
    %jmp/1 T_7.19, 6;
    %dup/vec4;
    %pushi/vec4 12, 0, 4;
    %cmp/u;
    %jmp/1 T_7.20, 6;
    %dup/vec4;
    %pushi/vec4 13, 0, 4;
    %cmp/u;
    %jmp/1 T_7.21, 6;
    %dup/vec4;
    %pushi/vec4 14, 0, 4;
    %cmp/u;
    %jmp/1 T_7.22, 6;
    %dup/vec4;
    %pushi/vec4 15, 0, 4;
    %cmp/u;
    %jmp/1 T_7.23, 6;
    %pushi/vec4 19, 0, 32;
    %ret/vec4 0, 0, 32;  Assign to pick_word32 (store_vec4_to_lval)
    %jmp T_7.25;
T_7.8 ;
    %load/vec4 v00000260a2ab66f0_0;
    %parti/s 32, 0, 2;
    %ret/vec4 0, 0, 32;  Assign to pick_word32 (store_vec4_to_lval)
    %jmp T_7.25;
T_7.9 ;
    %load/vec4 v00000260a2ab66f0_0;
    %parti/s 32, 32, 7;
    %ret/vec4 0, 0, 32;  Assign to pick_word32 (store_vec4_to_lval)
    %jmp T_7.25;
T_7.10 ;
    %load/vec4 v00000260a2ab66f0_0;
    %parti/s 32, 64, 8;
    %ret/vec4 0, 0, 32;  Assign to pick_word32 (store_vec4_to_lval)
    %jmp T_7.25;
T_7.11 ;
    %load/vec4 v00000260a2ab66f0_0;
    %parti/s 32, 96, 8;
    %ret/vec4 0, 0, 32;  Assign to pick_word32 (store_vec4_to_lval)
    %jmp T_7.25;
T_7.12 ;
    %load/vec4 v00000260a2ab66f0_0;
    %parti/s 32, 128, 9;
    %ret/vec4 0, 0, 32;  Assign to pick_word32 (store_vec4_to_lval)
    %jmp T_7.25;
T_7.13 ;
    %load/vec4 v00000260a2ab66f0_0;
    %parti/s 32, 160, 9;
    %ret/vec4 0, 0, 32;  Assign to pick_word32 (store_vec4_to_lval)
    %jmp T_7.25;
T_7.14 ;
    %load/vec4 v00000260a2ab66f0_0;
    %parti/s 32, 192, 9;
    %ret/vec4 0, 0, 32;  Assign to pick_word32 (store_vec4_to_lval)
    %jmp T_7.25;
T_7.15 ;
    %load/vec4 v00000260a2ab66f0_0;
    %parti/s 32, 224, 9;
    %ret/vec4 0, 0, 32;  Assign to pick_word32 (store_vec4_to_lval)
    %jmp T_7.25;
T_7.16 ;
    %load/vec4 v00000260a2ab66f0_0;
    %parti/s 32, 256, 10;
    %ret/vec4 0, 0, 32;  Assign to pick_word32 (store_vec4_to_lval)
    %jmp T_7.25;
T_7.17 ;
    %load/vec4 v00000260a2ab66f0_0;
    %parti/s 32, 288, 10;
    %ret/vec4 0, 0, 32;  Assign to pick_word32 (store_vec4_to_lval)
    %jmp T_7.25;
T_7.18 ;
    %load/vec4 v00000260a2ab66f0_0;
    %parti/s 32, 320, 10;
    %ret/vec4 0, 0, 32;  Assign to pick_word32 (store_vec4_to_lval)
    %jmp T_7.25;
T_7.19 ;
    %load/vec4 v00000260a2ab66f0_0;
    %parti/s 32, 352, 10;
    %ret/vec4 0, 0, 32;  Assign to pick_word32 (store_vec4_to_lval)
    %jmp T_7.25;
T_7.20 ;
    %load/vec4 v00000260a2ab66f0_0;
    %parti/s 32, 384, 10;
    %ret/vec4 0, 0, 32;  Assign to pick_word32 (store_vec4_to_lval)
    %jmp T_7.25;
T_7.21 ;
    %load/vec4 v00000260a2ab66f0_0;
    %parti/s 32, 416, 10;
    %ret/vec4 0, 0, 32;  Assign to pick_word32 (store_vec4_to_lval)
    %jmp T_7.25;
T_7.22 ;
    %load/vec4 v00000260a2ab66f0_0;
    %parti/s 32, 448, 10;
    %ret/vec4 0, 0, 32;  Assign to pick_word32 (store_vec4_to_lval)
    %jmp T_7.25;
T_7.23 ;
    %load/vec4 v00000260a2ab66f0_0;
    %parti/s 32, 480, 10;
    %ret/vec4 0, 0, 32;  Assign to pick_word32 (store_vec4_to_lval)
    %jmp T_7.25;
T_7.25 ;
    %pop/vec4 1;
    %end;
S_00000260a2183320 .scope module, "u_id" "id_stage" 4 1025, 16 38 0, S_00000260a3202f10;
 .timescale -9 -12;
    .port_info 0 /INPUT 1 "clk";
    .port_info 1 /INPUT 1 "rst_n";
    .port_info 2 /INPUT 32 "id_pc_i";
    .port_info 3 /INPUT 32 "id_instr_i";
    .port_info 4 /INPUT 1 "id_valid_i";
    .port_info 5 /INPUT 1 "id_stall_i";
    .port_info 6 /INPUT 2 "current_priv_i";
    .port_info 7 /INPUT 1 "wb_we_i";
    .port_info 8 /INPUT 5 "wb_rd_i";
    .port_info 9 /INPUT 32 "wb_wd_i";
    .port_info 10 /OUTPUT 32 "rs1_val_o";
    .port_info 11 /OUTPUT 32 "rs2_val_o";
    .port_info 12 /OUTPUT 32 "imm_o";
    .port_info 13 /OUTPUT 5 "rs1_o";
    .port_info 14 /OUTPUT 5 "rs2_o";
    .port_info 15 /OUTPUT 5 "rd_o";
    .port_info 16 /OUTPUT 4 "alu_op_o";
    .port_info 17 /OUTPUT 1 "alu_src_imm_o";
    .port_info 18 /OUTPUT 1 "branch_o";
    .port_info 19 /OUTPUT 1 "jal_o";
    .port_info 20 /OUTPUT 1 "jalr_o";
    .port_info 21 /OUTPUT 1 "mem_read_o";
    .port_info 22 /OUTPUT 1 "mem_write_o";
    .port_info 23 /OUTPUT 2 "wb_sel_o";
    .port_info 24 /OUTPUT 1 "reg_write_o";
    .port_info 25 /OUTPUT 3 "br_funct3_o";
    .port_info 26 /OUTPUT 32 "pc_o";
    .port_info 27 /OUTPUT 1 "id_ready_o";
    .port_info 28 /OUTPUT 1 "id_shift_right_o";
    .port_info 29 /OUTPUT 1 "id_shift_arith_o";
    .port_info 30 /OUTPUT 1 "id_is_auipc_o";
    .port_info 31 /OUTPUT 1 "id_is_lui_o";
    .port_info 32 /OUTPUT 3 "id_mem_funct3_o";
    .port_info 33 /OUTPUT 1 "id_csr_en_o";
    .port_info 34 /OUTPUT 3 "id_csr_cmd_o";
    .port_info 35 /OUTPUT 12 "id_csr_addr_o";
    .port_info 36 /OUTPUT 1 "id_ecall_o";
    .port_info 37 /OUTPUT 1 "id_ebreak_o";
    .port_info 38 /OUTPUT 1 "id_mret_o";
    .port_info 39 /OUTPUT 1 "id_illegal_o";
P_00000260a325b680 .param/l "ALU_ADD" 1 16 137, C4<0000>;
P_00000260a325b6b8 .param/l "ALU_AND" 1 16 143, C4<0110>;
P_00000260a325b6f0 .param/l "ALU_DIV" 1 16 149, C4<1100>;
P_00000260a325b728 .param/l "ALU_DIVU" 1 16 150, C4<1101>;
P_00000260a325b760 .param/l "ALU_MUL" 1 16 145, C4<1000>;
P_00000260a325b798 .param/l "ALU_MULH" 1 16 146, C4<1001>;
P_00000260a325b7d0 .param/l "ALU_MULHSU" 1 16 147, C4<1010>;
P_00000260a325b808 .param/l "ALU_MULHU" 1 16 148, C4<1011>;
P_00000260a325b840 .param/l "ALU_OR" 1 16 142, C4<0101>;
P_00000260a325b878 .param/l "ALU_REM" 1 16 151, C4<1110>;
P_00000260a325b8b0 .param/l "ALU_REMU" 1 16 152, C4<1111>;
P_00000260a325b8e8 .param/l "ALU_SLL" 1 16 144, C4<0111>;
P_00000260a325b920 .param/l "ALU_SLT" 1 16 139, C4<0010>;
P_00000260a325b958 .param/l "ALU_SLTU" 1 16 140, C4<0011>;
P_00000260a325b990 .param/l "ALU_SUB" 1 16 138, C4<0001>;
P_00000260a325b9c8 .param/l "ALU_XOR" 1 16 141, C4<0100>;
P_00000260a325ba00 .param/l "CSR_CMD_C" 1 16 163, C4<011>;
P_00000260a325ba38 .param/l "CSR_CMD_NONE" 1 16 160, C4<000>;
P_00000260a325ba70 .param/l "CSR_CMD_S" 1 16 162, C4<010>;
P_00000260a325baa8 .param/l "CSR_CMD_W" 1 16 161, C4<001>;
P_00000260a325bae0 .param/l "OP_AUIPC" 1 16 125, C4<0010111>;
P_00000260a325bb18 .param/l "OP_BRANCH" 1 16 128, C4<1100011>;
P_00000260a325bb50 .param/l "OP_JAL" 1 16 126, C4<1101111>;
P_00000260a325bb88 .param/l "OP_JALR" 1 16 127, C4<1100111>;
P_00000260a325bbc0 .param/l "OP_LOAD" 1 16 129, C4<0000011>;
P_00000260a325bbf8 .param/l "OP_LUI" 1 16 124, C4<0110111>;
P_00000260a325bc30 .param/l "OP_MISC_MEM" 1 16 133, C4<0001111>;
P_00000260a325bc68 .param/l "OP_OP" 1 16 132, C4<0110011>;
P_00000260a325bca0 .param/l "OP_OPIMM" 1 16 131, C4<0010011>;
P_00000260a325bcd8 .param/l "OP_STORE" 1 16 130, C4<0100011>;
P_00000260a325bd10 .param/l "OP_SYSTEM" 1 16 134, C4<1110011>;
P_00000260a325bd48 .param/l "PRIV_M" 1 16 165, C4<11>;
P_00000260a325bd80 .param/l "PRIV_U" 1 16 164, C4<00>;
P_00000260a325bdb8 .param/l "WB_ALU" 1 16 155, C4<00>;
P_00000260a325bdf0 .param/l "WB_MEM" 1 16 156, C4<01>;
P_00000260a325be28 .param/l "WB_PC4" 1 16 157, C4<10>;
L_00000260a3332630 .functor BUFZ 5, L_00000260a32b91d0, C4<00000>, C4<00000>, C4<00000>;
L_00000260a3332cc0 .functor BUFZ 5, L_00000260a32ba350, C4<00000>, C4<00000>, C4<00000>;
L_00000260a33326a0 .functor BUFZ 3, L_00000260a32badf0, C4<000>, C4<000>, C4<000>;
L_00000260a3332a20 .functor BUFZ 32, L_00000260a33324e0, C4<00000000000000000000000000000000>, C4<00000000000000000000000000000000>, C4<00000000000000000000000000000000>;
L_00000260a3331b40 .functor OR 1, L_00000260a32bdcd0, L_00000260a32bc3d0, C4<0>, C4<0>;
L_00000260a33316e0 .functor OR 1, L_00000260a3331b40, L_00000260a32bd0f0, C4<0>, C4<0>;
L_00000260a3332e10 .functor OR 1, L_00000260a33316e0, L_00000260a32bc510, C4<0>, C4<0>;
L_00000260a33327f0 .functor OR 1, L_00000260a3332e10, L_00000260a32bd730, C4<0>, C4<0>;
L_00000260a3331910 .functor OR 1, L_00000260a33327f0, L_00000260a32bb930, C4<0>, C4<0>;
L_00000260a3331d00 .functor OR 1, L_00000260a3331910, L_00000260a32bb9d0, C4<0>, C4<0>;
L_00000260a3332860 .functor OR 1, L_00000260a3331d00, L_00000260a32bc650, C4<0>, C4<0>;
L_00000260a3332d30 .functor OR 1, L_00000260a3332860, L_00000260a32bbb10, C4<0>, C4<0>;
L_00000260a33329b0 .functor OR 1, L_00000260a32bcb50, L_00000260a32bc790, C4<0>, C4<0>;
L_00000260a3332b00 .functor OR 1, L_00000260a32bca10, L_00000260a32bd690, C4<0>, C4<0>;
L_00000260a3332f60 .functor OR 1, L_00000260a32bcab0, L_00000260a32bd4b0, C4<0>, C4<0>;
L_00000260a3332fd0 .functor OR 1, L_00000260a3332b00, L_00000260a3332f60, C4<0>, C4<0>;
L_00000260a3333040 .functor AND 1, L_00000260a3332fd0, L_00000260a32bc290, C4<1>, C4<1>;
L_00000260a33330b0 .functor OR 1, L_00000260a33329b0, L_00000260a3333040, C4<0>, C4<0>;
L_00000260a3334c40 .functor NOT 1, L_00000260a333de60, C4<0>, C4<0>, C4<0>;
L_00000260a3333ba0 .functor AND 1, L_00000260a3331e50, L_00000260a3334c40, C4<1>, C4<1>;
L_00000260a33335f0 .functor AND 1, L_00000260a333cb90, L_00000260a32c0570, C4<1>, C4<1>;
L_00000260a3333890 .functor AND 1, L_00000260a33335f0, L_00000260a32bf670, C4<1>, C4<1>;
L_00000260a33341c0 .functor AND 1, L_00000260a333cb90, L_00000260a32be1d0, C4<1>, C4<1>;
L_00000260a33348c0 .functor AND 1, L_00000260a33341c0, L_00000260a32bed10, C4<1>, C4<1>;
v00000260a325e290_0 .net *"_ivl_101", 0 0, L_00000260a3331d00;  1 drivers
v00000260a325c0d0_0 .net *"_ivl_103", 11 0, L_00000260a32bdeb0;  1 drivers
L_00000260a32d56d0 .functor BUFT 1, C4<001101000100>, C4<0>, C4<0>, C4<0>;
v00000260a325d570_0 .net/2u *"_ivl_104", 11 0, L_00000260a32d56d0;  1 drivers
v00000260a325c8f0_0 .net *"_ivl_106", 0 0, L_00000260a32bc650;  1 drivers
v00000260a325ca30_0 .net *"_ivl_109", 0 0, L_00000260a3332860;  1 drivers
v00000260a325d390_0 .net *"_ivl_111", 11 0, L_00000260a32bc8d0;  1 drivers
L_00000260a32d5718 .functor BUFT 1, C4<111100010100>, C4<0>, C4<0>, C4<0>;
v00000260a325e010_0 .net/2u *"_ivl_112", 11 0, L_00000260a32d5718;  1 drivers
v00000260a325c170_0 .net *"_ivl_114", 0 0, L_00000260a32bbb10;  1 drivers
v00000260a325c670_0 .net *"_ivl_123", 1 0, L_00000260a32bd9b0;  1 drivers
L_00000260a32d5760 .functor BUFT 1, C4<11>, C4<0>, C4<0>, C4<0>;
v00000260a325e150_0 .net/2u *"_ivl_124", 1 0, L_00000260a32d5760;  1 drivers
L_00000260a32d57a8 .functor BUFT 1, C4<001>, C4<0>, C4<0>, C4<0>;
v00000260a325c350_0 .net/2u *"_ivl_130", 2 0, L_00000260a32d57a8;  1 drivers
v00000260a325e5b0_0 .net *"_ivl_132", 0 0, L_00000260a32bcb50;  1 drivers
L_00000260a32d57f0 .functor BUFT 1, C4<101>, C4<0>, C4<0>, C4<0>;
v00000260a325ce90_0 .net/2u *"_ivl_134", 2 0, L_00000260a32d57f0;  1 drivers
v00000260a325cad0_0 .net *"_ivl_136", 0 0, L_00000260a32bc790;  1 drivers
L_00000260a32d5838 .functor BUFT 1, C4<010>, C4<0>, C4<0>, C4<0>;
v00000260a325c3f0_0 .net/2u *"_ivl_140", 2 0, L_00000260a32d5838;  1 drivers
v00000260a325bef0_0 .net *"_ivl_142", 0 0, L_00000260a32bca10;  1 drivers
L_00000260a32d5880 .functor BUFT 1, C4<110>, C4<0>, C4<0>, C4<0>;
v00000260a325e650_0 .net/2u *"_ivl_144", 2 0, L_00000260a32d5880;  1 drivers
v00000260a325cf30_0 .net *"_ivl_146", 0 0, L_00000260a32bd690;  1 drivers
L_00000260a32d58c8 .functor BUFT 1, C4<011>, C4<0>, C4<0>, C4<0>;
v00000260a325cfd0_0 .net/2u *"_ivl_150", 2 0, L_00000260a32d58c8;  1 drivers
v00000260a325d610_0 .net *"_ivl_152", 0 0, L_00000260a32bcab0;  1 drivers
L_00000260a32d5910 .functor BUFT 1, C4<111>, C4<0>, C4<0>, C4<0>;
v00000260a325c490_0 .net/2u *"_ivl_154", 2 0, L_00000260a32d5910;  1 drivers
v00000260a325c530_0 .net *"_ivl_156", 0 0, L_00000260a32bd4b0;  1 drivers
v00000260a325c710_0 .net *"_ivl_165", 0 0, L_00000260a3332fd0;  1 drivers
L_00000260a32d5958 .functor BUFT 1, C4<00000>, C4<0>, C4<0>, C4<0>;
v00000260a325ccb0_0 .net/2u *"_ivl_166", 4 0, L_00000260a32d5958;  1 drivers
v00000260a325cd50_0 .net *"_ivl_168", 0 0, L_00000260a32bc290;  1 drivers
v00000260a325ded0_0 .net *"_ivl_171", 0 0, L_00000260a3333040;  1 drivers
v00000260a325bf90_0 .net *"_ivl_175", 0 0, L_00000260a32bd2d0;  1 drivers
v00000260a325d7f0_0 .net *"_ivl_176", 19 0, L_00000260a32bcbf0;  1 drivers
v00000260a325c7b0_0 .net *"_ivl_179", 11 0, L_00000260a32bda50;  1 drivers
v00000260a325d930_0 .net *"_ivl_183", 0 0, L_00000260a32bd550;  1 drivers
v00000260a325cb70_0 .net *"_ivl_184", 19 0, L_00000260a32bdc30;  1 drivers
v00000260a325e330_0 .net *"_ivl_187", 6 0, L_00000260a32bcc90;  1 drivers
v00000260a325d070_0 .net *"_ivl_189", 4 0, L_00000260a32bbbb0;  1 drivers
v00000260a325c030_0 .net *"_ivl_193", 0 0, L_00000260a32bc010;  1 drivers
v00000260a325d110_0 .net *"_ivl_194", 18 0, L_00000260a32bdff0;  1 drivers
v00000260a325df70_0 .net *"_ivl_197", 0 0, L_00000260a32bcdd0;  1 drivers
v00000260a325d890_0 .net *"_ivl_199", 0 0, L_00000260a32bcfb0;  1 drivers
v00000260a325d1b0_0 .net *"_ivl_201", 5 0, L_00000260a32bdf50;  1 drivers
v00000260a325d250_0 .net *"_ivl_203", 3 0, L_00000260a32bce70;  1 drivers
L_00000260a32d59a0 .functor BUFT 1, C4<0>, C4<0>, C4<0>, C4<0>;
v00000260a325d2f0_0 .net/2u *"_ivl_204", 0 0, L_00000260a32d59a0;  1 drivers
v00000260a325e3d0_0 .net *"_ivl_209", 19 0, L_00000260a32bbed0;  1 drivers
L_00000260a32d59e8 .functor BUFT 1, C4<000000000000>, C4<0>, C4<0>, C4<0>;
v00000260a325d4d0_0 .net/2u *"_ivl_210", 11 0, L_00000260a32d59e8;  1 drivers
v00000260a325e0b0_0 .net *"_ivl_215", 0 0, L_00000260a32bc150;  1 drivers
v00000260a325db10_0 .net *"_ivl_216", 10 0, L_00000260a32bbf70;  1 drivers
v00000260a325e1f0_0 .net *"_ivl_219", 0 0, L_00000260a32bd230;  1 drivers
v00000260a325e470_0 .net *"_ivl_221", 7 0, L_00000260a32bd370;  1 drivers
v00000260a3260130_0 .net *"_ivl_223", 0 0, L_00000260a32bd5f0;  1 drivers
v00000260a325f9b0_0 .net *"_ivl_225", 9 0, L_00000260a32bbc50;  1 drivers
L_00000260a32d5a30 .functor BUFT 1, C4<0>, C4<0>, C4<0>, C4<0>;
v00000260a325fc30_0 .net/2u *"_ivl_226", 0 0, L_00000260a32d5a30;  1 drivers
v00000260a3260590_0 .net *"_ivl_248", 0 0, L_00000260a3334c40;  1 drivers
L_00000260a32d5c28 .functor BUFT 1, C4<00000>, C4<0>, C4<0>, C4<0>;
v00000260a3260b30_0 .net/2u *"_ivl_254", 4 0, L_00000260a32d5c28;  1 drivers
v00000260a3260d10_0 .net *"_ivl_256", 0 0, L_00000260a32c0570;  1 drivers
v00000260a3260810_0 .net *"_ivl_259", 0 0, L_00000260a33335f0;  1 drivers
v00000260a325ef10_0 .net *"_ivl_260", 0 0, L_00000260a32bf670;  1 drivers
L_00000260a32d5c70 .functor BUFT 1, C4<00000>, C4<0>, C4<0>, C4<0>;
v00000260a32608b0_0 .net/2u *"_ivl_264", 4 0, L_00000260a32d5c70;  1 drivers
v00000260a325f2d0_0 .net *"_ivl_266", 0 0, L_00000260a32be1d0;  1 drivers
v00000260a3260a90_0 .net *"_ivl_269", 0 0, L_00000260a33341c0;  1 drivers
v00000260a325e8d0_0 .net *"_ivl_270", 0 0, L_00000260a32bed10;  1 drivers
L_00000260a32d5cb8 .functor BUFT 1, C4<000000000000000000000000000>, C4<0>, C4<0>, C4<0>;
v00000260a325fe10_0 .net/2u *"_ivl_276", 26 0, L_00000260a32d5cb8;  1 drivers
v00000260a325e970_0 .net *"_ivl_278", 31 0, L_00000260a32bee50;  1 drivers
L_00000260a32d5490 .functor BUFT 1, C4<00000>, C4<0>, C4<0>, C4<0>;
v00000260a325faf0_0 .net/2u *"_ivl_36", 4 0, L_00000260a32d5490;  1 drivers
v00000260a325fb90_0 .net *"_ivl_49", 11 0, L_00000260a32bdd70;  1 drivers
L_00000260a32d54d8 .functor BUFT 1, C4<001100000000>, C4<0>, C4<0>, C4<0>;
v00000260a325ec90_0 .net/2u *"_ivl_50", 11 0, L_00000260a32d54d8;  1 drivers
v00000260a3260950_0 .net *"_ivl_52", 0 0, L_00000260a32bdcd0;  1 drivers
v00000260a325ff50_0 .net *"_ivl_55", 11 0, L_00000260a32bcf10;  1 drivers
L_00000260a32d5520 .functor BUFT 1, C4<001100000100>, C4<0>, C4<0>, C4<0>;
v00000260a325feb0_0 .net/2u *"_ivl_56", 11 0, L_00000260a32d5520;  1 drivers
v00000260a3260bd0_0 .net *"_ivl_58", 0 0, L_00000260a32bc3d0;  1 drivers
v00000260a325ea10_0 .net *"_ivl_61", 0 0, L_00000260a3331b40;  1 drivers
v00000260a325efb0_0 .net *"_ivl_63", 11 0, L_00000260a32bdb90;  1 drivers
L_00000260a32d5568 .functor BUFT 1, C4<001100000101>, C4<0>, C4<0>, C4<0>;
v00000260a325fa50_0 .net/2u *"_ivl_64", 11 0, L_00000260a32d5568;  1 drivers
v00000260a325fcd0_0 .net *"_ivl_66", 0 0, L_00000260a32bd0f0;  1 drivers
v00000260a325f370_0 .net *"_ivl_69", 0 0, L_00000260a33316e0;  1 drivers
v00000260a3260c70_0 .net *"_ivl_71", 11 0, L_00000260a32bc830;  1 drivers
L_00000260a32d55b0 .functor BUFT 1, C4<001101000000>, C4<0>, C4<0>, C4<0>;
v00000260a32609f0_0 .net/2u *"_ivl_72", 11 0, L_00000260a32d55b0;  1 drivers
v00000260a325f410_0 .net *"_ivl_74", 0 0, L_00000260a32bc510;  1 drivers
v00000260a325ed30_0 .net *"_ivl_77", 0 0, L_00000260a3332e10;  1 drivers
v00000260a3260db0_0 .net *"_ivl_79", 11 0, L_00000260a32bc970;  1 drivers
L_00000260a32d55f8 .functor BUFT 1, C4<001101000001>, C4<0>, C4<0>, C4<0>;
v00000260a32604f0_0 .net/2u *"_ivl_80", 11 0, L_00000260a32d55f8;  1 drivers
v00000260a325fd70_0 .net *"_ivl_82", 0 0, L_00000260a32bd730;  1 drivers
v00000260a325edd0_0 .net *"_ivl_85", 0 0, L_00000260a33327f0;  1 drivers
v00000260a325f4b0_0 .net *"_ivl_87", 11 0, L_00000260a32bc6f0;  1 drivers
L_00000260a32d5640 .functor BUFT 1, C4<001101000010>, C4<0>, C4<0>, C4<0>;
v00000260a325f730_0 .net/2u *"_ivl_88", 11 0, L_00000260a32d5640;  1 drivers
v00000260a325fff0_0 .net *"_ivl_90", 0 0, L_00000260a32bb930;  1 drivers
v00000260a325e6f0_0 .net *"_ivl_93", 0 0, L_00000260a3331910;  1 drivers
v00000260a32603b0_0 .net *"_ivl_95", 11 0, L_00000260a32bd870;  1 drivers
L_00000260a32d5688 .functor BUFT 1, C4<001101000011>, C4<0>, C4<0>, C4<0>;
v00000260a3260090_0 .net/2u *"_ivl_96", 11 0, L_00000260a32d5688;  1 drivers
v00000260a325eb50_0 .net *"_ivl_98", 0 0, L_00000260a32bb9d0;  1 drivers
v00000260a325f7d0_0 .var "alu_op", 3 0;
v00000260a325eab0_0 .net "alu_op_o", 3 0, v00000260a325f7d0_0;  alias, 1 drivers
v00000260a325f550_0 .var "alu_src_imm", 0 0;
v00000260a325f050_0 .net "alu_src_imm_o", 0 0, v00000260a325f550_0;  alias, 1 drivers
v00000260a3260630_0 .net "br_funct3_o", 2 0, L_00000260a33326a0;  alias, 1 drivers
v00000260a32601d0_0 .var "branch", 0 0;
v00000260a3260310_0 .net "branch_o", 0 0, v00000260a32601d0_0;  alias, 1 drivers
v00000260a32606d0_0 .net "clk", 0 0, L_00000260a2d5a060;  alias, 1 drivers
v00000260a325e830_0 .net "csr_addr_supported", 0 0, L_00000260a3332d30;  1 drivers
v00000260a325f0f0_0 .net "csr_c_op", 0 0, L_00000260a3332f60;  1 drivers
v00000260a3260270_0 .var "csr_cmd", 2 0;
v00000260a325ebf0_0 .var "csr_en", 0 0;
v00000260a325ee70_0 .net "csr_imm_form", 0 0, L_00000260a32bd190;  1 drivers
v00000260a3260450_0 .net "csr_is_read_only", 0 0, L_00000260a32bd410;  1 drivers
v00000260a325e790_0 .net "csr_priv_ok", 0 0, L_00000260a32bde10;  1 drivers
v00000260a325f190_0 .net "csr_required_priv", 1 0, L_00000260a32bc470;  1 drivers
v00000260a3260e50_0 .net "csr_s_op", 0 0, L_00000260a3332b00;  1 drivers
v00000260a3260770_0 .var "csr_use_zimm", 0 0;
v00000260a325f230_0 .net "csr_w_op", 0 0, L_00000260a33329b0;  1 drivers
v00000260a325f5f0_0 .net "csr_would_write", 0 0, L_00000260a33330b0;  1 drivers
v00000260a325f690_0 .net "csr_write_operand", 4 0, L_00000260a32bd910;  1 drivers
v00000260a325f870_0 .net "csr_zimm", 4 0, L_00000260a32bcd30;  1 drivers
v00000260a325f910_0 .net "current_priv_i", 1 0, v00000260a316a4c0_0;  alias, 1 drivers
v00000260a3261ad0_0 .net "funct3", 2 0, L_00000260a32badf0;  1 drivers
v00000260a3261670_0 .net "funct7", 6 0, L_00000260a32bdaf0;  1 drivers
v00000260a3262610_0 .net "id_csr_addr_o", 11 0, L_00000260a32bd7d0;  alias, 1 drivers
v00000260a3261170_0 .net "id_csr_cmd_o", 2 0, v00000260a3260270_0;  alias, 1 drivers
v00000260a32622f0_0 .net "id_csr_en_o", 0 0, v00000260a325ebf0_0;  alias, 1 drivers
v00000260a32613f0_0 .net "id_ebreak_o", 0 0, v00000260a32629d0_0;  alias, 1 drivers
v00000260a3261710_0 .net "id_ecall_o", 0 0, v00000260a32617b0_0;  alias, 1 drivers
v00000260a3261490_0 .net "id_illegal_o", 0 0, v00000260a3263150_0;  alias, 1 drivers
v00000260a32627f0_0 .net "id_instr_i", 31 0, L_00000260a33321d0;  alias, 1 drivers
v00000260a3262750_0 .net "id_is_auipc_o", 0 0, v00000260a3262c50_0;  alias, 1 drivers
v00000260a32621b0_0 .net "id_is_lui_o", 0 0, v00000260a3262a70_0;  alias, 1 drivers
v00000260a32612b0_0 .net "id_mem_funct3_o", 2 0, v00000260a3263650_0;  alias, 1 drivers
v00000260a3262390_0 .net "id_mret_o", 0 0, v00000260a32615d0_0;  alias, 1 drivers
v00000260a3262ed0_0 .net "id_pc_i", 31 0, L_00000260a33324e0;  alias, 1 drivers
v00000260a3262930_0 .net "id_ready_o", 0 0, L_00000260a3333ba0;  alias, 1 drivers
v00000260a3261df0_0 .net "id_shift_arith_o", 0 0, v00000260a3262d90_0;  alias, 1 drivers
v00000260a3262250_0 .net "id_shift_right_o", 0 0, v00000260a32610d0_0;  alias, 1 drivers
v00000260a3261b70_0 .net "id_stall_i", 0 0, L_00000260a333de60;  alias, 1 drivers
v00000260a3263470_0 .net "id_valid_i", 0 0, L_00000260a3331e50;  alias, 1 drivers
v00000260a3263150_0 .var "illegal_instr", 0 0;
v00000260a3261c10_0 .var "imm", 31 0;
v00000260a3261530_0 .net "imm_b", 31 0, L_00000260a32bba70;  1 drivers
v00000260a3262070_0 .net "imm_i", 31 0, L_00000260a32bbcf0;  1 drivers
v00000260a3261f30_0 .net "imm_j", 31 0, L_00000260a32bc1f0;  1 drivers
v00000260a32633d0_0 .net "imm_o", 31 0, v00000260a3261c10_0;  alias, 1 drivers
v00000260a3261990_0 .net "imm_s", 31 0, L_00000260a32be090;  1 drivers
v00000260a3261350_0 .net "imm_u", 31 0, L_00000260a32bc5b0;  1 drivers
v00000260a3262c50_0 .var "is_auipc", 0 0;
v00000260a32629d0_0 .var "is_ebreak", 0 0;
v00000260a32617b0_0 .var "is_ecall", 0 0;
v00000260a3262a70_0 .var "is_lui", 0 0;
v00000260a32615d0_0 .var "is_mret", 0 0;
v00000260a3261fd0_0 .var "jal", 0 0;
v00000260a32626b0_0 .net "jal_o", 0 0, v00000260a3261fd0_0;  alias, 1 drivers
v00000260a32630b0_0 .var "jalr", 0 0;
v00000260a3261850_0 .net "jalr_o", 0 0, v00000260a32630b0_0;  alias, 1 drivers
v00000260a3263650_0 .var "mem_f3", 2 0;
v00000260a3262430_0 .var "mem_read", 0 0;
v00000260a32618f0_0 .net "mem_read_o", 0 0, v00000260a3262430_0;  alias, 1 drivers
v00000260a3262b10_0 .var "mem_write", 0 0;
v00000260a3262110_0 .net "mem_write_o", 0 0, v00000260a3262b10_0;  alias, 1 drivers
v00000260a3263510_0 .net "opcode", 6 0, L_00000260a32ba210;  1 drivers
v00000260a3261a30_0 .net "pc_o", 31 0, L_00000260a3332a20;  1 drivers
v00000260a32635b0_0 .net "rd", 4 0, L_00000260a32ba350;  1 drivers
v00000260a3262570_0 .net "rd_o", 4 0, L_00000260a3332cc0;  alias, 1 drivers
v00000260a3263010_0 .var "reg_write", 0 0;
v00000260a3261e90_0 .net "reg_write_o", 0 0, v00000260a3263010_0;  alias, 1 drivers
v00000260a3260ef0_0 .net "rs1", 4 0, L_00000260a32bae90;  1 drivers
v00000260a3260f90_0 .net "rs1_bypass", 31 0, L_00000260a32bfe90;  1 drivers
v00000260a3261030_0 .net "rs1_o", 4 0, L_00000260a32bd050;  alias, 1 drivers
v00000260a32624d0_0 .net "rs1_raw", 31 0, L_00000260a32bc330;  1 drivers
v00000260a3261cb0_0 .net "rs1_val_o", 31 0, L_00000260a32bea90;  alias, 1 drivers
v00000260a3262890_0 .net "rs2", 4 0, L_00000260a32b91d0;  1 drivers
v00000260a3262bb0_0 .net "rs2_o", 4 0, L_00000260a3332630;  alias, 1 drivers
v00000260a3261d50_0 .net "rs2_raw", 31 0, L_00000260a32c0250;  1 drivers
v00000260a3262cf0_0 .net "rs2_val_o", 31 0, L_00000260a32c0890;  alias, 1 drivers
v00000260a3261210_0 .net "rst_n", 0 0, L_00000260a32bb250;  alias, 1 drivers
v00000260a3262d90_0 .var "shift_arith", 0 0;
v00000260a32610d0_0 .var "shift_right", 0 0;
v00000260a3262e30_0 .net "wb_match_rs1", 0 0, L_00000260a3333890;  1 drivers
v00000260a3262f70_0 .net "wb_match_rs2", 0 0, L_00000260a33348c0;  1 drivers
v00000260a32631f0_0 .net "wb_rd_i", 4 0, L_00000260a333c650;  alias, 1 drivers
v00000260a3263290_0 .var "wb_sel", 1 0;
v00000260a3263330_0 .net "wb_sel_o", 1 0, v00000260a3263290_0;  alias, 1 drivers
v00000260a3264730_0 .net "wb_wd_i", 31 0, L_00000260a333d680;  alias, 1 drivers
v00000260a3263dd0_0 .net "wb_we_i", 0 0, L_00000260a333cb90;  alias, 1 drivers
E_00000260a31890f0/0 .event anyedge, v00000260a3263510_0, v00000260a3261350_0, v00000260a3261f30_0, v00000260a3262070_0;
E_00000260a31890f0/1 .event anyedge, v00000260a3261ad0_0, v00000260a3261530_0, v00000260a3261990_0, v00000260a3261670_0;
E_00000260a31890f0/2 .event anyedge, v00000260a32627f0_0, v00000260a325e830_0, v00000260a325e790_0, v00000260a3260450_0;
E_00000260a31890f0/3 .event anyedge, v00000260a325f5f0_0, v00000260a325ee70_0, v00000260a325d9d0_0, v00000260a32635b0_0;
E_00000260a31890f0/4 .event anyedge, v00000260a3168120_0, v00000260a3263150_0;
E_00000260a31890f0 .event/or E_00000260a31890f0/0, E_00000260a31890f0/1, E_00000260a31890f0/2, E_00000260a31890f0/3, E_00000260a31890f0/4;
L_00000260a32ba210 .part L_00000260a33321d0, 0, 7;
L_00000260a32ba350 .part L_00000260a33321d0, 7, 5;
L_00000260a32badf0 .part L_00000260a33321d0, 12, 3;
L_00000260a32bae90 .part L_00000260a33321d0, 15, 5;
L_00000260a32b91d0 .part L_00000260a33321d0, 20, 5;
L_00000260a32bdaf0 .part L_00000260a33321d0, 25, 7;
L_00000260a32bd7d0 .part L_00000260a33321d0, 20, 12;
L_00000260a32bd050 .functor MUXZ 5, L_00000260a32bae90, L_00000260a32d5490, v00000260a3260770_0, C4<>;
L_00000260a32bdd70 .part L_00000260a33321d0, 20, 12;
L_00000260a32bdcd0 .cmp/eq 12, L_00000260a32bdd70, L_00000260a32d54d8;
L_00000260a32bcf10 .part L_00000260a33321d0, 20, 12;
L_00000260a32bc3d0 .cmp/eq 12, L_00000260a32bcf10, L_00000260a32d5520;
L_00000260a32bdb90 .part L_00000260a33321d0, 20, 12;
L_00000260a32bd0f0 .cmp/eq 12, L_00000260a32bdb90, L_00000260a32d5568;
L_00000260a32bc830 .part L_00000260a33321d0, 20, 12;
L_00000260a32bc510 .cmp/eq 12, L_00000260a32bc830, L_00000260a32d55b0;
L_00000260a32bc970 .part L_00000260a33321d0, 20, 12;
L_00000260a32bd730 .cmp/eq 12, L_00000260a32bc970, L_00000260a32d55f8;
L_00000260a32bc6f0 .part L_00000260a33321d0, 20, 12;
L_00000260a32bb930 .cmp/eq 12, L_00000260a32bc6f0, L_00000260a32d5640;
L_00000260a32bd870 .part L_00000260a33321d0, 20, 12;
L_00000260a32bb9d0 .cmp/eq 12, L_00000260a32bd870, L_00000260a32d5688;
L_00000260a32bdeb0 .part L_00000260a33321d0, 20, 12;
L_00000260a32bc650 .cmp/eq 12, L_00000260a32bdeb0, L_00000260a32d56d0;
L_00000260a32bc8d0 .part L_00000260a33321d0, 20, 12;
L_00000260a32bbb10 .cmp/eq 12, L_00000260a32bc8d0, L_00000260a32d5718;
L_00000260a32bc470 .part L_00000260a33321d0, 28, 2;
L_00000260a32bde10 .cmp/ge 2, v00000260a316a4c0_0, L_00000260a32bc470;
L_00000260a32bd9b0 .part L_00000260a33321d0, 30, 2;
L_00000260a32bd410 .cmp/eq 2, L_00000260a32bd9b0, L_00000260a32d5760;
L_00000260a32bd190 .part L_00000260a32badf0, 2, 1;
L_00000260a32bcb50 .cmp/eq 3, L_00000260a32badf0, L_00000260a32d57a8;
L_00000260a32bc790 .cmp/eq 3, L_00000260a32badf0, L_00000260a32d57f0;
L_00000260a32bca10 .cmp/eq 3, L_00000260a32badf0, L_00000260a32d5838;
L_00000260a32bd690 .cmp/eq 3, L_00000260a32badf0, L_00000260a32d5880;
L_00000260a32bcab0 .cmp/eq 3, L_00000260a32badf0, L_00000260a32d58c8;
L_00000260a32bd4b0 .cmp/eq 3, L_00000260a32badf0, L_00000260a32d5910;
L_00000260a32bcd30 .part L_00000260a33321d0, 15, 5;
L_00000260a32bd910 .functor MUXZ 5, L_00000260a32bae90, L_00000260a32bcd30, L_00000260a32bd190, C4<>;
L_00000260a32bc290 .cmp/ne 5, L_00000260a32bd910, L_00000260a32d5958;
L_00000260a32bd2d0 .part L_00000260a33321d0, 31, 1;
LS_00000260a32bcbf0_0_0 .concat [ 1 1 1 1], L_00000260a32bd2d0, L_00000260a32bd2d0, L_00000260a32bd2d0, L_00000260a32bd2d0;
LS_00000260a32bcbf0_0_4 .concat [ 1 1 1 1], L_00000260a32bd2d0, L_00000260a32bd2d0, L_00000260a32bd2d0, L_00000260a32bd2d0;
LS_00000260a32bcbf0_0_8 .concat [ 1 1 1 1], L_00000260a32bd2d0, L_00000260a32bd2d0, L_00000260a32bd2d0, L_00000260a32bd2d0;
LS_00000260a32bcbf0_0_12 .concat [ 1 1 1 1], L_00000260a32bd2d0, L_00000260a32bd2d0, L_00000260a32bd2d0, L_00000260a32bd2d0;
LS_00000260a32bcbf0_0_16 .concat [ 1 1 1 1], L_00000260a32bd2d0, L_00000260a32bd2d0, L_00000260a32bd2d0, L_00000260a32bd2d0;
LS_00000260a32bcbf0_1_0 .concat [ 4 4 4 4], LS_00000260a32bcbf0_0_0, LS_00000260a32bcbf0_0_4, LS_00000260a32bcbf0_0_8, LS_00000260a32bcbf0_0_12;
LS_00000260a32bcbf0_1_4 .concat [ 4 0 0 0], LS_00000260a32bcbf0_0_16;
L_00000260a32bcbf0 .concat [ 16 4 0 0], LS_00000260a32bcbf0_1_0, LS_00000260a32bcbf0_1_4;
L_00000260a32bda50 .part L_00000260a33321d0, 20, 12;
L_00000260a32bbcf0 .concat [ 12 20 0 0], L_00000260a32bda50, L_00000260a32bcbf0;
L_00000260a32bd550 .part L_00000260a33321d0, 31, 1;
LS_00000260a32bdc30_0_0 .concat [ 1 1 1 1], L_00000260a32bd550, L_00000260a32bd550, L_00000260a32bd550, L_00000260a32bd550;
LS_00000260a32bdc30_0_4 .concat [ 1 1 1 1], L_00000260a32bd550, L_00000260a32bd550, L_00000260a32bd550, L_00000260a32bd550;
LS_00000260a32bdc30_0_8 .concat [ 1 1 1 1], L_00000260a32bd550, L_00000260a32bd550, L_00000260a32bd550, L_00000260a32bd550;
LS_00000260a32bdc30_0_12 .concat [ 1 1 1 1], L_00000260a32bd550, L_00000260a32bd550, L_00000260a32bd550, L_00000260a32bd550;
LS_00000260a32bdc30_0_16 .concat [ 1 1 1 1], L_00000260a32bd550, L_00000260a32bd550, L_00000260a32bd550, L_00000260a32bd550;
LS_00000260a32bdc30_1_0 .concat [ 4 4 4 4], LS_00000260a32bdc30_0_0, LS_00000260a32bdc30_0_4, LS_00000260a32bdc30_0_8, LS_00000260a32bdc30_0_12;
LS_00000260a32bdc30_1_4 .concat [ 4 0 0 0], LS_00000260a32bdc30_0_16;
L_00000260a32bdc30 .concat [ 16 4 0 0], LS_00000260a32bdc30_1_0, LS_00000260a32bdc30_1_4;
L_00000260a32bcc90 .part L_00000260a33321d0, 25, 7;
L_00000260a32bbbb0 .part L_00000260a33321d0, 7, 5;
L_00000260a32be090 .concat [ 5 7 20 0], L_00000260a32bbbb0, L_00000260a32bcc90, L_00000260a32bdc30;
L_00000260a32bc010 .part L_00000260a33321d0, 31, 1;
LS_00000260a32bdff0_0_0 .concat [ 1 1 1 1], L_00000260a32bc010, L_00000260a32bc010, L_00000260a32bc010, L_00000260a32bc010;
LS_00000260a32bdff0_0_4 .concat [ 1 1 1 1], L_00000260a32bc010, L_00000260a32bc010, L_00000260a32bc010, L_00000260a32bc010;
LS_00000260a32bdff0_0_8 .concat [ 1 1 1 1], L_00000260a32bc010, L_00000260a32bc010, L_00000260a32bc010, L_00000260a32bc010;
LS_00000260a32bdff0_0_12 .concat [ 1 1 1 1], L_00000260a32bc010, L_00000260a32bc010, L_00000260a32bc010, L_00000260a32bc010;
LS_00000260a32bdff0_0_16 .concat [ 1 1 1 0], L_00000260a32bc010, L_00000260a32bc010, L_00000260a32bc010;
LS_00000260a32bdff0_1_0 .concat [ 4 4 4 4], LS_00000260a32bdff0_0_0, LS_00000260a32bdff0_0_4, LS_00000260a32bdff0_0_8, LS_00000260a32bdff0_0_12;
LS_00000260a32bdff0_1_4 .concat [ 3 0 0 0], LS_00000260a32bdff0_0_16;
L_00000260a32bdff0 .concat [ 16 3 0 0], LS_00000260a32bdff0_1_0, LS_00000260a32bdff0_1_4;
L_00000260a32bcdd0 .part L_00000260a33321d0, 31, 1;
L_00000260a32bcfb0 .part L_00000260a33321d0, 7, 1;
L_00000260a32bdf50 .part L_00000260a33321d0, 25, 6;
L_00000260a32bce70 .part L_00000260a33321d0, 8, 4;
LS_00000260a32bba70_0_0 .concat [ 1 4 6 1], L_00000260a32d59a0, L_00000260a32bce70, L_00000260a32bdf50, L_00000260a32bcfb0;
LS_00000260a32bba70_0_4 .concat [ 1 19 0 0], L_00000260a32bcdd0, L_00000260a32bdff0;
L_00000260a32bba70 .concat [ 12 20 0 0], LS_00000260a32bba70_0_0, LS_00000260a32bba70_0_4;
L_00000260a32bbed0 .part L_00000260a33321d0, 12, 20;
L_00000260a32bc5b0 .concat [ 12 20 0 0], L_00000260a32d59e8, L_00000260a32bbed0;
L_00000260a32bc150 .part L_00000260a33321d0, 31, 1;
LS_00000260a32bbf70_0_0 .concat [ 1 1 1 1], L_00000260a32bc150, L_00000260a32bc150, L_00000260a32bc150, L_00000260a32bc150;
LS_00000260a32bbf70_0_4 .concat [ 1 1 1 1], L_00000260a32bc150, L_00000260a32bc150, L_00000260a32bc150, L_00000260a32bc150;
LS_00000260a32bbf70_0_8 .concat [ 1 1 1 0], L_00000260a32bc150, L_00000260a32bc150, L_00000260a32bc150;
L_00000260a32bbf70 .concat [ 4 4 3 0], LS_00000260a32bbf70_0_0, LS_00000260a32bbf70_0_4, LS_00000260a32bbf70_0_8;
L_00000260a32bd230 .part L_00000260a33321d0, 31, 1;
L_00000260a32bd370 .part L_00000260a33321d0, 12, 8;
L_00000260a32bd5f0 .part L_00000260a33321d0, 20, 1;
L_00000260a32bbc50 .part L_00000260a33321d0, 21, 10;
LS_00000260a32bc1f0_0_0 .concat [ 1 10 1 8], L_00000260a32d5a30, L_00000260a32bbc50, L_00000260a32bd5f0, L_00000260a32bd370;
LS_00000260a32bc1f0_0_4 .concat [ 1 11 0 0], L_00000260a32bd230, L_00000260a32bbf70;
L_00000260a32bc1f0 .concat [ 20 12 0 0], LS_00000260a32bc1f0_0_0, LS_00000260a32bc1f0_0_4;
L_00000260a32c0570 .cmp/ne 5, L_00000260a333c650, L_00000260a32d5c28;
L_00000260a32bf670 .cmp/eq 5, L_00000260a333c650, L_00000260a32bae90;
L_00000260a32be1d0 .cmp/ne 5, L_00000260a333c650, L_00000260a32d5c70;
L_00000260a32bed10 .cmp/eq 5, L_00000260a333c650, L_00000260a32b91d0;
L_00000260a32bfe90 .functor MUXZ 32, L_00000260a32bc330, L_00000260a333d680, L_00000260a3333890, C4<>;
L_00000260a32bee50 .concat [ 5 27 0 0], L_00000260a32bcd30, L_00000260a32d5cb8;
L_00000260a32bea90 .functor MUXZ 32, L_00000260a32bfe90, L_00000260a32bee50, v00000260a3260770_0, C4<>;
L_00000260a32c0890 .functor MUXZ 32, L_00000260a32c0250, L_00000260a333d680, L_00000260a33348c0, C4<>;
S_00000260a2183190 .scope module, "u_rf" "regfile" 16 539, 16 2 0, S_00000260a2183320;
 .timescale -9 -12;
    .port_info 0 /INPUT 1 "clk";
    .port_info 1 /INPUT 1 "rst_n";
    .port_info 2 /INPUT 5 "rs1_i";
    .port_info 3 /INPUT 5 "rs2_i";
    .port_info 4 /OUTPUT 32 "rs1_o";
    .port_info 5 /OUTPUT 32 "rs2_o";
    .port_info 6 /INPUT 1 "we_i";
    .port_info 7 /INPUT 5 "rd_i";
    .port_info 8 /INPUT 32 "wd_i";
L_00000260a32d5a78 .functor BUFT 1, C4<00000>, C4<0>, C4<0>, C4<0>;
v00000260a2ab1d30_0 .net/2u *"_ivl_0", 4 0, L_00000260a32d5a78;  1 drivers
L_00000260a32d5b08 .functor BUFT 1, C4<00>, C4<0>, C4<0>, C4<0>;
v00000260a2ab2370_0 .net *"_ivl_11", 1 0, L_00000260a32d5b08;  1 drivers
L_00000260a32d5b50 .functor BUFT 1, C4<00000>, C4<0>, C4<0>, C4<0>;
v00000260a2ab2410_0 .net/2u *"_ivl_14", 4 0, L_00000260a32d5b50;  1 drivers
v00000260a2ab2730_0 .net *"_ivl_16", 0 0, L_00000260a32be310;  1 drivers
L_00000260a32d5b98 .functor BUFT 1, C4<00000000000000000000000000000000>, C4<0>, C4<0>, C4<0>;
v00000260a2ab27d0_0 .net/2u *"_ivl_18", 31 0, L_00000260a32d5b98;  1 drivers
v00000260a325cc10_0 .net *"_ivl_2", 0 0, L_00000260a32bbd90;  1 drivers
v00000260a325dcf0_0 .net *"_ivl_20", 31 0, L_00000260a32be130;  1 drivers
v00000260a325dbb0_0 .net *"_ivl_22", 6 0, L_00000260a32bec70;  1 drivers
L_00000260a32d5be0 .functor BUFT 1, C4<00>, C4<0>, C4<0>, C4<0>;
v00000260a325e510_0 .net *"_ivl_25", 1 0, L_00000260a32d5be0;  1 drivers
L_00000260a32d5ac0 .functor BUFT 1, C4<00000000000000000000000000000000>, C4<0>, C4<0>, C4<0>;
v00000260a325dc50_0 .net/2u *"_ivl_4", 31 0, L_00000260a32d5ac0;  1 drivers
v00000260a325c5d0_0 .net *"_ivl_6", 31 0, L_00000260a32bbe30;  1 drivers
v00000260a325d6b0_0 .net *"_ivl_8", 6 0, L_00000260a32bc0b0;  1 drivers
v00000260a325dd90_0 .net "clk", 0 0, L_00000260a2d5a060;  alias, 1 drivers
v00000260a325c990_0 .var/i "i", 31 0;
v00000260a325c2b0_0 .net "rd_i", 4 0, L_00000260a333c650;  alias, 1 drivers
v00000260a325de30 .array "rf", 0 31, 31 0;
v00000260a325d9d0_0 .net "rs1_i", 4 0, L_00000260a32bae90;  alias, 1 drivers
v00000260a325da70_0 .net "rs1_o", 31 0, L_00000260a32bc330;  alias, 1 drivers
v00000260a325c210_0 .net "rs2_i", 4 0, L_00000260a32b91d0;  alias, 1 drivers
v00000260a325d750_0 .net "rs2_o", 31 0, L_00000260a32c0250;  alias, 1 drivers
v00000260a325cdf0_0 .net "rst_n", 0 0, L_00000260a32bb250;  alias, 1 drivers
v00000260a325c850_0 .net "wd_i", 31 0, L_00000260a333d680;  alias, 1 drivers
v00000260a325d430_0 .net "we_i", 0 0, L_00000260a333cb90;  alias, 1 drivers
L_00000260a32bbd90 .cmp/eq 5, L_00000260a32bae90, L_00000260a32d5a78;
L_00000260a32bbe30 .array/port v00000260a325de30, L_00000260a32bc0b0;
L_00000260a32bc0b0 .concat [ 5 2 0 0], L_00000260a32bae90, L_00000260a32d5b08;
L_00000260a32bc330 .functor MUXZ 32, L_00000260a32bbe30, L_00000260a32d5ac0, L_00000260a32bbd90, C4<>;
L_00000260a32be310 .cmp/eq 5, L_00000260a32b91d0, L_00000260a32d5b50;
L_00000260a32be130 .array/port v00000260a325de30, L_00000260a32bec70;
L_00000260a32bec70 .concat [ 5 2 0 0], L_00000260a32b91d0, L_00000260a32d5be0;
L_00000260a32c0250 .functor MUXZ 32, L_00000260a32be130, L_00000260a32d5b98, L_00000260a32be310, C4<>;
S_00000260a2182b50 .scope module, "u_id_ex" "id_ex_reg" 4 1115, 17 3 0, S_00000260a3202f10;
 .timescale -9 -12;
    .port_info 0 /INPUT 1 "clk";
    .port_info 1 /INPUT 1 "rst_n";
    .port_info 2 /INPUT 1 "stall_i";
    .port_info 3 /INPUT 1 "flush_i";
    .port_info 4 /INPUT 1 "redirect_valid_i";
    .port_info 5 /INPUT 1 "id_valid_i";
    .port_info 6 /INPUT 32 "id_pc_i";
    .port_info 7 /INPUT 32 "id_rs1_val_i";
    .port_info 8 /INPUT 32 "id_rs2_val_i";
    .port_info 9 /INPUT 32 "id_imm_i";
    .port_info 10 /INPUT 5 "id_rs1_i";
    .port_info 11 /INPUT 5 "id_rs2_i";
    .port_info 12 /INPUT 5 "id_rd_i";
    .port_info 13 /INPUT 4 "id_alu_op_i";
    .port_info 14 /INPUT 1 "id_alu_src_imm_i";
    .port_info 15 /INPUT 1 "id_branch_i";
    .port_info 16 /INPUT 1 "id_jal_i";
    .port_info 17 /INPUT 1 "id_jalr_i";
    .port_info 18 /INPUT 1 "id_mem_read_i";
    .port_info 19 /INPUT 1 "id_mem_write_i";
    .port_info 20 /INPUT 2 "id_wb_sel_i";
    .port_info 21 /INPUT 1 "id_reg_write_i";
    .port_info 22 /INPUT 3 "id_br_funct3_i";
    .port_info 23 /INPUT 1 "id_shift_right_i";
    .port_info 24 /INPUT 1 "id_shift_arith_i";
    .port_info 25 /INPUT 1 "id_is_auipc_i";
    .port_info 26 /INPUT 1 "id_is_lui_i";
    .port_info 27 /INPUT 3 "id_mem_funct3_i";
    .port_info 28 /INPUT 1 "id_csr_en_i";
    .port_info 29 /INPUT 3 "id_csr_cmd_i";
    .port_info 30 /INPUT 12 "id_csr_addr_i";
    .port_info 31 /INPUT 1 "id_ecall_i";
    .port_info 32 /INPUT 1 "id_ebreak_i";
    .port_info 33 /INPUT 1 "id_mret_i";
    .port_info 34 /INPUT 1 "id_illegal_i";
    .port_info 35 /INPUT 1 "id_pred_taken_i";
    .port_info 36 /INPUT 32 "id_pred_target_i";
    .port_info 37 /OUTPUT 3 "ex_mem_funct3_o";
    .port_info 38 /OUTPUT 1 "ex_shift_right_o";
    .port_info 39 /OUTPUT 1 "ex_shift_arith_o";
    .port_info 40 /OUTPUT 1 "ex_is_auipc_o";
    .port_info 41 /OUTPUT 1 "ex_is_lui_o";
    .port_info 42 /OUTPUT 1 "ex_csr_en_o";
    .port_info 43 /OUTPUT 3 "ex_csr_cmd_o";
    .port_info 44 /OUTPUT 12 "ex_csr_addr_o";
    .port_info 45 /OUTPUT 1 "ex_ecall_o";
    .port_info 46 /OUTPUT 1 "ex_ebreak_o";
    .port_info 47 /OUTPUT 1 "ex_mret_o";
    .port_info 48 /OUTPUT 1 "ex_illegal_o";
    .port_info 49 /OUTPUT 32 "ex_pc_o";
    .port_info 50 /OUTPUT 32 "ex_rs1_val_o";
    .port_info 51 /OUTPUT 32 "ex_rs2_val_o";
    .port_info 52 /OUTPUT 32 "ex_imm_o";
    .port_info 53 /OUTPUT 5 "ex_rs1_o";
    .port_info 54 /OUTPUT 5 "ex_rs2_o";
    .port_info 55 /OUTPUT 5 "ex_rd_o";
    .port_info 56 /OUTPUT 4 "ex_alu_op_o";
    .port_info 57 /OUTPUT 1 "ex_alu_src_imm_o";
    .port_info 58 /OUTPUT 1 "ex_branch_o";
    .port_info 59 /OUTPUT 1 "ex_jal_o";
    .port_info 60 /OUTPUT 1 "ex_jalr_o";
    .port_info 61 /OUTPUT 1 "ex_mem_read_o";
    .port_info 62 /OUTPUT 1 "ex_mem_write_o";
    .port_info 63 /OUTPUT 2 "ex_wb_sel_o";
    .port_info 64 /OUTPUT 1 "ex_reg_write_o";
    .port_info 65 /OUTPUT 3 "ex_br_funct3_o";
    .port_info 66 /OUTPUT 1 "ex_pred_taken_o";
    .port_info 67 /OUTPUT 32 "ex_pred_target_o";
    .port_info 68 /OUTPUT 1 "ex_valid_o";
P_00000260a3189230 .param/l "WB_ALU" 1 17 87, C4<00>;
L_00000260a32d5d90 .functor BUFT 1, C4<0>, C4<0>, C4<0>, C4<0>;
L_00000260a3333ac0 .functor OR 1, L_00000260a333f0c0, L_00000260a32d5d90, C4<0>, C4<0>;
L_00000260a3333970 .functor BUFZ 32, v00000260a326a3b0_0, C4<00000000000000000000000000000000>, C4<00000000000000000000000000000000>, C4<00000000000000000000000000000000>;
L_00000260a3333e40 .functor BUFZ 32, v00000260a3269550_0, C4<00000000000000000000000000000000>, C4<00000000000000000000000000000000>, C4<00000000000000000000000000000000>;
L_00000260a3333c80 .functor BUFZ 32, v00000260a326b990_0, C4<00000000000000000000000000000000>, C4<00000000000000000000000000000000>, C4<00000000000000000000000000000000>;
L_00000260a3334700 .functor BUFZ 32, v00000260a3269690_0, C4<00000000000000000000000000000000>, C4<00000000000000000000000000000000>, C4<00000000000000000000000000000000>;
L_00000260a3333f90 .functor BUFZ 5, v00000260a326bd50_0, C4<00000>, C4<00000>, C4<00000>;
L_00000260a3334cb0 .functor BUFZ 5, v00000260a326af90_0, C4<00000>, C4<00000>, C4<00000>;
L_00000260a3333820 .functor BUFZ 5, v00000260a3269370_0, C4<00000>, C4<00000>, C4<00000>;
L_00000260a3333d60 .functor BUFZ 4, v00000260a3267bb0_0, C4<0000>, C4<0000>, C4<0000>;
L_00000260a3334770 .functor BUFZ 1, v00000260a3266850_0, C4<0>, C4<0>, C4<0>;
L_00000260a3333200 .functor BUFZ 1, v00000260a32683d0_0, C4<0>, C4<0>, C4<0>;
L_00000260a3333900 .functor BUFZ 1, v00000260a3269730_0, C4<0>, C4<0>, C4<0>;
L_00000260a3334150 .functor BUFZ 1, v00000260a326a4f0_0, C4<0>, C4<0>, C4<0>;
L_00000260a33339e0 .functor BUFZ 1, v00000260a326ae50_0, C4<0>, C4<0>, C4<0>;
L_00000260a3334070 .functor BUFZ 1, v00000260a3268bf0_0, C4<0>, C4<0>, C4<0>;
L_00000260a3334d20 .functor BUFZ 2, v00000260a326b530_0, C4<00>, C4<00>, C4<00>;
L_00000260a33336d0 .functor BUFZ 1, v00000260a3268f10_0, C4<0>, C4<0>, C4<0>;
L_00000260a33342a0 .functor BUFZ 3, v00000260a3266df0_0, C4<000>, C4<000>, C4<000>;
L_00000260a3334460 .functor BUFZ 1, v00000260a326ab30_0, C4<0>, C4<0>, C4<0>;
L_00000260a3333c10 .functor BUFZ 32, v00000260a326ad10_0, C4<00000000000000000000000000000000>, C4<00000000000000000000000000000000>, C4<00000000000000000000000000000000>;
L_00000260a3333190 .functor BUFZ 1, v00000260a326b170_0, C4<0>, C4<0>, C4<0>;
L_00000260a3334310 .functor BUFZ 1, v00000260a326b490_0, C4<0>, C4<0>, C4<0>;
L_00000260a3334380 .functor BUFZ 1, v00000260a326aef0_0, C4<0>, C4<0>, C4<0>;
L_00000260a33343f0 .functor BUFZ 1, v00000260a3269a50_0, C4<0>, C4<0>, C4<0>;
L_00000260a3334620 .functor BUFZ 1, v00000260a326a950_0, C4<0>, C4<0>, C4<0>;
L_00000260a33347e0 .functor BUFZ 1, v00000260a3267390_0, C4<0>, C4<0>, C4<0>;
L_00000260a33344d0 .functor BUFZ 3, v00000260a32668f0_0, C4<000>, C4<000>, C4<000>;
L_00000260a3334540 .functor BUFZ 12, v00000260a3267610_0, C4<000000000000>, C4<000000000000>, C4<000000000000>;
L_00000260a33345b0 .functor BUFZ 1, v00000260a3266710_0, C4<0>, C4<0>, C4<0>;
L_00000260a3334850 .functor BUFZ 1, v00000260a3266170_0, C4<0>, C4<0>, C4<0>;
L_00000260a33332e0 .functor BUFZ 1, v00000260a326a310_0, C4<0>, C4<0>, C4<0>;
L_00000260a3334a10 .functor BUFZ 1, v00000260a326a6d0_0, C4<0>, C4<0>, C4<0>;
L_00000260a3333270 .functor BUFZ 3, v00000260a3268b50_0, C4<000>, C4<000>, C4<000>;
L_00000260a32d5e20 .functor BUFT 1, C4<00000000000000000000000000000000>, C4<0>, C4<0>, C4<0>;
v00000260a3265810_0 .net/2u *"_ivl_10", 31 0, L_00000260a32d5e20;  1 drivers
L_00000260a32d6258 .functor BUFT 1, C4<0>, C4<0>, C4<0>, C4<0>;
v00000260a32658b0_0 .net/2u *"_ivl_100", 0 0, L_00000260a32d6258;  1 drivers
v00000260a3265770_0 .net *"_ivl_102", 0 0, L_00000260a32bfa30;  1 drivers
L_00000260a32d62a0 .functor BUFT 1, C4<000>, C4<0>, C4<0>, C4<0>;
v00000260a3264190_0 .net/2u *"_ivl_106", 2 0, L_00000260a32d62a0;  1 drivers
v00000260a3263c90_0 .net *"_ivl_108", 2 0, L_00000260a32bfb70;  1 drivers
L_00000260a32d62e8 .functor BUFT 1, C4<0>, C4<0>, C4<0>, C4<0>;
v00000260a3264af0_0 .net/2u *"_ivl_112", 0 0, L_00000260a32d62e8;  1 drivers
v00000260a3264b90_0 .net *"_ivl_114", 0 0, L_00000260a32c0390;  1 drivers
L_00000260a32d6330 .functor BUFT 1, C4<0>, C4<0>, C4<0>, C4<0>;
v00000260a3263d30_0 .net/2u *"_ivl_118", 0 0, L_00000260a32d6330;  1 drivers
v00000260a3265950_0 .net *"_ivl_12", 31 0, L_00000260a32bef90;  1 drivers
v00000260a32649b0_0 .net *"_ivl_120", 0 0, L_00000260a32c0070;  1 drivers
L_00000260a32d6378 .functor BUFT 1, C4<0>, C4<0>, C4<0>, C4<0>;
v00000260a3264690_0 .net/2u *"_ivl_124", 0 0, L_00000260a32d6378;  1 drivers
v00000260a32638d0_0 .net *"_ivl_126", 0 0, L_00000260a32c01b0;  1 drivers
L_00000260a32d63c0 .functor BUFT 1, C4<0>, C4<0>, C4<0>, C4<0>;
v00000260a3264e10_0 .net/2u *"_ivl_130", 0 0, L_00000260a32d63c0;  1 drivers
v00000260a32645f0_0 .net *"_ivl_132", 0 0, L_00000260a32c06b0;  1 drivers
L_00000260a32d6408 .functor BUFT 1, C4<0>, C4<0>, C4<0>, C4<0>;
v00000260a3265a90_0 .net/2u *"_ivl_136", 0 0, L_00000260a32d6408;  1 drivers
v00000260a3265c70_0 .net *"_ivl_138", 0 0, L_00000260a32c1650;  1 drivers
L_00000260a32d6450 .functor BUFT 1, C4<0>, C4<0>, C4<0>, C4<0>;
v00000260a32659f0_0 .net/2u *"_ivl_142", 0 0, L_00000260a32d6450;  1 drivers
v00000260a3264230_0 .net *"_ivl_144", 0 0, L_00000260a32c0a70;  1 drivers
L_00000260a32d6498 .functor BUFT 1, C4<000>, C4<0>, C4<0>, C4<0>;
v00000260a3265b30_0 .net/2u *"_ivl_148", 2 0, L_00000260a32d6498;  1 drivers
v00000260a32654f0_0 .net *"_ivl_150", 2 0, L_00000260a32c2910;  1 drivers
L_00000260a32d64e0 .functor BUFT 1, C4<000000000000>, C4<0>, C4<0>, C4<0>;
v00000260a3264c30_0 .net/2u *"_ivl_154", 11 0, L_00000260a32d64e0;  1 drivers
v00000260a3265590_0 .net *"_ivl_156", 11 0, L_00000260a32c3090;  1 drivers
L_00000260a32d5e68 .functor BUFT 1, C4<00000000000000000000000000000000>, C4<0>, C4<0>, C4<0>;
v00000260a32642d0_0 .net/2u *"_ivl_16", 31 0, L_00000260a32d5e68;  1 drivers
L_00000260a32d6528 .functor BUFT 1, C4<0>, C4<0>, C4<0>, C4<0>;
v00000260a3265d10_0 .net/2u *"_ivl_160", 0 0, L_00000260a32d6528;  1 drivers
v00000260a32651d0_0 .net *"_ivl_162", 0 0, L_00000260a32c2a50;  1 drivers
L_00000260a32d6570 .functor BUFT 1, C4<0>, C4<0>, C4<0>, C4<0>;
v00000260a3263fb0_0 .net/2u *"_ivl_166", 0 0, L_00000260a32d6570;  1 drivers
v00000260a3263b50_0 .net *"_ivl_168", 0 0, L_00000260a32c2af0;  1 drivers
L_00000260a32d65b8 .functor BUFT 1, C4<0>, C4<0>, C4<0>, C4<0>;
v00000260a3264cd0_0 .net/2u *"_ivl_172", 0 0, L_00000260a32d65b8;  1 drivers
v00000260a3265bd0_0 .net *"_ivl_174", 0 0, L_00000260a32c0ed0;  1 drivers
L_00000260a32d6600 .functor BUFT 1, C4<0>, C4<0>, C4<0>, C4<0>;
v00000260a3263ab0_0 .net/2u *"_ivl_178", 0 0, L_00000260a32d6600;  1 drivers
v00000260a3264d70_0 .net *"_ivl_18", 31 0, L_00000260a32be4f0;  1 drivers
v00000260a3264050_0 .net *"_ivl_180", 0 0, L_00000260a32c0d90;  1 drivers
L_00000260a32d6648 .functor BUFT 1, C4<0>, C4<0>, C4<0>, C4<0>;
v00000260a32647d0_0 .net/2u *"_ivl_184", 0 0, L_00000260a32d6648;  1 drivers
v00000260a3264370_0 .net *"_ivl_186", 0 0, L_00000260a32c1dd0;  1 drivers
L_00000260a32d6690 .functor BUFT 1, C4<00000000000000000000000000000000>, C4<0>, C4<0>, C4<0>;
v00000260a3264410_0 .net/2u *"_ivl_190", 31 0, L_00000260a32d6690;  1 drivers
v00000260a3264a50_0 .net *"_ivl_192", 31 0, L_00000260a32c1510;  1 drivers
L_00000260a32d5eb0 .functor BUFT 1, C4<00000000000000000000000000000000>, C4<0>, C4<0>, C4<0>;
v00000260a32640f0_0 .net/2u *"_ivl_22", 31 0, L_00000260a32d5eb0;  1 drivers
v00000260a32644b0_0 .net *"_ivl_24", 31 0, L_00000260a32bf8f0;  1 drivers
L_00000260a32d5ef8 .functor BUFT 1, C4<010>, C4<0>, C4<0>, C4<0>;
v00000260a32636f0_0 .net/2u *"_ivl_28", 2 0, L_00000260a32d5ef8;  1 drivers
v00000260a3265db0_0 .net *"_ivl_30", 2 0, L_00000260a32be590;  1 drivers
L_00000260a32d5f40 .functor BUFT 1, C4<00000>, C4<0>, C4<0>, C4<0>;
v00000260a3265e50_0 .net/2u *"_ivl_34", 4 0, L_00000260a32d5f40;  1 drivers
v00000260a3264eb0_0 .net *"_ivl_36", 4 0, L_00000260a32bf0d0;  1 drivers
L_00000260a32d5dd8 .functor BUFT 1, C4<00000000000000000000000000000000>, C4<0>, C4<0>, C4<0>;
v00000260a3263e70_0 .net/2u *"_ivl_4", 31 0, L_00000260a32d5dd8;  1 drivers
L_00000260a32d5f88 .functor BUFT 1, C4<00000>, C4<0>, C4<0>, C4<0>;
v00000260a3264f50_0 .net/2u *"_ivl_40", 4 0, L_00000260a32d5f88;  1 drivers
v00000260a3265270_0 .net *"_ivl_42", 4 0, L_00000260a32bf170;  1 drivers
L_00000260a32d5fd0 .functor BUFT 1, C4<00000>, C4<0>, C4<0>, C4<0>;
v00000260a3263bf0_0 .net/2u *"_ivl_46", 4 0, L_00000260a32d5fd0;  1 drivers
v00000260a3264550_0 .net *"_ivl_48", 4 0, L_00000260a32bf710;  1 drivers
L_00000260a32d6018 .functor BUFT 1, C4<0000>, C4<0>, C4<0>, C4<0>;
v00000260a3263a10_0 .net/2u *"_ivl_52", 3 0, L_00000260a32d6018;  1 drivers
v00000260a3263790_0 .net *"_ivl_54", 3 0, L_00000260a32be270;  1 drivers
L_00000260a32d6060 .functor BUFT 1, C4<0>, C4<0>, C4<0>, C4<0>;
v00000260a3264ff0_0 .net/2u *"_ivl_58", 0 0, L_00000260a32d6060;  1 drivers
v00000260a3264870_0 .net *"_ivl_6", 31 0, L_00000260a32bf7b0;  1 drivers
v00000260a3263830_0 .net *"_ivl_60", 0 0, L_00000260a32be6d0;  1 drivers
L_00000260a32d60a8 .functor BUFT 1, C4<0>, C4<0>, C4<0>, C4<0>;
v00000260a3265630_0 .net/2u *"_ivl_64", 0 0, L_00000260a32d60a8;  1 drivers
v00000260a3264910_0 .net *"_ivl_66", 0 0, L_00000260a32bff30;  1 drivers
L_00000260a32d60f0 .functor BUFT 1, C4<0>, C4<0>, C4<0>, C4<0>;
v00000260a3263f10_0 .net/2u *"_ivl_70", 0 0, L_00000260a32d60f0;  1 drivers
v00000260a3265090_0 .net *"_ivl_72", 0 0, L_00000260a32be770;  1 drivers
L_00000260a32d6138 .functor BUFT 1, C4<0>, C4<0>, C4<0>, C4<0>;
v00000260a3265130_0 .net/2u *"_ivl_76", 0 0, L_00000260a32d6138;  1 drivers
v00000260a3263970_0 .net *"_ivl_78", 0 0, L_00000260a32c02f0;  1 drivers
L_00000260a32d6180 .functor BUFT 1, C4<0>, C4<0>, C4<0>, C4<0>;
v00000260a3265310_0 .net/2u *"_ivl_82", 0 0, L_00000260a32d6180;  1 drivers
v00000260a32653b0_0 .net *"_ivl_84", 0 0, L_00000260a32bfdf0;  1 drivers
L_00000260a32d61c8 .functor BUFT 1, C4<0>, C4<0>, C4<0>, C4<0>;
v00000260a3265450_0 .net/2u *"_ivl_88", 0 0, L_00000260a32d61c8;  1 drivers
v00000260a32656d0_0 .net *"_ivl_90", 0 0, L_00000260a32be9f0;  1 drivers
L_00000260a32d6210 .functor BUFT 1, C4<00>, C4<0>, C4<0>, C4<0>;
v00000260a3268330_0 .net/2u *"_ivl_94", 1 0, L_00000260a32d6210;  1 drivers
v00000260a3267070_0 .net *"_ivl_96", 1 0, L_00000260a32c07f0;  1 drivers
v00000260a3266a30_0 .net "alu_op_d", 3 0, L_00000260a32c04d0;  1 drivers
v00000260a3267bb0_0 .var "alu_op_q", 3 0;
v00000260a3267430_0 .net "alu_src_d", 0 0, L_00000260a32bf210;  1 drivers
v00000260a3266850_0 .var "alu_src_imm_q", 0 0;
v00000260a3267570_0 .net "br_f3_d", 2 0, L_00000260a32bfc10;  1 drivers
v00000260a3266df0_0 .var "br_funct3_q", 2 0;
v00000260a3266030_0 .net "branch_d", 0 0, L_00000260a32bf2b0;  1 drivers
v00000260a32683d0_0 .var "branch_q", 0 0;
v00000260a3267930_0 .net "clk", 0 0, L_00000260a2d5a060;  alias, 1 drivers
v00000260a3267d90_0 .net "csr_addr_d", 11 0, L_00000260a32c0b10;  1 drivers
v00000260a3267610_0 .var "csr_addr_q", 11 0;
v00000260a3267cf0_0 .net "csr_cmd_d", 2 0, L_00000260a32c1bf0;  1 drivers
v00000260a32668f0_0 .var "csr_cmd_q", 2 0;
v00000260a3265ef0_0 .net "csr_en_d", 0 0, L_00000260a32c0cf0;  1 drivers
v00000260a3267390_0 .var "csr_en_q", 0 0;
v00000260a32681f0_0 .net "duplicate_issue_wb_nonctrl", 0 0, L_00000260a32d5d90;  1 drivers
v00000260a32685b0_0 .net "ebreak_d", 0 0, L_00000260a32c2cd0;  1 drivers
v00000260a3266170_0 .var "ebreak_q", 0 0;
v00000260a3266670_0 .net "ecall_d", 0 0, L_00000260a32c2f50;  1 drivers
v00000260a3266710_0 .var "ecall_q", 0 0;
v00000260a3268150_0 .net "ex_alu_op_o", 3 0, L_00000260a3333d60;  alias, 1 drivers
v00000260a3266210_0 .net "ex_alu_src_imm_o", 0 0, L_00000260a3334770;  alias, 1 drivers
v00000260a32667b0_0 .net "ex_br_funct3_o", 2 0, L_00000260a33342a0;  alias, 1 drivers
v00000260a3266e90_0 .net "ex_branch_o", 0 0, L_00000260a3333200;  alias, 1 drivers
v00000260a3266990_0 .net "ex_csr_addr_o", 11 0, L_00000260a3334540;  alias, 1 drivers
v00000260a32662b0_0 .net "ex_csr_cmd_o", 2 0, L_00000260a33344d0;  alias, 1 drivers
v00000260a3265f90_0 .net "ex_csr_en_o", 0 0, L_00000260a33347e0;  alias, 1 drivers
v00000260a3268650_0 .net "ex_ebreak_o", 0 0, L_00000260a3334850;  alias, 1 drivers
v00000260a3266f30_0 .net "ex_ecall_o", 0 0, L_00000260a33345b0;  alias, 1 drivers
v00000260a3266fd0_0 .net "ex_illegal_o", 0 0, L_00000260a3334a10;  alias, 1 drivers
v00000260a3267110_0 .net "ex_imm_o", 31 0, L_00000260a3334700;  alias, 1 drivers
v00000260a32676b0_0 .net "ex_is_auipc_o", 0 0, L_00000260a33343f0;  alias, 1 drivers
v00000260a3266350_0 .net "ex_is_lui_o", 0 0, L_00000260a3334620;  alias, 1 drivers
v00000260a32671b0_0 .net "ex_jal_o", 0 0, L_00000260a3333900;  alias, 1 drivers
v00000260a3267e30_0 .net "ex_jalr_o", 0 0, L_00000260a3334150;  alias, 1 drivers
v00000260a3266ad0_0 .net "ex_mem_funct3_o", 2 0, L_00000260a3333270;  alias, 1 drivers
v00000260a3267ed0_0 .net "ex_mem_read_o", 0 0, L_00000260a33339e0;  alias, 1 drivers
v00000260a3266b70_0 .net "ex_mem_write_o", 0 0, L_00000260a3334070;  alias, 1 drivers
v00000260a32660d0_0 .net "ex_mret_o", 0 0, L_00000260a33332e0;  alias, 1 drivers
v00000260a3268510_0 .net "ex_pc_o", 31 0, L_00000260a3333970;  alias, 1 drivers
v00000260a3267b10_0 .net "ex_pred_taken_o", 0 0, L_00000260a3334460;  alias, 1 drivers
v00000260a3266c10_0 .net "ex_pred_target_o", 31 0, L_00000260a3333c10;  alias, 1 drivers
v00000260a32679d0_0 .net "ex_rd_o", 4 0, L_00000260a3333820;  alias, 1 drivers
v00000260a32665d0_0 .net "ex_reg_write_o", 0 0, L_00000260a33336d0;  alias, 1 drivers
v00000260a3266cb0_0 .net "ex_rs1_o", 4 0, L_00000260a3333f90;  alias, 1 drivers
v00000260a3267250_0 .net "ex_rs1_val_o", 31 0, L_00000260a3333e40;  alias, 1 drivers
v00000260a32672f0_0 .net "ex_rs2_o", 4 0, L_00000260a3334cb0;  alias, 1 drivers
v00000260a32663f0_0 .net "ex_rs2_val_o", 31 0, L_00000260a3333c80;  alias, 1 drivers
v00000260a32674d0_0 .net "ex_shift_arith_o", 0 0, L_00000260a3334380;  alias, 1 drivers
v00000260a3267f70_0 .net "ex_shift_right_o", 0 0, L_00000260a3334310;  alias, 1 drivers
v00000260a3266490_0 .net "ex_valid_o", 0 0, L_00000260a3333190;  alias, 1 drivers
v00000260a3267750_0 .net "ex_wb_sel_o", 1 0, L_00000260a3334d20;  alias, 1 drivers
v00000260a32677f0_0 .net "flush_i", 0 0, L_00000260a333f0c0;  alias, 1 drivers
v00000260a3266530_0 .net "id_alu_op_i", 3 0, v00000260a325f7d0_0;  alias, 1 drivers
v00000260a3268470_0 .net "id_alu_src_imm_i", 0 0, v00000260a325f550_0;  alias, 1 drivers
v00000260a3267a70_0 .net "id_br_funct3_i", 2 0, L_00000260a33326a0;  alias, 1 drivers
v00000260a3268290_0 .net "id_branch_i", 0 0, v00000260a32601d0_0;  alias, 1 drivers
v00000260a3266d50_0 .net "id_csr_addr_i", 11 0, L_00000260a32bd7d0;  alias, 1 drivers
v00000260a3268010_0 .net "id_csr_cmd_i", 2 0, v00000260a3260270_0;  alias, 1 drivers
v00000260a3267890_0 .net "id_csr_en_i", 0 0, v00000260a325ebf0_0;  alias, 1 drivers
v00000260a3267c50_0 .net "id_ebreak_i", 0 0, v00000260a32629d0_0;  alias, 1 drivers
v00000260a32680b0_0 .net "id_ecall_i", 0 0, v00000260a32617b0_0;  alias, 1 drivers
v00000260a3269cd0_0 .net "id_illegal_i", 0 0, v00000260a3263150_0;  alias, 1 drivers
v00000260a326a630_0 .net "id_imm_i", 31 0, v00000260a3261c10_0;  alias, 1 drivers
v00000260a32686f0_0 .net "id_is_auipc_i", 0 0, v00000260a3262c50_0;  alias, 1 drivers
v00000260a3268dd0_0 .net "id_is_lui_i", 0 0, v00000260a3262a70_0;  alias, 1 drivers
v00000260a326adb0_0 .net "id_jal_i", 0 0, v00000260a3261fd0_0;  alias, 1 drivers
v00000260a326a590_0 .net "id_jalr_i", 0 0, v00000260a32630b0_0;  alias, 1 drivers
v00000260a3269d70_0 .net "id_mem_funct3_i", 2 0, v00000260a3263650_0;  alias, 1 drivers
v00000260a32695f0_0 .net "id_mem_read_i", 0 0, v00000260a3262430_0;  alias, 1 drivers
v00000260a3269e10_0 .net "id_mem_write_i", 0 0, v00000260a3262b10_0;  alias, 1 drivers
v00000260a326a450_0 .net "id_mret_i", 0 0, v00000260a32615d0_0;  alias, 1 drivers
v00000260a32697d0_0 .net "id_pc_i", 31 0, L_00000260a33324e0;  alias, 1 drivers
v00000260a326a8b0_0 .net "id_pred_taken_i", 0 0, L_00000260a33349a0;  alias, 1 drivers
v00000260a326a770_0 .net "id_pred_target_i", 31 0, L_00000260a32be950;  alias, 1 drivers
v00000260a32688d0_0 .net "id_rd_i", 4 0, L_00000260a3332cc0;  alias, 1 drivers
v00000260a3269eb0_0 .net "id_reg_write_i", 0 0, v00000260a3263010_0;  alias, 1 drivers
v00000260a3268970_0 .net "id_rs1_i", 4 0, L_00000260a32bd050;  alias, 1 drivers
v00000260a3269af0_0 .net "id_rs1_val_i", 31 0, L_00000260a32bea90;  alias, 1 drivers
v00000260a3269b90_0 .net "id_rs2_i", 4 0, L_00000260a3332630;  alias, 1 drivers
v00000260a3268c90_0 .net "id_rs2_val_i", 31 0, L_00000260a32c0890;  alias, 1 drivers
v00000260a326a810_0 .net "id_shift_arith_i", 0 0, v00000260a3262d90_0;  alias, 1 drivers
v00000260a3269f50_0 .net "id_shift_right_i", 0 0, v00000260a32610d0_0;  alias, 1 drivers
v00000260a32699b0_0 .net "id_valid_i", 0 0, L_00000260a3333ba0;  alias, 1 drivers
v00000260a3268ab0_0 .net "id_wb_sel_i", 1 0, v00000260a3263290_0;  alias, 1 drivers
v00000260a3269c30_0 .net "illegal_d", 0 0, L_00000260a32c2050;  1 drivers
v00000260a326a6d0_0 .var "illegal_q", 0 0;
v00000260a3269ff0_0 .net "imm_d", 31 0, L_00000260a32bf030;  1 drivers
v00000260a3269690_0 .var "imm_q", 31 0;
v00000260a326aa90_0 .net "is_auipc_d", 0 0, L_00000260a32c0750;  1 drivers
v00000260a3269a50_0 .var "is_auipc_q", 0 0;
v00000260a32690f0_0 .net "is_lui_d", 0 0, L_00000260a32c1fb0;  1 drivers
v00000260a326a950_0 .var "is_lui_q", 0 0;
v00000260a32692d0_0 .var "issue_epoch_q", 0 0;
v00000260a3269230_0 .net "jal_d", 0 0, L_00000260a32be810;  1 drivers
v00000260a3269730_0 .var "jal_q", 0 0;
v00000260a3269870_0 .net "jalr_d", 0 0, L_00000260a32bf350;  1 drivers
v00000260a326a4f0_0 .var "jalr_q", 0 0;
v00000260a3269910_0 .net "kill_issue", 0 0, L_00000260a3333ac0;  1 drivers
v00000260a326abd0_0 .var "last_issue_epoch_q", 0 0;
v00000260a326a9f0_0 .var "last_issue_nonctrl_q", 0 0;
v00000260a3268d30_0 .var "last_issue_pc_q", 31 0;
v00000260a326a090_0 .var "last_issue_rd_q", 4 0;
v00000260a3268e70_0 .var "last_issue_regwr_q", 0 0;
v00000260a3268830_0 .var "last_issue_valid_q", 0 0;
v00000260a3268fb0_0 .net "mem_f3_d", 2 0, L_00000260a32bf990;  1 drivers
v00000260a3268b50_0 .var "mem_f3_q", 2 0;
v00000260a326a130_0 .net "mem_rd_d", 0 0, L_00000260a32be8b0;  1 drivers
v00000260a326ae50_0 .var "mem_read_q", 0 0;
v00000260a326a1d0_0 .net "mem_wr_d", 0 0, L_00000260a32bf3f0;  1 drivers
v00000260a3268bf0_0 .var "mem_write_q", 0 0;
v00000260a326a270_0 .net "mret_d", 0 0, L_00000260a32c2b90;  1 drivers
v00000260a326a310_0 .var "mret_q", 0 0;
v00000260a3269050_0 .net "pc_d", 31 0, L_00000260a32bfd50;  1 drivers
v00000260a326a3b0_0 .var "pc_q", 31 0;
v00000260a326ac70_0 .net "pred_taken_d", 0 0, L_00000260a32c2370;  1 drivers
v00000260a326ab30_0 .var "pred_taken_q", 0 0;
v00000260a3269410_0 .net "pred_target_d", 31 0, L_00000260a32c2d70;  1 drivers
v00000260a326ad10_0 .var "pred_target_q", 31 0;
v00000260a3269190_0 .net "rdr_d", 4 0, L_00000260a32c0610;  1 drivers
v00000260a3269370_0 .var "rdr_q", 4 0;
v00000260a3268790_0 .net "redirect_valid_i", 0 0, L_00000260a3338830;  alias, 1 drivers
v00000260a3268a10_0 .net "reg_wr_d", 0 0, L_00000260a32bfad0;  1 drivers
v00000260a3268f10_0 .var "reg_write_q", 0 0;
v00000260a32694b0_0 .net "rs1_d", 31 0, L_00000260a32beb30;  1 drivers
v00000260a3269550_0 .var "rs1_q", 31 0;
v00000260a326b670_0 .net "rs1r_d", 4 0, L_00000260a32be630;  1 drivers
v00000260a326bd50_0 .var "rs1r_q", 4 0;
v00000260a326b8f0_0 .net "rs2_d", 31 0, L_00000260a32bf850;  1 drivers
v00000260a326b990_0 .var "rs2_q", 31 0;
v00000260a326bc10_0 .net "rs2r_d", 4 0, L_00000260a32bfcb0;  1 drivers
v00000260a326af90_0 .var "rs2r_q", 4 0;
v00000260a326b3f0_0 .net "rst_n", 0 0, L_00000260a32bb250;  alias, 1 drivers
v00000260a326b710_0 .net "shift_arith_d", 0 0, L_00000260a32c0430;  1 drivers
v00000260a326aef0_0 .var "shift_arith_q", 0 0;
v00000260a326b350_0 .net "shift_right_d", 0 0, L_00000260a32c0110;  1 drivers
v00000260a326b490_0 .var "shift_right_q", 0 0;
v00000260a326b0d0_0 .net "stall_i", 0 0, L_00000260a333e560;  alias, 1 drivers
v00000260a326b030_0 .net "valid_d", 0 0, L_00000260a32bffd0;  1 drivers
v00000260a326b170_0 .var "valid_q", 0 0;
v00000260a326ba30_0 .net "wb_sel_d", 1 0, L_00000260a32bf490;  1 drivers
v00000260a326b530_0 .var "wb_sel_q", 1 0;
L_00000260a32bf7b0 .functor MUXZ 32, L_00000260a33324e0, v00000260a326a3b0_0, L_00000260a333e560, C4<>;
L_00000260a32bfd50 .functor MUXZ 32, L_00000260a32bf7b0, L_00000260a32d5dd8, L_00000260a3333ac0, C4<>;
L_00000260a32bef90 .functor MUXZ 32, L_00000260a32bea90, v00000260a3269550_0, L_00000260a333e560, C4<>;
L_00000260a32beb30 .functor MUXZ 32, L_00000260a32bef90, L_00000260a32d5e20, L_00000260a3333ac0, C4<>;
L_00000260a32be4f0 .functor MUXZ 32, L_00000260a32c0890, v00000260a326b990_0, L_00000260a333e560, C4<>;
L_00000260a32bf850 .functor MUXZ 32, L_00000260a32be4f0, L_00000260a32d5e68, L_00000260a3333ac0, C4<>;
L_00000260a32bf8f0 .functor MUXZ 32, v00000260a3261c10_0, v00000260a3269690_0, L_00000260a333e560, C4<>;
L_00000260a32bf030 .functor MUXZ 32, L_00000260a32bf8f0, L_00000260a32d5eb0, L_00000260a3333ac0, C4<>;
L_00000260a32be590 .functor MUXZ 3, v00000260a3263650_0, v00000260a3268b50_0, L_00000260a333e560, C4<>;
L_00000260a32bf990 .functor MUXZ 3, L_00000260a32be590, L_00000260a32d5ef8, L_00000260a3333ac0, C4<>;
L_00000260a32bf0d0 .functor MUXZ 5, L_00000260a32bd050, v00000260a326bd50_0, L_00000260a333e560, C4<>;
L_00000260a32be630 .functor MUXZ 5, L_00000260a32bf0d0, L_00000260a32d5f40, L_00000260a3333ac0, C4<>;
L_00000260a32bf170 .functor MUXZ 5, L_00000260a3332630, v00000260a326af90_0, L_00000260a333e560, C4<>;
L_00000260a32bfcb0 .functor MUXZ 5, L_00000260a32bf170, L_00000260a32d5f88, L_00000260a3333ac0, C4<>;
L_00000260a32bf710 .functor MUXZ 5, L_00000260a3332cc0, v00000260a3269370_0, L_00000260a333e560, C4<>;
L_00000260a32c0610 .functor MUXZ 5, L_00000260a32bf710, L_00000260a32d5fd0, L_00000260a3333ac0, C4<>;
L_00000260a32be270 .functor MUXZ 4, v00000260a325f7d0_0, v00000260a3267bb0_0, L_00000260a333e560, C4<>;
L_00000260a32c04d0 .functor MUXZ 4, L_00000260a32be270, L_00000260a32d6018, L_00000260a3333ac0, C4<>;
L_00000260a32be6d0 .functor MUXZ 1, v00000260a325f550_0, v00000260a3266850_0, L_00000260a333e560, C4<>;
L_00000260a32bf210 .functor MUXZ 1, L_00000260a32be6d0, L_00000260a32d6060, L_00000260a3333ac0, C4<>;
L_00000260a32bff30 .functor MUXZ 1, v00000260a32601d0_0, v00000260a32683d0_0, L_00000260a333e560, C4<>;
L_00000260a32bf2b0 .functor MUXZ 1, L_00000260a32bff30, L_00000260a32d60a8, L_00000260a3333ac0, C4<>;
L_00000260a32be770 .functor MUXZ 1, v00000260a3261fd0_0, v00000260a3269730_0, L_00000260a333e560, C4<>;
L_00000260a32be810 .functor MUXZ 1, L_00000260a32be770, L_00000260a32d60f0, L_00000260a3333ac0, C4<>;
L_00000260a32c02f0 .functor MUXZ 1, v00000260a32630b0_0, v00000260a326a4f0_0, L_00000260a333e560, C4<>;
L_00000260a32bf350 .functor MUXZ 1, L_00000260a32c02f0, L_00000260a32d6138, L_00000260a3333ac0, C4<>;
L_00000260a32bfdf0 .functor MUXZ 1, v00000260a3262430_0, v00000260a326ae50_0, L_00000260a333e560, C4<>;
L_00000260a32be8b0 .functor MUXZ 1, L_00000260a32bfdf0, L_00000260a32d6180, L_00000260a3333ac0, C4<>;
L_00000260a32be9f0 .functor MUXZ 1, v00000260a3262b10_0, v00000260a3268bf0_0, L_00000260a333e560, C4<>;
L_00000260a32bf3f0 .functor MUXZ 1, L_00000260a32be9f0, L_00000260a32d61c8, L_00000260a3333ac0, C4<>;
L_00000260a32c07f0 .functor MUXZ 2, v00000260a3263290_0, v00000260a326b530_0, L_00000260a333e560, C4<>;
L_00000260a32bf490 .functor MUXZ 2, L_00000260a32c07f0, L_00000260a32d6210, L_00000260a3333ac0, C4<>;
L_00000260a32bfa30 .functor MUXZ 1, v00000260a3263010_0, v00000260a3268f10_0, L_00000260a333e560, C4<>;
L_00000260a32bfad0 .functor MUXZ 1, L_00000260a32bfa30, L_00000260a32d6258, L_00000260a3333ac0, C4<>;
L_00000260a32bfb70 .functor MUXZ 3, L_00000260a33326a0, v00000260a3266df0_0, L_00000260a333e560, C4<>;
L_00000260a32bfc10 .functor MUXZ 3, L_00000260a32bfb70, L_00000260a32d62a0, L_00000260a3333ac0, C4<>;
L_00000260a32c0390 .functor MUXZ 1, L_00000260a3333ba0, v00000260a326b170_0, L_00000260a333e560, C4<>;
L_00000260a32bffd0 .functor MUXZ 1, L_00000260a32c0390, L_00000260a32d62e8, L_00000260a3333ac0, C4<>;
L_00000260a32c0070 .functor MUXZ 1, v00000260a32610d0_0, v00000260a326b490_0, L_00000260a333e560, C4<>;
L_00000260a32c0110 .functor MUXZ 1, L_00000260a32c0070, L_00000260a32d6330, L_00000260a3333ac0, C4<>;
L_00000260a32c01b0 .functor MUXZ 1, v00000260a3262d90_0, v00000260a326aef0_0, L_00000260a333e560, C4<>;
L_00000260a32c0430 .functor MUXZ 1, L_00000260a32c01b0, L_00000260a32d6378, L_00000260a3333ac0, C4<>;
L_00000260a32c06b0 .functor MUXZ 1, v00000260a3262c50_0, v00000260a3269a50_0, L_00000260a333e560, C4<>;
L_00000260a32c0750 .functor MUXZ 1, L_00000260a32c06b0, L_00000260a32d63c0, L_00000260a3333ac0, C4<>;
L_00000260a32c1650 .functor MUXZ 1, v00000260a3262a70_0, v00000260a326a950_0, L_00000260a333e560, C4<>;
L_00000260a32c1fb0 .functor MUXZ 1, L_00000260a32c1650, L_00000260a32d6408, L_00000260a3333ac0, C4<>;
L_00000260a32c0a70 .functor MUXZ 1, v00000260a325ebf0_0, v00000260a3267390_0, L_00000260a333e560, C4<>;
L_00000260a32c0cf0 .functor MUXZ 1, L_00000260a32c0a70, L_00000260a32d6450, L_00000260a3333ac0, C4<>;
L_00000260a32c2910 .functor MUXZ 3, v00000260a3260270_0, v00000260a32668f0_0, L_00000260a333e560, C4<>;
L_00000260a32c1bf0 .functor MUXZ 3, L_00000260a32c2910, L_00000260a32d6498, L_00000260a3333ac0, C4<>;
L_00000260a32c3090 .functor MUXZ 12, L_00000260a32bd7d0, v00000260a3267610_0, L_00000260a333e560, C4<>;
L_00000260a32c0b10 .functor MUXZ 12, L_00000260a32c3090, L_00000260a32d64e0, L_00000260a3333ac0, C4<>;
L_00000260a32c2a50 .functor MUXZ 1, v00000260a32617b0_0, v00000260a3266710_0, L_00000260a333e560, C4<>;
L_00000260a32c2f50 .functor MUXZ 1, L_00000260a32c2a50, L_00000260a32d6528, L_00000260a3333ac0, C4<>;
L_00000260a32c2af0 .functor MUXZ 1, v00000260a32629d0_0, v00000260a3266170_0, L_00000260a333e560, C4<>;
L_00000260a32c2cd0 .functor MUXZ 1, L_00000260a32c2af0, L_00000260a32d6570, L_00000260a3333ac0, C4<>;
L_00000260a32c0ed0 .functor MUXZ 1, v00000260a32615d0_0, v00000260a326a310_0, L_00000260a333e560, C4<>;
L_00000260a32c2b90 .functor MUXZ 1, L_00000260a32c0ed0, L_00000260a32d65b8, L_00000260a3333ac0, C4<>;
L_00000260a32c0d90 .functor MUXZ 1, v00000260a3263150_0, v00000260a326a6d0_0, L_00000260a333e560, C4<>;
L_00000260a32c2050 .functor MUXZ 1, L_00000260a32c0d90, L_00000260a32d6600, L_00000260a3333ac0, C4<>;
L_00000260a32c1dd0 .functor MUXZ 1, L_00000260a33349a0, v00000260a326ab30_0, L_00000260a333e560, C4<>;
L_00000260a32c2370 .functor MUXZ 1, L_00000260a32c1dd0, L_00000260a32d6648, L_00000260a3333ac0, C4<>;
L_00000260a32c1510 .functor MUXZ 32, L_00000260a32be950, v00000260a326ad10_0, L_00000260a333e560, C4<>;
L_00000260a32c2d70 .functor MUXZ 32, L_00000260a32c1510, L_00000260a32d6690, L_00000260a3333ac0, C4<>;
S_00000260a327d9c0 .scope module, "u_if_id" "if_id_reg" 4 987, 18 2 0, S_00000260a3202f10;
 .timescale -9 -12;
    .port_info 0 /INPUT 1 "clk";
    .port_info 1 /INPUT 1 "rst_n";
    .port_info 2 /INPUT 1 "stall_i";
    .port_info 3 /INPUT 1 "flush_i";
    .port_info 4 /INPUT 32 "if_pc_i";
    .port_info 5 /INPUT 32 "if_instr_i";
    .port_info 6 /INPUT 1 "if_valid_i";
    .port_info 7 /OUTPUT 32 "id_pc_o";
    .port_info 8 /OUTPUT 32 "id_instr_o";
    .port_info 9 /OUTPUT 1 "id_valid_o";
P_00000260a3189370 .param/l "INSTR_NOP" 1 18 22, C4<00000000000000000000000000010011>;
L_00000260a33324e0 .functor BUFZ 32, v00000260a3288c40_0, C4<00000000000000000000000000000000>, C4<00000000000000000000000000000000>, C4<00000000000000000000000000000000>;
L_00000260a33321d0 .functor BUFZ 32, v00000260a32870c0_0, C4<00000000000000000000000000000000>, C4<00000000000000000000000000000000>, C4<00000000000000000000000000000000>;
L_00000260a3331e50 .functor BUFZ 1, v00000260a3287ca0_0, C4<0>, C4<0>, C4<0>;
L_00000260a32d53b8 .functor BUFT 1, C4<00000000000000000000000000000000>, C4<0>, C4<0>, C4<0>;
v00000260a326b5d0_0 .net/2u *"_ivl_0", 31 0, L_00000260a32d53b8;  1 drivers
L_00000260a32d5448 .functor BUFT 1, C4<0>, C4<0>, C4<0>, C4<0>;
v00000260a326b210_0 .net/2u *"_ivl_12", 0 0, L_00000260a32d5448;  1 drivers
v00000260a326b2b0_0 .net *"_ivl_14", 0 0, L_00000260a32ba170;  1 drivers
v00000260a326b7b0_0 .net *"_ivl_2", 31 0, L_00000260a32b9f90;  1 drivers
L_00000260a32d5400 .functor BUFT 1, C4<00000000000000000000000000010011>, C4<0>, C4<0>, C4<0>;
v00000260a326bad0_0 .net/2u *"_ivl_6", 31 0, L_00000260a32d5400;  1 drivers
v00000260a326b850_0 .net *"_ivl_8", 31 0, L_00000260a32ba030;  1 drivers
v00000260a326bcb0_0 .net "clk", 0 0, L_00000260a2d5a060;  alias, 1 drivers
v00000260a326bb70_0 .net "flush_i", 0 0, L_00000260a333e8e0;  alias, 1 drivers
v00000260a3287fc0_0 .net "id_instr_o", 31 0, L_00000260a33321d0;  alias, 1 drivers
v00000260a3286a80_0 .net "id_pc_o", 31 0, L_00000260a33324e0;  alias, 1 drivers
v00000260a3287de0_0 .net "id_valid_o", 0 0, L_00000260a3331e50;  alias, 1 drivers
v00000260a32887e0_0 .net "if_instr_i", 31 0, v00000260a329d430_0;  alias, 1 drivers
v00000260a3287f20_0 .net "if_pc_i", 31 0, v00000260a329bbd0_0;  alias, 1 drivers
v00000260a32877a0_0 .net "if_valid_i", 0 0, L_00000260a3331830;  alias, 1 drivers
v00000260a3287e80_0 .net "instr_d", 31 0, L_00000260a32b96d0;  1 drivers
v00000260a32870c0_0 .var "instr_q", 31 0;
v00000260a3288ce0_0 .net "pc_d", 31 0, L_00000260a32bb430;  1 drivers
v00000260a3288c40_0 .var "pc_q", 31 0;
v00000260a3287340_0 .net "rst_n", 0 0, L_00000260a32bb250;  alias, 1 drivers
v00000260a3288060_0 .net "stall_i", 0 0, L_00000260a333de60;  alias, 1 drivers
v00000260a3286e40_0 .net "valid_d", 0 0, L_00000260a32bb2f0;  1 drivers
v00000260a3287ca0_0 .var "valid_q", 0 0;
L_00000260a32b9f90 .functor MUXZ 32, v00000260a329bbd0_0, v00000260a3288c40_0, L_00000260a333de60, C4<>;
L_00000260a32bb430 .functor MUXZ 32, L_00000260a32b9f90, L_00000260a32d53b8, L_00000260a333e8e0, C4<>;
L_00000260a32ba030 .functor MUXZ 32, v00000260a329d430_0, v00000260a32870c0_0, L_00000260a333de60, C4<>;
L_00000260a32b96d0 .functor MUXZ 32, L_00000260a32ba030, L_00000260a32d5400, L_00000260a333e8e0, C4<>;
L_00000260a32ba170 .functor MUXZ 1, L_00000260a3331830, v00000260a3287ca0_0, L_00000260a333de60, C4<>;
L_00000260a32bb2f0 .functor MUXZ 1, L_00000260a32ba170, L_00000260a32d5448, L_00000260a333e8e0, C4<>;
S_00000260a327e320 .scope module, "u_irq_sources" "machine_irq_sources" 4 1807, 19 3 0, S_00000260a3202f10;
 .timescale -9 -12;
    .port_info 0 /INPUT 1 "clk";
    .port_info 1 /INPUT 1 "rst_n";
    .port_info 2 /INPUT 1 "msip_we_i";
    .port_info 3 /INPUT 32 "msip_wdata_i";
    .port_info 4 /INPUT 1 "meip_we_i";
    .port_info 5 /INPUT 32 "meip_wdata_i";
    .port_info 6 /INPUT 1 "mtime_lo_we_i";
    .port_info 7 /INPUT 32 "mtime_lo_wdata_i";
    .port_info 8 /INPUT 1 "mtime_hi_we_i";
    .port_info 9 /INPUT 32 "mtime_hi_wdata_i";
    .port_info 10 /INPUT 1 "mtimecmp_lo_we_i";
    .port_info 11 /INPUT 32 "mtimecmp_lo_wdata_i";
    .port_info 12 /INPUT 1 "mtimecmp_hi_we_i";
    .port_info 13 /INPUT 32 "mtimecmp_hi_wdata_i";
    .port_info 14 /INPUT 1 "ext_irq_line_i";
    .port_info 15 /INPUT 1 "global_mie_i";
    .port_info 16 /INPUT 1 "msie_en_i";
    .port_info 17 /INPUT 1 "mtie_en_i";
    .port_info 18 /INPUT 1 "meie_en_i";
    .port_info 19 /OUTPUT 32 "msip_rdata_o";
    .port_info 20 /OUTPUT 32 "meip_rdata_o";
    .port_info 21 /OUTPUT 32 "mtime_lo_o";
    .port_info 22 /OUTPUT 32 "mtime_hi_o";
    .port_info 23 /OUTPUT 32 "mtimecmp_lo_o";
    .port_info 24 /OUTPUT 32 "mtimecmp_hi_o";
    .port_info 25 /OUTPUT 1 "soft_irq_pending_o";
    .port_info 26 /OUTPUT 1 "timer_irq_pending_o";
    .port_info 27 /OUTPUT 1 "ext_irq_pending_o";
    .port_info 28 /OUTPUT 1 "irq_request_o";
    .port_info 29 /OUTPUT 32 "irq_cause_o";
L_00000260a333bcb0 .functor BUFZ 1, v00000260a3287700_0, C4<0>, C4<0>, C4<0>;
L_00000260a333bd20 .functor OR 1, v00000260a3287980_0, v00000260a32a83a0_0, C4<0>, C4<0>;
L_00000260a333a3c0 .functor AND 1, L_00000260a32c6790, L_00000260a32c7a50, C4<1>, C4<1>;
L_00000260a333a430 .functor AND 1, L_00000260a333a3c0, L_00000260a333bd20, C4<1>, C4<1>;
L_00000260a333a510 .functor AND 1, L_00000260a32c6790, L_00000260a32c6470, C4<1>, C4<1>;
L_00000260a333c6c0 .functor AND 1, L_00000260a333a510, L_00000260a32cc4b0, C4<1>, C4<1>;
L_00000260a333cd50 .functor AND 1, L_00000260a32c6790, L_00000260a32c68d0, C4<1>, C4<1>;
L_00000260a333c1f0 .functor AND 1, L_00000260a333cd50, L_00000260a333bcb0, C4<1>, C4<1>;
L_00000260a333c810 .functor OR 1, L_00000260a333a430, L_00000260a333c6c0, C4<0>, C4<0>;
L_00000260a333d140 .functor OR 1, L_00000260a333c810, L_00000260a333c1f0, C4<0>, C4<0>;
L_00000260a32d82f8 .functor BUFT 1, C4<0000000000000000000000000000000000000000000000000000000000000001>, C4<0>, C4<0>, C4<0>;
v00000260a3287b60_0 .net/2u *"_ivl_0", 63 0, L_00000260a32d82f8;  1 drivers
v00000260a3288d80_0 .net *"_ivl_26", 0 0, L_00000260a333a3c0;  1 drivers
v00000260a3287160_0 .net *"_ivl_30", 0 0, L_00000260a333a510;  1 drivers
v00000260a3287840_0 .net *"_ivl_34", 0 0, L_00000260a333cd50;  1 drivers
v00000260a3288e20_0 .net *"_ivl_38", 0 0, L_00000260a333c810;  1 drivers
L_00000260a32d8340 .functor BUFT 1, C4<0000000000000000000000000000000>, C4<0>, C4<0>, C4<0>;
v00000260a32872a0_0 .net/2u *"_ivl_4", 30 0, L_00000260a32d8340;  1 drivers
L_00000260a32d83d0 .functor BUFT 1, C4<00000000000000000000000000001011>, C4<0>, C4<0>, C4<0>;
v00000260a32884c0_0 .net/2u *"_ivl_42", 31 0, L_00000260a32d83d0;  1 drivers
L_00000260a32d8418 .functor BUFT 1, C4<00000000000000000000000000000111>, C4<0>, C4<0>, C4<0>;
v00000260a32873e0_0 .net/2u *"_ivl_44", 31 0, L_00000260a32d8418;  1 drivers
L_00000260a32d8460 .functor BUFT 1, C4<00000000000000000000000000000011>, C4<0>, C4<0>, C4<0>;
v00000260a3288ba0_0 .net/2u *"_ivl_46", 31 0, L_00000260a32d8460;  1 drivers
L_00000260a32d84a8 .functor BUFT 1, C4<00000000000000000000000000000000>, C4<0>, C4<0>, C4<0>;
v00000260a32878e0_0 .net/2u *"_ivl_48", 31 0, L_00000260a32d84a8;  1 drivers
v00000260a3288ec0_0 .net *"_ivl_50", 31 0, L_00000260a32cc870;  1 drivers
v00000260a3287480_0 .net *"_ivl_52", 31 0, L_00000260a32ca930;  1 drivers
L_00000260a32d8388 .functor BUFT 1, C4<0000000000000000000000000000000>, C4<0>, C4<0>, C4<0>;
v00000260a3286c60_0 .net/2u *"_ivl_8", 30 0, L_00000260a32d8388;  1 drivers
v00000260a3288600_0 .net "clk", 0 0, L_00000260a2d5a060;  alias, 1 drivers
v00000260a3286ee0_0 .net "ext_irq_line_i", 0 0, v00000260a32a83a0_0;  1 drivers
v00000260a32875c0_0 .net "ext_irq_pending_o", 0 0, L_00000260a333bd20;  alias, 1 drivers
v00000260a3288560_0 .net "global_mie_i", 0 0, L_00000260a32c6790;  alias, 1 drivers
v00000260a3288f60_0 .net "irq_cause_o", 31 0, L_00000260a32cc910;  alias, 1 drivers
v00000260a32886a0_0 .net "irq_external_take", 0 0, L_00000260a333a430;  1 drivers
v00000260a3287020_0 .net "irq_request_o", 0 0, L_00000260a333d140;  alias, 1 drivers
v00000260a3286f80_0 .net "irq_software_take", 0 0, L_00000260a333c1f0;  1 drivers
v00000260a3287200_0 .net "irq_timer_take", 0 0, L_00000260a333c6c0;  1 drivers
v00000260a3287520_0 .net "meie_en_i", 0 0, L_00000260a32c7a50;  alias, 1 drivers
v00000260a3287660_0 .net "meip_rdata_o", 31 0, L_00000260a32cb470;  alias, 1 drivers
v00000260a3287980_0 .var "meip_sw_q", 0 0;
v00000260a32881a0_0 .net "meip_wdata_i", 31 0, L_00000260a32c9d50;  alias, 1 drivers
v00000260a32868a0_0 .net "meip_we_i", 0 0, L_00000260a333a890;  alias, 1 drivers
v00000260a3288100_0 .net "msie_en_i", 0 0, L_00000260a32c68d0;  alias, 1 drivers
v00000260a3287700_0 .var "msip_q", 0 0;
v00000260a3289000_0 .net "msip_rdata_o", 31 0, L_00000260a32cb790;  alias, 1 drivers
v00000260a3288240_0 .net "msip_wdata_i", 31 0, L_00000260a32c9d50;  alias, 1 drivers
v00000260a3287a20_0 .net "msip_we_i", 0 0, L_00000260a333a820;  alias, 1 drivers
v00000260a3287ac0_0 .net "mtie_en_i", 0 0, L_00000260a32c6470;  alias, 1 drivers
v00000260a3286940_0 .net "mtime_hi_o", 31 0, L_00000260a32cb970;  alias, 1 drivers
v00000260a3288740_0 .net "mtime_hi_wdata_i", 31 0, L_00000260a32c9d50;  alias, 1 drivers
v00000260a3288b00_0 .net "mtime_hi_we_i", 0 0, L_00000260a333aa50;  alias, 1 drivers
v00000260a3287c00_0 .net "mtime_inc", 63 0, L_00000260a32cb330;  1 drivers
v00000260a3288880_0 .net "mtime_lo_o", 31 0, L_00000260a32cc730;  alias, 1 drivers
v00000260a3287d40_0 .net "mtime_lo_wdata_i", 31 0, L_00000260a32c9d50;  alias, 1 drivers
v00000260a3288a60_0 .net "mtime_lo_we_i", 0 0, L_00000260a333b690;  alias, 1 drivers
v00000260a3288920_0 .var "mtime_q", 63 0;
v00000260a32869e0_0 .net "mtimecmp_hi_o", 31 0, L_00000260a32cb650;  alias, 1 drivers
v00000260a3286b20_0 .net "mtimecmp_hi_wdata_i", 31 0, L_00000260a32c9d50;  alias, 1 drivers
v00000260a3286bc0_0 .net "mtimecmp_hi_we_i", 0 0, L_00000260a333b310;  alias, 1 drivers
v00000260a32882e0_0 .net "mtimecmp_lo_o", 31 0, L_00000260a32cc7d0;  alias, 1 drivers
v00000260a32889c0_0 .net "mtimecmp_lo_wdata_i", 31 0, L_00000260a32c9d50;  alias, 1 drivers
v00000260a3288380_0 .net "mtimecmp_lo_we_i", 0 0, L_00000260a333af20;  alias, 1 drivers
v00000260a3286d00_0 .var "mtimecmp_q", 63 0;
v00000260a3288420_0 .net "rst_n", 0 0, L_00000260a32bb250;  alias, 1 drivers
v00000260a3286da0_0 .net "soft_irq_pending_o", 0 0, L_00000260a333bcb0;  alias, 1 drivers
v00000260a32898c0_0 .net "timer_irq_pending_o", 0 0, L_00000260a32cc4b0;  alias, 1 drivers
L_00000260a32cb330 .arith/sum 64, v00000260a3288920_0, L_00000260a32d82f8;
L_00000260a32cb790 .concat [ 1 31 0 0], v00000260a3287700_0, L_00000260a32d8340;
L_00000260a32cb470 .concat [ 1 31 0 0], v00000260a3287980_0, L_00000260a32d8388;
L_00000260a32cc730 .part v00000260a3288920_0, 0, 32;
L_00000260a32cb970 .part v00000260a3288920_0, 32, 32;
L_00000260a32cc7d0 .part v00000260a3286d00_0, 0, 32;
L_00000260a32cb650 .part v00000260a3286d00_0, 32, 32;
L_00000260a32cc4b0 .cmp/ge 64, v00000260a3288920_0, v00000260a3286d00_0;
L_00000260a32cc870 .functor MUXZ 32, L_00000260a32d84a8, L_00000260a32d8460, L_00000260a333c1f0, C4<>;
L_00000260a32ca930 .functor MUXZ 32, L_00000260a32cc870, L_00000260a32d8418, L_00000260a333c6c0, C4<>;
L_00000260a32cc910 .functor MUXZ 32, L_00000260a32ca930, L_00000260a32d83d0, L_00000260a333a430, C4<>;
S_00000260a327d1f0 .scope module, "u_mem" "mem_stage" 4 1509, 20 7 0, S_00000260a3202f10;
 .timescale -9 -12;
    .port_info 0 /INPUT 1 "clk";
    .port_info 1 /INPUT 1 "rst_n";
    .port_info 2 /INPUT 1 "mem_valid_i";
    .port_info 3 /INPUT 32 "mem_alu_result_i";
    .port_info 4 /INPUT 32 "mem_store_data_i";
    .port_info 5 /INPUT 1 "mem_mem_read_i";
    .port_info 6 /INPUT 1 "mem_mem_write_i";
    .port_info 7 /INPUT 3 "mem_size_i";
    .port_info 8 /OUTPUT 1 "dmem_req_o";
    .port_info 9 /OUTPUT 1 "dmem_we_o";
    .port_info 10 /OUTPUT 32 "dmem_addr_o";
    .port_info 11 /OUTPUT 32 "dmem_wdata_o";
    .port_info 12 /OUTPUT 4 "dmem_wstrb_o";
    .port_info 13 /INPUT 1 "dmem_ready_i";
    .port_info 14 /INPUT 1 "dmem_rvalid_i";
    .port_info 15 /INPUT 32 "dmem_rdata_i";
    .port_info 16 /INPUT 1 "store_done_i";
    .port_info 17 /OUTPUT 32 "mem_load_rdata_o";
    .port_info 18 /OUTPUT 1 "mem_stall_o";
    .port_info 19 /OUTPUT 1 "mem_load_valid_o";
    .port_info 20 /OUTPUT 1 "mem_load_active_o";
L_00000260a3338600 .functor OR 1, L_00000260a3339fd0, L_00000260a33396a0, C4<0>, C4<0>;
L_00000260a3339780 .functor AND 1, L_00000260a33394e0, L_00000260a3338600, C4<1>, C4<1>;
L_00000260a3339710 .functor NOT 1, v00000260a32893c0_0, C4<0>, C4<0>, C4<0>;
L_00000260a3338910 .functor AND 1, L_00000260a3339780, L_00000260a3339710, C4<1>, C4<1>;
L_00000260a3339b70 .functor NOT 1, v00000260a328cfc0_0, C4<0>, C4<0>, C4<0>;
L_00000260a3338980 .functor AND 1, L_00000260a3338910, L_00000260a3339b70, C4<1>, C4<1>;
L_00000260a33397f0 .functor NOT 1, L_00000260a33396a0, C4<0>, C4<0>, C4<0>;
L_00000260a3339860 .functor AND 1, L_00000260a3338980, L_00000260a33397f0, C4<1>, C4<1>;
L_00000260a3338a60 .functor OR 1, L_00000260a32c6b50, L_00000260a32c6d30, C4<0>, C4<0>;
L_00000260a3338670 .functor BUFZ 1, v00000260a328c340_0, C4<0>, C4<0>, C4<0>;
L_00000260a33399b0 .functor BUFZ 32, v00000260a328b120_0, C4<00000000000000000000000000000000>, C4<00000000000000000000000000000000>, C4<00000000000000000000000000000000>;
L_00000260a333a040 .functor NOT 1, v00000260a328c340_0, C4<0>, C4<0>, C4<0>;
L_00000260a3338ec0 .functor AND 1, L_00000260a333a040, v00000260a32893c0_0, C4<1>, C4<1>;
L_00000260a3338de0 .functor AND 1, L_00000260a3338ec0, L_00000260a32cabb0, C4<1>, C4<1>;
L_00000260a3339cc0 .functor BUFZ 1, L_00000260a3338de0, C4<0>, C4<0>, C4<0>;
L_00000260a3338ad0 .functor OR 1, v00000260a328c840_0, L_00000260a3339860, C4<0>, C4<0>;
L_00000260a3338b40 .functor OR 1, L_00000260a3338ad0, L_00000260a3338de0, C4<0>, C4<0>;
L_00000260a3339a20 .functor OR 1, v00000260a32893c0_0, L_00000260a3338980, C4<0>, C4<0>;
v00000260a3289960_0 .net *"_ivl_107", 1 0, L_00000260a32c9170;  1 drivers
v00000260a3289500_0 .net *"_ivl_109", 3 0, L_00000260a32c9990;  1 drivers
L_00000260a32d7c80 .functor BUFT 1, C4<0000>, C4<0>, C4<0>, C4<0>;
v00000260a328a860_0 .net/2u *"_ivl_110", 3 0, L_00000260a32d7c80;  1 drivers
v00000260a3289a00_0 .net *"_ivl_115", 1 0, L_00000260a32c8a90;  1 drivers
v00000260a328a5e0_0 .net *"_ivl_118", 0 0, L_00000260a333a040;  1 drivers
v00000260a3289b40_0 .net *"_ivl_12", 0 0, L_00000260a33397f0;  1 drivers
v00000260a3289fa0_0 .net *"_ivl_120", 0 0, L_00000260a3338ec0;  1 drivers
v00000260a328b620_0 .net *"_ivl_128", 0 0, L_00000260a3338ad0;  1 drivers
L_00000260a32d7a88 .functor BUFT 1, C4<00>, C4<0>, C4<0>, C4<0>;
v00000260a3289780_0 .net/2u *"_ivl_18", 1 0, L_00000260a32d7a88;  1 drivers
v00000260a328a400_0 .net *"_ivl_2", 0 0, L_00000260a3339780;  1 drivers
L_00000260a32d7ad0 .functor BUFT 1, C4<01>, C4<0>, C4<0>, C4<0>;
v00000260a3289be0_0 .net/2u *"_ivl_22", 1 0, L_00000260a32d7ad0;  1 drivers
L_00000260a32d7b18 .functor BUFT 1, C4<000>, C4<0>, C4<0>, C4<0>;
v00000260a3289d20_0 .net/2u *"_ivl_26", 2 0, L_00000260a32d7b18;  1 drivers
v00000260a32890a0_0 .net *"_ivl_28", 0 0, L_00000260a32c6b50;  1 drivers
L_00000260a32d7b60 .functor BUFT 1, C4<001>, C4<0>, C4<0>, C4<0>;
v00000260a328a540_0 .net/2u *"_ivl_30", 2 0, L_00000260a32d7b60;  1 drivers
v00000260a328b1c0_0 .net *"_ivl_32", 0 0, L_00000260a32c6d30;  1 drivers
v00000260a328a720_0 .net *"_ivl_37", 1 0, L_00000260a32c7730;  1 drivers
L_00000260a32d7ba8 .functor BUFT 1, C4<00>, C4<0>, C4<0>, C4<0>;
v00000260a3289820_0 .net/2u *"_ivl_38", 1 0, L_00000260a32d7ba8;  1 drivers
v00000260a328b300_0 .net *"_ivl_4", 0 0, L_00000260a3339710;  1 drivers
v00000260a3289dc0_0 .net *"_ivl_40", 0 0, L_00000260a32c6f10;  1 drivers
v00000260a328ab80_0 .net *"_ivl_43", 0 0, L_00000260a32c5c50;  1 drivers
v00000260a328a680_0 .net *"_ivl_45", 1 0, L_00000260a32c70f0;  1 drivers
L_00000260a32d7bf0 .functor BUFT 1, C4<01>, C4<0>, C4<0>, C4<0>;
v00000260a3289e60_0 .net/2u *"_ivl_46", 1 0, L_00000260a32d7bf0;  1 drivers
v00000260a3289f00_0 .net *"_ivl_48", 0 0, L_00000260a32c7190;  1 drivers
v00000260a3289140_0 .net *"_ivl_51", 0 0, L_00000260a32c72d0;  1 drivers
v00000260a328a7c0_0 .net *"_ivl_53", 1 0, L_00000260a32c7370;  1 drivers
L_00000260a32d7c38 .functor BUFT 1, C4<10>, C4<0>, C4<0>, C4<0>;
v00000260a328a0e0_0 .net/2u *"_ivl_54", 1 0, L_00000260a32d7c38;  1 drivers
v00000260a328b260_0 .net *"_ivl_56", 0 0, L_00000260a32c77d0;  1 drivers
v00000260a328a900_0 .net *"_ivl_59", 0 0, L_00000260a32c7cd0;  1 drivers
v00000260a328ae00_0 .net *"_ivl_6", 0 0, L_00000260a3338910;  1 drivers
v00000260a328afe0_0 .net *"_ivl_61", 0 0, L_00000260a32c60b0;  1 drivers
v00000260a328a180_0 .net *"_ivl_62", 0 0, L_00000260a32c7410;  1 drivers
v00000260a328a220_0 .net *"_ivl_64", 0 0, L_00000260a32c7e10;  1 drivers
v00000260a32891e0_0 .net *"_ivl_66", 0 0, L_00000260a32c74b0;  1 drivers
v00000260a328aae0_0 .net *"_ivl_69", 0 0, L_00000260a32c5cf0;  1 drivers
v00000260a328b3a0_0 .net *"_ivl_71", 0 0, L_00000260a32c5d90;  1 drivers
v00000260a328acc0_0 .net *"_ivl_73", 0 0, L_00000260a32c7eb0;  1 drivers
v00000260a3289280_0 .net *"_ivl_74", 0 0, L_00000260a32c7f50;  1 drivers
v00000260a328a2c0_0 .net *"_ivl_77", 0 0, L_00000260a32c7ff0;  1 drivers
v00000260a328a4a0_0 .net *"_ivl_78", 0 0, L_00000260a32c8090;  1 drivers
v00000260a328b4e0_0 .net *"_ivl_8", 0 0, L_00000260a3339b70;  1 drivers
v00000260a328a9a0_0 .net *"_ivl_82", 23 0, L_00000260a32c59d0;  1 drivers
v00000260a3289320_0 .net *"_ivl_85", 7 0, L_00000260a32c5a70;  1 drivers
v00000260a328b760_0 .net *"_ivl_86", 31 0, L_00000260a32c5e30;  1 drivers
v00000260a328b580_0 .net *"_ivl_88", 15 0, L_00000260a32c61f0;  1 drivers
v00000260a32895a0_0 .net *"_ivl_91", 15 0, L_00000260a32c5f70;  1 drivers
v00000260a328aa40_0 .net *"_ivl_92", 31 0, L_00000260a32c6010;  1 drivers
v00000260a328ac20_0 .net *"_ivl_94", 31 0, L_00000260a32c6150;  1 drivers
v00000260a328b6c0_0 .net *"_ivl_96", 31 0, L_00000260a32c9f30;  1 drivers
v00000260a328b120_0 .var "addr_q", 31 0;
v00000260a32893c0_0 .var "busy_q", 0 0;
v00000260a328ad60_0 .net "clk", 0 0, L_00000260a2d5a060;  alias, 1 drivers
v00000260a328aea0_0 .net "dmem_addr_o", 31 0, L_00000260a33399b0;  alias, 1 drivers
v00000260a328b080_0 .net "dmem_rdata_i", 31 0, L_00000260a32cbfb0;  alias, 1 drivers
v00000260a328b800_0 .net "dmem_ready_i", 0 0, L_00000260a32cc9b0;  alias, 1 drivers
v00000260a328cd40_0 .net "dmem_req_o", 0 0, v00000260a328b9e0_0;  alias, 1 drivers
v00000260a328dce0_0 .net "dmem_rvalid_i", 0 0, L_00000260a32cabb0;  alias, 1 drivers
v00000260a328bd00_0 .net "dmem_wdata_o", 31 0, L_00000260a32c9d50;  alias, 1 drivers
v00000260a328d9c0_0 .net "dmem_we_o", 0 0, L_00000260a3338670;  alias, 1 drivers
v00000260a328d100_0 .net "dmem_wstrb_o", 3 0, L_00000260a32c81d0;  alias, 1 drivers
v00000260a328cfc0_0 .var "done_q", 0 0;
v00000260a328c840_0 .var "load_active_q", 0 0;
v00000260a328cde0_0 .var "load_aligned", 31 0;
v00000260a328c0c0_0 .var "load_data_q", 31 0;
v00000260a328cb60_0 .net "load_resp_fire", 0 0, L_00000260a3338de0;  1 drivers
v00000260a328c160_0 .net "load_result", 31 0, L_00000260a32c98f0;  1 drivers
v00000260a328c480_0 .net "load_signed", 0 0, L_00000260a3338a60;  1 drivers
v00000260a328de20_0 .net "mem_alu_result_i", 31 0, L_00000260a3339630;  alias, 1 drivers
v00000260a328db00_0 .net "mem_load_active_o", 0 0, L_00000260a3338b40;  alias, 1 drivers
v00000260a328c520_0 .net "mem_load_rdata_o", 31 0, L_00000260a32c8130;  alias, 1 drivers
v00000260a328bee0_0 .net "mem_load_valid_o", 0 0, L_00000260a3339cc0;  alias, 1 drivers
v00000260a328dba0_0 .net "mem_mem_read_i", 0 0, L_00000260a3339fd0;  alias, 1 drivers
v00000260a328c5c0_0 .net "mem_mem_write_i", 0 0, L_00000260a33396a0;  alias, 1 drivers
v00000260a328c8e0_0 .net "mem_op_active", 0 0, L_00000260a3338600;  1 drivers
v00000260a328ce80_0 .net "mem_size_i", 2 0, L_00000260a3339240;  alias, 1 drivers
v00000260a328d740_0 .net "mem_stall_o", 0 0, L_00000260a3339a20;  alias, 1 drivers
v00000260a328be40_0 .net "mem_store_data_i", 31 0, L_00000260a3338d70;  alias, 1 drivers
v00000260a328cc00_0 .net "mem_valid_i", 0 0, L_00000260a33394e0;  alias, 1 drivers
v00000260a328dec0_0 .net "new_load_req", 0 0, L_00000260a3339860;  1 drivers
v00000260a328bf80_0 .net "new_req", 0 0, L_00000260a3338980;  1 drivers
v00000260a328b9e0_0 .var "req_pending_q", 0 0;
v00000260a328c200_0 .net "rst_n", 0 0, L_00000260a32bb250;  alias, 1 drivers
v00000260a328d420_0 .net "sign_bit", 0 0, L_00000260a32c5930;  1 drivers
v00000260a328bda0_0 .net "size2_q", 1 0, L_00000260a32c65b0;  1 drivers
v00000260a328cf20_0 .var "size_f3_q", 2 0;
v00000260a328da60_0 .net "store_done_i", 0 0, L_00000260a333c340;  alias, 1 drivers
v00000260a328c2a0_0 .net "sz_byte", 0 0, L_00000260a32c6650;  1 drivers
v00000260a328e000_0 .net "sz_half", 0 0, L_00000260a32c6ab0;  1 drivers
v00000260a328d060_0 .var "wdata_q", 31 0;
v00000260a328c340_0 .var "we_q", 0 0;
E_00000260a3189c70 .event anyedge, v00000260a328c2a0_0, v00000260a328b120_0, v00000260a328b080_0, v00000260a328e000_0;
L_00000260a32c65b0 .part v00000260a328cf20_0, 0, 2;
L_00000260a32c6650 .cmp/eq 2, L_00000260a32c65b0, L_00000260a32d7a88;
L_00000260a32c6ab0 .cmp/eq 2, L_00000260a32c65b0, L_00000260a32d7ad0;
L_00000260a32c6b50 .cmp/eq 3, v00000260a328cf20_0, L_00000260a32d7b18;
L_00000260a32c6d30 .cmp/eq 3, v00000260a328cf20_0, L_00000260a32d7b60;
L_00000260a32c7730 .part v00000260a328b120_0, 0, 2;
L_00000260a32c6f10 .cmp/eq 2, L_00000260a32c7730, L_00000260a32d7ba8;
L_00000260a32c5c50 .part L_00000260a32cbfb0, 7, 1;
L_00000260a32c70f0 .part v00000260a328b120_0, 0, 2;
L_00000260a32c7190 .cmp/eq 2, L_00000260a32c70f0, L_00000260a32d7bf0;
L_00000260a32c72d0 .part L_00000260a32cbfb0, 15, 1;
L_00000260a32c7370 .part v00000260a328b120_0, 0, 2;
L_00000260a32c77d0 .cmp/eq 2, L_00000260a32c7370, L_00000260a32d7c38;
L_00000260a32c7cd0 .part L_00000260a32cbfb0, 23, 1;
L_00000260a32c60b0 .part L_00000260a32cbfb0, 31, 1;
L_00000260a32c7410 .functor MUXZ 1, L_00000260a32c60b0, L_00000260a32c7cd0, L_00000260a32c77d0, C4<>;
L_00000260a32c7e10 .functor MUXZ 1, L_00000260a32c7410, L_00000260a32c72d0, L_00000260a32c7190, C4<>;
L_00000260a32c74b0 .functor MUXZ 1, L_00000260a32c7e10, L_00000260a32c5c50, L_00000260a32c6f10, C4<>;
L_00000260a32c5cf0 .part v00000260a328b120_0, 1, 1;
L_00000260a32c5d90 .part L_00000260a32cbfb0, 31, 1;
L_00000260a32c7eb0 .part L_00000260a32cbfb0, 15, 1;
L_00000260a32c7f50 .functor MUXZ 1, L_00000260a32c7eb0, L_00000260a32c5d90, L_00000260a32c5cf0, C4<>;
L_00000260a32c7ff0 .part L_00000260a32cbfb0, 31, 1;
L_00000260a32c8090 .functor MUXZ 1, L_00000260a32c7ff0, L_00000260a32c7f50, L_00000260a32c6ab0, C4<>;
L_00000260a32c5930 .functor MUXZ 1, L_00000260a32c8090, L_00000260a32c74b0, L_00000260a32c6650, C4<>;
LS_00000260a32c59d0_0_0 .concat [ 1 1 1 1], L_00000260a32c5930, L_00000260a32c5930, L_00000260a32c5930, L_00000260a32c5930;
LS_00000260a32c59d0_0_4 .concat [ 1 1 1 1], L_00000260a32c5930, L_00000260a32c5930, L_00000260a32c5930, L_00000260a32c5930;
LS_00000260a32c59d0_0_8 .concat [ 1 1 1 1], L_00000260a32c5930, L_00000260a32c5930, L_00000260a32c5930, L_00000260a32c5930;
LS_00000260a32c59d0_0_12 .concat [ 1 1 1 1], L_00000260a32c5930, L_00000260a32c5930, L_00000260a32c5930, L_00000260a32c5930;
LS_00000260a32c59d0_0_16 .concat [ 1 1 1 1], L_00000260a32c5930, L_00000260a32c5930, L_00000260a32c5930, L_00000260a32c5930;
LS_00000260a32c59d0_0_20 .concat [ 1 1 1 1], L_00000260a32c5930, L_00000260a32c5930, L_00000260a32c5930, L_00000260a32c5930;
LS_00000260a32c59d0_1_0 .concat [ 4 4 4 4], LS_00000260a32c59d0_0_0, LS_00000260a32c59d0_0_4, LS_00000260a32c59d0_0_8, LS_00000260a32c59d0_0_12;
LS_00000260a32c59d0_1_4 .concat [ 4 4 0 0], LS_00000260a32c59d0_0_16, LS_00000260a32c59d0_0_20;
L_00000260a32c59d0 .concat [ 16 8 0 0], LS_00000260a32c59d0_1_0, LS_00000260a32c59d0_1_4;
L_00000260a32c5a70 .part v00000260a328cde0_0, 0, 8;
L_00000260a32c5e30 .concat [ 8 24 0 0], L_00000260a32c5a70, L_00000260a32c59d0;
LS_00000260a32c61f0_0_0 .concat [ 1 1 1 1], L_00000260a32c5930, L_00000260a32c5930, L_00000260a32c5930, L_00000260a32c5930;
LS_00000260a32c61f0_0_4 .concat [ 1 1 1 1], L_00000260a32c5930, L_00000260a32c5930, L_00000260a32c5930, L_00000260a32c5930;
LS_00000260a32c61f0_0_8 .concat [ 1 1 1 1], L_00000260a32c5930, L_00000260a32c5930, L_00000260a32c5930, L_00000260a32c5930;
LS_00000260a32c61f0_0_12 .concat [ 1 1 1 1], L_00000260a32c5930, L_00000260a32c5930, L_00000260a32c5930, L_00000260a32c5930;
L_00000260a32c61f0 .concat [ 4 4 4 4], LS_00000260a32c61f0_0_0, LS_00000260a32c61f0_0_4, LS_00000260a32c61f0_0_8, LS_00000260a32c61f0_0_12;
L_00000260a32c5f70 .part v00000260a328cde0_0, 0, 16;
L_00000260a32c6010 .concat [ 16 16 0 0], L_00000260a32c5f70, L_00000260a32c61f0;
L_00000260a32c6150 .functor MUXZ 32, v00000260a328cde0_0, L_00000260a32c6010, L_00000260a32c6ab0, C4<>;
L_00000260a32c9f30 .functor MUXZ 32, L_00000260a32c6150, L_00000260a32c5e30, L_00000260a32c6650, C4<>;
L_00000260a32c98f0 .functor MUXZ 32, v00000260a328cde0_0, L_00000260a32c9f30, L_00000260a3338a60, C4<>;
L_00000260a32c9170 .part v00000260a328b120_0, 0, 2;
L_00000260a32c9990 .ufunc/vec4 TD_icache_pipeline_tb.dut.u_mem.mk_wstrb, 4, v00000260a328cf20_0, L_00000260a32c9170 (v00000260a3289460_0, v00000260a328a040_0) S_00000260a327db50;
L_00000260a32c81d0 .functor MUXZ 4, L_00000260a32d7c80, L_00000260a32c9990, v00000260a328c340_0, C4<>;
L_00000260a32c8a90 .part v00000260a328b120_0, 0, 2;
L_00000260a32c9d50 .ufunc/vec4 TD_icache_pipeline_tb.dut.u_mem.align_store_data, 32, v00000260a328d060_0, v00000260a328cf20_0, L_00000260a32c8a90 (v00000260a3289aa0_0, v00000260a3289c80_0, v00000260a328a360_0) S_00000260a327d6a0;
L_00000260a32c8130 .functor MUXZ 32, v00000260a328c0c0_0, L_00000260a32c98f0, L_00000260a3338de0, C4<>;
S_00000260a327d6a0 .scope function.vec4.s32, "align_store_data" "align_store_data" 20 177, 20 177 0, S_00000260a327d1f0;
 .timescale -9 -12;
v00000260a328a360_0 .var "a_lo", 1 0;
; Variable align_store_data is vec4 return value of scope S_00000260a327d6a0
v00000260a3289aa0_0 .var "sd", 31 0;
v00000260a3289c80_0 .var "size_f3", 2 0;
v00000260a32896e0_0 .var "v", 31 0;
TD_icache_pipeline_tb.dut.u_mem.align_store_data ;
    %load/vec4 v00000260a3289c80_0;
    %parti/s 2, 0, 2;
    %dup/vec4;
    %pushi/vec4 0, 0, 2;
    %cmp/u;
    %jmp/1 T_8.26, 6;
    %dup/vec4;
    %pushi/vec4 1, 0, 2;
    %cmp/u;
    %jmp/1 T_8.27, 6;
    %load/vec4 v00000260a3289aa0_0;
    %store/vec4 v00000260a32896e0_0, 0, 32;
    %jmp T_8.29;
T_8.26 ;
    %pushi/vec4 0, 0, 24;
    %load/vec4 v00000260a3289aa0_0;
    %parti/s 8, 0, 2;
    %concat/vec4; draw_concat_vec4
    %load/vec4 v00000260a328a360_0;
    %pad/u 32;
    %muli 8, 0, 32;
    %ix/vec4 4;
    %shiftl 4;
    %store/vec4 v00000260a32896e0_0, 0, 32;
    %jmp T_8.29;
T_8.27 ;
    %load/vec4 v00000260a328a360_0;
    %parti/s 1, 1, 2;
    %flag_set/vec4 8;
    %jmp/0 T_8.30, 8;
    %load/vec4 v00000260a3289aa0_0;
    %parti/s 16, 0, 2;
    %concati/vec4 0, 0, 16;
    %jmp/1 T_8.31, 8;
T_8.30 ; End of true expr.
    %pushi/vec4 0, 0, 16;
    %load/vec4 v00000260a3289aa0_0;
    %parti/s 16, 0, 2;
    %concat/vec4; draw_concat_vec4
    %jmp/0 T_8.31, 8;
 ; End of false expr.
    %blend;
T_8.31;
    %store/vec4 v00000260a32896e0_0, 0, 32;
    %jmp T_8.29;
T_8.29 ;
    %pop/vec4 1;
    %load/vec4 v00000260a32896e0_0;
    %ret/vec4 0, 0, 32;  Assign to align_store_data (store_vec4_to_lval)
    %end;
S_00000260a327db50 .scope function.vec4.s4, "mk_wstrb" "mk_wstrb" 20 162, 20 162 0, S_00000260a327d1f0;
 .timescale -9 -12;
v00000260a328a040_0 .var "a_lo", 1 0;
; Variable mk_wstrb is vec4 return value of scope S_00000260a327db50
v00000260a3289460_0 .var "size_f3", 2 0;
v00000260a3289640_0 .var "st", 3 0;
TD_icache_pipeline_tb.dut.u_mem.mk_wstrb ;
    %load/vec4 v00000260a3289460_0;
    %parti/s 2, 0, 2;
    %dup/vec4;
    %pushi/vec4 0, 0, 2;
    %cmp/u;
    %jmp/1 T_9.32, 6;
    %dup/vec4;
    %pushi/vec4 1, 0, 2;
    %cmp/u;
    %jmp/1 T_9.33, 6;
    %pushi/vec4 15, 0, 4;
    %store/vec4 v00000260a3289640_0, 0, 4;
    %jmp T_9.35;
T_9.32 ;
    %pushi/vec4 1, 0, 4;
    %ix/getv 4, v00000260a328a040_0;
    %shiftl 4;
    %store/vec4 v00000260a3289640_0, 0, 4;
    %jmp T_9.35;
T_9.33 ;
    %load/vec4 v00000260a328a040_0;
    %parti/s 1, 1, 2;
    %flag_set/vec4 8;
    %jmp/0 T_9.36, 8;
    %pushi/vec4 12, 0, 4;
    %jmp/1 T_9.37, 8;
T_9.36 ; End of true expr.
    %pushi/vec4 3, 0, 4;
    %jmp/0 T_9.37, 8;
 ; End of false expr.
    %blend;
T_9.37;
    %store/vec4 v00000260a3289640_0, 0, 4;
    %jmp T_9.35;
T_9.35 ;
    %pop/vec4 1;
    %load/vec4 v00000260a3289640_0;
    %ret/vec4 0, 0, 4;  Assign to mk_wstrb (store_vec4_to_lval)
    %end;
S_00000260a327e000 .scope module, "u_mem_wb" "mem_wb" 4 1916, 21 3 0, S_00000260a3202f10;
 .timescale -9 -12;
    .port_info 0 /INPUT 1 "clk";
    .port_info 1 /INPUT 1 "rst_n";
    .port_info 2 /INPUT 1 "i_valid";
    .port_info 3 /INPUT 1 "i_flush";
    .port_info 4 /INPUT 1 "i_stall";
    .port_info 5 /INPUT 5 "i_rd";
    .port_info 6 /INPUT 1 "i_rd_wen";
    .port_info 7 /INPUT 32 "i_alu_result";
    .port_info 8 /INPUT 32 "i_mem_rdata";
    .port_info 9 /INPUT 32 "i_pc_plus4";
    .port_info 10 /INPUT 2 "i_wb_sel";
    .port_info 11 /OUTPUT 1 "o_valid";
    .port_info 12 /OUTPUT 5 "o_rd";
    .port_info 13 /OUTPUT 1 "o_rd_wen";
    .port_info 14 /OUTPUT 32 "o_wb_wdata";
L_00000260a333cf10 .functor BUFZ 1, v00000260a328bb20_0, C4<0>, C4<0>, C4<0>;
L_00000260a333d370 .functor AND 1, v00000260a328bb20_0, v00000260a328d880_0, C4<1>, C4<1>;
v00000260a328b8a0_0 .net "clk", 0 0, L_00000260a2d5a060;  alias, 1 drivers
v00000260a328b940_0 .net "i_alu_result", 31 0, L_00000260a3339630;  alias, 1 drivers
v00000260a328d2e0_0 .net "i_flush", 0 0, L_00000260a333cc00;  alias, 1 drivers
v00000260a328c980_0 .net "i_mem_rdata", 31 0, L_00000260a32c8130;  alias, 1 drivers
v00000260a328d4c0_0 .net "i_pc_plus4", 31 0, L_00000260a33386e0;  alias, 1 drivers
v00000260a328ca20_0 .net "i_rd", 4 0, L_00000260a33388a0;  alias, 1 drivers
v00000260a328d7e0_0 .net "i_rd_wen", 0 0, L_00000260a333a0b0;  alias, 1 drivers
v00000260a328c020_0 .net "i_stall", 0 0, L_00000260a333d300;  alias, 1 drivers
v00000260a328c660_0 .net "i_valid", 0 0, L_00000260a32caa70;  alias, 1 drivers
v00000260a328c700_0 .net "i_wb_sel", 1 0, L_00000260a3339be0;  alias, 1 drivers
v00000260a328ba80_0 .net "o_rd", 4 0, v00000260a328d6a0_0;  alias, 1 drivers
v00000260a328c7a0_0 .net "o_rd_wen", 0 0, L_00000260a333d370;  alias, 1 drivers
v00000260a328d560_0 .net "o_valid", 0 0, L_00000260a333cf10;  alias, 1 drivers
v00000260a328cca0_0 .net "o_wb_wdata", 31 0, v00000260a328bbc0_0;  alias, 1 drivers
v00000260a328d600_0 .var "rd_d", 4 0;
v00000260a328d6a0_0 .var "rd_q", 4 0;
v00000260a328dd80_0 .var "rd_wen_d", 0 0;
v00000260a328d880_0 .var "rd_wen_q", 0 0;
v00000260a328d920_0 .net "rst_n", 0 0, L_00000260a32bb250;  alias, 1 drivers
v00000260a328dc40_0 .var "valid_d", 0 0;
v00000260a328bb20_0 .var "valid_q", 0 0;
v00000260a328df60_0 .var "wb_wdata_d", 31 0;
v00000260a328bbc0_0 .var "wb_wdata_q", 31 0;
E_00000260a318a170/0 .event anyedge, v00000260a328bb20_0, v00000260a328d6a0_0, v00000260a328d880_0, v00000260a328bbc0_0;
E_00000260a318a170/1 .event anyedge, v00000260a328d2e0_0, v00000260a328c020_0, v00000260a328c660_0, v00000260a2e50330_0;
E_00000260a318a170/2 .event anyedge, v00000260a2e50970_0, v00000260a2e4f9d0_0, v00000260a2e50b50_0, v00000260a2e52950_0;
E_00000260a318a170/3 .event anyedge, v00000260a2e50ab0_0;
E_00000260a318a170 .event/or E_00000260a318a170/0, E_00000260a318a170/1, E_00000260a318a170/2, E_00000260a318a170/3;
S_00000260a327d380 .scope function.vec4.s32, "wb_mux" "wb_mux" 21 33, 21 33 0, S_00000260a327e000;
 .timescale -9 -12;
v00000260a328c3e0_0 .var "alu_result", 31 0;
v00000260a328d1a0_0 .var "mem_rdata", 31 0;
v00000260a328d380_0 .var "pc_plus4", 31 0;
v00000260a328d240_0 .var "sel", 1 0;
; Variable wb_mux is vec4 return value of scope S_00000260a327d380
TD_icache_pipeline_tb.dut.u_mem_wb.wb_mux ;
    %load/vec4 v00000260a328d240_0;
    %dup/vec4;
    %pushi/vec4 0, 0, 2;
    %cmp/u;
    %jmp/1 T_10.38, 6;
    %dup/vec4;
    %pushi/vec4 1, 0, 2;
    %cmp/u;
    %jmp/1 T_10.39, 6;
    %dup/vec4;
    %pushi/vec4 2, 0, 2;
    %cmp/u;
    %jmp/1 T_10.40, 6;
    %load/vec4 v00000260a328c3e0_0;
    %ret/vec4 0, 0, 32;  Assign to wb_mux (store_vec4_to_lval)
    %jmp T_10.42;
T_10.38 ;
    %load/vec4 v00000260a328c3e0_0;
    %ret/vec4 0, 0, 32;  Assign to wb_mux (store_vec4_to_lval)
    %jmp T_10.42;
T_10.39 ;
    %load/vec4 v00000260a328d1a0_0;
    %ret/vec4 0, 0, 32;  Assign to wb_mux (store_vec4_to_lval)
    %jmp T_10.42;
T_10.40 ;
    %load/vec4 v00000260a328d380_0;
    %ret/vec4 0, 0, 32;  Assign to wb_mux (store_vec4_to_lval)
    %jmp T_10.42;
T_10.42 ;
    %pop/vec4 1;
    %end;
S_00000260a327dce0 .scope module, "u_misalign" "misalign_check" 4 1320, 22 3 0, S_00000260a3202f10;
 .timescale -9 -12;
    .port_info 0 /INPUT 1 "is_ctrl_taken_i";
    .port_info 1 /INPUT 32 "ctrl_target_i";
    .port_info 2 /INPUT 1 "mem_read_i";
    .port_info 3 /INPUT 1 "mem_write_i";
    .port_info 4 /INPUT 3 "mem_funct3_i";
    .port_info 5 /INPUT 32 "mem_addr_i";
    .port_info 6 /OUTPUT 1 "insn_addr_misaligned_o";
    .port_info 7 /OUTPUT 1 "load_addr_misaligned_o";
    .port_info 8 /OUTPUT 1 "store_addr_misaligned_o";
L_00000260a3337020 .functor OR 1, L_00000260a32c51b0, L_00000260a32c45d0, C4<0>, C4<0>;
L_00000260a3336df0 .functor AND 1, L_00000260a3337020, L_00000260a32c3130, C4<1>, C4<1>;
L_00000260a33379c0 .functor AND 1, L_00000260a32c3bd0, L_00000260a32c4670, C4<1>, C4<1>;
L_00000260a3337870 .functor AND 1, L_00000260a32c31d0, L_00000260a32c4c10, C4<1>, C4<1>;
L_00000260a3336c30 .functor AND 1, L_00000260a32c3270, L_00000260a32c4170, C4<1>, C4<1>;
L_00000260a3338520 .functor AND 1, L_00000260a3337b80, L_00000260a32c3a90, C4<1>, C4<1>;
L_00000260a3336ae0 .functor OR 1, L_00000260a3336df0, L_00000260a33379c0, C4<0>, C4<0>;
L_00000260a3338050 .functor AND 1, L_00000260a33383d0, L_00000260a3336ae0, C4<1>, C4<1>;
L_00000260a3337b10 .functor OR 1, L_00000260a3337870, L_00000260a3336c30, C4<0>, C4<0>;
L_00000260a3337800 .functor AND 1, L_00000260a3337100, L_00000260a3337b10, C4<1>, C4<1>;
L_00000260a32d70b0 .functor BUFT 1, C4<001>, C4<0>, C4<0>, C4<0>;
v00000260a328e640_0 .net/2u *"_ivl_0", 2 0, L_00000260a32d70b0;  1 drivers
v00000260a328e960_0 .net *"_ivl_11", 0 0, L_00000260a32c3130;  1 drivers
L_00000260a32d7140 .functor BUFT 1, C4<010>, C4<0>, C4<0>, C4<0>;
v00000260a328e500_0 .net/2u *"_ivl_14", 2 0, L_00000260a32d7140;  1 drivers
v00000260a328eb40_0 .net *"_ivl_16", 0 0, L_00000260a32c3bd0;  1 drivers
v00000260a328eaa0_0 .net *"_ivl_19", 1 0, L_00000260a32c40d0;  1 drivers
v00000260a328ebe0_0 .net *"_ivl_2", 0 0, L_00000260a32c51b0;  1 drivers
L_00000260a32d7188 .functor BUFT 1, C4<00>, C4<0>, C4<0>, C4<0>;
v00000260a328e1e0_0 .net/2u *"_ivl_20", 1 0, L_00000260a32d7188;  1 drivers
v00000260a328e820_0 .net *"_ivl_22", 0 0, L_00000260a32c4670;  1 drivers
L_00000260a32d71d0 .functor BUFT 1, C4<001>, C4<0>, C4<0>, C4<0>;
v00000260a328ef00_0 .net/2u *"_ivl_26", 2 0, L_00000260a32d71d0;  1 drivers
v00000260a328e280_0 .net *"_ivl_28", 0 0, L_00000260a32c31d0;  1 drivers
v00000260a328e8c0_0 .net *"_ivl_31", 0 0, L_00000260a32c4c10;  1 drivers
L_00000260a32d7218 .functor BUFT 1, C4<010>, C4<0>, C4<0>, C4<0>;
v00000260a328e0a0_0 .net/2u *"_ivl_34", 2 0, L_00000260a32d7218;  1 drivers
v00000260a328ec80_0 .net *"_ivl_36", 0 0, L_00000260a32c3270;  1 drivers
v00000260a328e780_0 .net *"_ivl_39", 1 0, L_00000260a32c4b70;  1 drivers
L_00000260a32d70f8 .functor BUFT 1, C4<101>, C4<0>, C4<0>, C4<0>;
v00000260a328e5a0_0 .net/2u *"_ivl_4", 2 0, L_00000260a32d70f8;  1 drivers
L_00000260a32d7260 .functor BUFT 1, C4<00>, C4<0>, C4<0>, C4<0>;
v00000260a328e6e0_0 .net/2u *"_ivl_40", 1 0, L_00000260a32d7260;  1 drivers
v00000260a328ea00_0 .net *"_ivl_42", 0 0, L_00000260a32c4170;  1 drivers
v00000260a328ed20_0 .net *"_ivl_47", 1 0, L_00000260a32c3db0;  1 drivers
L_00000260a32d72a8 .functor BUFT 1, C4<00>, C4<0>, C4<0>, C4<0>;
v00000260a328e460_0 .net/2u *"_ivl_48", 1 0, L_00000260a32d72a8;  1 drivers
v00000260a328e140_0 .net *"_ivl_50", 0 0, L_00000260a32c3a90;  1 drivers
v00000260a328edc0_0 .net *"_ivl_55", 0 0, L_00000260a3336ae0;  1 drivers
v00000260a328e320_0 .net *"_ivl_59", 0 0, L_00000260a3337b10;  1 drivers
v00000260a328e3c0_0 .net *"_ivl_6", 0 0, L_00000260a32c45d0;  1 drivers
v00000260a328ee60_0 .net *"_ivl_9", 0 0, L_00000260a3337020;  1 drivers
v00000260a327f820_0 .net "ctrl_target_i", 31 0, L_00000260a32c3450;  alias, 1 drivers
v00000260a32814e0_0 .net "insn_addr_misaligned_o", 0 0, L_00000260a3338520;  alias, 1 drivers
v00000260a32807c0_0 .net "is_ctrl_taken_i", 0 0, L_00000260a3337b80;  1 drivers
v00000260a327f6e0_0 .net "load_addr_misaligned_o", 0 0, L_00000260a3338050;  alias, 1 drivers
v00000260a3280b80_0 .net "load_half_misaligned", 0 0, L_00000260a3336df0;  1 drivers
v00000260a327fa00_0 .net "load_word_misaligned", 0 0, L_00000260a33379c0;  1 drivers
v00000260a3280860_0 .net "mem_addr_i", 31 0, v00000260a2e54070_0;  alias, 1 drivers
v00000260a32802c0_0 .net "mem_funct3_i", 2 0, L_00000260a3333270;  alias, 1 drivers
v00000260a3281580_0 .net "mem_read_i", 0 0, L_00000260a33383d0;  1 drivers
v00000260a3281800_0 .net "mem_write_i", 0 0, L_00000260a3337100;  1 drivers
v00000260a3280040_0 .net "store_addr_misaligned_o", 0 0, L_00000260a3337800;  alias, 1 drivers
v00000260a32800e0_0 .net "store_half_misaligned", 0 0, L_00000260a3337870;  1 drivers
v00000260a3280180_0 .net "store_word_misaligned", 0 0, L_00000260a3336c30;  1 drivers
L_00000260a32c51b0 .cmp/eq 3, L_00000260a3333270, L_00000260a32d70b0;
L_00000260a32c45d0 .cmp/eq 3, L_00000260a3333270, L_00000260a32d70f8;
L_00000260a32c3130 .part v00000260a2e54070_0, 0, 1;
L_00000260a32c3bd0 .cmp/eq 3, L_00000260a3333270, L_00000260a32d7140;
L_00000260a32c40d0 .part v00000260a2e54070_0, 0, 2;
L_00000260a32c4670 .cmp/ne 2, L_00000260a32c40d0, L_00000260a32d7188;
L_00000260a32c31d0 .cmp/eq 3, L_00000260a3333270, L_00000260a32d71d0;
L_00000260a32c4c10 .part v00000260a2e54070_0, 0, 1;
L_00000260a32c3270 .cmp/eq 3, L_00000260a3333270, L_00000260a32d7218;
L_00000260a32c4b70 .part v00000260a2e54070_0, 0, 2;
L_00000260a32c4170 .cmp/ne 2, L_00000260a32c4b70, L_00000260a32d7260;
L_00000260a32c3db0 .part L_00000260a32c3450, 0, 2;
L_00000260a32c3a90 .cmp/ne 2, L_00000260a32c3db0, L_00000260a32d72a8;
S_00000260a327de70 .scope module, "u_pc" "pc" 4 775, 23 2 0, S_00000260a3202f10;
 .timescale -9 -12;
    .port_info 0 /INPUT 1 "clk";
    .port_info 1 /INPUT 1 "rst_n";
    .port_info 2 /INPUT 1 "stall_i";
    .port_info 3 /INPUT 1 "redirect_valid_i";
    .port_info 4 /INPUT 32 "redirect_pc_i";
    .port_info 5 /OUTPUT 32 "pc_o";
P_00000260a318a030 .param/l "RESET_PC" 0 23 15, C4<10000000000000000000000000000000>;
v00000260a3281620_0 .net "clk", 0 0, L_00000260a2d5a060;  alias, 1 drivers
v00000260a3280220_0 .var "pc_d", 31 0;
v00000260a327f0a0_0 .net "pc_o", 31 0, v00000260a327fdc0_0;  alias, 1 drivers
v00000260a327fdc0_0 .var "pc_q", 31 0;
v00000260a3281080_0 .net "redirect_pc_i", 31 0, L_00000260a32c6bf0;  alias, 1 drivers
v00000260a327f460_0 .net "redirect_valid_i", 0 0, L_00000260a3339940;  alias, 1 drivers
v00000260a327f500_0 .net "rst_n", 0 0, L_00000260a32bb250;  alias, 1 drivers
v00000260a327f1e0_0 .net "stall_i", 0 0, L_00000260a333e870;  alias, 1 drivers
E_00000260a318a370 .event anyedge, v00000260a327f460_0, v00000260a3281080_0, v00000260a327f1e0_0, v00000260a327fdc0_0;
S_00000260a327e640 .scope function.vec4.s32, "align4" "align4" 23 21, 23 21 0, S_00000260a327de70;
 .timescale -9 -12;
v00000260a327f780_0 .var "a", 31 0;
; Variable align4 is vec4 return value of scope S_00000260a327e640
TD_icache_pipeline_tb.dut.u_pc.align4 ;
    %load/vec4 v00000260a327f780_0;
    %parti/s 30, 2, 3;
    %concati/vec4 0, 0, 2;
    %ret/vec4 0, 0, 32;  Assign to align4 (store_vec4_to_lval)
    %end;
S_00000260a327d830 .scope module, "u_uart_rx_mmio" "uart_rx" 4 1787, 24 5 0, S_00000260a3202f10;
 .timescale -9 -12;
    .port_info 0 /INPUT 1 "clk";
    .port_info 1 /INPUT 1 "rst_n";
    .port_info 2 /INPUT 1 "rx_i";
    .port_info 3 /OUTPUT 8 "data_o";
    .port_info 4 /OUTPUT 1 "valid_o";
P_00000260a2acca60 .param/l "BAUD" 0 24 7, +C4<00000000000011110100001001000000>;
P_00000260a2acca98 .param/l "CLKS_PER_BIT" 1 24 15, +C4<00000000000000000000000001100100>;
P_00000260a2accad0 .param/l "CLK_HZ" 0 24 6, +C4<00000101111101011110000100000000>;
P_00000260a2accb08 .param/l "CNT_W" 1 24 17, +C4<00000000000000000000000000000111>;
P_00000260a2accb40 .param/l "HALF_CLKS" 1 24 16, +C4<00000000000000000000000000110010>;
P_00000260a2accb78 .param/l "S_DATA" 1 24 21, C4<10>;
P_00000260a2accbb0 .param/l "S_IDLE" 1 24 19, C4<00>;
P_00000260a2accbe8 .param/l "S_START" 1 24 20, C4<01>;
P_00000260a2accc20 .param/l "S_STOP" 1 24 22, C4<11>;
v00000260a3280680_0 .var "bit_idx", 2 0;
v00000260a3280360_0 .net "clk", 0 0, L_00000260a2d5a060;  alias, 1 drivers
v00000260a32816c0_0 .var "clk_cnt", 6 0;
v00000260a3281440_0 .var "data_o", 7 0;
v00000260a327fb40_0 .net "rst_n", 0 0, L_00000260a32bb250;  alias, 1 drivers
v00000260a3280720_0 .net "rx_i", 0 0, v00000260a32a7180_0;  1 drivers
v00000260a327f320_0 .var "shift", 7 0;
v00000260a32804a0_0 .var "state", 1 0;
v00000260a3280540_0 .var "valid_o", 0 0;
S_00000260a327e190 .scope module, "u_uart_tx" "uart_tx" 4 1798, 25 5 0, S_00000260a3202f10;
 .timescale -9 -12;
    .port_info 0 /INPUT 8 "data_in";
    .port_info 1 /INPUT 1 "Tx_en";
    .port_info 2 /INPUT 1 "clk_50m";
    .port_info 3 /INPUT 1 "rst_n";
    .port_info 4 /OUTPUT 1 "Tx";
    .port_info 5 /OUTPUT 1 "Tx_busy";
P_00000260a31c0740 .param/l "BAUD" 0 25 7, +C4<00000000000011110100001001000000>;
P_00000260a31c0778 .param/l "CLKS_PER_BIT" 1 25 22, +C4<00000000000000000000000001100100>;
P_00000260a31c07b0 .param/l "CLK_HZ" 0 25 6, +C4<00000101111101011110000100000000>;
P_00000260a31c07e8 .param/l "CNT_W" 1 25 23, +C4<00000000000000000000000000000111>;
P_00000260a31c0820 .param/l "TX_STATE_DATA" 1 25 19, C4<10>;
P_00000260a31c0858 .param/l "TX_STATE_IDLE" 1 25 17, C4<00>;
P_00000260a31c0890 .param/l "TX_STATE_START" 1 25 18, C4<01>;
P_00000260a31c08c8 .param/l "TX_STATE_STOP" 1 25 20, C4<11>;
L_00000260a333bb60 .functor NOT 1, v00000260a327ff00_0, C4<0>, C4<0>, C4<0>;
L_00000260a333bbd0 .functor AND 1, v00000260a32a8b20_0, L_00000260a333bb60, C4<1>, C4<1>;
v00000260a3280400_0 .var "Tx", 0 0;
v00000260a32811c0_0 .net "Tx_busy", 0 0, L_00000260a32c8950;  alias, 1 drivers
v00000260a3280ea0_0 .net "Tx_en", 0 0, v00000260a32a8b20_0;  1 drivers
v00000260a32805e0_0 .net *"_ivl_0", 0 0, L_00000260a333bb60;  1 drivers
L_00000260a32d82b0 .functor BUFT 1, C4<00>, C4<0>, C4<0>, C4<0>;
v00000260a327f8c0_0 .net/2u *"_ivl_4", 1 0, L_00000260a32d82b0;  1 drivers
v00000260a3280f40_0 .var "bit_pos", 2 0;
v00000260a3280d60_0 .net "clk_50m", 0 0, L_00000260a2d5a060;  alias, 1 drivers
v00000260a327f280_0 .var "clk_cnt", 6 0;
v00000260a327f5a0_0 .var "data_buf", 7 0;
v00000260a327f960_0 .net "data_in", 7 0, v00000260a32a8bc0_0;  1 drivers
v00000260a3280ae0_0 .net "rst_n", 0 0, L_00000260a32bb250;  alias, 1 drivers
v00000260a327faa0_0 .var "state", 1 0;
v00000260a327ff00_0 .var "tx_en_d", 0 0;
v00000260a3281760_0 .net "tx_start", 0 0, L_00000260a333bbd0;  1 drivers
L_00000260a32c8950 .cmp/ne 2, v00000260a327faa0_0, L_00000260a32d82b0;
S_00000260a327e4b0 .scope module, "u_wb" "wb_stage" 4 1935, 26 5 0, S_00000260a3202f10;
 .timescale -9 -12;
    .port_info 0 /INPUT 1 "clk";
    .port_info 1 /INPUT 1 "rst_n";
    .port_info 2 /INPUT 1 "i_valid";
    .port_info 3 /INPUT 5 "i_rd";
    .port_info 4 /INPUT 1 "i_rd_wen";
    .port_info 5 /INPUT 32 "i_wb_wdata";
    .port_info 6 /OUTPUT 1 "rf_we_o";
    .port_info 7 /OUTPUT 5 "rf_waddr_o";
    .port_info 8 /OUTPUT 32 "rf_wdata_o";
    .port_info 9 /OUTPUT 1 "wb_fwd_valid_o";
    .port_info 10 /OUTPUT 5 "wb_fwd_rd_o";
    .port_info 11 /OUTPUT 32 "wb_fwd_data_o";
P_00000260a3189970 .param/l "XLEN" 0 26 25, +C4<00000000000000000000000000100000>;
L_00000260a333d4c0 .functor AND 1, L_00000260a333cf10, L_00000260a333d370, C4<1>, C4<1>;
L_00000260a333cf80 .functor NOT 1, L_00000260a32ccd70, C4<0>, C4<0>, C4<0>;
L_00000260a333bfc0 .functor AND 1, L_00000260a333d4c0, L_00000260a333cf80, C4<1>, C4<1>;
L_00000260a333cb90 .functor BUFZ 1, L_00000260a333bfc0, C4<0>, C4<0>, C4<0>;
L_00000260a333c650 .functor BUFZ 5, v00000260a328d6a0_0, C4<00000>, C4<00000>, C4<00000>;
L_00000260a333d680 .functor BUFZ 32, v00000260a328bbc0_0, C4<00000000000000000000000000000000>, C4<00000000000000000000000000000000>, C4<00000000000000000000000000000000>;
L_00000260a333cc70 .functor BUFZ 1, L_00000260a333bfc0, C4<0>, C4<0>, C4<0>;
L_00000260a333cff0 .functor BUFZ 5, v00000260a328d6a0_0, C4<00000>, C4<00000>, C4<00000>;
L_00000260a333d290 .functor BUFZ 32, v00000260a328bbc0_0, C4<00000000000000000000000000000000>, C4<00000000000000000000000000000000>, C4<00000000000000000000000000000000>;
L_00000260a32d8a48 .functor BUFT 1, C4<00000>, C4<0>, C4<0>, C4<0>;
v00000260a32809a0_0 .net/2u *"_ivl_0", 4 0, L_00000260a32d8a48;  1 drivers
v00000260a327f640_0 .net *"_ivl_4", 0 0, L_00000260a333d4c0;  1 drivers
v00000260a327f140_0 .net *"_ivl_6", 0 0, L_00000260a333cf80;  1 drivers
v00000260a327f3c0_0 .net "clk", 0 0, L_00000260a2d5a060;  alias, 1 drivers
v00000260a3281300_0 .net "do_write", 0 0, L_00000260a333bfc0;  1 drivers
v00000260a3280cc0_0 .net "i_rd", 4 0, v00000260a328d6a0_0;  alias, 1 drivers
v00000260a327fbe0_0 .net "i_rd_wen", 0 0, L_00000260a333d370;  alias, 1 drivers
v00000260a327fc80_0 .net "i_valid", 0 0, L_00000260a333cf10;  alias, 1 drivers
v00000260a3280a40_0 .net "i_wb_wdata", 31 0, v00000260a328bbc0_0;  alias, 1 drivers
v00000260a327fd20_0 .net "rd_is_x0", 0 0, L_00000260a32ccd70;  1 drivers
v00000260a327fe60_0 .net "rf_waddr_o", 4 0, L_00000260a333c650;  alias, 1 drivers
v00000260a327ffa0_0 .net "rf_wdata_o", 31 0, L_00000260a333d680;  alias, 1 drivers
v00000260a3280c20_0 .net "rf_we_o", 0 0, L_00000260a333cb90;  alias, 1 drivers
v00000260a3280e00_0 .net "rst_n", 0 0, L_00000260a32bb250;  alias, 1 drivers
v00000260a3280fe0_0 .net "wb_fwd_data_o", 31 0, L_00000260a333d290;  1 drivers
v00000260a3281120_0 .net "wb_fwd_rd_o", 4 0, L_00000260a333cff0;  1 drivers
v00000260a3281260_0 .net "wb_fwd_valid_o", 0 0, L_00000260a333cc70;  1 drivers
L_00000260a32ccd70 .cmp/eq 5, v00000260a328d6a0_0, L_00000260a32d8a48;
S_00000260a327d060 .scope function.vec4.s8, "get_byte" "get_byte" 3 180, 3 180 0, S_00000260a32017a0;
 .timescale -9 -12;
v00000260a32a9fc0_0 .var "data", 63 0;
; Variable get_byte is vec4 return value of scope S_00000260a327d060
v00000260a32a9d40_0 .var/i "idx", 31 0;
TD_icache_pipeline_tb.get_byte ;
    %load/vec4 v00000260a32a9d40_0;
    %dup/vec4;
    %pushi/vec4 0, 0, 32;
    %cmp/u;
    %jmp/1 T_12.43, 6;
    %dup/vec4;
    %pushi/vec4 1, 0, 32;
    %cmp/u;
    %jmp/1 T_12.44, 6;
    %dup/vec4;
    %pushi/vec4 2, 0, 32;
    %cmp/u;
    %jmp/1 T_12.45, 6;
    %dup/vec4;
    %pushi/vec4 3, 0, 32;
    %cmp/u;
    %jmp/1 T_12.46, 6;
    %dup/vec4;
    %pushi/vec4 4, 0, 32;
    %cmp/u;
    %jmp/1 T_12.47, 6;
    %dup/vec4;
    %pushi/vec4 5, 0, 32;
    %cmp/u;
    %jmp/1 T_12.48, 6;
    %dup/vec4;
    %pushi/vec4 6, 0, 32;
    %cmp/u;
    %jmp/1 T_12.49, 6;
    %dup/vec4;
    %pushi/vec4 7, 0, 32;
    %cmp/u;
    %jmp/1 T_12.50, 6;
    %pushi/vec4 0, 0, 8;
    %ret/vec4 0, 0, 8;  Assign to get_byte (store_vec4_to_lval)
    %jmp T_12.52;
T_12.43 ;
    %load/vec4 v00000260a32a9fc0_0;
    %parti/s 8, 0, 2;
    %ret/vec4 0, 0, 8;  Assign to get_byte (store_vec4_to_lval)
    %jmp T_12.52;
T_12.44 ;
    %load/vec4 v00000260a32a9fc0_0;
    %parti/s 8, 8, 5;
    %ret/vec4 0, 0, 8;  Assign to get_byte (store_vec4_to_lval)
    %jmp T_12.52;
T_12.45 ;
    %load/vec4 v00000260a32a9fc0_0;
    %parti/s 8, 16, 6;
    %ret/vec4 0, 0, 8;  Assign to get_byte (store_vec4_to_lval)
    %jmp T_12.52;
T_12.46 ;
    %load/vec4 v00000260a32a9fc0_0;
    %parti/s 8, 24, 6;
    %ret/vec4 0, 0, 8;  Assign to get_byte (store_vec4_to_lval)
    %jmp T_12.52;
T_12.47 ;
    %load/vec4 v00000260a32a9fc0_0;
    %parti/s 8, 32, 7;
    %ret/vec4 0, 0, 8;  Assign to get_byte (store_vec4_to_lval)
    %jmp T_12.52;
T_12.48 ;
    %load/vec4 v00000260a32a9fc0_0;
    %parti/s 8, 40, 7;
    %ret/vec4 0, 0, 8;  Assign to get_byte (store_vec4_to_lval)
    %jmp T_12.52;
T_12.49 ;
    %load/vec4 v00000260a32a9fc0_0;
    %parti/s 8, 48, 7;
    %ret/vec4 0, 0, 8;  Assign to get_byte (store_vec4_to_lval)
    %jmp T_12.52;
T_12.50 ;
    %load/vec4 v00000260a32a9fc0_0;
    %parti/s 8, 56, 7;
    %ret/vec4 0, 0, 8;  Assign to get_byte (store_vec4_to_lval)
    %jmp T_12.52;
T_12.52 ;
    %pop/vec4 1;
    %end;
S_00000260a327ee10 .scope function.vec4.s64, "make_beat" "make_beat" 3 233, 3 233 0, S_00000260a32017a0;
 .timescale -9 -12;
v00000260a32aa100_0 .var "base", 31 0;
v00000260a32abaa0_0 .var "beat", 3 0;
; Variable make_beat is vec4 return value of scope S_00000260a327ee10
v00000260a32aaec0_0 .var "w0", 31 0;
v00000260a32aace0_0 .var "w1", 31 0;
TD_icache_pipeline_tb.make_beat ;
    %load/vec4 v00000260a32aa100_0;
    %load/vec4 v00000260a32abaa0_0;
    %pad/u 32;
    %muli 8, 0, 32;
    %add;
    %store/vec4 v00000260a32ab0a0_0, 0, 32;
    %callf/vec4 TD_icache_pipeline_tb.mem_read_word, S_00000260a327e960;
    %store/vec4 v00000260a32aaec0_0, 0, 32;
    %load/vec4 v00000260a32aa100_0;
    %load/vec4 v00000260a32abaa0_0;
    %pad/u 32;
    %muli 8, 0, 32;
    %add;
    %addi 4, 0, 32;
    %store/vec4 v00000260a32ab0a0_0, 0, 32;
    %callf/vec4 TD_icache_pipeline_tb.mem_read_word, S_00000260a327e960;
    %store/vec4 v00000260a32aace0_0, 0, 32;
    %load/vec4 v00000260a32aace0_0;
    %load/vec4 v00000260a32aaec0_0;
    %concat/vec4; draw_concat_vec4
    %ret/vec4 0, 0, 64;  Assign to make_beat (store_vec4_to_lval)
    %end;
S_00000260a327e7d0 .scope function.vec4.s32, "mem_index" "mem_index" 3 154, 3 154 0, S_00000260a32017a0;
 .timescale -9 -12;
v00000260a32aa1a0_0 .var "addr", 31 0;
; Variable mem_index is vec4 return value of scope S_00000260a327e7d0
TD_icache_pipeline_tb.mem_index ;
    %load/vec4 v00000260a32aa1a0_0;
    %parti/s 1, 31, 6;
    %cmpi/ne 0, 0, 1;
    %flag_mov 8, 4;
    %jmp/0 T_14.53, 8;
    %load/vec4 v00000260a32aa1a0_0;
    %subi 2147483648, 0, 32;
    %ix/load 4, 2, 0;
    %flag_set/imm 4, 0;
    %shiftr 4;
    %jmp/1 T_14.54, 8;
T_14.53 ; End of true expr.
    %load/vec4 v00000260a32aa1a0_0;
    %ix/load 4, 2, 0;
    %flag_set/imm 4, 0;
    %shiftr 4;
    %jmp/0 T_14.54, 8;
 ; End of false expr.
    %blend;
T_14.54;
    %ret/vec4 0, 0, 32;  Assign to mem_index (store_vec4_to_lval)
    %end;
S_00000260a327e960 .scope function.vec4.s32, "mem_read_word" "mem_read_word" 3 161, 3 161 0, S_00000260a32017a0;
 .timescale -9 -12;
v00000260a32ab0a0_0 .var "addr", 31 0;
v00000260a32aad80_0 .var "idx", 31 0;
; Variable mem_read_word is vec4 return value of scope S_00000260a327e960
TD_icache_pipeline_tb.mem_read_word ;
    %load/vec4 v00000260a32ab0a0_0;
    %store/vec4 v00000260a32aa1a0_0, 0, 32;
    %callf/vec4 TD_icache_pipeline_tb.mem_index, S_00000260a327e7d0;
    %store/vec4 v00000260a32aad80_0, 0, 32;
    %load/vec4 v00000260a32aad80_0;
    %cmpi/u 131072, 0, 32;
    %jmp/0xz  T_15.55, 5;
    %ix/getv 4, v00000260a32aad80_0;
    %load/vec4a v00000260a32b0320, 4;
    %ret/vec4 0, 0, 32;  Assign to mem_read_word (store_vec4_to_lval)
    %jmp T_15.56;
T_15.55 ;
    %pushi/vec4 19, 0, 32;
    %ret/vec4 0, 0, 32;  Assign to mem_read_word (store_vec4_to_lval)
T_15.56 ;
    %end;
S_00000260a327eaf0 .scope function.vec4.s32, "mem_word" "mem_word" 3 173, 3 173 0, S_00000260a32017a0;
 .timescale -9 -12;
v00000260a32aa560_0 .var "addr", 31 0;
; Variable mem_word is vec4 return value of scope S_00000260a327eaf0
TD_icache_pipeline_tb.mem_word ;
    %load/vec4 v00000260a32aa560_0;
    %store/vec4 v00000260a32ab0a0_0, 0, 32;
    %callf/vec4 TD_icache_pipeline_tb.mem_read_word, S_00000260a327e960;
    %ret/vec4 0, 0, 32;  Assign to mem_word (store_vec4_to_lval)
    %end;
S_00000260a327ec80 .scope task, "mem_write64" "mem_write64" 3 218, 3 218 0, S_00000260a32017a0;
 .timescale -9 -12;
v00000260a32aa240_0 .var "addr", 31 0;
v00000260a32aa600_0 .var/i "b", 31 0;
v00000260a32aae20_0 .var "data", 63 0;
v00000260a32aa380_0 .var "wstrb", 7 0;
TD_icache_pipeline_tb.mem_write64 ;
    %pushi/vec4 0, 0, 32;
    %store/vec4 v00000260a32aa600_0, 0, 32;
T_17.57 ;
    %load/vec4 v00000260a32aa600_0;
    %cmpi/s 8, 0, 32;
    %jmp/0xz T_17.58, 5;
    %load/vec4 v00000260a32aa380_0;
    %load/vec4 v00000260a32aa600_0;
    %part/s 1;
    %flag_set/vec4 8;
    %jmp/0xz  T_17.59, 8;
    %load/vec4 v00000260a32aa240_0;
    %load/vec4 v00000260a32aa600_0;
    %add;
    %store/vec4 v00000260a32abe60_0, 0, 32;
    %load/vec4 v00000260a32aae20_0;
    %load/vec4 v00000260a32aa600_0;
    %store/vec4 v00000260a32a9d40_0, 0, 32;
    %store/vec4 v00000260a32a9fc0_0, 0, 64;
    %callf/vec4 TD_icache_pipeline_tb.get_byte, S_00000260a327d060;
    %store/vec4 v00000260a32ab280_0, 0, 8;
    %fork TD_icache_pipeline_tb.mem_write_byte, S_00000260a327d510;
    %join;
T_17.59 ;
    %load/vec4 v00000260a32aa600_0;
    %addi 1, 0, 32;
    %store/vec4 v00000260a32aa600_0, 0, 32;
    %jmp T_17.57;
T_17.58 ;
    %end;
S_00000260a327d510 .scope task, "mem_write_byte" "mem_write_byte" 3 198, 3 198 0, S_00000260a32017a0;
 .timescale -9 -12;
v00000260a32abe60_0 .var "addr", 31 0;
v00000260a32a9b60_0 .var "idx", 31 0;
v00000260a32ab280_0 .var "value", 7 0;
v00000260a32ab3c0_0 .var "word", 31 0;
TD_icache_pipeline_tb.mem_write_byte ;
    %load/vec4 v00000260a32abe60_0;
    %store/vec4 v00000260a32aa1a0_0, 0, 32;
    %callf/vec4 TD_icache_pipeline_tb.mem_index, S_00000260a327e7d0;
    %store/vec4 v00000260a32a9b60_0, 0, 32;
    %load/vec4 v00000260a32a9b60_0;
    %cmpi/u 131072, 0, 32;
    %jmp/0xz  T_18.61, 5;
    %ix/getv 4, v00000260a32a9b60_0;
    %load/vec4a v00000260a32b0320, 4;
    %store/vec4 v00000260a32ab3c0_0, 0, 32;
    %load/vec4 v00000260a32abe60_0;
    %parti/s 2, 0, 2;
    %dup/vec4;
    %pushi/vec4 0, 0, 2;
    %cmp/u;
    %jmp/1 T_18.63, 6;
    %dup/vec4;
    %pushi/vec4 1, 0, 2;
    %cmp/u;
    %jmp/1 T_18.64, 6;
    %dup/vec4;
    %pushi/vec4 2, 0, 2;
    %cmp/u;
    %jmp/1 T_18.65, 6;
    %dup/vec4;
    %pushi/vec4 3, 0, 2;
    %cmp/u;
    %jmp/1 T_18.66, 6;
    %jmp T_18.67;
T_18.63 ;
    %load/vec4 v00000260a32ab280_0;
    %ix/load 4, 0, 0;
    %flag_set/imm 4, 0;
    %store/vec4 v00000260a32ab3c0_0, 4, 8;
    %jmp T_18.67;
T_18.64 ;
    %load/vec4 v00000260a32ab280_0;
    %ix/load 4, 8, 0;
    %flag_set/imm 4, 0;
    %store/vec4 v00000260a32ab3c0_0, 4, 8;
    %jmp T_18.67;
T_18.65 ;
    %load/vec4 v00000260a32ab280_0;
    %ix/load 4, 16, 0;
    %flag_set/imm 4, 0;
    %store/vec4 v00000260a32ab3c0_0, 4, 8;
    %jmp T_18.67;
T_18.66 ;
    %load/vec4 v00000260a32ab280_0;
    %ix/load 4, 24, 0;
    %flag_set/imm 4, 0;
    %store/vec4 v00000260a32ab3c0_0, 4, 8;
    %jmp T_18.67;
T_18.67 ;
    %pop/vec4 1;
    %load/vec4 v00000260a32ab3c0_0;
    %ix/getv 4, v00000260a32a9b60_0;
    %store/vec4a v00000260a32b0320, 4, 0;
T_18.61 ;
    %end;
S_00000260a32b20c0 .scope function.vec4.u32, "rand_mod_tb" "rand_mod_tb" 3 446, 3 446 0, S_00000260a32017a0;
 .timescale -9 -12;
v00000260a32aa9c0_0 .var/i "maxv", 31 0;
v00000260a32ab460_0 .var/i "r", 31 0;
; Variable rand_mod_tb is vec4 return value of scope S_00000260a32b20c0
TD_icache_pipeline_tb.rand_mod_tb ;
    %load/vec4 v00000260a32aa9c0_0;
    %cmpi/s 0, 0, 32;
    %flag_or 5, 4;
    %jmp/0xz  T_19.68, 5;
    %pushi/vec4 0, 0, 32;
    %ret/vec4 0, 0, 32;  Assign to rand_mod_tb (store_vec4_to_lval)
    %jmp T_19.69;
T_19.68 ;
    %vpi_func 3 453 "$random" 32, v00000260a32b93b0_0 {0 0 0};
    %store/vec4 v00000260a32ab460_0, 0, 32;
    %load/vec4 v00000260a32ab460_0;
    %cmpi/s 0, 0, 32;
    %jmp/0xz  T_19.70, 5;
    %load/vec4 v00000260a32ab460_0;
    %inv;
    %pushi/vec4 1, 0, 32;
    %add;
    %store/vec4 v00000260a32ab460_0, 0, 32;
T_19.70 ;
    %load/vec4 v00000260a32ab460_0;
    %load/vec4 v00000260a32aa9c0_0;
    %addi 1, 0, 32;
    %mod/s;
    %ret/vec4 0, 0, 32;  Assign to rand_mod_tb (store_vec4_to_lval)
T_19.69 ;
    %end;
S_00000260a32b3e70 .scope task, "resolve_tb_memfile" "resolve_tb_memfile" 3 461, 3 461 0, S_00000260a32017a0;
 .timescale -9 -12;
v00000260a32abf00_0 .var/i "fd_local", 31 0;
v00000260a32abfa0_0 .var "found_o", 0 0;
v00000260a32ab640_0 .var "path_io", 511 0;
TD_icache_pipeline_tb.resolve_tb_memfile ;
    %pushi/vec4 0, 0, 1;
    %store/vec4 v00000260a32abfa0_0, 0, 1;
    %load/vec4 v00000260a32ab640_0;
    %store/vec4 v00000260a32af240_0, 0, 512;
    %vpi_func 3 468 "$fopen" 32, v00000260a32af240_0, "r" {0 0 0};
    %store/vec4 v00000260a32abf00_0, 0, 32;
    %load/vec4 v00000260a32abf00_0;
    %cmpi/e 0, 0, 32;
    %jmp/0xz  T_20.72, 4;
    %pushi/vec4 11823, 0, 16; draw_string_vec4
    %load/vec4 v00000260a32ab640_0;
    %concat/vec4; draw_concat_vec4
    %pad/u 512;
    %store/vec4 v00000260a32af240_0, 0, 512;
    %vpi_func 3 471 "$fopen" 32, v00000260a32af240_0, "r" {0 0 0};
    %store/vec4 v00000260a32abf00_0, 0, 32;
T_20.72 ;
    %load/vec4 v00000260a32abf00_0;
    %cmpi/e 0, 0, 32;
    %jmp/0xz  T_20.74, 4;
    %pushi/vec4 3026479, 0, 24; draw_string_vec4
    %load/vec4 v00000260a32ab640_0;
    %concat/vec4; draw_concat_vec4
    %pad/u 512;
    %store/vec4 v00000260a32af240_0, 0, 512;
    %vpi_func 3 475 "$fopen" 32, v00000260a32af240_0, "r" {0 0 0};
    %store/vec4 v00000260a32abf00_0, 0, 32;
T_20.74 ;
    %load/vec4 v00000260a32abf00_0;
    %cmpi/e 0, 0, 32;
    %jmp/0xz  T_20.76, 4;
    %pushi/vec4 774778670, 0, 32; draw_string_vec4
    %pushi/vec4 11823, 0, 16; draw_string_vec4
    %concat/vec4; draw_string_vec4
    %load/vec4 v00000260a32ab640_0;
    %concat/vec4; draw_concat_vec4
    %pad/u 512;
    %store/vec4 v00000260a32af240_0, 0, 512;
    %vpi_func 3 479 "$fopen" 32, v00000260a32af240_0, "r" {0 0 0};
    %store/vec4 v00000260a32abf00_0, 0, 32;
T_20.76 ;
    %load/vec4 v00000260a32abf00_0;
    %cmpi/e 0, 0, 32;
    %jmp/0xz  T_20.78, 4;
    %pushi/vec4 774778670, 0, 32; draw_string_vec4
    %pushi/vec4 774843950, 0, 32; draw_string_vec4
    %concat/vec4; draw_string_vec4
    %pushi/vec4 47, 0, 8; draw_string_vec4
    %concat/vec4; draw_string_vec4
    %load/vec4 v00000260a32ab640_0;
    %concat/vec4; draw_concat_vec4
    %pad/u 512;
    %store/vec4 v00000260a32af240_0, 0, 512;
    %vpi_func 3 483 "$fopen" 32, v00000260a32af240_0, "r" {0 0 0};
    %store/vec4 v00000260a32abf00_0, 0, 32;
T_20.78 ;
    %load/vec4 v00000260a32abf00_0;
    %cmpi/e 0, 0, 32;
    %jmp/0xz  T_20.80, 4;
    %pushi/vec4 774778670, 0, 32; draw_string_vec4
    %pushi/vec4 774843950, 0, 32; draw_string_vec4
    %concat/vec4; draw_string_vec4
    %pushi/vec4 791555631, 0, 32; draw_string_vec4
    %concat/vec4; draw_string_vec4
    %load/vec4 v00000260a32ab640_0;
    %concat/vec4; draw_concat_vec4
    %pad/u 512;
    %store/vec4 v00000260a32af240_0, 0, 512;
    %vpi_func 3 487 "$fopen" 32, v00000260a32af240_0, "r" {0 0 0};
    %store/vec4 v00000260a32abf00_0, 0, 32;
T_20.80 ;
    %load/vec4 v00000260a32abf00_0;
    %cmpi/e 0, 0, 32;
    %jmp/0xz  T_20.82, 4;
    %pushi/vec4 774778670, 0, 32; draw_string_vec4
    %pushi/vec4 774843950, 0, 32; draw_string_vec4
    %concat/vec4; draw_string_vec4
    %pushi/vec4 791555631, 0, 32; draw_string_vec4
    %concat/vec4; draw_string_vec4
    %pushi/vec4 3026479, 0, 24; draw_string_vec4
    %concat/vec4; draw_string_vec4
    %load/vec4 v00000260a32ab640_0;
    %concat/vec4; draw_concat_vec4
    %pad/u 512;
    %store/vec4 v00000260a32af240_0, 0, 512;
    %vpi_func 3 491 "$fopen" 32, v00000260a32af240_0, "r" {0 0 0};
    %store/vec4 v00000260a32abf00_0, 0, 32;
T_20.82 ;
    %load/vec4 v00000260a32abf00_0;
    %cmpi/e 0, 0, 32;
    %jmp/0xz  T_20.84, 4;
    %pushi/vec4 774778670, 0, 32; draw_string_vec4
    %pushi/vec4 774843950, 0, 32; draw_string_vec4
    %concat/vec4; draw_string_vec4
    %pushi/vec4 791555631, 0, 32; draw_string_vec4
    %concat/vec4; draw_string_vec4
    %pushi/vec4 774778670, 0, 32; draw_string_vec4
    %concat/vec4; draw_string_vec4
    %pushi/vec4 11823, 0, 16; draw_string_vec4
    %concat/vec4; draw_string_vec4
    %load/vec4 v00000260a32ab640_0;
    %concat/vec4; draw_concat_vec4
    %pad/u 512;
    %store/vec4 v00000260a32af240_0, 0, 512;
    %vpi_func 3 495 "$fopen" 32, v00000260a32af240_0, "r" {0 0 0};
    %store/vec4 v00000260a32abf00_0, 0, 32;
T_20.84 ;
    %load/vec4 v00000260a32abf00_0;
    %cmpi/ne 0, 0, 32;
    %jmp/0xz  T_20.86, 4;
    %vpi_call/w 3 498 "$fclose", v00000260a32abf00_0 {0 0 0};
    %load/vec4 v00000260a32af240_0;
    %store/vec4 v00000260a32ab640_0, 0, 512;
    %pushi/vec4 1, 0, 1;
    %store/vec4 v00000260a32abfa0_0, 0, 1;
T_20.86 ;
    %end;
S_00000260a32b2890 .scope task, "tb_finish" "tb_finish" 3 572, 3 572 0, S_00000260a32017a0;
 .timescale -9 -12;
TD_icache_pipeline_tb.tb_finish ;
    %fork TD_icache_pipeline_tb.dump_cov, S_00000260a3202bf0;
    %join;
    %fork TD_icache_pipeline_tb.dump_state_cov, S_00000260a3202d80;
    %join;
    %load/vec4 v00000260a32bad50_0;
    %cmpi/ne 0, 0, 32;
    %jmp/0xz  T_21.88, 4;
    %vpi_call/w 3 577 "$fclose", v00000260a32bad50_0 {0 0 0};
    %pushi/vec4 0, 0, 32;
    %store/vec4 v00000260a32bad50_0, 0, 32;
T_21.88 ;
    %vpi_call/w 3 580 "$finish" {0 0 0};
    %end;
S_00000260a32b2a20 .scope task, "uart_wait_clocks" "uart_wait_clocks" 3 584, 3 584 0, S_00000260a32017a0;
 .timescale -9 -12;
v00000260a32abbe0_0 .var/i "i", 31 0;
v00000260a32a9c00_0 .var/i "n", 31 0;
E_00000260a31894f0 .event posedge, v00000260a3296ef0_0;
TD_icache_pipeline_tb.uart_wait_clocks ;
    %pushi/vec4 0, 0, 32;
    %store/vec4 v00000260a32abbe0_0, 0, 32;
T_22.90 ;
    %load/vec4 v00000260a32abbe0_0;
    %load/vec4 v00000260a32a9c00_0;
    %cmp/s;
    %jmp/0xz T_22.91, 5;
    %wait E_00000260a31894f0;
    %load/vec4 v00000260a32abbe0_0;
    %addi 1, 0, 32;
    %store/vec4 v00000260a32abbe0_0, 0, 32;
    %jmp T_22.90;
T_22.91 ;
    %end;
S_00000260a32b2700 .scope function.vec4.s64, "uc_read_data" "uc_read_data" 3 245, 3 245 0, S_00000260a32017a0;
 .timescale -9 -12;
v00000260a32abb40_0 .var "addr", 31 0;
; Variable uc_read_data is vec4 return value of scope S_00000260a32b2700
v00000260a32ab820_0 .var "word", 31 0;
TD_icache_pipeline_tb.uc_read_data ;
    %load/vec4 v00000260a32abb40_0;
    %parti/s 1, 2, 3;
    %flag_set/vec4 8;
    %jmp/0xz  T_23.92, 8;
    %load/vec4 v00000260a32ab820_0;
    %concati/vec4 0, 0, 32;
    %ret/vec4 0, 0, 64;  Assign to uc_read_data (store_vec4_to_lval)
    %jmp T_23.93;
T_23.92 ;
    %pushi/vec4 0, 0, 32;
    %load/vec4 v00000260a32ab820_0;
    %concat/vec4; draw_concat_vec4
    %ret/vec4 0, 0, 64;  Assign to uc_read_data (store_vec4_to_lval)
T_23.93 ;
    %end;
    .scope S_00000260a327de70;
T_24 ;
    %wait E_00000260a318a370;
    %load/vec4 v00000260a327f460_0;
    %flag_set/vec4 8;
    %jmp/0xz  T_24.0, 8;
    %load/vec4 v00000260a3281080_0;
    %store/vec4 v00000260a327f780_0, 0, 32;
    %callf/vec4 TD_icache_pipeline_tb.dut.u_pc.align4, S_00000260a327e640;
    %store/vec4 v00000260a3280220_0, 0, 32;
    %jmp T_24.1;
T_24.0 ;
    %load/vec4 v00000260a327f1e0_0;
    %flag_set/vec4 8;
    %jmp/0xz  T_24.2, 8;
    %load/vec4 v00000260a327fdc0_0;
    %store/vec4 v00000260a3280220_0, 0, 32;
    %jmp T_24.3;
T_24.2 ;
    %load/vec4 v00000260a327fdc0_0;
    %addi 4, 0, 32;
    %store/vec4 v00000260a3280220_0, 0, 32;
T_24.3 ;
T_24.1 ;
    %jmp T_24;
    .thread T_24, $push;
    .scope S_00000260a327de70;
T_25 ;
    %wait E_00000260a3188630;
    %load/vec4 v00000260a327f500_0;
    %nor/r;
    %flag_set/vec4 8;
    %jmp/0xz  T_25.0, 8;
    %pushi/vec4 2147483648, 0, 32;
    %assign/vec4 v00000260a327fdc0_0, 0;
    %jmp T_25.1;
T_25.0 ;
    %load/vec4 v00000260a3280220_0;
    %assign/vec4 v00000260a327fdc0_0, 0;
T_25.1 ;
    %jmp T_25;
    .thread T_25;
    .scope S_00000260a2182ce0;
T_26 ;
    %wait E_00000260a31889f0;
    %load/vec4 v00000260a2ab0070_0;
    %nor/r;
    %flag_set/vec4 8;
    %jmp/0xz  T_26.0, 8;
    %pushi/vec4 0, 0, 3;
    %assign/vec4 v00000260a2ab0110_0, 0;
    %pushi/vec4 0, 0, 1;
    %assign/vec4 v00000260a2ab1e70_0, 0;
    %pushi/vec4 0, 0, 1;
    %assign/vec4 v00000260a2ab11f0_0, 0;
    %pushi/vec4 0, 0, 1;
    %assign/vec4 v00000260a2ab5430_0, 0;
    %pushi/vec4 0, 0, 32;
    %assign/vec4 v00000260a2ab65b0_0, 0;
    %pushi/vec4 0, 0, 32;
    %assign/vec4 v00000260a2ab6d30_0, 0;
    %pushi/vec4 0, 0, 1;
    %assign/vec4 v00000260a2ab6e70_0, 0;
    %pushi/vec4 0, 0, 1;
    %assign/vec4 v00000260a2ab7870_0, 0;
    %pushi/vec4 0, 0, 32;
    %assign/vec4 v00000260a2ab5a70_0, 0;
    %pushi/vec4 0, 0, 2;
    %assign/vec4 v00000260a2ab5e30_0, 0;
    %pushi/vec4 0, 0, 3;
    %assign/vec4 v00000260a2ab7eb0_0, 0;
    %pushi/vec4 0, 0, 8;
    %assign/vec4 v00000260a2ab7af0_0, 0;
    %pushi/vec4 0, 0, 1;
    %assign/vec4 v00000260a2ab7cd0_0, 0;
    %pushi/vec4 0, 0, 1;
    %assign/vec4 v00000260a2ab5390_0, 0;
    %pushi/vec4 0, 0, 1;
    %assign/vec4 v00000260a2ab6330_0, 0;
    %pushi/vec4 0, 0, 1;
    %assign/vec4 v00000260a2ab5110_0, 0;
    %pushi/vec4 0, 0, 8;
    %assign/vec4 v00000260a2ab5570_0, 0;
    %pushi/vec4 0, 0, 1;
    %assign/vec4 v00000260a2ab6ab0_0, 0;
    %pushi/vec4 0, 0, 6;
    %assign/vec4 v00000260a2ab75f0_0, 0;
    %pushi/vec4 0, 0, 1;
    %assign/vec4 v00000260a2ab59d0_0, 0;
    %pushi/vec4 0, 0, 1;
    %assign/vec4 v00000260a2ab5070_0, 0;
    %pushi/vec4 0, 0, 6;
    %assign/vec4 v00000260a2ab56b0_0, 0;
    %pushi/vec4 0, 0, 1;
    %assign/vec4 v00000260a2ab6f10_0, 0;
    %pushi/vec4 0, 0, 1;
    %assign/vec4 v00000260a2ab2690_0, 0;
    %pushi/vec4 0, 0, 32;
    %store/vec4 v00000260a2ab6010_0, 0, 32;
T_26.2 ;
    %load/vec4 v00000260a2ab6010_0;
    %pad/s 64;
    %cmpi/s 64, 0, 64;
    %jmp/0xz T_26.3, 5;
    %pushi/vec4 0, 0, 1;
    %ix/getv/s 3, v00000260a2ab6010_0;
    %ix/load 4, 0, 0; Constant delay
    %assign/vec4/a/d v00000260a2ab0a70, 0, 4;
    %pushi/vec4 0, 0, 1;
    %ix/getv/s 3, v00000260a2ab6010_0;
    %ix/load 4, 0, 0; Constant delay
    %assign/vec4/a/d v00000260a2ab04d0, 0, 4;
    %pushi/vec4 0, 0, 1;
    %ix/getv/s 3, v00000260a2ab6010_0;
    %ix/load 4, 0, 0; Constant delay
    %assign/vec4/a/d v00000260a2ab07f0, 0, 4;
    %load/vec4 v00000260a2ab6010_0;
    %addi 1, 0, 32;
    %store/vec4 v00000260a2ab6010_0, 0, 32;
    %jmp T_26.2;
T_26.3 ;
    %jmp T_26.1;
T_26.0 ;
    %pushi/vec4 0, 0, 1;
    %assign/vec4 v00000260a2ab5390_0, 0;
    %pushi/vec4 0, 0, 1;
    %assign/vec4 v00000260a2ab6330_0, 0;
    %load/vec4 v00000260a2ab5d90_0;
    %assign/vec4 v00000260a2ab5110_0, 0;
    %load/vec4 v00000260a2ab7050_0;
    %flag_set/vec4 8;
    %jmp/0xz  T_26.4, 8;
    %load/vec4 v00000260a2ab5570_0;
    %addi 1, 0, 8;
    %assign/vec4 v00000260a2ab5570_0, 0;
    %pushi/vec4 0, 0, 1;
    %assign/vec4 v00000260a2ab5430_0, 0;
T_26.4 ;
    %load/vec4 v00000260a2ab5430_0;
    %flag_set/vec4 9;
    %flag_get/vec4 9;
    %jmp/0 T_26.8, 9;
    %load/vec4 v00000260a2ab5610_0;
    %and;
T_26.8;
    %flag_set/vec4 8;
    %jmp/0xz  T_26.6, 8;
    %pushi/vec4 0, 0, 1;
    %assign/vec4 v00000260a2ab5430_0, 0;
T_26.6 ;
    %load/vec4 v00000260a2ab5890_0;
    %flag_set/vec4 8;
    %jmp/0xz  T_26.9, 8;
    %pushi/vec4 1, 0, 1;
    %assign/vec4 v00000260a2ab6ab0_0, 0;
T_26.9 ;
    %load/vec4 v00000260a2ab7690_0;
    %flag_set/vec4 8;
    %jmp/0xz  T_26.11, 8;
    %pushi/vec4 1, 0, 1;
    %assign/vec4 v00000260a2ab59d0_0, 0;
    %load/vec4 v00000260a2ab5930_0;
    %assign/vec4 v00000260a2ab5070_0, 0;
    %load/vec4 v00000260a2ab7410_0;
    %assign/vec4 v00000260a2ab56b0_0, 0;
    %load/vec4 v00000260a2ab77d0_0;
    %assign/vec4 v00000260a2ab6f10_0, 0;
T_26.11 ;
    %load/vec4 v00000260a2ab0110_0;
    %pushi/vec4 1, 0, 3;
    %cmp/e;
    %flag_get/vec4 4;
    %nor/r;
    %flag_set/vec4 8;
    %jmp/0xz  T_26.13, 8;
    %load/vec4 v00000260a2ab7870_0;
    %flag_set/vec4 9;
    %flag_get/vec4 9;
    %jmp/0 T_26.17, 9;
    %load/vec4 v00000260a2ab7f50_0;
    %and;
T_26.17;
    %flag_set/vec4 8;
    %jmp/0xz  T_26.15, 8;
    %pushi/vec4 0, 0, 1;
    %assign/vec4 v00000260a2ab7870_0, 0;
T_26.15 ;
T_26.13 ;
    %load/vec4 v00000260a2ab0110_0;
    %dup/vec4;
    %pushi/vec4 0, 0, 3;
    %cmp/u;
    %jmp/1 T_26.18, 6;
    %dup/vec4;
    %pushi/vec4 1, 0, 3;
    %cmp/u;
    %jmp/1 T_26.19, 6;
    %dup/vec4;
    %pushi/vec4 2, 0, 3;
    %cmp/u;
    %jmp/1 T_26.20, 6;
    %dup/vec4;
    %pushi/vec4 3, 0, 3;
    %cmp/u;
    %jmp/1 T_26.21, 6;
    %dup/vec4;
    %pushi/vec4 4, 0, 3;
    %cmp/u;
    %jmp/1 T_26.22, 6;
    %dup/vec4;
    %pushi/vec4 5, 0, 3;
    %cmp/u;
    %jmp/1 T_26.23, 6;
    %dup/vec4;
    %pushi/vec4 6, 0, 3;
    %cmp/u;
    %jmp/1 T_26.24, 6;
    %pushi/vec4 0, 0, 3;
    %assign/vec4 v00000260a2ab0110_0, 0;
    %jmp T_26.26;
T_26.18 ;
    %pushi/vec4 0, 0, 1;
    %assign/vec4 v00000260a2ab7cd0_0, 0;
    %load/vec4 v00000260a2ab6ab0_0;
    %flag_set/vec4 8;
    %jmp/0xz  T_26.27, 8;
    %pushi/vec4 0, 0, 1;
    %assign/vec4 v00000260a2ab6ab0_0, 0;
    %pushi/vec4 0, 0, 6;
    %assign/vec4 v00000260a2ab75f0_0, 0;
    %pushi/vec4 6, 0, 3;
    %assign/vec4 v00000260a2ab0110_0, 0;
    %jmp T_26.28;
T_26.27 ;
    %load/vec4 v00000260a2ab59d0_0;
    %flag_set/vec4 8;
    %jmp/0xz  T_26.29, 8;
    %pushi/vec4 0, 0, 1;
    %assign/vec4 v00000260a2ab59d0_0, 0;
    %load/vec4 v00000260a2ab5070_0;
    %flag_set/vec4 8;
    %jmp/0xz  T_26.31, 8;
    %pushi/vec4 0, 0, 6;
    %assign/vec4 v00000260a2ab75f0_0, 0;
    %pushi/vec4 6, 0, 3;
    %assign/vec4 v00000260a2ab0110_0, 0;
    %jmp T_26.32;
T_26.31 ;
    %load/vec4 v00000260a2ab6f10_0;
    %cmpi/e 0, 0, 1;
    %jmp/0xz  T_26.33, 4;
    %pushi/vec4 0, 0, 1;
    %load/vec4 v00000260a2ab56b0_0;
    %pad/u 8;
    %ix/vec4 3;
    %ix/load 4, 0, 0; Constant delay
    %assign/vec4/a/d v00000260a2ab0a70, 0, 4;
    %jmp T_26.34;
T_26.33 ;
    %pushi/vec4 0, 0, 1;
    %load/vec4 v00000260a2ab56b0_0;
    %pad/u 8;
    %ix/vec4 3;
    %ix/load 4, 0, 0; Constant delay
    %assign/vec4/a/d v00000260a2ab04d0, 0, 4;
T_26.34 ;
    %pushi/vec4 1, 0, 1;
    %assign/vec4 v00000260a2ab6330_0, 0;
    %pushi/vec4 0, 0, 3;
    %assign/vec4 v00000260a2ab0110_0, 0;
T_26.32 ;
    %jmp T_26.30;
T_26.29 ;
    %load/vec4 v00000260a2ab5430_0;
    %flag_set/vec4 9;
    %flag_get/vec4 9;
    %jmp/0 T_26.37, 9;
    %load/vec4 v00000260a2ab5610_0;
    %nor/r;
    %and;
T_26.37;
    %flag_set/vec4 8;
    %jmp/0xz  T_26.35, 8;
    %load/vec4 v00000260a2ab1e70_0;
    %assign/vec4 v00000260a2ab1e70_0, 0;
    %load/vec4 v00000260a2ab11f0_0;
    %assign/vec4 v00000260a2ab11f0_0, 0;
    %jmp T_26.36;
T_26.35 ;
    %load/vec4 v00000260a2ab52f0_0;
    %assign/vec4 v00000260a2ab1e70_0, 0;
    %load/vec4 v00000260a2ab52f0_0;
    %flag_set/vec4 8;
    %jmp/0xz  T_26.38, 8;
    %load/vec4 v00000260a2ab6c90_0;
    %assign/vec4 v00000260a2ab0c50_0, 0;
    %load/vec4 v00000260a2ab54d0_0;
    %assign/vec4 v00000260a2ab0f70_0, 0;
    %load/vec4 v00000260a2ab5570_0;
    %assign/vec4 v00000260a2ab10b0_0, 0;
    %jmp T_26.39;
T_26.38 ;
    %load/vec4 v00000260a2ab0c50_0;
    %assign/vec4 v00000260a2ab0c50_0, 0;
    %load/vec4 v00000260a2ab0f70_0;
    %assign/vec4 v00000260a2ab0f70_0, 0;
    %load/vec4 v00000260a2ab10b0_0;
    %assign/vec4 v00000260a2ab10b0_0, 0;
T_26.39 ;
    %load/vec4 v00000260a2ab1e70_0;
    %assign/vec4 v00000260a2ab11f0_0, 0;
    %load/vec4 v00000260a2ab1e70_0;
    %flag_set/vec4 8;
    %jmp/0xz  T_26.40, 8;
    %load/vec4 v00000260a2ab0c50_0;
    %assign/vec4 v00000260a2ab0390_0, 0;
    %load/vec4 v00000260a2ab0f70_0;
    %assign/vec4 v00000260a2ab1830_0, 0;
    %load/vec4 v00000260a2ab10b0_0;
    %assign/vec4 v00000260a2ab1b50_0, 0;
    %load/vec4 v00000260a2ab0ed0_0;
    %pad/u 8;
    %ix/vec4 4;
    %load/vec4a v00000260a2ab0cf0, 4;
    %assign/vec4 v00000260a2ab1fb0_0, 0;
    %load/vec4 v00000260a2ab0ed0_0;
    %pad/u 8;
    %ix/vec4 4;
    %load/vec4a v00000260a2ab15b0, 4;
    %assign/vec4 v00000260a2ab0750_0, 0;
    %load/vec4 v00000260a2ab0ed0_0;
    %pad/u 8;
    %ix/vec4 4;
    %load/vec4a v00000260a2ab0a70, 4;
    %assign/vec4 v00000260a2ab1150_0, 0;
    %load/vec4 v00000260a2ab0ed0_0;
    %pad/u 8;
    %ix/vec4 4;
    %load/vec4a v00000260a2ab04d0, 4;
    %assign/vec4 v00000260a2ab24b0_0, 0;
    %load/vec4 v00000260a2ab0ed0_0;
    %pad/u 8;
    %ix/vec4 4;
    %load/vec4a v00000260a2ab6a10, 4;
    %assign/vec4 v00000260a2ab1dd0_0, 0;
    %load/vec4 v00000260a2ab0ed0_0;
    %pad/u 8;
    %ix/vec4 4;
    %load/vec4a v00000260a2ab5b10, 4;
    %assign/vec4 v00000260a2ab1f10_0, 0;
T_26.40 ;
    %load/vec4 v00000260a2ab11f0_0;
    %flag_set/vec4 8;
    %jmp/0xz  T_26.42, 8;
    %load/vec4 v00000260a2ab1830_0;
    %flag_set/vec4 8;
    %jmp/0xz  T_26.44, 8;
    %load/vec4 v00000260a2ab0390_0;
    %assign/vec4 v00000260a2ab7a50_0, 0;
    %pushi/vec4 1, 0, 1;
    %assign/vec4 v00000260a2ab7d70_0, 0;
    %load/vec4 v00000260a2ab1b50_0;
    %assign/vec4 v00000260a2ab7e10_0, 0;
    %load/vec4 v00000260a2ab0390_0;
    %assign/vec4 v00000260a2ab0bb0_0, 0;
    %pushi/vec4 0, 0, 1;
    %assign/vec4 v00000260a2ab2690_0, 0;
    %pushi/vec4 1, 0, 3;
    %assign/vec4 v00000260a2ab0110_0, 0;
    %jmp T_26.45;
T_26.44 ;
    %load/vec4 v00000260a2ab7370_0;
    %flag_set/vec4 8;
    %jmp/0xz  T_26.46, 8;
    %load/vec4 v00000260a2ab6510_0;
    %nor/r;
    %flag_set/vec4 8;
    %jmp/0xz  T_26.48, 8;
    %pushi/vec4 1, 0, 1;
    %assign/vec4 v00000260a2ab5430_0, 0;
    %load/vec4 v00000260a2ab0390_0;
    %assign/vec4 v00000260a2ab6d30_0, 0;
    %pushi/vec4 0, 0, 1;
    %assign/vec4 v00000260a2ab6e70_0, 0;
    %load/vec4 v00000260a2ab6b50_0;
    %flag_set/vec4 8;
    %jmp/0xz  T_26.50, 8;
    %load/vec4 v00000260a2ab1dd0_0;
    %load/vec4 v00000260a2ab1970_0;
    %store/vec4 v00000260a2ab6830_0, 0, 4;
    %store/vec4 v00000260a2ab66f0_0, 0, 512;
    %callf/vec4 TD_icache_pipeline_tb.dut.u_icache.u_icache.pick_word32, S_00000260a21829c0;
    %assign/vec4 v00000260a2ab65b0_0, 0;
    %pushi/vec4 1, 0, 1;
    %load/vec4 v00000260a2ab0250_0;
    %pad/u 8;
    %ix/vec4 3;
    %ix/load 4, 0, 0; Constant delay
    %assign/vec4/a/d v00000260a2ab07f0, 0, 4;
    %jmp T_26.51;
T_26.50 ;
    %load/vec4 v00000260a2ab1f10_0;
    %load/vec4 v00000260a2ab1970_0;
    %store/vec4 v00000260a2ab6830_0, 0, 4;
    %store/vec4 v00000260a2ab66f0_0, 0, 512;
    %callf/vec4 TD_icache_pipeline_tb.dut.u_icache.u_icache.pick_word32, S_00000260a21829c0;
    %assign/vec4 v00000260a2ab65b0_0, 0;
    %pushi/vec4 0, 0, 1;
    %load/vec4 v00000260a2ab0250_0;
    %pad/u 8;
    %ix/vec4 3;
    %ix/load 4, 0, 0; Constant delay
    %assign/vec4/a/d v00000260a2ab07f0, 0, 4;
T_26.51 ;
T_26.48 ;
    %jmp T_26.47;
T_26.46 ;
    %load/vec4 v00000260a2ab0390_0;
    %assign/vec4 v00000260a2ab7a50_0, 0;
    %pushi/vec4 0, 0, 1;
    %assign/vec4 v00000260a2ab7d70_0, 0;
    %load/vec4 v00000260a2ab1b50_0;
    %assign/vec4 v00000260a2ab7e10_0, 0;
    %load/vec4 v00000260a2ab0250_0;
    %assign/vec4 v00000260a2ab1010_0, 0;
    %load/vec4 v00000260a2ab0570_0;
    %assign/vec4 v00000260a2ab09d0_0, 0;
    %load/vec4 v00000260a2ab0390_0;
    %parti/s 26, 6, 4;
    %concati/vec4 0, 0, 6;
    %assign/vec4 v00000260a2ab0bb0_0, 0;
    %pushi/vec4 0, 0, 1;
    %assign/vec4 v00000260a2ab2690_0, 0;
    %load/vec4 v00000260a2ab1150_0;
    %nor/r;
    %flag_set/vec4 8;
    %jmp/0xz  T_26.52, 8;
    %pushi/vec4 0, 0, 1;
    %assign/vec4 v00000260a2ab0b10_0, 0;
    %jmp T_26.53;
T_26.52 ;
    %load/vec4 v00000260a2ab24b0_0;
    %nor/r;
    %flag_set/vec4 8;
    %jmp/0xz  T_26.54, 8;
    %pushi/vec4 1, 0, 1;
    %assign/vec4 v00000260a2ab0b10_0, 0;
    %jmp T_26.55;
T_26.54 ;
    %load/vec4 v00000260a2ab0250_0;
    %pad/u 8;
    %ix/vec4 4;
    %load/vec4a v00000260a2ab07f0, 4;
    %assign/vec4 v00000260a2ab0b10_0, 0;
T_26.55 ;
T_26.53 ;
    %pushi/vec4 1, 0, 3;
    %assign/vec4 v00000260a2ab0110_0, 0;
T_26.47 ;
T_26.45 ;
T_26.42 ;
T_26.36 ;
T_26.30 ;
T_26.28 ;
    %jmp T_26.26;
T_26.19 ;
    %pushi/vec4 1, 0, 1;
    %assign/vec4 v00000260a2ab7870_0, 0;
    %load/vec4 v00000260a2ab7d70_0;
    %flag_set/vec4 8;
    %jmp/0xz  T_26.56, 8;
    %pushi/vec4 1, 0, 2;
    %assign/vec4 v00000260a2ab5e30_0, 0;
    %load/vec4 v00000260a2ab0bb0_0;
    %assign/vec4 v00000260a2ab5a70_0, 0;
    %pushi/vec4 2, 0, 3;
    %assign/vec4 v00000260a2ab7eb0_0, 0;
    %pushi/vec4 0, 0, 8;
    %assign/vec4 v00000260a2ab7af0_0, 0;
    %jmp T_26.57;
T_26.56 ;
    %pushi/vec4 0, 0, 2;
    %assign/vec4 v00000260a2ab5e30_0, 0;
    %load/vec4 v00000260a2ab0bb0_0;
    %assign/vec4 v00000260a2ab5a70_0, 0;
    %pushi/vec4 3, 0, 3;
    %assign/vec4 v00000260a2ab7eb0_0, 0;
    %pushi/vec4 7, 0, 8;
    %assign/vec4 v00000260a2ab7af0_0, 0;
T_26.57 ;
    %pushi/vec4 0, 0, 1;
    %assign/vec4 v00000260a2ab7cd0_0, 0;
    %load/vec4 v00000260a2ab7870_0;
    %flag_set/vec4 9;
    %flag_get/vec4 9;
    %jmp/0 T_26.60, 9;
    %load/vec4 v00000260a2ab7f50_0;
    %and;
T_26.60;
    %flag_set/vec4 8;
    %jmp/0xz  T_26.58, 8;
    %pushi/vec4 0, 0, 1;
    %assign/vec4 v00000260a2ab7870_0, 0;
    %pushi/vec4 1, 0, 1;
    %assign/vec4 v00000260a2ab7cd0_0, 0;
    %pushi/vec4 0, 0, 512;
    %assign/vec4 v00000260a2ab02f0_0, 0;
    %pushi/vec4 0, 0, 4;
    %assign/vec4 v00000260a2ab22d0_0, 0;
    %pushi/vec4 0, 0, 1;
    %assign/vec4 v00000260a2ab2690_0, 0;
    %pushi/vec4 2, 0, 3;
    %assign/vec4 v00000260a2ab0110_0, 0;
T_26.58 ;
    %jmp T_26.26;
T_26.20 ;
    %pushi/vec4 1, 0, 1;
    %assign/vec4 v00000260a2ab7cd0_0, 0;
    %load/vec4 v00000260a2ab79b0_0;
    %flag_set/vec4 9;
    %flag_get/vec4 9;
    %jmp/0 T_26.63, 9;
    %load/vec4 v00000260a2ab7cd0_0;
    %and;
T_26.63;
    %flag_set/vec4 8;
    %jmp/0xz  T_26.61, 8;
    %load/vec4 v00000260a2ab7b90_0;
    %flag_set/vec4 8;
    %jmp/0xz  T_26.64, 8;
    %pushi/vec4 1, 0, 1;
    %assign/vec4 v00000260a2ab2690_0, 0;
T_26.64 ;
    %load/vec4 v00000260a2ab7d70_0;
    %flag_set/vec4 8;
    %jmp/0xz  T_26.66, 8;
    %load/vec4 v00000260a2ab7e10_0;
    %load/vec4 v00000260a2ab57f0_0;
    %cmp/ne;
    %flag_get/vec4 4;
    %nor/r;
    %flag_set/vec4 8;
    %jmp/0xz  T_26.68, 8;
    %pushi/vec4 1, 0, 1;
    %assign/vec4 v00000260a2ab5430_0, 0;
    %load/vec4 v00000260a2ab7a50_0;
    %assign/vec4 v00000260a2ab6d30_0, 0;
    %load/vec4 v00000260a2ab7c30_0;
    %parti/s 32, 0, 2;
    %assign/vec4 v00000260a2ab65b0_0, 0;
    %load/vec4 v00000260a2ab7b90_0;
    %assign/vec4 v00000260a2ab6e70_0, 0;
T_26.68 ;
    %pushi/vec4 0, 0, 1;
    %assign/vec4 v00000260a2ab7cd0_0, 0;
    %pushi/vec4 0, 0, 3;
    %assign/vec4 v00000260a2ab0110_0, 0;
    %jmp T_26.67;
T_26.66 ;
    %load/vec4 v00000260a2ab22d0_0;
    %dup/vec4;
    %pushi/vec4 0, 0, 4;
    %cmp/u;
    %jmp/1 T_26.70, 6;
    %dup/vec4;
    %pushi/vec4 1, 0, 4;
    %cmp/u;
    %jmp/1 T_26.71, 6;
    %dup/vec4;
    %pushi/vec4 2, 0, 4;
    %cmp/u;
    %jmp/1 T_26.72, 6;
    %dup/vec4;
    %pushi/vec4 3, 0, 4;
    %cmp/u;
    %jmp/1 T_26.73, 6;
    %dup/vec4;
    %pushi/vec4 4, 0, 4;
    %cmp/u;
    %jmp/1 T_26.74, 6;
    %dup/vec4;
    %pushi/vec4 5, 0, 4;
    %cmp/u;
    %jmp/1 T_26.75, 6;
    %dup/vec4;
    %pushi/vec4 6, 0, 4;
    %cmp/u;
    %jmp/1 T_26.76, 6;
    %dup/vec4;
    %pushi/vec4 7, 0, 4;
    %cmp/u;
    %jmp/1 T_26.77, 6;
    %load/vec4 v00000260a2ab02f0_0;
    %assign/vec4 v00000260a2ab02f0_0, 0;
    %jmp T_26.79;
T_26.70 ;
    %load/vec4 v00000260a2ab7c30_0;
    %ix/load 4, 0, 0;
    %ix/load 5, 0, 0;
    %flag_set/imm 4, 0;
    %assign/vec4/off/d v00000260a2ab02f0_0, 4, 5;
    %jmp T_26.79;
T_26.71 ;
    %load/vec4 v00000260a2ab7c30_0;
    %ix/load 4, 64, 0;
    %ix/load 5, 0, 0;
    %flag_set/imm 4, 0;
    %assign/vec4/off/d v00000260a2ab02f0_0, 4, 5;
    %jmp T_26.79;
T_26.72 ;
    %load/vec4 v00000260a2ab7c30_0;
    %ix/load 4, 128, 0;
    %ix/load 5, 0, 0;
    %flag_set/imm 4, 0;
    %assign/vec4/off/d v00000260a2ab02f0_0, 4, 5;
    %jmp T_26.79;
T_26.73 ;
    %load/vec4 v00000260a2ab7c30_0;
    %ix/load 4, 192, 0;
    %ix/load 5, 0, 0;
    %flag_set/imm 4, 0;
    %assign/vec4/off/d v00000260a2ab02f0_0, 4, 5;
    %jmp T_26.79;
T_26.74 ;
    %load/vec4 v00000260a2ab7c30_0;
    %ix/load 4, 256, 0;
    %ix/load 5, 0, 0;
    %flag_set/imm 4, 0;
    %assign/vec4/off/d v00000260a2ab02f0_0, 4, 5;
    %jmp T_26.79;
T_26.75 ;
    %load/vec4 v00000260a2ab7c30_0;
    %ix/load 4, 320, 0;
    %ix/load 5, 0, 0;
    %flag_set/imm 4, 0;
    %assign/vec4/off/d v00000260a2ab02f0_0, 4, 5;
    %jmp T_26.79;
T_26.76 ;
    %load/vec4 v00000260a2ab7c30_0;
    %ix/load 4, 384, 0;
    %ix/load 5, 0, 0;
    %flag_set/imm 4, 0;
    %assign/vec4/off/d v00000260a2ab02f0_0, 4, 5;
    %jmp T_26.79;
T_26.77 ;
    %load/vec4 v00000260a2ab7c30_0;
    %ix/load 4, 448, 0;
    %ix/load 5, 0, 0;
    %flag_set/imm 4, 0;
    %assign/vec4/off/d v00000260a2ab02f0_0, 4, 5;
    %jmp T_26.79;
T_26.79 ;
    %pop/vec4 1;
    %load/vec4 v00000260a2ab7910_0;
    %flag_set/vec4 8;
    %jmp/0xz  T_26.80, 8;
    %pushi/vec4 0, 0, 1;
    %assign/vec4 v00000260a2ab7cd0_0, 0;
    %load/vec4 v00000260a2ab2690_0;
    %flag_set/vec4 8;
    %jmp/1 T_26.84, 8;
    %load/vec4 v00000260a2ab7b90_0;
    %flag_set/vec4 9;
    %flag_or 8, 9;
T_26.84;
    %jmp/0xz  T_26.82, 8;
    %load/vec4 v00000260a2ab7e10_0;
    %load/vec4 v00000260a2ab57f0_0;
    %cmp/ne;
    %flag_get/vec4 4;
    %nor/r;
    %flag_set/vec4 8;
    %jmp/0xz  T_26.85, 8;
    %pushi/vec4 1, 0, 1;
    %assign/vec4 v00000260a2ab5430_0, 0;
    %load/vec4 v00000260a2ab7a50_0;
    %assign/vec4 v00000260a2ab6d30_0, 0;
    %pushi/vec4 19, 0, 32;
    %assign/vec4 v00000260a2ab65b0_0, 0;
    %pushi/vec4 1, 0, 1;
    %assign/vec4 v00000260a2ab6e70_0, 0;
T_26.85 ;
    %pushi/vec4 0, 0, 3;
    %assign/vec4 v00000260a2ab0110_0, 0;
    %jmp T_26.83;
T_26.82 ;
    %pushi/vec4 3, 0, 3;
    %assign/vec4 v00000260a2ab0110_0, 0;
T_26.83 ;
    %jmp T_26.81;
T_26.80 ;
    %load/vec4 v00000260a2ab22d0_0;
    %addi 1, 0, 4;
    %assign/vec4 v00000260a2ab22d0_0, 0;
T_26.81 ;
T_26.67 ;
T_26.61 ;
    %jmp T_26.26;
T_26.21 ;
    %load/vec4 v00000260a2ab0b10_0;
    %cmpi/e 0, 0, 1;
    %jmp/0xz  T_26.87, 4;
    %load/vec4 v00000260a2ab02f0_0;
    %load/vec4 v00000260a2ab1010_0;
    %pad/u 8;
    %ix/vec4 3;
    %ix/load 4, 0, 0; Constant delay
    %assign/vec4/a/d v00000260a2ab6a10, 0, 4;
    %load/vec4 v00000260a2ab09d0_0;
    %load/vec4 v00000260a2ab1010_0;
    %pad/u 8;
    %ix/vec4 3;
    %ix/load 4, 0, 0; Constant delay
    %assign/vec4/a/d v00000260a2ab0cf0, 0, 4;
    %pushi/vec4 1, 0, 1;
    %load/vec4 v00000260a2ab1010_0;
    %pad/u 8;
    %ix/vec4 3;
    %ix/load 4, 0, 0; Constant delay
    %assign/vec4/a/d v00000260a2ab0a70, 0, 4;
    %pushi/vec4 1, 0, 1;
    %load/vec4 v00000260a2ab1010_0;
    %pad/u 8;
    %ix/vec4 3;
    %ix/load 4, 0, 0; Constant delay
    %assign/vec4/a/d v00000260a2ab07f0, 0, 4;
    %jmp T_26.88;
T_26.87 ;
    %load/vec4 v00000260a2ab02f0_0;
    %load/vec4 v00000260a2ab1010_0;
    %pad/u 8;
    %ix/vec4 3;
    %ix/load 4, 0, 0; Constant delay
    %assign/vec4/a/d v00000260a2ab5b10, 0, 4;
    %load/vec4 v00000260a2ab09d0_0;
    %load/vec4 v00000260a2ab1010_0;
    %pad/u 8;
    %ix/vec4 3;
    %ix/load 4, 0, 0; Constant delay
    %assign/vec4/a/d v00000260a2ab15b0, 0, 4;
    %pushi/vec4 1, 0, 1;
    %load/vec4 v00000260a2ab1010_0;
    %pad/u 8;
    %ix/vec4 3;
    %ix/load 4, 0, 0; Constant delay
    %assign/vec4/a/d v00000260a2ab04d0, 0, 4;
    %pushi/vec4 0, 0, 1;
    %load/vec4 v00000260a2ab1010_0;
    %pad/u 8;
    %ix/vec4 3;
    %ix/load 4, 0, 0; Constant delay
    %assign/vec4/a/d v00000260a2ab07f0, 0, 4;
T_26.88 ;
    %pushi/vec4 4, 0, 3;
    %assign/vec4 v00000260a2ab0110_0, 0;
    %jmp T_26.26;
T_26.22 ;
    %pushi/vec4 1, 0, 1;
    %assign/vec4 v00000260a2ab11f0_0, 0;
    %load/vec4 v00000260a2ab7a50_0;
    %assign/vec4 v00000260a2ab0390_0, 0;
    %pushi/vec4 0, 0, 1;
    %assign/vec4 v00000260a2ab1830_0, 0;
    %load/vec4 v00000260a2ab7e10_0;
    %assign/vec4 v00000260a2ab1b50_0, 0;
    %load/vec4 v00000260a2ab7a50_0;
    %parti/s 6, 6, 4;
    %pad/u 8;
    %ix/vec4 4;
    %load/vec4a v00000260a2ab0cf0, 4;
    %assign/vec4 v00000260a2ab1fb0_0, 0;
    %load/vec4 v00000260a2ab7a50_0;
    %parti/s 6, 6, 4;
    %pad/u 8;
    %ix/vec4 4;
    %load/vec4a v00000260a2ab15b0, 4;
    %assign/vec4 v00000260a2ab0750_0, 0;
    %load/vec4 v00000260a2ab7a50_0;
    %parti/s 6, 6, 4;
    %pad/u 8;
    %ix/vec4 4;
    %load/vec4a v00000260a2ab0a70, 4;
    %assign/vec4 v00000260a2ab1150_0, 0;
    %load/vec4 v00000260a2ab7a50_0;
    %parti/s 6, 6, 4;
    %pad/u 8;
    %ix/vec4 4;
    %load/vec4a v00000260a2ab04d0, 4;
    %assign/vec4 v00000260a2ab24b0_0, 0;
    %load/vec4 v00000260a2ab7a50_0;
    %parti/s 6, 6, 4;
    %pad/u 8;
    %ix/vec4 4;
    %load/vec4a v00000260a2ab6a10, 4;
    %assign/vec4 v00000260a2ab1dd0_0, 0;
    %load/vec4 v00000260a2ab7a50_0;
    %parti/s 6, 6, 4;
    %pad/u 8;
    %ix/vec4 4;
    %load/vec4a v00000260a2ab5b10, 4;
    %assign/vec4 v00000260a2ab1f10_0, 0;
    %pushi/vec4 5, 0, 3;
    %assign/vec4 v00000260a2ab0110_0, 0;
    %jmp T_26.26;
T_26.23 ;
    %load/vec4 v00000260a2ab7370_0;
    %flag_set/vec4 8;
    %jmp/0xz  T_26.89, 8;
    %load/vec4 v00000260a2ab1b50_0;
    %load/vec4 v00000260a2ab57f0_0;
    %cmp/ne;
    %flag_get/vec4 4;
    %nor/r;
    %flag_set/vec4 8;
    %jmp/0xz  T_26.91, 8;
    %pushi/vec4 1, 0, 1;
    %assign/vec4 v00000260a2ab5430_0, 0;
    %load/vec4 v00000260a2ab0390_0;
    %assign/vec4 v00000260a2ab6d30_0, 0;
    %load/vec4 v00000260a2ab2690_0;
    %assign/vec4 v00000260a2ab6e70_0, 0;
    %load/vec4 v00000260a2ab6b50_0;
    %flag_set/vec4 8;
    %jmp/0xz  T_26.93, 8;
    %load/vec4 v00000260a2ab1dd0_0;
    %load/vec4 v00000260a2ab1970_0;
    %store/vec4 v00000260a2ab6830_0, 0, 4;
    %store/vec4 v00000260a2ab66f0_0, 0, 512;
    %callf/vec4 TD_icache_pipeline_tb.dut.u_icache.u_icache.pick_word32, S_00000260a21829c0;
    %assign/vec4 v00000260a2ab65b0_0, 0;
    %pushi/vec4 1, 0, 1;
    %load/vec4 v00000260a2ab0250_0;
    %pad/u 8;
    %ix/vec4 3;
    %ix/load 4, 0, 0; Constant delay
    %assign/vec4/a/d v00000260a2ab07f0, 0, 4;
    %jmp T_26.94;
T_26.93 ;
    %load/vec4 v00000260a2ab1f10_0;
    %load/vec4 v00000260a2ab1970_0;
    %store/vec4 v00000260a2ab6830_0, 0, 4;
    %store/vec4 v00000260a2ab66f0_0, 0, 512;
    %callf/vec4 TD_icache_pipeline_tb.dut.u_icache.u_icache.pick_word32, S_00000260a21829c0;
    %assign/vec4 v00000260a2ab65b0_0, 0;
    %pushi/vec4 0, 0, 1;
    %load/vec4 v00000260a2ab0250_0;
    %pad/u 8;
    %ix/vec4 3;
    %ix/load 4, 0, 0; Constant delay
    %assign/vec4/a/d v00000260a2ab07f0, 0, 4;
T_26.94 ;
T_26.91 ;
    %jmp T_26.90;
T_26.89 ;
    %pushi/vec4 1, 0, 1;
    %assign/vec4 v00000260a2ab5430_0, 0;
    %load/vec4 v00000260a2ab0390_0;
    %assign/vec4 v00000260a2ab6d30_0, 0;
    %pushi/vec4 19, 0, 32;
    %assign/vec4 v00000260a2ab65b0_0, 0;
    %pushi/vec4 1, 0, 1;
    %assign/vec4 v00000260a2ab6e70_0, 0;
T_26.90 ;
    %pushi/vec4 0, 0, 1;
    %assign/vec4 v00000260a2ab11f0_0, 0;
    %pushi/vec4 0, 0, 3;
    %assign/vec4 v00000260a2ab0110_0, 0;
    %jmp T_26.26;
T_26.24 ;
    %pushi/vec4 0, 0, 1;
    %load/vec4 v00000260a2ab75f0_0;
    %pad/u 8;
    %ix/vec4 3;
    %ix/load 4, 0, 0; Constant delay
    %assign/vec4/a/d v00000260a2ab0a70, 0, 4;
    %pushi/vec4 0, 0, 1;
    %load/vec4 v00000260a2ab75f0_0;
    %pad/u 8;
    %ix/vec4 3;
    %ix/load 4, 0, 0; Constant delay
    %assign/vec4/a/d v00000260a2ab04d0, 0, 4;
    %load/vec4 v00000260a2ab75f0_0;
    %pad/u 64;
    %cmpi/e 63, 0, 64;
    %jmp/0xz  T_26.95, 4;
    %pushi/vec4 1, 0, 1;
    %assign/vec4 v00000260a2ab5390_0, 0;
    %pushi/vec4 1, 0, 1;
    %assign/vec4 v00000260a2ab6330_0, 0;
    %pushi/vec4 0, 0, 3;
    %assign/vec4 v00000260a2ab0110_0, 0;
    %jmp T_26.96;
T_26.95 ;
    %load/vec4 v00000260a2ab75f0_0;
    %addi 1, 0, 6;
    %assign/vec4 v00000260a2ab75f0_0, 0;
T_26.96 ;
    %jmp T_26.26;
T_26.26 ;
    %pop/vec4 1;
T_26.1 ;
    %jmp T_26;
    .thread T_26;
    .scope S_00000260a327d9c0;
T_27 ;
    %wait E_00000260a3188630;
    %load/vec4 v00000260a3287340_0;
    %nor/r;
    %flag_set/vec4 8;
    %jmp/0xz  T_27.0, 8;
    %pushi/vec4 0, 0, 32;
    %assign/vec4 v00000260a3288c40_0, 0;
    %pushi/vec4 19, 0, 32;
    %assign/vec4 v00000260a32870c0_0, 0;
    %pushi/vec4 0, 0, 1;
    %assign/vec4 v00000260a3287ca0_0, 0;
    %jmp T_27.1;
T_27.0 ;
    %load/vec4 v00000260a3288ce0_0;
    %assign/vec4 v00000260a3288c40_0, 0;
    %load/vec4 v00000260a3287e80_0;
    %assign/vec4 v00000260a32870c0_0, 0;
    %load/vec4 v00000260a3286e40_0;
    %assign/vec4 v00000260a3287ca0_0, 0;
T_27.1 ;
    %jmp T_27;
    .thread T_27;
    .scope S_00000260a2183190;
T_28 ;
    %wait E_00000260a3188630;
    %load/vec4 v00000260a325cdf0_0;
    %nor/r;
    %flag_set/vec4 8;
    %jmp/0xz  T_28.0, 8;
    %pushi/vec4 0, 0, 32;
    %store/vec4 v00000260a325c990_0, 0, 32;
T_28.2 ;
    %load/vec4 v00000260a325c990_0;
    %cmpi/s 32, 0, 32;
    %jmp/0xz T_28.3, 5;
    %pushi/vec4 0, 0, 32;
    %ix/getv/s 3, v00000260a325c990_0;
    %ix/load 4, 0, 0; Constant delay
    %assign/vec4/a/d v00000260a325de30, 0, 4;
    %load/vec4 v00000260a325c990_0;
    %addi 1, 0, 32;
    %store/vec4 v00000260a325c990_0, 0, 32;
    %jmp T_28.2;
T_28.3 ;
    %jmp T_28.1;
T_28.0 ;
    %load/vec4 v00000260a325d430_0;
    %flag_set/vec4 9;
    %flag_get/vec4 9;
    %jmp/0 T_28.6, 9;
    %load/vec4 v00000260a325c2b0_0;
    %pushi/vec4 0, 0, 5;
    %cmp/ne;
    %flag_get/vec4 4;
    %and;
T_28.6;
    %flag_set/vec4 8;
    %jmp/0xz  T_28.4, 8;
    %load/vec4 v00000260a325c850_0;
    %load/vec4 v00000260a325c2b0_0;
    %pad/u 7;
    %ix/vec4 3;
    %ix/load 4, 0, 0; Constant delay
    %assign/vec4/a/d v00000260a325de30, 0, 4;
T_28.4 ;
T_28.1 ;
    %jmp T_28;
    .thread T_28;
    .scope S_00000260a2183320;
T_29 ;
    %wait E_00000260a31890f0;
    %pushi/vec4 0, 0, 32;
    %store/vec4 v00000260a3261c10_0, 0, 32;
    %pushi/vec4 0, 0, 4;
    %store/vec4 v00000260a325f7d0_0, 0, 4;
    %pushi/vec4 0, 0, 1;
    %store/vec4 v00000260a325f550_0, 0, 1;
    %pushi/vec4 0, 0, 1;
    %store/vec4 v00000260a32601d0_0, 0, 1;
    %pushi/vec4 0, 0, 1;
    %store/vec4 v00000260a3261fd0_0, 0, 1;
    %pushi/vec4 0, 0, 1;
    %store/vec4 v00000260a32630b0_0, 0, 1;
    %pushi/vec4 0, 0, 1;
    %store/vec4 v00000260a3262430_0, 0, 1;
    %pushi/vec4 0, 0, 1;
    %store/vec4 v00000260a3262b10_0, 0, 1;
    %pushi/vec4 0, 0, 2;
    %store/vec4 v00000260a3263290_0, 0, 2;
    %pushi/vec4 0, 0, 1;
    %store/vec4 v00000260a3263010_0, 0, 1;
    %pushi/vec4 0, 0, 1;
    %store/vec4 v00000260a32610d0_0, 0, 1;
    %pushi/vec4 0, 0, 1;
    %store/vec4 v00000260a3262d90_0, 0, 1;
    %pushi/vec4 0, 0, 1;
    %store/vec4 v00000260a3262c50_0, 0, 1;
    %pushi/vec4 0, 0, 1;
    %store/vec4 v00000260a3262a70_0, 0, 1;
    %pushi/vec4 2, 0, 3;
    %store/vec4 v00000260a3263650_0, 0, 3;
    %pushi/vec4 0, 0, 1;
    %store/vec4 v00000260a325ebf0_0, 0, 1;
    %pushi/vec4 0, 0, 3;
    %store/vec4 v00000260a3260270_0, 0, 3;
    %pushi/vec4 0, 0, 1;
    %store/vec4 v00000260a3260770_0, 0, 1;
    %pushi/vec4 0, 0, 1;
    %store/vec4 v00000260a32617b0_0, 0, 1;
    %pushi/vec4 0, 0, 1;
    %store/vec4 v00000260a32629d0_0, 0, 1;
    %pushi/vec4 0, 0, 1;
    %store/vec4 v00000260a32615d0_0, 0, 1;
    %pushi/vec4 0, 0, 1;
    %store/vec4 v00000260a3263150_0, 0, 1;
    %load/vec4 v00000260a3263510_0;
    %dup/vec4;
    %pushi/vec4 55, 0, 7;
    %cmp/u;
    %jmp/1 T_29.0, 6;
    %dup/vec4;
    %pushi/vec4 23, 0, 7;
    %cmp/u;
    %jmp/1 T_29.1, 6;
    %dup/vec4;
    %pushi/vec4 111, 0, 7;
    %cmp/u;
    %jmp/1 T_29.2, 6;
    %dup/vec4;
    %pushi/vec4 103, 0, 7;
    %cmp/u;
    %jmp/1 T_29.3, 6;
    %dup/vec4;
    %pushi/vec4 99, 0, 7;
    %cmp/u;
    %jmp/1 T_29.4, 6;
    %dup/vec4;
    %pushi/vec4 3, 0, 7;
    %cmp/u;
    %jmp/1 T_29.5, 6;
    %dup/vec4;
    %pushi/vec4 35, 0, 7;
    %cmp/u;
    %jmp/1 T_29.6, 6;
    %dup/vec4;
    %pushi/vec4 19, 0, 7;
    %cmp/u;
    %jmp/1 T_29.7, 6;
    %dup/vec4;
    %pushi/vec4 51, 0, 7;
    %cmp/u;
    %jmp/1 T_29.8, 6;
    %dup/vec4;
    %pushi/vec4 15, 0, 7;
    %cmp/u;
    %jmp/1 T_29.9, 6;
    %dup/vec4;
    %pushi/vec4 115, 0, 7;
    %cmp/u;
    %jmp/1 T_29.10, 6;
    %pushi/vec4 1, 0, 1;
    %store/vec4 v00000260a3263150_0, 0, 1;
    %jmp T_29.12;
T_29.0 ;
    %load/vec4 v00000260a3261350_0;
    %store/vec4 v00000260a3261c10_0, 0, 32;
    %pushi/vec4 0, 0, 4;
    %store/vec4 v00000260a325f7d0_0, 0, 4;
    %pushi/vec4 1, 0, 1;
    %store/vec4 v00000260a325f550_0, 0, 1;
    %pushi/vec4 0, 0, 2;
    %store/vec4 v00000260a3263290_0, 0, 2;
    %pushi/vec4 1, 0, 1;
    %store/vec4 v00000260a3263010_0, 0, 1;
    %pushi/vec4 1, 0, 1;
    %store/vec4 v00000260a3262a70_0, 0, 1;
    %jmp T_29.12;
T_29.1 ;
    %load/vec4 v00000260a3261350_0;
    %store/vec4 v00000260a3261c10_0, 0, 32;
    %pushi/vec4 0, 0, 4;
    %store/vec4 v00000260a325f7d0_0, 0, 4;
    %pushi/vec4 1, 0, 1;
    %store/vec4 v00000260a325f550_0, 0, 1;
    %pushi/vec4 0, 0, 2;
    %store/vec4 v00000260a3263290_0, 0, 2;
    %pushi/vec4 1, 0, 1;
    %store/vec4 v00000260a3263010_0, 0, 1;
    %pushi/vec4 1, 0, 1;
    %store/vec4 v00000260a3262c50_0, 0, 1;
    %jmp T_29.12;
T_29.2 ;
    %load/vec4 v00000260a3261f30_0;
    %store/vec4 v00000260a3261c10_0, 0, 32;
    %pushi/vec4 1, 0, 1;
    %store/vec4 v00000260a3261fd0_0, 0, 1;
    %pushi/vec4 2, 0, 2;
    %store/vec4 v00000260a3263290_0, 0, 2;
    %pushi/vec4 1, 0, 1;
    %store/vec4 v00000260a3263010_0, 0, 1;
    %jmp T_29.12;
T_29.3 ;
    %load/vec4 v00000260a3262070_0;
    %store/vec4 v00000260a3261c10_0, 0, 32;
    %load/vec4 v00000260a3261ad0_0;
    %cmpi/e 0, 0, 3;
    %jmp/0xz  T_29.13, 4;
    %pushi/vec4 1, 0, 1;
    %store/vec4 v00000260a32630b0_0, 0, 1;
    %pushi/vec4 2, 0, 2;
    %store/vec4 v00000260a3263290_0, 0, 2;
    %pushi/vec4 1, 0, 1;
    %store/vec4 v00000260a3263010_0, 0, 1;
    %jmp T_29.14;
T_29.13 ;
    %pushi/vec4 1, 0, 1;
    %store/vec4 v00000260a3263150_0, 0, 1;
T_29.14 ;
    %jmp T_29.12;
T_29.4 ;
    %load/vec4 v00000260a3261530_0;
    %store/vec4 v00000260a3261c10_0, 0, 32;
    %load/vec4 v00000260a3261ad0_0;
    %dup/vec4;
    %pushi/vec4 0, 0, 3;
    %cmp/u;
    %jmp/1 T_29.15, 6;
    %dup/vec4;
    %pushi/vec4 1, 0, 3;
    %cmp/u;
    %jmp/1 T_29.16, 6;
    %dup/vec4;
    %pushi/vec4 4, 0, 3;
    %cmp/u;
    %jmp/1 T_29.17, 6;
    %dup/vec4;
    %pushi/vec4 5, 0, 3;
    %cmp/u;
    %jmp/1 T_29.18, 6;
    %dup/vec4;
    %pushi/vec4 6, 0, 3;
    %cmp/u;
    %jmp/1 T_29.19, 6;
    %dup/vec4;
    %pushi/vec4 7, 0, 3;
    %cmp/u;
    %jmp/1 T_29.20, 6;
    %pushi/vec4 1, 0, 1;
    %store/vec4 v00000260a3263150_0, 0, 1;
    %jmp T_29.22;
T_29.15 ;
    %pushi/vec4 1, 0, 1;
    %store/vec4 v00000260a32601d0_0, 0, 1;
    %jmp T_29.22;
T_29.16 ;
    %pushi/vec4 1, 0, 1;
    %store/vec4 v00000260a32601d0_0, 0, 1;
    %jmp T_29.22;
T_29.17 ;
    %pushi/vec4 1, 0, 1;
    %store/vec4 v00000260a32601d0_0, 0, 1;
    %jmp T_29.22;
T_29.18 ;
    %pushi/vec4 1, 0, 1;
    %store/vec4 v00000260a32601d0_0, 0, 1;
    %jmp T_29.22;
T_29.19 ;
    %pushi/vec4 1, 0, 1;
    %store/vec4 v00000260a32601d0_0, 0, 1;
    %jmp T_29.22;
T_29.20 ;
    %pushi/vec4 1, 0, 1;
    %store/vec4 v00000260a32601d0_0, 0, 1;
    %jmp T_29.22;
T_29.22 ;
    %pop/vec4 1;
    %jmp T_29.12;
T_29.5 ;
    %load/vec4 v00000260a3262070_0;
    %store/vec4 v00000260a3261c10_0, 0, 32;
    %load/vec4 v00000260a3261ad0_0;
    %dup/vec4;
    %pushi/vec4 0, 0, 3;
    %cmp/u;
    %jmp/1 T_29.23, 6;
    %dup/vec4;
    %pushi/vec4 1, 0, 3;
    %cmp/u;
    %jmp/1 T_29.24, 6;
    %dup/vec4;
    %pushi/vec4 2, 0, 3;
    %cmp/u;
    %jmp/1 T_29.25, 6;
    %dup/vec4;
    %pushi/vec4 4, 0, 3;
    %cmp/u;
    %jmp/1 T_29.26, 6;
    %dup/vec4;
    %pushi/vec4 5, 0, 3;
    %cmp/u;
    %jmp/1 T_29.27, 6;
    %pushi/vec4 1, 0, 1;
    %store/vec4 v00000260a3263150_0, 0, 1;
    %jmp T_29.29;
T_29.23 ;
    %pushi/vec4 0, 0, 4;
    %store/vec4 v00000260a325f7d0_0, 0, 4;
    %pushi/vec4 1, 0, 1;
    %store/vec4 v00000260a325f550_0, 0, 1;
    %pushi/vec4 1, 0, 1;
    %store/vec4 v00000260a3262430_0, 0, 1;
    %pushi/vec4 1, 0, 2;
    %store/vec4 v00000260a3263290_0, 0, 2;
    %pushi/vec4 1, 0, 1;
    %store/vec4 v00000260a3263010_0, 0, 1;
    %load/vec4 v00000260a3261ad0_0;
    %store/vec4 v00000260a3263650_0, 0, 3;
    %jmp T_29.29;
T_29.24 ;
    %pushi/vec4 0, 0, 4;
    %store/vec4 v00000260a325f7d0_0, 0, 4;
    %pushi/vec4 1, 0, 1;
    %store/vec4 v00000260a325f550_0, 0, 1;
    %pushi/vec4 1, 0, 1;
    %store/vec4 v00000260a3262430_0, 0, 1;
    %pushi/vec4 1, 0, 2;
    %store/vec4 v00000260a3263290_0, 0, 2;
    %pushi/vec4 1, 0, 1;
    %store/vec4 v00000260a3263010_0, 0, 1;
    %load/vec4 v00000260a3261ad0_0;
    %store/vec4 v00000260a3263650_0, 0, 3;
    %jmp T_29.29;
T_29.25 ;
    %pushi/vec4 0, 0, 4;
    %store/vec4 v00000260a325f7d0_0, 0, 4;
    %pushi/vec4 1, 0, 1;
    %store/vec4 v00000260a325f550_0, 0, 1;
    %pushi/vec4 1, 0, 1;
    %store/vec4 v00000260a3262430_0, 0, 1;
    %pushi/vec4 1, 0, 2;
    %store/vec4 v00000260a3263290_0, 0, 2;
    %pushi/vec4 1, 0, 1;
    %store/vec4 v00000260a3263010_0, 0, 1;
    %load/vec4 v00000260a3261ad0_0;
    %store/vec4 v00000260a3263650_0, 0, 3;
    %jmp T_29.29;
T_29.26 ;
    %pushi/vec4 0, 0, 4;
    %store/vec4 v00000260a325f7d0_0, 0, 4;
    %pushi/vec4 1, 0, 1;
    %store/vec4 v00000260a325f550_0, 0, 1;
    %pushi/vec4 1, 0, 1;
    %store/vec4 v00000260a3262430_0, 0, 1;
    %pushi/vec4 1, 0, 2;
    %store/vec4 v00000260a3263290_0, 0, 2;
    %pushi/vec4 1, 0, 1;
    %store/vec4 v00000260a3263010_0, 0, 1;
    %load/vec4 v00000260a3261ad0_0;
    %store/vec4 v00000260a3263650_0, 0, 3;
    %jmp T_29.29;
T_29.27 ;
    %pushi/vec4 0, 0, 4;
    %store/vec4 v00000260a325f7d0_0, 0, 4;
    %pushi/vec4 1, 0, 1;
    %store/vec4 v00000260a325f550_0, 0, 1;
    %pushi/vec4 1, 0, 1;
    %store/vec4 v00000260a3262430_0, 0, 1;
    %pushi/vec4 1, 0, 2;
    %store/vec4 v00000260a3263290_0, 0, 2;
    %pushi/vec4 1, 0, 1;
    %store/vec4 v00000260a3263010_0, 0, 1;
    %load/vec4 v00000260a3261ad0_0;
    %store/vec4 v00000260a3263650_0, 0, 3;
    %jmp T_29.29;
T_29.29 ;
    %pop/vec4 1;
    %jmp T_29.12;
T_29.6 ;
    %load/vec4 v00000260a3261990_0;
    %store/vec4 v00000260a3261c10_0, 0, 32;
    %load/vec4 v00000260a3261ad0_0;
    %dup/vec4;
    %pushi/vec4 0, 0, 3;
    %cmp/u;
    %jmp/1 T_29.30, 6;
    %dup/vec4;
    %pushi/vec4 1, 0, 3;
    %cmp/u;
    %jmp/1 T_29.31, 6;
    %dup/vec4;
    %pushi/vec4 2, 0, 3;
    %cmp/u;
    %jmp/1 T_29.32, 6;
    %pushi/vec4 1, 0, 1;
    %store/vec4 v00000260a3263150_0, 0, 1;
    %jmp T_29.34;
T_29.30 ;
    %pushi/vec4 0, 0, 4;
    %store/vec4 v00000260a325f7d0_0, 0, 4;
    %pushi/vec4 1, 0, 1;
    %store/vec4 v00000260a325f550_0, 0, 1;
    %pushi/vec4 1, 0, 1;
    %store/vec4 v00000260a3262b10_0, 0, 1;
    %load/vec4 v00000260a3261ad0_0;
    %store/vec4 v00000260a3263650_0, 0, 3;
    %jmp T_29.34;
T_29.31 ;
    %pushi/vec4 0, 0, 4;
    %store/vec4 v00000260a325f7d0_0, 0, 4;
    %pushi/vec4 1, 0, 1;
    %store/vec4 v00000260a325f550_0, 0, 1;
    %pushi/vec4 1, 0, 1;
    %store/vec4 v00000260a3262b10_0, 0, 1;
    %load/vec4 v00000260a3261ad0_0;
    %store/vec4 v00000260a3263650_0, 0, 3;
    %jmp T_29.34;
T_29.32 ;
    %pushi/vec4 0, 0, 4;
    %store/vec4 v00000260a325f7d0_0, 0, 4;
    %pushi/vec4 1, 0, 1;
    %store/vec4 v00000260a325f550_0, 0, 1;
    %pushi/vec4 1, 0, 1;
    %store/vec4 v00000260a3262b10_0, 0, 1;
    %load/vec4 v00000260a3261ad0_0;
    %store/vec4 v00000260a3263650_0, 0, 3;
    %jmp T_29.34;
T_29.34 ;
    %pop/vec4 1;
    %jmp T_29.12;
T_29.7 ;
    %load/vec4 v00000260a3262070_0;
    %store/vec4 v00000260a3261c10_0, 0, 32;
    %pushi/vec4 1, 0, 1;
    %store/vec4 v00000260a325f550_0, 0, 1;
    %pushi/vec4 1, 0, 1;
    %store/vec4 v00000260a3263010_0, 0, 1;
    %load/vec4 v00000260a3261ad0_0;
    %dup/vec4;
    %pushi/vec4 0, 0, 3;
    %cmp/u;
    %jmp/1 T_29.35, 6;
    %dup/vec4;
    %pushi/vec4 2, 0, 3;
    %cmp/u;
    %jmp/1 T_29.36, 6;
    %dup/vec4;
    %pushi/vec4 3, 0, 3;
    %cmp/u;
    %jmp/1 T_29.37, 6;
    %dup/vec4;
    %pushi/vec4 4, 0, 3;
    %cmp/u;
    %jmp/1 T_29.38, 6;
    %dup/vec4;
    %pushi/vec4 6, 0, 3;
    %cmp/u;
    %jmp/1 T_29.39, 6;
    %dup/vec4;
    %pushi/vec4 7, 0, 3;
    %cmp/u;
    %jmp/1 T_29.40, 6;
    %dup/vec4;
    %pushi/vec4 1, 0, 3;
    %cmp/u;
    %jmp/1 T_29.41, 6;
    %dup/vec4;
    %pushi/vec4 5, 0, 3;
    %cmp/u;
    %jmp/1 T_29.42, 6;
    %pushi/vec4 1, 0, 1;
    %store/vec4 v00000260a3263150_0, 0, 1;
    %jmp T_29.44;
T_29.35 ;
    %pushi/vec4 0, 0, 4;
    %store/vec4 v00000260a325f7d0_0, 0, 4;
    %jmp T_29.44;
T_29.36 ;
    %pushi/vec4 2, 0, 4;
    %store/vec4 v00000260a325f7d0_0, 0, 4;
    %jmp T_29.44;
T_29.37 ;
    %pushi/vec4 3, 0, 4;
    %store/vec4 v00000260a325f7d0_0, 0, 4;
    %jmp T_29.44;
T_29.38 ;
    %pushi/vec4 4, 0, 4;
    %store/vec4 v00000260a325f7d0_0, 0, 4;
    %jmp T_29.44;
T_29.39 ;
    %pushi/vec4 5, 0, 4;
    %store/vec4 v00000260a325f7d0_0, 0, 4;
    %jmp T_29.44;
T_29.40 ;
    %pushi/vec4 6, 0, 4;
    %store/vec4 v00000260a325f7d0_0, 0, 4;
    %jmp T_29.44;
T_29.41 ;
    %load/vec4 v00000260a3261670_0;
    %cmpi/e 0, 0, 7;
    %jmp/0xz  T_29.45, 4;
    %pushi/vec4 7, 0, 4;
    %store/vec4 v00000260a325f7d0_0, 0, 4;
    %pushi/vec4 0, 0, 1;
    %store/vec4 v00000260a32610d0_0, 0, 1;
    %jmp T_29.46;
T_29.45 ;
    %pushi/vec4 1, 0, 1;
    %store/vec4 v00000260a3263150_0, 0, 1;
T_29.46 ;
    %jmp T_29.44;
T_29.42 ;
    %load/vec4 v00000260a3261670_0;
    %cmpi/e 0, 0, 7;
    %jmp/1 T_29.49, 4;
    %flag_mov 8, 4;
    %load/vec4 v00000260a3261670_0;
    %cmpi/e 32, 0, 7;
    %flag_or 4, 8;
T_29.49;
    %jmp/0xz  T_29.47, 4;
    %pushi/vec4 7, 0, 4;
    %store/vec4 v00000260a325f7d0_0, 0, 4;
    %pushi/vec4 1, 0, 1;
    %store/vec4 v00000260a32610d0_0, 0, 1;
    %load/vec4 v00000260a32627f0_0;
    %parti/s 1, 30, 6;
    %store/vec4 v00000260a3262d90_0, 0, 1;
    %jmp T_29.48;
T_29.47 ;
    %pushi/vec4 1, 0, 1;
    %store/vec4 v00000260a3263150_0, 0, 1;
T_29.48 ;
    %jmp T_29.44;
T_29.44 ;
    %pop/vec4 1;
    %jmp T_29.12;
T_29.8 ;
    %pushi/vec4 1, 0, 1;
    %store/vec4 v00000260a3263010_0, 0, 1;
    %pushi/vec4 0, 0, 1;
    %store/vec4 v00000260a325f550_0, 0, 1;
    %load/vec4 v00000260a3261670_0;
    %cmpi/e 1, 0, 7;
    %jmp/0xz  T_29.50, 4;
    %load/vec4 v00000260a3261ad0_0;
    %dup/vec4;
    %pushi/vec4 0, 0, 3;
    %cmp/u;
    %jmp/1 T_29.52, 6;
    %dup/vec4;
    %pushi/vec4 1, 0, 3;
    %cmp/u;
    %jmp/1 T_29.53, 6;
    %dup/vec4;
    %pushi/vec4 2, 0, 3;
    %cmp/u;
    %jmp/1 T_29.54, 6;
    %dup/vec4;
    %pushi/vec4 3, 0, 3;
    %cmp/u;
    %jmp/1 T_29.55, 6;
    %dup/vec4;
    %pushi/vec4 4, 0, 3;
    %cmp/u;
    %jmp/1 T_29.56, 6;
    %dup/vec4;
    %pushi/vec4 5, 0, 3;
    %cmp/u;
    %jmp/1 T_29.57, 6;
    %dup/vec4;
    %pushi/vec4 6, 0, 3;
    %cmp/u;
    %jmp/1 T_29.58, 6;
    %dup/vec4;
    %pushi/vec4 7, 0, 3;
    %cmp/u;
    %jmp/1 T_29.59, 6;
    %jmp T_29.60;
T_29.52 ;
    %pushi/vec4 8, 0, 4;
    %store/vec4 v00000260a325f7d0_0, 0, 4;
    %jmp T_29.60;
T_29.53 ;
    %pushi/vec4 9, 0, 4;
    %store/vec4 v00000260a325f7d0_0, 0, 4;
    %jmp T_29.60;
T_29.54 ;
    %pushi/vec4 10, 0, 4;
    %store/vec4 v00000260a325f7d0_0, 0, 4;
    %jmp T_29.60;
T_29.55 ;
    %pushi/vec4 11, 0, 4;
    %store/vec4 v00000260a325f7d0_0, 0, 4;
    %jmp T_29.60;
T_29.56 ;
    %pushi/vec4 12, 0, 4;
    %store/vec4 v00000260a325f7d0_0, 0, 4;
    %jmp T_29.60;
T_29.57 ;
    %pushi/vec4 13, 0, 4;
    %store/vec4 v00000260a325f7d0_0, 0, 4;
    %jmp T_29.60;
T_29.58 ;
    %pushi/vec4 14, 0, 4;
    %store/vec4 v00000260a325f7d0_0, 0, 4;
    %jmp T_29.60;
T_29.59 ;
    %pushi/vec4 15, 0, 4;
    %store/vec4 v00000260a325f7d0_0, 0, 4;
    %jmp T_29.60;
T_29.60 ;
    %pop/vec4 1;
    %jmp T_29.51;
T_29.50 ;
    %load/vec4 v00000260a3261ad0_0;
    %dup/vec4;
    %pushi/vec4 0, 0, 3;
    %cmp/u;
    %jmp/1 T_29.61, 6;
    %dup/vec4;
    %pushi/vec4 1, 0, 3;
    %cmp/u;
    %jmp/1 T_29.62, 6;
    %dup/vec4;
    %pushi/vec4 2, 0, 3;
    %cmp/u;
    %jmp/1 T_29.63, 6;
    %dup/vec4;
    %pushi/vec4 3, 0, 3;
    %cmp/u;
    %jmp/1 T_29.64, 6;
    %dup/vec4;
    %pushi/vec4 4, 0, 3;
    %cmp/u;
    %jmp/1 T_29.65, 6;
    %dup/vec4;
    %pushi/vec4 5, 0, 3;
    %cmp/u;
    %jmp/1 T_29.66, 6;
    %dup/vec4;
    %pushi/vec4 6, 0, 3;
    %cmp/u;
    %jmp/1 T_29.67, 6;
    %dup/vec4;
    %pushi/vec4 7, 0, 3;
    %cmp/u;
    %jmp/1 T_29.68, 6;
    %jmp T_29.69;
T_29.61 ;
    %load/vec4 v00000260a3261670_0;
    %cmpi/e 0, 0, 7;
    %jmp/0xz  T_29.70, 4;
    %pushi/vec4 0, 0, 4;
    %store/vec4 v00000260a325f7d0_0, 0, 4;
    %jmp T_29.71;
T_29.70 ;
    %load/vec4 v00000260a3261670_0;
    %cmpi/e 32, 0, 7;
    %jmp/0xz  T_29.72, 4;
    %pushi/vec4 1, 0, 4;
    %store/vec4 v00000260a325f7d0_0, 0, 4;
    %jmp T_29.73;
T_29.72 ;
    %pushi/vec4 1, 0, 1;
    %store/vec4 v00000260a3263150_0, 0, 1;
T_29.73 ;
T_29.71 ;
    %jmp T_29.69;
T_29.62 ;
    %load/vec4 v00000260a3261670_0;
    %cmpi/e 0, 0, 7;
    %jmp/0xz  T_29.74, 4;
    %pushi/vec4 7, 0, 4;
    %store/vec4 v00000260a325f7d0_0, 0, 4;
    %pushi/vec4 0, 0, 1;
    %store/vec4 v00000260a32610d0_0, 0, 1;
    %jmp T_29.75;
T_29.74 ;
    %pushi/vec4 1, 0, 1;
    %store/vec4 v00000260a3263150_0, 0, 1;
T_29.75 ;
    %jmp T_29.69;
T_29.63 ;
    %load/vec4 v00000260a3261670_0;
    %cmpi/e 0, 0, 7;
    %jmp/0xz  T_29.76, 4;
    %pushi/vec4 2, 0, 4;
    %store/vec4 v00000260a325f7d0_0, 0, 4;
    %jmp T_29.77;
T_29.76 ;
    %pushi/vec4 1, 0, 1;
    %store/vec4 v00000260a3263150_0, 0, 1;
T_29.77 ;
    %jmp T_29.69;
T_29.64 ;
    %load/vec4 v00000260a3261670_0;
    %cmpi/e 0, 0, 7;
    %jmp/0xz  T_29.78, 4;
    %pushi/vec4 3, 0, 4;
    %store/vec4 v00000260a325f7d0_0, 0, 4;
    %jmp T_29.79;
T_29.78 ;
    %pushi/vec4 1, 0, 1;
    %store/vec4 v00000260a3263150_0, 0, 1;
T_29.79 ;
    %jmp T_29.69;
T_29.65 ;
    %load/vec4 v00000260a3261670_0;
    %cmpi/e 0, 0, 7;
    %jmp/0xz  T_29.80, 4;
    %pushi/vec4 4, 0, 4;
    %store/vec4 v00000260a325f7d0_0, 0, 4;
    %jmp T_29.81;
T_29.80 ;
    %pushi/vec4 1, 0, 1;
    %store/vec4 v00000260a3263150_0, 0, 1;
T_29.81 ;
    %jmp T_29.69;
T_29.66 ;
    %load/vec4 v00000260a3261670_0;
    %cmpi/e 0, 0, 7;
    %jmp/1 T_29.84, 4;
    %flag_mov 8, 4;
    %load/vec4 v00000260a3261670_0;
    %cmpi/e 32, 0, 7;
    %flag_or 4, 8;
T_29.84;
    %jmp/0xz  T_29.82, 4;
    %pushi/vec4 7, 0, 4;
    %store/vec4 v00000260a325f7d0_0, 0, 4;
    %pushi/vec4 1, 0, 1;
    %store/vec4 v00000260a32610d0_0, 0, 1;
    %load/vec4 v00000260a3261670_0;
    %parti/s 1, 5, 4;
    %store/vec4 v00000260a3262d90_0, 0, 1;
    %jmp T_29.83;
T_29.82 ;
    %pushi/vec4 1, 0, 1;
    %store/vec4 v00000260a3263150_0, 0, 1;
T_29.83 ;
    %jmp T_29.69;
T_29.67 ;
    %load/vec4 v00000260a3261670_0;
    %cmpi/e 0, 0, 7;
    %jmp/0xz  T_29.85, 4;
    %pushi/vec4 5, 0, 4;
    %store/vec4 v00000260a325f7d0_0, 0, 4;
    %jmp T_29.86;
T_29.85 ;
    %pushi/vec4 1, 0, 1;
    %store/vec4 v00000260a3263150_0, 0, 1;
T_29.86 ;
    %jmp T_29.69;
T_29.68 ;
    %load/vec4 v00000260a3261670_0;
    %cmpi/e 0, 0, 7;
    %jmp/0xz  T_29.87, 4;
    %pushi/vec4 6, 0, 4;
    %store/vec4 v00000260a325f7d0_0, 0, 4;
    %jmp T_29.88;
T_29.87 ;
    %pushi/vec4 1, 0, 1;
    %store/vec4 v00000260a3263150_0, 0, 1;
T_29.88 ;
    %jmp T_29.69;
T_29.69 ;
    %pop/vec4 1;
T_29.51 ;
    %jmp T_29.12;
T_29.9 ;
    %load/vec4 v00000260a3261ad0_0;
    %dup/vec4;
    %pushi/vec4 0, 0, 3;
    %cmp/u;
    %jmp/1 T_29.89, 6;
    %dup/vec4;
    %pushi/vec4 1, 0, 3;
    %cmp/u;
    %jmp/1 T_29.90, 6;
    %pushi/vec4 1, 0, 1;
    %store/vec4 v00000260a3263150_0, 0, 1;
    %jmp T_29.92;
T_29.89 ;
    %jmp T_29.92;
T_29.90 ;
    %pushi/vec4 1, 0, 1;
    %store/vec4 v00000260a3263150_0, 0, 1;
    %jmp T_29.92;
T_29.92 ;
    %pop/vec4 1;
    %jmp T_29.12;
T_29.10 ;
    %load/vec4 v00000260a3261ad0_0;
    %dup/vec4;
    %pushi/vec4 1, 0, 3;
    %cmp/u;
    %jmp/1 T_29.93, 6;
    %dup/vec4;
    %pushi/vec4 5, 0, 3;
    %cmp/u;
    %jmp/1 T_29.94, 6;
    %dup/vec4;
    %pushi/vec4 2, 0, 3;
    %cmp/u;
    %jmp/1 T_29.95, 6;
    %dup/vec4;
    %pushi/vec4 6, 0, 3;
    %cmp/u;
    %jmp/1 T_29.96, 6;
    %dup/vec4;
    %pushi/vec4 3, 0, 3;
    %cmp/u;
    %jmp/1 T_29.97, 6;
    %dup/vec4;
    %pushi/vec4 7, 0, 3;
    %cmp/u;
    %jmp/1 T_29.98, 6;
    %load/vec4 v00000260a32627f0_0;
    %parti/s 12, 20, 6;
    %cmpi/e 0, 0, 12;
    %flag_get/vec4 4;
    %jmp/0 T_29.104, 4;
    %load/vec4 v00000260a3260ef0_0;
    %pushi/vec4 0, 0, 5;
    %cmp/e;
    %flag_get/vec4 4;
    %and;
T_29.104;
    %flag_set/vec4 9;
    %flag_get/vec4 9;
    %jmp/0 T_29.103, 9;
    %load/vec4 v00000260a32635b0_0;
    %pushi/vec4 0, 0, 5;
    %cmp/e;
    %flag_get/vec4 4;
    %and;
T_29.103;
    %flag_set/vec4 8;
    %jmp/0xz  T_29.101, 8;
    %pushi/vec4 1, 0, 1;
    %store/vec4 v00000260a32617b0_0, 0, 1;
    %jmp T_29.102;
T_29.101 ;
    %load/vec4 v00000260a32627f0_0;
    %parti/s 12, 20, 6;
    %cmpi/e 1, 0, 12;
    %flag_get/vec4 4;
    %jmp/0 T_29.108, 4;
    %load/vec4 v00000260a3260ef0_0;
    %pushi/vec4 0, 0, 5;
    %cmp/e;
    %flag_get/vec4 4;
    %and;
T_29.108;
    %flag_set/vec4 9;
    %flag_get/vec4 9;
    %jmp/0 T_29.107, 9;
    %load/vec4 v00000260a32635b0_0;
    %pushi/vec4 0, 0, 5;
    %cmp/e;
    %flag_get/vec4 4;
    %and;
T_29.107;
    %flag_set/vec4 8;
    %jmp/0xz  T_29.105, 8;
    %pushi/vec4 1, 0, 1;
    %store/vec4 v00000260a32629d0_0, 0, 1;
    %jmp T_29.106;
T_29.105 ;
    %load/vec4 v00000260a32627f0_0;
    %parti/s 12, 20, 6;
    %cmpi/e 770, 0, 12;
    %flag_get/vec4 4;
    %jmp/0 T_29.113, 4;
    %load/vec4 v00000260a3260ef0_0;
    %pushi/vec4 0, 0, 5;
    %cmp/e;
    %flag_get/vec4 4;
    %and;
T_29.113;
    %flag_set/vec4 10;
    %flag_get/vec4 10;
    %jmp/0 T_29.112, 10;
    %load/vec4 v00000260a32635b0_0;
    %pushi/vec4 0, 0, 5;
    %cmp/e;
    %flag_get/vec4 4;
    %and;
T_29.112;
    %flag_set/vec4 9;
    %flag_get/vec4 9;
    %jmp/0 T_29.111, 9;
    %load/vec4 v00000260a325f910_0;
    %pushi/vec4 3, 0, 2;
    %cmp/e;
    %flag_get/vec4 4;
    %and;
T_29.111;
    %flag_set/vec4 8;
    %jmp/0xz  T_29.109, 8;
    %pushi/vec4 1, 0, 1;
    %store/vec4 v00000260a32615d0_0, 0, 1;
    %jmp T_29.110;
T_29.109 ;
    %pushi/vec4 1, 0, 1;
    %store/vec4 v00000260a3263150_0, 0, 1;
T_29.110 ;
T_29.106 ;
T_29.102 ;
    %jmp T_29.100;
T_29.93 ;
    %load/vec4 v00000260a325e830_0;
    %flag_set/vec4 10;
    %flag_get/vec4 10;
    %jmp/0 T_29.117, 10;
    %load/vec4 v00000260a325e790_0;
    %and;
T_29.117;
    %flag_set/vec4 9;
    %flag_get/vec4 9;
    %jmp/0 T_29.116, 9;
    %load/vec4 v00000260a3260450_0;
    %flag_set/vec4 9;
    %flag_get/vec4 9;
    %jmp/0 T_29.118, 9;
    %load/vec4 v00000260a325f5f0_0;
    %and;
T_29.118;
    %nor/r;
    %and;
T_29.116;
    %flag_set/vec4 8;
    %jmp/0xz  T_29.114, 8;
    %pushi/vec4 1, 0, 1;
    %store/vec4 v00000260a325ebf0_0, 0, 1;
    %load/vec4 v00000260a325ee70_0;
    %store/vec4 v00000260a3260770_0, 0, 1;
    %pushi/vec4 1, 0, 3;
    %store/vec4 v00000260a3260270_0, 0, 3;
    %pushi/vec4 1, 0, 1;
    %store/vec4 v00000260a3263010_0, 0, 1;
    %jmp T_29.115;
T_29.114 ;
    %pushi/vec4 1, 0, 1;
    %store/vec4 v00000260a3263150_0, 0, 1;
T_29.115 ;
    %jmp T_29.100;
T_29.94 ;
    %load/vec4 v00000260a325e830_0;
    %flag_set/vec4 10;
    %flag_get/vec4 10;
    %jmp/0 T_29.122, 10;
    %load/vec4 v00000260a325e790_0;
    %and;
T_29.122;
    %flag_set/vec4 9;
    %flag_get/vec4 9;
    %jmp/0 T_29.121, 9;
    %load/vec4 v00000260a3260450_0;
    %flag_set/vec4 9;
    %flag_get/vec4 9;
    %jmp/0 T_29.123, 9;
    %load/vec4 v00000260a325f5f0_0;
    %and;
T_29.123;
    %nor/r;
    %and;
T_29.121;
    %flag_set/vec4 8;
    %jmp/0xz  T_29.119, 8;
    %pushi/vec4 1, 0, 1;
    %store/vec4 v00000260a325ebf0_0, 0, 1;
    %load/vec4 v00000260a325ee70_0;
    %store/vec4 v00000260a3260770_0, 0, 1;
    %pushi/vec4 1, 0, 3;
    %store/vec4 v00000260a3260270_0, 0, 3;
    %pushi/vec4 1, 0, 1;
    %store/vec4 v00000260a3263010_0, 0, 1;
    %jmp T_29.120;
T_29.119 ;
    %pushi/vec4 1, 0, 1;
    %store/vec4 v00000260a3263150_0, 0, 1;
T_29.120 ;
    %jmp T_29.100;
T_29.95 ;
    %load/vec4 v00000260a325e830_0;
    %flag_set/vec4 10;
    %flag_get/vec4 10;
    %jmp/0 T_29.127, 10;
    %load/vec4 v00000260a325e790_0;
    %and;
T_29.127;
    %flag_set/vec4 9;
    %flag_get/vec4 9;
    %jmp/0 T_29.126, 9;
    %load/vec4 v00000260a3260450_0;
    %flag_set/vec4 9;
    %flag_get/vec4 9;
    %jmp/0 T_29.128, 9;
    %load/vec4 v00000260a325f5f0_0;
    %and;
T_29.128;
    %nor/r;
    %and;
T_29.126;
    %flag_set/vec4 8;
    %jmp/0xz  T_29.124, 8;
    %pushi/vec4 1, 0, 1;
    %store/vec4 v00000260a325ebf0_0, 0, 1;
    %load/vec4 v00000260a325ee70_0;
    %store/vec4 v00000260a3260770_0, 0, 1;
    %pushi/vec4 2, 0, 3;
    %store/vec4 v00000260a3260270_0, 0, 3;
    %pushi/vec4 1, 0, 1;
    %store/vec4 v00000260a3263010_0, 0, 1;
    %jmp T_29.125;
T_29.124 ;
    %pushi/vec4 1, 0, 1;
    %store/vec4 v00000260a3263150_0, 0, 1;
T_29.125 ;
    %jmp T_29.100;
T_29.96 ;
    %load/vec4 v00000260a325e830_0;
    %flag_set/vec4 10;
    %flag_get/vec4 10;
    %jmp/0 T_29.132, 10;
    %load/vec4 v00000260a325e790_0;
    %and;
T_29.132;
    %flag_set/vec4 9;
    %flag_get/vec4 9;
    %jmp/0 T_29.131, 9;
    %load/vec4 v00000260a3260450_0;
    %flag_set/vec4 9;
    %flag_get/vec4 9;
    %jmp/0 T_29.133, 9;
    %load/vec4 v00000260a325f5f0_0;
    %and;
T_29.133;
    %nor/r;
    %and;
T_29.131;
    %flag_set/vec4 8;
    %jmp/0xz  T_29.129, 8;
    %pushi/vec4 1, 0, 1;
    %store/vec4 v00000260a325ebf0_0, 0, 1;
    %load/vec4 v00000260a325ee70_0;
    %store/vec4 v00000260a3260770_0, 0, 1;
    %pushi/vec4 2, 0, 3;
    %store/vec4 v00000260a3260270_0, 0, 3;
    %pushi/vec4 1, 0, 1;
    %store/vec4 v00000260a3263010_0, 0, 1;
    %jmp T_29.130;
T_29.129 ;
    %pushi/vec4 1, 0, 1;
    %store/vec4 v00000260a3263150_0, 0, 1;
T_29.130 ;
    %jmp T_29.100;
T_29.97 ;
    %load/vec4 v00000260a325e830_0;
    %flag_set/vec4 10;
    %flag_get/vec4 10;
    %jmp/0 T_29.137, 10;
    %load/vec4 v00000260a325e790_0;
    %and;
T_29.137;
    %flag_set/vec4 9;
    %flag_get/vec4 9;
    %jmp/0 T_29.136, 9;
    %load/vec4 v00000260a3260450_0;
    %flag_set/vec4 9;
    %flag_get/vec4 9;
    %jmp/0 T_29.138, 9;
    %load/vec4 v00000260a325f5f0_0;
    %and;
T_29.138;
    %nor/r;
    %and;
T_29.136;
    %flag_set/vec4 8;
    %jmp/0xz  T_29.134, 8;
    %pushi/vec4 1, 0, 1;
    %store/vec4 v00000260a325ebf0_0, 0, 1;
    %load/vec4 v00000260a325ee70_0;
    %store/vec4 v00000260a3260770_0, 0, 1;
    %pushi/vec4 3, 0, 3;
    %store/vec4 v00000260a3260270_0, 0, 3;
    %pushi/vec4 1, 0, 1;
    %store/vec4 v00000260a3263010_0, 0, 1;
    %jmp T_29.135;
T_29.134 ;
    %pushi/vec4 1, 0, 1;
    %store/vec4 v00000260a3263150_0, 0, 1;
T_29.135 ;
    %jmp T_29.100;
T_29.98 ;
    %load/vec4 v00000260a325e830_0;
    %flag_set/vec4 10;
    %flag_get/vec4 10;
    %jmp/0 T_29.142, 10;
    %load/vec4 v00000260a325e790_0;
    %and;
T_29.142;
    %flag_set/vec4 9;
    %flag_get/vec4 9;
    %jmp/0 T_29.141, 9;
    %load/vec4 v00000260a3260450_0;
    %flag_set/vec4 9;
    %flag_get/vec4 9;
    %jmp/0 T_29.143, 9;
    %load/vec4 v00000260a325f5f0_0;
    %and;
T_29.143;
    %nor/r;
    %and;
T_29.141;
    %flag_set/vec4 8;
    %jmp/0xz  T_29.139, 8;
    %pushi/vec4 1, 0, 1;
    %store/vec4 v00000260a325ebf0_0, 0, 1;
    %load/vec4 v00000260a325ee70_0;
    %store/vec4 v00000260a3260770_0, 0, 1;
    %pushi/vec4 3, 0, 3;
    %store/vec4 v00000260a3260270_0, 0, 3;
    %pushi/vec4 1, 0, 1;
    %store/vec4 v00000260a3263010_0, 0, 1;
    %jmp T_29.140;
T_29.139 ;
    %pushi/vec4 1, 0, 1;
    %store/vec4 v00000260a3263150_0, 0, 1;
T_29.140 ;
    %jmp T_29.100;
T_29.100 ;
    %pop/vec4 1;
    %jmp T_29.12;
T_29.12 ;
    %pop/vec4 1;
    %load/vec4 v00000260a3263150_0;
    %flag_set/vec4 8;
    %jmp/0xz  T_29.144, 8;
    %pushi/vec4 0, 0, 32;
    %store/vec4 v00000260a3261c10_0, 0, 32;
    %pushi/vec4 0, 0, 4;
    %store/vec4 v00000260a325f7d0_0, 0, 4;
    %pushi/vec4 0, 0, 1;
    %store/vec4 v00000260a325f550_0, 0, 1;
    %pushi/vec4 0, 0, 1;
    %store/vec4 v00000260a32601d0_0, 0, 1;
    %pushi/vec4 0, 0, 1;
    %store/vec4 v00000260a3261fd0_0, 0, 1;
    %pushi/vec4 0, 0, 1;
    %store/vec4 v00000260a32630b0_0, 0, 1;
    %pushi/vec4 0, 0, 1;
    %store/vec4 v00000260a3262430_0, 0, 1;
    %pushi/vec4 0, 0, 1;
    %store/vec4 v00000260a3262b10_0, 0, 1;
    %pushi/vec4 0, 0, 2;
    %store/vec4 v00000260a3263290_0, 0, 2;
    %pushi/vec4 0, 0, 1;
    %store/vec4 v00000260a3263010_0, 0, 1;
    %pushi/vec4 0, 0, 1;
    %store/vec4 v00000260a32610d0_0, 0, 1;
    %pushi/vec4 0, 0, 1;
    %store/vec4 v00000260a3262d90_0, 0, 1;
    %pushi/vec4 0, 0, 1;
    %store/vec4 v00000260a3262c50_0, 0, 1;
    %pushi/vec4 0, 0, 1;
    %store/vec4 v00000260a3262a70_0, 0, 1;
    %pushi/vec4 2, 0, 3;
    %store/vec4 v00000260a3263650_0, 0, 3;
    %pushi/vec4 0, 0, 1;
    %store/vec4 v00000260a325ebf0_0, 0, 1;
    %pushi/vec4 0, 0, 3;
    %store/vec4 v00000260a3260270_0, 0, 3;
    %pushi/vec4 0, 0, 1;
    %store/vec4 v00000260a3260770_0, 0, 1;
    %pushi/vec4 0, 0, 1;
    %store/vec4 v00000260a32617b0_0, 0, 1;
    %pushi/vec4 0, 0, 1;
    %store/vec4 v00000260a32629d0_0, 0, 1;
    %pushi/vec4 0, 0, 1;
    %store/vec4 v00000260a32615d0_0, 0, 1;
T_29.144 ;
    %jmp T_29;
    .thread T_29, $push;
    .scope S_00000260a3201de0;
T_30 ;
    %wait E_00000260a3188630;
    %load/vec4 v00000260a3168800_0;
    %nor/r;
    %flag_set/vec4 8;
    %jmp/0xz  T_30.0, 8;
    %pushi/vec4 0, 0, 32;
    %store/vec4 v00000260a3167ae0_0, 0, 32;
T_30.2 ;
    %load/vec4 v00000260a3167ae0_0;
    %pad/s 40;
    %cmpi/s 256, 0, 40;
    %jmp/0xz T_30.3, 5;
    %pushi/vec4 1, 0, 2;
    %ix/getv/s 3, v00000260a3167ae0_0;
    %ix/load 4, 0, 0; Constant delay
    %assign/vec4/a/d v00000260a31677c0, 0, 4;
    %load/vec4 v00000260a3167ae0_0;
    %addi 1, 0, 32;
    %store/vec4 v00000260a3167ae0_0, 0, 32;
    %jmp T_30.2;
T_30.3 ;
    %jmp T_30.1;
T_30.0 ;
    %load/vec4 v00000260a31698e0_0;
    %flag_set/vec4 8;
    %jmp/0xz  T_30.4, 8;
    %load/vec4 v00000260a31688a0_0;
    %pad/u 10;
    %ix/vec4 4;
    %load/vec4a v00000260a31677c0, 4;
    %dup/vec4;
    %pushi/vec4 0, 0, 2;
    %cmp/u;
    %jmp/1 T_30.6, 6;
    %dup/vec4;
    %pushi/vec4 1, 0, 2;
    %cmp/u;
    %jmp/1 T_30.7, 6;
    %dup/vec4;
    %pushi/vec4 2, 0, 2;
    %cmp/u;
    %jmp/1 T_30.8, 6;
    %dup/vec4;
    %pushi/vec4 3, 0, 2;
    %cmp/u;
    %jmp/1 T_30.9, 6;
    %pushi/vec4 1, 0, 2;
    %load/vec4 v00000260a31688a0_0;
    %pad/u 10;
    %ix/vec4 3;
    %ix/load 4, 0, 0; Constant delay
    %assign/vec4/a/d v00000260a31677c0, 0, 4;
    %jmp T_30.11;
T_30.6 ;
    %load/vec4 v00000260a3167f40_0;
    %flag_set/vec4 8;
    %jmp/0 T_30.12, 8;
    %pushi/vec4 1, 0, 2;
    %jmp/1 T_30.13, 8;
T_30.12 ; End of true expr.
    %pushi/vec4 0, 0, 2;
    %jmp/0 T_30.13, 8;
 ; End of false expr.
    %blend;
T_30.13;
    %load/vec4 v00000260a31688a0_0;
    %pad/u 10;
    %ix/vec4 3;
    %ix/load 4, 0, 0; Constant delay
    %assign/vec4/a/d v00000260a31677c0, 0, 4;
    %jmp T_30.11;
T_30.7 ;
    %load/vec4 v00000260a3167f40_0;
    %flag_set/vec4 8;
    %jmp/0 T_30.14, 8;
    %pushi/vec4 2, 0, 2;
    %jmp/1 T_30.15, 8;
T_30.14 ; End of true expr.
    %pushi/vec4 0, 0, 2;
    %jmp/0 T_30.15, 8;
 ; End of false expr.
    %blend;
T_30.15;
    %load/vec4 v00000260a31688a0_0;
    %pad/u 10;
    %ix/vec4 3;
    %ix/load 4, 0, 0; Constant delay
    %assign/vec4/a/d v00000260a31677c0, 0, 4;
    %jmp T_30.11;
T_30.8 ;
    %load/vec4 v00000260a3167f40_0;
    %flag_set/vec4 8;
    %jmp/0 T_30.16, 8;
    %pushi/vec4 3, 0, 2;
    %jmp/1 T_30.17, 8;
T_30.16 ; End of true expr.
    %pushi/vec4 1, 0, 2;
    %jmp/0 T_30.17, 8;
 ; End of false expr.
    %blend;
T_30.17;
    %load/vec4 v00000260a31688a0_0;
    %pad/u 10;
    %ix/vec4 3;
    %ix/load 4, 0, 0; Constant delay
    %assign/vec4/a/d v00000260a31677c0, 0, 4;
    %jmp T_30.11;
T_30.9 ;
    %load/vec4 v00000260a3167f40_0;
    %flag_set/vec4 8;
    %jmp/0 T_30.18, 8;
    %pushi/vec4 3, 0, 2;
    %jmp/1 T_30.19, 8;
T_30.18 ; End of true expr.
    %pushi/vec4 2, 0, 2;
    %jmp/0 T_30.19, 8;
 ; End of false expr.
    %blend;
T_30.19;
    %load/vec4 v00000260a31688a0_0;
    %pad/u 10;
    %ix/vec4 3;
    %ix/load 4, 0, 0; Constant delay
    %assign/vec4/a/d v00000260a31677c0, 0, 4;
    %jmp T_30.11;
T_30.11 ;
    %pop/vec4 1;
T_30.4 ;
T_30.1 ;
    %jmp T_30;
    .thread T_30;
    .scope S_00000260a2182b50;
T_31 ;
    %wait E_00000260a3188630;
    %load/vec4 v00000260a326b3f0_0;
    %nor/r;
    %flag_set/vec4 8;
    %jmp/0xz  T_31.0, 8;
    %pushi/vec4 0, 0, 32;
    %assign/vec4 v00000260a326a3b0_0, 0;
    %pushi/vec4 0, 0, 32;
    %assign/vec4 v00000260a3269550_0, 0;
    %pushi/vec4 0, 0, 32;
    %assign/vec4 v00000260a326b990_0, 0;
    %pushi/vec4 0, 0, 32;
    %assign/vec4 v00000260a3269690_0, 0;
    %pushi/vec4 0, 0, 5;
    %assign/vec4 v00000260a326bd50_0, 0;
    %pushi/vec4 0, 0, 5;
    %assign/vec4 v00000260a326af90_0, 0;
    %pushi/vec4 0, 0, 5;
    %assign/vec4 v00000260a3269370_0, 0;
    %pushi/vec4 0, 0, 4;
    %assign/vec4 v00000260a3267bb0_0, 0;
    %pushi/vec4 0, 0, 1;
    %assign/vec4 v00000260a3266850_0, 0;
    %pushi/vec4 0, 0, 1;
    %assign/vec4 v00000260a32683d0_0, 0;
    %pushi/vec4 0, 0, 1;
    %assign/vec4 v00000260a3269730_0, 0;
    %pushi/vec4 0, 0, 1;
    %assign/vec4 v00000260a326a4f0_0, 0;
    %pushi/vec4 0, 0, 1;
    %assign/vec4 v00000260a326ae50_0, 0;
    %pushi/vec4 0, 0, 1;
    %assign/vec4 v00000260a3268bf0_0, 0;
    %pushi/vec4 0, 0, 2;
    %assign/vec4 v00000260a326b530_0, 0;
    %pushi/vec4 0, 0, 1;
    %assign/vec4 v00000260a3268f10_0, 0;
    %pushi/vec4 0, 0, 3;
    %assign/vec4 v00000260a3266df0_0, 0;
    %pushi/vec4 0, 0, 1;
    %assign/vec4 v00000260a326b170_0, 0;
    %pushi/vec4 0, 0, 1;
    %assign/vec4 v00000260a326b490_0, 0;
    %pushi/vec4 0, 0, 1;
    %assign/vec4 v00000260a326aef0_0, 0;
    %pushi/vec4 0, 0, 1;
    %assign/vec4 v00000260a3269a50_0, 0;
    %pushi/vec4 0, 0, 1;
    %assign/vec4 v00000260a326a950_0, 0;
    %pushi/vec4 0, 0, 1;
    %assign/vec4 v00000260a3267390_0, 0;
    %pushi/vec4 0, 0, 3;
    %assign/vec4 v00000260a32668f0_0, 0;
    %pushi/vec4 0, 0, 12;
    %assign/vec4 v00000260a3267610_0, 0;
    %pushi/vec4 0, 0, 1;
    %assign/vec4 v00000260a3266710_0, 0;
    %pushi/vec4 0, 0, 1;
    %assign/vec4 v00000260a3266170_0, 0;
    %pushi/vec4 0, 0, 1;
    %assign/vec4 v00000260a326a310_0, 0;
    %pushi/vec4 0, 0, 1;
    %assign/vec4 v00000260a326a6d0_0, 0;
    %pushi/vec4 2, 0, 3;
    %assign/vec4 v00000260a3268b50_0, 0;
    %pushi/vec4 0, 0, 1;
    %assign/vec4 v00000260a326ab30_0, 0;
    %pushi/vec4 0, 0, 32;
    %assign/vec4 v00000260a326ad10_0, 0;
    %pushi/vec4 0, 0, 1;
    %assign/vec4 v00000260a3268830_0, 0;
    %pushi/vec4 0, 0, 32;
    %assign/vec4 v00000260a3268d30_0, 0;
    %pushi/vec4 0, 0, 5;
    %assign/vec4 v00000260a326a090_0, 0;
    %pushi/vec4 0, 0, 1;
    %assign/vec4 v00000260a3268e70_0, 0;
    %pushi/vec4 0, 0, 1;
    %assign/vec4 v00000260a326a9f0_0, 0;
    %pushi/vec4 0, 0, 1;
    %assign/vec4 v00000260a32692d0_0, 0;
    %pushi/vec4 0, 0, 1;
    %assign/vec4 v00000260a326abd0_0, 0;
    %jmp T_31.1;
T_31.0 ;
    %load/vec4 v00000260a3269050_0;
    %assign/vec4 v00000260a326a3b0_0, 0;
    %load/vec4 v00000260a32694b0_0;
    %assign/vec4 v00000260a3269550_0, 0;
    %load/vec4 v00000260a326b8f0_0;
    %assign/vec4 v00000260a326b990_0, 0;
    %load/vec4 v00000260a3269ff0_0;
    %assign/vec4 v00000260a3269690_0, 0;
    %load/vec4 v00000260a326b670_0;
    %assign/vec4 v00000260a326bd50_0, 0;
    %load/vec4 v00000260a326bc10_0;
    %assign/vec4 v00000260a326af90_0, 0;
    %load/vec4 v00000260a3269190_0;
    %assign/vec4 v00000260a3269370_0, 0;
    %load/vec4 v00000260a3266a30_0;
    %assign/vec4 v00000260a3267bb0_0, 0;
    %load/vec4 v00000260a3267430_0;
    %assign/vec4 v00000260a3266850_0, 0;
    %load/vec4 v00000260a3266030_0;
    %assign/vec4 v00000260a32683d0_0, 0;
    %load/vec4 v00000260a3269230_0;
    %assign/vec4 v00000260a3269730_0, 0;
    %load/vec4 v00000260a3269870_0;
    %assign/vec4 v00000260a326a4f0_0, 0;
    %load/vec4 v00000260a326a130_0;
    %assign/vec4 v00000260a326ae50_0, 0;
    %load/vec4 v00000260a326a1d0_0;
    %assign/vec4 v00000260a3268bf0_0, 0;
    %load/vec4 v00000260a326ba30_0;
    %assign/vec4 v00000260a326b530_0, 0;
    %load/vec4 v00000260a3268a10_0;
    %assign/vec4 v00000260a3268f10_0, 0;
    %load/vec4 v00000260a3267570_0;
    %assign/vec4 v00000260a3266df0_0, 0;
    %load/vec4 v00000260a326b030_0;
    %assign/vec4 v00000260a326b170_0, 0;
    %load/vec4 v00000260a326b350_0;
    %assign/vec4 v00000260a326b490_0, 0;
    %load/vec4 v00000260a326b710_0;
    %assign/vec4 v00000260a326aef0_0, 0;
    %load/vec4 v00000260a326aa90_0;
    %assign/vec4 v00000260a3269a50_0, 0;
    %load/vec4 v00000260a32690f0_0;
    %assign/vec4 v00000260a326a950_0, 0;
    %load/vec4 v00000260a3265ef0_0;
    %assign/vec4 v00000260a3267390_0, 0;
    %load/vec4 v00000260a3267cf0_0;
    %assign/vec4 v00000260a32668f0_0, 0;
    %load/vec4 v00000260a3267d90_0;
    %assign/vec4 v00000260a3267610_0, 0;
    %load/vec4 v00000260a3266670_0;
    %assign/vec4 v00000260a3266710_0, 0;
    %load/vec4 v00000260a32685b0_0;
    %assign/vec4 v00000260a3266170_0, 0;
    %load/vec4 v00000260a326a270_0;
    %assign/vec4 v00000260a326a310_0, 0;
    %load/vec4 v00000260a3269c30_0;
    %assign/vec4 v00000260a326a6d0_0, 0;
    %load/vec4 v00000260a3268fb0_0;
    %assign/vec4 v00000260a3268b50_0, 0;
    %load/vec4 v00000260a326ac70_0;
    %assign/vec4 v00000260a326ab30_0, 0;
    %load/vec4 v00000260a3269410_0;
    %assign/vec4 v00000260a326ad10_0, 0;
    %load/vec4 v00000260a3268790_0;
    %flag_set/vec4 8;
    %jmp/0xz  T_31.2, 8;
    %load/vec4 v00000260a32692d0_0;
    %inv;
    %assign/vec4 v00000260a32692d0_0, 0;
T_31.2 ;
    %load/vec4 v00000260a32677f0_0;
    %flag_set/vec4 8;
    %jmp/0xz  T_31.4, 8;
    %pushi/vec4 0, 0, 1;
    %assign/vec4 v00000260a3268830_0, 0;
    %pushi/vec4 0, 0, 32;
    %assign/vec4 v00000260a3268d30_0, 0;
    %pushi/vec4 0, 0, 5;
    %assign/vec4 v00000260a326a090_0, 0;
    %pushi/vec4 0, 0, 1;
    %assign/vec4 v00000260a3268e70_0, 0;
    %pushi/vec4 0, 0, 1;
    %assign/vec4 v00000260a326a9f0_0, 0;
    %jmp T_31.5;
T_31.4 ;
    %load/vec4 v00000260a326b0d0_0;
    %nor/r;
    %flag_set/vec4 10;
    %flag_get/vec4 10;
    %jmp/0 T_31.9, 10;
    %load/vec4 v00000260a32699b0_0;
    %and;
T_31.9;
    %flag_set/vec4 9;
    %flag_get/vec4 9;
    %jmp/0 T_31.8, 9;
    %load/vec4 v00000260a32681f0_0;
    %nor/r;
    %and;
T_31.8;
    %flag_set/vec4 8;
    %jmp/0xz  T_31.6, 8;
    %pushi/vec4 1, 0, 1;
    %assign/vec4 v00000260a3268830_0, 0;
    %load/vec4 v00000260a32697d0_0;
    %assign/vec4 v00000260a3268d30_0, 0;
    %load/vec4 v00000260a32688d0_0;
    %assign/vec4 v00000260a326a090_0, 0;
    %load/vec4 v00000260a3269eb0_0;
    %assign/vec4 v00000260a3268e70_0, 0;
    %load/vec4 v00000260a3268290_0;
    %flag_set/vec4 8;
    %jmp/1 T_31.11, 8;
    %load/vec4 v00000260a326adb0_0;
    %flag_set/vec4 9;
    %flag_or 8, 9;
T_31.11;
    %flag_get/vec4 8;
    %jmp/1 T_31.10, 8;
    %load/vec4 v00000260a326a590_0;
    %or;
T_31.10;
    %nor/r;
    %assign/vec4 v00000260a326a9f0_0, 0;
    %load/vec4 v00000260a32692d0_0;
    %assign/vec4 v00000260a326abd0_0, 0;
T_31.6 ;
T_31.5 ;
T_31.1 ;
    %jmp T_31;
    .thread T_31;
    .scope S_00000260a3202740;
T_32 ;
    %wait E_00000260a3188630;
    %load/vec4 v00000260a2745930_0;
    %nor/r;
    %flag_set/vec4 8;
    %jmp/0xz  T_32.0, 8;
    %pushi/vec4 0, 0, 1;
    %assign/vec4 v00000260a2747050_0, 0;
    %pushi/vec4 0, 0, 1;
    %assign/vec4 v00000260a2744d50_0, 0;
    %pushi/vec4 0, 0, 32;
    %assign/vec4 v00000260a2744e90_0, 0;
    %pushi/vec4 0, 0, 64;
    %assign/vec4 v00000260a2746b50_0, 0;
    %pushi/vec4 0, 0, 64;
    %assign/vec4 v00000260a2745430_0, 0;
    %pushi/vec4 0, 0, 32;
    %assign/vec4 v00000260a27454d0_0, 0;
    %pushi/vec4 0, 0, 1;
    %assign/vec4 v00000260a2745bb0_0, 0;
    %pushi/vec4 0, 0, 1;
    %assign/vec4 v00000260a2744210_0, 0;
    %pushi/vec4 0, 0, 6;
    %assign/vec4 v00000260a2744170_0, 0;
    %jmp T_32.1;
T_32.0 ;
    %pushi/vec4 0, 0, 1;
    %assign/vec4 v00000260a2744d50_0, 0;
    %load/vec4 v00000260a2745f70_0;
    %flag_set/vec4 9;
    %flag_get/vec4 9;
    %jmp/0 T_32.4, 9;
    %load/vec4 v00000260a2747050_0;
    %nor/r;
    %and;
T_32.4;
    %flag_set/vec4 8;
    %jmp/0xz  T_32.2, 8;
    %pushi/vec4 1, 0, 1;
    %assign/vec4 v00000260a2747050_0, 0;
    %pushi/vec4 0, 0, 64;
    %assign/vec4 v00000260a2746b50_0, 0;
    %pushi/vec4 0, 0, 32;
    %load/vec4 v00000260a2746790_0;
    %concat/vec4; draw_concat_vec4
    %assign/vec4 v00000260a2745430_0, 0;
    %load/vec4 v00000260a2746830_0;
    %assign/vec4 v00000260a27454d0_0, 0;
    %load/vec4 v00000260a2744530_0;
    %assign/vec4 v00000260a2745bb0_0, 0;
    %load/vec4 v00000260a2744cb0_0;
    %assign/vec4 v00000260a2744210_0, 0;
    %pushi/vec4 0, 0, 6;
    %assign/vec4 v00000260a2744170_0, 0;
    %jmp T_32.3;
T_32.2 ;
    %load/vec4 v00000260a2747050_0;
    %flag_set/vec4 8;
    %jmp/0xz  T_32.5, 8;
    %load/vec4 v00000260a2746b50_0;
    %store/vec4 v00000260a2746f10_0, 0, 64;
    %load/vec4 v00000260a27454d0_0;
    %parti/s 1, 0, 2;
    %flag_set/vec4 8;
    %jmp/0xz  T_32.7, 8;
    %load/vec4 v00000260a2746b50_0;
    %load/vec4 v00000260a2745430_0;
    %add;
    %store/vec4 v00000260a2746f10_0, 0, 64;
T_32.7 ;
    %load/vec4 v00000260a2746f10_0;
    %store/vec4 v00000260a2745ed0_0, 0, 64;
    %load/vec4 v00000260a2745bb0_0;
    %flag_set/vec4 8;
    %jmp/0xz  T_32.9, 8;
    %load/vec4 v00000260a2745ed0_0;
    %inv;
    %addi 1, 0, 64;
    %store/vec4 v00000260a2745e30_0, 0, 64;
    %jmp T_32.10;
T_32.9 ;
    %load/vec4 v00000260a2745ed0_0;
    %store/vec4 v00000260a2745e30_0, 0, 64;
T_32.10 ;
    %load/vec4 v00000260a2744170_0;
    %cmpi/e 31, 0, 6;
    %jmp/0xz  T_32.11, 4;
    %pushi/vec4 0, 0, 1;
    %assign/vec4 v00000260a2747050_0, 0;
    %pushi/vec4 1, 0, 1;
    %assign/vec4 v00000260a2744d50_0, 0;
    %load/vec4 v00000260a2744210_0;
    %flag_set/vec4 8;
    %jmp/0 T_32.13, 8;
    %load/vec4 v00000260a2745e30_0;
    %parti/s 32, 32, 7;
    %jmp/1 T_32.14, 8;
T_32.13 ; End of true expr.
    %load/vec4 v00000260a2745e30_0;
    %parti/s 32, 0, 2;
    %jmp/0 T_32.14, 8;
 ; End of false expr.
    %blend;
T_32.14;
    %assign/vec4 v00000260a2744e90_0, 0;
    %jmp T_32.12;
T_32.11 ;
    %load/vec4 v00000260a2746f10_0;
    %assign/vec4 v00000260a2746b50_0, 0;
    %load/vec4 v00000260a2745430_0;
    %ix/load 4, 1, 0;
    %flag_set/imm 4, 0;
    %shiftl 4;
    %assign/vec4 v00000260a2745430_0, 0;
    %load/vec4 v00000260a27454d0_0;
    %ix/load 4, 1, 0;
    %flag_set/imm 4, 0;
    %shiftr 4;
    %assign/vec4 v00000260a27454d0_0, 0;
    %load/vec4 v00000260a2744170_0;
    %addi 1, 0, 6;
    %assign/vec4 v00000260a2744170_0, 0;
T_32.12 ;
T_32.5 ;
T_32.3 ;
T_32.1 ;
    %jmp T_32;
    .thread T_32;
    .scope S_00000260a3202420;
T_33 ;
    %wait E_00000260a3188630;
    %load/vec4 v00000260a27470f0_0;
    %nor/r;
    %flag_set/vec4 8;
    %jmp/0xz  T_33.0, 8;
    %pushi/vec4 0, 0, 1;
    %assign/vec4 v00000260a3086080_0, 0;
    %pushi/vec4 0, 0, 1;
    %assign/vec4 v00000260a2f92bd0_0, 0;
    %pushi/vec4 0, 0, 32;
    %assign/vec4 v00000260a2746c90_0, 0;
    %pushi/vec4 0, 0, 32;
    %assign/vec4 v00000260a27474b0_0, 0;
    %pushi/vec4 0, 0, 32;
    %assign/vec4 v00000260a27475f0_0, 0;
    %pushi/vec4 0, 0, 32;
    %assign/vec4 v00000260a2746970_0, 0;
    %pushi/vec4 0, 0, 32;
    %assign/vec4 v00000260a2f92240_0, 0;
    %pushi/vec4 0, 0, 1;
    %assign/vec4 v00000260a2746650_0, 0;
    %pushi/vec4 0, 0, 1;
    %assign/vec4 v00000260a2747690_0, 0;
    %pushi/vec4 0, 0, 1;
    %assign/vec4 v00000260a3098000_0, 0;
    %pushi/vec4 0, 0, 1;
    %assign/vec4 v00000260a2747190_0, 0;
    %pushi/vec4 0, 0, 32;
    %assign/vec4 v00000260a2fd4180_0, 0;
    %pushi/vec4 0, 0, 6;
    %assign/vec4 v00000260a3098fa0_0, 0;
    %jmp T_33.1;
T_33.0 ;
    %pushi/vec4 0, 0, 1;
    %assign/vec4 v00000260a2f92bd0_0, 0;
    %load/vec4 v00000260a2747410_0;
    %flag_set/vec4 9;
    %flag_get/vec4 9;
    %jmp/0 T_33.4, 9;
    %load/vec4 v00000260a3086080_0;
    %nor/r;
    %and;
T_33.4;
    %flag_set/vec4 8;
    %jmp/0xz  T_33.2, 8;
    %pushi/vec4 1, 0, 1;
    %assign/vec4 v00000260a3086080_0, 0;
    %pushi/vec4 0, 0, 32;
    %assign/vec4 v00000260a27475f0_0, 0;
    %load/vec4 v00000260a2fd40e0_0;
    %assign/vec4 v00000260a2746970_0, 0;
    %load/vec4 v00000260a2fd19f0_0;
    %assign/vec4 v00000260a2f92240_0, 0;
    %load/vec4 v00000260a30142f0_0;
    %load/vec4 v00000260a2f91de0_0;
    %xor;
    %assign/vec4 v00000260a2746650_0, 0;
    %load/vec4 v00000260a30142f0_0;
    %assign/vec4 v00000260a2747690_0, 0;
    %load/vec4 v00000260a2747370_0;
    %assign/vec4 v00000260a3098000_0, 0;
    %load/vec4 v00000260a27472d0_0;
    %assign/vec4 v00000260a2747190_0, 0;
    %load/vec4 v00000260a3015010_0;
    %assign/vec4 v00000260a2fd4180_0, 0;
    %pushi/vec4 0, 0, 6;
    %assign/vec4 v00000260a3098fa0_0, 0;
    %jmp T_33.3;
T_33.2 ;
    %load/vec4 v00000260a3086080_0;
    %flag_set/vec4 8;
    %jmp/0xz  T_33.5, 8;
    %load/vec4 v00000260a3098000_0;
    %flag_set/vec4 8;
    %jmp/0xz  T_33.7, 8;
    %pushi/vec4 0, 0, 1;
    %assign/vec4 v00000260a3086080_0, 0;
    %pushi/vec4 1, 0, 1;
    %assign/vec4 v00000260a2f92bd0_0, 0;
    %pushi/vec4 4294967295, 0, 32;
    %assign/vec4 v00000260a2746c90_0, 0;
    %load/vec4 v00000260a2fd4180_0;
    %assign/vec4 v00000260a27474b0_0, 0;
    %jmp T_33.8;
T_33.7 ;
    %load/vec4 v00000260a2747190_0;
    %flag_set/vec4 8;
    %jmp/0xz  T_33.9, 8;
    %pushi/vec4 0, 0, 1;
    %assign/vec4 v00000260a3086080_0, 0;
    %pushi/vec4 1, 0, 1;
    %assign/vec4 v00000260a2f92bd0_0, 0;
    %pushi/vec4 2147483648, 0, 32;
    %assign/vec4 v00000260a2746c90_0, 0;
    %pushi/vec4 0, 0, 32;
    %assign/vec4 v00000260a27474b0_0, 0;
    %jmp T_33.10;
T_33.9 ;
    %load/vec4 v00000260a27475f0_0;
    %parti/s 31, 0, 2;
    %load/vec4 v00000260a2746970_0;
    %parti/s 1, 31, 6;
    %concat/vec4; draw_concat_vec4
    %store/vec4 v00000260a2747230_0, 0, 32;
    %load/vec4 v00000260a2746970_0;
    %ix/load 4, 1, 0;
    %flag_set/imm 4, 0;
    %shiftl 4;
    %store/vec4 v00000260a27463d0_0, 0, 32;
    %load/vec4 v00000260a2f92240_0;
    %load/vec4 v00000260a2747230_0;
    %cmp/u;
    %flag_or 5, 4;
    %jmp/0xz  T_33.11, 5;
    %load/vec4 v00000260a2747230_0;
    %load/vec4 v00000260a2f92240_0;
    %sub;
    %store/vec4 v00000260a2747230_0, 0, 32;
    %pushi/vec4 1, 0, 1;
    %ix/load 4, 0, 0;
    %flag_set/imm 4, 0;
    %store/vec4 v00000260a27463d0_0, 4, 1;
T_33.11 ;
    %load/vec4 v00000260a3098fa0_0;
    %cmpi/e 31, 0, 6;
    %jmp/0xz  T_33.13, 4;
    %load/vec4 v00000260a27463d0_0;
    %store/vec4 v00000260a27460b0_0, 0, 32;
    %load/vec4 v00000260a2747230_0;
    %store/vec4 v00000260a2746150_0, 0, 32;
    %load/vec4 v00000260a2746650_0;
    %flag_set/vec4 9;
    %flag_get/vec4 9;
    %jmp/0 T_33.17, 9;
    %load/vec4 v00000260a27460b0_0;
    %pushi/vec4 0, 0, 32;
    %cmp/ne;
    %flag_get/vec4 4;
    %and;
T_33.17;
    %flag_set/vec4 8;
    %jmp/0xz  T_33.15, 8;
    %load/vec4 v00000260a27460b0_0;
    %inv;
    %addi 1, 0, 32;
    %store/vec4 v00000260a27460b0_0, 0, 32;
T_33.15 ;
    %load/vec4 v00000260a2747690_0;
    %flag_set/vec4 9;
    %flag_get/vec4 9;
    %jmp/0 T_33.20, 9;
    %load/vec4 v00000260a2746150_0;
    %pushi/vec4 0, 0, 32;
    %cmp/ne;
    %flag_get/vec4 4;
    %and;
T_33.20;
    %flag_set/vec4 8;
    %jmp/0xz  T_33.18, 8;
    %load/vec4 v00000260a2746150_0;
    %inv;
    %addi 1, 0, 32;
    %store/vec4 v00000260a2746150_0, 0, 32;
T_33.18 ;
    %pushi/vec4 0, 0, 1;
    %assign/vec4 v00000260a3086080_0, 0;
    %pushi/vec4 1, 0, 1;
    %assign/vec4 v00000260a2f92bd0_0, 0;
    %load/vec4 v00000260a27460b0_0;
    %assign/vec4 v00000260a2746c90_0, 0;
    %load/vec4 v00000260a2746150_0;
    %assign/vec4 v00000260a27474b0_0, 0;
    %jmp T_33.14;
T_33.13 ;
    %load/vec4 v00000260a2747230_0;
    %assign/vec4 v00000260a27475f0_0, 0;
    %load/vec4 v00000260a27463d0_0;
    %assign/vec4 v00000260a2746970_0, 0;
    %load/vec4 v00000260a3098fa0_0;
    %addi 1, 0, 6;
    %assign/vec4 v00000260a3098fa0_0, 0;
T_33.14 ;
T_33.10 ;
T_33.8 ;
T_33.5 ;
T_33.3 ;
T_33.1 ;
    %jmp T_33;
    .thread T_33;
    .scope S_00000260a3201c50;
T_34 ;
    %wait E_00000260a3188630;
    %load/vec4 v00000260a2e56870_0;
    %nor/r;
    %flag_set/vec4 8;
    %jmp/0xz  T_34.0, 8;
    %pushi/vec4 0, 0, 1;
    %assign/vec4 v00000260a2e56b90_0, 0;
    %pushi/vec4 0, 0, 1;
    %assign/vec4 v00000260a2e56d70_0, 0;
    %jmp T_34.1;
T_34.0 ;
    %load/vec4 v00000260a2e55d30_0;
    %nor/r;
    %flag_set/vec4 8;
    %jmp/1 T_34.4, 8;
    %load/vec4 v00000260a2e560f0_0;
    %nor/r;
    %flag_set/vec4 9;
    %flag_or 8, 9;
T_34.4;
    %jmp/0xz  T_34.2, 8;
    %pushi/vec4 0, 0, 1;
    %assign/vec4 v00000260a2e56b90_0, 0;
    %pushi/vec4 0, 0, 1;
    %assign/vec4 v00000260a2e56d70_0, 0;
    %jmp T_34.3;
T_34.2 ;
    %load/vec4 v00000260a2e56a50_0;
    %flag_set/vec4 8;
    %jmp/0xz  T_34.5, 8;
    %pushi/vec4 0, 0, 1;
    %assign/vec4 v00000260a2e56b90_0, 0;
    %load/vec4 v00000260a2e55b50_0;
    %assign/vec4 v00000260a2e56d70_0, 0;
    %jmp T_34.6;
T_34.5 ;
    %load/vec4 v00000260a2e569b0_0;
    %flag_set/vec4 8;
    %jmp/0xz  T_34.7, 8;
    %pushi/vec4 1, 0, 1;
    %assign/vec4 v00000260a2e56b90_0, 0;
    %pushi/vec4 0, 0, 1;
    %assign/vec4 v00000260a2e56d70_0, 0;
    %jmp T_34.8;
T_34.7 ;
    %load/vec4 v00000260a2e56d70_0;
    %flag_set/vec4 9;
    %flag_get/vec4 9;
    %jmp/0 T_34.11, 9;
    %load/vec4 v00000260a2e55b50_0;
    %nor/r;
    %and;
T_34.11;
    %flag_set/vec4 8;
    %jmp/0xz  T_34.9, 8;
    %pushi/vec4 0, 0, 1;
    %assign/vec4 v00000260a2e56d70_0, 0;
T_34.9 ;
T_34.8 ;
T_34.6 ;
T_34.3 ;
T_34.1 ;
    %jmp T_34;
    .thread T_34;
    .scope S_00000260a3201c50;
T_35 ;
    %wait E_00000260a3188630;
    %load/vec4 v00000260a2e56870_0;
    %nor/r;
    %flag_set/vec4 8;
    %jmp/0xz  T_35.0, 8;
    %pushi/vec4 0, 0, 1;
    %assign/vec4 v00000260a2e544d0_0, 0;
    %pushi/vec4 0, 0, 1;
    %assign/vec4 v00000260a2e54b10_0, 0;
    %jmp T_35.1;
T_35.0 ;
    %load/vec4 v00000260a2e55d30_0;
    %nor/r;
    %flag_set/vec4 8;
    %jmp/1 T_35.4, 8;
    %load/vec4 v00000260a2e56230_0;
    %flag_set/vec4 10;
    %flag_get/vec4 10;
    %jmp/1 T_35.5, 10;
    %load/vec4 v00000260a2e54110_0;
    %or;
T_35.5;
    %nor/r;
    %flag_set/vec4 9;
    %flag_or 8, 9;
T_35.4;
    %jmp/0xz  T_35.2, 8;
    %pushi/vec4 0, 0, 1;
    %assign/vec4 v00000260a2e544d0_0, 0;
    %pushi/vec4 0, 0, 1;
    %assign/vec4 v00000260a2e54b10_0, 0;
    %jmp T_35.3;
T_35.2 ;
    %load/vec4 v00000260a2e55830_0;
    %flag_set/vec4 8;
    %jmp/0xz  T_35.6, 8;
    %pushi/vec4 0, 0, 1;
    %assign/vec4 v00000260a2e544d0_0, 0;
    %load/vec4 v00000260a2e55b50_0;
    %assign/vec4 v00000260a2e54b10_0, 0;
    %jmp T_35.7;
T_35.6 ;
    %load/vec4 v00000260a2e56690_0;
    %flag_set/vec4 8;
    %jmp/0xz  T_35.8, 8;
    %pushi/vec4 1, 0, 1;
    %assign/vec4 v00000260a2e544d0_0, 0;
    %pushi/vec4 0, 0, 1;
    %assign/vec4 v00000260a2e54b10_0, 0;
    %jmp T_35.9;
T_35.8 ;
    %load/vec4 v00000260a2e54b10_0;
    %flag_set/vec4 9;
    %flag_get/vec4 9;
    %jmp/0 T_35.12, 9;
    %load/vec4 v00000260a2e55b50_0;
    %nor/r;
    %and;
T_35.12;
    %flag_set/vec4 8;
    %jmp/0xz  T_35.10, 8;
    %pushi/vec4 0, 0, 1;
    %assign/vec4 v00000260a2e54b10_0, 0;
T_35.10 ;
T_35.9 ;
T_35.7 ;
T_35.3 ;
T_35.1 ;
    %jmp T_35;
    .thread T_35;
    .scope S_00000260a3201c50;
T_36 ;
    %wait E_00000260a3188f70;
    %load/vec4 v00000260a2e56190_0;
    %dup/vec4;
    %pushi/vec4 0, 0, 4;
    %cmp/u;
    %jmp/1 T_36.0, 6;
    %dup/vec4;
    %pushi/vec4 1, 0, 4;
    %cmp/u;
    %jmp/1 T_36.1, 6;
    %dup/vec4;
    %pushi/vec4 6, 0, 4;
    %cmp/u;
    %jmp/1 T_36.2, 6;
    %dup/vec4;
    %pushi/vec4 5, 0, 4;
    %cmp/u;
    %jmp/1 T_36.3, 6;
    %dup/vec4;
    %pushi/vec4 4, 0, 4;
    %cmp/u;
    %jmp/1 T_36.4, 6;
    %dup/vec4;
    %pushi/vec4 2, 0, 4;
    %cmp/u;
    %jmp/1 T_36.5, 6;
    %dup/vec4;
    %pushi/vec4 3, 0, 4;
    %cmp/u;
    %jmp/1 T_36.6, 6;
    %dup/vec4;
    %pushi/vec4 7, 0, 4;
    %cmp/u;
    %jmp/1 T_36.7, 6;
    %pushi/vec4 0, 0, 32;
    %store/vec4 v00000260a2e55f10_0, 0, 32;
    %jmp T_36.9;
T_36.0 ;
    %load/vec4 v00000260a2e4f430_0;
    %load/vec4 v00000260a2e50510_0;
    %add;
    %store/vec4 v00000260a2e55f10_0, 0, 32;
    %jmp T_36.9;
T_36.1 ;
    %load/vec4 v00000260a2e4f430_0;
    %load/vec4 v00000260a2e50510_0;
    %sub;
    %store/vec4 v00000260a2e55f10_0, 0, 32;
    %jmp T_36.9;
T_36.2 ;
    %load/vec4 v00000260a2e4f430_0;
    %load/vec4 v00000260a2e50510_0;
    %and;
    %store/vec4 v00000260a2e55f10_0, 0, 32;
    %jmp T_36.9;
T_36.3 ;
    %load/vec4 v00000260a2e4f430_0;
    %load/vec4 v00000260a2e50510_0;
    %or;
    %store/vec4 v00000260a2e55f10_0, 0, 32;
    %jmp T_36.9;
T_36.4 ;
    %load/vec4 v00000260a2e4f430_0;
    %load/vec4 v00000260a2e50510_0;
    %xor;
    %store/vec4 v00000260a2e55f10_0, 0, 32;
    %jmp T_36.9;
T_36.5 ;
    %load/vec4 v00000260a2e4f430_0;
    %load/vec4 v00000260a2e50510_0;
    %cmp/s;
    %flag_mov 8, 5;
    %jmp/0 T_36.10, 8;
    %pushi/vec4 1, 0, 32;
    %jmp/1 T_36.11, 8;
T_36.10 ; End of true expr.
    %pushi/vec4 0, 0, 32;
    %jmp/0 T_36.11, 8;
 ; End of false expr.
    %blend;
T_36.11;
    %store/vec4 v00000260a2e55f10_0, 0, 32;
    %jmp T_36.9;
T_36.6 ;
    %load/vec4 v00000260a2e4f430_0;
    %load/vec4 v00000260a2e50510_0;
    %cmp/u;
    %flag_mov 8, 5;
    %jmp/0 T_36.12, 8;
    %pushi/vec4 1, 0, 32;
    %jmp/1 T_36.13, 8;
T_36.12 ; End of true expr.
    %pushi/vec4 0, 0, 32;
    %jmp/0 T_36.13, 8;
 ; End of false expr.
    %blend;
T_36.13;
    %store/vec4 v00000260a2e55f10_0, 0, 32;
    %jmp T_36.9;
T_36.7 ;
    %load/vec4 v00000260a2e54930_0;
    %nor/r;
    %flag_set/vec4 8;
    %jmp/0xz  T_36.14, 8;
    %load/vec4 v00000260a2e4f430_0;
    %ix/getv 4, v00000260a2e50790_0;
    %shiftl 4;
    %store/vec4 v00000260a2e55f10_0, 0, 32;
    %jmp T_36.15;
T_36.14 ;
    %load/vec4 v00000260a2e541b0_0;
    %flag_set/vec4 8;
    %jmp/0xz  T_36.16, 8;
    %load/vec4 v00000260a2e4f430_0;
    %ix/getv 4, v00000260a2e50790_0;
    %shiftr/s 4;
    %store/vec4 v00000260a2e55f10_0, 0, 32;
    %jmp T_36.17;
T_36.16 ;
    %load/vec4 v00000260a2e4f430_0;
    %ix/getv 4, v00000260a2e50790_0;
    %shiftr 4;
    %store/vec4 v00000260a2e55f10_0, 0, 32;
T_36.17 ;
T_36.15 ;
    %jmp T_36.9;
T_36.9 ;
    %pop/vec4 1;
    %jmp T_36;
    .thread T_36, $push;
    .scope S_00000260a3201c50;
T_37 ;
    %wait E_00000260a3188bf0;
    %load/vec4 v00000260a2e553d0_0;
    %flag_set/vec4 8;
    %jmp/0xz  T_37.0, 8;
    %load/vec4 v00000260a2e54d90_0;
    %store/vec4 v00000260a2e54070_0, 0, 32;
    %jmp T_37.1;
T_37.0 ;
    %load/vec4 v00000260a2e560f0_0;
    %flag_set/vec4 8;
    %jmp/0xz  T_37.2, 8;
    %load/vec4 v00000260a2e56c30_0;
    %store/vec4 v00000260a2e54070_0, 0, 32;
    %jmp T_37.3;
T_37.2 ;
    %load/vec4 v00000260a2e56230_0;
    %flag_set/vec4 8;
    %jmp/0xz  T_37.4, 8;
    %load/vec4 v00000260a2e542f0_0;
    %store/vec4 v00000260a2e54070_0, 0, 32;
    %jmp T_37.5;
T_37.4 ;
    %load/vec4 v00000260a2e54110_0;
    %flag_set/vec4 8;
    %jmp/0xz  T_37.6, 8;
    %load/vec4 v00000260a2e55470_0;
    %store/vec4 v00000260a2e54070_0, 0, 32;
    %jmp T_37.7;
T_37.6 ;
    %load/vec4 v00000260a2e55f10_0;
    %store/vec4 v00000260a2e54070_0, 0, 32;
T_37.7 ;
T_37.5 ;
T_37.3 ;
T_37.1 ;
    %jmp T_37;
    .thread T_37, $push;
    .scope S_00000260a3201c50;
T_38 ;
    %wait E_00000260a3188a30;
    %load/vec4 v00000260a2e567d0_0;
    %dup/vec4;
    %pushi/vec4 0, 0, 3;
    %cmp/u;
    %jmp/1 T_38.0, 6;
    %dup/vec4;
    %pushi/vec4 1, 0, 3;
    %cmp/u;
    %jmp/1 T_38.1, 6;
    %dup/vec4;
    %pushi/vec4 4, 0, 3;
    %cmp/u;
    %jmp/1 T_38.2, 6;
    %dup/vec4;
    %pushi/vec4 5, 0, 3;
    %cmp/u;
    %jmp/1 T_38.3, 6;
    %dup/vec4;
    %pushi/vec4 6, 0, 3;
    %cmp/u;
    %jmp/1 T_38.4, 6;
    %dup/vec4;
    %pushi/vec4 7, 0, 3;
    %cmp/u;
    %jmp/1 T_38.5, 6;
    %pushi/vec4 0, 0, 1;
    %store/vec4 v00000260a2e54cf0_0, 0, 1;
    %jmp T_38.7;
T_38.0 ;
    %load/vec4 v00000260a2e56550_0;
    %store/vec4 v00000260a2e54cf0_0, 0, 1;
    %jmp T_38.7;
T_38.1 ;
    %load/vec4 v00000260a2e565f0_0;
    %store/vec4 v00000260a2e54cf0_0, 0, 1;
    %jmp T_38.7;
T_38.2 ;
    %load/vec4 v00000260a2e55dd0_0;
    %store/vec4 v00000260a2e54cf0_0, 0, 1;
    %jmp T_38.7;
T_38.3 ;
    %load/vec4 v00000260a2e55010_0;
    %store/vec4 v00000260a2e54cf0_0, 0, 1;
    %jmp T_38.7;
T_38.4 ;
    %load/vec4 v00000260a2e551f0_0;
    %store/vec4 v00000260a2e54cf0_0, 0, 1;
    %jmp T_38.7;
T_38.5 ;
    %load/vec4 v00000260a2e55790_0;
    %store/vec4 v00000260a2e54cf0_0, 0, 1;
    %jmp T_38.7;
T_38.7 ;
    %pop/vec4 1;
    %jmp T_38;
    .thread T_38, $push;
    .scope S_00000260a3201ac0;
T_39 ;
    %wait E_00000260a3188b70;
    %load/vec4 v00000260a3169980_0;
    %dup/vec4;
    %pushi/vec4 768, 0, 12;
    %cmp/u;
    %jmp/1 T_39.0, 6;
    %dup/vec4;
    %pushi/vec4 772, 0, 12;
    %cmp/u;
    %jmp/1 T_39.1, 6;
    %dup/vec4;
    %pushi/vec4 773, 0, 12;
    %cmp/u;
    %jmp/1 T_39.2, 6;
    %dup/vec4;
    %pushi/vec4 832, 0, 12;
    %cmp/u;
    %jmp/1 T_39.3, 6;
    %dup/vec4;
    %pushi/vec4 833, 0, 12;
    %cmp/u;
    %jmp/1 T_39.4, 6;
    %dup/vec4;
    %pushi/vec4 834, 0, 12;
    %cmp/u;
    %jmp/1 T_39.5, 6;
    %dup/vec4;
    %pushi/vec4 835, 0, 12;
    %cmp/u;
    %jmp/1 T_39.6, 6;
    %dup/vec4;
    %pushi/vec4 836, 0, 12;
    %cmp/u;
    %jmp/1 T_39.7, 6;
    %dup/vec4;
    %pushi/vec4 3860, 0, 12;
    %cmp/u;
    %jmp/1 T_39.8, 6;
    %pushi/vec4 0, 0, 32;
    %store/vec4 v00000260a3169200_0, 0, 32;
    %jmp T_39.10;
T_39.0 ;
    %load/vec4 v00000260a3169160_0;
    %store/vec4 v00000260a3169200_0, 0, 32;
    %jmp T_39.10;
T_39.1 ;
    %load/vec4 v00000260a3169ca0_0;
    %store/vec4 v00000260a3169200_0, 0, 32;
    %jmp T_39.10;
T_39.2 ;
    %load/vec4 v00000260a3169fc0_0;
    %store/vec4 v00000260a3169200_0, 0, 32;
    %jmp T_39.10;
T_39.3 ;
    %load/vec4 v00000260a3168f80_0;
    %store/vec4 v00000260a3169200_0, 0, 32;
    %jmp T_39.10;
T_39.4 ;
    %load/vec4 v00000260a3168bc0_0;
    %store/vec4 v00000260a3169200_0, 0, 32;
    %jmp T_39.10;
T_39.5 ;
    %load/vec4 v00000260a3167cc0_0;
    %store/vec4 v00000260a3169200_0, 0, 32;
    %jmp T_39.10;
T_39.6 ;
    %load/vec4 v00000260a316a560_0;
    %store/vec4 v00000260a3169200_0, 0, 32;
    %jmp T_39.10;
T_39.7 ;
    %load/vec4 v00000260a31681c0_0;
    %store/vec4 v00000260a3169200_0, 0, 32;
    %jmp T_39.10;
T_39.8 ;
    %pushi/vec4 0, 0, 32;
    %store/vec4 v00000260a3169200_0, 0, 32;
    %jmp T_39.10;
T_39.10 ;
    %pop/vec4 1;
    %jmp T_39;
    .thread T_39, $push;
    .scope S_00000260a3201ac0;
T_40 ;
    %wait E_00000260a3188e70;
    %load/vec4 v00000260a3169200_0;
    %store/vec4 v00000260a3167fe0_0, 0, 32;
    %jmp T_40;
    .thread T_40, $push;
    .scope S_00000260a3201ac0;
T_41 ;
    %wait E_00000260a31887b0;
    %load/vec4 v00000260a3168b20_0;
    %dup/vec4;
    %pushi/vec4 1, 0, 3;
    %cmp/u;
    %jmp/1 T_41.0, 6;
    %dup/vec4;
    %pushi/vec4 2, 0, 3;
    %cmp/u;
    %jmp/1 T_41.1, 6;
    %dup/vec4;
    %pushi/vec4 3, 0, 3;
    %cmp/u;
    %jmp/1 T_41.2, 6;
    %load/vec4 v00000260a3167fe0_0;
    %store/vec4 v00000260a3168ee0_0, 0, 32;
    %jmp T_41.4;
T_41.0 ;
    %load/vec4 v00000260a31686c0_0;
    %store/vec4 v00000260a3168ee0_0, 0, 32;
    %jmp T_41.4;
T_41.1 ;
    %load/vec4 v00000260a3167fe0_0;
    %load/vec4 v00000260a31686c0_0;
    %or;
    %store/vec4 v00000260a3168ee0_0, 0, 32;
    %jmp T_41.4;
T_41.2 ;
    %load/vec4 v00000260a3167fe0_0;
    %load/vec4 v00000260a31686c0_0;
    %inv;
    %and;
    %store/vec4 v00000260a3168ee0_0, 0, 32;
    %jmp T_41.4;
T_41.4 ;
    %pop/vec4 1;
    %jmp T_41;
    .thread T_41, $push;
    .scope S_00000260a3201ac0;
T_42 ;
    %wait E_00000260a3189130;
    %load/vec4 v00000260a3169160_0;
    %store/vec4 v00000260a3169340_0, 0, 32;
    %load/vec4 v00000260a3168ee0_0;
    %parti/s 1, 3, 3;
    %ix/load 4, 3, 0;
    %flag_set/imm 4, 0;
    %store/vec4 v00000260a3169340_0, 4, 1;
    %load/vec4 v00000260a3168ee0_0;
    %parti/s 1, 7, 4;
    %ix/load 4, 7, 0;
    %flag_set/imm 4, 0;
    %store/vec4 v00000260a3169340_0, 4, 1;
    %load/vec4 v00000260a3168ee0_0;
    %parti/s 2, 11, 5;
    %ix/load 4, 11, 0;
    %flag_set/imm 4, 0;
    %store/vec4 v00000260a3169340_0, 4, 2;
    %jmp T_42;
    .thread T_42, $push;
    .scope S_00000260a3201ac0;
T_43 ;
    %wait E_00000260a3188e30;
    %load/vec4 v00000260a3169ca0_0;
    %store/vec4 v00000260a3168c60_0, 0, 32;
    %load/vec4 v00000260a3168ee0_0;
    %parti/s 1, 3, 3;
    %ix/load 4, 3, 0;
    %flag_set/imm 4, 0;
    %store/vec4 v00000260a3168c60_0, 4, 1;
    %load/vec4 v00000260a3168ee0_0;
    %parti/s 1, 7, 4;
    %ix/load 4, 7, 0;
    %flag_set/imm 4, 0;
    %store/vec4 v00000260a3168c60_0, 4, 1;
    %load/vec4 v00000260a3168ee0_0;
    %parti/s 1, 11, 5;
    %ix/load 4, 11, 0;
    %flag_set/imm 4, 0;
    %store/vec4 v00000260a3168c60_0, 4, 1;
    %jmp T_43;
    .thread T_43, $push;
    .scope S_00000260a3201ac0;
T_44 ;
    %wait E_00000260a3188970;
    %load/vec4 v00000260a3168440_0;
    %store/vec4 v00000260a3168d00_0, 0, 32;
    %load/vec4 v00000260a3168ee0_0;
    %parti/s 1, 3, 3;
    %ix/load 4, 3, 0;
    %flag_set/imm 4, 0;
    %store/vec4 v00000260a3168d00_0, 4, 1;
    %load/vec4 v00000260a3168ee0_0;
    %parti/s 1, 7, 4;
    %ix/load 4, 7, 0;
    %flag_set/imm 4, 0;
    %store/vec4 v00000260a3168d00_0, 4, 1;
    %load/vec4 v00000260a3168ee0_0;
    %parti/s 1, 11, 5;
    %ix/load 4, 11, 0;
    %flag_set/imm 4, 0;
    %store/vec4 v00000260a3168d00_0, 4, 1;
    %jmp T_44;
    .thread T_44, $push;
    .scope S_00000260a3201ac0;
T_45 ;
    %wait E_00000260a3189330;
    %load/vec4 v00000260a3168ee0_0;
    %store/vec4 v00000260a3168080_0, 0, 32;
    %pushi/vec4 0, 0, 2;
    %ix/load 4, 0, 0;
    %flag_set/imm 4, 0;
    %store/vec4 v00000260a3168080_0, 4, 2;
    %jmp T_45;
    .thread T_45, $push;
    .scope S_00000260a3201ac0;
T_46 ;
    %wait E_00000260a3189330;
    %load/vec4 v00000260a3168ee0_0;
    %store/vec4 v00000260a3167d60_0, 0, 32;
    %jmp T_46;
    .thread T_46, $push;
    .scope S_00000260a3201ac0;
T_47 ;
    %wait E_00000260a3188630;
    %load/vec4 v00000260a316a6a0_0;
    %nor/r;
    %flag_set/vec4 8;
    %jmp/0xz  T_47.0, 8;
    %pushi/vec4 0, 0, 32;
    %assign/vec4 v00000260a3169160_0, 0;
    %pushi/vec4 0, 0, 32;
    %assign/vec4 v00000260a3169ca0_0, 0;
    %pushi/vec4 0, 0, 32;
    %assign/vec4 v00000260a3169fc0_0, 0;
    %pushi/vec4 0, 0, 32;
    %assign/vec4 v00000260a3168f80_0, 0;
    %pushi/vec4 0, 0, 32;
    %assign/vec4 v00000260a3168bc0_0, 0;
    %pushi/vec4 0, 0, 32;
    %assign/vec4 v00000260a3167cc0_0, 0;
    %pushi/vec4 0, 0, 32;
    %assign/vec4 v00000260a316a560_0, 0;
    %pushi/vec4 0, 0, 32;
    %assign/vec4 v00000260a3168440_0, 0;
    %pushi/vec4 3, 0, 2;
    %assign/vec4 v00000260a316a4c0_0, 0;
    %jmp T_47.1;
T_47.0 ;
    %load/vec4 v00000260a316a100_0;
    %flag_set/vec4 8;
    %jmp/0xz  T_47.2, 8;
    %load/vec4 v00000260a316a2e0_0;
    %parti/s 30, 2, 3;
    %concati/vec4 0, 0, 2;
    %assign/vec4 v00000260a3168bc0_0, 0;
    %load/vec4 v00000260a316a240_0;
    %load/vec4 v00000260a316a1a0_0;
    %parti/s 31, 0, 2;
    %concat/vec4; draw_concat_vec4
    %assign/vec4 v00000260a3167cc0_0, 0;
    %load/vec4 v00000260a316a240_0;
    %flag_set/vec4 8;
    %jmp/0 T_47.4, 8;
    %pushi/vec4 0, 0, 32;
    %jmp/1 T_47.5, 8;
T_47.4 ; End of true expr.
    %load/vec4 v00000260a316a380_0;
    %jmp/0 T_47.5, 8;
 ; End of false expr.
    %blend;
T_47.5;
    %assign/vec4 v00000260a316a560_0, 0;
    %load/vec4 v00000260a3169160_0;
    %parti/s 1, 3, 3;
    %ix/load 4, 7, 0;
    %ix/load 5, 0, 0;
    %flag_set/imm 4, 0;
    %assign/vec4/off/d v00000260a3169160_0, 4, 5;
    %pushi/vec4 0, 0, 1;
    %ix/load 4, 3, 0;
    %ix/load 5, 0, 0;
    %flag_set/imm 4, 0;
    %assign/vec4/off/d v00000260a3169160_0, 4, 5;
    %load/vec4 v00000260a316a4c0_0;
    %ix/load 4, 11, 0;
    %ix/load 5, 0, 0;
    %flag_set/imm 4, 0;
    %assign/vec4/off/d v00000260a3169160_0, 4, 5;
    %pushi/vec4 3, 0, 2;
    %assign/vec4 v00000260a316a4c0_0, 0;
    %jmp T_47.3;
T_47.2 ;
    %load/vec4 v00000260a3168da0_0;
    %flag_set/vec4 8;
    %jmp/0xz  T_47.6, 8;
    %load/vec4 v00000260a3169160_0;
    %parti/s 1, 7, 4;
    %ix/load 4, 3, 0;
    %ix/load 5, 0, 0;
    %flag_set/imm 4, 0;
    %assign/vec4/off/d v00000260a3169160_0, 4, 5;
    %pushi/vec4 1, 0, 1;
    %ix/load 4, 7, 0;
    %ix/load 5, 0, 0;
    %flag_set/imm 4, 0;
    %assign/vec4/off/d v00000260a3169160_0, 4, 5;
    %pushi/vec4 0, 0, 2;
    %ix/load 4, 11, 0;
    %ix/load 5, 0, 0;
    %flag_set/imm 4, 0;
    %assign/vec4/off/d v00000260a3169160_0, 4, 5;
    %load/vec4 v00000260a3169160_0;
    %parti/s 2, 11, 5;
    %assign/vec4 v00000260a316a4c0_0, 0;
    %jmp T_47.7;
T_47.6 ;
    %load/vec4 v00000260a3167c20_0;
    %flag_set/vec4 8;
    %jmp/0xz  T_47.8, 8;
    %load/vec4 v00000260a3169980_0;
    %dup/vec4;
    %pushi/vec4 768, 0, 12;
    %cmp/u;
    %jmp/1 T_47.10, 6;
    %dup/vec4;
    %pushi/vec4 772, 0, 12;
    %cmp/u;
    %jmp/1 T_47.11, 6;
    %dup/vec4;
    %pushi/vec4 773, 0, 12;
    %cmp/u;
    %jmp/1 T_47.12, 6;
    %dup/vec4;
    %pushi/vec4 832, 0, 12;
    %cmp/u;
    %jmp/1 T_47.13, 6;
    %dup/vec4;
    %pushi/vec4 833, 0, 12;
    %cmp/u;
    %jmp/1 T_47.14, 6;
    %dup/vec4;
    %pushi/vec4 834, 0, 12;
    %cmp/u;
    %jmp/1 T_47.15, 6;
    %dup/vec4;
    %pushi/vec4 835, 0, 12;
    %cmp/u;
    %jmp/1 T_47.16, 6;
    %dup/vec4;
    %pushi/vec4 836, 0, 12;
    %cmp/u;
    %jmp/1 T_47.17, 6;
    %jmp T_47.19;
T_47.10 ;
    %load/vec4 v00000260a3169340_0;
    %assign/vec4 v00000260a3169160_0, 0;
    %jmp T_47.19;
T_47.11 ;
    %load/vec4 v00000260a3168c60_0;
    %assign/vec4 v00000260a3169ca0_0, 0;
    %jmp T_47.19;
T_47.12 ;
    %load/vec4 v00000260a3168ee0_0;
    %assign/vec4 v00000260a3169fc0_0, 0;
    %jmp T_47.19;
T_47.13 ;
    %load/vec4 v00000260a3168ee0_0;
    %assign/vec4 v00000260a3168f80_0, 0;
    %jmp T_47.19;
T_47.14 ;
    %load/vec4 v00000260a3168080_0;
    %assign/vec4 v00000260a3168bc0_0, 0;
    %jmp T_47.19;
T_47.15 ;
    %load/vec4 v00000260a3167d60_0;
    %assign/vec4 v00000260a3167cc0_0, 0;
    %jmp T_47.19;
T_47.16 ;
    %load/vec4 v00000260a3168ee0_0;
    %assign/vec4 v00000260a316a560_0, 0;
    %jmp T_47.19;
T_47.17 ;
    %load/vec4 v00000260a3168d00_0;
    %assign/vec4 v00000260a3168440_0, 0;
    %jmp T_47.19;
T_47.19 ;
    %pop/vec4 1;
T_47.8 ;
T_47.7 ;
T_47.3 ;
T_47.1 ;
    %jmp T_47;
    .thread T_47;
    .scope S_00000260a2f828c0;
T_48 ;
    %wait E_00000260a3188630;
    %load/vec4 v00000260a2e50bf0_0;
    %nor/r;
    %flag_set/vec4 8;
    %jmp/0xz  T_48.0, 8;
    %pushi/vec4 0, 0, 32;
    %assign/vec4 v00000260a2e514b0_0, 0;
    %pushi/vec4 0, 0, 32;
    %assign/vec4 v00000260a2e51690_0, 0;
    %pushi/vec4 0, 0, 32;
    %assign/vec4 v00000260a2e515f0_0, 0;
    %pushi/vec4 0, 0, 5;
    %assign/vec4 v00000260a2e508d0_0, 0;
    %pushi/vec4 0, 0, 1;
    %assign/vec4 v00000260a2e50a10_0, 0;
    %pushi/vec4 0, 0, 2;
    %assign/vec4 v00000260a2e53f30_0, 0;
    %pushi/vec4 0, 0, 1;
    %assign/vec4 v00000260a2e503d0_0, 0;
    %pushi/vec4 0, 0, 1;
    %assign/vec4 v00000260a2e50830_0, 0;
    %pushi/vec4 0, 0, 1;
    %assign/vec4 v00000260a2e51870_0, 0;
    %pushi/vec4 2, 0, 3;
    %assign/vec4 v00000260a2e4f750_0, 0;
    %jmp T_48.1;
T_48.0 ;
    %load/vec4 v00000260a2e4fb10_0;
    %assign/vec4 v00000260a2e514b0_0, 0;
    %load/vec4 v00000260a2e4f570_0;
    %assign/vec4 v00000260a2e51690_0, 0;
    %load/vec4 v00000260a2e51550_0;
    %assign/vec4 v00000260a2e515f0_0, 0;
    %load/vec4 v00000260a2e51050_0;
    %assign/vec4 v00000260a2e508d0_0, 0;
    %load/vec4 v00000260a2e510f0_0;
    %assign/vec4 v00000260a2e50a10_0, 0;
    %load/vec4 v00000260a2e51a50_0;
    %assign/vec4 v00000260a2e53f30_0, 0;
    %load/vec4 v00000260a2e4f890_0;
    %assign/vec4 v00000260a2e503d0_0, 0;
    %load/vec4 v00000260a2e50470_0;
    %assign/vec4 v00000260a2e50830_0, 0;
    %load/vec4 v00000260a2e51730_0;
    %assign/vec4 v00000260a2e51870_0, 0;
    %load/vec4 v00000260a2e4f6b0_0;
    %assign/vec4 v00000260a2e4f750_0, 0;
T_48.1 ;
    %jmp T_48;
    .thread T_48;
    .scope S_00000260a327d1f0;
T_49 ;
    %wait E_00000260a3189c70;
    %load/vec4 v00000260a328c2a0_0;
    %flag_set/vec4 8;
    %jmp/0xz  T_49.0, 8;
    %load/vec4 v00000260a328b120_0;
    %parti/s 2, 0, 2;
    %dup/vec4;
    %pushi/vec4 0, 0, 2;
    %cmp/u;
    %jmp/1 T_49.2, 6;
    %dup/vec4;
    %pushi/vec4 1, 0, 2;
    %cmp/u;
    %jmp/1 T_49.3, 6;
    %dup/vec4;
    %pushi/vec4 2, 0, 2;
    %cmp/u;
    %jmp/1 T_49.4, 6;
    %pushi/vec4 0, 0, 24;
    %load/vec4 v00000260a328b080_0;
    %parti/s 8, 24, 6;
    %concat/vec4; draw_concat_vec4
    %store/vec4 v00000260a328cde0_0, 0, 32;
    %jmp T_49.6;
T_49.2 ;
    %pushi/vec4 0, 0, 24;
    %load/vec4 v00000260a328b080_0;
    %parti/s 8, 0, 2;
    %concat/vec4; draw_concat_vec4
    %store/vec4 v00000260a328cde0_0, 0, 32;
    %jmp T_49.6;
T_49.3 ;
    %pushi/vec4 0, 0, 24;
    %load/vec4 v00000260a328b080_0;
    %parti/s 8, 8, 5;
    %concat/vec4; draw_concat_vec4
    %store/vec4 v00000260a328cde0_0, 0, 32;
    %jmp T_49.6;
T_49.4 ;
    %pushi/vec4 0, 0, 24;
    %load/vec4 v00000260a328b080_0;
    %parti/s 8, 16, 6;
    %concat/vec4; draw_concat_vec4
    %store/vec4 v00000260a328cde0_0, 0, 32;
    %jmp T_49.6;
T_49.6 ;
    %pop/vec4 1;
    %jmp T_49.1;
T_49.0 ;
    %load/vec4 v00000260a328e000_0;
    %flag_set/vec4 8;
    %jmp/0xz  T_49.7, 8;
    %load/vec4 v00000260a328b120_0;
    %parti/s 1, 1, 2;
    %flag_set/vec4 8;
    %jmp/0 T_49.9, 8;
    %pushi/vec4 0, 0, 16;
    %load/vec4 v00000260a328b080_0;
    %parti/s 16, 16, 6;
    %concat/vec4; draw_concat_vec4
    %jmp/1 T_49.10, 8;
T_49.9 ; End of true expr.
    %pushi/vec4 0, 0, 16;
    %load/vec4 v00000260a328b080_0;
    %parti/s 16, 0, 2;
    %concat/vec4; draw_concat_vec4
    %jmp/0 T_49.10, 8;
 ; End of false expr.
    %blend;
T_49.10;
    %store/vec4 v00000260a328cde0_0, 0, 32;
    %jmp T_49.8;
T_49.7 ;
    %load/vec4 v00000260a328b080_0;
    %store/vec4 v00000260a328cde0_0, 0, 32;
T_49.8 ;
T_49.1 ;
    %jmp T_49;
    .thread T_49, $push;
    .scope S_00000260a327d1f0;
T_50 ;
    %wait E_00000260a3188630;
    %load/vec4 v00000260a328c200_0;
    %nor/r;
    %flag_set/vec4 8;
    %jmp/0xz  T_50.0, 8;
    %pushi/vec4 0, 0, 1;
    %assign/vec4 v00000260a32893c0_0, 0;
    %pushi/vec4 0, 0, 1;
    %assign/vec4 v00000260a328c340_0, 0;
    %pushi/vec4 0, 0, 32;
    %assign/vec4 v00000260a328b120_0, 0;
    %pushi/vec4 0, 0, 32;
    %assign/vec4 v00000260a328d060_0, 0;
    %pushi/vec4 2, 0, 3;
    %assign/vec4 v00000260a328cf20_0, 0;
    %pushi/vec4 0, 0, 1;
    %assign/vec4 v00000260a328cfc0_0, 0;
    %pushi/vec4 0, 0, 32;
    %assign/vec4 v00000260a328c0c0_0, 0;
    %pushi/vec4 0, 0, 1;
    %assign/vec4 v00000260a328c840_0, 0;
    %jmp T_50.1;
T_50.0 ;
    %load/vec4 v00000260a328cfc0_0;
    %flag_set/vec4 8;
    %jmp/0xz  T_50.2, 8;
    %pushi/vec4 0, 0, 1;
    %assign/vec4 v00000260a328cfc0_0, 0;
T_50.2 ;
    %load/vec4 v00000260a32893c0_0;
    %flag_set/vec4 8;
    %jmp/0xz  T_50.4, 8;
    %load/vec4 v00000260a328c340_0;
    %flag_set/vec4 8;
    %jmp/0xz  T_50.6, 8;
    %load/vec4 v00000260a328da60_0;
    %flag_set/vec4 8;
    %jmp/0xz  T_50.8, 8;
    %pushi/vec4 0, 0, 1;
    %assign/vec4 v00000260a32893c0_0, 0;
    %pushi/vec4 1, 0, 1;
    %assign/vec4 v00000260a328cfc0_0, 0;
T_50.8 ;
    %jmp T_50.7;
T_50.6 ;
    %load/vec4 v00000260a328dce0_0;
    %flag_set/vec4 8;
    %jmp/0xz  T_50.10, 8;
    %pushi/vec4 0, 0, 1;
    %assign/vec4 v00000260a32893c0_0, 0;
    %pushi/vec4 1, 0, 1;
    %assign/vec4 v00000260a328cfc0_0, 0;
    %load/vec4 v00000260a328c160_0;
    %assign/vec4 v00000260a328c0c0_0, 0;
    %pushi/vec4 0, 0, 1;
    %assign/vec4 v00000260a328c840_0, 0;
T_50.10 ;
T_50.7 ;
T_50.4 ;
    %load/vec4 v00000260a328bf80_0;
    %flag_set/vec4 8;
    %jmp/0xz  T_50.12, 8;
    %pushi/vec4 1, 0, 1;
    %assign/vec4 v00000260a32893c0_0, 0;
    %load/vec4 v00000260a328c5c0_0;
    %assign/vec4 v00000260a328c340_0, 0;
    %load/vec4 v00000260a328de20_0;
    %assign/vec4 v00000260a328b120_0, 0;
    %load/vec4 v00000260a328be40_0;
    %assign/vec4 v00000260a328d060_0, 0;
    %load/vec4 v00000260a328ce80_0;
    %assign/vec4 v00000260a328cf20_0, 0;
    %pushi/vec4 0, 0, 1;
    %assign/vec4 v00000260a328cfc0_0, 0;
    %load/vec4 v00000260a328c5c0_0;
    %inv;
    %assign/vec4 v00000260a328c840_0, 0;
T_50.12 ;
T_50.1 ;
    %jmp T_50;
    .thread T_50;
    .scope S_00000260a327d1f0;
T_51 ;
    %wait E_00000260a3188630;
    %load/vec4 v00000260a328c200_0;
    %nor/r;
    %flag_set/vec4 8;
    %jmp/0xz  T_51.0, 8;
    %pushi/vec4 0, 0, 1;
    %assign/vec4 v00000260a328b9e0_0, 0;
    %jmp T_51.1;
T_51.0 ;
    %load/vec4 v00000260a328b9e0_0;
    %flag_set/vec4 9;
    %flag_get/vec4 9;
    %jmp/0 T_51.4, 9;
    %load/vec4 v00000260a328b800_0;
    %and;
T_51.4;
    %flag_set/vec4 8;
    %jmp/0xz  T_51.2, 8;
    %pushi/vec4 0, 0, 1;
    %assign/vec4 v00000260a328b9e0_0, 0;
    %jmp T_51.3;
T_51.2 ;
    %load/vec4 v00000260a328bf80_0;
    %flag_set/vec4 8;
    %jmp/0xz  T_51.5, 8;
    %pushi/vec4 1, 0, 1;
    %assign/vec4 v00000260a328b9e0_0, 0;
T_51.5 ;
T_51.3 ;
T_51.1 ;
    %jmp T_51;
    .thread T_51;
    .scope S_00000260a327d830;
T_52 ;
    %wait E_00000260a3188630;
    %load/vec4 v00000260a327fb40_0;
    %nor/r;
    %flag_set/vec4 8;
    %jmp/0xz  T_52.0, 8;
    %pushi/vec4 0, 0, 2;
    %assign/vec4 v00000260a32804a0_0, 0;
    %pushi/vec4 0, 0, 7;
    %assign/vec4 v00000260a32816c0_0, 0;
    %pushi/vec4 0, 0, 3;
    %assign/vec4 v00000260a3280680_0, 0;
    %pushi/vec4 0, 0, 8;
    %assign/vec4 v00000260a327f320_0, 0;
    %pushi/vec4 0, 0, 8;
    %assign/vec4 v00000260a3281440_0, 0;
    %pushi/vec4 0, 0, 1;
    %assign/vec4 v00000260a3280540_0, 0;
    %jmp T_52.1;
T_52.0 ;
    %pushi/vec4 0, 0, 1;
    %assign/vec4 v00000260a3280540_0, 0;
    %load/vec4 v00000260a32804a0_0;
    %dup/vec4;
    %pushi/vec4 0, 0, 2;
    %cmp/u;
    %jmp/1 T_52.2, 6;
    %dup/vec4;
    %pushi/vec4 1, 0, 2;
    %cmp/u;
    %jmp/1 T_52.3, 6;
    %dup/vec4;
    %pushi/vec4 2, 0, 2;
    %cmp/u;
    %jmp/1 T_52.4, 6;
    %dup/vec4;
    %pushi/vec4 3, 0, 2;
    %cmp/u;
    %jmp/1 T_52.5, 6;
    %pushi/vec4 0, 0, 2;
    %assign/vec4 v00000260a32804a0_0, 0;
    %jmp T_52.7;
T_52.2 ;
    %load/vec4 v00000260a3280720_0;
    %nor/r;
    %flag_set/vec4 8;
    %jmp/0xz  T_52.8, 8;
    %pushi/vec4 50, 0, 7;
    %assign/vec4 v00000260a32816c0_0, 0;
    %pushi/vec4 1, 0, 2;
    %assign/vec4 v00000260a32804a0_0, 0;
T_52.8 ;
    %jmp T_52.7;
T_52.3 ;
    %load/vec4 v00000260a32816c0_0;
    %pad/u 32;
    %cmpi/ne 0, 0, 32;
    %jmp/0xz  T_52.10, 4;
    %load/vec4 v00000260a32816c0_0;
    %subi 1, 0, 7;
    %assign/vec4 v00000260a32816c0_0, 0;
    %jmp T_52.11;
T_52.10 ;
    %load/vec4 v00000260a3280720_0;
    %nor/r;
    %flag_set/vec4 8;
    %jmp/0xz  T_52.12, 8;
    %pushi/vec4 99, 0, 7;
    %assign/vec4 v00000260a32816c0_0, 0;
    %pushi/vec4 0, 0, 3;
    %assign/vec4 v00000260a3280680_0, 0;
    %pushi/vec4 2, 0, 2;
    %assign/vec4 v00000260a32804a0_0, 0;
    %jmp T_52.13;
T_52.12 ;
    %pushi/vec4 0, 0, 2;
    %assign/vec4 v00000260a32804a0_0, 0;
T_52.13 ;
T_52.11 ;
    %jmp T_52.7;
T_52.4 ;
    %load/vec4 v00000260a32816c0_0;
    %pad/u 32;
    %cmpi/ne 0, 0, 32;
    %jmp/0xz  T_52.14, 4;
    %load/vec4 v00000260a32816c0_0;
    %subi 1, 0, 7;
    %assign/vec4 v00000260a32816c0_0, 0;
    %jmp T_52.15;
T_52.14 ;
    %load/vec4 v00000260a3280720_0;
    %ix/load 5, 0, 0;
    %ix/getv 4, v00000260a3280680_0;
    %assign/vec4/off/d v00000260a327f320_0, 4, 5;
    %load/vec4 v00000260a3280680_0;
    %cmpi/e 7, 0, 3;
    %jmp/0xz  T_52.16, 4;
    %pushi/vec4 99, 0, 7;
    %assign/vec4 v00000260a32816c0_0, 0;
    %pushi/vec4 3, 0, 2;
    %assign/vec4 v00000260a32804a0_0, 0;
    %jmp T_52.17;
T_52.16 ;
    %load/vec4 v00000260a3280680_0;
    %addi 1, 0, 3;
    %assign/vec4 v00000260a3280680_0, 0;
    %pushi/vec4 99, 0, 7;
    %assign/vec4 v00000260a32816c0_0, 0;
T_52.17 ;
T_52.15 ;
    %jmp T_52.7;
T_52.5 ;
    %load/vec4 v00000260a32816c0_0;
    %pad/u 32;
    %cmpi/ne 0, 0, 32;
    %jmp/0xz  T_52.18, 4;
    %load/vec4 v00000260a32816c0_0;
    %subi 1, 0, 7;
    %assign/vec4 v00000260a32816c0_0, 0;
    %jmp T_52.19;
T_52.18 ;
    %load/vec4 v00000260a3280720_0;
    %flag_set/vec4 8;
    %jmp/0xz  T_52.20, 8;
    %load/vec4 v00000260a327f320_0;
    %assign/vec4 v00000260a3281440_0, 0;
    %pushi/vec4 1, 0, 1;
    %assign/vec4 v00000260a3280540_0, 0;
T_52.20 ;
    %pushi/vec4 0, 0, 2;
    %assign/vec4 v00000260a32804a0_0, 0;
T_52.19 ;
    %jmp T_52.7;
T_52.7 ;
    %pop/vec4 1;
T_52.1 ;
    %jmp T_52;
    .thread T_52;
    .scope S_00000260a327e190;
T_53 ;
    %wait E_00000260a3188630;
    %load/vec4 v00000260a3280ae0_0;
    %nor/r;
    %flag_set/vec4 8;
    %jmp/0xz  T_53.0, 8;
    %pushi/vec4 1, 0, 1;
    %assign/vec4 v00000260a3280400_0, 0;
    %pushi/vec4 0, 0, 1;
    %assign/vec4 v00000260a327ff00_0, 0;
    %pushi/vec4 0, 0, 8;
    %assign/vec4 v00000260a327f5a0_0, 0;
    %pushi/vec4 0, 0, 3;
    %assign/vec4 v00000260a3280f40_0, 0;
    %pushi/vec4 0, 0, 2;
    %assign/vec4 v00000260a327faa0_0, 0;
    %pushi/vec4 0, 0, 7;
    %assign/vec4 v00000260a327f280_0, 0;
    %jmp T_53.1;
T_53.0 ;
    %load/vec4 v00000260a3280ea0_0;
    %assign/vec4 v00000260a327ff00_0, 0;
    %load/vec4 v00000260a327faa0_0;
    %dup/vec4;
    %pushi/vec4 0, 0, 2;
    %cmp/u;
    %jmp/1 T_53.2, 6;
    %dup/vec4;
    %pushi/vec4 1, 0, 2;
    %cmp/u;
    %jmp/1 T_53.3, 6;
    %dup/vec4;
    %pushi/vec4 2, 0, 2;
    %cmp/u;
    %jmp/1 T_53.4, 6;
    %dup/vec4;
    %pushi/vec4 3, 0, 2;
    %cmp/u;
    %jmp/1 T_53.5, 6;
    %pushi/vec4 1, 0, 1;
    %assign/vec4 v00000260a3280400_0, 0;
    %pushi/vec4 0, 0, 2;
    %assign/vec4 v00000260a327faa0_0, 0;
    %pushi/vec4 0, 0, 7;
    %assign/vec4 v00000260a327f280_0, 0;
    %jmp T_53.7;
T_53.2 ;
    %pushi/vec4 1, 0, 1;
    %assign/vec4 v00000260a3280400_0, 0;
    %pushi/vec4 0, 0, 7;
    %assign/vec4 v00000260a327f280_0, 0;
    %load/vec4 v00000260a3281760_0;
    %flag_set/vec4 8;
    %jmp/0xz  T_53.8, 8;
    %load/vec4 v00000260a327f960_0;
    %assign/vec4 v00000260a327f5a0_0, 0;
    %pushi/vec4 0, 0, 3;
    %assign/vec4 v00000260a3280f40_0, 0;
    %pushi/vec4 0, 0, 1;
    %assign/vec4 v00000260a3280400_0, 0;
    %pushi/vec4 99, 0, 7;
    %assign/vec4 v00000260a327f280_0, 0;
    %pushi/vec4 1, 0, 2;
    %assign/vec4 v00000260a327faa0_0, 0;
T_53.8 ;
    %jmp T_53.7;
T_53.3 ;
    %load/vec4 v00000260a327f280_0;
    %pad/u 32;
    %cmpi/ne 0, 0, 32;
    %jmp/0xz  T_53.10, 4;
    %load/vec4 v00000260a327f280_0;
    %subi 1, 0, 7;
    %assign/vec4 v00000260a327f280_0, 0;
    %jmp T_53.11;
T_53.10 ;
    %load/vec4 v00000260a327f5a0_0;
    %parti/s 1, 0, 2;
    %assign/vec4 v00000260a3280400_0, 0;
    %pushi/vec4 99, 0, 7;
    %assign/vec4 v00000260a327f280_0, 0;
    %pushi/vec4 2, 0, 2;
    %assign/vec4 v00000260a327faa0_0, 0;
T_53.11 ;
    %jmp T_53.7;
T_53.4 ;
    %load/vec4 v00000260a327f280_0;
    %pad/u 32;
    %cmpi/ne 0, 0, 32;
    %jmp/0xz  T_53.12, 4;
    %load/vec4 v00000260a327f280_0;
    %subi 1, 0, 7;
    %assign/vec4 v00000260a327f280_0, 0;
    %jmp T_53.13;
T_53.12 ;
    %load/vec4 v00000260a3280f40_0;
    %cmpi/e 7, 0, 3;
    %jmp/0xz  T_53.14, 4;
    %pushi/vec4 1, 0, 1;
    %assign/vec4 v00000260a3280400_0, 0;
    %pushi/vec4 99, 0, 7;
    %assign/vec4 v00000260a327f280_0, 0;
    %pushi/vec4 3, 0, 2;
    %assign/vec4 v00000260a327faa0_0, 0;
    %jmp T_53.15;
T_53.14 ;
    %load/vec4 v00000260a3280f40_0;
    %addi 1, 0, 3;
    %assign/vec4 v00000260a3280f40_0, 0;
    %load/vec4 v00000260a327f5a0_0;
    %load/vec4 v00000260a3280f40_0;
    %addi 1, 0, 3;
    %part/u 1;
    %assign/vec4 v00000260a3280400_0, 0;
    %pushi/vec4 99, 0, 7;
    %assign/vec4 v00000260a327f280_0, 0;
T_53.15 ;
T_53.13 ;
    %jmp T_53.7;
T_53.5 ;
    %load/vec4 v00000260a327f280_0;
    %pad/u 32;
    %cmpi/ne 0, 0, 32;
    %jmp/0xz  T_53.16, 4;
    %load/vec4 v00000260a327f280_0;
    %subi 1, 0, 7;
    %assign/vec4 v00000260a327f280_0, 0;
    %jmp T_53.17;
T_53.16 ;
    %pushi/vec4 0, 0, 2;
    %assign/vec4 v00000260a327faa0_0, 0;
T_53.17 ;
    %jmp T_53.7;
T_53.7 ;
    %pop/vec4 1;
T_53.1 ;
    %jmp T_53;
    .thread T_53;
    .scope S_00000260a327e320;
T_54 ;
    %wait E_00000260a3188630;
    %load/vec4 v00000260a3288420_0;
    %nor/r;
    %flag_set/vec4 8;
    %jmp/0xz  T_54.0, 8;
    %pushi/vec4 0, 0, 1;
    %assign/vec4 v00000260a3287700_0, 0;
    %pushi/vec4 0, 0, 1;
    %assign/vec4 v00000260a3287980_0, 0;
    %pushi/vec4 0, 0, 64;
    %assign/vec4 v00000260a3288920_0, 0;
    %pushi/vec4 4294967295, 0, 32;
    %concati/vec4 4294967295, 0, 32;
    %assign/vec4 v00000260a3286d00_0, 0;
    %jmp T_54.1;
T_54.0 ;
    %load/vec4 v00000260a3287c00_0;
    %assign/vec4 v00000260a3288920_0, 0;
    %load/vec4 v00000260a3287a20_0;
    %flag_set/vec4 8;
    %jmp/0xz  T_54.2, 8;
    %load/vec4 v00000260a3288240_0;
    %parti/s 1, 0, 2;
    %assign/vec4 v00000260a3287700_0, 0;
T_54.2 ;
    %load/vec4 v00000260a32868a0_0;
    %flag_set/vec4 8;
    %jmp/0xz  T_54.4, 8;
    %load/vec4 v00000260a32881a0_0;
    %parti/s 1, 0, 2;
    %assign/vec4 v00000260a3287980_0, 0;
T_54.4 ;
    %load/vec4 v00000260a3288a60_0;
    %flag_set/vec4 8;
    %jmp/0xz  T_54.6, 8;
    %load/vec4 v00000260a3287d40_0;
    %ix/load 4, 0, 0;
    %ix/load 5, 0, 0;
    %flag_set/imm 4, 0;
    %assign/vec4/off/d v00000260a3288920_0, 4, 5;
T_54.6 ;
    %load/vec4 v00000260a3288b00_0;
    %flag_set/vec4 8;
    %jmp/0xz  T_54.8, 8;
    %load/vec4 v00000260a3288740_0;
    %ix/load 4, 32, 0;
    %ix/load 5, 0, 0;
    %flag_set/imm 4, 0;
    %assign/vec4/off/d v00000260a3288920_0, 4, 5;
T_54.8 ;
    %load/vec4 v00000260a3288380_0;
    %flag_set/vec4 8;
    %jmp/0xz  T_54.10, 8;
    %load/vec4 v00000260a32889c0_0;
    %ix/load 4, 0, 0;
    %ix/load 5, 0, 0;
    %flag_set/imm 4, 0;
    %assign/vec4/off/d v00000260a3286d00_0, 4, 5;
T_54.10 ;
    %load/vec4 v00000260a3286bc0_0;
    %flag_set/vec4 8;
    %jmp/0xz  T_54.12, 8;
    %load/vec4 v00000260a3286b20_0;
    %ix/load 4, 32, 0;
    %ix/load 5, 0, 0;
    %flag_set/imm 4, 0;
    %assign/vec4/off/d v00000260a3286d00_0, 4, 5;
T_54.12 ;
T_54.1 ;
    %jmp T_54;
    .thread T_54;
    .scope S_00000260a3201f70;
T_55 ;
    %wait E_00000260a31889f0;
    %load/vec4 v00000260a31657e0_0;
    %nor/r;
    %flag_set/vec4 8;
    %jmp/0xz  T_55.0, 8;
    %pushi/vec4 0, 0, 4;
    %assign/vec4 v00000260a3165e20_0, 0;
    %pushi/vec4 0, 0, 1;
    %assign/vec4 v00000260a31652e0_0, 0;
    %pushi/vec4 0, 0, 32;
    %assign/vec4 v00000260a3165240_0, 0;
    %pushi/vec4 0, 0, 1;
    %assign/vec4 v00000260a3167360_0, 0;
    %pushi/vec4 0, 0, 1;
    %assign/vec4 v00000260a3165f60_0, 0;
    %pushi/vec4 0, 0, 2;
    %assign/vec4 v00000260a3166a00_0, 0;
    %pushi/vec4 0, 0, 32;
    %assign/vec4 v00000260a3166820_0, 0;
    %pushi/vec4 3, 0, 3;
    %assign/vec4 v00000260a3166aa0_0, 0;
    %pushi/vec4 0, 0, 8;
    %assign/vec4 v00000260a31674a0_0, 0;
    %pushi/vec4 0, 0, 64;
    %assign/vec4 v00000260a3166320_0, 0;
    %pushi/vec4 0, 0, 8;
    %assign/vec4 v00000260a3166280_0, 0;
    %pushi/vec4 0, 0, 32;
    %assign/vec4 v00000260a3165060_0, 0;
    %pushi/vec4 0, 0, 1;
    %assign/vec4 v00000260a3165ce0_0, 0;
    %pushi/vec4 0, 0, 32;
    %assign/vec4 v00000260a31661e0_0, 0;
    %pushi/vec4 0, 0, 4;
    %assign/vec4 v00000260a3165d80_0, 0;
    %pushi/vec4 0, 0, 2;
    %assign/vec4 v00000260a3167040_0, 0;
    %pushi/vec4 0, 0, 1;
    %assign/vec4 v00000260a31670e0_0, 0;
    %pushi/vec4 0, 0, 6;
    %assign/vec4 v00000260a3165ba0_0, 0;
    %pushi/vec4 0, 0, 20;
    %assign/vec4 v00000260a3165100_0, 0;
    %pushi/vec4 0, 0, 4;
    %assign/vec4 v00000260a3165740_0, 0;
    %pushi/vec4 0, 0, 1;
    %assign/vec4 v00000260a31656a0_0, 0;
    %pushi/vec4 0, 0, 6;
    %assign/vec4 v00000260a3166960_0, 0;
    %pushi/vec4 0, 0, 20;
    %assign/vec4 v00000260a3167680_0, 0;
    %pushi/vec4 0, 0, 20;
    %assign/vec4 v00000260a30e4d70_0, 0;
    %pushi/vec4 0, 0, 1;
    %assign/vec4 v00000260a30df4b0_0, 0;
    %pushi/vec4 0, 0, 1;
    %assign/vec4 v00000260a30dd1b0_0, 0;
    %pushi/vec4 0, 0, 1;
    %assign/vec4 v00000260a31668c0_0, 0;
    %pushi/vec4 0, 0, 1;
    %assign/vec4 v00000260a3165380_0, 0;
    %pushi/vec4 0, 0, 512;
    %assign/vec4 v00000260a3166dc0_0, 0;
    %pushi/vec4 0, 0, 512;
    %assign/vec4 v00000260a31659c0_0, 0;
    %pushi/vec4 0, 0, 1;
    %assign/vec4 v00000260a3164fc0_0, 0;
    %pushi/vec4 0, 0, 3;
    %assign/vec4 v00000260a3167720_0, 0;
    %pushi/vec4 0, 0, 32;
    %assign/vec4 v00000260a30dfa50_0, 0;
    %pushi/vec4 0, 0, 512;
    %assign/vec4 v00000260a30e1d50_0, 0;
    %pushi/vec4 0, 0, 512;
    %assign/vec4 v00000260a3165920_0, 0;
    %pushi/vec4 0, 0, 1;
    %assign/vec4 v00000260a3166c80_0, 0;
    %pushi/vec4 0, 0, 20;
    %assign/vec4 v00000260a3165600_0, 0;
    %pushi/vec4 0, 0, 1;
    %assign/vec4 v00000260a30e17b0_0, 0;
    %pushi/vec4 0, 0, 32;
    %store/vec4 v00000260a3167400_0, 0, 32;
T_55.2 ;
    %load/vec4 v00000260a3167400_0;
    %cmpi/s 64, 0, 32;
    %jmp/0xz T_55.3, 5;
    %pushi/vec4 0, 0, 1;
    %ix/getv/s 3, v00000260a3167400_0;
    %ix/load 4, 0, 0; Constant delay
    %assign/vec4/a/d v00000260a30e4a50, 0, 4;
    %pushi/vec4 0, 0, 1;
    %ix/getv/s 3, v00000260a3167400_0;
    %ix/load 4, 0, 0; Constant delay
    %assign/vec4/a/d v00000260a30de830, 0, 4;
    %pushi/vec4 0, 0, 1;
    %ix/getv/s 3, v00000260a3167400_0;
    %ix/load 4, 0, 0; Constant delay
    %assign/vec4/a/d v00000260a3165420, 0, 4;
    %pushi/vec4 0, 0, 1;
    %ix/getv/s 3, v00000260a3167400_0;
    %ix/load 4, 0, 0; Constant delay
    %assign/vec4/a/d v00000260a3165560, 0, 4;
    %pushi/vec4 0, 0, 1;
    %ix/getv/s 3, v00000260a3167400_0;
    %ix/load 4, 0, 0; Constant delay
    %assign/vec4/a/d v00000260a31654c0, 0, 4;
    %pushi/vec4 0, 0, 20;
    %ix/getv/s 3, v00000260a3167400_0;
    %ix/load 4, 0, 0; Constant delay
    %assign/vec4/a/d v00000260a31660a0, 0, 4;
    %pushi/vec4 0, 0, 20;
    %ix/getv/s 3, v00000260a3167400_0;
    %ix/load 4, 0, 0; Constant delay
    %assign/vec4/a/d v00000260a31663c0, 0, 4;
    %pushi/vec4 0, 0, 512;
    %ix/getv/s 3, v00000260a3167400_0;
    %ix/load 4, 0, 0; Constant delay
    %assign/vec4/a/d v00000260a3165a60, 0, 4;
    %pushi/vec4 0, 0, 512;
    %ix/getv/s 3, v00000260a3167400_0;
    %ix/load 4, 0, 0; Constant delay
    %assign/vec4/a/d v00000260a3166460, 0, 4;
    %load/vec4 v00000260a3167400_0;
    %addi 1, 0, 32;
    %store/vec4 v00000260a3167400_0, 0, 32;
    %jmp T_55.2;
T_55.3 ;
    %jmp T_55.1;
T_55.0 ;
    %load/vec4 v00000260a31652e0_0;
    %flag_set/vec4 9;
    %flag_get/vec4 9;
    %jmp/0 T_55.6, 9;
    %load/vec4 v00000260a31666e0_0;
    %and;
T_55.6;
    %flag_set/vec4 8;
    %jmp/0xz  T_55.4, 8;
    %pushi/vec4 0, 0, 1;
    %assign/vec4 v00000260a31652e0_0, 0;
T_55.4 ;
    %load/vec4 v00000260a3165e20_0;
    %cmpi/e 5, 0, 4;
    %jmp/1 T_55.10, 4;
    %flag_mov 9, 4;
    %load/vec4 v00000260a3165e20_0;
    %cmpi/e 7, 0, 4;
    %flag_or 4, 9;
T_55.10;
    %flag_get/vec4 4;
    %jmp/1 T_55.9, 4;
    %load/vec4 v00000260a3165e20_0;
    %pushi/vec4 10, 0, 4;
    %cmp/e;
    %flag_get/vec4 4;
    %or;
T_55.9;
    %nor/r;
    %flag_set/vec4 8;
    %jmp/0xz  T_55.7, 8;
    %pushi/vec4 0, 0, 1;
    %assign/vec4 v00000260a3165f60_0, 0;
T_55.7 ;
    %load/vec4 v00000260a3165e20_0;
    %dup/vec4;
    %pushi/vec4 0, 0, 4;
    %cmp/u;
    %jmp/1 T_55.11, 6;
    %dup/vec4;
    %pushi/vec4 1, 0, 4;
    %cmp/u;
    %jmp/1 T_55.12, 6;
    %dup/vec4;
    %pushi/vec4 2, 0, 4;
    %cmp/u;
    %jmp/1 T_55.13, 6;
    %dup/vec4;
    %pushi/vec4 3, 0, 4;
    %cmp/u;
    %jmp/1 T_55.14, 6;
    %dup/vec4;
    %pushi/vec4 4, 0, 4;
    %cmp/u;
    %jmp/1 T_55.15, 6;
    %dup/vec4;
    %pushi/vec4 5, 0, 4;
    %cmp/u;
    %jmp/1 T_55.16, 6;
    %dup/vec4;
    %pushi/vec4 6, 0, 4;
    %cmp/u;
    %jmp/1 T_55.17, 6;
    %dup/vec4;
    %pushi/vec4 7, 0, 4;
    %cmp/u;
    %jmp/1 T_55.18, 6;
    %dup/vec4;
    %pushi/vec4 8, 0, 4;
    %cmp/u;
    %jmp/1 T_55.19, 6;
    %dup/vec4;
    %pushi/vec4 9, 0, 4;
    %cmp/u;
    %jmp/1 T_55.20, 6;
    %dup/vec4;
    %pushi/vec4 10, 0, 4;
    %cmp/u;
    %jmp/1 T_55.21, 6;
    %dup/vec4;
    %pushi/vec4 11, 0, 4;
    %cmp/u;
    %jmp/1 T_55.22, 6;
    %pushi/vec4 0, 0, 4;
    %assign/vec4 v00000260a3165e20_0, 0;
    %jmp T_55.24;
T_55.11 ;
    %pushi/vec4 0, 0, 1;
    %assign/vec4 v00000260a3167360_0, 0;
    %load/vec4 v00000260a31665a0_0;
    %flag_set/vec4 8;
    %jmp/0xz  T_55.25, 8;
    %load/vec4 v00000260a3166500_0;
    %assign/vec4 v00000260a3165060_0, 0;
    %load/vec4 v00000260a3167180_0;
    %assign/vec4 v00000260a3165ce0_0, 0;
    %load/vec4 v00000260a3166d20_0;
    %assign/vec4 v00000260a31661e0_0, 0;
    %load/vec4 v00000260a3167220_0;
    %assign/vec4 v00000260a3165d80_0, 0;
    %load/vec4 v00000260a3166640_0;
    %assign/vec4 v00000260a3167040_0, 0;
    %load/vec4 v00000260a3165ec0_0;
    %assign/vec4 v00000260a31670e0_0, 0;
    %load/vec4 v00000260a3166500_0;
    %parti/s 6, 6, 4;
    %assign/vec4 v00000260a3165ba0_0, 0;
    %load/vec4 v00000260a3166500_0;
    %parti/s 20, 12, 5;
    %assign/vec4 v00000260a3165100_0, 0;
    %load/vec4 v00000260a3166500_0;
    %parti/s 4, 2, 3;
    %assign/vec4 v00000260a3165740_0, 0;
    %load/vec4 v00000260a3166500_0;
    %parti/s 1, 2, 3;
    %assign/vec4 v00000260a31656a0_0, 0;
    %pushi/vec4 0, 0, 1;
    %assign/vec4 v00000260a30e17b0_0, 0;
    %pushi/vec4 1, 0, 4;
    %assign/vec4 v00000260a3165e20_0, 0;
T_55.25 ;
    %jmp T_55.24;
T_55.12 ;
    %load/vec4 v00000260a3165ba0_0;
    %assign/vec4 v00000260a3166960_0, 0;
    %load/vec4 v00000260a3165ba0_0;
    %pad/u 8;
    %ix/vec4 4;
    %load/vec4a v00000260a31660a0, 4;
    %assign/vec4 v00000260a3167680_0, 0;
    %load/vec4 v00000260a3165ba0_0;
    %pad/u 8;
    %ix/vec4 4;
    %load/vec4a v00000260a30e4a50, 4;
    %assign/vec4 v00000260a30df4b0_0, 0;
    %load/vec4 v00000260a3165ba0_0;
    %pad/u 8;
    %ix/vec4 4;
    %load/vec4a v00000260a3165420, 4;
    %assign/vec4 v00000260a31668c0_0, 0;
    %load/vec4 v00000260a3165ba0_0;
    %pad/u 8;
    %ix/vec4 4;
    %load/vec4a v00000260a3165a60, 4;
    %assign/vec4 v00000260a3166dc0_0, 0;
    %load/vec4 v00000260a3165ba0_0;
    %pad/u 8;
    %ix/vec4 4;
    %load/vec4a v00000260a31663c0, 4;
    %assign/vec4 v00000260a30e4d70_0, 0;
    %load/vec4 v00000260a3165ba0_0;
    %pad/u 8;
    %ix/vec4 4;
    %load/vec4a v00000260a30de830, 4;
    %assign/vec4 v00000260a30dd1b0_0, 0;
    %load/vec4 v00000260a3165ba0_0;
    %pad/u 8;
    %ix/vec4 4;
    %load/vec4a v00000260a3165560, 4;
    %assign/vec4 v00000260a3165380_0, 0;
    %load/vec4 v00000260a3165ba0_0;
    %pad/u 8;
    %ix/vec4 4;
    %load/vec4a v00000260a3166460, 4;
    %assign/vec4 v00000260a31659c0_0, 0;
    %load/vec4 v00000260a3165ba0_0;
    %pad/u 8;
    %ix/vec4 4;
    %load/vec4a v00000260a31654c0, 4;
    %assign/vec4 v00000260a3164fc0_0, 0;
    %pushi/vec4 2, 0, 4;
    %assign/vec4 v00000260a3165e20_0, 0;
    %jmp T_55.24;
T_55.13 ;
    %load/vec4 v00000260a31670e0_0;
    %flag_set/vec4 8;
    %jmp/0xz  T_55.27, 8;
    %pushi/vec4 10, 0, 4;
    %assign/vec4 v00000260a3165e20_0, 0;
    %jmp T_55.28;
T_55.27 ;
    %load/vec4 v00000260a3166780_0;
    %flag_set/vec4 8;
    %jmp/0xz  T_55.29, 8;
    %load/vec4 v00000260a30e49b0_0;
    %cmpi/e 0, 0, 1;
    %flag_mov 8, 4;
    %jmp/0 T_55.31, 8;
    %pushi/vec4 1, 0, 1;
    %jmp/1 T_55.32, 8;
T_55.31 ; End of true expr.
    %pushi/vec4 0, 0, 1;
    %jmp/0 T_55.32, 8;
 ; End of false expr.
    %blend;
T_55.32;
    %load/vec4 v00000260a3166960_0;
    %pad/u 8;
    %ix/vec4 3;
    %ix/load 4, 0, 0; Constant delay
    %assign/vec4/a/d v00000260a31654c0, 0, 4;
    %load/vec4 v00000260a3165ce0_0;
    %nor/r;
    %flag_set/vec4 8;
    %jmp/0xz  T_55.33, 8;
    %load/vec4 v00000260a30e49b0_0;
    %cmpi/e 0, 0, 1;
    %jmp/0xz  T_55.35, 4;
    %load/vec4 v00000260a3166dc0_0;
    %load/vec4 v00000260a3165740_0;
    %store/vec4 v00000260a31645c0_0, 0, 4;
    %store/vec4 v00000260a31631c0_0, 0, 512;
    %callf/vec4 TD_icache_pipeline_tb.dut.u_dcache.line_get_word32, S_00000260a3202100;
    %assign/vec4 v00000260a3165240_0, 0;
    %jmp T_55.36;
T_55.35 ;
    %load/vec4 v00000260a31659c0_0;
    %load/vec4 v00000260a3165740_0;
    %store/vec4 v00000260a31645c0_0, 0, 4;
    %store/vec4 v00000260a31631c0_0, 0, 512;
    %callf/vec4 TD_icache_pipeline_tb.dut.u_dcache.line_get_word32, S_00000260a3202100;
    %assign/vec4 v00000260a3165240_0, 0;
T_55.36 ;
    %pushi/vec4 0, 0, 1;
    %assign/vec4 v00000260a3167360_0, 0;
    %pushi/vec4 1, 0, 1;
    %assign/vec4 v00000260a31652e0_0, 0;
    %pushi/vec4 3, 0, 4;
    %assign/vec4 v00000260a3165e20_0, 0;
    %jmp T_55.34;
T_55.33 ;
    %load/vec4 v00000260a3165b00_0;
    %flag_set/vec4 8;
    %jmp/0xz  T_55.37, 8;
    %load/vec4 v00000260a3166dc0_0;
    %load/vec4 v00000260a3165740_0;
    %store/vec4 v00000260a31645c0_0, 0, 4;
    %store/vec4 v00000260a31631c0_0, 0, 512;
    %callf/vec4 TD_icache_pipeline_tb.dut.u_dcache.line_get_word32, S_00000260a3202100;
    %store/vec4 v00000260a3166b40_0, 0, 32;
    %load/vec4 v00000260a3166b40_0;
    %load/vec4 v00000260a31661e0_0;
    %load/vec4 v00000260a3165d80_0;
    %store/vec4 v00000260a3164340_0, 0, 4;
    %store/vec4 v00000260a3163300_0, 0, 32;
    %store/vec4 v00000260a31640c0_0, 0, 32;
    %callf/vec4 TD_icache_pipeline_tb.dut.u_dcache.merge_wstrb32, S_00000260a3201930;
    %store/vec4 v00000260a3166f00_0, 0, 32;
    %load/vec4 v00000260a3166dc0_0;
    %load/vec4 v00000260a3165740_0;
    %load/vec4 v00000260a3166f00_0;
    %store/vec4 v00000260a3163d00_0, 0, 32;
    %store/vec4 v00000260a3163120_0, 0, 4;
    %store/vec4 v00000260a31643e0_0, 0, 512;
    %callf/vec4 TD_icache_pipeline_tb.dut.u_dcache.line_set_word32, S_00000260a3201610;
    %store/vec4 v00000260a31675e0_0, 0, 512;
    %load/vec4 v00000260a31675e0_0;
    %load/vec4 v00000260a3166960_0;
    %pad/u 8;
    %ix/vec4 3;
    %ix/load 4, 0, 0; Constant delay
    %assign/vec4/a/d v00000260a3165a60, 0, 4;
    %pushi/vec4 1, 0, 1;
    %load/vec4 v00000260a3166960_0;
    %pad/u 8;
    %ix/vec4 3;
    %ix/load 4, 0, 0; Constant delay
    %assign/vec4/a/d v00000260a3165420, 0, 4;
    %jmp T_55.38;
T_55.37 ;
    %load/vec4 v00000260a31659c0_0;
    %load/vec4 v00000260a3165740_0;
    %store/vec4 v00000260a31645c0_0, 0, 4;
    %store/vec4 v00000260a31631c0_0, 0, 512;
    %callf/vec4 TD_icache_pipeline_tb.dut.u_dcache.line_get_word32, S_00000260a3202100;
    %store/vec4 v00000260a3166b40_0, 0, 32;
    %load/vec4 v00000260a3166b40_0;
    %load/vec4 v00000260a31661e0_0;
    %load/vec4 v00000260a3165d80_0;
    %store/vec4 v00000260a3164340_0, 0, 4;
    %store/vec4 v00000260a3163300_0, 0, 32;
    %store/vec4 v00000260a31640c0_0, 0, 32;
    %callf/vec4 TD_icache_pipeline_tb.dut.u_dcache.merge_wstrb32, S_00000260a3201930;
    %store/vec4 v00000260a3166f00_0, 0, 32;
    %load/vec4 v00000260a31659c0_0;
    %load/vec4 v00000260a3165740_0;
    %load/vec4 v00000260a3166f00_0;
    %store/vec4 v00000260a3163d00_0, 0, 32;
    %store/vec4 v00000260a3163120_0, 0, 4;
    %store/vec4 v00000260a31643e0_0, 0, 512;
    %callf/vec4 TD_icache_pipeline_tb.dut.u_dcache.line_set_word32, S_00000260a3201610;
    %store/vec4 v00000260a31675e0_0, 0, 512;
    %load/vec4 v00000260a31675e0_0;
    %load/vec4 v00000260a3166960_0;
    %pad/u 8;
    %ix/vec4 3;
    %ix/load 4, 0, 0; Constant delay
    %assign/vec4/a/d v00000260a3166460, 0, 4;
    %pushi/vec4 1, 0, 1;
    %load/vec4 v00000260a3166960_0;
    %pad/u 8;
    %ix/vec4 3;
    %ix/load 4, 0, 0; Constant delay
    %assign/vec4/a/d v00000260a3165560, 0, 4;
T_55.38 ;
    %pushi/vec4 0, 0, 32;
    %assign/vec4 v00000260a3165240_0, 0;
    %pushi/vec4 0, 0, 1;
    %assign/vec4 v00000260a3167360_0, 0;
    %pushi/vec4 1, 0, 1;
    %assign/vec4 v00000260a31652e0_0, 0;
    %pushi/vec4 3, 0, 4;
    %assign/vec4 v00000260a3165e20_0, 0;
T_55.34 ;
    %jmp T_55.30;
T_55.29 ;
    %load/vec4 v00000260a3165ce0_0;
    %flag_set/vec4 8;
    %jmp/0xz  T_55.39, 8;
    %pushi/vec4 10, 0, 4;
    %assign/vec4 v00000260a3165e20_0, 0;
    %jmp T_55.40;
T_55.39 ;
    %pushi/vec4 4, 0, 4;
    %assign/vec4 v00000260a3165e20_0, 0;
T_55.40 ;
T_55.30 ;
T_55.28 ;
    %jmp T_55.24;
T_55.14 ;
    %load/vec4 v00000260a31652e0_0;
    %flag_set/vec4 9;
    %flag_get/vec4 9;
    %jmp/0 T_55.43, 9;
    %load/vec4 v00000260a31666e0_0;
    %and;
T_55.43;
    %flag_set/vec4 8;
    %jmp/0xz  T_55.41, 8;
    %pushi/vec4 0, 0, 4;
    %assign/vec4 v00000260a3165e20_0, 0;
T_55.41 ;
    %jmp T_55.24;
T_55.15 ;
    %load/vec4 v00000260a30e1710_0;
    %assign/vec4 v00000260a3166c80_0, 0;
    %load/vec4 v00000260a3165100_0;
    %assign/vec4 v00000260a3165600_0, 0;
    %load/vec4 v00000260a30dded0_0;
    %assign/vec4 v00000260a30e1d50_0, 0;
    %load/vec4 v00000260a30de650_0;
    %load/vec4 v00000260a3166960_0;
    %concat/vec4; draw_concat_vec4
    %concati/vec4 0, 0, 6;
    %assign/vec4 v00000260a30dfa50_0, 0;
    %pushi/vec4 0, 0, 3;
    %assign/vec4 v00000260a3167720_0, 0;
    %load/vec4 v00000260a30e0a90_0;
    %flag_set/vec4 9;
    %flag_get/vec4 9;
    %jmp/0 T_55.46, 9;
    %load/vec4 v00000260a30ddc50_0;
    %and;
T_55.46;
    %flag_set/vec4 8;
    %jmp/0xz  T_55.44, 8;
    %pushi/vec4 5, 0, 4;
    %assign/vec4 v00000260a3165e20_0, 0;
    %jmp T_55.45;
T_55.44 ;
    %pushi/vec4 7, 0, 4;
    %assign/vec4 v00000260a3165e20_0, 0;
T_55.45 ;
    %jmp T_55.24;
T_55.16 ;
    %pushi/vec4 1, 0, 1;
    %assign/vec4 v00000260a3165f60_0, 0;
    %pushi/vec4 3, 0, 2;
    %assign/vec4 v00000260a3166a00_0, 0;
    %load/vec4 v00000260a30dfa50_0;
    %assign/vec4 v00000260a3166820_0, 0;
    %pushi/vec4 3, 0, 3;
    %assign/vec4 v00000260a3166aa0_0, 0;
    %pushi/vec4 7, 0, 8;
    %assign/vec4 v00000260a31674a0_0, 0;
    %load/vec4 v00000260a30e1d50_0;
    %load/vec4 v00000260a3167720_0;
    %store/vec4 v00000260a3163ee0_0, 0, 3;
    %store/vec4 v00000260a3163c60_0, 0, 512;
    %callf/vec4 TD_icache_pipeline_tb.dut.u_dcache.line_get_beat64, S_00000260a32028d0;
    %assign/vec4 v00000260a3166320_0, 0;
    %pushi/vec4 255, 0, 8;
    %assign/vec4 v00000260a3166280_0, 0;
    %load/vec4 v00000260a3165f60_0;
    %flag_set/vec4 9;
    %flag_get/vec4 9;
    %jmp/0 T_55.49, 9;
    %load/vec4 v00000260a3166fa0_0;
    %and;
T_55.49;
    %flag_set/vec4 8;
    %jmp/0xz  T_55.47, 8;
    %load/vec4 v00000260a3167720_0;
    %cmpi/e 7, 0, 3;
    %jmp/0xz  T_55.50, 4;
    %pushi/vec4 0, 0, 1;
    %assign/vec4 v00000260a3165f60_0, 0;
    %pushi/vec4 6, 0, 4;
    %assign/vec4 v00000260a3165e20_0, 0;
    %jmp T_55.51;
T_55.50 ;
    %load/vec4 v00000260a3167720_0;
    %addi 1, 0, 3;
    %assign/vec4 v00000260a3167720_0, 0;
    %load/vec4 v00000260a30e1d50_0;
    %load/vec4 v00000260a3167720_0;
    %addi 1, 0, 3;
    %store/vec4 v00000260a3163ee0_0, 0, 3;
    %store/vec4 v00000260a3163c60_0, 0, 512;
    %callf/vec4 TD_icache_pipeline_tb.dut.u_dcache.line_get_beat64, S_00000260a32028d0;
    %assign/vec4 v00000260a3166320_0, 0;
T_55.51 ;
T_55.47 ;
    %jmp T_55.24;
T_55.17 ;
    %load/vec4 v00000260a3166140_0;
    %flag_set/vec4 9;
    %flag_get/vec4 9;
    %jmp/0 T_55.54, 9;
    %load/vec4 v00000260a3166000_0;
    %and;
T_55.54;
    %flag_set/vec4 8;
    %jmp/0xz  T_55.52, 8;
    %load/vec4 v00000260a3167540_0;
    %assign/vec4 v00000260a30e17b0_0, 0;
    %load/vec4 v00000260a3167540_0;
    %flag_set/vec4 8;
    %jmp/0xz  T_55.55, 8;
    %pushi/vec4 0, 0, 32;
    %assign/vec4 v00000260a3165240_0, 0;
    %pushi/vec4 1, 0, 1;
    %assign/vec4 v00000260a3167360_0, 0;
    %pushi/vec4 1, 0, 1;
    %assign/vec4 v00000260a31652e0_0, 0;
    %pushi/vec4 3, 0, 4;
    %assign/vec4 v00000260a3165e20_0, 0;
    %jmp T_55.56;
T_55.55 ;
    %pushi/vec4 7, 0, 4;
    %assign/vec4 v00000260a3165e20_0, 0;
T_55.56 ;
T_55.52 ;
    %jmp T_55.24;
T_55.18 ;
    %pushi/vec4 1, 0, 1;
    %assign/vec4 v00000260a3165f60_0, 0;
    %pushi/vec4 0, 0, 2;
    %assign/vec4 v00000260a3166a00_0, 0;
    %load/vec4 v00000260a3165100_0;
    %load/vec4 v00000260a3166960_0;
    %concat/vec4; draw_concat_vec4
    %concati/vec4 0, 0, 6;
    %assign/vec4 v00000260a3166820_0, 0;
    %pushi/vec4 3, 0, 3;
    %assign/vec4 v00000260a3166aa0_0, 0;
    %pushi/vec4 7, 0, 8;
    %assign/vec4 v00000260a31674a0_0, 0;
    %pushi/vec4 0, 0, 64;
    %assign/vec4 v00000260a3166320_0, 0;
    %pushi/vec4 0, 0, 8;
    %assign/vec4 v00000260a3166280_0, 0;
    %load/vec4 v00000260a3165f60_0;
    %flag_set/vec4 9;
    %flag_get/vec4 9;
    %jmp/0 T_55.59, 9;
    %load/vec4 v00000260a3166fa0_0;
    %and;
T_55.59;
    %flag_set/vec4 8;
    %jmp/0xz  T_55.57, 8;
    %pushi/vec4 0, 0, 512;
    %assign/vec4 v00000260a3165920_0, 0;
    %pushi/vec4 0, 0, 1;
    %assign/vec4 v00000260a3165f60_0, 0;
    %pushi/vec4 0, 0, 3;
    %assign/vec4 v00000260a3167720_0, 0;
    %pushi/vec4 8, 0, 4;
    %assign/vec4 v00000260a3165e20_0, 0;
T_55.57 ;
    %jmp T_55.24;
T_55.19 ;
    %load/vec4 v00000260a3166140_0;
    %flag_set/vec4 9;
    %flag_get/vec4 9;
    %jmp/0 T_55.62, 9;
    %load/vec4 v00000260a3166000_0;
    %and;
T_55.62;
    %flag_set/vec4 8;
    %jmp/0xz  T_55.60, 8;
    %load/vec4 v00000260a3165920_0;
    %load/vec4 v00000260a3167720_0;
    %load/vec4 v00000260a3165c40_0;
    %store/vec4 v00000260a3162b80_0, 0, 64;
    %store/vec4 v00000260a3162cc0_0, 0, 3;
    %store/vec4 v00000260a3163080_0, 0, 512;
    %callf/vec4 TD_icache_pipeline_tb.dut.u_dcache.line_set_beat64, S_00000260a3202290;
    %assign/vec4 v00000260a3165920_0, 0;
    %load/vec4 v00000260a3167540_0;
    %flag_set/vec4 8;
    %jmp/0xz  T_55.63, 8;
    %pushi/vec4 0, 0, 32;
    %assign/vec4 v00000260a3165240_0, 0;
    %pushi/vec4 1, 0, 1;
    %load/vec4 v00000260a30e17b0_0;
    %or;
    %assign/vec4 v00000260a3167360_0, 0;
    %pushi/vec4 1, 0, 1;
    %assign/vec4 v00000260a31652e0_0, 0;
    %pushi/vec4 3, 0, 4;
    %assign/vec4 v00000260a3165e20_0, 0;
    %jmp T_55.64;
T_55.63 ;
    %load/vec4 v00000260a3166be0_0;
    %flag_set/vec4 8;
    %jmp/0xz  T_55.65, 8;
    %load/vec4 v00000260a3167720_0;
    %cmpi/e 7, 0, 3;
    %jmp/0xz  T_55.67, 4;
    %pushi/vec4 9, 0, 4;
    %assign/vec4 v00000260a3165e20_0, 0;
    %jmp T_55.68;
T_55.67 ;
    %pushi/vec4 0, 0, 32;
    %assign/vec4 v00000260a3165240_0, 0;
    %pushi/vec4 1, 0, 1;
    %load/vec4 v00000260a30e17b0_0;
    %or;
    %assign/vec4 v00000260a3167360_0, 0;
    %pushi/vec4 1, 0, 1;
    %assign/vec4 v00000260a31652e0_0, 0;
    %pushi/vec4 3, 0, 4;
    %assign/vec4 v00000260a3165e20_0, 0;
T_55.68 ;
    %jmp T_55.66;
T_55.65 ;
    %load/vec4 v00000260a3167720_0;
    %addi 1, 0, 3;
    %assign/vec4 v00000260a3167720_0, 0;
T_55.66 ;
T_55.64 ;
T_55.60 ;
    %jmp T_55.24;
T_55.20 ;
    %load/vec4 v00000260a3166c80_0;
    %cmpi/e 0, 0, 1;
    %jmp/0xz  T_55.69, 4;
    %load/vec4 v00000260a3165920_0;
    %load/vec4 v00000260a3166960_0;
    %pad/u 8;
    %ix/vec4 3;
    %ix/load 4, 0, 0; Constant delay
    %assign/vec4/a/d v00000260a3165a60, 0, 4;
    %load/vec4 v00000260a3165600_0;
    %load/vec4 v00000260a3166960_0;
    %pad/u 8;
    %ix/vec4 3;
    %ix/load 4, 0, 0; Constant delay
    %assign/vec4/a/d v00000260a31660a0, 0, 4;
    %pushi/vec4 1, 0, 1;
    %load/vec4 v00000260a3166960_0;
    %pad/u 8;
    %ix/vec4 3;
    %ix/load 4, 0, 0; Constant delay
    %assign/vec4/a/d v00000260a30e4a50, 0, 4;
    %pushi/vec4 0, 0, 1;
    %load/vec4 v00000260a3166960_0;
    %pad/u 8;
    %ix/vec4 3;
    %ix/load 4, 0, 0; Constant delay
    %assign/vec4/a/d v00000260a3165420, 0, 4;
    %jmp T_55.70;
T_55.69 ;
    %load/vec4 v00000260a3165920_0;
    %load/vec4 v00000260a3166960_0;
    %pad/u 8;
    %ix/vec4 3;
    %ix/load 4, 0, 0; Constant delay
    %assign/vec4/a/d v00000260a3166460, 0, 4;
    %load/vec4 v00000260a3165600_0;
    %load/vec4 v00000260a3166960_0;
    %pad/u 8;
    %ix/vec4 3;
    %ix/load 4, 0, 0; Constant delay
    %assign/vec4/a/d v00000260a31663c0, 0, 4;
    %pushi/vec4 1, 0, 1;
    %load/vec4 v00000260a3166960_0;
    %pad/u 8;
    %ix/vec4 3;
    %ix/load 4, 0, 0; Constant delay
    %assign/vec4/a/d v00000260a30de830, 0, 4;
    %pushi/vec4 0, 0, 1;
    %load/vec4 v00000260a3166960_0;
    %pad/u 8;
    %ix/vec4 3;
    %ix/load 4, 0, 0; Constant delay
    %assign/vec4/a/d v00000260a3165560, 0, 4;
T_55.70 ;
    %load/vec4 v00000260a3166c80_0;
    %cmpi/e 0, 0, 1;
    %flag_mov 8, 4;
    %jmp/0 T_55.71, 8;
    %pushi/vec4 1, 0, 1;
    %jmp/1 T_55.72, 8;
T_55.71 ; End of true expr.
    %pushi/vec4 0, 0, 1;
    %jmp/0 T_55.72, 8;
 ; End of false expr.
    %blend;
T_55.72;
    %load/vec4 v00000260a3166960_0;
    %pad/u 8;
    %ix/vec4 3;
    %ix/load 4, 0, 0; Constant delay
    %assign/vec4/a/d v00000260a31654c0, 0, 4;
    %load/vec4 v00000260a3165920_0;
    %load/vec4 v00000260a3165740_0;
    %store/vec4 v00000260a31645c0_0, 0, 4;
    %store/vec4 v00000260a31631c0_0, 0, 512;
    %callf/vec4 TD_icache_pipeline_tb.dut.u_dcache.line_get_word32, S_00000260a3202100;
    %assign/vec4 v00000260a3165240_0, 0;
    %load/vec4 v00000260a3167540_0;
    %load/vec4 v00000260a30e17b0_0;
    %or;
    %assign/vec4 v00000260a3167360_0, 0;
    %pushi/vec4 1, 0, 1;
    %assign/vec4 v00000260a31652e0_0, 0;
    %pushi/vec4 3, 0, 4;
    %assign/vec4 v00000260a3165e20_0, 0;
    %jmp T_55.24;
T_55.21 ;
    %pushi/vec4 1, 0, 1;
    %assign/vec4 v00000260a3165f60_0, 0;
    %load/vec4 v00000260a3165060_0;
    %assign/vec4 v00000260a3166820_0, 0;
    %pushi/vec4 0, 0, 8;
    %assign/vec4 v00000260a31674a0_0, 0;
    %load/vec4 v00000260a3165ce0_0;
    %nor/r;
    %flag_set/vec4 8;
    %jmp/0xz  T_55.73, 8;
    %pushi/vec4 1, 0, 2;
    %assign/vec4 v00000260a3166a00_0, 0;
    %pushi/vec4 2, 0, 3;
    %assign/vec4 v00000260a3166aa0_0, 0;
    %pushi/vec4 0, 0, 64;
    %assign/vec4 v00000260a3166320_0, 0;
    %pushi/vec4 0, 0, 8;
    %assign/vec4 v00000260a3166280_0, 0;
    %jmp T_55.74;
T_55.73 ;
    %pushi/vec4 2, 0, 2;
    %assign/vec4 v00000260a3166a00_0, 0;
    %pushi/vec4 2, 0, 3;
    %assign/vec4 v00000260a3166aa0_0, 0;
    %load/vec4 v00000260a31656a0_0;
    %flag_set/vec4 8;
    %jmp/0xz  T_55.75, 8;
    %load/vec4 v00000260a31661e0_0;
    %concati/vec4 0, 0, 32;
    %assign/vec4 v00000260a3166320_0, 0;
    %load/vec4 v00000260a3165d80_0;
    %concati/vec4 0, 0, 4;
    %assign/vec4 v00000260a3166280_0, 0;
    %jmp T_55.76;
T_55.75 ;
    %pushi/vec4 0, 0, 32;
    %load/vec4 v00000260a31661e0_0;
    %concat/vec4; draw_concat_vec4
    %assign/vec4 v00000260a3166320_0, 0;
    %pushi/vec4 0, 0, 4;
    %load/vec4 v00000260a3165d80_0;
    %concat/vec4; draw_concat_vec4
    %assign/vec4 v00000260a3166280_0, 0;
T_55.76 ;
T_55.74 ;
    %load/vec4 v00000260a3165f60_0;
    %flag_set/vec4 9;
    %flag_get/vec4 9;
    %jmp/0 T_55.79, 9;
    %load/vec4 v00000260a3166fa0_0;
    %and;
T_55.79;
    %flag_set/vec4 8;
    %jmp/0xz  T_55.77, 8;
    %pushi/vec4 0, 0, 1;
    %assign/vec4 v00000260a3165f60_0, 0;
    %pushi/vec4 11, 0, 4;
    %assign/vec4 v00000260a3165e20_0, 0;
T_55.77 ;
    %jmp T_55.24;
T_55.22 ;
    %load/vec4 v00000260a3166140_0;
    %flag_set/vec4 9;
    %flag_get/vec4 9;
    %jmp/0 T_55.82, 9;
    %load/vec4 v00000260a3166000_0;
    %and;
T_55.82;
    %flag_set/vec4 8;
    %jmp/0xz  T_55.80, 8;
    %load/vec4 v00000260a3167540_0;
    %assign/vec4 v00000260a3167360_0, 0;
    %load/vec4 v00000260a3165ce0_0;
    %nor/r;
    %flag_set/vec4 8;
    %jmp/0xz  T_55.83, 8;
    %load/vec4 v00000260a31656a0_0;
    %flag_set/vec4 8;
    %jmp/0 T_55.85, 8;
    %load/vec4 v00000260a3165c40_0;
    %parti/s 32, 32, 7;
    %jmp/1 T_55.86, 8;
T_55.85 ; End of true expr.
    %load/vec4 v00000260a3165c40_0;
    %parti/s 32, 0, 2;
    %jmp/0 T_55.86, 8;
 ; End of false expr.
    %blend;
T_55.86;
    %assign/vec4 v00000260a3165240_0, 0;
    %jmp T_55.84;
T_55.83 ;
    %pushi/vec4 0, 0, 32;
    %assign/vec4 v00000260a3165240_0, 0;
T_55.84 ;
    %pushi/vec4 1, 0, 1;
    %assign/vec4 v00000260a31652e0_0, 0;
    %pushi/vec4 3, 0, 4;
    %assign/vec4 v00000260a3165e20_0, 0;
T_55.80 ;
    %jmp T_55.24;
T_55.24 ;
    %pop/vec4 1;
T_55.1 ;
    %jmp T_55;
    .thread T_55;
    .scope S_00000260a327e000;
T_56 ;
    %wait E_00000260a318a170;
    %load/vec4 v00000260a328bb20_0;
    %store/vec4 v00000260a328dc40_0, 0, 1;
    %load/vec4 v00000260a328d6a0_0;
    %store/vec4 v00000260a328d600_0, 0, 5;
    %load/vec4 v00000260a328d880_0;
    %store/vec4 v00000260a328dd80_0, 0, 1;
    %load/vec4 v00000260a328bbc0_0;
    %store/vec4 v00000260a328df60_0, 0, 32;
    %load/vec4 v00000260a328d2e0_0;
    %flag_set/vec4 8;
    %jmp/0xz  T_56.0, 8;
    %pushi/vec4 0, 0, 1;
    %store/vec4 v00000260a328dc40_0, 0, 1;
    %pushi/vec4 0, 0, 1;
    %store/vec4 v00000260a328dd80_0, 0, 1;
    %jmp T_56.1;
T_56.0 ;
    %load/vec4 v00000260a328c020_0;
    %flag_set/vec4 8;
    %jmp/0xz  T_56.2, 8;
    %pushi/vec4 0, 0, 1;
    %store/vec4 v00000260a328dc40_0, 0, 1;
    %pushi/vec4 0, 0, 1;
    %store/vec4 v00000260a328dd80_0, 0, 1;
    %jmp T_56.3;
T_56.2 ;
    %load/vec4 v00000260a328c020_0;
    %nor/r;
    %flag_set/vec4 8;
    %jmp/0xz  T_56.4, 8;
    %load/vec4 v00000260a328c660_0;
    %store/vec4 v00000260a328dc40_0, 0, 1;
    %load/vec4 v00000260a328ca20_0;
    %store/vec4 v00000260a328d600_0, 0, 5;
    %load/vec4 v00000260a328c660_0;
    %flag_set/vec4 8;
    %jmp/0 T_56.6, 8;
    %load/vec4 v00000260a328d7e0_0;
    %jmp/1 T_56.7, 8;
T_56.6 ; End of true expr.
    %pushi/vec4 0, 0, 1;
    %jmp/0 T_56.7, 8;
 ; End of false expr.
    %blend;
T_56.7;
    %store/vec4 v00000260a328dd80_0, 0, 1;
    %load/vec4 v00000260a328c700_0;
    %load/vec4 v00000260a328b940_0;
    %load/vec4 v00000260a328c980_0;
    %load/vec4 v00000260a328d4c0_0;
    %store/vec4 v00000260a328d380_0, 0, 32;
    %store/vec4 v00000260a328d1a0_0, 0, 32;
    %store/vec4 v00000260a328c3e0_0, 0, 32;
    %store/vec4 v00000260a328d240_0, 0, 2;
    %callf/vec4 TD_icache_pipeline_tb.dut.u_mem_wb.wb_mux, S_00000260a327d380;
    %store/vec4 v00000260a328df60_0, 0, 32;
T_56.4 ;
T_56.3 ;
T_56.1 ;
    %jmp T_56;
    .thread T_56, $push;
    .scope S_00000260a327e000;
T_57 ;
    %wait E_00000260a3188630;
    %load/vec4 v00000260a328d920_0;
    %nor/r;
    %flag_set/vec4 8;
    %jmp/0xz  T_57.0, 8;
    %pushi/vec4 0, 0, 1;
    %assign/vec4 v00000260a328bb20_0, 0;
    %pushi/vec4 0, 0, 5;
    %assign/vec4 v00000260a328d6a0_0, 0;
    %pushi/vec4 0, 0, 1;
    %assign/vec4 v00000260a328d880_0, 0;
    %pushi/vec4 0, 0, 32;
    %assign/vec4 v00000260a328bbc0_0, 0;
    %jmp T_57.1;
T_57.0 ;
    %load/vec4 v00000260a328dc40_0;
    %assign/vec4 v00000260a328bb20_0, 0;
    %load/vec4 v00000260a328d600_0;
    %assign/vec4 v00000260a328d6a0_0, 0;
    %load/vec4 v00000260a328dd80_0;
    %assign/vec4 v00000260a328d880_0, 0;
    %load/vec4 v00000260a328df60_0;
    %assign/vec4 v00000260a328bbc0_0, 0;
T_57.1 ;
    %jmp T_57;
    .thread T_57;
    .scope S_00000260a2183000;
T_58 ;
    %wait E_00000260a31890b0;
    %load/vec4 v00000260a2ab4e90_0;
    %flag_set/vec4 8;
    %jmp/0xz  T_58.0, 8;
    %vpi_call/w 13 129 "$display", "[%0t] HAZARD pending load hit rs1=%0d rs2=%0d mask=0x%08x", $time, v00000260a2ab4990_0, v00000260a2ab2cd0_0, v00000260a2ab3130_0 {0 0 0};
T_58.0 ;
    %jmp T_58;
    .thread T_58, $push;
    .scope S_00000260a3202f10;
T_59 ;
    %pushi/vec4 0, 0, 2;
    %store/vec4 v00000260a3298ed0_0, 0, 2;
    %end;
    .thread T_59, $init;
    .scope S_00000260a3202f10;
T_60 ;
    %wait E_00000260a31889f0;
    %load/vec4 v00000260a32a5ba0_0;
    %nor/r;
    %flag_set/vec4 8;
    %jmp/0xz  T_60.0, 8;
    %pushi/vec4 0, 0, 2;
    %assign/vec4 v00000260a3298ed0_0, 0;
    %jmp T_60.1;
T_60.0 ;
    %load/vec4 v00000260a3298f70_0;
    %nor/r;
    %flag_set/vec4 8;
    %jmp/1 T_60.4, 8;
    %load/vec4 v00000260a32a61e0_0;
    %flag_set/vec4 9;
    %flag_or 8, 9;
T_60.4;
    %jmp/0xz  T_60.2, 8;
    %pushi/vec4 0, 0, 2;
    %assign/vec4 v00000260a3298ed0_0, 0;
    %jmp T_60.3;
T_60.2 ;
    %load/vec4 v00000260a3298ed0_0;
    %parti/s 1, 0, 2;
    %concati/vec4 1, 0, 1;
    %assign/vec4 v00000260a3298ed0_0, 0;
T_60.3 ;
T_60.1 ;
    %jmp T_60;
    .thread T_60;
    .scope S_00000260a3202f10;
T_61 ;
    %wait E_00000260a3189070;
    %load/vec4 v00000260a32a8c60_0;
    %flag_set/vec4 8;
    %jmp/1 T_61.2, 8;
    %load/vec4 v00000260a32a2360_0;
    %nor/r;
    %flag_set/vec4 9;
    %flag_or 8, 9;
T_61.2;
    %jmp/0xz  T_61.0, 8;
    %pushi/vec4 1, 0, 1;
    %assign/vec4 v00000260a32a7f40_0, 0;
    %pushi/vec4 1, 0, 1;
    %assign/vec4 v00000260a32a75e0_0, 0;
    %pushi/vec4 1, 0, 1;
    %assign/vec4 v00000260a32a8da0_0, 0;
    %pushi/vec4 0, 0, 1;
    %assign/vec4 v00000260a32959b0_0, 0;
    %pushi/vec4 0, 0, 1;
    %assign/vec4 v00000260a3294e70_0, 0;
    %pushi/vec4 0, 0, 26;
    %assign/vec4 v00000260a32952d0_0, 0;
    %pushi/vec4 0, 0, 25;
    %assign/vec4 v00000260a32a7540_0, 0;
    %jmp T_61.1;
T_61.0 ;
    %load/vec4 v00000260a32a9200_0;
    %assign/vec4 v00000260a32a7f40_0, 0;
    %load/vec4 v00000260a32a7f40_0;
    %assign/vec4 v00000260a32a75e0_0, 0;
    %load/vec4 v00000260a32a75e0_0;
    %assign/vec4 v00000260a32a8da0_0, 0;
    %pushi/vec4 1, 0, 1;
    %assign/vec4 v00000260a3294e70_0, 0;
    %load/vec4 v00000260a32a7540_0;
    %addi 1, 0, 25;
    %assign/vec4 v00000260a32a7540_0, 0;
    %load/vec4 v00000260a32a75e0_0;
    %load/vec4 v00000260a32a8da0_0;
    %xor;
    %flag_set/vec4 8;
    %jmp/0xz  T_61.3, 8;
    %pushi/vec4 1, 0, 1;
    %assign/vec4 v00000260a32959b0_0, 0;
    %pushi/vec4 50000000, 0, 26;
    %assign/vec4 v00000260a32952d0_0, 0;
    %jmp T_61.4;
T_61.3 ;
    %load/vec4 v00000260a32952d0_0;
    %cmpi/ne 0, 0, 26;
    %jmp/0xz  T_61.5, 4;
    %load/vec4 v00000260a32952d0_0;
    %subi 1, 0, 26;
    %assign/vec4 v00000260a32952d0_0, 0;
T_61.5 ;
T_61.4 ;
T_61.1 ;
    %jmp T_61;
    .thread T_61;
    .scope S_00000260a3202f10;
T_62 ;
    %wait E_00000260a3189070;
    %load/vec4 v00000260a32a8c60_0;
    %flag_set/vec4 8;
    %jmp/1 T_62.2, 8;
    %load/vec4 v00000260a32a2360_0;
    %nor/r;
    %flag_set/vec4 9;
    %flag_or 8, 9;
T_62.2;
    %jmp/0xz  T_62.0, 8;
    %pushi/vec4 0, 0, 1;
    %assign/vec4 v00000260a32954b0_0, 0;
    %pushi/vec4 0, 0, 1;
    %assign/vec4 v00000260a3294ab0_0, 0;
    %jmp T_62.1;
T_62.0 ;
    %load/vec4 v00000260a3294b50_0;
    %nor/r;
    %flag_set/vec4 8;
    %jmp/0xz  T_62.3, 8;
    %pushi/vec4 0, 0, 1;
    %assign/vec4 v00000260a32954b0_0, 0;
    %pushi/vec4 0, 0, 1;
    %assign/vec4 v00000260a3294ab0_0, 0;
    %jmp T_62.4;
T_62.3 ;
    %load/vec4 v00000260a3294ab0_0;
    %nor/r;
    %flag_set/vec4 8;
    %jmp/0xz  T_62.5, 8;
    %pushi/vec4 1, 0, 1;
    %assign/vec4 v00000260a3294ab0_0, 0;
T_62.5 ;
T_62.4 ;
T_62.1 ;
    %jmp T_62;
    .thread T_62;
    .scope S_00000260a3202f10;
T_63 ;
    %wait E_00000260a31892f0;
    %load/vec4 v00000260a3298f70_0;
    %nor/r;
    %flag_set/vec4 8;
    %jmp/0xz  T_63.0, 8;
    %pushi/vec4 0, 0, 1;
    %assign/vec4 v00000260a32a5920_0, 0;
    %pushi/vec4 0, 0, 1;
    %assign/vec4 v00000260a32a4f20_0, 0;
    %pushi/vec4 0, 0, 1;
    %assign/vec4 v00000260a32a6000_0, 0;
    %pushi/vec4 0, 0, 1;
    %assign/vec4 v00000260a32a5100_0, 0;
    %pushi/vec4 0, 0, 1;
    %assign/vec4 v00000260a32a61e0_0, 0;
    %pushi/vec4 0, 0, 16;
    %assign/vec4 v00000260a32a68c0_0, 0;
    %pushi/vec4 0, 0, 23;
    %assign/vec4 v00000260a32a5420_0, 0;
    %pushi/vec4 0, 0, 21;
    %assign/vec4 v00000260a32a5600_0, 0;
    %jmp T_63.1;
T_63.0 ;
    %load/vec4 v00000260a32a6780_0;
    %assign/vec4 v00000260a32a5920_0, 0;
    %load/vec4 v00000260a32a5920_0;
    %assign/vec4 v00000260a32a4f20_0, 0;
    %load/vec4 v00000260a32a4f20_0;
    %load/vec4 v00000260a32a6000_0;
    %cmp/e;
    %jmp/0xz  T_63.2, 4;
    %pushi/vec4 0, 0, 16;
    %assign/vec4 v00000260a32a68c0_0, 0;
    %jmp T_63.3;
T_63.2 ;
    %load/vec4 v00000260a32a68c0_0;
    %pad/u 32;
    %cmpi/e 49999, 0, 32;
    %jmp/0xz  T_63.4, 4;
    %load/vec4 v00000260a32a4f20_0;
    %assign/vec4 v00000260a32a6000_0, 0;
    %pushi/vec4 0, 0, 16;
    %assign/vec4 v00000260a32a68c0_0, 0;
    %jmp T_63.5;
T_63.4 ;
    %load/vec4 v00000260a32a68c0_0;
    %addi 1, 0, 16;
    %assign/vec4 v00000260a32a68c0_0, 0;
T_63.5 ;
T_63.3 ;
    %load/vec4 v00000260a3294b50_0;
    %nor/r;
    %flag_set/vec4 8;
    %jmp/0xz  T_63.6, 8;
    %pushi/vec4 0, 0, 1;
    %assign/vec4 v00000260a32a5100_0, 0;
    %pushi/vec4 0, 0, 1;
    %assign/vec4 v00000260a32a61e0_0, 0;
    %pushi/vec4 0, 0, 23;
    %assign/vec4 v00000260a32a5420_0, 0;
    %pushi/vec4 0, 0, 21;
    %assign/vec4 v00000260a32a5600_0, 0;
    %jmp T_63.7;
T_63.6 ;
    %load/vec4 v00000260a32a61e0_0;
    %flag_set/vec4 8;
    %jmp/0xz  T_63.8, 8;
    %load/vec4 v00000260a32a5600_0;
    %pad/u 32;
    %cmpi/e 1999999, 0, 32;
    %jmp/0xz  T_63.10, 4;
    %pushi/vec4 0, 0, 1;
    %assign/vec4 v00000260a32a61e0_0, 0;
    %pushi/vec4 0, 0, 21;
    %assign/vec4 v00000260a32a5600_0, 0;
    %jmp T_63.11;
T_63.10 ;
    %load/vec4 v00000260a32a5600_0;
    %addi 1, 0, 21;
    %assign/vec4 v00000260a32a5600_0, 0;
T_63.11 ;
    %jmp T_63.9;
T_63.8 ;
    %load/vec4 v00000260a32a5100_0;
    %flag_set/vec4 8;
    %jmp/0xz  T_63.12, 8;
    %load/vec4 v00000260a32a5420_0;
    %pad/u 32;
    %cmpi/e 4999999, 0, 32;
    %jmp/0xz  T_63.14, 4;
    %pushi/vec4 0, 0, 1;
    %assign/vec4 v00000260a32a5100_0, 0;
    %pushi/vec4 1, 0, 1;
    %assign/vec4 v00000260a32a61e0_0, 0;
    %pushi/vec4 0, 0, 23;
    %assign/vec4 v00000260a32a5420_0, 0;
    %pushi/vec4 0, 0, 21;
    %assign/vec4 v00000260a32a5600_0, 0;
    %jmp T_63.15;
T_63.14 ;
    %load/vec4 v00000260a32a5420_0;
    %addi 1, 0, 23;
    %assign/vec4 v00000260a32a5420_0, 0;
    %pushi/vec4 0, 0, 21;
    %assign/vec4 v00000260a32a5600_0, 0;
T_63.15 ;
    %jmp T_63.13;
T_63.12 ;
    %load/vec4 v00000260a32a5d80_0;
    %flag_set/vec4 8;
    %jmp/0xz  T_63.16, 8;
    %pushi/vec4 1, 0, 1;
    %assign/vec4 v00000260a32a5100_0, 0;
    %pushi/vec4 0, 0, 23;
    %assign/vec4 v00000260a32a5420_0, 0;
    %pushi/vec4 0, 0, 21;
    %assign/vec4 v00000260a32a5600_0, 0;
    %jmp T_63.17;
T_63.16 ;
    %pushi/vec4 0, 0, 1;
    %assign/vec4 v00000260a32a5100_0, 0;
    %pushi/vec4 0, 0, 23;
    %assign/vec4 v00000260a32a5420_0, 0;
    %pushi/vec4 0, 0, 21;
    %assign/vec4 v00000260a32a5600_0, 0;
T_63.17 ;
T_63.13 ;
T_63.9 ;
T_63.7 ;
T_63.1 ;
    %jmp T_63;
    .thread T_63;
    .scope S_00000260a3202f10;
T_64 ;
    %wait E_00000260a3188630;
    %load/vec4 v00000260a3297cb0_0;
    %nor/r;
    %flag_set/vec4 8;
    %jmp/0xz  T_64.0, 8;
    %pushi/vec4 1, 0, 1;
    %assign/vec4 v00000260a329e5b0_0, 0;
    %pushi/vec4 0, 0, 1;
    %assign/vec4 v00000260a329c2b0_0, 0;
    %pushi/vec4 0, 0, 32;
    %assign/vec4 v00000260a329d430_0, 0;
    %pushi/vec4 0, 0, 32;
    %assign/vec4 v00000260a329bbd0_0, 0;
    %pushi/vec4 0, 0, 1;
    %assign/vec4 v00000260a329c210_0, 0;
    %jmp T_64.1;
T_64.0 ;
    %load/vec4 v00000260a329e830_0;
    %flag_set/vec4 8;
    %jmp/0xz  T_64.2, 8;
    %pushi/vec4 0, 0, 1;
    %assign/vec4 v00000260a329e5b0_0, 0;
T_64.2 ;
    %load/vec4 v00000260a329b9f0_0;
    %load/vec4 v00000260a32a5880_0;
    %or;
    %load/vec4 v00000260a329e5b0_0;
    %or;
    %flag_set/vec4 8;
    %jmp/0xz  T_64.4, 8;
    %pushi/vec4 0, 0, 1;
    %assign/vec4 v00000260a329c2b0_0, 0;
    %pushi/vec4 0, 0, 32;
    %assign/vec4 v00000260a329d430_0, 0;
    %pushi/vec4 0, 0, 32;
    %assign/vec4 v00000260a329bbd0_0, 0;
    %pushi/vec4 0, 0, 1;
    %assign/vec4 v00000260a329c210_0, 0;
    %jmp T_64.5;
T_64.4 ;
    %load/vec4 v00000260a329bb30_0;
    %flag_set/vec4 8;
    %jmp/0xz  T_64.6, 8;
    %pushi/vec4 1, 0, 1;
    %assign/vec4 v00000260a329c2b0_0, 0;
    %load/vec4 v00000260a329c030_0;
    %assign/vec4 v00000260a329d430_0, 0;
    %load/vec4 v00000260a329c710_0;
    %assign/vec4 v00000260a329bbd0_0, 0;
    %load/vec4 v00000260a329c670_0;
    %assign/vec4 v00000260a329c210_0, 0;
    %jmp T_64.7;
T_64.6 ;
    %load/vec4 v00000260a329d070_0;
    %flag_set/vec4 8;
    %jmp/0xz  T_64.8, 8;
    %pushi/vec4 0, 0, 1;
    %assign/vec4 v00000260a329c2b0_0, 0;
T_64.8 ;
T_64.7 ;
T_64.5 ;
T_64.1 ;
    %jmp T_64;
    .thread T_64;
    .scope S_00000260a3202f10;
T_65 ;
    %wait E_00000260a3188630;
    %load/vec4 v00000260a3297cb0_0;
    %nor/r;
    %flag_set/vec4 8;
    %jmp/0xz  T_65.0, 8;
    %pushi/vec4 0, 0, 1;
    %assign/vec4 v00000260a32a3760_0, 0;
    %jmp T_65.1;
T_65.0 ;
    %load/vec4 v00000260a329b9f0_0;
    %load/vec4 v00000260a32a5880_0;
    %or;
    %load/vec4 v00000260a329e5b0_0;
    %or;
    %flag_set/vec4 8;
    %jmp/0xz  T_65.2, 8;
    %pushi/vec4 0, 0, 1;
    %assign/vec4 v00000260a32a3760_0, 0;
    %jmp T_65.3;
T_65.2 ;
    %load/vec4 v00000260a329bb30_0;
    %flag_set/vec4 8;
    %jmp/0xz  T_65.4, 8;
    %pushi/vec4 0, 0, 1;
    %assign/vec4 v00000260a32a3760_0, 0;
    %jmp T_65.5;
T_65.4 ;
    %load/vec4 v00000260a329c490_0;
    %flag_set/vec4 8;
    %jmp/0xz  T_65.6, 8;
    %pushi/vec4 1, 0, 1;
    %assign/vec4 v00000260a32a3760_0, 0;
T_65.6 ;
T_65.5 ;
T_65.3 ;
T_65.1 ;
    %jmp T_65;
    .thread T_65;
    .scope S_00000260a3202f10;
T_66 ;
    %wait E_00000260a3188630;
    %load/vec4 v00000260a3297cb0_0;
    %nor/r;
    %flag_set/vec4 8;
    %jmp/0xz  T_66.0, 8;
    %pushi/vec4 0, 0, 32;
    %assign/vec4 v00000260a32a27c0_0, 0;
    %pushi/vec4 0, 0, 1;
    %assign/vec4 v00000260a32a2220_0, 0;
    %pushi/vec4 0, 0, 1;
    %assign/vec4 v00000260a32a3300_0, 0;
    %pushi/vec4 0, 0, 32;
    %assign/vec4 v00000260a32a3260_0, 0;
    %jmp T_66.1;
T_66.0 ;
    %load/vec4 v00000260a329b9f0_0;
    %load/vec4 v00000260a32a5880_0;
    %or;
    %flag_set/vec4 8;
    %jmp/0xz  T_66.2, 8;
    %pushi/vec4 0, 0, 32;
    %assign/vec4 v00000260a32a27c0_0, 0;
    %pushi/vec4 0, 0, 1;
    %assign/vec4 v00000260a32a2220_0, 0;
    %load/vec4 v00000260a329b9f0_0;
    %flag_set/vec4 8;
    %jmp/0xz  T_66.4, 8;
    %pushi/vec4 1, 0, 1;
    %assign/vec4 v00000260a32a3300_0, 0;
    %load/vec4 v00000260a329c3f0_0;
    %assign/vec4 v00000260a32a3260_0, 0;
    %jmp T_66.5;
T_66.4 ;
    %pushi/vec4 0, 0, 1;
    %assign/vec4 v00000260a32a3300_0, 0;
    %pushi/vec4 0, 0, 32;
    %assign/vec4 v00000260a32a3260_0, 0;
T_66.5 ;
    %jmp T_66.3;
T_66.2 ;
    %load/vec4 v00000260a329d070_0;
    %flag_set/vec4 8;
    %jmp/0xz  T_66.6, 8;
    %load/vec4 v00000260a329ca30_0;
    %assign/vec4 v00000260a32a27c0_0, 0;
    %pushi/vec4 1, 0, 1;
    %assign/vec4 v00000260a32a2220_0, 0;
    %load/vec4 v00000260a32a3300_0;
    %flag_set/vec4 9;
    %flag_get/vec4 9;
    %jmp/0 T_66.10, 9;
    %load/vec4 v00000260a329ca30_0;
    %load/vec4 v00000260a32a3260_0;
    %cmp/e;
    %flag_get/vec4 4;
    %and;
T_66.10;
    %flag_set/vec4 8;
    %jmp/0xz  T_66.8, 8;
    %pushi/vec4 0, 0, 1;
    %assign/vec4 v00000260a32a3300_0, 0;
    %pushi/vec4 0, 0, 32;
    %assign/vec4 v00000260a32a3260_0, 0;
T_66.8 ;
T_66.6 ;
T_66.3 ;
T_66.1 ;
    %jmp T_66;
    .thread T_66;
    .scope S_00000260a3202f10;
T_67 ;
    %wait E_00000260a3188630;
    %load/vec4 v00000260a3297cb0_0;
    %nor/r;
    %flag_set/vec4 8;
    %jmp/0xz  T_67.0, 8;
    %pushi/vec4 0, 0, 1;
    %assign/vec4 v00000260a329c7b0_0, 0;
    %pushi/vec4 0, 0, 32;
    %assign/vec4 v00000260a329d890_0, 0;
    %pushi/vec4 0, 0, 1;
    %assign/vec4 v00000260a3296f90_0, 0;
    %pushi/vec4 0, 0, 1;
    %assign/vec4 v00000260a3297f30_0, 0;
    %pushi/vec4 0, 0, 32;
    %assign/vec4 v00000260a3297030_0, 0;
    %pushi/vec4 0, 0, 32;
    %assign/vec4 v00000260a3297210_0, 0;
    %pushi/vec4 0, 0, 32;
    %assign/vec4 v00000260a3297fd0_0, 0;
    %pushi/vec4 0, 0, 1;
    %assign/vec4 v00000260a3298a70_0, 0;
    %pushi/vec4 0, 0, 2;
    %assign/vec4 v00000260a32a3a80_0, 0;
    %pushi/vec4 2147483648, 0, 32;
    %assign/vec4 v00000260a32a3440_0, 0;
    %pushi/vec4 0, 0, 1;
    %assign/vec4 v00000260a32a43e0_0, 0;
    %jmp T_67.1;
T_67.0 ;
    %pushi/vec4 0, 0, 1;
    %assign/vec4 v00000260a329c7b0_0, 0;
    %pushi/vec4 0, 0, 32;
    %assign/vec4 v00000260a329d890_0, 0;
    %pushi/vec4 0, 0, 1;
    %assign/vec4 v00000260a3296f90_0, 0;
    %pushi/vec4 0, 0, 1;
    %assign/vec4 v00000260a3297f30_0, 0;
    %pushi/vec4 0, 0, 32;
    %assign/vec4 v00000260a3297030_0, 0;
    %pushi/vec4 0, 0, 32;
    %assign/vec4 v00000260a3297210_0, 0;
    %pushi/vec4 0, 0, 32;
    %assign/vec4 v00000260a3297fd0_0, 0;
    %pushi/vec4 0, 0, 1;
    %assign/vec4 v00000260a3298a70_0, 0;
    %load/vec4 v00000260a329a2d0_0;
    %load/vec4 v00000260a329dc50_0;
    %or;
    %assign/vec4 v00000260a32a43e0_0, 0;
    %load/vec4 v00000260a32a59c0_0;
    %flag_set/vec4 9;
    %flag_get/vec4 9;
    %jmp/0 T_67.4, 9;
    %load/vec4 v00000260a32a43e0_0;
    %nor/r;
    %and;
T_67.4;
    %flag_set/vec4 8;
    %jmp/0xz  T_67.2, 8;
    %load/vec4 v00000260a32a48e0_0;
    %assign/vec4 v00000260a32a3440_0, 0;
T_67.2 ;
    %load/vec4 v00000260a329a2d0_0;
    %flag_set/vec4 8;
    %jmp/0xz  T_67.5, 8;
    %load/vec4 v00000260a329c0d0_0;
    %assign/vec4 v00000260a32a3440_0, 0;
    %jmp T_67.6;
T_67.5 ;
    %load/vec4 v00000260a329dc50_0;
    %flag_set/vec4 8;
    %jmp/0xz  T_67.7, 8;
    %load/vec4 v00000260a329cfd0_0;
    %assign/vec4 v00000260a32a3440_0, 0;
T_67.7 ;
T_67.6 ;
    %load/vec4 v00000260a32a4de0_0;
    %load/vec4 v00000260a329d2f0_0;
    %or;
    %load/vec4 v00000260a32a2e00_0;
    %or;
    %load/vec4 v00000260a329dc50_0;
    %or;
    %load/vec4 v00000260a32a4a20_0;
    %or;
    %load/vec4 v00000260a32a3e40_0;
    %or;
    %flag_set/vec4 8;
    %jmp/0xz  T_67.9, 8;
    %pushi/vec4 2, 0, 2;
    %assign/vec4 v00000260a32a3a80_0, 0;
    %jmp T_67.10;
T_67.9 ;
    %load/vec4 v00000260a32a3a80_0;
    %cmpi/ne 0, 0, 2;
    %jmp/0xz  T_67.11, 4;
    %load/vec4 v00000260a32a3a80_0;
    %subi 1, 0, 2;
    %assign/vec4 v00000260a32a3a80_0, 0;
T_67.11 ;
T_67.10 ;
    %load/vec4 v00000260a32a4a20_0;
    %load/vec4 v00000260a32a3e40_0;
    %or;
    %flag_set/vec4 8;
    %jmp/0xz  T_67.13, 8;
    %pushi/vec4 1, 0, 1;
    %assign/vec4 v00000260a329c7b0_0, 0;
    %load/vec4 v00000260a329cdf0_0;
    %assign/vec4 v00000260a329d890_0, 0;
    %pushi/vec4 1, 0, 1;
    %assign/vec4 v00000260a3296f90_0, 0;
    %load/vec4 v00000260a32a3e40_0;
    %assign/vec4 v00000260a3297f30_0, 0;
    %load/vec4 v00000260a32a4a20_0;
    %flag_set/vec4 8;
    %jmp/0 T_67.15, 8;
    %load/vec4 v00000260a32a6500_0;
    %jmp/1 T_67.16, 8;
T_67.15 ; End of true expr.
    %load/vec4 v00000260a32a4020_0;
    %jmp/0 T_67.16, 8;
 ; End of false expr.
    %blend;
T_67.16;
    %assign/vec4 v00000260a3297030_0, 0;
    %load/vec4 v00000260a32a4a20_0;
    %flag_set/vec4 8;
    %jmp/0 T_67.17, 8;
    %load/vec4 v00000260a32a6460_0;
    %jmp/1 T_67.18, 8;
T_67.17 ; End of true expr.
    %load/vec4 v00000260a32a2cc0_0;
    %jmp/0 T_67.18, 8;
 ; End of false expr.
    %blend;
T_67.18;
    %assign/vec4 v00000260a3297210_0, 0;
    %load/vec4 v00000260a32a4a20_0;
    %flag_set/vec4 8;
    %jmp/0 T_67.19, 8;
    %load/vec4 v00000260a32a65a0_0;
    %jmp/1 T_67.20, 8;
T_67.19 ; End of true expr.
    %pushi/vec4 0, 0, 32;
    %jmp/0 T_67.20, 8;
 ; End of false expr.
    %blend;
T_67.20;
    %assign/vec4 v00000260a3297fd0_0, 0;
    %jmp T_67.14;
T_67.13 ;
    %load/vec4 v00000260a329dc50_0;
    %flag_set/vec4 8;
    %jmp/0xz  T_67.21, 8;
    %pushi/vec4 1, 0, 1;
    %assign/vec4 v00000260a329c7b0_0, 0;
    %load/vec4 v00000260a329cfd0_0;
    %assign/vec4 v00000260a329d890_0, 0;
    %pushi/vec4 1, 0, 1;
    %assign/vec4 v00000260a3298a70_0, 0;
T_67.21 ;
T_67.14 ;
T_67.1 ;
    %jmp T_67;
    .thread T_67;
    .scope S_00000260a3202f10;
T_68 ;
    %wait E_00000260a3188630;
    %load/vec4 v00000260a3297cb0_0;
    %nor/r;
    %flag_set/vec4 8;
    %jmp/0xz  T_68.0, 8;
    %pushi/vec4 2147483648, 0, 32;
    %assign/vec4 v00000260a32a4840_0, 0;
    %pushi/vec4 0, 0, 1;
    %assign/vec4 v00000260a3297850_0, 0;
    %pushi/vec4 0, 0, 1;
    %assign/vec4 v00000260a32a8620_0, 0;
    %pushi/vec4 0, 0, 1;
    %assign/vec4 v00000260a32a8300_0, 0;
    %pushi/vec4 0, 0, 1;
    %assign/vec4 v00000260a32a7720_0, 0;
    %pushi/vec4 0, 0, 1;
    %assign/vec4 v00000260a3299790_0, 0;
    %pushi/vec4 0, 0, 1;
    %assign/vec4 v00000260a329b1d0_0, 0;
    %pushi/vec4 0, 0, 1;
    %assign/vec4 v00000260a329a7d0_0, 0;
    %pushi/vec4 0, 0, 1;
    %assign/vec4 v00000260a32a6f00_0, 0;
    %pushi/vec4 0, 0, 1;
    %assign/vec4 v00000260a32abd20_0, 0;
    %jmp T_68.1;
T_68.0 ;
    %load/vec4 v00000260a32a2fe0_0;
    %load/vec4 v00000260a32a4840_0;
    %cmp/ne;
    %jmp/0xz  T_68.2, 4;
    %pushi/vec4 1, 0, 1;
    %assign/vec4 v00000260a3297850_0, 0;
T_68.2 ;
    %load/vec4 v00000260a32a2fe0_0;
    %assign/vec4 v00000260a32a4840_0, 0;
    %load/vec4 v00000260a329a410_0;
    %flag_set/vec4 8;
    %jmp/0xz  T_68.4, 8;
    %pushi/vec4 1, 0, 1;
    %assign/vec4 v00000260a3299790_0, 0;
T_68.4 ;
    %load/vec4 v00000260a329a410_0;
    %flag_set/vec4 10;
    %flag_get/vec4 10;
    %jmp/0 T_68.9, 10;
    %load/vec4 v00000260a329b590_0;
    %and;
T_68.9;
    %flag_set/vec4 9;
    %flag_get/vec4 9;
    %jmp/0 T_68.8, 9;
    %load/vec4 v00000260a32a6b40_0;
    %inv;
    %and;
T_68.8;
    %flag_set/vec4 8;
    %jmp/0xz  T_68.6, 8;
    %pushi/vec4 1, 0, 1;
    %assign/vec4 v00000260a329b1d0_0, 0;
T_68.6 ;
    %load/vec4 v00000260a3299510_0;
    %flag_set/vec4 9;
    %flag_get/vec4 9;
    %jmp/0 T_68.12, 9;
    %load/vec4 v00000260a32a6b40_0;
    %inv;
    %and;
T_68.12;
    %flag_set/vec4 8;
    %jmp/0xz  T_68.10, 8;
    %pushi/vec4 1, 0, 1;
    %assign/vec4 v00000260a329a7d0_0, 0;
T_68.10 ;
    %load/vec4 v00000260a32a6d20_0;
    %flag_set/vec4 8;
    %jmp/0xz  T_68.13, 8;
    %pushi/vec4 1, 0, 1;
    %assign/vec4 v00000260a32a6f00_0, 0;
T_68.13 ;
    %load/vec4 v00000260a32a6320_0;
    %flag_set/vec4 8;
    %jmp/0xz  T_68.15, 8;
    %pushi/vec4 1, 0, 1;
    %assign/vec4 v00000260a32abd20_0, 0;
T_68.15 ;
    %load/vec4 v00000260a32a5b00_0;
    %flag_set/vec4 8;
    %jmp/0xz  T_68.17, 8;
    %pushi/vec4 1, 0, 1;
    %assign/vec4 v00000260a32a8620_0, 0;
T_68.17 ;
    %load/vec4 v00000260a32a7e00_0;
    %flag_set/vec4 8;
    %jmp/0xz  T_68.19, 8;
    %pushi/vec4 1, 0, 1;
    %assign/vec4 v00000260a32a8300_0, 0;
T_68.19 ;
    %load/vec4 v00000260a32a9520_0;
    %flag_set/vec4 8;
    %jmp/0xz  T_68.21, 8;
    %pushi/vec4 1, 0, 1;
    %assign/vec4 v00000260a32a7720_0, 0;
T_68.21 ;
T_68.1 ;
    %jmp T_68;
    .thread T_68;
    .scope S_00000260a3202f10;
T_69 ;
    %wait E_00000260a3188630;
    %load/vec4 v00000260a3297cb0_0;
    %nor/r;
    %flag_set/vec4 8;
    %jmp/0xz  T_69.0, 8;
    %pushi/vec4 0, 0, 8;
    %assign/vec4 v00000260a32a8bc0_0, 0;
    %pushi/vec4 0, 0, 1;
    %assign/vec4 v00000260a32a8b20_0, 0;
    %pushi/vec4 1, 0, 1;
    %assign/vec4 v00000260a32a72c0_0, 0;
    %pushi/vec4 1, 0, 1;
    %assign/vec4 v00000260a32a7180_0, 0;
    %pushi/vec4 0, 0, 8;
    %assign/vec4 v00000260a32a70e0_0, 0;
    %pushi/vec4 0, 0, 1;
    %assign/vec4 v00000260a32a83a0_0, 0;
    %pushi/vec4 0, 0, 1;
    %assign/vec4 v00000260a32a89e0_0, 0;
    %jmp T_69.1;
T_69.0 ;
    %load/vec4 v00000260a32a7e00_0;
    %assign/vec4 v00000260a32a8b20_0, 0;
    %load/vec4 v00000260a32a9200_0;
    %assign/vec4 v00000260a32a72c0_0, 0;
    %load/vec4 v00000260a32a72c0_0;
    %assign/vec4 v00000260a32a7180_0, 0;
    %load/vec4 v00000260a32a7e00_0;
    %flag_set/vec4 8;
    %jmp/0xz  T_69.2, 8;
    %load/vec4 v00000260a32a97a0_0;
    %assign/vec4 v00000260a32a8bc0_0, 0;
T_69.2 ;
    %load/vec4 v00000260a32a7c20_0;
    %flag_set/vec4 8;
    %jmp/0xz  T_69.4, 8;
    %load/vec4 v00000260a32a83a0_0;
    %nor/r;
    %flag_set/vec4 8;
    %jmp/1 T_69.8, 8;
    %load/vec4 v00000260a32a7680_0;
    %flag_set/vec4 9;
    %flag_or 8, 9;
T_69.8;
    %jmp/0xz  T_69.6, 8;
    %load/vec4 v00000260a32a8080_0;
    %assign/vec4 v00000260a32a70e0_0, 0;
    %pushi/vec4 1, 0, 1;
    %assign/vec4 v00000260a32a83a0_0, 0;
    %jmp T_69.7;
T_69.6 ;
    %pushi/vec4 1, 0, 1;
    %assign/vec4 v00000260a32a89e0_0, 0;
T_69.7 ;
    %jmp T_69.5;
T_69.4 ;
    %load/vec4 v00000260a32a7680_0;
    %flag_set/vec4 8;
    %jmp/0xz  T_69.9, 8;
    %pushi/vec4 0, 0, 1;
    %assign/vec4 v00000260a32a83a0_0, 0;
T_69.9 ;
T_69.5 ;
    %load/vec4 v00000260a32a7220_0;
    %flag_set/vec4 8;
    %jmp/0xz  T_69.11, 8;
    %pushi/vec4 0, 0, 1;
    %assign/vec4 v00000260a32a89e0_0, 0;
T_69.11 ;
T_69.1 ;
    %jmp T_69;
    .thread T_69;
    .scope S_00000260a3202f10;
T_70 ;
    %pushi/vec4 0, 0, 1;
    %store/vec4 v00000260a32a3080_0, 0, 1;
    %pushi/vec4 0, 0, 32;
    %store/vec4 v00000260a32a2a40_0, 0, 32;
    %vpi_func 4 2016 "$test$plusargs" 32, "IFDBG" {0 0 0};
    %cmpi/ne 0, 0, 32;
    %jmp/0xz  T_70.0, 4;
    %pushi/vec4 1, 0, 1;
    %store/vec4 v00000260a32a3080_0, 0, 1;
T_70.0 ;
    %end;
    .thread T_70;
    .scope S_00000260a3202f10;
T_71 ;
    %wait E_00000260a31889f0;
    %load/vec4 v00000260a3297cb0_0;
    %flag_set/vec4 10;
    %flag_get/vec4 10;
    %jmp/0 T_71.3, 10;
    %load/vec4 v00000260a32a3080_0;
    %and;
T_71.3;
    %flag_set/vec4 9;
    %flag_get/vec4 9;
    %jmp/0 T_71.2, 9;
    %load/vec4 v00000260a32a2a40_0;
    %cmpi/s 300, 0, 32;
    %flag_get/vec4 5;
    %and;
T_71.2;
    %flag_set/vec4 8;
    %jmp/0xz  T_71.0, 8;
    %load/vec4 v00000260a329d610_0;
    %flag_set/vec4 9;
    %flag_get/vec4 9;
    %jmp/0 T_71.6, 9;
    %load/vec4 v00000260a329cf30_0;
    %and;
T_71.6;
    %flag_set/vec4 8;
    %jmp/0xz  T_71.4, 8;
    %vpi_call/w 4 2023 "$display", "[IFDBG %0t] REQ  pc=0x%08x pend=%0d stall_if=%0d kill=%0d", $time, v00000260a329ba90_0, v00000260a32a3760_0, v00000260a32a5060_0, v00000260a329c5d0_0 {0 0 0};
    %load/vec4 v00000260a32a2a40_0;
    %addi 1, 0, 32;
    %assign/vec4 v00000260a32a2a40_0, 0;
T_71.4 ;
    %load/vec4 v00000260a329d070_0;
    %flag_set/vec4 8;
    %jmp/0xz  T_71.7, 8;
    %vpi_call/w 4 2028 "$display", "[IFDBG %0t] RESP pc=0x%08x inst=0x%08x pend=%0d stall_if=%0d", $time, v00000260a329ca30_0, v00000260a329bef0_0, v00000260a32a3760_0, v00000260a32a5060_0 {0 0 0};
    %load/vec4 v00000260a32a2a40_0;
    %addi 1, 0, 32;
    %assign/vec4 v00000260a32a2a40_0, 0;
T_71.7 ;
T_71.0 ;
    %jmp T_71;
    .thread T_71;
    .scope S_00000260a32017a0;
T_72 ;
    %delay 5000, 0;
    %load/vec4 v00000260a32ab960_0;
    %inv;
    %store/vec4 v00000260a32ab960_0, 0, 1;
    %jmp T_72;
    .thread T_72;
    .scope S_00000260a32017a0;
T_73 ;
    %pushi/vec4 0, 0, 32;
    %store/vec4 v00000260a32ba850_0, 0, 32;
    %pushi/vec4 0, 0, 32;
    %store/vec4 v00000260a32b9c70_0, 0, 32;
    %pushi/vec4 0, 0, 32;
    %store/vec4 v00000260a32ba2b0_0, 0, 32;
    %pushi/vec4 0, 0, 32;
    %store/vec4 v00000260a32bb610_0, 0, 32;
    %pushi/vec4 0, 0, 152;
    %store/vec4 v00000260a32bb4d0_0, 0, 152;
    %delay 1000, 0;
    %vpi_func 3 600 "$value$plusargs" 32, "RTOS_UART_MON=%d", v00000260a32ba850_0 {0 0 0};
    %cmpi/ne 0, 0, 32;
    %jmp/0xz  T_73.0, 4;
T_73.0 ;
    %vpi_func 3 603 "$value$plusargs" 32, "RTOS_UART_FINISH_ON_PASS=%d", v00000260a32b9c70_0 {0 0 0};
    %cmpi/ne 0, 0, 32;
    %jmp/0xz  T_73.2, 4;
T_73.2 ;
    %vpi_func 3 606 "$value$plusargs" 32, "RTOS_TRAP_TRACE=%d", v00000260a32ba2b0_0 {0 0 0};
    %cmpi/ne 0, 0, 32;
    %jmp/0xz  T_73.4, 4;
T_73.4 ;
T_73.6 ;
    %wait E_00000260a3188cb0;
    %load/vec4 v00000260a32ba850_0;
    %cmpi/ne 0, 0, 32;
    %flag_get/vec4 4;
    %jmp/0 T_73.9, 4;
    %load/vec4 v00000260a32bb1b0_0;
    %and;
T_73.9;
    %flag_set/vec4 8;
    %jmp/0xz  T_73.7, 8;
    %pushi/vec4 150, 0, 32;
    %store/vec4 v00000260a32a9c00_0, 0, 32;
    %fork TD_icache_pipeline_tb.uart_wait_clocks, S_00000260a32b2a20;
    %join;
    %pushi/vec4 0, 0, 32;
    %store/vec4 v00000260a32b9db0_0, 0, 32;
T_73.10 ;
    %load/vec4 v00000260a32b9db0_0;
    %cmpi/s 8, 0, 32;
    %jmp/0xz T_73.11, 5;
    %load/vec4 v00000260a32ba530_0;
    %ix/getv/s 4, v00000260a32b9db0_0;
    %store/vec4 v00000260a32ba3f0_0, 4, 1;
    %pushi/vec4 100, 0, 32;
    %store/vec4 v00000260a32a9c00_0, 0, 32;
    %fork TD_icache_pipeline_tb.uart_wait_clocks, S_00000260a32b2a20;
    %join;
    %load/vec4 v00000260a32b9db0_0;
    %addi 1, 0, 32;
    %store/vec4 v00000260a32b9db0_0, 0, 32;
    %jmp T_73.10;
T_73.11 ;
    %vpi_call/w 3 618 "$write", "%c", v00000260a32ba3f0_0 {0 0 0};
    %vpi_call/w 3 619 "$fflush" {0 0 0};
    %load/vec4 v00000260a32ba3f0_0;
    %cmpi/e 10, 0, 8;
    %jmp/0xz  T_73.12, 4;
    %load/vec4 v00000260a32bb610_0;
    %cmpi/ne 0, 0, 32;
    %jmp/0xz  T_73.14, 4;
    %vpi_call/w 3 622 "$display", "PASS: RTOS UART observed pass marker" {0 0 0};
    %load/vec4 v00000260a32b9c70_0;
    %cmpi/ne 0, 0, 32;
    %jmp/0xz  T_73.16, 4;
    %fork TD_icache_pipeline_tb.tb_finish, S_00000260a32b2890;
    %join;
T_73.16 ;
T_73.14 ;
    %jmp T_73.13;
T_73.12 ;
    %load/vec4 v00000260a32ba3f0_0;
    %cmpi/ne 13, 0, 8;
    %jmp/0xz  T_73.18, 4;
    %load/vec4 v00000260a32bb4d0_0;
    %parti/s 144, 0, 2;
    %load/vec4 v00000260a32ba3f0_0;
    %concat/vec4; draw_concat_vec4
    %store/vec4 v00000260a32bb4d0_0, 0, 152;
    %load/vec4 v00000260a32bb4d0_0;
    %parti/s 120, 0, 2;
    %pushi/vec4 1381257043, 0, 32; draw_string_vec4
    %pushi/vec4 1599294799, 0, 32; draw_string_vec4
    %concat/vec4; draw_string_vec4
    %pushi/vec4 1262837584, 0, 32; draw_string_vec4
    %concat/vec4; draw_string_vec4
    %pushi/vec4 4281171, 0, 24; draw_string_vec4
    %concat/vec4; draw_string_vec4
    %cmp/e;
    %jmp/1 T_73.23, 4;
    %flag_mov 8, 4;
    %load/vec4 v00000260a32bb4d0_0;
    %pushi/vec4 1381257043, 0, 32; draw_string_vec4
    %pushi/vec4 1599099461, 0, 32; draw_string_vec4
    %concat/vec4; draw_string_vec4
    %pushi/vec4 1179404615, 0, 32; draw_string_vec4
    %concat/vec4; draw_string_vec4
    %pushi/vec4 1213488976, 0, 32; draw_string_vec4
    %concat/vec4; draw_string_vec4
    %pushi/vec4 4281171, 0, 24; draw_string_vec4
    %concat/vec4; draw_string_vec4
    %cmp/e;
    %flag_or 4, 8;
T_73.23;
    %jmp/1 T_73.22, 4;
    %flag_mov 8, 4;
    %load/vec4 v00000260a32bb4d0_0;
    %parti/s 72, 0, 2;
    %pushi/vec4 1095782495, 0, 32; draw_string_vec4
    %pushi/vec4 1380270404, 0, 32; draw_string_vec4
    %concat/vec4; draw_string_vec4
    %pushi/vec4 89, 0, 8; draw_string_vec4
    %concat/vec4; draw_string_vec4
    %cmp/e;
    %flag_or 4, 8;
T_73.22;
    %jmp/0xz  T_73.20, 4;
    %pushi/vec4 1, 0, 32;
    %store/vec4 v00000260a32bb610_0, 0, 32;
T_73.20 ;
T_73.18 ;
T_73.13 ;
T_73.7 ;
    %jmp T_73.6;
    %end;
    .thread T_73;
    .scope S_00000260a32017a0;
T_74 ;
    %wait E_00000260a3188870;
    %load/vec4 v00000260a32bb1b0_0;
    %nor/r;
    %flag_set/vec4 8;
    %jmp/0xz  T_74.0, 8;
    %pushi/vec4 0, 0, 1;
    %assign/vec4 v00000260a32b1a40_0, 0;
    %pushi/vec4 0, 0, 1;
    %assign/vec4 v00000260a32b1c20_0, 0;
    %pushi/vec4 0, 0, 32;
    %assign/vec4 v00000260a32b1360_0, 0;
    %pushi/vec4 0, 0, 4;
    %assign/vec4 v00000260a32b1ae0_0, 0;
    %pushi/vec4 0, 0, 32;
    %assign/vec4 v00000260a32afc40_0, 0;
    %pushi/vec4 0, 0, 1;
    %assign/vec4 v00000260a32af880_0, 0;
    %pushi/vec4 0, 0, 1;
    %assign/vec4 v00000260a32af6a0_0, 0;
    %pushi/vec4 0, 0, 64;
    %assign/vec4 v00000260a32b0500_0, 0;
    %pushi/vec4 0, 0, 1;
    %assign/vec4 v00000260a32af920_0, 0;
    %pushi/vec4 0, 0, 1;
    %assign/vec4 v00000260a32af600_0, 0;
    %pushi/vec4 0, 0, 32;
    %assign/vec4 v00000260a32b0f00_0, 0;
    %jmp T_74.1;
T_74.0 ;
    %load/vec4 v00000260a32b10e0_0;
    %flag_set/vec4 10;
    %flag_get/vec4 10;
    %jmp/0 T_74.5, 10;
    %load/vec4 v00000260a32b1220_0;
    %and;
T_74.5;
    %flag_set/vec4 9;
    %flag_get/vec4 9;
    %jmp/0 T_74.4, 9;
    %load/vec4 v00000260a32b1400_0;
    %pushi/vec4 0, 0, 2;
    %cmp/e;
    %flag_get/vec4 4;
    %and;
T_74.4;
    %flag_set/vec4 8;
    %jmp/0xz  T_74.2, 8;
    %load/vec4 v00000260a32b0f00_0;
    %addi 1, 0, 32;
    %assign/vec4 v00000260a32b0f00_0, 0;
T_74.2 ;
    %load/vec4 v00000260a32b0e60_0;
    %flag_set/vec4 9;
    %flag_get/vec4 9;
    %jmp/0 T_74.8, 9;
    %load/vec4 v00000260a32b0280_0;
    %and;
T_74.8;
    %flag_set/vec4 8;
    %jmp/0xz  T_74.6, 8;
    %pushi/vec4 1, 0, 1;
    %assign/vec4 v00000260a32b1a40_0, 0;
    %load/vec4 v00000260a32af100_0;
    %pushi/vec4 1, 0, 2;
    %cmp/e;
    %flag_get/vec4 4;
    %assign/vec4 v00000260a32b1c20_0, 0;
    %load/vec4 v00000260a32b01e0_0;
    %assign/vec4 v00000260a32b1360_0, 0;
    %pushi/vec4 0, 0, 4;
    %assign/vec4 v00000260a32b1ae0_0, 0;
    %load/vec4 v00000260a32bb570_0;
    %cmpi/ne 0, 0, 32;
    %jmp/0xz  T_74.9, 4;
    %load/vec4 v00000260a32bb890_0;
    %store/vec4 v00000260a32aa9c0_0, 0, 32;
    %callf/vec4 TD_icache_pipeline_tb.rand_mod_tb, S_00000260a32b20c0;
    %assign/vec4 v00000260a32afc40_0, 0;
    %jmp T_74.10;
T_74.9 ;
    %load/vec4 v00000260a32b0be0_0;
    %assign/vec4 v00000260a32afc40_0, 0;
T_74.10 ;
    %load/vec4 v00000260a32b00a0_0;
    %assign/vec4 v00000260a32af880_0, 0;
T_74.6 ;
    %load/vec4 v00000260a32af6a0_0;
    %flag_set/vec4 9;
    %flag_get/vec4 9;
    %jmp/0 T_74.13, 9;
    %load/vec4 v00000260a32afa60_0;
    %and;
T_74.13;
    %flag_set/vec4 8;
    %jmp/0xz  T_74.11, 8;
    %pushi/vec4 0, 0, 1;
    %assign/vec4 v00000260a32af6a0_0, 0;
T_74.11 ;
    %load/vec4 v00000260a32b1a40_0;
    %flag_set/vec4 8;
    %jmp/0xz  T_74.14, 8;
    %load/vec4 v00000260a32afc40_0;
    %cmpi/ne 0, 0, 32;
    %jmp/0xz  T_74.16, 4;
    %load/vec4 v00000260a32afc40_0;
    %subi 1, 0, 32;
    %assign/vec4 v00000260a32afc40_0, 0;
    %jmp T_74.17;
T_74.16 ;
    %load/vec4 v00000260a32af6a0_0;
    %nor/r;
    %flag_set/vec4 8;
    %jmp/1 T_74.20, 8;
    %load/vec4 v00000260a32af6a0_0;
    %flag_set/vec4 10;
    %flag_get/vec4 10;
    %jmp/0 T_74.21, 10;
    %load/vec4 v00000260a32afa60_0;
    %and;
T_74.21;
    %flag_set/vec4 9;
    %flag_or 8, 9;
T_74.20;
    %jmp/0xz  T_74.18, 8;
    %pushi/vec4 1, 0, 1;
    %assign/vec4 v00000260a32af6a0_0, 0;
    %load/vec4 v00000260a32af880_0;
    %assign/vec4 v00000260a32af600_0, 0;
    %load/vec4 v00000260a32b1c20_0;
    %flag_set/vec4 8;
    %jmp/0xz  T_74.22, 8;
    %pushi/vec4 0, 0, 32;
    %load/vec4 v00000260a32b1360_0;
    %store/vec4 v00000260a32aa560_0, 0, 32;
    %callf/vec4 TD_icache_pipeline_tb.mem_word, S_00000260a327eaf0;
    %concat/vec4; draw_concat_vec4
    %assign/vec4 v00000260a32b0500_0, 0;
    %pushi/vec4 1, 0, 1;
    %assign/vec4 v00000260a32af920_0, 0;
    %load/vec4 v00000260a32afa60_0;
    %flag_set/vec4 8;
    %jmp/0xz  T_74.24, 8;
    %pushi/vec4 0, 0, 1;
    %assign/vec4 v00000260a32b1a40_0, 0;
T_74.24 ;
    %jmp T_74.23;
T_74.22 ;
    %load/vec4 v00000260a32b1360_0;
    %load/vec4 v00000260a32b1ae0_0;
    %store/vec4 v00000260a32abaa0_0, 0, 4;
    %store/vec4 v00000260a32aa100_0, 0, 32;
    %callf/vec4 TD_icache_pipeline_tb.make_beat, S_00000260a327ee10;
    %assign/vec4 v00000260a32b0500_0, 0;
    %load/vec4 v00000260a32b1ae0_0;
    %pushi/vec4 7, 0, 4;
    %cmp/e;
    %flag_get/vec4 4;
    %assign/vec4 v00000260a32af920_0, 0;
    %load/vec4 v00000260a32afa60_0;
    %flag_set/vec4 8;
    %jmp/0xz  T_74.26, 8;
    %load/vec4 v00000260a32b1ae0_0;
    %cmpi/e 7, 0, 4;
    %jmp/0xz  T_74.28, 4;
    %pushi/vec4 0, 0, 1;
    %assign/vec4 v00000260a32b1a40_0, 0;
    %jmp T_74.29;
T_74.28 ;
    %load/vec4 v00000260a32b1ae0_0;
    %addi 1, 0, 4;
    %assign/vec4 v00000260a32b1ae0_0, 0;
T_74.29 ;
T_74.26 ;
T_74.23 ;
    %load/vec4 v00000260a32af880_0;
    %flag_set/vec4 9;
    %flag_get/vec4 9;
    %jmp/0 T_74.32, 9;
    %load/vec4 v00000260a32afa60_0;
    %and;
T_74.32;
    %flag_set/vec4 8;
    %jmp/0xz  T_74.30, 8;
    %pushi/vec4 0, 0, 1;
    %assign/vec4 v00000260a32af880_0, 0;
T_74.30 ;
T_74.18 ;
T_74.17 ;
T_74.14 ;
T_74.1 ;
    %jmp T_74;
    .thread T_74;
    .scope S_00000260a32017a0;
T_75 ;
    %wait E_00000260a3188870;
    %load/vec4 v00000260a32bb1b0_0;
    %nor/r;
    %flag_set/vec4 8;
    %jmp/0xz  T_75.0, 8;
    %pushi/vec4 0, 0, 1;
    %assign/vec4 v00000260a32ad620_0, 0;
    %pushi/vec4 0, 0, 2;
    %assign/vec4 v00000260a32ae700_0, 0;
    %pushi/vec4 0, 0, 32;
    %assign/vec4 v00000260a32adee0_0, 0;
    %pushi/vec4 0, 0, 3;
    %assign/vec4 v00000260a32adf80_0, 0;
    %pushi/vec4 0, 0, 3;
    %assign/vec4 v00000260a32ae020_0, 0;
    %pushi/vec4 0, 0, 32;
    %assign/vec4 v00000260a32ac860_0, 0;
    %pushi/vec4 0, 0, 1;
    %assign/vec4 v00000260a32ae660_0, 0;
    %pushi/vec4 0, 0, 1;
    %assign/vec4 v00000260a32ac900_0, 0;
    %pushi/vec4 0, 0, 64;
    %assign/vec4 v00000260a32ac540_0, 0;
    %pushi/vec4 0, 0, 1;
    %assign/vec4 v00000260a32ad9e0_0, 0;
    %pushi/vec4 0, 0, 1;
    %assign/vec4 v00000260a32ae200_0, 0;
    %jmp T_75.1;
T_75.0 ;
    %load/vec4 v00000260a32ac900_0;
    %flag_set/vec4 9;
    %flag_get/vec4 9;
    %jmp/0 T_75.4, 9;
    %load/vec4 v00000260a32ac5e0_0;
    %and;
T_75.4;
    %flag_set/vec4 8;
    %jmp/0xz  T_75.2, 8;
    %pushi/vec4 0, 0, 1;
    %assign/vec4 v00000260a32ac900_0, 0;
T_75.2 ;
    %load/vec4 v00000260a32ad080_0;
    %flag_set/vec4 9;
    %flag_get/vec4 9;
    %jmp/0 T_75.7, 9;
    %load/vec4 v00000260a32ad300_0;
    %and;
T_75.7;
    %flag_set/vec4 8;
    %jmp/0xz  T_75.5, 8;
    %load/vec4 v00000260a32ace00_0;
    %dup/vec4;
    %pushi/vec4 0, 0, 2;
    %cmp/u;
    %jmp/1 T_75.8, 6;
    %dup/vec4;
    %pushi/vec4 1, 0, 2;
    %cmp/u;
    %jmp/1 T_75.9, 6;
    %dup/vec4;
    %pushi/vec4 2, 0, 2;
    %cmp/u;
    %jmp/1 T_75.10, 6;
    %dup/vec4;
    %pushi/vec4 3, 0, 2;
    %cmp/u;
    %jmp/1 T_75.11, 6;
    %jmp T_75.13;
T_75.8 ;
    %pushi/vec4 1, 0, 1;
    %assign/vec4 v00000260a32ad620_0, 0;
    %pushi/vec4 0, 0, 2;
    %assign/vec4 v00000260a32ae700_0, 0;
    %load/vec4 v00000260a32ac7c0_0;
    %assign/vec4 v00000260a32adee0_0, 0;
    %pushi/vec4 0, 0, 3;
    %assign/vec4 v00000260a32adf80_0, 0;
    %load/vec4 v00000260a32bb570_0;
    %cmpi/ne 0, 0, 32;
    %jmp/0xz  T_75.14, 4;
    %load/vec4 v00000260a32bab70_0;
    %store/vec4 v00000260a32aa9c0_0, 0, 32;
    %callf/vec4 TD_icache_pipeline_tb.rand_mod_tb, S_00000260a32b20c0;
    %assign/vec4 v00000260a32ac860_0, 0;
    %jmp T_75.15;
T_75.14 ;
    %load/vec4 v00000260a32ad760_0;
    %assign/vec4 v00000260a32ac860_0, 0;
T_75.15 ;
    %load/vec4 v00000260a32ad800_0;
    %assign/vec4 v00000260a32ae660_0, 0;
    %jmp T_75.13;
T_75.9 ;
    %pushi/vec4 1, 0, 1;
    %assign/vec4 v00000260a32ad620_0, 0;
    %pushi/vec4 1, 0, 2;
    %assign/vec4 v00000260a32ae700_0, 0;
    %load/vec4 v00000260a32ac7c0_0;
    %assign/vec4 v00000260a32adee0_0, 0;
    %pushi/vec4 0, 0, 3;
    %assign/vec4 v00000260a32adf80_0, 0;
    %load/vec4 v00000260a32bb570_0;
    %cmpi/ne 0, 0, 32;
    %jmp/0xz  T_75.16, 4;
    %load/vec4 v00000260a32bab70_0;
    %store/vec4 v00000260a32aa9c0_0, 0, 32;
    %callf/vec4 TD_icache_pipeline_tb.rand_mod_tb, S_00000260a32b20c0;
    %assign/vec4 v00000260a32ac860_0, 0;
    %jmp T_75.17;
T_75.16 ;
    %load/vec4 v00000260a32ad760_0;
    %assign/vec4 v00000260a32ac860_0, 0;
T_75.17 ;
    %load/vec4 v00000260a32ad800_0;
    %assign/vec4 v00000260a32ae660_0, 0;
    %jmp T_75.13;
T_75.10 ;
    %load/vec4 v00000260a32ac7c0_0;
    %parti/s 29, 3, 3;
    %concati/vec4 0, 0, 3;
    %store/vec4 v00000260a32aa240_0, 0, 32;
    %load/vec4 v00000260a32ad940_0;
    %store/vec4 v00000260a32aae20_0, 0, 64;
    %load/vec4 v00000260a32ad1c0_0;
    %store/vec4 v00000260a32aa380_0, 0, 8;
    %fork TD_icache_pipeline_tb.mem_write64, S_00000260a327ec80;
    %join;
    %pushi/vec4 1, 0, 1;
    %assign/vec4 v00000260a32ad620_0, 0;
    %pushi/vec4 2, 0, 2;
    %assign/vec4 v00000260a32ae700_0, 0;
    %load/vec4 v00000260a32ac7c0_0;
    %assign/vec4 v00000260a32adee0_0, 0;
    %pushi/vec4 0, 0, 3;
    %assign/vec4 v00000260a32adf80_0, 0;
    %load/vec4 v00000260a32bb570_0;
    %cmpi/ne 0, 0, 32;
    %jmp/0xz  T_75.18, 4;
    %load/vec4 v00000260a32bab70_0;
    %store/vec4 v00000260a32aa9c0_0, 0, 32;
    %callf/vec4 TD_icache_pipeline_tb.rand_mod_tb, S_00000260a32b20c0;
    %assign/vec4 v00000260a32ac860_0, 0;
    %jmp T_75.19;
T_75.18 ;
    %load/vec4 v00000260a32ad760_0;
    %assign/vec4 v00000260a32ac860_0, 0;
T_75.19 ;
    %load/vec4 v00000260a32ad800_0;
    %assign/vec4 v00000260a32ae660_0, 0;
    %jmp T_75.13;
T_75.11 ;
    %load/vec4 v00000260a32ac7c0_0;
    %load/vec4 v00000260a32ae020_0;
    %concati/vec4 0, 0, 3;
    %pad/u 32;
    %add;
    %store/vec4 v00000260a32aa240_0, 0, 32;
    %load/vec4 v00000260a32ad940_0;
    %store/vec4 v00000260a32aae20_0, 0, 64;
    %load/vec4 v00000260a32ad1c0_0;
    %store/vec4 v00000260a32aa380_0, 0, 8;
    %fork TD_icache_pipeline_tb.mem_write64, S_00000260a327ec80;
    %join;
    %load/vec4 v00000260a32ae020_0;
    %cmpi/e 7, 0, 3;
    %jmp/0xz  T_75.20, 4;
    %pushi/vec4 0, 0, 3;
    %assign/vec4 v00000260a32ae020_0, 0;
    %pushi/vec4 1, 0, 1;
    %assign/vec4 v00000260a32ad620_0, 0;
    %pushi/vec4 3, 0, 2;
    %assign/vec4 v00000260a32ae700_0, 0;
    %load/vec4 v00000260a32ac7c0_0;
    %assign/vec4 v00000260a32adee0_0, 0;
    %pushi/vec4 0, 0, 3;
    %assign/vec4 v00000260a32adf80_0, 0;
    %load/vec4 v00000260a32bb570_0;
    %cmpi/ne 0, 0, 32;
    %jmp/0xz  T_75.22, 4;
    %load/vec4 v00000260a32bab70_0;
    %store/vec4 v00000260a32aa9c0_0, 0, 32;
    %callf/vec4 TD_icache_pipeline_tb.rand_mod_tb, S_00000260a32b20c0;
    %assign/vec4 v00000260a32ac860_0, 0;
    %jmp T_75.23;
T_75.22 ;
    %load/vec4 v00000260a32ad760_0;
    %assign/vec4 v00000260a32ac860_0, 0;
T_75.23 ;
    %load/vec4 v00000260a32ad800_0;
    %assign/vec4 v00000260a32ae660_0, 0;
    %jmp T_75.21;
T_75.20 ;
    %load/vec4 v00000260a32ae020_0;
    %addi 1, 0, 3;
    %assign/vec4 v00000260a32ae020_0, 0;
T_75.21 ;
    %jmp T_75.13;
T_75.13 ;
    %pop/vec4 1;
T_75.5 ;
    %load/vec4 v00000260a32ad620_0;
    %flag_set/vec4 8;
    %jmp/0xz  T_75.24, 8;
    %load/vec4 v00000260a32ac860_0;
    %cmpi/ne 0, 0, 32;
    %jmp/0xz  T_75.26, 4;
    %load/vec4 v00000260a32ac860_0;
    %subi 1, 0, 32;
    %assign/vec4 v00000260a32ac860_0, 0;
    %jmp T_75.27;
T_75.26 ;
    %load/vec4 v00000260a32ac900_0;
    %nor/r;
    %flag_set/vec4 8;
    %jmp/1 T_75.30, 8;
    %load/vec4 v00000260a32ac900_0;
    %flag_set/vec4 10;
    %flag_get/vec4 10;
    %jmp/0 T_75.31, 10;
    %load/vec4 v00000260a32ac5e0_0;
    %and;
T_75.31;
    %flag_set/vec4 9;
    %flag_or 8, 9;
T_75.30;
    %jmp/0xz  T_75.28, 8;
    %pushi/vec4 1, 0, 1;
    %assign/vec4 v00000260a32ac900_0, 0;
    %load/vec4 v00000260a32ae660_0;
    %assign/vec4 v00000260a32ae200_0, 0;
    %load/vec4 v00000260a32ae700_0;
    %dup/vec4;
    %pushi/vec4 0, 0, 2;
    %cmp/u;
    %jmp/1 T_75.32, 6;
    %dup/vec4;
    %pushi/vec4 1, 0, 2;
    %cmp/u;
    %jmp/1 T_75.33, 6;
    %pushi/vec4 0, 0, 64;
    %assign/vec4 v00000260a32ac540_0, 0;
    %pushi/vec4 1, 0, 1;
    %assign/vec4 v00000260a32ad9e0_0, 0;
    %load/vec4 v00000260a32ac5e0_0;
    %flag_set/vec4 8;
    %jmp/0xz  T_75.36, 8;
    %pushi/vec4 0, 0, 1;
    %assign/vec4 v00000260a32ad620_0, 0;
T_75.36 ;
    %jmp T_75.35;
T_75.32 ;
    %load/vec4 v00000260a32adee0_0;
    %load/vec4 v00000260a32adf80_0;
    %pad/u 4;
    %store/vec4 v00000260a32abaa0_0, 0, 4;
    %store/vec4 v00000260a32aa100_0, 0, 32;
    %callf/vec4 TD_icache_pipeline_tb.make_beat, S_00000260a327ee10;
    %assign/vec4 v00000260a32ac540_0, 0;
    %load/vec4 v00000260a32adf80_0;
    %pushi/vec4 7, 0, 3;
    %cmp/e;
    %flag_get/vec4 4;
    %assign/vec4 v00000260a32ad9e0_0, 0;
    %load/vec4 v00000260a32ac5e0_0;
    %flag_set/vec4 8;
    %jmp/0xz  T_75.38, 8;
    %load/vec4 v00000260a32adf80_0;
    %cmpi/e 7, 0, 3;
    %jmp/0xz  T_75.40, 4;
    %pushi/vec4 0, 0, 1;
    %assign/vec4 v00000260a32ad620_0, 0;
    %jmp T_75.41;
T_75.40 ;
    %load/vec4 v00000260a32adf80_0;
    %addi 1, 0, 3;
    %assign/vec4 v00000260a32adf80_0, 0;
T_75.41 ;
T_75.38 ;
    %jmp T_75.35;
T_75.33 ;
    %load/vec4 v00000260a32adee0_0;
    %load/vec4 v00000260a32adee0_0;
    %store/vec4 v00000260a32ab0a0_0, 0, 32;
    %callf/vec4 TD_icache_pipeline_tb.mem_read_word, S_00000260a327e960;
    %store/vec4 v00000260a32ab820_0, 0, 32;
    %store/vec4 v00000260a32abb40_0, 0, 32;
    %callf/vec4 TD_icache_pipeline_tb.uc_read_data, S_00000260a32b2700;
    %assign/vec4 v00000260a32ac540_0, 0;
    %pushi/vec4 1, 0, 1;
    %assign/vec4 v00000260a32ad9e0_0, 0;
    %load/vec4 v00000260a32ac5e0_0;
    %flag_set/vec4 8;
    %jmp/0xz  T_75.42, 8;
    %pushi/vec4 0, 0, 1;
    %assign/vec4 v00000260a32ad620_0, 0;
T_75.42 ;
    %jmp T_75.35;
T_75.35 ;
    %pop/vec4 1;
    %load/vec4 v00000260a32ae660_0;
    %flag_set/vec4 9;
    %flag_get/vec4 9;
    %jmp/0 T_75.46, 9;
    %load/vec4 v00000260a32ac5e0_0;
    %and;
T_75.46;
    %flag_set/vec4 8;
    %jmp/0xz  T_75.44, 8;
    %pushi/vec4 0, 0, 1;
    %assign/vec4 v00000260a32ae660_0, 0;
T_75.44 ;
T_75.28 ;
T_75.27 ;
T_75.24 ;
T_75.1 ;
    %jmp T_75;
    .thread T_75;
    .scope S_00000260a32017a0;
T_76 ;
    %pushi/vec4 0, 0, 32;
    %store/vec4 v00000260a32bac10_0, 0, 32;
    %vpi_func 3 847 "$value$plusargs" 32, "TEST=%d", v00000260a32bac10_0 {0 0 0};
    %nor/r;
    %flag_set/vec4 8;
    %jmp/0xz  T_76.0, 8;
    %pushi/vec4 0, 0, 32;
    %store/vec4 v00000260a32bac10_0, 0, 32;
T_76.0 ;
    %pushi/vec4 0, 0, 32; draw_string_vec4
    %pushi/vec4 0, 0, 32; draw_string_vec4
    %concat/vec4; draw_string_vec4
    %pushi/vec4 0, 0, 32; draw_string_vec4
    %concat/vec4; draw_string_vec4
    %pushi/vec4 0, 0, 32; draw_string_vec4
    %concat/vec4; draw_string_vec4
    %pushi/vec4 0, 0, 32; draw_string_vec4
    %concat/vec4; draw_string_vec4
    %pushi/vec4 0, 0, 32; draw_string_vec4
    %concat/vec4; draw_string_vec4
    %pushi/vec4 0, 0, 32; draw_string_vec4
    %concat/vec4; draw_string_vec4
    %pushi/vec4 0, 0, 32; draw_string_vec4
    %concat/vec4; draw_string_vec4
    %pushi/vec4 0, 0, 32; draw_string_vec4
    %concat/vec4; draw_string_vec4
    %pushi/vec4 0, 0, 32; draw_string_vec4
    %concat/vec4; draw_string_vec4
    %pushi/vec4 0, 0, 32; draw_string_vec4
    %concat/vec4; draw_string_vec4
    %pushi/vec4 0, 0, 32; draw_string_vec4
    %concat/vec4; draw_string_vec4
    %pushi/vec4 7369327, 0, 32; draw_string_vec4
    %concat/vec4; draw_string_vec4
    %pushi/vec4 1735549293, 0, 32; draw_string_vec4
    %concat/vec4; draw_string_vec4
    %pushi/vec4 1600414834, 0, 32; draw_string_vec4
    %concat/vec4; draw_string_vec4
    %pushi/vec4 778921325, 0, 32; draw_string_vec4
    %concat/vec4; draw_string_vec4
    %store/vec4 v00000260a32b06e0_0, 0, 512;
    %pushi/vec4 4, 0, 5;
    %store/vec4 v00000260a32af420_0, 0, 5;
    %pushi/vec4 17, 0, 32;
    %store/vec4 v00000260a32af1a0_0, 0, 32;
    %pushi/vec4 1, 0, 1;
    %store/vec4 v00000260a32bb110_0, 0, 1;
    %pushi/vec4 2000, 0, 32;
    %store/vec4 v00000260a32af740_0, 0, 32;
    %pushi/vec4 0, 0, 32;
    %store/vec4 v00000260a32b0be0_0, 0, 32;
    %pushi/vec4 0, 0, 32;
    %store/vec4 v00000260a32ad760_0, 0, 32;
    %pushi/vec4 0, 0, 32;
    %store/vec4 v00000260a32bb570_0, 0, 32;
    %pushi/vec4 439041101, 0, 32;
    %store/vec4 v00000260a32b93b0_0, 0, 32;
    %pushi/vec4 7, 0, 32;
    %store/vec4 v00000260a32bb890_0, 0, 32;
    %pushi/vec4 7, 0, 32;
    %store/vec4 v00000260a32bab70_0, 0, 32;
    %pushi/vec4 1, 0, 32;
    %store/vec4 v00000260a32aab00_0, 0, 32;
    %pushi/vec4 512, 0, 32;
    %store/vec4 v00000260a32b9d10_0, 0, 32;
    %pushi/vec4 0, 0, 32;
    %store/vec4 v00000260a32bb390_0, 0, 32;
    %pushi/vec4 0, 0, 32;
    %store/vec4 v00000260a32aaba0_0, 0, 32;
    %pushi/vec4 0, 0, 32; draw_string_vec4
    %pushi/vec4 0, 0, 32; draw_string_vec4
    %concat/vec4; draw_string_vec4
    %pushi/vec4 0, 0, 32; draw_string_vec4
    %concat/vec4; draw_string_vec4
    %pushi/vec4 0, 0, 32; draw_string_vec4
    %concat/vec4; draw_string_vec4
    %pushi/vec4 0, 0, 32; draw_string_vec4
    %concat/vec4; draw_string_vec4
    %pushi/vec4 0, 0, 32; draw_string_vec4
    %concat/vec4; draw_string_vec4
    %pushi/vec4 0, 0, 32; draw_string_vec4
    %concat/vec4; draw_string_vec4
    %pushi/vec4 0, 0, 32; draw_string_vec4
    %concat/vec4; draw_string_vec4
    %pushi/vec4 0, 0, 32; draw_string_vec4
    %concat/vec4; draw_string_vec4
    %pushi/vec4 0, 0, 32; draw_string_vec4
    %concat/vec4; draw_string_vec4
    %pushi/vec4 0, 0, 32; draw_string_vec4
    %concat/vec4; draw_string_vec4
    %pushi/vec4 0, 0, 32; draw_string_vec4
    %concat/vec4; draw_string_vec4
    %pushi/vec4 0, 0, 32; draw_string_vec4
    %concat/vec4; draw_string_vec4
    %pushi/vec4 0, 0, 32; draw_string_vec4
    %concat/vec4; draw_string_vec4
    %pushi/vec4 0, 0, 32; draw_string_vec4
    %concat/vec4; draw_string_vec4
    %pushi/vec4 0, 0, 32; draw_string_vec4
    %concat/vec4; draw_string_vec4
    %pushi/vec4 0, 0, 32; draw_string_vec4
    %concat/vec4; draw_string_vec4
    %pushi/vec4 0, 0, 32; draw_string_vec4
    %concat/vec4; draw_string_vec4
    %pushi/vec4 0, 0, 32; draw_string_vec4
    %concat/vec4; draw_string_vec4
    %pushi/vec4 0, 0, 32; draw_string_vec4
    %concat/vec4; draw_string_vec4
    %pushi/vec4 0, 0, 32; draw_string_vec4
    %concat/vec4; draw_string_vec4
    %pushi/vec4 0, 0, 32; draw_string_vec4
    %concat/vec4; draw_string_vec4
    %pushi/vec4 0, 0, 32; draw_string_vec4
    %concat/vec4; draw_string_vec4
    %pushi/vec4 0, 0, 32; draw_string_vec4
    %concat/vec4; draw_string_vec4
    %pushi/vec4 0, 0, 32; draw_string_vec4
    %concat/vec4; draw_string_vec4
    %pushi/vec4 6452585, 0, 32; draw_string_vec4
    %concat/vec4; draw_string_vec4
    %pushi/vec4 1818517362, 0, 32; draw_string_vec4
    %concat/vec4; draw_string_vec4
    %pushi/vec4 1983066671, 0, 32; draw_string_vec4
    %concat/vec4; draw_string_vec4
    %pushi/vec4 1668246893, 0, 32; draw_string_vec4
    %concat/vec4; draw_string_vec4
    %pushi/vec4 1769234292, 0, 32; draw_string_vec4
    %concat/vec4; draw_string_vec4
    %pushi/vec4 1918985061, 0, 32; draw_string_vec4
    %concat/vec4; draw_string_vec4
    %pushi/vec4 778858343, 0, 32; draw_string_vec4
    %concat/vec4; draw_string_vec4
    %store/vec4 v00000260a32b9270_0, 0, 1024;
    %pushi/vec4 0, 0, 32; draw_string_vec4
    %pushi/vec4 0, 0, 32; draw_string_vec4
    %concat/vec4; draw_string_vec4
    %pushi/vec4 0, 0, 32; draw_string_vec4
    %concat/vec4; draw_string_vec4
    %pushi/vec4 0, 0, 32; draw_string_vec4
    %concat/vec4; draw_string_vec4
    %pushi/vec4 0, 0, 32; draw_string_vec4
    %concat/vec4; draw_string_vec4
    %pushi/vec4 0, 0, 32; draw_string_vec4
    %concat/vec4; draw_string_vec4
    %pushi/vec4 0, 0, 32; draw_string_vec4
    %concat/vec4; draw_string_vec4
    %pushi/vec4 0, 0, 32; draw_string_vec4
    %concat/vec4; draw_string_vec4
    %pushi/vec4 0, 0, 32; draw_string_vec4
    %concat/vec4; draw_string_vec4
    %pushi/vec4 0, 0, 32; draw_string_vec4
    %concat/vec4; draw_string_vec4
    %pushi/vec4 0, 0, 32; draw_string_vec4
    %concat/vec4; draw_string_vec4
    %pushi/vec4 0, 0, 32; draw_string_vec4
    %concat/vec4; draw_string_vec4
    %pushi/vec4 0, 0, 32; draw_string_vec4
    %concat/vec4; draw_string_vec4
    %pushi/vec4 0, 0, 32; draw_string_vec4
    %concat/vec4; draw_string_vec4
    %pushi/vec4 0, 0, 32; draw_string_vec4
    %concat/vec4; draw_string_vec4
    %pushi/vec4 0, 0, 32; draw_string_vec4
    %concat/vec4; draw_string_vec4
    %pushi/vec4 0, 0, 32; draw_string_vec4
    %concat/vec4; draw_string_vec4
    %pushi/vec4 0, 0, 32; draw_string_vec4
    %concat/vec4; draw_string_vec4
    %pushi/vec4 0, 0, 32; draw_string_vec4
    %concat/vec4; draw_string_vec4
    %pushi/vec4 0, 0, 32; draw_string_vec4
    %concat/vec4; draw_string_vec4
    %pushi/vec4 0, 0, 32; draw_string_vec4
    %concat/vec4; draw_string_vec4
    %pushi/vec4 0, 0, 32; draw_string_vec4
    %concat/vec4; draw_string_vec4
    %pushi/vec4 0, 0, 32; draw_string_vec4
    %concat/vec4; draw_string_vec4
    %pushi/vec4 0, 0, 32; draw_string_vec4
    %concat/vec4; draw_string_vec4
    %pushi/vec4 0, 0, 32; draw_string_vec4
    %concat/vec4; draw_string_vec4
    %pushi/vec4 25205, 0, 32; draw_string_vec4
    %concat/vec4; draw_string_vec4
    %pushi/vec4 1768711263, 0, 32; draw_string_vec4
    %concat/vec4; draw_string_vec4
    %pushi/vec4 1920348978, 0, 32; draw_string_vec4
    %concat/vec4; draw_string_vec4
    %pushi/vec4 796156511, 0, 32; draw_string_vec4
    %concat/vec4; draw_string_vec4
    %pushi/vec4 1668249189, 0, 32; draw_string_vec4
    %concat/vec4; draw_string_vec4
    %pushi/vec4 1918986085, 0, 32; draw_string_vec4
    %concat/vec4; draw_string_vec4
    %pushi/vec4 779384948, 0, 32; draw_string_vec4
    %concat/vec4; draw_string_vec4
    %store/vec4 v00000260a32ad120_0, 0, 1024;
    %pushi/vec4 0, 0, 32;
    %store/vec4 v00000260a32baad0_0, 0, 32;
    %pushi/vec4 0, 0, 32; draw_string_vec4
    %pushi/vec4 0, 0, 32; draw_string_vec4
    %concat/vec4; draw_string_vec4
    %pushi/vec4 0, 0, 32; draw_string_vec4
    %concat/vec4; draw_string_vec4
    %pushi/vec4 0, 0, 32; draw_string_vec4
    %concat/vec4; draw_string_vec4
    %pushi/vec4 0, 0, 32; draw_string_vec4
    %concat/vec4; draw_string_vec4
    %pushi/vec4 0, 0, 32; draw_string_vec4
    %concat/vec4; draw_string_vec4
    %pushi/vec4 0, 0, 32; draw_string_vec4
    %concat/vec4; draw_string_vec4
    %pushi/vec4 0, 0, 32; draw_string_vec4
    %concat/vec4; draw_string_vec4
    %pushi/vec4 0, 0, 32; draw_string_vec4
    %concat/vec4; draw_string_vec4
    %pushi/vec4 0, 0, 32; draw_string_vec4
    %concat/vec4; draw_string_vec4
    %pushi/vec4 0, 0, 32; draw_string_vec4
    %concat/vec4; draw_string_vec4
    %pushi/vec4 0, 0, 32; draw_string_vec4
    %concat/vec4; draw_string_vec4
    %pushi/vec4 0, 0, 32; draw_string_vec4
    %concat/vec4; draw_string_vec4
    %pushi/vec4 0, 0, 32; draw_string_vec4
    %concat/vec4; draw_string_vec4
    %pushi/vec4 0, 0, 32; draw_string_vec4
    %concat/vec4; draw_string_vec4
    %pushi/vec4 0, 0, 32; draw_string_vec4
    %concat/vec4; draw_string_vec4
    %pushi/vec4 0, 0, 32; draw_string_vec4
    %concat/vec4; draw_string_vec4
    %pushi/vec4 0, 0, 32; draw_string_vec4
    %concat/vec4; draw_string_vec4
    %pushi/vec4 0, 0, 32; draw_string_vec4
    %concat/vec4; draw_string_vec4
    %pushi/vec4 0, 0, 32; draw_string_vec4
    %concat/vec4; draw_string_vec4
    %pushi/vec4 0, 0, 32; draw_string_vec4
    %concat/vec4; draw_string_vec4
    %pushi/vec4 0, 0, 32; draw_string_vec4
    %concat/vec4; draw_string_vec4
    %pushi/vec4 0, 0, 32; draw_string_vec4
    %concat/vec4; draw_string_vec4
    %pushi/vec4 0, 0, 32; draw_string_vec4
    %concat/vec4; draw_string_vec4
    %pushi/vec4 98, 0, 32; draw_string_vec4
    %concat/vec4; draw_string_vec4
    %pushi/vec4 1969843300, 0, 32; draw_string_vec4
    %concat/vec4; draw_string_vec4
    %pushi/vec4 1601336883, 0, 32; draw_string_vec4
    %concat/vec4; draw_string_vec4
    %pushi/vec4 841970548, 0, 32; draw_string_vec4
    %concat/vec4; draw_string_vec4
    %pushi/vec4 1635018079, 0, 32; draw_string_vec4
    %concat/vec4; draw_string_vec4
    %pushi/vec4 1668249189, 0, 32; draw_string_vec4
    %concat/vec4; draw_string_vec4
    %pushi/vec4 1918986085, 0, 32; draw_string_vec4
    %concat/vec4; draw_string_vec4
    %pushi/vec4 779384948, 0, 32; draw_string_vec4
    %concat/vec4; draw_string_vec4
    %store/vec4 v00000260a32b9770_0, 0, 1024;
    %pushi/vec4 0, 0, 32;
    %store/vec4 v00000260a32bad50_0, 0, 32;
    %pushi/vec4 0, 0, 32;
    %store/vec4 v00000260a32ad260_0, 0, 32;
    %pushi/vec4 0, 0, 32;
    %store/vec4 v00000260a32b94f0_0, 0, 32;
    %pushi/vec4 0, 0, 1;
    %store/vec4 v00000260a32b00a0_0, 0, 1;
    %pushi/vec4 0, 0, 1;
    %store/vec4 v00000260a32ad800_0, 0, 1;
    %load/vec4 v00000260a32bac10_0;
    %dup/vec4;
    %pushi/vec4 1, 0, 32;
    %cmp/u;
    %jmp/1 T_76.2, 6;
    %dup/vec4;
    %pushi/vec4 2, 0, 32;
    %cmp/u;
    %jmp/1 T_76.3, 6;
    %dup/vec4;
    %pushi/vec4 3, 0, 32;
    %cmp/u;
    %jmp/1 T_76.4, 6;
    %dup/vec4;
    %pushi/vec4 4, 0, 32;
    %cmp/u;
    %jmp/1 T_76.5, 6;
    %dup/vec4;
    %pushi/vec4 5, 0, 32;
    %cmp/u;
    %jmp/1 T_76.6, 6;
    %dup/vec4;
    %pushi/vec4 6, 0, 32;
    %cmp/u;
    %jmp/1 T_76.7, 6;
    %dup/vec4;
    %pushi/vec4 7, 0, 32;
    %cmp/u;
    %jmp/1 T_76.8, 6;
    %dup/vec4;
    %pushi/vec4 8, 0, 32;
    %cmp/u;
    %jmp/1 T_76.9, 6;
    %dup/vec4;
    %pushi/vec4 9, 0, 32;
    %cmp/u;
    %jmp/1 T_76.10, 6;
    %dup/vec4;
    %pushi/vec4 10, 0, 32;
    %cmp/u;
    %jmp/1 T_76.11, 6;
    %dup/vec4;
    %pushi/vec4 11, 0, 32;
    %cmp/u;
    %jmp/1 T_76.12, 6;
    %dup/vec4;
    %pushi/vec4 12, 0, 32;
    %cmp/u;
    %jmp/1 T_76.13, 6;
    %dup/vec4;
    %pushi/vec4 13, 0, 32;
    %cmp/u;
    %jmp/1 T_76.14, 6;
    %dup/vec4;
    %pushi/vec4 14, 0, 32;
    %cmp/u;
    %jmp/1 T_76.15, 6;
    %dup/vec4;
    %pushi/vec4 15, 0, 32;
    %cmp/u;
    %jmp/1 T_76.16, 6;
    %dup/vec4;
    %pushi/vec4 16, 0, 32;
    %cmp/u;
    %jmp/1 T_76.17, 6;
    %dup/vec4;
    %pushi/vec4 17, 0, 32;
    %cmp/u;
    %jmp/1 T_76.18, 6;
    %dup/vec4;
    %pushi/vec4 18, 0, 32;
    %cmp/u;
    %jmp/1 T_76.19, 6;
    %dup/vec4;
    %pushi/vec4 19, 0, 32;
    %cmp/u;
    %jmp/1 T_76.20, 6;
    %dup/vec4;
    %pushi/vec4 20, 0, 32;
    %cmp/u;
    %jmp/1 T_76.21, 6;
    %dup/vec4;
    %pushi/vec4 21, 0, 32;
    %cmp/u;
    %jmp/1 T_76.22, 6;
    %dup/vec4;
    %pushi/vec4 22, 0, 32;
    %cmp/u;
    %jmp/1 T_76.23, 6;
    %dup/vec4;
    %pushi/vec4 23, 0, 32;
    %cmp/u;
    %jmp/1 T_76.24, 6;
    %dup/vec4;
    %pushi/vec4 24, 0, 32;
    %cmp/u;
    %jmp/1 T_76.25, 6;
    %dup/vec4;
    %pushi/vec4 25, 0, 32;
    %cmp/u;
    %jmp/1 T_76.26, 6;
    %dup/vec4;
    %pushi/vec4 26, 0, 32;
    %cmp/u;
    %jmp/1 T_76.27, 6;
    %dup/vec4;
    %pushi/vec4 27, 0, 32;
    %cmp/u;
    %jmp/1 T_76.28, 6;
    %jmp T_76.30;
T_76.2 ;
    %pushi/vec4 0, 0, 32; draw_string_vec4
    %pushi/vec4 0, 0, 32; draw_string_vec4
    %concat/vec4; draw_string_vec4
    %pushi/vec4 0, 0, 32; draw_string_vec4
    %concat/vec4; draw_string_vec4
    %pushi/vec4 0, 0, 32; draw_string_vec4
    %concat/vec4; draw_string_vec4
    %pushi/vec4 0, 0, 32; draw_string_vec4
    %concat/vec4; draw_string_vec4
    %pushi/vec4 0, 0, 32; draw_string_vec4
    %concat/vec4; draw_string_vec4
    %pushi/vec4 0, 0, 32; draw_string_vec4
    %concat/vec4; draw_string_vec4
    %pushi/vec4 0, 0, 32; draw_string_vec4
    %concat/vec4; draw_string_vec4
    %pushi/vec4 1413829460, 0, 32; draw_string_vec4
    %concat/vec4; draw_string_vec4
    %pushi/vec4 1598441804, 0, 32; draw_string_vec4
    %concat/vec4; draw_string_vec4
    %pushi/vec4 1163079533, 0, 32; draw_string_vec4
    %concat/vec4; draw_string_vec4
    %pushi/vec4 1701666676, 0, 32; draw_string_vec4
    %concat/vec4; draw_string_vec4
    %pushi/vec4 1702065201, 0, 32; draw_string_vec4
    %concat/vec4; draw_string_vec4
    %pushi/vec4 1600220277, 0, 32; draw_string_vec4
    %concat/vec4; draw_string_vec4
    %pushi/vec4 1600550756, 0, 32; draw_string_vec4
    %concat/vec4; draw_string_vec4
    %pushi/vec4 778921325, 0, 32; draw_string_vec4
    %concat/vec4; draw_string_vec4
    %store/vec4 v00000260a32b06e0_0, 0, 512;
    %pushi/vec4 3, 0, 5;
    %store/vec4 v00000260a32af420_0, 0, 5;
    %pushi/vec4 4, 0, 32;
    %store/vec4 v00000260a32af1a0_0, 0, 32;
    %pushi/vec4 0, 0, 1;
    %store/vec4 v00000260a32bb110_0, 0, 1;
    %jmp T_76.30;
T_76.3 ;
    %pushi/vec4 0, 0, 32; draw_string_vec4
    %pushi/vec4 0, 0, 32; draw_string_vec4
    %concat/vec4; draw_string_vec4
    %pushi/vec4 0, 0, 32; draw_string_vec4
    %concat/vec4; draw_string_vec4
    %pushi/vec4 0, 0, 32; draw_string_vec4
    %concat/vec4; draw_string_vec4
    %pushi/vec4 0, 0, 32; draw_string_vec4
    %concat/vec4; draw_string_vec4
    %pushi/vec4 0, 0, 32; draw_string_vec4
    %concat/vec4; draw_string_vec4
    %pushi/vec4 0, 0, 32; draw_string_vec4
    %concat/vec4; draw_string_vec4
    %pushi/vec4 84, 0, 32; draw_string_vec4
    %concat/vec4; draw_string_vec4
    %pushi/vec4 1163088991, 0, 32; draw_string_vec4
    %concat/vec4; draw_string_vec4
    %pushi/vec4 1179208773, 0, 32; draw_string_vec4
    %concat/vec4; draw_string_vec4
    %pushi/vec4 1395617125, 0, 32; draw_string_vec4
    %concat/vec4; draw_string_vec4
    %pushi/vec4 1834972261, 0, 32; draw_string_vec4
    %concat/vec4; draw_string_vec4
    %pushi/vec4 1936994911, 0, 32; draw_string_vec4
    %concat/vec4; draw_string_vec4
    %pushi/vec4 1819238756, 0, 32; draw_string_vec4
    %concat/vec4; draw_string_vec4
    %pushi/vec4 1601532773, 0, 32; draw_string_vec4
    %concat/vec4; draw_string_vec4
    %pushi/vec4 778921325, 0, 32; draw_string_vec4
    %concat/vec4; draw_string_vec4
    %store/vec4 v00000260a32b06e0_0, 0, 512;
    %pushi/vec4 2, 0, 5;
    %store/vec4 v00000260a32af420_0, 0, 5;
    %pushi/vec4 18, 0, 32;
    %store/vec4 v00000260a32af1a0_0, 0, 32;
    %pushi/vec4 0, 0, 1;
    %store/vec4 v00000260a32bb110_0, 0, 1;
    %jmp T_76.30;
T_76.4 ;
    %pushi/vec4 0, 0, 32; draw_string_vec4
    %pushi/vec4 0, 0, 32; draw_string_vec4
    %concat/vec4; draw_string_vec4
    %pushi/vec4 0, 0, 32; draw_string_vec4
    %concat/vec4; draw_string_vec4
    %pushi/vec4 0, 0, 32; draw_string_vec4
    %concat/vec4; draw_string_vec4
    %pushi/vec4 0, 0, 32; draw_string_vec4
    %concat/vec4; draw_string_vec4
    %pushi/vec4 0, 0, 32; draw_string_vec4
    %concat/vec4; draw_string_vec4
    %pushi/vec4 0, 0, 32; draw_string_vec4
    %concat/vec4; draw_string_vec4
    %pushi/vec4 21573, 0, 32; draw_string_vec4
    %concat/vec4; draw_string_vec4
    %pushi/vec4 1398038342, 0, 32; draw_string_vec4
    %concat/vec4; draw_string_vec4
    %pushi/vec4 1229735251, 0, 32; draw_string_vec4
    %concat/vec4; draw_string_vec4
    %pushi/vec4 795698541, 0, 32; draw_string_vec4
    %concat/vec4; draw_string_vec4
    %pushi/vec4 1601463667, 0, 32; draw_string_vec4
    %concat/vec4; draw_string_vec4
    %pushi/vec4 1949523827, 0, 32; draw_string_vec4
    %concat/vec4; draw_string_vec4
    %pushi/vec4 1953460837, 0, 32; draw_string_vec4
    %concat/vec4; draw_string_vec4
    %pushi/vec4 1600415088, 0, 32; draw_string_vec4
    %concat/vec4; draw_string_vec4
    %pushi/vec4 778921325, 0, 32; draw_string_vec4
    %concat/vec4; draw_string_vec4
    %store/vec4 v00000260a32b06e0_0, 0, 512;
    %pushi/vec4 2, 0, 5;
    %store/vec4 v00000260a32af420_0, 0, 5;
    %pushi/vec4 5, 0, 32;
    %store/vec4 v00000260a32af1a0_0, 0, 32;
    %pushi/vec4 0, 0, 1;
    %store/vec4 v00000260a32bb110_0, 0, 1;
    %jmp T_76.30;
T_76.5 ;
    %pushi/vec4 0, 0, 32; draw_string_vec4
    %pushi/vec4 0, 0, 32; draw_string_vec4
    %concat/vec4; draw_string_vec4
    %pushi/vec4 0, 0, 32; draw_string_vec4
    %concat/vec4; draw_string_vec4
    %pushi/vec4 0, 0, 32; draw_string_vec4
    %concat/vec4; draw_string_vec4
    %pushi/vec4 0, 0, 32; draw_string_vec4
    %concat/vec4; draw_string_vec4
    %pushi/vec4 0, 0, 32; draw_string_vec4
    %concat/vec4; draw_string_vec4
    %pushi/vec4 84, 0, 32; draw_string_vec4
    %concat/vec4; draw_string_vec4
    %pushi/vec4 1163088991, 0, 32; draw_string_vec4
    %concat/vec4; draw_string_vec4
    %pushi/vec4 1179208773, 0, 32; draw_string_vec4
    %concat/vec4; draw_string_vec4
    %pushi/vec4 1395617125, 0, 32; draw_string_vec4
    %concat/vec4; draw_string_vec4
    %pushi/vec4 1834972261, 0, 32; draw_string_vec4
    %concat/vec4; draw_string_vec4
    %pushi/vec4 1936995423, 0, 32; draw_string_vec4
    %concat/vec4; draw_string_vec4
    %pushi/vec4 1651663214, 0, 32; draw_string_vec4
    %concat/vec4; draw_string_vec4
    %pushi/vec4 1667784564, 0, 32; draw_string_vec4
    %concat/vec4; draw_string_vec4
    %pushi/vec4 1634428270, 0, 32; draw_string_vec4
    %concat/vec4; draw_string_vec4
    %pushi/vec4 778921325, 0, 32; draw_string_vec4
    %concat/vec4; draw_string_vec4
    %store/vec4 v00000260a32b06e0_0, 0, 512;
    %pushi/vec4 2, 0, 5;
    %store/vec4 v00000260a32af420_0, 0, 5;
    %pushi/vec4 2, 0, 32;
    %store/vec4 v00000260a32af1a0_0, 0, 32;
    %pushi/vec4 0, 0, 1;
    %store/vec4 v00000260a32bb110_0, 0, 1;
    %jmp T_76.30;
T_76.6 ;
    %pushi/vec4 0, 0, 32; draw_string_vec4
    %pushi/vec4 0, 0, 32; draw_string_vec4
    %concat/vec4; draw_string_vec4
    %pushi/vec4 0, 0, 32; draw_string_vec4
    %concat/vec4; draw_string_vec4
    %pushi/vec4 0, 0, 32; draw_string_vec4
    %concat/vec4; draw_string_vec4
    %pushi/vec4 0, 0, 32; draw_string_vec4
    %concat/vec4; draw_string_vec4
    %pushi/vec4 0, 0, 32; draw_string_vec4
    %concat/vec4; draw_string_vec4
    %pushi/vec4 0, 0, 32; draw_string_vec4
    %concat/vec4; draw_string_vec4
    %pushi/vec4 5522771, 0, 32; draw_string_vec4
    %concat/vec4; draw_string_vec4
    %pushi/vec4 1415530057, 0, 32; draw_string_vec4
    %concat/vec4; draw_string_vec4
    %pushi/vec4 1279611695, 0, 32; draw_string_vec4
    %concat/vec4; draw_string_vec4
    %pushi/vec4 1835363679, 0, 32; draw_string_vec4
    %concat/vec4; draw_string_vec4
    %pushi/vec4 1952805748, 0, 32; draw_string_vec4
    %concat/vec4; draw_string_vec4
    %pushi/vec4 895446127, 0, 32; draw_string_vec4
    %concat/vec4; draw_string_vec4
    %pushi/vec4 1633967987, 0, 32; draw_string_vec4
    %concat/vec4; draw_string_vec4
    %pushi/vec4 1953460837, 0, 32; draw_string_vec4
    %concat/vec4; draw_string_vec4
    %pushi/vec4 778921325, 0, 32; draw_string_vec4
    %concat/vec4; draw_string_vec4
    %store/vec4 v00000260a32b06e0_0, 0, 512;
    %pushi/vec4 2, 0, 5;
    %store/vec4 v00000260a32af420_0, 0, 5;
    %pushi/vec4 9, 0, 32;
    %store/vec4 v00000260a32af1a0_0, 0, 32;
    %pushi/vec4 0, 0, 1;
    %store/vec4 v00000260a32bb110_0, 0, 1;
    %jmp T_76.30;
T_76.7 ;
    %pushi/vec4 0, 0, 32; draw_string_vec4
    %pushi/vec4 0, 0, 32; draw_string_vec4
    %concat/vec4; draw_string_vec4
    %pushi/vec4 0, 0, 32; draw_string_vec4
    %concat/vec4; draw_string_vec4
    %pushi/vec4 0, 0, 32; draw_string_vec4
    %concat/vec4; draw_string_vec4
    %pushi/vec4 0, 0, 32; draw_string_vec4
    %concat/vec4; draw_string_vec4
    %pushi/vec4 84, 0, 32; draw_string_vec4
    %concat/vec4; draw_string_vec4
    %pushi/vec4 1163088991, 0, 32; draw_string_vec4
    %concat/vec4; draw_string_vec4
    %pushi/vec4 1179208773, 0, 32; draw_string_vec4
    %concat/vec4; draw_string_vec4
    %pushi/vec4 1395617125, 0, 32; draw_string_vec4
    %concat/vec4; draw_string_vec4
    %pushi/vec4 1834972261, 0, 32; draw_string_vec4
    %concat/vec4; draw_string_vec4
    %pushi/vec4 1936995935, 0, 32; draw_string_vec4
    %concat/vec4; draw_string_vec4
    %pushi/vec4 1651663214, 0, 32; draw_string_vec4
    %concat/vec4; draw_string_vec4
    %pushi/vec4 1667784558, 0, 32; draw_string_vec4
    %concat/vec4; draw_string_vec4
    %pushi/vec4 1869897588, 0, 32; draw_string_vec4
    %concat/vec4; draw_string_vec4
    %pushi/vec4 1634428270, 0, 32; draw_string_vec4
    %concat/vec4; draw_string_vec4
    %pushi/vec4 778921325, 0, 32; draw_string_vec4
    %concat/vec4; draw_string_vec4
    %store/vec4 v00000260a32b06e0_0, 0, 512;
    %pushi/vec4 2, 0, 5;
    %store/vec4 v00000260a32af420_0, 0, 5;
    %pushi/vec4 2, 0, 32;
    %store/vec4 v00000260a32af1a0_0, 0, 32;
    %pushi/vec4 0, 0, 1;
    %store/vec4 v00000260a32bb110_0, 0, 1;
    %jmp T_76.30;
T_76.8 ;
    %pushi/vec4 0, 0, 32; draw_string_vec4
    %pushi/vec4 0, 0, 32; draw_string_vec4
    %concat/vec4; draw_string_vec4
    %pushi/vec4 0, 0, 32; draw_string_vec4
    %concat/vec4; draw_string_vec4
    %pushi/vec4 0, 0, 32; draw_string_vec4
    %concat/vec4; draw_string_vec4
    %pushi/vec4 0, 0, 32; draw_string_vec4
    %concat/vec4; draw_string_vec4
    %pushi/vec4 0, 0, 32; draw_string_vec4
    %concat/vec4; draw_string_vec4
    %pushi/vec4 0, 0, 32; draw_string_vec4
    %concat/vec4; draw_string_vec4
    %pushi/vec4 0, 0, 32; draw_string_vec4
    %concat/vec4; draw_string_vec4
    %pushi/vec4 0, 0, 32; draw_string_vec4
    %concat/vec4; draw_string_vec4
    %pushi/vec4 1413829460, 0, 32; draw_string_vec4
    %concat/vec4; draw_string_vec4
    %pushi/vec4 1598441804, 0, 32; draw_string_vec4
    %concat/vec4; draw_string_vec4
    %pushi/vec4 1163079533, 0, 32; draw_string_vec4
    %concat/vec4; draw_string_vec4
    %pushi/vec4 1701666676, 0, 32; draw_string_vec4
    %concat/vec4; draw_string_vec4
    %pushi/vec4 1702065207, 0, 32; draw_string_vec4
    %concat/vec4; draw_string_vec4
    %pushi/vec4 1600807276, 0, 32; draw_string_vec4
    %concat/vec4; draw_string_vec4
    %pushi/vec4 778921325, 0, 32; draw_string_vec4
    %concat/vec4; draw_string_vec4
    %store/vec4 v00000260a32b06e0_0, 0, 512;
    %pushi/vec4 2, 0, 5;
    %store/vec4 v00000260a32af420_0, 0, 5;
    %pushi/vec4 4, 0, 32;
    %store/vec4 v00000260a32af1a0_0, 0, 32;
    %pushi/vec4 0, 0, 1;
    %store/vec4 v00000260a32bb110_0, 0, 1;
    %jmp T_76.30;
T_76.9 ;
    %pushi/vec4 0, 0, 32; draw_string_vec4
    %pushi/vec4 0, 0, 32; draw_string_vec4
    %concat/vec4; draw_string_vec4
    %pushi/vec4 0, 0, 32; draw_string_vec4
    %concat/vec4; draw_string_vec4
    %pushi/vec4 0, 0, 32; draw_string_vec4
    %concat/vec4; draw_string_vec4
    %pushi/vec4 0, 0, 32; draw_string_vec4
    %concat/vec4; draw_string_vec4
    %pushi/vec4 0, 0, 32; draw_string_vec4
    %concat/vec4; draw_string_vec4
    %pushi/vec4 0, 0, 32; draw_string_vec4
    %concat/vec4; draw_string_vec4
    %pushi/vec4 0, 0, 32; draw_string_vec4
    %concat/vec4; draw_string_vec4
    %pushi/vec4 84, 0, 32; draw_string_vec4
    %concat/vec4; draw_string_vec4
    %pushi/vec4 1163088991, 0, 32; draw_string_vec4
    %concat/vec4; draw_string_vec4
    %pushi/vec4 1179208773, 0, 32; draw_string_vec4
    %concat/vec4; draw_string_vec4
    %pushi/vec4 1395617125, 0, 32; draw_string_vec4
    %concat/vec4; draw_string_vec4
    %pushi/vec4 1834972261, 0, 32; draw_string_vec4
    %concat/vec4; draw_string_vec4
    %pushi/vec4 1936996447, 0, 32; draw_string_vec4
    %concat/vec4; draw_string_vec4
    %pushi/vec4 1784769650, 0, 32; draw_string_vec4
    %concat/vec4; draw_string_vec4
    %pushi/vec4 778921325, 0, 32; draw_string_vec4
    %concat/vec4; draw_string_vec4
    %store/vec4 v00000260a32b06e0_0, 0, 512;
    %pushi/vec4 2, 0, 5;
    %store/vec4 v00000260a32af420_0, 0, 5;
    %pushi/vec4 4, 0, 32;
    %store/vec4 v00000260a32af1a0_0, 0, 32;
    %pushi/vec4 0, 0, 1;
    %store/vec4 v00000260a32bb110_0, 0, 1;
    %jmp T_76.30;
T_76.10 ;
    %pushi/vec4 0, 0, 32; draw_string_vec4
    %pushi/vec4 0, 0, 32; draw_string_vec4
    %concat/vec4; draw_string_vec4
    %pushi/vec4 0, 0, 32; draw_string_vec4
    %concat/vec4; draw_string_vec4
    %pushi/vec4 0, 0, 32; draw_string_vec4
    %concat/vec4; draw_string_vec4
    %pushi/vec4 0, 0, 32; draw_string_vec4
    %concat/vec4; draw_string_vec4
    %pushi/vec4 0, 0, 32; draw_string_vec4
    %concat/vec4; draw_string_vec4
    %pushi/vec4 0, 0, 32; draw_string_vec4
    %concat/vec4; draw_string_vec4
    %pushi/vec4 0, 0, 32; draw_string_vec4
    %concat/vec4; draw_string_vec4
    %pushi/vec4 21573, 0, 32; draw_string_vec4
    %concat/vec4; draw_string_vec4
    %pushi/vec4 1398038342, 0, 32; draw_string_vec4
    %concat/vec4; draw_string_vec4
    %pushi/vec4 1229735251, 0, 32; draw_string_vec4
    %concat/vec4; draw_string_vec4
    %pushi/vec4 795698541, 0, 32; draw_string_vec4
    %concat/vec4; draw_string_vec4
    %pushi/vec4 1601463667, 0, 32; draw_string_vec4
    %concat/vec4; draw_string_vec4
    %pushi/vec4 1949917036, 0, 32; draw_string_vec4
    %concat/vec4; draw_string_vec4
    %pushi/vec4 1650422626, 0, 32; draw_string_vec4
    %concat/vec4; draw_string_vec4
    %pushi/vec4 778921325, 0, 32; draw_string_vec4
    %concat/vec4; draw_string_vec4
    %store/vec4 v00000260a32b06e0_0, 0, 512;
    %pushi/vec4 2, 0, 5;
    %store/vec4 v00000260a32af420_0, 0, 5;
    %pushi/vec4 4294967168, 0, 32;
    %store/vec4 v00000260a32af1a0_0, 0, 32;
    %pushi/vec4 0, 0, 1;
    %store/vec4 v00000260a32bb110_0, 0, 1;
    %jmp T_76.30;
T_76.11 ;
    %pushi/vec4 0, 0, 32; draw_string_vec4
    %pushi/vec4 0, 0, 32; draw_string_vec4
    %concat/vec4; draw_string_vec4
    %pushi/vec4 0, 0, 32; draw_string_vec4
    %concat/vec4; draw_string_vec4
    %pushi/vec4 0, 0, 32; draw_string_vec4
    %concat/vec4; draw_string_vec4
    %pushi/vec4 0, 0, 32; draw_string_vec4
    %concat/vec4; draw_string_vec4
    %pushi/vec4 0, 0, 32; draw_string_vec4
    %concat/vec4; draw_string_vec4
    %pushi/vec4 0, 0, 32; draw_string_vec4
    %concat/vec4; draw_string_vec4
    %pushi/vec4 0, 0, 32; draw_string_vec4
    %concat/vec4; draw_string_vec4
    %pushi/vec4 1413829460, 0, 32; draw_string_vec4
    %concat/vec4; draw_string_vec4
    %pushi/vec4 1598441804, 0, 32; draw_string_vec4
    %concat/vec4; draw_string_vec4
    %pushi/vec4 1163079533, 0, 32; draw_string_vec4
    %concat/vec4; draw_string_vec4
    %pushi/vec4 1701666676, 0, 32; draw_string_vec4
    %concat/vec4; draw_string_vec4
    %pushi/vec4 1702065201, 0, 32; draw_string_vec4
    %concat/vec4; draw_string_vec4
    %pushi/vec4 811560040, 0, 32; draw_string_vec4
    %concat/vec4; draw_string_vec4
    %pushi/vec4 1969189736, 0, 32; draw_string_vec4
    %concat/vec4; draw_string_vec4
    %pushi/vec4 778921325, 0, 32; draw_string_vec4
    %concat/vec4; draw_string_vec4
    %store/vec4 v00000260a32b06e0_0, 0, 512;
    %pushi/vec4 2, 0, 5;
    %store/vec4 v00000260a32af420_0, 0, 5;
    %pushi/vec4 240, 0, 32;
    %store/vec4 v00000260a32af1a0_0, 0, 32;
    %pushi/vec4 0, 0, 1;
    %store/vec4 v00000260a32bb110_0, 0, 1;
    %jmp T_76.30;
T_76.12 ;
    %pushi/vec4 0, 0, 32; draw_string_vec4
    %pushi/vec4 0, 0, 32; draw_string_vec4
    %concat/vec4; draw_string_vec4
    %pushi/vec4 0, 0, 32; draw_string_vec4
    %concat/vec4; draw_string_vec4
    %pushi/vec4 0, 0, 32; draw_string_vec4
    %concat/vec4; draw_string_vec4
    %pushi/vec4 0, 0, 32; draw_string_vec4
    %concat/vec4; draw_string_vec4
    %pushi/vec4 0, 0, 32; draw_string_vec4
    %concat/vec4; draw_string_vec4
    %pushi/vec4 0, 0, 32; draw_string_vec4
    %concat/vec4; draw_string_vec4
    %pushi/vec4 21573, 0, 32; draw_string_vec4
    %concat/vec4; draw_string_vec4
    %pushi/vec4 1398038342, 0, 32; draw_string_vec4
    %concat/vec4; draw_string_vec4
    %pushi/vec4 1229735251, 0, 32; draw_string_vec4
    %concat/vec4; draw_string_vec4
    %pushi/vec4 795698541, 0, 32; draw_string_vec4
    %concat/vec4; draw_string_vec4
    %pushi/vec4 1601463667, 0, 32; draw_string_vec4
    %concat/vec4; draw_string_vec4
    %pushi/vec4 1949380959, 0, 32; draw_string_vec4
    %concat/vec4; draw_string_vec4
    %pushi/vec4 1819242087, 0, 32; draw_string_vec4
    %concat/vec4; draw_string_vec4
    %pushi/vec4 1601005944, 0, 32; draw_string_vec4
    %concat/vec4; draw_string_vec4
    %pushi/vec4 778921325, 0, 32; draw_string_vec4
    %concat/vec4; draw_string_vec4
    %store/vec4 v00000260a32b06e0_0, 0, 512;
    %pushi/vec4 8, 0, 5;
    %store/vec4 v00000260a32af420_0, 0, 5;
    %pushi/vec4 27, 0, 32;
    %store/vec4 v00000260a32af1a0_0, 0, 32;
    %pushi/vec4 0, 0, 1;
    %store/vec4 v00000260a32bb110_0, 0, 1;
    %jmp T_76.30;
T_76.13 ;
    %pushi/vec4 0, 0, 32; draw_string_vec4
    %pushi/vec4 0, 0, 32; draw_string_vec4
    %concat/vec4; draw_string_vec4
    %pushi/vec4 0, 0, 32; draw_string_vec4
    %concat/vec4; draw_string_vec4
    %pushi/vec4 0, 0, 32; draw_string_vec4
    %concat/vec4; draw_string_vec4
    %pushi/vec4 0, 0, 32; draw_string_vec4
    %concat/vec4; draw_string_vec4
    %pushi/vec4 0, 0, 32; draw_string_vec4
    %concat/vec4; draw_string_vec4
    %pushi/vec4 0, 0, 32; draw_string_vec4
    %concat/vec4; draw_string_vec4
    %pushi/vec4 21573, 0, 32; draw_string_vec4
    %concat/vec4; draw_string_vec4
    %pushi/vec4 1398038342, 0, 32; draw_string_vec4
    %concat/vec4; draw_string_vec4
    %pushi/vec4 1229735251, 0, 32; draw_string_vec4
    %concat/vec4; draw_string_vec4
    %pushi/vec4 795698541, 0, 32; draw_string_vec4
    %concat/vec4; draw_string_vec4
    %pushi/vec4 1601463667, 0, 32; draw_string_vec4
    %concat/vec4; draw_string_vec4
    %pushi/vec4 1949381215, 0, 32; draw_string_vec4
    %concat/vec4; draw_string_vec4
    %pushi/vec4 1819242087, 0, 32; draw_string_vec4
    %concat/vec4; draw_string_vec4
    %pushi/vec4 1601004909, 0, 32; draw_string_vec4
    %concat/vec4; draw_string_vec4
    %pushi/vec4 778921325, 0, 32; draw_string_vec4
    %concat/vec4; draw_string_vec4
    %store/vec4 v00000260a32b06e0_0, 0, 512;
    %pushi/vec4 10, 0, 5;
    %store/vec4 v00000260a32af420_0, 0, 5;
    %pushi/vec4 259, 0, 32;
    %store/vec4 v00000260a32af1a0_0, 0, 32;
    %pushi/vec4 0, 0, 1;
    %store/vec4 v00000260a32bb110_0, 0, 1;
    %jmp T_76.30;
T_76.14 ;
    %pushi/vec4 0, 0, 32; draw_string_vec4
    %pushi/vec4 0, 0, 32; draw_string_vec4
    %concat/vec4; draw_string_vec4
    %pushi/vec4 0, 0, 32; draw_string_vec4
    %concat/vec4; draw_string_vec4
    %pushi/vec4 0, 0, 32; draw_string_vec4
    %concat/vec4; draw_string_vec4
    %pushi/vec4 0, 0, 32; draw_string_vec4
    %concat/vec4; draw_string_vec4
    %pushi/vec4 0, 0, 32; draw_string_vec4
    %concat/vec4; draw_string_vec4
    %pushi/vec4 0, 0, 32; draw_string_vec4
    %concat/vec4; draw_string_vec4
    %pushi/vec4 0, 0, 32; draw_string_vec4
    %concat/vec4; draw_string_vec4
    %pushi/vec4 1413829460, 0, 32; draw_string_vec4
    %concat/vec4; draw_string_vec4
    %pushi/vec4 1598441804, 0, 32; draw_string_vec4
    %concat/vec4; draw_string_vec4
    %pushi/vec4 1163079533, 0, 32; draw_string_vec4
    %concat/vec4; draw_string_vec4
    %pushi/vec4 1701666676, 0, 32; draw_string_vec4
    %concat/vec4; draw_string_vec4
    %pushi/vec4 1702065201, 0, 32; draw_string_vec4
    %concat/vec4; draw_string_vec4
    %pushi/vec4 861893492, 0, 32; draw_string_vec4
    %concat/vec4; draw_string_vec4
    %pushi/vec4 1919251315, 0, 32; draw_string_vec4
    %concat/vec4; draw_string_vec4
    %pushi/vec4 778921325, 0, 32; draw_string_vec4
    %concat/vec4; draw_string_vec4
    %store/vec4 v00000260a32b06e0_0, 0, 512;
    %pushi/vec4 8, 0, 5;
    %store/vec4 v00000260a32af420_0, 0, 5;
    %pushi/vec4 755387550, 0, 32;
    %store/vec4 v00000260a32af1a0_0, 0, 32;
    %pushi/vec4 0, 0, 1;
    %store/vec4 v00000260a32bb110_0, 0, 1;
    %pushi/vec4 20000, 0, 32;
    %store/vec4 v00000260a32af740_0, 0, 32;
    %jmp T_76.30;
T_76.15 ;
    %pushi/vec4 0, 0, 32; draw_string_vec4
    %pushi/vec4 0, 0, 32; draw_string_vec4
    %concat/vec4; draw_string_vec4
    %pushi/vec4 0, 0, 32; draw_string_vec4
    %concat/vec4; draw_string_vec4
    %pushi/vec4 0, 0, 32; draw_string_vec4
    %concat/vec4; draw_string_vec4
    %pushi/vec4 0, 0, 32; draw_string_vec4
    %concat/vec4; draw_string_vec4
    %pushi/vec4 0, 0, 32; draw_string_vec4
    %concat/vec4; draw_string_vec4
    %pushi/vec4 0, 0, 32; draw_string_vec4
    %concat/vec4; draw_string_vec4
    %pushi/vec4 84, 0, 32; draw_string_vec4
    %concat/vec4; draw_string_vec4
    %pushi/vec4 1163088991, 0, 32; draw_string_vec4
    %concat/vec4; draw_string_vec4
    %pushi/vec4 1179208773, 0, 32; draw_string_vec4
    %concat/vec4; draw_string_vec4
    %pushi/vec4 1395617125, 0, 32; draw_string_vec4
    %concat/vec4; draw_string_vec4
    %pushi/vec4 1834972261, 0, 32; draw_string_vec4
    %concat/vec4; draw_string_vec4
    %pushi/vec4 1936994612, 0, 32; draw_string_vec4
    %concat/vec4; draw_string_vec4
    %pushi/vec4 1600742495, 0, 32; draw_string_vec4
    %concat/vec4; draw_string_vec4
    %pushi/vec4 1835627379, 0, 32; draw_string_vec4
    %concat/vec4; draw_string_vec4
    %pushi/vec4 778921325, 0, 32; draw_string_vec4
    %concat/vec4; draw_string_vec4
    %store/vec4 v00000260a32b06e0_0, 0, 512;
    %pushi/vec4 8, 0, 5;
    %store/vec4 v00000260a32af420_0, 0, 5;
    %pushi/vec4 196596, 0, 32;
    %store/vec4 v00000260a32af1a0_0, 0, 32;
    %pushi/vec4 0, 0, 1;
    %store/vec4 v00000260a32bb110_0, 0, 1;
    %pushi/vec4 20000, 0, 32;
    %store/vec4 v00000260a32af740_0, 0, 32;
    %jmp T_76.30;
T_76.16 ;
    %pushi/vec4 0, 0, 32; draw_string_vec4
    %pushi/vec4 0, 0, 32; draw_string_vec4
    %concat/vec4; draw_string_vec4
    %pushi/vec4 0, 0, 32; draw_string_vec4
    %concat/vec4; draw_string_vec4
    %pushi/vec4 0, 0, 32; draw_string_vec4
    %concat/vec4; draw_string_vec4
    %pushi/vec4 0, 0, 32; draw_string_vec4
    %concat/vec4; draw_string_vec4
    %pushi/vec4 0, 0, 32; draw_string_vec4
    %concat/vec4; draw_string_vec4
    %pushi/vec4 0, 0, 32; draw_string_vec4
    %concat/vec4; draw_string_vec4
    %pushi/vec4 0, 0, 32; draw_string_vec4
    %concat/vec4; draw_string_vec4
    %pushi/vec4 1413829460, 0, 32; draw_string_vec4
    %concat/vec4; draw_string_vec4
    %pushi/vec4 1598441804, 0, 32; draw_string_vec4
    %concat/vec4; draw_string_vec4
    %pushi/vec4 1163079533, 0, 32; draw_string_vec4
    %concat/vec4; draw_string_vec4
    %pushi/vec4 1701666676, 0, 32; draw_string_vec4
    %concat/vec4; draw_string_vec4
    %pushi/vec4 1702065201, 0, 32; draw_string_vec4
    %concat/vec4; draw_string_vec4
    %pushi/vec4 1600220277, 0, 32; draw_string_vec4
    %concat/vec4; draw_string_vec4
    %pushi/vec4 1600550756, 0, 32; draw_string_vec4
    %concat/vec4; draw_string_vec4
    %pushi/vec4 778921325, 0, 32; draw_string_vec4
    %concat/vec4; draw_string_vec4
    %store/vec4 v00000260a32b06e0_0, 0, 512;
    %pushi/vec4 1, 0, 1;
    %store/vec4 v00000260a32b00a0_0, 0, 1;
    %pushi/vec4 0, 0, 5;
    %store/vec4 v00000260a32af420_0, 0, 5;
    %pushi/vec4 0, 0, 32;
    %store/vec4 v00000260a32af1a0_0, 0, 32;
    %pushi/vec4 0, 0, 1;
    %store/vec4 v00000260a32bb110_0, 0, 1;
    %pushi/vec4 2000, 0, 32;
    %store/vec4 v00000260a32af740_0, 0, 32;
    %jmp T_76.30;
T_76.17 ;
    %pushi/vec4 0, 0, 32; draw_string_vec4
    %pushi/vec4 0, 0, 32; draw_string_vec4
    %concat/vec4; draw_string_vec4
    %pushi/vec4 0, 0, 32; draw_string_vec4
    %concat/vec4; draw_string_vec4
    %pushi/vec4 0, 0, 32; draw_string_vec4
    %concat/vec4; draw_string_vec4
    %pushi/vec4 0, 0, 32; draw_string_vec4
    %concat/vec4; draw_string_vec4
    %pushi/vec4 0, 0, 32; draw_string_vec4
    %concat/vec4; draw_string_vec4
    %pushi/vec4 0, 0, 32; draw_string_vec4
    %concat/vec4; draw_string_vec4
    %pushi/vec4 5522771, 0, 32; draw_string_vec4
    %concat/vec4; draw_string_vec4
    %pushi/vec4 1415530057, 0, 32; draw_string_vec4
    %concat/vec4; draw_string_vec4
    %pushi/vec4 1279611695, 0, 32; draw_string_vec4
    %concat/vec4; draw_string_vec4
    %pushi/vec4 1835363679, 0, 32; draw_string_vec4
    %concat/vec4; draw_string_vec4
    %pushi/vec4 1952805748, 0, 32; draw_string_vec4
    %concat/vec4; draw_string_vec4
    %pushi/vec4 895446127, 0, 32; draw_string_vec4
    %concat/vec4; draw_string_vec4
    %pushi/vec4 1633967987, 0, 32; draw_string_vec4
    %concat/vec4; draw_string_vec4
    %pushi/vec4 1953460837, 0, 32; draw_string_vec4
    %concat/vec4; draw_string_vec4
    %pushi/vec4 778921325, 0, 32; draw_string_vec4
    %concat/vec4; draw_string_vec4
    %store/vec4 v00000260a32b06e0_0, 0, 512;
    %pushi/vec4 1, 0, 1;
    %store/vec4 v00000260a32ad800_0, 0, 1;
    %pushi/vec4 0, 0, 5;
    %store/vec4 v00000260a32af420_0, 0, 5;
    %pushi/vec4 0, 0, 32;
    %store/vec4 v00000260a32af1a0_0, 0, 32;
    %pushi/vec4 0, 0, 1;
    %store/vec4 v00000260a32bb110_0, 0, 1;
    %pushi/vec4 4000, 0, 32;
    %store/vec4 v00000260a32af740_0, 0, 32;
    %jmp T_76.30;
T_76.18 ;
    %pushi/vec4 0, 0, 32; draw_string_vec4
    %pushi/vec4 0, 0, 32; draw_string_vec4
    %concat/vec4; draw_string_vec4
    %pushi/vec4 0, 0, 32; draw_string_vec4
    %concat/vec4; draw_string_vec4
    %pushi/vec4 0, 0, 32; draw_string_vec4
    %concat/vec4; draw_string_vec4
    %pushi/vec4 0, 0, 32; draw_string_vec4
    %concat/vec4; draw_string_vec4
    %pushi/vec4 0, 0, 32; draw_string_vec4
    %concat/vec4; draw_string_vec4
    %pushi/vec4 5522771, 0, 32; draw_string_vec4
    %concat/vec4; draw_string_vec4
    %pushi/vec4 1415530057, 0, 32; draw_string_vec4
    %concat/vec4; draw_string_vec4
    %pushi/vec4 1279611695, 0, 32; draw_string_vec4
    %concat/vec4; draw_string_vec4
    %pushi/vec4 1835363679, 0, 32; draw_string_vec4
    %concat/vec4; draw_string_vec4
    %pushi/vec4 1952805748, 0, 32; draw_string_vec4
    %concat/vec4; draw_string_vec4
    %pushi/vec4 825712489, 0, 32; draw_string_vec4
    %concat/vec4; draw_string_vec4
    %pushi/vec4 1667326824, 0, 32; draw_string_vec4
    %concat/vec4; draw_string_vec4
    %pushi/vec4 1700754292, 0, 32; draw_string_vec4
    %concat/vec4; draw_string_vec4
    %pushi/vec4 1919251315, 0, 32; draw_string_vec4
    %concat/vec4; draw_string_vec4
    %pushi/vec4 778921325, 0, 32; draw_string_vec4
    %concat/vec4; draw_string_vec4
    %store/vec4 v00000260a32b06e0_0, 0, 512;
    %pushi/vec4 4, 0, 5;
    %store/vec4 v00000260a32af420_0, 0, 5;
    %pushi/vec4 17, 0, 32;
    %store/vec4 v00000260a32af1a0_0, 0, 32;
    %pushi/vec4 1, 0, 1;
    %store/vec4 v00000260a32bb110_0, 0, 1;
    %pushi/vec4 8000, 0, 32;
    %store/vec4 v00000260a32af740_0, 0, 32;
    %jmp T_76.30;
T_76.19 ;
    %pushi/vec4 0, 0, 32; draw_string_vec4
    %pushi/vec4 0, 0, 32; draw_string_vec4
    %concat/vec4; draw_string_vec4
    %pushi/vec4 0, 0, 32; draw_string_vec4
    %concat/vec4; draw_string_vec4
    %pushi/vec4 0, 0, 32; draw_string_vec4
    %concat/vec4; draw_string_vec4
    %pushi/vec4 0, 0, 32; draw_string_vec4
    %concat/vec4; draw_string_vec4
    %pushi/vec4 0, 0, 32; draw_string_vec4
    %concat/vec4; draw_string_vec4
    %pushi/vec4 0, 0, 32; draw_string_vec4
    %concat/vec4; draw_string_vec4
    %pushi/vec4 5522771, 0, 32; draw_string_vec4
    %concat/vec4; draw_string_vec4
    %pushi/vec4 1415530057, 0, 32; draw_string_vec4
    %concat/vec4; draw_string_vec4
    %pushi/vec4 1279611695, 0, 32; draw_string_vec4
    %concat/vec4; draw_string_vec4
    %pushi/vec4 1835363679, 0, 32; draw_string_vec4
    %concat/vec4; draw_string_vec4
    %pushi/vec4 1952805748, 0, 32; draw_string_vec4
    %concat/vec4; draw_string_vec4
    %pushi/vec4 825778020, 0, 32; draw_string_vec4
    %concat/vec4; draw_string_vec4
    %pushi/vec4 1667326824, 0, 32; draw_string_vec4
    %concat/vec4; draw_string_vec4
    %pushi/vec4 1700755298, 0, 32; draw_string_vec4
    %concat/vec4; draw_string_vec4
    %pushi/vec4 778921325, 0, 32; draw_string_vec4
    %concat/vec4; draw_string_vec4
    %store/vec4 v00000260a32b06e0_0, 0, 512;
    %pushi/vec4 8, 0, 5;
    %store/vec4 v00000260a32af420_0, 0, 5;
    %pushi/vec4 17, 0, 32;
    %store/vec4 v00000260a32af1a0_0, 0, 32;
    %pushi/vec4 0, 0, 1;
    %store/vec4 v00000260a32bb110_0, 0, 1;
    %pushi/vec4 8000, 0, 32;
    %store/vec4 v00000260a32af740_0, 0, 32;
    %jmp T_76.30;
T_76.20 ;
    %pushi/vec4 0, 0, 32; draw_string_vec4
    %pushi/vec4 0, 0, 32; draw_string_vec4
    %concat/vec4; draw_string_vec4
    %pushi/vec4 0, 0, 32; draw_string_vec4
    %concat/vec4; draw_string_vec4
    %pushi/vec4 0, 0, 32; draw_string_vec4
    %concat/vec4; draw_string_vec4
    %pushi/vec4 0, 0, 32; draw_string_vec4
    %concat/vec4; draw_string_vec4
    %pushi/vec4 0, 0, 32; draw_string_vec4
    %concat/vec4; draw_string_vec4
    %pushi/vec4 5522771, 0, 32; draw_string_vec4
    %concat/vec4; draw_string_vec4
    %pushi/vec4 1415530057, 0, 32; draw_string_vec4
    %concat/vec4; draw_string_vec4
    %pushi/vec4 1279611695, 0, 32; draw_string_vec4
    %concat/vec4; draw_string_vec4
    %pushi/vec4 1835363679, 0, 32; draw_string_vec4
    %concat/vec4; draw_string_vec4
    %pushi/vec4 1952805748, 0, 32; draw_string_vec4
    %concat/vec4; draw_string_vec4
    %pushi/vec4 825843560, 0, 32; draw_string_vec4
    %concat/vec4; draw_string_vec4
    %pushi/vec4 1635410290, 0, 32; draw_string_vec4
    %concat/vec4; draw_string_vec4
    %pushi/vec4 1683972722, 0, 32; draw_string_vec4
    %concat/vec4; draw_string_vec4
    %pushi/vec4 1634624360, 0, 32; draw_string_vec4
    %concat/vec4; draw_string_vec4
    %pushi/vec4 778921325, 0, 32; draw_string_vec4
    %concat/vec4; draw_string_vec4
    %store/vec4 v00000260a32b06e0_0, 0, 512;
    %pushi/vec4 6, 0, 5;
    %store/vec4 v00000260a32af420_0, 0, 5;
    %pushi/vec4 204, 0, 32;
    %store/vec4 v00000260a32af1a0_0, 0, 32;
    %pushi/vec4 0, 0, 1;
    %store/vec4 v00000260a32bb110_0, 0, 1;
    %pushi/vec4 4000, 0, 32;
    %store/vec4 v00000260a32af740_0, 0, 32;
    %jmp T_76.30;
T_76.21 ;
    %pushi/vec4 0, 0, 32; draw_string_vec4
    %pushi/vec4 0, 0, 32; draw_string_vec4
    %concat/vec4; draw_string_vec4
    %pushi/vec4 0, 0, 32; draw_string_vec4
    %concat/vec4; draw_string_vec4
    %pushi/vec4 0, 0, 32; draw_string_vec4
    %concat/vec4; draw_string_vec4
    %pushi/vec4 0, 0, 32; draw_string_vec4
    %concat/vec4; draw_string_vec4
    %pushi/vec4 0, 0, 32; draw_string_vec4
    %concat/vec4; draw_string_vec4
    %pushi/vec4 0, 0, 32; draw_string_vec4
    %concat/vec4; draw_string_vec4
    %pushi/vec4 21573, 0, 32; draw_string_vec4
    %concat/vec4; draw_string_vec4
    %pushi/vec4 1398038342, 0, 32; draw_string_vec4
    %concat/vec4; draw_string_vec4
    %pushi/vec4 1229735251, 0, 32; draw_string_vec4
    %concat/vec4; draw_string_vec4
    %pushi/vec4 795698541, 0, 32; draw_string_vec4
    %concat/vec4; draw_string_vec4
    %pushi/vec4 1601463667, 0, 32; draw_string_vec4
    %concat/vec4; draw_string_vec4
    %pushi/vec4 1949446239, 0, 32; draw_string_vec4
    %concat/vec4; draw_string_vec4
    %pushi/vec4 1819242087, 0, 32; draw_string_vec4
    %concat/vec4; draw_string_vec4
    %pushi/vec4 1601005944, 0, 32; draw_string_vec4
    %concat/vec4; draw_string_vec4
    %pushi/vec4 778921325, 0, 32; draw_string_vec4
    %concat/vec4; draw_string_vec4
    %store/vec4 v00000260a32b06e0_0, 0, 512;
    %pushi/vec4 8, 0, 5;
    %store/vec4 v00000260a32af420_0, 0, 5;
    %pushi/vec4 90, 0, 32;
    %store/vec4 v00000260a32af1a0_0, 0, 32;
    %pushi/vec4 0, 0, 1;
    %store/vec4 v00000260a32bb110_0, 0, 1;
    %pushi/vec4 50000, 0, 32;
    %store/vec4 v00000260a32af740_0, 0, 32;
    %jmp T_76.30;
T_76.22 ;
    %pushi/vec4 0, 0, 32; draw_string_vec4
    %pushi/vec4 0, 0, 32; draw_string_vec4
    %concat/vec4; draw_string_vec4
    %pushi/vec4 0, 0, 32; draw_string_vec4
    %concat/vec4; draw_string_vec4
    %pushi/vec4 0, 0, 32; draw_string_vec4
    %concat/vec4; draw_string_vec4
    %pushi/vec4 0, 0, 32; draw_string_vec4
    %concat/vec4; draw_string_vec4
    %pushi/vec4 0, 0, 32; draw_string_vec4
    %concat/vec4; draw_string_vec4
    %pushi/vec4 84, 0, 32; draw_string_vec4
    %concat/vec4; draw_string_vec4
    %pushi/vec4 1163088991, 0, 32; draw_string_vec4
    %concat/vec4; draw_string_vec4
    %pushi/vec4 1179208773, 0, 32; draw_string_vec4
    %concat/vec4; draw_string_vec4
    %pushi/vec4 1395617125, 0, 32; draw_string_vec4
    %concat/vec4; draw_string_vec4
    %pushi/vec4 1834972261, 0, 32; draw_string_vec4
    %concat/vec4; draw_string_vec4
    %pushi/vec4 1936994865, 0, 32; draw_string_vec4
    %concat/vec4; draw_string_vec4
    %pushi/vec4 1600941934, 0, 32; draw_string_vec4
    %concat/vec4; draw_string_vec4
    %pushi/vec4 1734304370, 0, 32; draw_string_vec4
    %concat/vec4; draw_string_vec4
    %pushi/vec4 1634624360, 0, 32; draw_string_vec4
    %concat/vec4; draw_string_vec4
    %pushi/vec4 778921325, 0, 32; draw_string_vec4
    %concat/vec4; draw_string_vec4
    %store/vec4 v00000260a32b06e0_0, 0, 512;
    %pushi/vec4 8, 0, 5;
    %store/vec4 v00000260a32af420_0, 0, 5;
    %pushi/vec4 90, 0, 32;
    %store/vec4 v00000260a32af1a0_0, 0, 32;
    %pushi/vec4 0, 0, 1;
    %store/vec4 v00000260a32bb110_0, 0, 1;
    %pushi/vec4 200000, 0, 32;
    %store/vec4 v00000260a32af740_0, 0, 32;
    %jmp T_76.30;
T_76.23 ;
    %pushi/vec4 0, 0, 32; draw_string_vec4
    %pushi/vec4 0, 0, 32; draw_string_vec4
    %concat/vec4; draw_string_vec4
    %pushi/vec4 0, 0, 32; draw_string_vec4
    %concat/vec4; draw_string_vec4
    %pushi/vec4 0, 0, 32; draw_string_vec4
    %concat/vec4; draw_string_vec4
    %pushi/vec4 0, 0, 32; draw_string_vec4
    %concat/vec4; draw_string_vec4
    %pushi/vec4 0, 0, 32; draw_string_vec4
    %concat/vec4; draw_string_vec4
    %pushi/vec4 1413829460, 0, 32; draw_string_vec4
    %concat/vec4; draw_string_vec4
    %pushi/vec4 1598441804, 0, 32; draw_string_vec4
    %concat/vec4; draw_string_vec4
    %pushi/vec4 1163079533, 0, 32; draw_string_vec4
    %concat/vec4; draw_string_vec4
    %pushi/vec4 1701666676, 0, 32; draw_string_vec4
    %concat/vec4; draw_string_vec4
    %pushi/vec4 1702065202, 0, 32; draw_string_vec4
    %concat/vec4; draw_string_vec4
    %pushi/vec4 845111922, 0, 32; draw_string_vec4
    %concat/vec4; draw_string_vec4
    %pushi/vec4 1634624360, 0, 32; draw_string_vec4
    %concat/vec4; draw_string_vec4
    %pushi/vec4 1601004909, 0, 32; draw_string_vec4
    %concat/vec4; draw_string_vec4
    %pushi/vec4 1601005944, 0, 32; draw_string_vec4
    %concat/vec4; draw_string_vec4
    %pushi/vec4 778921325, 0, 32; draw_string_vec4
    %concat/vec4; draw_string_vec4
    %store/vec4 v00000260a32b06e0_0, 0, 512;
    %pushi/vec4 8, 0, 5;
    %store/vec4 v00000260a32af420_0, 0, 5;
    %pushi/vec4 85, 0, 32;
    %store/vec4 v00000260a32af1a0_0, 0, 32;
    %pushi/vec4 0, 0, 1;
    %store/vec4 v00000260a32bb110_0, 0, 1;
    %pushi/vec4 10000, 0, 32;
    %store/vec4 v00000260a32af740_0, 0, 32;
    %jmp T_76.30;
T_76.24 ;
    %pushi/vec4 0, 0, 32; draw_string_vec4
    %pushi/vec4 0, 0, 32; draw_string_vec4
    %concat/vec4; draw_string_vec4
    %pushi/vec4 0, 0, 32; draw_string_vec4
    %concat/vec4; draw_string_vec4
    %pushi/vec4 0, 0, 32; draw_string_vec4
    %concat/vec4; draw_string_vec4
    %pushi/vec4 0, 0, 32; draw_string_vec4
    %concat/vec4; draw_string_vec4
    %pushi/vec4 0, 0, 32; draw_string_vec4
    %concat/vec4; draw_string_vec4
    %pushi/vec4 0, 0, 32; draw_string_vec4
    %concat/vec4; draw_string_vec4
    %pushi/vec4 0, 0, 32; draw_string_vec4
    %concat/vec4; draw_string_vec4
    %pushi/vec4 1413829460, 0, 32; draw_string_vec4
    %concat/vec4; draw_string_vec4
    %pushi/vec4 1598441804, 0, 32; draw_string_vec4
    %concat/vec4; draw_string_vec4
    %pushi/vec4 1163079533, 0, 32; draw_string_vec4
    %concat/vec4; draw_string_vec4
    %pushi/vec4 1701666676, 0, 32; draw_string_vec4
    %concat/vec4; draw_string_vec4
    %pushi/vec4 1702065202, 0, 32; draw_string_vec4
    %concat/vec4; draw_string_vec4
    %pushi/vec4 845112946, 0, 32; draw_string_vec4
    %concat/vec4; draw_string_vec4
    %pushi/vec4 1869438819, 0, 32; draw_string_vec4
    %concat/vec4; draw_string_vec4
    %pushi/vec4 778921325, 0, 32; draw_string_vec4
    %concat/vec4; draw_string_vec4
    %store/vec4 v00000260a32b06e0_0, 0, 512;
    %pushi/vec4 8, 0, 5;
    %store/vec4 v00000260a32af420_0, 0, 5;
    %pushi/vec4 85, 0, 32;
    %store/vec4 v00000260a32af1a0_0, 0, 32;
    %pushi/vec4 0, 0, 1;
    %store/vec4 v00000260a32bb110_0, 0, 1;
    %pushi/vec4 20000, 0, 32;
    %store/vec4 v00000260a32af740_0, 0, 32;
    %jmp T_76.30;
T_76.25 ;
    %pushi/vec4 0, 0, 32; draw_string_vec4
    %pushi/vec4 0, 0, 32; draw_string_vec4
    %concat/vec4; draw_string_vec4
    %pushi/vec4 0, 0, 32; draw_string_vec4
    %concat/vec4; draw_string_vec4
    %pushi/vec4 0, 0, 32; draw_string_vec4
    %concat/vec4; draw_string_vec4
    %pushi/vec4 0, 0, 32; draw_string_vec4
    %concat/vec4; draw_string_vec4
    %pushi/vec4 0, 0, 32; draw_string_vec4
    %concat/vec4; draw_string_vec4
    %pushi/vec4 0, 0, 32; draw_string_vec4
    %concat/vec4; draw_string_vec4
    %pushi/vec4 0, 0, 32; draw_string_vec4
    %concat/vec4; draw_string_vec4
    %pushi/vec4 1413829460, 0, 32; draw_string_vec4
    %concat/vec4; draw_string_vec4
    %pushi/vec4 1598441804, 0, 32; draw_string_vec4
    %concat/vec4; draw_string_vec4
    %pushi/vec4 1163079533, 0, 32; draw_string_vec4
    %concat/vec4; draw_string_vec4
    %pushi/vec4 1701666676, 0, 32; draw_string_vec4
    %concat/vec4; draw_string_vec4
    %pushi/vec4 1702065202, 0, 32; draw_string_vec4
    %concat/vec4; draw_string_vec4
    %pushi/vec4 878667378, 0, 32; draw_string_vec4
    %concat/vec4; draw_string_vec4
    %pushi/vec4 1869438819, 0, 32; draw_string_vec4
    %concat/vec4; draw_string_vec4
    %pushi/vec4 778921325, 0, 32; draw_string_vec4
    %concat/vec4; draw_string_vec4
    %store/vec4 v00000260a32b06e0_0, 0, 512;
    %pushi/vec4 8, 0, 5;
    %store/vec4 v00000260a32af420_0, 0, 5;
    %pushi/vec4 604029150, 0, 32;
    %store/vec4 v00000260a32af1a0_0, 0, 32;
    %pushi/vec4 0, 0, 1;
    %store/vec4 v00000260a32bb110_0, 0, 1;
    %pushi/vec4 200000, 0, 32;
    %store/vec4 v00000260a32af740_0, 0, 32;
    %jmp T_76.30;
T_76.26 ;
    %pushi/vec4 0, 0, 32; draw_string_vec4
    %pushi/vec4 0, 0, 32; draw_string_vec4
    %concat/vec4; draw_string_vec4
    %pushi/vec4 0, 0, 32; draw_string_vec4
    %concat/vec4; draw_string_vec4
    %pushi/vec4 0, 0, 32; draw_string_vec4
    %concat/vec4; draw_string_vec4
    %pushi/vec4 0, 0, 32; draw_string_vec4
    %concat/vec4; draw_string_vec4
    %pushi/vec4 21573, 0, 32; draw_string_vec4
    %concat/vec4; draw_string_vec4
    %pushi/vec4 1398038342, 0, 32; draw_string_vec4
    %concat/vec4; draw_string_vec4
    %pushi/vec4 1229735251, 0, 32; draw_string_vec4
    %concat/vec4; draw_string_vec4
    %pushi/vec4 795698541, 0, 32; draw_string_vec4
    %concat/vec4; draw_string_vec4
    %pushi/vec4 1601463667, 0, 32; draw_string_vec4
    %concat/vec4; draw_string_vec4
    %pushi/vec4 1949447519, 0, 32; draw_string_vec4
    %concat/vec4; draw_string_vec4
    %pushi/vec4 1634495583, 0, 32; draw_string_vec4
    %concat/vec4; draw_string_vec4
    %pushi/vec4 1768846196, 0, 32; draw_string_vec4
    %concat/vec4; draw_string_vec4
    %pushi/vec4 1918858100, 0, 32; draw_string_vec4
    %concat/vec4; draw_string_vec4
    %pushi/vec4 1919251315, 0, 32; draw_string_vec4
    %concat/vec4; draw_string_vec4
    %pushi/vec4 778921325, 0, 32; draw_string_vec4
    %concat/vec4; draw_string_vec4
    %store/vec4 v00000260a32b06e0_0, 0, 512;
    %pushi/vec4 10, 0, 5;
    %store/vec4 v00000260a32af420_0, 0, 5;
    %pushi/vec4 3735889407, 0, 32;
    %store/vec4 v00000260a32af1a0_0, 0, 32;
    %pushi/vec4 0, 0, 1;
    %store/vec4 v00000260a32bb110_0, 0, 1;
    %pushi/vec4 100000, 0, 32;
    %store/vec4 v00000260a32af740_0, 0, 32;
    %jmp T_76.30;
T_76.27 ;
    %pushi/vec4 0, 0, 32; draw_string_vec4
    %pushi/vec4 0, 0, 32; draw_string_vec4
    %concat/vec4; draw_string_vec4
    %pushi/vec4 0, 0, 32; draw_string_vec4
    %concat/vec4; draw_string_vec4
    %pushi/vec4 0, 0, 32; draw_string_vec4
    %concat/vec4; draw_string_vec4
    %pushi/vec4 0, 0, 32; draw_string_vec4
    %concat/vec4; draw_string_vec4
    %pushi/vec4 0, 0, 32; draw_string_vec4
    %concat/vec4; draw_string_vec4
    %pushi/vec4 21573, 0, 32; draw_string_vec4
    %concat/vec4; draw_string_vec4
    %pushi/vec4 1398038342, 0, 32; draw_string_vec4
    %concat/vec4; draw_string_vec4
    %pushi/vec4 1229735251, 0, 32; draw_string_vec4
    %concat/vec4; draw_string_vec4
    %pushi/vec4 795698541, 0, 32; draw_string_vec4
    %concat/vec4; draw_string_vec4
    %pushi/vec4 1601463667, 0, 32; draw_string_vec4
    %concat/vec4; draw_string_vec4
    %pushi/vec4 1949447775, 0, 32; draw_string_vec4
    %concat/vec4; draw_string_vec4
    %pushi/vec4 1835628645, 0, 32; draw_string_vec4
    %concat/vec4; draw_string_vec4
    %pushi/vec4 1683977076, 0, 32; draw_string_vec4
    %concat/vec4; draw_string_vec4
    %pushi/vec4 1919251315, 0, 32; draw_string_vec4
    %concat/vec4; draw_string_vec4
    %pushi/vec4 778921325, 0, 32; draw_string_vec4
    %concat/vec4; draw_string_vec4
    %store/vec4 v00000260a32b06e0_0, 0, 512;
    %pushi/vec4 10, 0, 5;
    %store/vec4 v00000260a32af420_0, 0, 5;
    %pushi/vec4 637583582, 0, 32;
    %store/vec4 v00000260a32af1a0_0, 0, 32;
    %pushi/vec4 0, 0, 1;
    %store/vec4 v00000260a32bb110_0, 0, 1;
    %pushi/vec4 220000, 0, 32;
    %store/vec4 v00000260a32af740_0, 0, 32;
    %jmp T_76.30;
T_76.28 ;
    %pushi/vec4 0, 0, 32; draw_string_vec4
    %pushi/vec4 0, 0, 32; draw_string_vec4
    %concat/vec4; draw_string_vec4
    %pushi/vec4 0, 0, 32; draw_string_vec4
    %concat/vec4; draw_string_vec4
    %pushi/vec4 0, 0, 32; draw_string_vec4
    %concat/vec4; draw_string_vec4
    %pushi/vec4 0, 0, 32; draw_string_vec4
    %concat/vec4; draw_string_vec4
    %pushi/vec4 1413829460, 0, 32; draw_string_vec4
    %concat/vec4; draw_string_vec4
    %pushi/vec4 1598441804, 0, 32; draw_string_vec4
    %concat/vec4; draw_string_vec4
    %pushi/vec4 1163079533, 0, 32; draw_string_vec4
    %concat/vec4; draw_string_vec4
    %pushi/vec4 1701666676, 0, 32; draw_string_vec4
    %concat/vec4; draw_string_vec4
    %pushi/vec4 1702065202, 0, 32; draw_string_vec4
    %concat/vec4; draw_string_vec4
    %pushi/vec4 928999029, 0, 32; draw_string_vec4
    %concat/vec4; draw_string_vec4
    %pushi/vec4 1819041651, 0, 32; draw_string_vec4
    %concat/vec4; draw_string_vec4
    %pushi/vec4 2037609573, 0, 32; draw_string_vec4
    %concat/vec4; draw_string_vec4
    %pushi/vec4 1834972020, 0, 32; draw_string_vec4
    %concat/vec4; draw_string_vec4
    %pushi/vec4 1919251315, 0, 32; draw_string_vec4
    %concat/vec4; draw_string_vec4
    %pushi/vec4 778921325, 0, 32; draw_string_vec4
    %concat/vec4; draw_string_vec4
    %store/vec4 v00000260a32b06e0_0, 0, 512;
    %pushi/vec4 10, 0, 5;
    %store/vec4 v00000260a32af420_0, 0, 5;
    %pushi/vec4 654360798, 0, 32;
    %store/vec4 v00000260a32af1a0_0, 0, 32;
    %pushi/vec4 0, 0, 1;
    %store/vec4 v00000260a32bb110_0, 0, 1;
    %pushi/vec4 150000, 0, 32;
    %store/vec4 v00000260a32af740_0, 0, 32;
    %jmp T_76.30;
T_76.30 ;
    %pop/vec4 1;
    %vpi_func 3 1065 "$value$plusargs" 32, "MEMFILE=%s", v00000260a32b06e0_0 {0 0 0};
    %cmpi/ne 0, 0, 32;
    %jmp/0xz  T_76.31, 4;
T_76.31 ;
    %vpi_func 3 1068 "$value$plusargs" 32, "EXPECT_RD=%d", v00000260a32b08c0_0 {0 0 0};
    %cmpi/ne 0, 0, 32;
    %jmp/0xz  T_76.33, 4;
    %load/vec4 v00000260a32b08c0_0;
    %parti/s 5, 0, 2;
    %store/vec4 v00000260a32af420_0, 0, 5;
T_76.33 ;
    %vpi_func 3 1070 "$value$plusargs" 32, "EXPECT_VAL=%h", v00000260a32af1a0_0 {0 0 0};
    %cmpi/ne 0, 0, 32;
    %jmp/0xz  T_76.35, 4;
T_76.35 ;
    %vpi_func 3 1073 "$value$plusargs" 32, "MAXCYCLES=%d", v00000260a32af740_0 {0 0 0};
    %cmpi/ne 0, 0, 32;
    %jmp/0xz  T_76.37, 4;
T_76.37 ;
    %vpi_func 3 1076 "$value$plusargs" 32, "I_RSP_DELAY=%d", v00000260a32b0be0_0 {0 0 0};
    %cmpi/ne 0, 0, 32;
    %jmp/0xz  T_76.39, 4;
T_76.39 ;
    %vpi_func 3 1079 "$value$plusargs" 32, "D_RSP_DELAY=%d", v00000260a32ad760_0 {0 0 0};
    %cmpi/ne 0, 0, 32;
    %jmp/0xz  T_76.41, 4;
T_76.41 ;
    %vpi_func 3 1082 "$value$plusargs" 32, "I_ERR_ONCE=%d", v00000260a32b00a0_0 {0 0 0};
    %cmpi/ne 0, 0, 32;
    %jmp/0xz  T_76.43, 4;
T_76.43 ;
    %vpi_func 3 1085 "$value$plusargs" 32, "D_ERR_ONCE=%d", v00000260a32ad800_0 {0 0 0};
    %cmpi/ne 0, 0, 32;
    %jmp/0xz  T_76.45, 4;
T_76.45 ;
    %vpi_func 3 1088 "$value$plusargs" 32, "RAND_MEM=%d", v00000260a32bb570_0 {0 0 0};
    %cmpi/ne 0, 0, 32;
    %jmp/0xz  T_76.47, 4;
T_76.47 ;
    %vpi_func 3 1091 "$value$plusargs" 32, "SEED=%d", v00000260a32b93b0_0 {0 0 0};
    %cmpi/ne 0, 0, 32;
    %jmp/0xz  T_76.49, 4;
T_76.49 ;
    %vpi_func 3 1094 "$value$plusargs" 32, "RAND_I_MAX=%d", v00000260a32bb890_0 {0 0 0};
    %cmpi/ne 0, 0, 32;
    %jmp/0xz  T_76.51, 4;
T_76.51 ;
    %vpi_func 3 1097 "$value$plusargs" 32, "RAND_D_MAX=%d", v00000260a32bab70_0 {0 0 0};
    %cmpi/ne 0, 0, 32;
    %jmp/0xz  T_76.53, 4;
T_76.53 ;
    %vpi_func 3 1100 "$value$plusargs" 32, "ASSERT_EN=%d", v00000260a32aab00_0 {0 0 0};
    %cmpi/ne 0, 0, 32;
    %jmp/0xz  T_76.55, 4;
T_76.55 ;
    %vpi_func 3 1103 "$value$plusargs" 32, "STALL_WDOG=%d", v00000260a32b9d10_0 {0 0 0};
    %cmpi/ne 0, 0, 32;
    %jmp/0xz  T_76.57, 4;
T_76.57 ;
    %vpi_func 3 1106 "$value$plusargs" 32, "TRACE_EN=%d", v00000260a32bb390_0 {0 0 0};
    %cmpi/ne 0, 0, 32;
    %jmp/0xz  T_76.59, 4;
T_76.59 ;
    %vpi_func 3 1109 "$value$plusargs" 32, "TRACE_FILE=%s", v00000260a32b9270_0 {0 0 0};
    %cmpi/ne 0, 0, 32;
    %jmp/0xz  T_76.61, 4;
T_76.61 ;
    %vpi_func 3 1112 "$value$plusargs" 32, "COV_EN=%d", v00000260a32aaba0_0 {0 0 0};
    %cmpi/ne 0, 0, 32;
    %jmp/0xz  T_76.63, 4;
T_76.63 ;
    %vpi_func 3 1115 "$value$plusargs" 32, "COV_FILE=%s", v00000260a32ad120_0 {0 0 0};
    %cmpi/ne 0, 0, 32;
    %jmp/0xz  T_76.65, 4;
T_76.65 ;
    %vpi_func 3 1118 "$value$plusargs" 32, "STATE_COV_EN=%d", v00000260a32baad0_0 {0 0 0};
    %cmpi/ne 0, 0, 32;
    %jmp/0xz  T_76.67, 4;
T_76.67 ;
    %vpi_func 3 1121 "$value$plusargs" 32, "STATE_COV_FILE=%s", v00000260a32b9770_0 {0 0 0};
    %cmpi/ne 0, 0, 32;
    %jmp/0xz  T_76.69, 4;
T_76.69 ;
    %vpi_call/w 3 1125 "$display", "[TB CFG] TEST=%0d MEMFILE=%0s EXPECT_RD=x%0d EXPECT_VAL=0x%08x MAXCYCLES=%0d", v00000260a32bac10_0, v00000260a32b06e0_0, v00000260a32af420_0, v00000260a32af1a0_0, v00000260a32af740_0 {0 0 0};
    %vpi_call/w 3 1127 "$display", "[TB CFG] USE_MIG=%0d RESET_PC=0x%08x MEM_WORDS=%0d", P_00000260a3200af8, P_00000260a3200a18, P_00000260a32009e0 {0 0 0};
    %vpi_call/w 3 1129 "$display", "[TB CFG] RAND_MEM=%0d SEED=%0d RAND_I_MAX=%0d RAND_D_MAX=%0d ASSERT_EN=%0d STALL_WDOG=%0d", v00000260a32bb570_0, v00000260a32b93b0_0, v00000260a32bb890_0, v00000260a32bab70_0, v00000260a32aab00_0, v00000260a32b9d10_0 {0 0 0};
    %vpi_call/w 3 1131 "$display", "[TB CFG] TRACE_EN=%0d TRACE_FILE=%0s COV_EN=%0d COV_FILE=%0s", v00000260a32bb390_0, v00000260a32b9270_0, v00000260a32aaba0_0, v00000260a32ad120_0 {0 0 0};
    %vpi_call/w 3 1133 "$display", "[TB CFG] STATE_COV_EN=%0d STATE_COV_FILE=%0s", v00000260a32baad0_0, v00000260a32b9770_0 {0 0 0};
    %pushi/vec4 0, 0, 1;
    %store/vec4 v00000260a32ab960_0, 0, 1;
    %pushi/vec4 0, 0, 1;
    %store/vec4 v00000260a32bb1b0_0, 0, 1;
    %pushi/vec4 1, 0, 1;
    %store/vec4 v00000260a32ba490_0, 0, 1;
    %pushi/vec4 0, 0, 1;
    %store/vec4 v00000260a32af6a0_0, 0, 1;
    %pushi/vec4 0, 0, 64;
    %store/vec4 v00000260a32b0500_0, 0, 64;
    %pushi/vec4 0, 0, 1;
    %store/vec4 v00000260a32af920_0, 0, 1;
    %pushi/vec4 0, 0, 1;
    %store/vec4 v00000260a32af600_0, 0, 1;
    %pushi/vec4 0, 0, 1;
    %store/vec4 v00000260a32ac900_0, 0, 1;
    %pushi/vec4 0, 0, 64;
    %store/vec4 v00000260a32ac540_0, 0, 64;
    %pushi/vec4 0, 0, 1;
    %store/vec4 v00000260a32ad9e0_0, 0, 1;
    %pushi/vec4 0, 0, 1;
    %store/vec4 v00000260a32ae200_0, 0, 1;
    %pushi/vec4 0, 0, 1;
    %store/vec4 v00000260a32af560_0, 0, 1;
    %pushi/vec4 0, 0, 32;
    %store/vec4 v00000260a32af380_0, 0, 32;
    %pushi/vec4 0, 0, 2;
    %store/vec4 v00000260a32aee80_0, 0, 2;
    %pushi/vec4 0, 0, 3;
    %store/vec4 v00000260a32aef20_0, 0, 3;
    %pushi/vec4 0, 0, 8;
    %store/vec4 v00000260a32aede0_0, 0, 8;
    %pushi/vec4 0, 0, 32;
    %store/vec4 v00000260a32af4c0_0, 0, 32;
    %pushi/vec4 0, 0, 1;
    %store/vec4 v00000260a32afe20_0, 0, 1;
    %pushi/vec4 0, 0, 32;
    %store/vec4 v00000260a32b0aa0_0, 0, 32;
    %pushi/vec4 0, 0, 2;
    %store/vec4 v00000260a32aeac0_0, 0, 2;
    %pushi/vec4 0, 0, 3;
    %store/vec4 v00000260a32af9c0_0, 0, 3;
    %pushi/vec4 0, 0, 8;
    %store/vec4 v00000260a32afba0_0, 0, 8;
    %pushi/vec4 0, 0, 64;
    %store/vec4 v00000260a32b0b40_0, 0, 64;
    %pushi/vec4 0, 0, 8;
    %store/vec4 v00000260a32b0c80_0, 0, 8;
    %pushi/vec4 0, 0, 32;
    %store/vec4 v00000260a32b0000_0, 0, 32;
    %pushi/vec4 0, 0, 1;
    %store/vec4 v00000260a32aff60_0, 0, 1;
    %pushi/vec4 0, 0, 64;
    %store/vec4 v00000260a32afce0_0, 0, 64;
    %pushi/vec4 0, 0, 1;
    %store/vec4 v00000260a32b0d20_0, 0, 1;
    %pushi/vec4 0, 0, 1;
    %store/vec4 v00000260a32afd80_0, 0, 1;
    %pushi/vec4 0, 0, 32;
    %store/vec4 v00000260a32aeb60_0, 0, 32;
    %pushi/vec4 0, 0, 1;
    %store/vec4 v00000260a32b0820_0, 0, 1;
    %pushi/vec4 0, 0, 64;
    %store/vec4 v00000260a32aed40_0, 0, 64;
    %pushi/vec4 0, 0, 1;
    %store/vec4 v00000260a32b0640_0, 0, 1;
    %pushi/vec4 0, 0, 1;
    %store/vec4 v00000260a32afec0_0, 0, 1;
    %pushi/vec4 0, 0, 32;
    %store/vec4 v00000260a32b0a00_0, 0, 32;
    %pushi/vec4 0, 0, 32;
    %store/vec4 v00000260a32aa920_0, 0, 32;
    %pushi/vec4 0, 0, 32;
    %store/vec4 v00000260a32ac360_0, 0, 32;
    %pushi/vec4 0, 0, 32;
    %store/vec4 v00000260a32ae5c0_0, 0, 32;
    %pushi/vec4 0, 0, 32;
    %store/vec4 v00000260a32aba00_0, 0, 32;
    %pushi/vec4 0, 0, 32;
    %store/vec4 v00000260a32adc60_0, 0, 32;
    %pushi/vec4 0, 0, 32;
    %store/vec4 v00000260a32a9de0_0, 0, 32;
    %pushi/vec4 0, 0, 32;
    %store/vec4 v00000260a32acb80_0, 0, 32;
    %pushi/vec4 0, 0, 32;
    %store/vec4 v00000260a32ade40_0, 0, 32;
    %pushi/vec4 0, 0, 32;
    %store/vec4 v00000260a32ac4a0_0, 0, 32;
    %pushi/vec4 0, 0, 32;
    %store/vec4 v00000260a32aaa60_0, 0, 32;
    %pushi/vec4 0, 0, 32;
    %store/vec4 v00000260a32aa2e0_0, 0, 32;
    %pushi/vec4 0, 0, 32;
    %store/vec4 v00000260a32aa420_0, 0, 32;
    %pushi/vec4 0, 0, 32;
    %store/vec4 v00000260a32ac040_0, 0, 32;
    %pushi/vec4 0, 0, 32;
    %store/vec4 v00000260a32ac220_0, 0, 32;
    %pushi/vec4 0, 0, 32;
    %store/vec4 v00000260a32a9980_0, 0, 32;
    %pushi/vec4 0, 0, 32;
    %store/vec4 v00000260a32add00_0, 0, 32;
    %pushi/vec4 0, 0, 32;
    %store/vec4 v00000260a32ac0e0_0, 0, 32;
    %pushi/vec4 0, 0, 32;
    %store/vec4 v00000260a32ac2c0_0, 0, 32;
    %pushi/vec4 0, 0, 32;
    %store/vec4 v00000260a32acfe0_0, 0, 32;
    %pushi/vec4 0, 0, 32;
    %store/vec4 v00000260a32acea0_0, 0, 32;
    %pushi/vec4 0, 0, 32;
    %store/vec4 v00000260a32ac400_0, 0, 32;
    %pushi/vec4 0, 0, 32;
    %store/vec4 v00000260a32a9e80_0, 0, 32;
    %pushi/vec4 0, 0, 7;
    %store/vec4 v00000260a32ae840_0, 0, 7;
    %pushi/vec4 0, 0, 12;
    %store/vec4 v00000260a32aa7e0_0, 0, 12;
    %pushi/vec4 0, 0, 18;
    %store/vec4 v00000260a32ae520_0, 0, 18;
    %pushi/vec4 0, 0, 84;
    %store/vec4 v00000260a32acd60_0, 0, 84;
    %pushi/vec4 0, 0, 126;
    %store/vec4 v00000260a32acc20_0, 0, 126;
    %pushi/vec4 0, 0, 216;
    %store/vec4 v00000260a32aa6a0_0, 0, 216;
    %pushi/vec4 0, 0, 32;
    %store/vec4 v00000260a32aac40_0, 0, 32;
    %pushi/vec4 0, 0, 32;
    %store/vec4 v00000260a32ac720_0, 0, 32;
    %pushi/vec4 0, 0, 32;
    %store/vec4 v00000260a32ad3a0_0, 0, 32;
    %pushi/vec4 0, 0, 32;
    %store/vec4 v00000260a32ad440_0, 0, 32;
    %pushi/vec4 0, 0, 32;
    %store/vec4 v00000260a32ae480_0, 0, 32;
    %pushi/vec4 0, 0, 32;
    %store/vec4 v00000260a32ad4e0_0, 0, 32;
    %pushi/vec4 0, 0, 32;
    %store/vec4 v00000260a32accc0_0, 0, 32;
    %load/vec4 v00000260a32bb390_0;
    %cmpi/ne 0, 0, 32;
    %jmp/0xz  T_76.71, 4;
    %vpi_func 3 1214 "$fopen" 32, v00000260a32b9270_0, "w" {0 0 0};
    %store/vec4 v00000260a32bad50_0, 0, 32;
    %load/vec4 v00000260a32bad50_0;
    %cmpi/e 0, 0, 32;
    %jmp/0xz  T_76.73, 4;
    %vpi_call/w 3 1216 "$display", "FATAL: cannot open TRACE_FILE=%0s", v00000260a32b9270_0 {0 0 0};
    %fork TD_icache_pipeline_tb.tb_finish, S_00000260a32b2890;
    %join;
T_76.73 ;
    %vpi_call/w 3 1219 "$fdisplay", v00000260a32bad50_0, "# cycle rd wdata" {0 0 0};
T_76.71 ;
    %pushi/vec4 0, 0, 32;
    %store/vec4 v00000260a32aefc0_0, 0, 32;
T_76.75 ;
    %load/vec4 v00000260a32aefc0_0;
    %cmpi/s 131072, 0, 32;
    %jmp/0xz T_76.76, 5;
    %pushi/vec4 19, 0, 32;
    %ix/getv/s 4, v00000260a32aefc0_0;
    %store/vec4a v00000260a32b0320, 4, 0;
    %load/vec4 v00000260a32aefc0_0;
    %addi 1, 0, 32;
    %store/vec4 v00000260a32aefc0_0, 0, 32;
    %jmp T_76.75;
T_76.76 ;
    %load/vec4 v00000260a32b06e0_0;
    %store/vec4 v00000260a32ab640_0, 0, 512;
    %fork TD_icache_pipeline_tb.resolve_tb_memfile, S_00000260a32b3e70;
    %join;
    %load/vec4 v00000260a32ab640_0;
    %store/vec4 v00000260a32b06e0_0, 0, 512;
    %load/vec4 v00000260a32abfa0_0;
    %store/vec4 v00000260a32aea20_0, 0, 1;
    %load/vec4 v00000260a32aea20_0;
    %nor/r;
    %flag_set/vec4 8;
    %jmp/0xz  T_76.77, 8;
    %vpi_call/w 3 1227 "$display", "FATAL: cannot open MEMFILE=%0s", v00000260a32b06e0_0 {0 0 0};
    %vpi_call/w 3 1228 "$display", "Hint: Vivado xsim working dir may not contain TEST_FILES/. Use -testplusarg MEMFILE=<absolute-or-correct-relative-path>." {0 0 0};
    %fork TD_icache_pipeline_tb.tb_finish, S_00000260a32b2890;
    %join;
T_76.77 ;
    %vpi_call/w 3 1231 "$readmemh", v00000260a32b06e0_0, v00000260a32b0320 {0 0 0};
    %pushi/vec4 4, 0, 32;
T_76.79 %dup/vec4;
    %pushi/vec4 0, 0, 32;
    %cmp/s;
    %jmp/1xz T_76.80, 5;
    %jmp/1 T_76.80, 4;
    %pushi/vec4 1, 0, 32;
    %sub;
    %wait E_00000260a31894f0;
    %jmp T_76.79;
T_76.80 ;
    %pop/vec4 1;
    %pushi/vec4 1, 0, 1;
    %store/vec4 v00000260a32bb1b0_0, 0, 1;
    %end;
    .thread T_76;
    .scope S_00000260a32017a0;
T_77 ;
    %wait E_00000260a3188870;
    %load/vec4 v00000260a32bb1b0_0;
    %nor/r;
    %flag_set/vec4 8;
    %jmp/0xz  T_77.0, 8;
    %pushi/vec4 0, 0, 32;
    %assign/vec4 v00000260a32ae3e0_0, 0;
    %jmp T_77.1;
T_77.0 ;
    %load/vec4 v00000260a32ae3e0_0;
    %addi 1, 0, 32;
    %assign/vec4 v00000260a32ae3e0_0, 0;
T_77.1 ;
    %jmp T_77;
    .thread T_77;
    .scope S_00000260a32017a0;
T_78 ;
    %wait E_00000260a3188870;
    %load/vec4 v00000260a32bb1b0_0;
    %nor/r;
    %flag_set/vec4 8;
    %jmp/0xz  T_78.0, 8;
    %pushi/vec4 0, 0, 32;
    %assign/vec4 v00000260a32afb00_0, 0;
    %jmp T_78.1;
T_78.0 ;
    %load/vec4 v00000260a32ba7b0_0;
    %flag_set/vec4 8;
    %jmp/0xz  T_78.2, 8;
    %load/vec4 v00000260a32ae3e0_0;
    %assign/vec4 v00000260a32afb00_0, 0;
T_78.2 ;
T_78.1 ;
    %jmp T_78;
    .thread T_78;
    .scope S_00000260a32017a0;
T_79 ;
    %wait E_00000260a31894f0;
    %load/vec4 v00000260a32bb1b0_0;
    %flag_set/vec4 9;
    %flag_get/vec4 9;
    %jmp/0 T_79.2, 9;
    %load/vec4 v00000260a32af740_0;
    %load/vec4 v00000260a32ae3e0_0;
    %cmp/s;
    %flag_get/vec4 5;
    %and;
T_79.2;
    %flag_set/vec4 8;
    %jmp/0xz  T_79.0, 8;
    %vpi_call/w 3 1255 "$display", "TIMEOUT_STATE pc=0x%08x id_pc=0x%08x ex_pc=0x%08x mem_pc4=0x%08x core_running=%0d", v00000260a32a2fe0_0, v00000260a32a3120_0, v00000260a329cb70_0, v00000260a32a48e0_0, v00000260a3296e50_0 {0 0 0};
    %vpi_call/w 3 1257 "$display", "TIMEOUT_STATE stall if/id/ex/exmem=%0d/%0d/%0d/%0d redirect=%0d sys_flush=%0d", v00000260a32a5060_0, v00000260a32a63c0_0, v00000260a32a4ca0_0, v00000260a32a4c00_0, v00000260a329b9f0_0, v00000260a32a5880_0 {0 0 0};
    %vpi_call/w 3 1260 "$display", "TIMEOUT_STATE ic_state=%0d dc_state=%0d if_pending=%0d fetch_req v/r=%0d/%0d fetch_rsp v/r=%0d/%0d", v00000260a2ab0110_0, v00000260a3165e20_0, v00000260a32a3760_0, v00000260a329d610_0, v00000260a329cf30_0, v00000260a329c990_0, v00000260a329bdb0_0 {0 0 0};
    %vpi_call/w 3 1264 "$display", "TIMEOUT_STATE csr mtvec=0x%08x mepc=0x%08x mcause=0x%08x mstatus=0x%08x mie=0x%08x mip=0x%08x mscratch=0x%08x priv=%0d", v00000260a3297e90_0, v00000260a3297990_0, v00000260a32978f0_0, v00000260a3296b30_0, v00000260a32968b0_0, v00000260a3297df0_0, v00000260a3297a30_0, v00000260a32969f0_0 {0 0 0};
    %vpi_call/w 3 1267 "$display", "TIMEOUT_STATE irq request=%0d timer_pending=%0d soft_pending=%0d ext_pending=%0d global_mie=%0d mtie=%0d mtime=0x%08x_%08x mtimecmp=0x%08x_%08x", v00000260a32a3b20_0, v00000260a32a4200_0, v00000260a32a3c60_0, v00000260a32a2ea0_0, v00000260a3296db0_0, v00000260a3296bd0_0, v00000260a32a34e0_0, v00000260a32a2860_0, v00000260a32a3800_0, v00000260a32a3940_0 {0 0 0};
    %vpi_call/w 3 1271 "$display", "TIMEOUT_STATE regs ra=0x%08x sp=0x%08x t0=0x%08x t1=0x%08x t2=0x%08x s0=0x%08x a0=0x%08x", &A<v00000260a325de30, 1>, &A<v00000260a325de30, 2>, &A<v00000260a325de30, 5>, &A<v00000260a325de30, 6>, &A<v00000260a325de30, 7>, &A<v00000260a325de30, 8>, &A<v00000260a325de30, 10> {0 0 0};
    %vpi_call/w 3 1282 "$display", "TIMEOUT_STATE dmem req=%0d we=%0d addr=0x%08x ready=%0d rvalid=%0d rdata=0x%08x err=%0d", v00000260a329a410_0, v00000260a329b590_0, v00000260a329a370_0, v00000260a329b810_0, v00000260a3299510_0, v00000260a329af50_0, v00000260a329b770_0 {0 0 0};
    %vpi_call/w 3 1286 "$display", "TIMEOUT" {0 0 0};
    %fork TD_icache_pipeline_tb.tb_finish, S_00000260a32b2890;
    %join;
T_79.0 ;
    %jmp T_79;
    .thread T_79;
    .scope S_00000260a32017a0;
T_80 ;
    %wait E_00000260a31894f0;
    %load/vec4 v00000260a32bb1b0_0;
    %flag_set/vec4 9;
    %flag_get/vec4 9;
    %jmp/0 T_80.2, 9;
    %load/vec4 v00000260a32ba2b0_0;
    %pushi/vec4 0, 0, 32;
    %cmp/ne;
    %flag_get/vec4 4;
    %and;
T_80.2;
    %flag_set/vec4 8;
    %jmp/0xz  T_80.0, 8;
    %load/vec4 v00000260a3296f90_0;
    %flag_set/vec4 8;
    %jmp/0xz  T_80.3, 8;
    %vpi_call/w 3 1294 "$display", "[TRAP] cycle=%0d pc=0x%08x cause=0x%08x irq=%0d mstatus_before=0x%08x priv=%0d", v00000260a32ae3e0_0, v00000260a3297030_0, v00000260a3297210_0, v00000260a3297f30_0, v00000260a3296b30_0, v00000260a32969f0_0 {0 0 0};
T_80.3 ;
    %load/vec4 v00000260a3298a70_0;
    %flag_set/vec4 8;
    %jmp/0xz  T_80.5, 8;
    %vpi_call/w 3 1299 "$display", "[MRET] cycle=%0d mepc=0x%08x mstatus_after=0x%08x priv=%0d", v00000260a32ae3e0_0, v00000260a3297990_0, v00000260a3296b30_0, v00000260a32969f0_0 {0 0 0};
T_80.5 ;
T_80.0 ;
    %jmp T_80;
    .thread T_80;
    .scope S_00000260a32017a0;
T_81 ;
    %wait E_00000260a31894f0;
    %load/vec4 v00000260a32bb1b0_0;
    %flag_set/vec4 9;
    %flag_get/vec4 9;
    %jmp/0 T_81.2, 9;
    %load/vec4 v00000260a32b0960_0;
    %and;
T_81.2;
    %flag_set/vec4 8;
    %jmp/0xz  T_81.0, 8;
    %load/vec4 v00000260a32bac10_0;
    %cmpi/e 15, 0, 32;
    %jmp/0xz  T_81.3, 4;
    %vpi_call/w 3 1351 "$display", "PASS: test 15 I$ error observed" {0 0 0};
    %jmp T_81.4;
T_81.3 ;
    %vpi_call/w 3 1353 "$display", "I$ fetch error -> FAIL" {0 0 0};
T_81.4 ;
    %fork TD_icache_pipeline_tb.tb_finish, S_00000260a32b2890;
    %join;
T_81.0 ;
    %load/vec4 v00000260a32bb1b0_0;
    %flag_set/vec4 10;
    %flag_get/vec4 10;
    %jmp/0 T_81.8, 10;
    %load/vec4 v00000260a32bac10_0;
    %pushi/vec4 16, 0, 32;
    %cmp/e;
    %flag_get/vec4 4;
    %and;
T_81.8;
    %flag_set/vec4 9;
    %flag_get/vec4 9;
    %jmp/0 T_81.7, 9;
    %load/vec4 v00000260a32b1cc0_0;
    %flag_set/vec4 9;
    %flag_get/vec4 9;
    %jmp/0 T_81.9, 9;
    %load/vec4 v00000260a32b1900_0;
    %and;
T_81.9;
    %and;
T_81.7;
    %flag_set/vec4 8;
    %jmp/0xz  T_81.5, 8;
    %vpi_call/w 3 1358 "$display", "PASS: test 16 D$ error observed" {0 0 0};
    %fork TD_icache_pipeline_tb.tb_finish, S_00000260a32b2890;
    %join;
T_81.5 ;
    %load/vec4 v00000260a32bb1b0_0;
    %flag_set/vec4 9;
    %flag_get/vec4 9;
    %jmp/0 T_81.12, 9;
    %load/vec4 v00000260a32ba7b0_0;
    %and;
T_81.12;
    %flag_set/vec4 8;
    %jmp/0xz  T_81.10, 8;
    %load/vec4 v00000260a32ac360_0;
    %addi 1, 0, 32;
    %assign/vec4 v00000260a32ac360_0, 0;
    %load/vec4 v00000260a32bb390_0;
    %cmpi/ne 0, 0, 32;
    %flag_get/vec4 4;
    %jmp/0 T_81.15, 4;
    %load/vec4 v00000260a32bad50_0;
    %pushi/vec4 0, 0, 32;
    %cmp/ne;
    %flag_get/vec4 4;
    %and;
T_81.15;
    %flag_set/vec4 8;
    %jmp/0xz  T_81.13, 8;
    %vpi_call/w 3 1364 "$fdisplay", v00000260a32bad50_0, "%0d %0d %08x", v00000260a32ae3e0_0, v00000260a32b9810_0, v00000260a32bb070_0 {0 0 0};
T_81.13 ;
    %load/vec4 v00000260a32b9810_0;
    %load/vec4 v00000260a32af420_0;
    %cmp/e;
    %flag_get/vec4 4;
    %jmp/0 T_81.18, 4;
    %load/vec4 v00000260a32bb070_0;
    %load/vec4 v00000260a32af1a0_0;
    %cmp/e;
    %flag_get/vec4 4;
    %and;
T_81.18;
    %flag_set/vec4 8;
    %jmp/0xz  T_81.16, 8;
    %load/vec4 v00000260a32bb110_0;
    %flag_set/vec4 9;
    %flag_get/vec4 9;
    %jmp/0 T_81.21, 9;
    %load/vec4 v00000260a32b0f00_0;
    %pushi/vec4 0, 0, 32;
    %cmp/e;
    %flag_get/vec4 4;
    %and;
T_81.21;
    %flag_set/vec4 8;
    %jmp/0xz  T_81.19, 8;
    %vpi_call/w 3 1370 "$display", "FAIL: no I$ linefill observed" {0 0 0};
    %fork TD_icache_pipeline_tb.tb_finish, S_00000260a32b2890;
    %join;
T_81.19 ;
    %vpi_call/w 3 1373 "$display", "PASS: test %0d expect x%0d = 0x%08x", v00000260a32bac10_0, v00000260a32af420_0, v00000260a32af1a0_0 {0 0 0};
    %fork TD_icache_pipeline_tb.tb_finish, S_00000260a32b2890;
    %join;
T_81.16 ;
T_81.10 ;
    %jmp T_81;
    .thread T_81;
    .scope S_00000260a32017a0;
T_82 ;
    %wait E_00000260a3188870;
    %load/vec4 v00000260a32bb1b0_0;
    %nor/r;
    %flag_set/vec4 8;
    %jmp/0xz  T_82.0, 8;
    %pushi/vec4 0, 0, 32;
    %assign/vec4 v00000260a32aa920_0, 0;
    %pushi/vec4 0, 0, 32;
    %assign/vec4 v00000260a32ac400_0, 0;
    %pushi/vec4 0, 0, 32;
    %assign/vec4 v00000260a32a9e80_0, 0;
    %jmp T_82.1;
T_82.0 ;
    %load/vec4 v00000260a32aa920_0;
    %addi 1, 0, 32;
    %assign/vec4 v00000260a32aa920_0, 0;
    %load/vec4 v00000260a32b0960_0;
    %flag_set/vec4 8;
    %jmp/0xz  T_82.2, 8;
    %load/vec4 v00000260a32add00_0;
    %addi 1, 0, 32;
    %assign/vec4 v00000260a32add00_0, 0;
T_82.2 ;
    %load/vec4 v00000260a32b10e0_0;
    %flag_set/vec4 9;
    %flag_get/vec4 9;
    %jmp/0 T_82.6, 9;
    %load/vec4 v00000260a32b1220_0;
    %and;
T_82.6;
    %flag_set/vec4 8;
    %jmp/0xz  T_82.4, 8;
    %load/vec4 v00000260a32ae5c0_0;
    %addi 1, 0, 32;
    %assign/vec4 v00000260a32ae5c0_0, 0;
    %load/vec4 v00000260a32b1400_0;
    %dup/vec4;
    %pushi/vec4 0, 0, 2;
    %cmp/u;
    %jmp/1 T_82.7, 6;
    %dup/vec4;
    %pushi/vec4 1, 0, 2;
    %cmp/u;
    %jmp/1 T_82.8, 6;
    %load/vec4 v00000260a32ac4a0_0;
    %addi 1, 0, 32;
    %assign/vec4 v00000260a32ac4a0_0, 0;
    %jmp T_82.10;
T_82.7 ;
    %load/vec4 v00000260a32acb80_0;
    %addi 1, 0, 32;
    %assign/vec4 v00000260a32acb80_0, 0;
    %jmp T_82.10;
T_82.8 ;
    %load/vec4 v00000260a32ade40_0;
    %addi 1, 0, 32;
    %assign/vec4 v00000260a32ade40_0, 0;
    %jmp T_82.10;
T_82.10 ;
    %pop/vec4 1;
T_82.4 ;
    %load/vec4 v00000260a32b14a0_0;
    %flag_set/vec4 9;
    %flag_get/vec4 9;
    %jmp/0 T_82.13, 9;
    %load/vec4 v00000260a32af060_0;
    %and;
T_82.13;
    %flag_set/vec4 8;
    %jmp/0xz  T_82.11, 8;
    %load/vec4 v00000260a32aba00_0;
    %addi 1, 0, 32;
    %assign/vec4 v00000260a32aba00_0, 0;
    %load/vec4 v00000260a32aec00_0;
    %dup/vec4;
    %pushi/vec4 0, 0, 2;
    %cmp/u;
    %jmp/1 T_82.14, 6;
    %dup/vec4;
    %pushi/vec4 1, 0, 2;
    %cmp/u;
    %jmp/1 T_82.15, 6;
    %dup/vec4;
    %pushi/vec4 2, 0, 2;
    %cmp/u;
    %jmp/1 T_82.16, 6;
    %dup/vec4;
    %pushi/vec4 3, 0, 2;
    %cmp/u;
    %jmp/1 T_82.17, 6;
    %jmp T_82.18;
T_82.14 ;
    %load/vec4 v00000260a32aaa60_0;
    %addi 1, 0, 32;
    %assign/vec4 v00000260a32aaa60_0, 0;
    %jmp T_82.18;
T_82.15 ;
    %load/vec4 v00000260a32aa2e0_0;
    %addi 1, 0, 32;
    %assign/vec4 v00000260a32aa2e0_0, 0;
    %jmp T_82.18;
T_82.16 ;
    %load/vec4 v00000260a32aa420_0;
    %addi 1, 0, 32;
    %assign/vec4 v00000260a32aa420_0, 0;
    %jmp T_82.18;
T_82.17 ;
    %load/vec4 v00000260a32ac040_0;
    %addi 1, 0, 32;
    %assign/vec4 v00000260a32ac040_0, 0;
    %jmp T_82.18;
T_82.18 ;
    %pop/vec4 1;
T_82.11 ;
    %load/vec4 v00000260a32b1720_0;
    %flag_set/vec4 9;
    %flag_get/vec4 9;
    %jmp/0 T_82.21, 9;
    %load/vec4 v00000260a32b1b80_0;
    %and;
T_82.21;
    %flag_set/vec4 8;
    %jmp/0xz  T_82.19, 8;
    %load/vec4 v00000260a32adc60_0;
    %addi 1, 0, 32;
    %assign/vec4 v00000260a32adc60_0, 0;
    %load/vec4 v00000260a32b1680_0;
    %flag_set/vec4 8;
    %jmp/0xz  T_82.22, 8;
    %load/vec4 v00000260a32ac220_0;
    %addi 1, 0, 32;
    %assign/vec4 v00000260a32ac220_0, 0;
T_82.22 ;
T_82.19 ;
    %load/vec4 v00000260a32b1cc0_0;
    %flag_set/vec4 9;
    %flag_get/vec4 9;
    %jmp/0 T_82.26, 9;
    %load/vec4 v00000260a32b1ea0_0;
    %and;
T_82.26;
    %flag_set/vec4 8;
    %jmp/0xz  T_82.24, 8;
    %load/vec4 v00000260a32a9de0_0;
    %addi 1, 0, 32;
    %assign/vec4 v00000260a32a9de0_0, 0;
    %load/vec4 v00000260a32b1900_0;
    %flag_set/vec4 8;
    %jmp/0xz  T_82.27, 8;
    %load/vec4 v00000260a32a9980_0;
    %addi 1, 0, 32;
    %assign/vec4 v00000260a32a9980_0, 0;
T_82.27 ;
T_82.24 ;
    %load/vec4 v00000260a32b10e0_0;
    %flag_set/vec4 9;
    %flag_get/vec4 9;
    %jmp/0 T_82.31, 9;
    %load/vec4 v00000260a32b1220_0;
    %nor/r;
    %and;
T_82.31;
    %flag_set/vec4 8;
    %jmp/0xz  T_82.29, 8;
    %load/vec4 v00000260a32ac0e0_0;
    %load/vec4 v00000260a32af4c0_0;
    %addi 1, 0, 32;
    %cmp/s;
    %jmp/0xz  T_82.32, 5;
    %load/vec4 v00000260a32af4c0_0;
    %addi 1, 0, 32;
    %assign/vec4 v00000260a32ac0e0_0, 0;
T_82.32 ;
T_82.29 ;
    %load/vec4 v00000260a32b14a0_0;
    %flag_set/vec4 9;
    %flag_get/vec4 9;
    %jmp/0 T_82.36, 9;
    %load/vec4 v00000260a32af060_0;
    %nor/r;
    %and;
T_82.36;
    %flag_set/vec4 8;
    %jmp/0xz  T_82.34, 8;
    %load/vec4 v00000260a32ac2c0_0;
    %load/vec4 v00000260a32b0000_0;
    %addi 1, 0, 32;
    %cmp/s;
    %jmp/0xz  T_82.37, 5;
    %load/vec4 v00000260a32b0000_0;
    %addi 1, 0, 32;
    %assign/vec4 v00000260a32ac2c0_0, 0;
T_82.37 ;
T_82.34 ;
    %load/vec4 v00000260a32b1720_0;
    %flag_set/vec4 9;
    %flag_get/vec4 9;
    %jmp/0 T_82.41, 9;
    %load/vec4 v00000260a32b1b80_0;
    %nor/r;
    %and;
T_82.41;
    %flag_set/vec4 8;
    %jmp/0xz  T_82.39, 8;
    %load/vec4 v00000260a32ac400_0;
    %addi 1, 0, 32;
    %assign/vec4 v00000260a32ac400_0, 0;
    %load/vec4 v00000260a32acfe0_0;
    %load/vec4 v00000260a32ac400_0;
    %addi 1, 0, 32;
    %cmp/s;
    %jmp/0xz  T_82.42, 5;
    %load/vec4 v00000260a32ac400_0;
    %addi 1, 0, 32;
    %assign/vec4 v00000260a32acfe0_0, 0;
T_82.42 ;
    %jmp T_82.40;
T_82.39 ;
    %pushi/vec4 0, 0, 32;
    %assign/vec4 v00000260a32ac400_0, 0;
T_82.40 ;
    %load/vec4 v00000260a32b1cc0_0;
    %flag_set/vec4 9;
    %flag_get/vec4 9;
    %jmp/0 T_82.46, 9;
    %load/vec4 v00000260a32b1ea0_0;
    %nor/r;
    %and;
T_82.46;
    %flag_set/vec4 8;
    %jmp/0xz  T_82.44, 8;
    %load/vec4 v00000260a32a9e80_0;
    %addi 1, 0, 32;
    %assign/vec4 v00000260a32a9e80_0, 0;
    %load/vec4 v00000260a32acea0_0;
    %load/vec4 v00000260a32a9e80_0;
    %addi 1, 0, 32;
    %cmp/s;
    %jmp/0xz  T_82.47, 5;
    %load/vec4 v00000260a32a9e80_0;
    %addi 1, 0, 32;
    %assign/vec4 v00000260a32acea0_0, 0;
T_82.47 ;
    %jmp T_82.45;
T_82.44 ;
    %pushi/vec4 0, 0, 32;
    %assign/vec4 v00000260a32a9e80_0, 0;
T_82.45 ;
T_82.1 ;
    %jmp T_82;
    .thread T_82;
    .scope S_00000260a32017a0;
T_83 ;
    %wait E_00000260a3188870;
    %load/vec4 v00000260a32bb1b0_0;
    %nor/r;
    %flag_set/vec4 8;
    %jmp/0xz  T_83.0, 8;
    %pushi/vec4 0, 0, 7;
    %assign/vec4 v00000260a32ae840_0, 0;
    %pushi/vec4 0, 0, 12;
    %assign/vec4 v00000260a32aa7e0_0, 0;
    %pushi/vec4 0, 0, 18;
    %assign/vec4 v00000260a32ae520_0, 0;
    %pushi/vec4 0, 0, 84;
    %assign/vec4 v00000260a32acd60_0, 0;
    %pushi/vec4 0, 0, 126;
    %assign/vec4 v00000260a32acc20_0, 0;
    %pushi/vec4 0, 0, 216;
    %assign/vec4 v00000260a32aa6a0_0, 0;
    %pushi/vec4 0, 0, 32;
    %assign/vec4 v00000260a32aac40_0, 0;
    %pushi/vec4 0, 0, 32;
    %assign/vec4 v00000260a32ac720_0, 0;
    %pushi/vec4 0, 0, 32;
    %assign/vec4 v00000260a32ad3a0_0, 0;
    %pushi/vec4 0, 0, 32;
    %assign/vec4 v00000260a32ad440_0, 0;
    %pushi/vec4 0, 0, 32;
    %assign/vec4 v00000260a32ae480_0, 0;
    %pushi/vec4 0, 0, 32;
    %assign/vec4 v00000260a32ad4e0_0, 0;
    %pushi/vec4 0, 0, 32;
    %assign/vec4 v00000260a32accc0_0, 0;
    %jmp T_83.1;
T_83.0 ;
    %load/vec4 v00000260a32ad580_0;
    %cmpi/u 6, 0, 3;
    %flag_or 5, 4;
    %jmp/0xz  T_83.2, 5;
    %pushi/vec4 1, 0, 1;
    %ix/load 5, 0, 0;
    %ix/getv 4, v00000260a32ad580_0;
    %assign/vec4/off/d v00000260a32ae840_0, 4, 5;
T_83.2 ;
    %load/vec4 v00000260a32aa740_0;
    %cmpi/u 11, 0, 4;
    %flag_or 5, 4;
    %jmp/0xz  T_83.4, 5;
    %pushi/vec4 1, 0, 1;
    %ix/load 5, 0, 0;
    %ix/getv 4, v00000260a32aa740_0;
    %assign/vec4/off/d v00000260a32aa7e0_0, 4, 5;
T_83.4 ;
    %load/vec4 v00000260a32adda0_0;
    %cmpi/u 17, 0, 5;
    %flag_or 5, 4;
    %jmp/0xz  T_83.6, 5;
    %pushi/vec4 1, 0, 1;
    %ix/load 5, 0, 0;
    %ix/getv 4, v00000260a32adda0_0;
    %assign/vec4/off/d v00000260a32ae520_0, 4, 5;
T_83.6 ;
    %load/vec4 v00000260a32ad580_0;
    %cmpi/u 6, 0, 3;
    %flag_or 5, 4;
    %flag_get/vec4 5;
    %jmp/0 T_83.10, 5;
    %load/vec4 v00000260a32aa740_0;
    %cmpi/u 11, 0, 4;
    %flag_get/vec4 4;
    %flag_get/vec4 5;
    %or;
    %and;
T_83.10;
    %flag_set/vec4 8;
    %jmp/0xz  T_83.8, 8;
    %pushi/vec4 1, 0, 1;
    %ix/load 5, 0, 0;
    %load/vec4 v00000260a32ad580_0;
    %pad/u 32;
    %muli 12, 0, 32;
    %load/vec4 v00000260a32aa740_0;
    %pad/u 32;
    %add;
    %ix/vec4 4;
    %assign/vec4/off/d v00000260a32acd60_0, 4, 5;
T_83.8 ;
    %load/vec4 v00000260a32ad580_0;
    %cmpi/u 6, 0, 3;
    %flag_or 5, 4;
    %flag_get/vec4 5;
    %jmp/0 T_83.13, 5;
    %load/vec4 v00000260a32adda0_0;
    %cmpi/u 17, 0, 5;
    %flag_get/vec4 4;
    %flag_get/vec4 5;
    %or;
    %and;
T_83.13;
    %flag_set/vec4 8;
    %jmp/0xz  T_83.11, 8;
    %pushi/vec4 1, 0, 1;
    %ix/load 5, 0, 0;
    %load/vec4 v00000260a32ad580_0;
    %pad/u 32;
    %muli 18, 0, 32;
    %load/vec4 v00000260a32adda0_0;
    %pad/u 32;
    %add;
    %ix/vec4 4;
    %assign/vec4/off/d v00000260a32acc20_0, 4, 5;
T_83.11 ;
    %load/vec4 v00000260a32aa740_0;
    %cmpi/u 11, 0, 4;
    %flag_or 5, 4;
    %flag_get/vec4 5;
    %jmp/0 T_83.16, 5;
    %load/vec4 v00000260a32adda0_0;
    %cmpi/u 17, 0, 5;
    %flag_get/vec4 4;
    %flag_get/vec4 5;
    %or;
    %and;
T_83.16;
    %flag_set/vec4 8;
    %jmp/0xz  T_83.14, 8;
    %pushi/vec4 1, 0, 1;
    %ix/load 5, 0, 0;
    %load/vec4 v00000260a32aa740_0;
    %pad/u 32;
    %muli 18, 0, 32;
    %load/vec4 v00000260a32adda0_0;
    %pad/u 32;
    %add;
    %ix/vec4 4;
    %assign/vec4/off/d v00000260a32aa6a0_0, 4, 5;
T_83.14 ;
    %load/vec4 v00000260a32b10e0_0;
    %flag_set/vec4 9;
    %flag_get/vec4 9;
    %jmp/0 T_83.19, 9;
    %load/vec4 v00000260a32b14a0_0;
    %and;
T_83.19;
    %flag_set/vec4 8;
    %jmp/0xz  T_83.17, 8;
    %load/vec4 v00000260a32aac40_0;
    %addi 1, 0, 32;
    %assign/vec4 v00000260a32aac40_0, 0;
T_83.17 ;
    %load/vec4 v00000260a329b9f0_0;
    %flag_set/vec4 9;
    %flag_get/vec4 9;
    %jmp/0 T_83.22, 9;
    %load/vec4 v00000260a329c990_0;
    %and;
T_83.22;
    %flag_set/vec4 8;
    %jmp/0xz  T_83.20, 8;
    %load/vec4 v00000260a32ac720_0;
    %addi 1, 0, 32;
    %assign/vec4 v00000260a32ac720_0, 0;
T_83.20 ;
    %load/vec4 v00000260a32ad580_0;
    %cmpi/e 2, 0, 3;
    %flag_get/vec4 4;
    %jmp/0 T_83.25, 4;
    %load/vec4 v00000260a32aa740_0;
    %pushi/vec4 8, 0, 4;
    %cmp/e;
    %flag_get/vec4 4;
    %and;
T_83.25;
    %flag_set/vec4 8;
    %jmp/0xz  T_83.23, 8;
    %load/vec4 v00000260a32ad3a0_0;
    %addi 1, 0, 32;
    %assign/vec4 v00000260a32ad3a0_0, 0;
T_83.23 ;
    %load/vec4 v00000260a32ad580_0;
    %cmpi/e 2, 0, 3;
    %flag_get/vec4 4;
    %jmp/0 T_83.28, 4;
    %load/vec4 v00000260a32aa740_0;
    %pushi/vec4 6, 0, 4;
    %cmp/e;
    %flag_get/vec4 4;
    %and;
T_83.28;
    %flag_set/vec4 8;
    %jmp/0xz  T_83.26, 8;
    %load/vec4 v00000260a32ad440_0;
    %addi 1, 0, 32;
    %assign/vec4 v00000260a32ad440_0, 0;
T_83.26 ;
    %load/vec4 v00000260a32adda0_0;
    %cmpi/e 17, 0, 5;
    %jmp/0xz  T_83.29, 4;
    %load/vec4 v00000260a32ae480_0;
    %addi 1, 0, 32;
    %assign/vec4 v00000260a32ae480_0, 0;
T_83.29 ;
T_83.1 ;
    %jmp T_83;
    .thread T_83;
    .scope S_00000260a32017a0;
T_84 ;
    %wait E_00000260a3188870;
    %load/vec4 v00000260a32bb1b0_0;
    %nor/r;
    %flag_set/vec4 8;
    %jmp/0xz  T_84.0, 8;
    %pushi/vec4 0, 0, 1;
    %assign/vec4 v00000260a32af560_0, 0;
    %pushi/vec4 0, 0, 32;
    %assign/vec4 v00000260a32af4c0_0, 0;
    %pushi/vec4 0, 0, 1;
    %assign/vec4 v00000260a32afe20_0, 0;
    %pushi/vec4 0, 0, 32;
    %assign/vec4 v00000260a32b0000_0, 0;
    %pushi/vec4 0, 0, 1;
    %assign/vec4 v00000260a32aff60_0, 0;
    %pushi/vec4 0, 0, 32;
    %assign/vec4 v00000260a32aeb60_0, 0;
    %pushi/vec4 0, 0, 1;
    %assign/vec4 v00000260a32b0820_0, 0;
    %pushi/vec4 0, 0, 32;
    %assign/vec4 v00000260a32b0a00_0, 0;
    %jmp T_84.1;
T_84.0 ;
    %load/vec4 v00000260a32b10e0_0;
    %flag_set/vec4 9;
    %flag_get/vec4 9;
    %jmp/0 T_84.4, 9;
    %load/vec4 v00000260a32b1220_0;
    %nor/r;
    %and;
T_84.4;
    %flag_set/vec4 8;
    %jmp/0xz  T_84.2, 8;
    %load/vec4 v00000260a32af560_0;
    %nor/r;
    %flag_set/vec4 8;
    %jmp/0xz  T_84.5, 8;
    %pushi/vec4 1, 0, 1;
    %assign/vec4 v00000260a32af560_0, 0;
    %load/vec4 v00000260a32b19a0_0;
    %assign/vec4 v00000260a32af380_0, 0;
    %load/vec4 v00000260a32b1400_0;
    %assign/vec4 v00000260a32aee80_0, 0;
    %load/vec4 v00000260a32b1f40_0;
    %assign/vec4 v00000260a32aef20_0, 0;
    %load/vec4 v00000260a32b15e0_0;
    %assign/vec4 v00000260a32aede0_0, 0;
    %pushi/vec4 1, 0, 32;
    %assign/vec4 v00000260a32af4c0_0, 0;
    %jmp T_84.6;
T_84.5 ;
    %load/vec4 v00000260a32af4c0_0;
    %addi 1, 0, 32;
    %assign/vec4 v00000260a32af4c0_0, 0;
    %load/vec4 v00000260a32aab00_0;
    %cmpi/ne 0, 0, 32;
    %jmp/0xz  T_84.7, 4;
    %load/vec4 v00000260a32b19a0_0;
    %load/vec4 v00000260a32af380_0;
    %cmp/ne;
    %jmp/1 T_84.13, 4;
    %flag_mov 8, 4;
    %load/vec4 v00000260a32b1400_0;
    %load/vec4 v00000260a32aee80_0;
    %cmp/ne;
    %flag_or 4, 8;
T_84.13;
    %jmp/1 T_84.12, 4;
    %flag_mov 8, 4;
    %load/vec4 v00000260a32b1f40_0;
    %load/vec4 v00000260a32aef20_0;
    %cmp/ne;
    %flag_or 4, 8;
T_84.12;
    %jmp/1 T_84.11, 4;
    %flag_mov 8, 4;
    %load/vec4 v00000260a32b15e0_0;
    %load/vec4 v00000260a32aede0_0;
    %cmp/ne;
    %flag_or 4, 8;
T_84.11;
    %jmp/0xz  T_84.9, 4;
    %vpi_call/w 3 1525 "$display", "ASSERT_FAIL: I req changed while stalled at cycle=%0d", v00000260a32ae3e0_0 {0 0 0};
    %fork TD_icache_pipeline_tb.tb_finish, S_00000260a32b2890;
    %join;
T_84.9 ;
    %load/vec4 v00000260a32b9d10_0;
    %load/vec4 v00000260a32af4c0_0;
    %cmp/s;
    %jmp/0xz  T_84.14, 5;
    %vpi_call/w 3 1529 "$display", "ASSERT_FAIL: I req stalled too long (%0d cycles)", v00000260a32af4c0_0 {0 0 0};
    %fork TD_icache_pipeline_tb.tb_finish, S_00000260a32b2890;
    %join;
T_84.14 ;
T_84.7 ;
T_84.6 ;
    %jmp T_84.3;
T_84.2 ;
    %pushi/vec4 0, 0, 1;
    %assign/vec4 v00000260a32af560_0, 0;
    %pushi/vec4 0, 0, 32;
    %assign/vec4 v00000260a32af4c0_0, 0;
T_84.3 ;
    %load/vec4 v00000260a32b14a0_0;
    %flag_set/vec4 9;
    %flag_get/vec4 9;
    %jmp/0 T_84.18, 9;
    %load/vec4 v00000260a32af060_0;
    %nor/r;
    %and;
T_84.18;
    %flag_set/vec4 8;
    %jmp/0xz  T_84.16, 8;
    %load/vec4 v00000260a32afe20_0;
    %nor/r;
    %flag_set/vec4 8;
    %jmp/0xz  T_84.19, 8;
    %pushi/vec4 1, 0, 1;
    %assign/vec4 v00000260a32afe20_0, 0;
    %load/vec4 v00000260a32ae980_0;
    %assign/vec4 v00000260a32b0aa0_0, 0;
    %load/vec4 v00000260a32aec00_0;
    %assign/vec4 v00000260a32aeac0_0, 0;
    %load/vec4 v00000260a32b1d60_0;
    %assign/vec4 v00000260a32af9c0_0, 0;
    %load/vec4 v00000260a32aeca0_0;
    %assign/vec4 v00000260a32afba0_0, 0;
    %load/vec4 v00000260a32b1180_0;
    %assign/vec4 v00000260a32b0b40_0, 0;
    %load/vec4 v00000260a32b1e00_0;
    %assign/vec4 v00000260a32b0c80_0, 0;
    %pushi/vec4 1, 0, 32;
    %assign/vec4 v00000260a32b0000_0, 0;
    %jmp T_84.20;
T_84.19 ;
    %load/vec4 v00000260a32b0000_0;
    %addi 1, 0, 32;
    %assign/vec4 v00000260a32b0000_0, 0;
    %load/vec4 v00000260a32aab00_0;
    %cmpi/ne 0, 0, 32;
    %jmp/0xz  T_84.21, 4;
    %load/vec4 v00000260a32ae980_0;
    %load/vec4 v00000260a32b0aa0_0;
    %cmp/ne;
    %jmp/1 T_84.29, 4;
    %flag_mov 8, 4;
    %load/vec4 v00000260a32aec00_0;
    %load/vec4 v00000260a32aeac0_0;
    %cmp/ne;
    %flag_or 4, 8;
T_84.29;
    %jmp/1 T_84.28, 4;
    %flag_mov 8, 4;
    %load/vec4 v00000260a32b1d60_0;
    %load/vec4 v00000260a32af9c0_0;
    %cmp/ne;
    %flag_or 4, 8;
T_84.28;
    %jmp/1 T_84.27, 4;
    %flag_mov 8, 4;
    %load/vec4 v00000260a32aeca0_0;
    %load/vec4 v00000260a32afba0_0;
    %cmp/ne;
    %flag_or 4, 8;
T_84.27;
    %jmp/1 T_84.26, 4;
    %flag_mov 8, 4;
    %load/vec4 v00000260a32b1180_0;
    %load/vec4 v00000260a32b0b40_0;
    %cmp/ne;
    %flag_or 4, 8;
T_84.26;
    %jmp/1 T_84.25, 4;
    %flag_mov 8, 4;
    %load/vec4 v00000260a32b1e00_0;
    %load/vec4 v00000260a32b0c80_0;
    %cmp/ne;
    %flag_or 4, 8;
T_84.25;
    %jmp/0xz  T_84.23, 4;
    %vpi_call/w 3 1559 "$display", "ASSERT_FAIL: D req changed while stalled at cycle=%0d", v00000260a32ae3e0_0 {0 0 0};
    %fork TD_icache_pipeline_tb.tb_finish, S_00000260a32b2890;
    %join;
T_84.23 ;
    %load/vec4 v00000260a32b9d10_0;
    %load/vec4 v00000260a32b0000_0;
    %cmp/s;
    %jmp/0xz  T_84.30, 5;
    %vpi_call/w 3 1563 "$display", "ASSERT_FAIL: D req stalled too long (%0d cycles)", v00000260a32b0000_0 {0 0 0};
    %fork TD_icache_pipeline_tb.tb_finish, S_00000260a32b2890;
    %join;
T_84.30 ;
T_84.21 ;
T_84.20 ;
    %jmp T_84.17;
T_84.16 ;
    %pushi/vec4 0, 0, 1;
    %assign/vec4 v00000260a32afe20_0, 0;
    %pushi/vec4 0, 0, 32;
    %assign/vec4 v00000260a32b0000_0, 0;
T_84.17 ;
    %load/vec4 v00000260a32b1720_0;
    %flag_set/vec4 9;
    %flag_get/vec4 9;
    %jmp/0 T_84.34, 9;
    %load/vec4 v00000260a32b1b80_0;
    %nor/r;
    %and;
T_84.34;
    %flag_set/vec4 8;
    %jmp/0xz  T_84.32, 8;
    %load/vec4 v00000260a32aff60_0;
    %nor/r;
    %flag_set/vec4 8;
    %jmp/0xz  T_84.35, 8;
    %pushi/vec4 1, 0, 1;
    %assign/vec4 v00000260a32aff60_0, 0;
    %load/vec4 v00000260a32b1860_0;
    %assign/vec4 v00000260a32afce0_0, 0;
    %load/vec4 v00000260a32b12c0_0;
    %assign/vec4 v00000260a32b0d20_0, 0;
    %load/vec4 v00000260a32b1680_0;
    %assign/vec4 v00000260a32afd80_0, 0;
    %pushi/vec4 1, 0, 32;
    %assign/vec4 v00000260a32aeb60_0, 0;
    %jmp T_84.36;
T_84.35 ;
    %load/vec4 v00000260a32aeb60_0;
    %addi 1, 0, 32;
    %assign/vec4 v00000260a32aeb60_0, 0;
    %load/vec4 v00000260a32aab00_0;
    %cmpi/ne 0, 0, 32;
    %jmp/0xz  T_84.37, 4;
    %load/vec4 v00000260a32b1860_0;
    %load/vec4 v00000260a32afce0_0;
    %cmp/ne;
    %jmp/1 T_84.42, 4;
    %flag_mov 8, 4;
    %load/vec4 v00000260a32b12c0_0;
    %load/vec4 v00000260a32b0d20_0;
    %cmp/ne;
    %flag_or 4, 8;
T_84.42;
    %jmp/1 T_84.41, 4;
    %flag_mov 8, 4;
    %load/vec4 v00000260a32b1680_0;
    %load/vec4 v00000260a32afd80_0;
    %cmp/ne;
    %flag_or 4, 8;
T_84.41;
    %jmp/0xz  T_84.39, 4;
    %vpi_call/w 3 1587 "$display", "ASSERT_FAIL: I rsp changed while stalled at cycle=%0d", v00000260a32ae3e0_0 {0 0 0};
    %fork TD_icache_pipeline_tb.tb_finish, S_00000260a32b2890;
    %join;
T_84.39 ;
    %load/vec4 v00000260a32b9d10_0;
    %load/vec4 v00000260a32aeb60_0;
    %cmp/s;
    %jmp/0xz  T_84.43, 5;
    %vpi_call/w 3 1591 "$display", "ASSERT_FAIL: I rsp stalled too long (%0d cycles)", v00000260a32aeb60_0 {0 0 0};
    %fork TD_icache_pipeline_tb.tb_finish, S_00000260a32b2890;
    %join;
T_84.43 ;
T_84.37 ;
T_84.36 ;
    %jmp T_84.33;
T_84.32 ;
    %pushi/vec4 0, 0, 1;
    %assign/vec4 v00000260a32aff60_0, 0;
    %pushi/vec4 0, 0, 32;
    %assign/vec4 v00000260a32aeb60_0, 0;
T_84.33 ;
    %load/vec4 v00000260a32b1cc0_0;
    %flag_set/vec4 9;
    %flag_get/vec4 9;
    %jmp/0 T_84.47, 9;
    %load/vec4 v00000260a32b1ea0_0;
    %nor/r;
    %and;
T_84.47;
    %flag_set/vec4 8;
    %jmp/0xz  T_84.45, 8;
    %load/vec4 v00000260a32b0820_0;
    %nor/r;
    %flag_set/vec4 8;
    %jmp/0xz  T_84.48, 8;
    %pushi/vec4 1, 0, 1;
    %assign/vec4 v00000260a32b0820_0, 0;
    %load/vec4 v00000260a32b1540_0;
    %assign/vec4 v00000260a32aed40_0, 0;
    %load/vec4 v00000260a32b17c0_0;
    %assign/vec4 v00000260a32b0640_0, 0;
    %load/vec4 v00000260a32b1900_0;
    %assign/vec4 v00000260a32afec0_0, 0;
    %pushi/vec4 1, 0, 32;
    %assign/vec4 v00000260a32b0a00_0, 0;
    %jmp T_84.49;
T_84.48 ;
    %load/vec4 v00000260a32b0a00_0;
    %addi 1, 0, 32;
    %assign/vec4 v00000260a32b0a00_0, 0;
    %load/vec4 v00000260a32aab00_0;
    %cmpi/ne 0, 0, 32;
    %jmp/0xz  T_84.50, 4;
    %load/vec4 v00000260a32b1540_0;
    %load/vec4 v00000260a32aed40_0;
    %cmp/ne;
    %jmp/1 T_84.55, 4;
    %flag_mov 8, 4;
    %load/vec4 v00000260a32b17c0_0;
    %load/vec4 v00000260a32b0640_0;
    %cmp/ne;
    %flag_or 4, 8;
T_84.55;
    %jmp/1 T_84.54, 4;
    %flag_mov 8, 4;
    %load/vec4 v00000260a32b1900_0;
    %load/vec4 v00000260a32afec0_0;
    %cmp/ne;
    %flag_or 4, 8;
T_84.54;
    %jmp/0xz  T_84.52, 4;
    %vpi_call/w 3 1615 "$display", "ASSERT_FAIL: D rsp changed while stalled at cycle=%0d", v00000260a32ae3e0_0 {0 0 0};
    %fork TD_icache_pipeline_tb.tb_finish, S_00000260a32b2890;
    %join;
T_84.52 ;
    %load/vec4 v00000260a32b9d10_0;
    %load/vec4 v00000260a32b0a00_0;
    %cmp/s;
    %jmp/0xz  T_84.56, 5;
    %vpi_call/w 3 1619 "$display", "ASSERT_FAIL: D rsp stalled too long (%0d cycles)", v00000260a32b0a00_0 {0 0 0};
    %fork TD_icache_pipeline_tb.tb_finish, S_00000260a32b2890;
    %join;
T_84.56 ;
T_84.50 ;
T_84.49 ;
    %jmp T_84.46;
T_84.45 ;
    %pushi/vec4 0, 0, 1;
    %assign/vec4 v00000260a32b0820_0, 0;
    %pushi/vec4 0, 0, 32;
    %assign/vec4 v00000260a32b0a00_0, 0;
T_84.46 ;
T_84.1 ;
    %jmp T_84;
    .thread T_84;
    .scope S_00000260a32017a0;
T_85 ;
    %wait E_00000260a31894f0;
    %load/vec4 v00000260a32bb1b0_0;
    %flag_set/vec4 10;
    %flag_get/vec4 10;
    %jmp/0 T_85.3, 10;
    %load/vec4 v00000260a32ba850_0;
    %pushi/vec4 0, 0, 32;
    %cmp/e;
    %flag_get/vec4 4;
    %and;
T_85.3;
    %flag_set/vec4 9;
    %flag_get/vec4 9;
    %jmp/0 T_85.2, 9;
    %load/vec4 v00000260a32ae3e0_0;
    %load/vec4 v00000260a32afb00_0;
    %sub;
    %pushi/vec4 2000, 0, 32;
    %cmp/e;
    %flag_get/vec4 4;
    %and;
T_85.2;
    %flag_set/vec4 8;
    %jmp/0xz  T_85.0, 8;
    %vpi_call/w 3 1634 "$display", "[DBG] no WB for 2000 cycles at cycle=%0d", v00000260a32ae3e0_0 {0 0 0};
    %vpi_call/w 3 1635 "$display", "[DBG] ic_l2 i_req v/r=%0d/%0d i_rsp v/r=%0d/%0d", v00000260a32b10e0_0, v00000260a32b1220_0, v00000260a32b1720_0, v00000260a32b1b80_0 {0 0 0};
    %vpi_call/w 3 1638 "$display", "[DBG] dc_l2 d_req v/r=%0d/%0d d_rsp v/r=%0d/%0d", v00000260a32b14a0_0, v00000260a32af060_0, v00000260a32b1cc0_0, v00000260a32b1ea0_0 {0 0 0};
    %vpi_call/w 3 1641 "$display", "[DBG] wb_we=%0d wb_rd=%0d wb_wdata=0x%08x ifetch_err=%0d boot_done=%0d", v00000260a32ba7b0_0, v00000260a32b9810_0, v00000260a32bb070_0, v00000260a32b0960_0, v00000260a32a98e0_0 {0 0 0};
T_85.0 ;
    %jmp T_85;
    .thread T_85;
# The file index is used to find the file name in the following table.
:file_names 27;
    "N/A";
    "<interactive>";
    "-";
    "C:\cpu_design\icache_pipeline_tb.v";
    "C:\cpu_design\icache_pipeline_top.v";
    "C:\cpu_design\branch_predictor.v";
    "C:\cpu_design\CSR.v";
    "C:\cpu_design\dcache.v";
    "C:\cpu_design\EX.v";
    "C:\cpu_design\restoring_divider.v";
    "C:\cpu_design\booth_multiplier.v";
    "C:\cpu_design\EXMEM_register.v";
    "C:\cpu_design\forward_unit.v";
    "C:\cpu_design\hazard_unit.v";
    "C:\cpu_design\icache_top.v";
    "C:\cpu_design\icache.v";
    "C:\cpu_design\ID.v";
    "C:\cpu_design\IDEX_register.v";
    "C:\cpu_design\IFID_register.v";
    "C:\cpu_design\machine_irq_sources.v";
    "C:\cpu_design\MEM.v";
    "C:\cpu_design\MEMWB_register.v";
    "C:\cpu_design\misalign_check.v";
    "C:\cpu_design\IF.v";
    "C:\cpu_design\uart_rx.v";
    "C:\cpu_design\uart_tx.v";
    "C:\cpu_design\WB.v";
