#! /c/Source/iverilog-install/bin/vvp
:ivl_version "12.0 (devel)" "(s20150603-1539-g2693dd32b)";
:ivl_delay_selection "TYPICAL";
:vpi_time_precision - 12;
:vpi_module "C:\iverilog\lib\ivl\system.vpi";
:vpi_module "C:\iverilog\lib\ivl\vhdl_sys.vpi";
:vpi_module "C:\iverilog\lib\ivl\vhdl_textio.vpi";
:vpi_module "C:\iverilog\lib\ivl\v2005_math.vpi";
:vpi_module "C:\iverilog\lib\ivl\va_math.vpi";
:vpi_module "C:\iverilog\lib\ivl\v2009.vpi";
S_000002271a0df7c0 .scope package, "$unit" "$unit" 2 1;
 .timescale 0 0;
S_000002271a0de9b0 .scope module, "icache_pipeline_tb" "icache_pipeline_tb" 3 5;
 .timescale -9 -12;
P_000002271a0da920 .param/l "ADDR_WIDTH" 1 3 6, +C4<00000000000000000000000000100000>;
P_000002271a0da958 .param/l "D_CMD_LINE_RD" 1 3 266, C4<00>;
P_000002271a0da990 .param/l "D_CMD_UC_RD" 1 3 267, C4<01>;
P_000002271a0da9c8 .param/l "D_CMD_UC_WR" 1 3 268, C4<10>;
P_000002271a0daa00 .param/l "D_CMD_WB_LINE" 1 3 269, C4<11>;
P_000002271a0daa38 .param/l "D_RSP_LINE" 1 3 270, C4<00>;
P_000002271a0daa70 .param/l "D_RSP_UC_RD" 1 3 271, C4<01>;
P_000002271a0daaa8 .param/l "D_RSP_UC_WR" 1 3 272, C4<10>;
P_000002271a0daae0 .param/l "D_RSP_WB_ACK" 1 3 273, C4<11>;
P_000002271a0dab18 .param/l "L2_DATA_W" 1 3 7, +C4<00000000000000000000000001000000>;
P_000002271a0dab50 .param/l "MEM_WORDS" 0 3 8, +C4<00000000000000100000000000000000>;
P_000002271a0dab88 .param/l "RESET_PC" 0 3 10, C4<10000000000000000000000000000000>;
P_000002271a0dabc0 .param/l "UART_BAUD" 1 3 12, +C4<00000000000011110100001001000000>;
P_000002271a0dabf8 .param/l "UART_CLKS_PER_BIT" 1 3 13, +C4<00000000000000000000000001100100>;
P_000002271a0dac30 .param/l "UART_CLK_HZ" 1 3 11, +C4<00000101111101011110000100000000>;
P_000002271a0dac68 .param/l "USE_MIG" 0 3 9, +C4<00000000000000000000000000000000>;
L_000002271a21bce0 .functor BUFZ 1, v000002271a1918a0_0, C4<0>, C4<0>, C4<0>;
L_000002271a21be30 .functor BUFZ 1, v000002271a1918a0_0, C4<0>, C4<0>, C4<0>;
L_000002271a21bea0 .functor BUFZ 1, v00000227199930b0_0, C4<0>, C4<0>, C4<0>;
L_000002271a21b960 .functor BUFZ 1, L_000002271a21d6b0, C4<0>, C4<0>, C4<0>;
L_000002271a21b500 .functor BUFZ 32, v0000022719991b70_0, C4<00000000000000000000000000000000>, C4<00000000000000000000000000000000>, C4<00000000000000000000000000000000>;
L_000002271a21afc0 .functor BUFZ 2, v000002271998f870_0, C4<00>, C4<00>, C4<00>;
L_000002271a21b9d0 .functor BUFZ 3, v0000022719993ab0_0, C4<000>, C4<000>, C4<000>;
L_000002271a21bab0 .functor BUFZ 8, v0000022719993a10_0, C4<00000000>, C4<00000000>, C4<00000000>;
L_000002271a21b0a0 .functor BUFZ 1, v000002271a03f730_0, C4<0>, C4<0>, C4<0>;
L_000002271a1badc8 .functor BUFT 1, C4<1>, C4<0>, C4<0>, C4<0>;
L_000002271a21bff0 .functor BUFZ 1, L_000002271a1badc8, C4<0>, C4<0>, C4<0>;
L_000002271a21c060 .functor BUFZ 32, v000002271a03dd90_0, C4<00000000000000000000000000000000>, C4<00000000000000000000000000000000>, C4<00000000000000000000000000000000>;
L_000002271a21c0d0 .functor BUFZ 2, v000002271a03de30_0, C4<00>, C4<00>, C4<00>;
L_000002271a21c140 .functor BUFZ 3, v000002271a03d250_0, C4<000>, C4<000>, C4<000>;
L_000002271a21bb90 .functor BUFZ 8, v000002271a03d110_0, C4<00000000>, C4<00000000>, C4<00000000>;
L_000002271a21bc00 .functor BUFZ 64, v000002271a03d7f0_0, C4<0000000000000000000000000000000000000000000000000000000000000000>, C4<0000000000000000000000000000000000000000000000000000000000000000>, C4<0000000000000000000000000000000000000000000000000000000000000000>;
L_000002271a21a5b0 .functor BUFZ 8, v000002271a03e6f0_0, C4<00000000>, C4<00000000>, C4<00000000>;
L_000002271a21a8c0 .functor BUFZ 1, v000002271a187a80_0, C4<0>, C4<0>, C4<0>;
L_000002271a21aa80 .functor BUFZ 1, v0000022719993790_0, C4<0>, C4<0>, C4<0>;
L_000002271a21ad20 .functor BUFZ 64, v000002271a187440_0, C4<0000000000000000000000000000000000000000000000000000000000000000>, C4<0000000000000000000000000000000000000000000000000000000000000000>, C4<0000000000000000000000000000000000000000000000000000000000000000>;
L_000002271a21ae00 .functor BUFZ 1, v000002271a187260_0, C4<0>, C4<0>, C4<0>;
L_000002271a21aee0 .functor BUFZ 1, v000002271a1871c0_0, C4<0>, C4<0>, C4<0>;
L_000002271a21af50 .functor BUFZ 1, v000002271a184a60_0, C4<0>, C4<0>, C4<0>;
L_000002271a21b110 .functor BUFZ 1, L_000002271a2193c0, C4<0>, C4<0>, C4<0>;
L_000002271a21b180 .functor BUFZ 64, v000002271a185140_0, C4<0000000000000000000000000000000000000000000000000000000000000000>, C4<0000000000000000000000000000000000000000000000000000000000000000>, C4<0000000000000000000000000000000000000000000000000000000000000000>;
L_000002271a21d330 .functor BUFZ 1, v000002271a185dc0_0, C4<0>, C4<0>, C4<0>;
L_000002271a21daa0 .functor BUFZ 1, v000002271a184ec0_0, C4<0>, C4<0>, C4<0>;
L_000002271a21c290 .functor BUFZ 3, v0000022719994550_0, C4<000>, C4<000>, C4<000>;
L_000002271a21c990 .functor BUFZ 4, v000002271a03e290_0, C4<0000>, C4<0000>, C4<0000>;
L_000002271a1b60b8 .functor BUFT 1, C4<00000>, C4<0>, C4<0>, C4<0>;
L_000002271a21d3a0 .functor BUFZ 5, L_000002271a1b60b8, C4<00000>, C4<00000>, C4<00000>;
L_000002271a21d6b0 .functor NOT 1, v000002271a188160_0, C4<0>, C4<0>, C4<0>;
v000002271a190e00_0 .var/i "assert_en", 31 0;
v000002271a191080_0 .net "boot_done", 0 0, L_0000022719c56ef0;  1 drivers
v000002271a1918a0_0 .var "clk", 0 0;
v000002271a1911c0_0 .net "clk_ref_i", 0 0, L_000002271a21be30;  1 drivers
v000002271a191260_0 .var/i "cov_active_cycles", 31 0;
v000002271a191300_0 .var/i "cov_d_req_hs", 31 0;
v000002271a1913a0_0 .var/i "cov_d_req_line", 31 0;
v000002271a191440_0 .var/i "cov_d_req_uc_rd", 31 0;
v000002271a191f80_0 .var/i "cov_d_req_uc_wr", 31 0;
v000002271a192020_0 .var/i "cov_d_req_wb", 31 0;
v000002271a1914e0_0 .var/i "cov_d_rsp_err", 31 0;
v000002271a1927a0_0 .var/i "cov_d_rsp_hs", 31 0;
v000002271a191940_0 .var/i "cov_d_rsp_stall_cur", 31 0;
v000002271a1919e0_0 .var "cov_dc_l2_cross_seen", 215 0;
v000002271a192840_0 .net "cov_dc_state_cur", 3 0, L_000002271a21c990;  1 drivers
v000002271a1928e0_0 .var "cov_dc_state_seen", 11 0;
v000002271a191b20_0 .var/i "cov_en", 31 0;
v000002271a191bc0_0 .var/i "cov_ev_both_req_valid", 31 0;
v000002271a193240_0 .var/i "cov_ev_iwait_and_drefill", 31 0;
v000002271a193ba0_0 .var/i "cov_ev_iwait_and_dwbwait", 31 0;
v000002271a193740_0 .var/i "cov_ev_l2_d_sel_with_i_req", 31 0;
v000002271a193c40_0 .var/i "cov_ev_l2_err_rsp", 31 0;
v000002271a1937e0_0 .var/i "cov_ev_l2_i_sel_with_d_req", 31 0;
v000002271a193e20_0 .var/i "cov_ev_redirect_with_fetch_rsp", 31 0;
v000002271a1932e0_0 .var/i "cov_fd", 31 0;
v000002271a193ce0_0 .var "cov_file", 1023 0;
v000002271a193880_0 .var/i "cov_i_req_hs", 31 0;
v000002271a193d80_0 .var/i "cov_i_req_line", 31 0;
v000002271a193ec0_0 .var/i "cov_i_req_other", 31 0;
v000002271a193380_0 .var/i "cov_i_req_uc", 31 0;
v000002271a193920_0 .var/i "cov_i_rsp_err", 31 0;
v000002271a193b00_0 .var/i "cov_i_rsp_hs", 31 0;
v000002271a193560_0 .var/i "cov_i_rsp_stall_cur", 31 0;
v000002271a193f60_0 .var "cov_ic_dc_cross_seen", 83 0;
v000002271a193600_0 .var "cov_ic_l2_cross_seen", 125 0;
v000002271a193100_0 .net "cov_ic_state_cur", 2 0, L_000002271a21c290;  1 drivers
v000002271a1936a0_0 .var "cov_ic_state_seen", 6 0;
v000002271a1939c0_0 .var/i "cov_ifetch_err", 31 0;
v000002271a1931a0_0 .net "cov_l2_state_cur", 4 0, L_000002271a21d3a0;  1 drivers
v000002271a193420_0 .var "cov_l2_state_seen", 17 0;
v000002271a1934c0_0 .var/i "cov_max_d_req_stall", 31 0;
v000002271a193a60_0 .var/i "cov_max_d_rsp_stall", 31 0;
v000002271a185500_0 .var/i "cov_max_i_req_stall", 31 0;
v000002271a1858c0_0 .var/i "cov_max_i_rsp_stall", 31 0;
v000002271a1849c0_0 .var/i "cov_wb_commits", 31 0;
v000002271a186540_0 .var/i "cycles", 31 0;
v000002271a184ba0_0 .var/i "d_delay_cfg", 31 0;
v000002271a184920_0 .var/i "d_delay_cnt", 31 0;
v000002271a1865e0_0 .var "d_err_armed", 0 0;
v000002271a1855a0_0 .var "d_err_once", 0 0;
v000002271a186680_0 .net "d_l2_req_addr", 31 0, v000002271a03dd90_0;  1 drivers
v000002271a185640_0 .net "d_l2_req_cmd", 1 0, v000002271a03de30_0;  1 drivers
v000002271a1860e0_0 .net "d_l2_req_len", 7 0, v000002271a03d110_0;  1 drivers
v000002271a186860_0 .net "d_l2_req_ready", 0 0, L_000002271a1badc8;  1 drivers
v000002271a184880_0 .net "d_l2_req_size", 2 0, v000002271a03d250_0;  1 drivers
v000002271a185460_0 .net "d_l2_req_valid", 0 0, v000002271a03f730_0;  1 drivers
v000002271a185280_0 .net "d_l2_req_wdata", 63 0, v000002271a03d7f0_0;  1 drivers
v000002271a1867c0_0 .net "d_l2_req_wstrb", 7 0, v000002271a03e6f0_0;  1 drivers
v000002271a184ec0_0 .var "d_l2_rsp_err", 0 0;
v000002271a185dc0_0 .var "d_l2_rsp_last", 0 0;
v000002271a185140_0 .var "d_l2_rsp_rdata", 63 0;
v000002271a1862c0_0 .net "d_l2_rsp_ready", 0 0, L_000002271a2193c0;  1 drivers
v000002271a184a60_0 .var "d_l2_rsp_valid", 0 0;
v000002271a186720_0 .var "d_pending", 0 0;
v000002271a186220_0 .var "d_rsp_addr", 31 0;
v000002271a1856e0_0 .var "d_rsp_beat", 2 0;
v000002271a1850a0_0 .var "d_rsp_type", 1 0;
v000002271a184600_0 .var "d_wb_beat", 2 0;
o000002271a0fd6d8 .functor BUFZ 13, C4<zzzzzzzzzzzzz>; HiZ drive
v000002271a185fa0_0 .net "ddr2_addr", 12 0, o000002271a0fd6d8;  0 drivers
o000002271a0fd708 .functor BUFZ 3, C4<zzz>; HiZ drive
v000002271a184f60_0 .net "ddr2_ba", 2 0, o000002271a0fd708;  0 drivers
o000002271a0fd738 .functor BUFZ 1, C4<z>; HiZ drive
v000002271a184240_0 .net "ddr2_cas_n", 0 0, o000002271a0fd738;  0 drivers
o000002271a0fd768 .functor BUFZ 1, C4<z>; HiZ drive
v000002271a185d20_0 .net "ddr2_ck_n", 0 0, o000002271a0fd768;  0 drivers
o000002271a0fd798 .functor BUFZ 1, C4<z>; HiZ drive
v000002271a1844c0_0 .net "ddr2_ck_p", 0 0, o000002271a0fd798;  0 drivers
o000002271a0fd7c8 .functor BUFZ 1, C4<z>; HiZ drive
v000002271a186180_0 .net "ddr2_cke", 0 0, o000002271a0fd7c8;  0 drivers
o000002271a0fd7f8 .functor BUFZ 1, C4<z>; HiZ drive
v000002271a185aa0_0 .net "ddr2_cs_n", 0 0, o000002271a0fd7f8;  0 drivers
o000002271a0fd828 .functor BUFZ 2, C4<zz>; HiZ drive
v000002271a184100_0 .net "ddr2_dm", 1 0, o000002271a0fd828;  0 drivers
o000002271a0fd858 .functor BUFZ 16, C4<zzzzzzzzzzzzzzzz>; HiZ drive
v000002271a184b00_0 .net "ddr2_dq", 15 0, o000002271a0fd858;  0 drivers
o000002271a0fd888 .functor BUFZ 2, C4<zz>; HiZ drive
v000002271a1846a0_0 .net "ddr2_dqs_n", 1 0, o000002271a0fd888;  0 drivers
o000002271a0fd8b8 .functor BUFZ 2, C4<zz>; HiZ drive
v000002271a184380_0 .net "ddr2_dqs_p", 1 0, o000002271a0fd8b8;  0 drivers
o000002271a0fd8e8 .functor BUFZ 1, C4<z>; HiZ drive
v000002271a184420_0 .net "ddr2_odt", 0 0, o000002271a0fd8e8;  0 drivers
o000002271a0fd918 .functor BUFZ 1, C4<z>; HiZ drive
v000002271a184c40_0 .net "ddr2_ras_n", 0 0, o000002271a0fd918;  0 drivers
o000002271a0fd948 .functor BUFZ 1, C4<z>; HiZ drive
v000002271a185b40_0 .net "ddr2_we_n", 0 0, o000002271a0fd948;  0 drivers
v000002271a185e60_0 .var "expect_rd", 4 0;
v000002271a184ce0_0 .var/i "expect_rd_arg", 31 0;
v000002271a185f00_0 .var "expect_val", 31 0;
v000002271a1841a0_0 .var "hold_d_addr", 31 0;
v000002271a185c80_0 .var "hold_d_cmd", 1 0;
v000002271a184d80_0 .var/i "hold_d_cycles", 31 0;
v000002271a1842e0_0 .var "hold_d_len", 7 0;
v000002271a184560_0 .var "hold_d_req", 0 0;
v000002271a184740_0 .var "hold_d_rsp", 0 0;
v000002271a1847e0_0 .var/i "hold_d_rsp_cycles", 31 0;
v000002271a184e20_0 .var "hold_d_rsp_data", 63 0;
v000002271a185000_0 .var "hold_d_rsp_err", 0 0;
v000002271a1851e0_0 .var "hold_d_rsp_last", 0 0;
v000002271a185320_0 .var "hold_d_size", 2 0;
v000002271a185780_0 .var "hold_d_wdata", 63 0;
v000002271a1853c0_0 .var "hold_d_wstrb", 7 0;
v000002271a185820_0 .var "hold_i_addr", 31 0;
v000002271a185960_0 .var "hold_i_cmd", 1 0;
v000002271a185a00_0 .var/i "hold_i_cycles", 31 0;
v000002271a185be0_0 .var "hold_i_len", 7 0;
v000002271a186040_0 .var "hold_i_req", 0 0;
v000002271a186360_0 .var "hold_i_rsp", 0 0;
v000002271a186400_0 .var/i "hold_i_rsp_cycles", 31 0;
v000002271a1864a0_0 .var "hold_i_rsp_data", 63 0;
v000002271a188ac0_0 .var "hold_i_rsp_err", 0 0;
v000002271a186fe0_0 .var "hold_i_rsp_last", 0 0;
v000002271a186cc0_0 .var "hold_i_size", 2 0;
v000002271a188660_0 .var/i "i_delay_cfg", 31 0;
v000002271a1879e0_0 .var/i "i_delay_cnt", 31 0;
v000002271a188520_0 .var "i_err_armed", 0 0;
v000002271a187080_0 .var "i_err_once", 0 0;
v000002271a187120_0 .net "ifetch_err", 0 0, L_000002271a20ef40;  1 drivers
L_000002271a1b62f8 .functor BUFT 1, C4<1>, C4<0>, C4<0>, C4<0>;
v000002271a188ca0_0 .net "init_calib_complete", 0 0, L_000002271a1b62f8;  1 drivers
v000002271a1882a0_0 .net "l2_req_addr", 31 0, v0000022719991b70_0;  1 drivers
v000002271a1888e0_0 .net "l2_req_cmd", 1 0, v000002271998f870_0;  1 drivers
v000002271a1887a0_0 .net "l2_req_len", 7 0, v0000022719993a10_0;  1 drivers
v000002271a186ea0_0 .net "l2_req_ready", 0 0, L_000002271a21d6b0;  1 drivers
v000002271a188980_0 .net "l2_req_size", 2 0, v0000022719993ab0_0;  1 drivers
v000002271a188a20_0 .net "l2_req_valid", 0 0, v00000227199930b0_0;  1 drivers
v000002271a187440_0 .var "l2_rsp_data", 63 0;
v000002271a1871c0_0 .var "l2_rsp_err", 0 0;
v000002271a187260_0 .var "l2_rsp_last", 0 0;
v000002271a187f80_0 .net "l2_rsp_ready", 0 0, v0000022719993790_0;  1 drivers
v000002271a187a80_0 .var "l2_rsp_valid", 0 0;
v000002271a186e00_0 .var/i "last_wb_cycle", 31 0;
v000002271a188b60_0 .var/i "linefill_cnt", 31 0;
v000002271a1874e0_0 .var/i "max_cycles", 31 0;
v000002271a187580 .array "mem", 131071 0, 31 0;
v000002271a187620_0 .var "memfile", 511 0;
v000002271a188700_0 .var "memfile_found", 0 0;
v000002271a186d60_0 .var "memfile_try", 511 0;
v000002271a188340_0 .var/i "mi", 31 0;
L_000002271a1b6268 .functor BUFT 1, C4<000000000000000000000000000>, C4<0>, C4<0>, C4<0>;
v000002271a1876c0_0 .net "mig_app_addr_dbg", 26 0, L_000002271a1b6268;  1 drivers
L_000002271a1b6220 .functor BUFT 1, C4<000>, C4<0>, C4<0>, C4<0>;
v000002271a187760_0 .net "mig_app_cmd_dbg", 2 0, L_000002271a1b6220;  1 drivers
L_000002271a1b6190 .functor BUFT 1, C4<0>, C4<0>, C4<0>, C4<0>;
v000002271a187d00_0 .net "mig_app_en_dbg", 0 0, L_000002271a1b6190;  1 drivers
L_000002271a1b62b0 .functor BUFT 1, C4<0>, C4<0>, C4<0>, C4<0>;
v000002271a1883e0_0 .net "mig_app_rd_valid_dbg", 0 0, L_000002271a1b62b0;  1 drivers
L_000002271a1b61d8 .functor BUFT 1, C4<0>, C4<0>, C4<0>, C4<0>;
v000002271a188f20_0 .net "mig_app_rdy_dbg", 0 0, L_000002271a1b61d8;  1 drivers
L_000002271a1b6100 .functor BUFT 1, C4<0>, C4<0>, C4<0>, C4<0>;
v000002271a186f40_0 .net "mig_l2_sel_busy_dbg", 0 0, L_000002271a1b6100;  1 drivers
L_000002271a1b6148 .functor BUFT 1, C4<0>, C4<0>, C4<0>, C4<0>;
v000002271a1869a0_0 .net "mig_l2_sel_is_d_dbg", 0 0, L_000002271a1b6148;  1 drivers
v000002271a1880c0_0 .net "mig_l2_state_dbg", 4 0, L_000002271a1b60b8;  1 drivers
v000002271a187300_0 .net "mon_d_req_addr", 31 0, L_000002271a21c060;  1 drivers
v000002271a188d40_0 .net "mon_d_req_cmd", 1 0, L_000002271a21c0d0;  1 drivers
v000002271a1873a0_0 .net "mon_d_req_len", 7 0, L_000002271a21bb90;  1 drivers
v000002271a187800_0 .net "mon_d_req_ready", 0 0, L_000002271a21bff0;  1 drivers
v000002271a188c00_0 .net "mon_d_req_size", 2 0, L_000002271a21c140;  1 drivers
v000002271a187da0_0 .net "mon_d_req_valid", 0 0, L_000002271a21b0a0;  1 drivers
v000002271a188e80_0 .net "mon_d_req_wdata", 63 0, L_000002271a21bc00;  1 drivers
v000002271a187e40_0 .net "mon_d_req_wstrb", 7 0, L_000002271a21a5b0;  1 drivers
v000002271a188de0_0 .net "mon_d_rsp_err", 0 0, L_000002271a21daa0;  1 drivers
v000002271a188fc0_0 .net "mon_d_rsp_last", 0 0, L_000002271a21d330;  1 drivers
v000002271a1878a0_0 .net "mon_d_rsp_rdata", 63 0, L_000002271a21b180;  1 drivers
v000002271a187940_0 .net "mon_d_rsp_ready", 0 0, L_000002271a21b110;  1 drivers
v000002271a187b20_0 .net "mon_d_rsp_valid", 0 0, L_000002271a21af50;  1 drivers
v000002271a187bc0_0 .net "mon_i_req_addr", 31 0, L_000002271a21b500;  1 drivers
v000002271a187c60_0 .net "mon_i_req_cmd", 1 0, L_000002271a21afc0;  1 drivers
v000002271a189060_0 .net "mon_i_req_len", 7 0, L_000002271a21bab0;  1 drivers
v000002271a186900_0 .net "mon_i_req_ready", 0 0, L_000002271a21b960;  1 drivers
v000002271a186a40_0 .net "mon_i_req_size", 2 0, L_000002271a21b9d0;  1 drivers
v000002271a186ae0_0 .net "mon_i_req_valid", 0 0, L_000002271a21bea0;  1 drivers
v000002271a187ee0_0 .net "mon_i_rsp_data", 63 0, L_000002271a21ad20;  1 drivers
v000002271a188840_0 .net "mon_i_rsp_err", 0 0, L_000002271a21aee0;  1 drivers
v000002271a186b80_0 .net "mon_i_rsp_last", 0 0, L_000002271a21ae00;  1 drivers
v000002271a186c20_0 .net "mon_i_rsp_ready", 0 0, L_000002271a21aa80;  1 drivers
v000002271a188020_0 .net "mon_i_rsp_valid", 0 0, L_000002271a21a8c0;  1 drivers
v000002271a188160_0 .var "pending", 0 0;
v000002271a188200_0 .var "pending_addr", 31 0;
v000002271a188480_0 .var "pending_beat", 3 0;
v000002271a1885c0_0 .var "pending_uc", 0 0;
v000002271a197ff0_0 .var/i "rand_d_delay_max", 31 0;
v000002271a197550_0 .var/i "rand_i_delay_max", 31 0;
v000002271a1974b0_0 .var/i "rand_mem_en", 31 0;
v000002271a1975f0_0 .var/i "rand_seed", 31 0;
v000002271a196970_0 .var "require_linefill", 0 0;
v000002271a198590_0 .var "rst_n", 0 0;
v000002271a198270_0 .var/i "rtos_pass_seen", 31 0;
v000002271a197730_0 .var/i "rtos_trap_trace", 31 0;
v000002271a1970f0_0 .var/i "rtos_uart_finish_on_pass", 31 0;
v000002271a196650_0 .var/i "rtos_uart_mon", 31 0;
v000002271a198090_0 .var/i "stall_watchdog_max", 31 0;
v000002271a196fb0_0 .var/i "state_cov_en", 31 0;
v000002271a196290_0 .var/i "state_cov_fd", 31 0;
v000002271a197690_0 .var "state_cov_file", 1023 0;
v000002271a1979b0_0 .net "sys_clk_i", 0 0, L_000002271a21bce0;  1 drivers
v000002271a198130_0 .var/i "test_id", 31 0;
v000002271a197af0_0 .var/i "trace_en", 31 0;
v000002271a1988b0_0 .var/i "trace_fd", 31 0;
v000002271a196ab0_0 .var "trace_file", 1023 0;
v000002271a1966f0_0 .var/i "uart_mon_bit", 31 0;
v000002271a1963d0_0 .var "uart_mon_byte", 7 0;
v000002271a196470_0 .var "uart_pass_window", 119 0;
v000002271a1968d0_0 .var "uart_rx", 0 0;
v000002271a197b90_0 .net "uart_tx", 0 0, v000002271a15b460_0;  1 drivers
v000002271a197eb0_0 .net "wb_rd", 4 0, L_000002271a219d60;  1 drivers
v000002271a196b50_0 .net "wb_wdata", 31 0, L_000002271a219350;  1 drivers
v000002271a197d70_0 .net "wb_we", 0 0, L_000002271a2197b0;  1 drivers
E_000002271a065370/0 .event negedge, v000002271a18d520_0;
E_000002271a065370/1 .event posedge, v000002271a179050_0;
E_000002271a065370 .event/or E_000002271a065370/0, E_000002271a065370/1;
E_000002271a0654b0 .event negedge, v000002271a15b460_0;
S_000002271a0e0760 .scope generate, "GEN_TB_NO_MIG_DBG" "GEN_TB_NO_MIG_DBG" 3 418, 3 418 0, S_000002271a0de9b0;
 .timescale -9 -12;
S_000002271a0e0120 .scope task, "dump_cov" "dump_cov" 3 505, 3 505 0, S_000002271a0de9b0;
 .timescale -9 -12;
TD_icache_pipeline_tb.dump_cov ;
    %load/vec4 v000002271a191b20_0;
    %cmpi/ne 0, 0, 32;
    %jmp/0xz  T_0.0, 4;
    %vpi_func 3 508 "$fopen" 32, v000002271a193ce0_0, "w" {0 0 0};
    %store/vec4 v000002271a1932e0_0, 0, 32;
    %load/vec4 v000002271a1932e0_0;
    %cmpi/ne 0, 0, 32;
    %jmp/0xz  T_0.2, 4;
    %vpi_call/w 3 510 "$fdisplay", v000002271a1932e0_0, "test=%0d", v000002271a198130_0 {0 0 0};
    %vpi_call/w 3 511 "$fdisplay", v000002271a1932e0_0, "cycles=%0d", v000002271a186540_0 {0 0 0};
    %vpi_call/w 3 512 "$fdisplay", v000002271a1932e0_0, "active_cycles=%0d", v000002271a191260_0 {0 0 0};
    %vpi_call/w 3 513 "$fdisplay", v000002271a1932e0_0, "wb_commits=%0d", v000002271a1849c0_0 {0 0 0};
    %vpi_call/w 3 514 "$fdisplay", v000002271a1932e0_0, "i_req_hs=%0d", v000002271a193880_0 {0 0 0};
    %vpi_call/w 3 515 "$fdisplay", v000002271a1932e0_0, "d_req_hs=%0d", v000002271a191300_0 {0 0 0};
    %vpi_call/w 3 516 "$fdisplay", v000002271a1932e0_0, "i_rsp_hs=%0d", v000002271a193b00_0 {0 0 0};
    %vpi_call/w 3 517 "$fdisplay", v000002271a1932e0_0, "d_rsp_hs=%0d", v000002271a1927a0_0 {0 0 0};
    %vpi_call/w 3 518 "$fdisplay", v000002271a1932e0_0, "i_req_line=%0d", v000002271a193d80_0 {0 0 0};
    %vpi_call/w 3 519 "$fdisplay", v000002271a1932e0_0, "i_req_uc=%0d", v000002271a193380_0 {0 0 0};
    %vpi_call/w 3 520 "$fdisplay", v000002271a1932e0_0, "i_req_other=%0d", v000002271a193ec0_0 {0 0 0};
    %vpi_call/w 3 521 "$fdisplay", v000002271a1932e0_0, "d_req_line=%0d", v000002271a1913a0_0 {0 0 0};
    %vpi_call/w 3 522 "$fdisplay", v000002271a1932e0_0, "d_req_uc_rd=%0d", v000002271a191440_0 {0 0 0};
    %vpi_call/w 3 523 "$fdisplay", v000002271a1932e0_0, "d_req_uc_wr=%0d", v000002271a191f80_0 {0 0 0};
    %vpi_call/w 3 524 "$fdisplay", v000002271a1932e0_0, "d_req_wb=%0d", v000002271a192020_0 {0 0 0};
    %vpi_call/w 3 525 "$fdisplay", v000002271a1932e0_0, "i_rsp_err=%0d", v000002271a193920_0 {0 0 0};
    %vpi_call/w 3 526 "$fdisplay", v000002271a1932e0_0, "d_rsp_err=%0d", v000002271a1914e0_0 {0 0 0};
    %vpi_call/w 3 527 "$fdisplay", v000002271a1932e0_0, "ifetch_err=%0d", v000002271a1939c0_0 {0 0 0};
    %vpi_call/w 3 528 "$fdisplay", v000002271a1932e0_0, "max_i_req_stall=%0d", v000002271a185500_0 {0 0 0};
    %vpi_call/w 3 529 "$fdisplay", v000002271a1932e0_0, "max_d_req_stall=%0d", v000002271a1934c0_0 {0 0 0};
    %vpi_call/w 3 530 "$fdisplay", v000002271a1932e0_0, "max_i_rsp_stall=%0d", v000002271a1858c0_0 {0 0 0};
    %vpi_call/w 3 531 "$fdisplay", v000002271a1932e0_0, "max_d_rsp_stall=%0d", v000002271a193a60_0 {0 0 0};
    %vpi_call/w 3 532 "$fclose", v000002271a1932e0_0 {0 0 0};
    %pushi/vec4 0, 0, 32;
    %store/vec4 v000002271a1932e0_0, 0, 32;
    %vpi_call/w 3 534 "$display", "[TB COV] wrote %0s", v000002271a193ce0_0 {0 0 0};
    %jmp T_0.3;
T_0.2 ;
    %vpi_call/w 3 536 "$display", "[TB COV] WARN: cannot open %0s", v000002271a193ce0_0 {0 0 0};
T_0.3 ;
T_0.0 ;
    %end;
S_000002271a0decd0 .scope task, "dump_state_cov" "dump_state_cov" 3 542, 3 542 0, S_000002271a0de9b0;
 .timescale -9 -12;
TD_icache_pipeline_tb.dump_state_cov ;
    %load/vec4 v000002271a196fb0_0;
    %cmpi/ne 0, 0, 32;
    %jmp/0xz  T_1.4, 4;
    %vpi_func 3 545 "$fopen" 32, v000002271a197690_0, "w" {0 0 0};
    %store/vec4 v000002271a196290_0, 0, 32;
    %load/vec4 v000002271a196290_0;
    %cmpi/ne 0, 0, 32;
    %jmp/0xz  T_1.6, 4;
    %vpi_call/w 3 547 "$fdisplay", v000002271a196290_0, "test=%0d", v000002271a198130_0 {0 0 0};
    %vpi_call/w 3 548 "$fdisplay", v000002271a196290_0, "cycles=%0d", v000002271a186540_0 {0 0 0};
    %vpi_call/w 3 549 "$fdisplay", v000002271a196290_0, "ic_state_seen=0x%0h", v000002271a1936a0_0 {0 0 0};
    %vpi_call/w 3 550 "$fdisplay", v000002271a196290_0, "dc_state_seen=0x%0h", v000002271a1928e0_0 {0 0 0};
    %vpi_call/w 3 551 "$fdisplay", v000002271a196290_0, "l2_state_seen=0x%0h", v000002271a193420_0 {0 0 0};
    %vpi_call/w 3 552 "$fdisplay", v000002271a196290_0, "ic_dc_cross_seen=0x%0h", v000002271a193f60_0 {0 0 0};
    %vpi_call/w 3 553 "$fdisplay", v000002271a196290_0, "ic_l2_cross_seen=0x%0h", v000002271a193600_0 {0 0 0};
    %vpi_call/w 3 554 "$fdisplay", v000002271a196290_0, "dc_l2_cross_seen=0x%0h", v000002271a1919e0_0 {0 0 0};
    %vpi_call/w 3 555 "$fdisplay", v000002271a196290_0, "ev_both_req_valid=%0d", v000002271a191bc0_0 {0 0 0};
    %vpi_call/w 3 556 "$fdisplay", v000002271a196290_0, "ev_redirect_with_fetch_rsp=%0d", v000002271a193e20_0 {0 0 0};
    %vpi_call/w 3 557 "$fdisplay", v000002271a196290_0, "ev_iwait_and_drefill=%0d", v000002271a193240_0 {0 0 0};
    %vpi_call/w 3 558 "$fdisplay", v000002271a196290_0, "ev_iwait_and_dwbwait=%0d", v000002271a193ba0_0 {0 0 0};
    %vpi_call/w 3 559 "$fdisplay", v000002271a196290_0, "ev_l2_err_rsp=%0d", v000002271a193c40_0 {0 0 0};
    %vpi_call/w 3 560 "$fdisplay", v000002271a196290_0, "ev_l2_d_sel_with_i_req=%0d", v000002271a193740_0 {0 0 0};
    %vpi_call/w 3 561 "$fdisplay", v000002271a196290_0, "ev_l2_i_sel_with_d_req=%0d", v000002271a1937e0_0 {0 0 0};
    %vpi_call/w 3 562 "$fclose", v000002271a196290_0 {0 0 0};
    %pushi/vec4 0, 0, 32;
    %store/vec4 v000002271a196290_0, 0, 32;
    %vpi_call/w 3 564 "$display", "[TB STATECOV] wrote %0s", v000002271a197690_0 {0 0 0};
    %jmp T_1.7;
T_1.6 ;
    %vpi_call/w 3 566 "$display", "[TB STATECOV] WARN: cannot open %0s", v000002271a197690_0 {0 0 0};
T_1.7 ;
T_1.4 ;
    %end;
S_000002271a0df4a0 .scope module, "dut" "icache_pipeline_top" 3 92, 4 14 0, S_000002271a0de9b0;
 .timescale -9 -12;
    .port_info 0 /INPUT 1 "clk";
    .port_info 1 /INPUT 1 "rst_n";
    .port_info 2 /INPUT 1 "launcher_reset_req_i";
    .port_info 3 /INPUT 1 "uart_rx_i";
    .port_info 4 /OUTPUT 1 "uart_tx_o";
    .port_info 5 /INOUT 16 "ddr2_dq";
    .port_info 6 /INOUT 2 "ddr2_dqs_n";
    .port_info 7 /INOUT 2 "ddr2_dqs_p";
    .port_info 8 /OUTPUT 13 "ddr2_addr";
    .port_info 9 /OUTPUT 3 "ddr2_ba";
    .port_info 10 /OUTPUT 1 "ddr2_ras_n";
    .port_info 11 /OUTPUT 1 "ddr2_cas_n";
    .port_info 12 /OUTPUT 1 "ddr2_we_n";
    .port_info 13 /OUTPUT 1 "ddr2_ck_p";
    .port_info 14 /OUTPUT 1 "ddr2_ck_n";
    .port_info 15 /OUTPUT 1 "ddr2_cke";
    .port_info 16 /OUTPUT 1 "ddr2_cs_n";
    .port_info 17 /OUTPUT 2 "ddr2_dm";
    .port_info 18 /OUTPUT 1 "ddr2_odt";
    .port_info 19 /INPUT 1 "sys_clk_i";
    .port_info 20 /INPUT 1 "clk_ref_i";
    .port_info 21 /OUTPUT 1 "init_calib_complete";
    .port_info 22 /OUTPUT 1 "l2_req_valid";
    .port_info 23 /INPUT 1 "l2_req_ready";
    .port_info 24 /OUTPUT 32 "l2_req_addr";
    .port_info 25 /OUTPUT 2 "l2_req_cmd";
    .port_info 26 /OUTPUT 3 "l2_req_size";
    .port_info 27 /OUTPUT 8 "l2_req_len";
    .port_info 28 /INPUT 1 "l2_rsp_valid";
    .port_info 29 /OUTPUT 1 "l2_rsp_ready";
    .port_info 30 /INPUT 64 "l2_rsp_data";
    .port_info 31 /INPUT 1 "l2_rsp_last";
    .port_info 32 /INPUT 1 "l2_rsp_err";
    .port_info 33 /OUTPUT 1 "d_l2_req_valid";
    .port_info 34 /INPUT 1 "d_l2_req_ready";
    .port_info 35 /OUTPUT 32 "d_l2_req_addr";
    .port_info 36 /OUTPUT 2 "d_l2_req_cmd";
    .port_info 37 /OUTPUT 3 "d_l2_req_size";
    .port_info 38 /OUTPUT 8 "d_l2_req_len";
    .port_info 39 /OUTPUT 64 "d_l2_req_wdata";
    .port_info 40 /OUTPUT 8 "d_l2_req_wstrb";
    .port_info 41 /INPUT 1 "d_l2_rsp_valid";
    .port_info 42 /OUTPUT 1 "d_l2_rsp_ready";
    .port_info 43 /INPUT 64 "d_l2_rsp_rdata";
    .port_info 44 /INPUT 1 "d_l2_rsp_last";
    .port_info 45 /INPUT 1 "d_l2_rsp_err";
    .port_info 46 /OUTPUT 1 "wb_we_o";
    .port_info 47 /OUTPUT 5 "wb_rd_o";
    .port_info 48 /OUTPUT 32 "wb_wdata_o";
    .port_info 49 /OUTPUT 1 "ifetch_err_o";
    .port_info 50 /OUTPUT 1 "boot_done_o";
    .port_info 51 /OUTPUT 1 "boot_edge_seen_o";
    .port_info 52 /OUTPUT 1 "boot_ui_edge_seen_o";
    .port_info 53 /OUTPUT 1 "boot_ui_edge_active_o";
    .port_info 54 /OUTPUT 1 "boot_boot_edge_seen_o";
    .port_info 55 /OUTPUT 1 "boot_rx_seen_o";
    .port_info 56 /OUTPUT 1 "boot_sync_seen_o";
    .port_info 57 /OUTPUT 1 "boot_rst_released_o";
    .port_info 58 /OUTPUT 1 "boot_ui_reset_released_o";
    .port_info 59 /OUTPUT 1 "boot_ui_clk_seen_o";
    .port_info 60 /OUTPUT 1 "boot_ui_clk_blink_o";
    .port_info 61 /OUTPUT 3 "boot_state_o";
    .port_info 62 /OUTPUT 4 "boot_rx_sel_o";
    .port_info 63 /OUTPUT 1 "core_running_o";
    .port_info 64 /OUTPUT 1 "core_pc_seen_o";
    .port_info 65 /OUTPUT 1 "uart_mmio_seen_o";
    .port_info 66 /OUTPUT 1 "uart_tx_fire_seen_o";
    .port_info 67 /OUTPUT 1 "uart_tx_busy_seen_o";
    .port_info 68 /OUTPUT 1 "dmem_req_seen_o";
    .port_info 69 /OUTPUT 1 "dmem_store_seen_o";
    .port_info 70 /OUTPUT 1 "dmem_rsp_seen_o";
    .port_info 71 /OUTPUT 1 "mem_stall_seen_o";
    .port_info 72 /OUTPUT 1 "wb_seen_o";
    .port_info 73 /OUTPUT 1 "boot_word0_ok_o";
    .port_info 74 /OUTPUT 1 "boot_word1_ok_o";
    .port_info 75 /OUTPUT 1 "boot_word2_ok_o";
    .port_info 76 /OUTPUT 1 "boot_word3_ok_o";
    .port_info 77 /OUTPUT 1 "boot_header_ok_o";
    .port_info 78 /OUTPUT 1 "boot_verify0_ok_o";
    .port_info 79 /OUTPUT 1 "boot_verify1_ok_o";
    .port_info 80 /OUTPUT 1 "boot_verify2_ok_o";
    .port_info 81 /OUTPUT 1 "boot_verify0_w0_ok_o";
    .port_info 82 /OUTPUT 1 "boot_verify0_w1_ok_o";
    .port_info 83 /OUTPUT 1 "boot_verify0_w2_ok_o";
    .port_info 84 /OUTPUT 1 "boot_verify0_w3_ok_o";
    .port_info 85 /OUTPUT 1 "boot_verify0_wordrev_ok_o";
    .port_info 86 /OUTPUT 1 "boot_verify0_byterev32_ok_o";
    .port_info 87 /OUTPUT 1 "boot_verify0_byterev128_ok_o";
    .port_info 88 /OUTPUT 1 "boot_verify0_memtest0_ok_o";
    .port_info 89 /OUTPUT 1 "boot_verify_req_seen_o";
    .port_info 90 /OUTPUT 1 "boot_verify_rsp_seen_o";
    .port_info 91 /OUTPUT 1 "boot_memtest_pass_o";
    .port_info 92 /OUTPUT 1 "boot_memtest_done_o";
    .port_info 93 /OUTPUT 1 "boot_memtest_rd_seen_o";
    .port_info 94 /OUTPUT 1 "boot_memtest0_ok_o";
    .port_info 95 /OUTPUT 1 "boot_memtest1_ok_o";
    .port_info 96 /OUTPUT 1 "boot_memtest2_ok_o";
    .port_info 97 /OUTPUT 1 "boot_memtest3_ok_o";
    .port_info 98 /OUTPUT 1 "vga_hsync_o";
    .port_info 99 /OUTPUT 1 "vga_vsync_o";
    .port_info 100 /OUTPUT 4 "vga_red_o";
    .port_info 101 /OUTPUT 4 "vga_green_o";
    .port_info 102 /OUTPUT 4 "vga_blue_o";
P_000002271a0e4e00 .param/l "ADDR_WIDTH" 0 4 15, +C4<00000000000000000000000000100000>;
P_000002271a0e4e38 .param/l "BOOT_RELEASE_CYCLES" 0 4 23, +C4<00000000000000000000000000000001>;
P_000002271a0e4e70 .param/l "BOOT_RELEASE_W" 1 4 158, +C4<00000000000000000000000000000001>;
P_000002271a0e4ea8 .param/l "DMEM_WORDS" 0 4 17, +C4<00000000000000000000010000000000>;
P_000002271a0e4ee0 .param/l "D_CACHE_BYTES_CFG" 1 4 1848, +C4<00000000000000000010000000000000>;
P_000002271a0e4f18 .param/l "I_CACHE_BYTES_CFG" 1 4 823, +C4<00000000000000000010000000000000>;
P_000002271a0e4f50 .param/l "I_CACHE_INDEX_BITS_CFG" 1 4 824, +C4<00000000000000000000000000000110>;
P_000002271a0e4f88 .param/l "I_CACHE_TAG_BITS_CFG" 1 4 832, +C4<00000000000000000000000000010100>;
P_000002271a0e4fc0 .param/l "L2_DATA_W" 0 4 16, +C4<00000000000000000000000001000000>;
P_000002271a0e4ff8 .param/l "LAUNCHER_BTN_DEBOUNCE_CYCLES" 1 4 178, +C4<00000000000000001100001101010000>;
P_000002271a0e5030 .param/l "LAUNCHER_BTN_DEBOUNCE_W" 1 4 179, +C4<00000000000000000000000000010000>;
P_000002271a0e5068 .param/l "LAUNCHER_RESET_ARM_CYCLES" 1 4 185, +C4<00000000010011000100101101000000>;
P_000002271a0e50a0 .param/l "LAUNCHER_RESET_ARM_W" 1 4 186, +C4<00000000000000000000000000010111>;
P_000002271a0e50d8 .param/l "LAUNCHER_RESET_CYCLES" 1 4 188, +C4<00000000000111101000010010000000>;
P_000002271a0e5110 .param/l "LAUNCHER_RESET_W" 1 4 189, +C4<00000000000000000000000000010101>;
P_000002271a0e5148 .param/l "RESET_PC" 0 4 25, C4<10000000000000000000000000000000>;
P_000002271a0e5180 .param/l "UART_BAUD" 0 4 21, +C4<00000000000011110100001001000000>;
P_000002271a0e51b8 .param/l "UART_BOOT_BASE" 0 4 24, C4<10000000000000000000000000000000>;
P_000002271a0e51f0 .param/l "UART_BOOT_EN" 0 4 20, +C4<00000000000000000000000000000000>;
P_000002271a0e5228 .param/l "UART_CLK_HZ" 0 4 22, +C4<00000101111101011110000100000000>;
P_000002271a0e5260 .param/l "UART_MMIO_BASE" 1 4 1546, C4<01000000000000000000000000000000>;
P_000002271a0e5298 .param/l "UART_MMIO_LAUNCHER_RESET" 1 4 1551, C4<01000000000000000000000000010100>;
P_000002271a0e52d0 .param/l "UART_MMIO_LAUNCHER_STATUS" 1 4 1550, C4<01000000000000000000000000010000>;
P_000002271a0e5308 .param/l "UART_MMIO_MEIP" 1 4 1553, C4<01000000000000000000000000011100>;
P_000002271a0e5340 .param/l "UART_MMIO_MSIP" 1 4 1552, C4<01000000000000000000000000011000>;
P_000002271a0e5378 .param/l "UART_MMIO_MTIMECMP_HI" 1 4 1557, C4<01000000000000000000000000101100>;
P_000002271a0e53b0 .param/l "UART_MMIO_MTIMECMP_LO" 1 4 1556, C4<01000000000000000000000000101000>;
P_000002271a0e53e8 .param/l "UART_MMIO_MTIME_HI" 1 4 1555, C4<01000000000000000000000000100100>;
P_000002271a0e5420 .param/l "UART_MMIO_MTIME_LO" 1 4 1554, C4<01000000000000000000000000100000>;
P_000002271a0e5458 .param/l "UART_MMIO_RX_DATA" 1 4 1548, C4<01000000000000000000000000001000>;
P_000002271a0e5490 .param/l "UART_MMIO_RX_STATUS" 1 4 1549, C4<01000000000000000000000000001100>;
P_000002271a0e54c8 .param/l "UART_MMIO_TX_STATUS" 1 4 1547, C4<01000000000000000000000000000100>;
P_000002271a0e5500 .param/l "USE_MIG" 0 4 18, +C4<00000000000000000000000000000000>;
P_000002271a0e5538 .param/l "USE_VGA" 0 4 19, +C4<00000000000000000000000000000000>;
P_000002271a0e5570 .param/l "VGA_MMIO_BASE" 1 4 1558, C4<01010000000000000000000000000000>;
P_000002271a0e55a8 .param/l "VGA_MMIO_LAST" 1 4 1559, C4<01010000000000000111111111111111>;
L_0000022719c75ab0 .functor NOT 1, L_000002271a198630, C4<0>, C4<0>, C4<0>;
L_000002271a1b63d0 .functor BUFT 1, C4<0>, C4<0>, C4<0>, C4<0>;
L_0000022719c75b20 .functor OR 1, L_000002271a1b63d0, v000002271a178510_0, C4<0>, C4<0>;
L_000002271a1b6340 .functor BUFT 1, C4<0>, C4<0>, C4<0>, C4<0>;
L_0000022719c75b90 .functor NOT 1, L_000002271a1b6340, C4<0>, C4<0>, C4<0>;
L_0000022719c75c00 .functor AND 1, L_0000022719c75b90, L_000002271a1b62f8, C4<1>, C4<1>;
L_0000022719c56a20 .functor OR 1, L_000002271a197cd0, L_000002271a196d30, C4<0>, C4<0>;
L_000002271a1b6388 .functor BUFT 1, C4<1>, C4<0>, C4<0>, C4<0>;
L_0000022719c56ef0 .functor BUFZ 1, L_000002271a1b6388, C4<0>, C4<0>, C4<0>;
L_0000022719c56e10 .functor BUFZ 1, L_0000022719c75b20, C4<0>, C4<0>, C4<0>;
L_0000022719c57190 .functor BUFZ 1, v000002271a178510_0, C4<0>, C4<0>, C4<0>;
L_0000022719c56b70 .functor BUFZ 1, L_000002271a1b63d0, C4<0>, C4<0>, C4<0>;
L_000002271a1b6418 .functor BUFT 1, C4<0>, C4<0>, C4<0>, C4<0>;
L_0000022719c57a50 .functor BUFZ 1, L_000002271a1b6418, C4<0>, C4<0>, C4<0>;
L_000002271a1b6460 .functor BUFT 1, C4<0>, C4<0>, C4<0>, C4<0>;
L_0000022719c567f0 .functor BUFZ 1, L_000002271a1b6460, C4<0>, C4<0>, C4<0>;
L_000002271a1b64a8 .functor BUFT 1, C4<1>, C4<0>, C4<0>, C4<0>;
L_0000022719c57740 .functor BUFZ 1, L_000002271a1b64a8, C4<0>, C4<0>, C4<0>;
L_0000022719c56f60 .functor BUFZ 1, L_0000022719c75c00, C4<0>, C4<0>, C4<0>;
L_0000022719c57970 .functor BUFZ 1, v000002271a178830_0, C4<0>, C4<0>, C4<0>;
L_000002271a1b64f0 .functor BUFT 1, C4<000>, C4<0>, C4<0>, C4<0>;
L_0000022719c57ac0 .functor BUFZ 3, L_000002271a1b64f0, C4<000>, C4<000>, C4<000>;
L_000002271a1b6538 .functor BUFT 1, C4<0000>, C4<0>, C4<0>, C4<0>;
L_0000022719c56c50 .functor BUFZ 4, L_000002271a1b6538, C4<0000>, C4<0000>, C4<0000>;
L_0000022719c566a0 .functor BUFZ 1, L_000002271a198630, C4<0>, C4<0>, C4<0>;
L_0000022719c57820 .functor BUFZ 1, v000002271a1792d0_0, C4<0>, C4<0>, C4<0>;
L_0000022719c560f0 .functor BUFZ 1, v000002271a18f6e0_0, C4<0>, C4<0>, C4<0>;
L_0000022719c57270 .functor BUFZ 1, v000002271a18fbe0_0, C4<0>, C4<0>, C4<0>;
L_0000022719c56b00 .functor BUFZ 1, v000002271a18eb00_0, C4<0>, C4<0>, C4<0>;
L_0000022719c574a0 .functor BUFZ 1, v000002271a17c070_0, C4<0>, C4<0>, C4<0>;
L_0000022719c57200 .functor BUFZ 1, v000002271a17d150_0, C4<0>, C4<0>, C4<0>;
L_0000022719c572e0 .functor BUFZ 1, v000002271a17cb10_0, C4<0>, C4<0>, C4<0>;
L_0000022719c57c80 .functor BUFZ 1, v000002271a18dac0_0, C4<0>, C4<0>, C4<0>;
L_0000022719c576d0 .functor BUFZ 1, v000002271a192480_0, C4<0>, C4<0>, C4<0>;
L_000002271a1b6580 .functor BUFT 1, C4<0>, C4<0>, C4<0>, C4<0>;
L_0000022719c56860 .functor BUFZ 1, L_000002271a1b6580, C4<0>, C4<0>, C4<0>;
L_000002271a1b65c8 .functor BUFT 1, C4<0>, C4<0>, C4<0>, C4<0>;
L_0000022719c56320 .functor BUFZ 1, L_000002271a1b65c8, C4<0>, C4<0>, C4<0>;
L_000002271a1b6610 .functor BUFT 1, C4<0>, C4<0>, C4<0>, C4<0>;
L_0000022719c56940 .functor BUFZ 1, L_000002271a1b6610, C4<0>, C4<0>, C4<0>;
L_000002271a1b6658 .functor BUFT 1, C4<0>, C4<0>, C4<0>, C4<0>;
L_0000022719c579e0 .functor BUFZ 1, L_000002271a1b6658, C4<0>, C4<0>, C4<0>;
L_000002271a1b66a0 .functor BUFT 1, C4<0>, C4<0>, C4<0>, C4<0>;
L_0000022719c57890 .functor BUFZ 1, L_000002271a1b66a0, C4<0>, C4<0>, C4<0>;
L_000002271a1b66e8 .functor BUFT 1, C4<0>, C4<0>, C4<0>, C4<0>;
L_0000022719c56160 .functor BUFZ 1, L_000002271a1b66e8, C4<0>, C4<0>, C4<0>;
L_000002271a1b6730 .functor BUFT 1, C4<0>, C4<0>, C4<0>, C4<0>;
L_0000022719c57900 .functor BUFZ 1, L_000002271a1b6730, C4<0>, C4<0>, C4<0>;
L_000002271a1b6778 .functor BUFT 1, C4<0>, C4<0>, C4<0>, C4<0>;
L_0000022719c57b30 .functor BUFZ 1, L_000002271a1b6778, C4<0>, C4<0>, C4<0>;
L_000002271a1b67c0 .functor BUFT 1, C4<0>, C4<0>, C4<0>, C4<0>;
L_0000022719c561d0 .functor BUFZ 1, L_000002271a1b67c0, C4<0>, C4<0>, C4<0>;
L_000002271a1b6808 .functor BUFT 1, C4<0>, C4<0>, C4<0>, C4<0>;
L_0000022719c565c0 .functor BUFZ 1, L_000002271a1b6808, C4<0>, C4<0>, C4<0>;
L_000002271a1b6850 .functor BUFT 1, C4<0>, C4<0>, C4<0>, C4<0>;
L_0000022719c564e0 .functor BUFZ 1, L_000002271a1b6850, C4<0>, C4<0>, C4<0>;
L_000002271a1b6898 .functor BUFT 1, C4<0>, C4<0>, C4<0>, C4<0>;
L_0000022719c57ba0 .functor BUFZ 1, L_000002271a1b6898, C4<0>, C4<0>, C4<0>;
L_000002271a1b68e0 .functor BUFT 1, C4<0>, C4<0>, C4<0>, C4<0>;
L_0000022719c569b0 .functor BUFZ 1, L_000002271a1b68e0, C4<0>, C4<0>, C4<0>;
L_000002271a1b6928 .functor BUFT 1, C4<0>, C4<0>, C4<0>, C4<0>;
L_0000022719c56e80 .functor BUFZ 1, L_000002271a1b6928, C4<0>, C4<0>, C4<0>;
L_000002271a1b6970 .functor BUFT 1, C4<0>, C4<0>, C4<0>, C4<0>;
L_0000022719c57c10 .functor BUFZ 1, L_000002271a1b6970, C4<0>, C4<0>, C4<0>;
L_000002271a1b69b8 .functor BUFT 1, C4<0>, C4<0>, C4<0>, C4<0>;
L_0000022719c568d0 .functor BUFZ 1, L_000002271a1b69b8, C4<0>, C4<0>, C4<0>;
L_000002271a1b6a00 .functor BUFT 1, C4<0>, C4<0>, C4<0>, C4<0>;
L_0000022719c56be0 .functor BUFZ 1, L_000002271a1b6a00, C4<0>, C4<0>, C4<0>;
L_000002271a1b6a48 .functor BUFT 1, C4<0>, C4<0>, C4<0>, C4<0>;
L_0000022719c56390 .functor BUFZ 1, L_000002271a1b6a48, C4<0>, C4<0>, C4<0>;
L_000002271a1b6a90 .functor BUFT 1, C4<1>, C4<0>, C4<0>, C4<0>;
L_0000022719c56780 .functor BUFZ 1, L_000002271a1b6a90, C4<0>, C4<0>, C4<0>;
L_000002271a1b6ad8 .functor BUFT 1, C4<1>, C4<0>, C4<0>, C4<0>;
L_0000022719c57660 .functor BUFZ 1, L_000002271a1b6ad8, C4<0>, C4<0>, C4<0>;
L_000002271a1b6b20 .functor BUFT 1, C4<0>, C4<0>, C4<0>, C4<0>;
L_0000022719c56470 .functor BUFZ 1, L_000002271a1b6b20, C4<0>, C4<0>, C4<0>;
L_000002271a1b6b68 .functor BUFT 1, C4<1>, C4<0>, C4<0>, C4<0>;
L_0000022719c57580 .functor BUFZ 1, L_000002271a1b6b68, C4<0>, C4<0>, C4<0>;
L_000002271a1b6bb0 .functor BUFT 1, C4<1>, C4<0>, C4<0>, C4<0>;
L_0000022719c56fd0 .functor BUFZ 1, L_000002271a1b6bb0, C4<0>, C4<0>, C4<0>;
L_000002271a1b6bf8 .functor BUFT 1, C4<1>, C4<0>, C4<0>, C4<0>;
L_0000022719c56630 .functor BUFZ 1, L_000002271a1b6bf8, C4<0>, C4<0>, C4<0>;
L_000002271a1b6c40 .functor BUFT 1, C4<1>, C4<0>, C4<0>, C4<0>;
L_0000022719c56240 .functor BUFZ 1, L_000002271a1b6c40, C4<0>, C4<0>, C4<0>;
L_000002271a1b6da8 .functor BUFT 1, C4<1>, C4<0>, C4<0>, C4<0>;
L_0000022719c577b0 .functor BUFZ 1, L_000002271a1b6da8, C4<0>, C4<0>, C4<0>;
L_000002271a1b6df0 .functor BUFT 1, C4<1>, C4<0>, C4<0>, C4<0>;
L_0000022719c56550 .functor BUFZ 1, L_000002271a1b6df0, C4<0>, C4<0>, C4<0>;
L_000002271a1b6e38 .functor BUFT 1, C4<0000>, C4<0>, C4<0>, C4<0>;
L_0000022719c562b0 .functor BUFZ 4, L_000002271a1b6e38, C4<0000>, C4<0000>, C4<0000>;
L_000002271a1b6e80 .functor BUFT 1, C4<0000>, C4<0>, C4<0>, C4<0>;
L_0000022719c56710 .functor BUFZ 4, L_000002271a1b6e80, C4<0000>, C4<0000>, C4<0000>;
L_000002271a1b6ec8 .functor BUFT 1, C4<0000>, C4<0>, C4<0>, C4<0>;
L_0000022719c570b0 .functor BUFZ 4, L_000002271a1b6ec8, C4<0000>, C4<0000>, C4<0000>;
L_0000022719c56a90 .functor BUFZ 32, v000002271a15d260_0, C4<00000000000000000000000000000000>, C4<00000000000000000000000000000000>, C4<00000000000000000000000000000000>;
L_0000022719c56cc0 .functor BUFZ 1, L_000002271a216480, C4<0>, C4<0>, C4<0>;
L_0000022719c57350 .functor NOT 1, L_000002271a21b730, C4<0>, C4<0>, C4<0>;
L_0000022719c6a0c0 .functor BUFZ 1, v000002271a17f130_0, C4<0>, C4<0>, C4<0>;
L_0000022719c6b4e0 .functor NOT 1, v000002271a17f130_0, C4<0>, C4<0>, C4<0>;
L_0000022719c6e5e0 .functor AND 1, v0000022719991490_0, L_0000022719c6b4e0, C4<1>, C4<1>;
L_0000022719c6d850 .functor BUFZ 1, v000002271a17f130_0, C4<0>, C4<0>, C4<0>;
L_0000022719c6da10 .functor NOT 1, L_0000022719c68140, C4<0>, C4<0>, C4<0>;
L_0000022719c6fbc0 .functor AND 1, L_000002271a20e990, L_0000022719c6da10, C4<1>, C4<1>;
L_0000022719c6fc30 .functor NOT 1, L_0000022719c56cc0, C4<0>, C4<0>, C4<0>;
L_0000022719c71b40 .functor AND 1, L_0000022719c6fbc0, L_0000022719c6fc30, C4<1>, C4<1>;
L_0000022719c70790 .functor NOT 1, L_0000022719c6b4e0, C4<0>, C4<0>, C4<0>;
L_0000022719c71210 .functor AND 1, v0000022719991490_0, L_0000022719c70790, C4<1>, C4<1>;
L_0000022719c730b0 .functor AND 1, L_000002271a20edf0, L_0000022719c57350, C4<1>, C4<1>;
L_000002271a20faa0 .functor AND 1, L_0000022719c730b0, v000002271a17e370_0, C4<1>, C4<1>;
L_000002271a20f250 .functor NOT 1, L_000002271a216480, C4<0>, C4<0>, C4<0>;
L_000002271a20f1e0 .functor AND 1, L_0000022719c6a0c0, L_000002271a20f250, C4<1>, C4<1>;
L_000002271a20ef40 .functor AND 1, L_0000022719c6a0c0, v000002271a17e370_0, C4<1>, C4<1>;
L_000002271a20ed80 .functor OR 1, L_000002271a197e10, L_000002271a197f50, C4<0>, C4<0>;
L_000002271a20e290 .functor OR 1, L_000002271a20ed80, L_000002271a196510, C4<0>, C4<0>;
L_000002271a20f3a0 .functor AND 1, L_000002271a20f1e0, L_000002271a1961f0, C4<1>, C4<1>;
L_000002271a20edf0 .functor AND 1, L_000002271a20f3a0, L_000002271a1965b0, C4<1>, C4<1>;
L_000002271a20ebc0 .functor AND 1, L_000002271a20edf0, L_0000022719c57350, C4<1>, C4<1>;
L_000002271a20f560 .functor NOT 1, v000002271a18a280_0, C4<0>, C4<0>, C4<0>;
L_000002271a20e760 .functor NOT 1, L_000002271a21b2d0, C4<0>, C4<0>, C4<0>;
L_000002271a20f870 .functor AND 1, L_000002271a20f560, L_000002271a20e760, C4<1>, C4<1>;
L_000002271a20ea00 .functor NOT 1, v000002271a17f130_0, C4<0>, C4<0>, C4<0>;
L_000002271a20eed0 .functor AND 1, L_000002271a20f870, L_000002271a20ea00, C4<1>, C4<1>;
L_000002271a20f170 .functor NOT 1, v000002271a180850_0, C4<0>, C4<0>, C4<0>;
L_000002271a20e990 .functor AND 1, L_000002271a20eed0, L_000002271a20f170, C4<1>, C4<1>;
L_000002271a20ec30 .functor AND 1, L_000002271a20e990, L_0000022719c68140, C4<1>, C4<1>;
L_000002271a20f6b0 .functor NOT 1, L_0000022719c56cc0, C4<0>, C4<0>, C4<0>;
L_000002271a20fcd0 .functor AND 1, L_000002271a20ec30, L_000002271a20f6b0, C4<1>, C4<1>;
L_000002271a210d70 .functor OR 1, v000002271a1411d0_0, v000002271a1437f0_0, C4<0>, C4<0>;
L_000002271a2103d0 .functor OR 1, L_000002271a210d70, v000002271a143610_0, C4<0>, C4<0>;
L_000002271a1b7d20 .functor BUFT 1, C4<11111111111111111111111111111110>, C4<0>, C4<0>, C4<0>;
L_000002271a210210 .functor AND 32, L_000002271a19b970, L_000002271a1b7d20, C4<11111111111111111111111111111111>, C4<11111111111111111111111111111111>;
L_000002271a210bb0 .functor AND 1, L_000002271a210360, L_000002271a2112b0, C4<1>, C4<1>;
L_000002271a210440 .functor NOT 1, L_000002271a21abd0, C4<0>, C4<0>, C4<0>;
L_000002271a210c20 .functor AND 1, L_000002271a210bb0, L_000002271a210440, C4<1>, C4<1>;
L_000002271a2107c0 .functor AND 1, L_000002271a20eae0, L_000002271a2103d0, C4<1>, C4<1>;
L_000002271a211710 .functor AND 1, v000002271a1411d0_0, L_000002271a19c190, C4<1>, C4<1>;
L_000002271a2115c0 .functor OR 1, v000002271a1437f0_0, L_000002271a211710, C4<0>, C4<0>;
L_000002271a211470 .functor AND 1, L_000002271a2107c0, L_000002271a2115c0, C4<1>, C4<1>;
L_000002271a2117f0 .functor NOT 1, L_000002271a21b730, C4<0>, C4<0>, C4<0>;
L_000002271a211240 .functor AND 1, L_000002271a211470, L_000002271a2117f0, C4<1>, C4<1>;
L_000002271a210f30 .functor NOT 1, L_000002271a21abd0, C4<0>, C4<0>, C4<0>;
L_000002271a211010 .functor AND 1, L_000002271a210360, L_000002271a210f30, C4<1>, C4<1>;
L_000002271a211940 .functor AND 1, L_000002271a211010, L_000002271a210910, C4<1>, C4<1>;
L_000002271a211080 .functor AND 1, L_000002271a210360, L_000002271a211550, C4<1>, C4<1>;
L_000002271a2110f0 .functor NOT 1, L_000002271a21abd0, C4<0>, C4<0>, C4<0>;
L_000002271a211160 .functor AND 1, L_000002271a211080, L_000002271a2110f0, C4<1>, C4<1>;
L_000002271a20ff00 .functor NOT 1, L_000002271a21abd0, C4<0>, C4<0>, C4<0>;
L_000002271a210590 .functor AND 1, L_000002271a210360, L_000002271a20ff00, C4<1>, C4<1>;
L_000002271a20ff70 .functor NOT 1, L_000002271a214260, C4<0>, C4<0>, C4<0>;
L_000002271a20ffe0 .functor AND 1, L_000002271a210590, L_000002271a20ff70, C4<1>, C4<1>;
L_000002271a210050 .functor OR 1, L_000002271a2104b0, L_000002271a211400, C4<0>, C4<0>;
L_000002271a2100c0 .functor OR 1, L_000002271a210050, L_000002271a214340, C4<0>, C4<0>;
L_000002271a210750 .functor AND 1, L_000002271a20ffe0, L_000002271a2100c0, C4<1>, C4<1>;
L_000002271a211da0 .functor NOT 1, L_000002271a219190, C4<0>, C4<0>, C4<0>;
L_000002271a212820 .functor AND 1, L_000002271a216800, L_000002271a211da0, C4<1>, C4<1>;
L_000002271a212270 .functor AND 1, L_000002271a215bc0, L_000002271a216560, C4<1>, C4<1>;
L_000002271a212c10 .functor NOT 1, L_000002271a215bc0, C4<0>, C4<0>, C4<0>;
L_000002271a211a20 .functor NOT 1, L_000002271a215f40, C4<0>, C4<0>, C4<0>;
L_000002271a212d60 .functor AND 1, L_000002271a212c10, L_000002271a211a20, C4<1>, C4<1>;
L_000002271a2120b0 .functor OR 1, L_000002271a212270, L_000002271a212d60, C4<0>, C4<0>;
L_000002271a212dd0 .functor AND 1, L_000002271a212820, L_000002271a2120b0, C4<1>, C4<1>;
L_000002271a213af0 .functor NOT 1, L_000002271a21abd0, C4<0>, C4<0>, C4<0>;
L_000002271a214f10 .functor AND 1, L_000002271a210360, L_000002271a213af0, C4<1>, C4<1>;
L_000002271a214d50 .functor OR 1, L_000002271a2104b0, L_000002271a211400, C4<0>, C4<0>;
L_000002271a2149d0 .functor OR 1, L_000002271a214d50, L_000002271a214340, C4<0>, C4<0>;
L_000002271a2143b0 .functor AND 1, L_000002271a214f10, L_000002271a2149d0, C4<1>, C4<1>;
L_000002271a2147a0 .functor NOT 1, L_000002271a21abd0, C4<0>, C4<0>, C4<0>;
L_000002271a214110 .functor AND 1, L_000002271a210360, L_000002271a2147a0, C4<1>, C4<1>;
L_000002271a2141f0 .functor AND 1, L_000002271a214110, L_000002271a210130, C4<1>, C4<1>;
L_000002271a213d90 .functor NOT 1, L_000002271a21abd0, C4<0>, C4<0>, C4<0>;
L_000002271a213b60 .functor AND 1, L_000002271a210360, L_000002271a213d90, C4<1>, C4<1>;
L_000002271a2146c0 .functor AND 1, L_000002271a213b60, L_000002271a2109f0, C4<1>, C4<1>;
L_000002271a213bd0 .functor NOT 1, L_000002271a21abd0, C4<0>, C4<0>, C4<0>;
L_000002271a214f80 .functor AND 1, L_000002271a210360, L_000002271a213bd0, C4<1>, C4<1>;
L_000002271a213ee0 .functor OR 1, L_000002271a2106e0, L_000002271a2116a0, C4<0>, C4<0>;
L_000002271a2148f0 .functor OR 1, L_000002271a213ee0, L_000002271a2118d0, C4<0>, C4<0>;
L_000002271a213850 .functor OR 1, L_000002271a2148f0, L_000002271a214260, C4<0>, C4<0>;
L_000002271a214b20 .functor OR 1, L_000002271a213850, L_000002271a214650, C4<0>, C4<0>;
L_000002271a213fc0 .functor OR 1, L_000002271a214b20, L_000002271a214c00, C4<0>, C4<0>;
L_000002271a214ff0 .functor AND 1, L_000002271a214f80, L_000002271a213fc0, C4<1>, C4<1>;
L_000002271a214420 .functor OR 1, L_000002271a219190, L_000002271a214ff0, C4<0>, C4<0>;
L_000002271a214030 .functor OR 1, L_000002271a214420, L_000002271a211940, C4<0>, C4<0>;
L_000002271a213f50 .functor OR 1, L_000002271a214030, L_000002271a215e60, C4<0>, C4<0>;
L_000002271a2140a0 .functor OR 1, L_000002271a213f50, L_000002271a211240, C4<0>, C4<0>;
L_000002271a2138c0 .functor NOT 1, L_000002271a2140a0, C4<0>, C4<0>, C4<0>;
L_000002271a213cb0 .functor AND 1, L_000002271a20faa0, L_000002271a2138c0, C4<1>, C4<1>;
L_000002271a214c70 .functor OR 1, L_000002271a219190, L_000002271a214ff0, C4<0>, C4<0>;
L_000002271a215140 .functor OR 1, L_000002271a214c70, L_000002271a213cb0, C4<0>, C4<0>;
L_000002271a214500 .functor OR 1, L_000002271a214650, L_000002271a214c00, C4<0>, C4<0>;
L_000002271a214b90 .functor NOT 1, L_000002271a215140, C4<0>, C4<0>, C4<0>;
L_000002271a214730 .functor AND 1, L_000002271a218e80, L_000002271a214b90, C4<1>, C4<1>;
L_000002271a214ce0 .functor NOT 1, L_000002271a211940, C4<0>, C4<0>, C4<0>;
L_000002271a214810 .functor AND 1, L_000002271a214730, L_000002271a214ce0, C4<1>, C4<1>;
L_000002271a2137e0 .functor OR 1, L_000002271a215140, L_000002271a214810, C4<0>, C4<0>;
L_000002271a214180 .functor OR 1, L_000002271a2137e0, L_000002271a211940, C4<0>, C4<0>;
L_000002271a2163a0 .functor OR 1, L_000002271a2104b0, L_000002271a211400, C4<0>, C4<0>;
L_000002271a2168e0 .functor OR 1, L_000002271a2163a0, L_000002271a214340, C4<0>, C4<0>;
L_000002271a215760 .functor OR 1, L_000002271a2112b0, L_000002271a2104b0, C4<0>, C4<0>;
L_000002271a215530 .functor OR 1, L_000002271a215760, L_000002271a211400, C4<0>, C4<0>;
L_000002271a2155a0 .functor AND 1, L_000002271a210360, L_000002271a215530, C4<1>, C4<1>;
L_000002271a215ae0 .functor XOR 1, L_000002271a211390, L_000002271a2168e0, C4<0>, C4<0>;
L_000002271a215b50 .functor AND 1, L_000002271a2168e0, L_000002271a211390, C4<1>, C4<1>;
L_000002271a2166b0 .functor AND 1, L_000002271a215b50, L_000002271a1a35d0, C4<1>, C4<1>;
L_000002271a216410 .functor NOT 1, L_000002271a21abd0, C4<0>, C4<0>, C4<0>;
L_000002271a215a00 .functor AND 1, L_000002271a2155a0, L_000002271a216410, C4<1>, C4<1>;
L_000002271a216bf0 .functor OR 1, L_000002271a215ae0, L_000002271a2166b0, C4<0>, C4<0>;
L_000002271a215e60 .functor AND 1, L_000002271a215a00, L_000002271a216bf0, C4<1>, C4<1>;
L_000002271a215290 .functor OR 1, v000002271a17dab0_0, L_000002271a215e60, C4<0>, C4<0>;
L_000002271a216480 .functor OR 1, L_000002271a215290, L_000002271a211240, C4<0>, C4<0>;
L_000002271a215990 .functor BUFZ 1, L_000002271a214ff0, C4<0>, C4<0>, C4<0>;
L_000002271a216b80 .functor OR 1, L_000002271a1a5650, L_000002271a1a5c90, C4<0>, C4<0>;
L_000002271a215df0 .functor OR 1, L_000002271a216b80, L_000002271a1a5790, C4<0>, C4<0>;
L_000002271a215920 .functor OR 1, L_000002271a215df0, L_000002271a1a7090, C4<0>, C4<0>;
L_000002271a215fb0 .functor OR 1, L_000002271a215920, L_000002271a1a6550, C4<0>, C4<0>;
L_000002271a2162c0 .functor OR 1, L_000002271a215fb0, L_000002271a1a65f0, C4<0>, C4<0>;
L_000002271a215680 .functor OR 1, L_000002271a2162c0, L_000002271a1a6050, C4<0>, C4<0>;
L_000002271a215300 .functor OR 1, L_000002271a215680, L_000002271a1a6190, C4<0>, C4<0>;
L_000002271a216330 .functor OR 1, L_000002271a215300, L_000002271a1a76d0, C4<0>, C4<0>;
L_000002271a2154c0 .functor OR 1, L_000002271a216330, L_000002271a1a71d0, C4<0>, C4<0>;
L_000002271a2165d0 .functor OR 1, L_000002271a2154c0, L_000002271a1a73b0, C4<0>, C4<0>;
L_000002271a216790 .functor OR 1, L_000002271a2165d0, L_000002271a1a6910, C4<0>, C4<0>;
L_000002271a215370 .functor AND 1, v000002271a1687a0_0, L_000002271a1a5970, C4<1>, C4<1>;
L_000002271a1ba090 .functor BUFT 1, C4<0>, C4<0>, C4<0>, C4<0>;
L_000002271a216640 .functor AND 1, v000002271a1687a0_0, L_000002271a1ba090, C4<1>, C4<1>;
L_000002271a216870 .functor OR 1, L_000002271a1a5970, L_000002271a1ba090, C4<0>, C4<0>;
L_000002271a216b10 .functor NOT 1, L_000002271a215370, C4<0>, C4<0>, C4<0>;
L_000002271a216d40 .functor AND 1, L_000002271a216020, L_000002271a1a5650, C4<1>, C4<1>;
L_000002271a215220 .functor AND 1, L_000002271a216d40, L_000002271a1a5ab0, C4<1>, C4<1>;
L_000002271a2153e0 .functor NOT 1, L_000002271a1a5a10, C4<0>, C4<0>, C4<0>;
L_000002271a215610 .functor AND 1, L_000002271a215370, L_000002271a1a62d0, C4<1>, C4<1>;
L_000002271a218240 .functor OR 1, L_000002271a1a5650, L_000002271a1a65f0, C4<0>, C4<0>;
L_000002271a217ad0 .functor OR 1, L_000002271a218240, L_000002271a1a6050, C4<0>, C4<0>;
L_000002271a217c90 .functor OR 1, L_000002271a217ad0, L_000002271a1a6190, C4<0>, C4<0>;
L_000002271a218320 .functor OR 1, L_000002271a217c90, L_000002271a1a76d0, C4<0>, C4<0>;
L_000002271a217d00 .functor OR 1, L_000002271a218320, L_000002271a1a71d0, C4<0>, C4<0>;
L_000002271a218780 .functor OR 1, L_000002271a217d00, L_000002271a1a73b0, C4<0>, C4<0>;
L_000002271a2182b0 .functor OR 1, L_000002271a218780, L_000002271a1a6910, C4<0>, C4<0>;
L_000002271a217ec0 .functor NOT 1, L_000002271a2182b0, C4<0>, C4<0>, C4<0>;
L_000002271a217440 .functor NOT 1, L_000002271a1a5ab0, C4<0>, C4<0>, C4<0>;
L_000002271a2171a0 .functor OR 1, L_000002271a217ec0, L_000002271a217440, C4<0>, C4<0>;
L_000002271a2178a0 .functor AND 1, L_000002271a216020, L_000002271a2171a0, C4<1>, C4<1>;
L_000002271a2172f0 .functor NOT 1, L_000002271a216020, C4<0>, C4<0>, C4<0>;
L_000002271a2174b0 .functor NOT 1, L_000002271a216790, C4<0>, C4<0>, C4<0>;
L_000002271a217520 .functor AND 1, L_000002271a2172f0, L_000002271a2174b0, C4<1>, C4<1>;
L_000002271a218630 .functor OR 1, L_000002271a2178a0, L_000002271a217520, C4<0>, C4<0>;
L_000002271a217a60 .functor AND 1, L_000002271a215610, L_000002271a218630, C4<1>, C4<1>;
L_000002271a217830 .functor NOT 1, L_000002271a1a5a10, C4<0>, C4<0>, C4<0>;
L_000002271a217360 .functor BUFZ 1, L_000002271a215610, C4<0>, C4<0>, C4<0>;
L_000002271a2179f0 .functor AND 1, L_000002271a215610, L_000002271a216020, C4<1>, C4<1>;
L_000002271a2173d0 .functor AND 1, L_000002271a2179f0, L_000002271a1a5650, C4<1>, C4<1>;
L_000002271a217750 .functor AND 1, L_000002271a2173d0, L_000002271a1a5ab0, C4<1>, C4<1>;
L_000002271a217590 .functor AND 1, L_000002271a215610, L_000002271a216020, C4<1>, C4<1>;
L_000002271a218390 .functor AND 1, L_000002271a217590, L_000002271a1a65f0, C4<1>, C4<1>;
L_000002271a217fa0 .functor AND 1, L_000002271a218390, L_000002271a1a5ab0, C4<1>, C4<1>;
L_000002271a216e90 .functor AND 1, L_000002271a217fa0, L_000002271a1a55b0, C4<1>, C4<1>;
L_000002271a217600 .functor AND 1, L_000002271a215610, L_000002271a216020, C4<1>, C4<1>;
L_000002271a217210 .functor AND 1, L_000002271a217600, L_000002271a1a6050, C4<1>, C4<1>;
L_000002271a217e50 .functor AND 1, L_000002271a217210, L_000002271a1a5ab0, C4<1>, C4<1>;
L_000002271a2176e0 .functor AND 1, L_000002271a215610, L_000002271a216020, C4<1>, C4<1>;
L_000002271a217670 .functor AND 1, L_000002271a2176e0, L_000002271a1a6190, C4<1>, C4<1>;
L_000002271a217910 .functor AND 1, L_000002271a217670, L_000002271a1a5ab0, C4<1>, C4<1>;
L_000002271a218710 .functor AND 1, L_000002271a215610, L_000002271a216020, C4<1>, C4<1>;
L_000002271a2187f0 .functor AND 1, L_000002271a218710, L_000002271a1a76d0, C4<1>, C4<1>;
L_000002271a218400 .functor AND 1, L_000002271a2187f0, L_000002271a1a5ab0, C4<1>, C4<1>;
L_000002271a218940 .functor AND 1, L_000002271a215610, L_000002271a216020, C4<1>, C4<1>;
L_000002271a217980 .functor AND 1, L_000002271a218940, L_000002271a1a71d0, C4<1>, C4<1>;
L_000002271a2186a0 .functor AND 1, L_000002271a217980, L_000002271a1a5ab0, C4<1>, C4<1>;
L_000002271a2185c0 .functor AND 1, L_000002271a215610, L_000002271a216020, C4<1>, C4<1>;
L_000002271a218470 .functor AND 1, L_000002271a2185c0, L_000002271a1a73b0, C4<1>, C4<1>;
L_000002271a217b40 .functor AND 1, L_000002271a218470, L_000002271a1a5ab0, C4<1>, C4<1>;
L_000002271a218860 .functor AND 1, L_000002271a215610, L_000002271a216020, C4<1>, C4<1>;
L_000002271a217bb0 .functor AND 1, L_000002271a218860, L_000002271a1a6910, C4<1>, C4<1>;
L_000002271a216e20 .functor AND 1, L_000002271a217bb0, L_000002271a1a5ab0, C4<1>, C4<1>;
L_000002271a217d70 .functor NOT 1, L_000002271a216020, C4<0>, C4<0>, C4<0>;
L_000002271a217c20 .functor AND 1, L_000002271a215610, L_000002271a217d70, C4<1>, C4<1>;
L_000002271a217f30 .functor AND 1, L_000002271a217c20, L_000002271a1a5790, C4<1>, C4<1>;
L_000002271a2177c0 .functor NOT 1, L_000002271a216020, C4<0>, C4<0>, C4<0>;
L_000002271a2180f0 .functor AND 1, L_000002271a215610, L_000002271a2177c0, C4<1>, C4<1>;
L_000002271a217de0 .functor AND 1, L_000002271a2180f0, L_000002271a1a7090, C4<1>, C4<1>;
L_000002271a2170c0 .functor NOT 1, L_000002271a216870, C4<0>, C4<0>, C4<0>;
L_000002271a217130 .functor AND 1, v000002271a1687a0_0, L_000002271a2170c0, C4<1>, C4<1>;
L_000002271a2190b0 .functor BUFZ 1, L_000002271a1a7bd0, C4<0>, C4<0>, C4<0>;
L_000002271a219120 .functor AND 1, L_000002271a1a7bd0, L_000002271a1a9390, C4<1>, C4<1>;
L_000002271a219190 .functor BUFZ 1, L_000002271a219120, C4<0>, C4<0>, C4<0>;
L_000002271a219ba0 .functor NOT 1, L_000002271a215f40, C4<0>, C4<0>, C4<0>;
L_000002271a219dd0 .functor AND 1, L_000002271a216800, L_000002271a219ba0, C4<1>, C4<1>;
L_000002271a219200 .functor NOT 1, L_000002271a216560, C4<0>, C4<0>, C4<0>;
L_000002271a219660 .functor AND 1, L_000002271a215f40, L_000002271a219200, C4<1>, C4<1>;
L_000002271a2197b0 .functor BUFZ 1, L_000002271a218be0, C4<0>, C4<0>, C4<0>;
L_000002271a219d60 .functor BUFZ 5, L_000002271a2195f0, C4<00000>, C4<00000>, C4<00000>;
L_000002271a219350 .functor BUFZ 32, L_000002271a219c10, C4<00000000000000000000000000000000>, C4<00000000000000000000000000000000>, C4<00000000000000000000000000000000>;
L_000002271a219270 .functor NOT 1, L_000002271a20eae0, C4<0>, C4<0>, C4<0>;
L_000002271a2194a0 .functor AND 1, L_000002271a217050, L_000002271a219270, C4<1>, C4<1>;
L_000002271a218e10 .functor NOT 1, L_000002271a210360, C4<0>, C4<0>, C4<0>;
L_000002271a218cc0 .functor AND 1, L_000002271a2194a0, L_000002271a218e10, C4<1>, C4<1>;
L_000002271a219f90 .functor NOT 1, L_000002271a216800, C4<0>, C4<0>, C4<0>;
L_000002271a218d30 .functor AND 1, L_000002271a218cc0, L_000002271a219f90, C4<1>, C4<1>;
L_000002271a21a460 .functor NOT 1, L_000002271a219970, C4<0>, C4<0>, C4<0>;
L_000002271a21a4d0 .functor AND 1, L_000002271a218d30, L_000002271a21a460, C4<1>, C4<1>;
L_000002271a219b30 .functor NOT 1, L_000002271a215f40, C4<0>, C4<0>, C4<0>;
L_000002271a219820 .functor AND 1, L_000002271a21a4d0, L_000002271a219b30, C4<1>, C4<1>;
L_000002271a218e80 .functor AND 1, L_000002271a219820, L_000002271a1a9b10, C4<1>, C4<1>;
L_000002271a21a2a0 .functor NOT 1, L_000002271a218e80, C4<0>, C4<0>, C4<0>;
L_000002271a219e40 .functor AND 1, L_000002271a217050, L_000002271a21a2a0, C4<1>, C4<1>;
L_000002271a219c80 .functor BUFZ 1, L_000002271a219e40, C4<0>, C4<0>, C4<0>;
L_000002271a21a850 .functor OR 1, L_000002271a21b2d0, v000002271a18a280_0, C4<0>, C4<0>;
L_000002271a21bd50 .functor OR 1, L_000002271a21a850, L_0000022719c71b40, C4<0>, C4<0>;
L_000002271a21a7e0 .functor OR 1, L_000002271a21bd50, L_0000022719c71210, C4<0>, C4<0>;
L_000002271a21bb20 .functor OR 1, L_000002271a21a7e0, L_0000022719c6d850, C4<0>, C4<0>;
L_000002271a21b810 .functor OR 1, L_000002271a21bb20, v000002271a180850_0, C4<0>, C4<0>;
L_000002271a21b490 .functor OR 1, L_000002271a21b810, L_000002271a219e40, C4<0>, C4<0>;
L_000002271a21b730 .functor BUFZ 1, L_000002271a21b650, C4<0>, C4<0>, C4<0>;
L_000002271a21abd0 .functor BUFZ 1, L_000002271a21b420, C4<0>, C4<0>, C4<0>;
L_000002271a21acb0 .functor BUFZ 1, L_000002271a21ae70, C4<0>, C4<0>, C4<0>;
L_000002271a21b880 .functor OR 1, L_000002271a21b6c0, L_000002271a214180, C4<0>, C4<0>;
L_000002271a21aa10 .functor OR 1, L_000002271a21b3b0, L_000002271a214180, C4<0>, C4<0>;
L_000002271a21d170 .functor BUFT 1, L_000002271a1a83f0, C4<0>, C4<0>, C4<0>;
L_000002271a21d020 .functor BUFT 1, v000002271a03e330_0, C4<0>, C4<0>, C4<0>;
L_000002271a21ca70 .functor BUFT 32, v000002271a03da70_0, C4<00000000000000000000000000000000>, C4<00000000000000000000000000000000>, C4<00000000000000000000000000000000>;
L_000002271a21c8b0 .functor BUFT 1, v000002271a03e470_0, C4<0>, C4<0>, C4<0>;
L_000002271a1b6f10 .functor BUFT 1, C4<01>, C4<0>, C4<0>, C4<0>;
v000002271a15b320_0 .net/2u *"_ivl_10", 1 0, L_000002271a1b6f10;  1 drivers
v000002271a15dda0_0 .net *"_ivl_12", 0 0, L_000002271a197cd0;  1 drivers
L_000002271a1b6f58 .functor BUFT 1, C4<10>, C4<0>, C4<0>, C4<0>;
v000002271a15f9c0_0 .net/2u *"_ivl_14", 1 0, L_000002271a1b6f58;  1 drivers
v000002271a15dd00_0 .net *"_ivl_148", 0 0, L_0000022719c6da10;  1 drivers
v000002271a15df80_0 .net *"_ivl_150", 0 0, L_0000022719c6fbc0;  1 drivers
v000002271a15dee0_0 .net *"_ivl_152", 0 0, L_0000022719c6fc30;  1 drivers
v000002271a15dc60_0 .net *"_ivl_156", 0 0, L_0000022719c70790;  1 drivers
v000002271a15f240_0 .net *"_ivl_16", 0 0, L_000002271a196d30;  1 drivers
v000002271a15e980_0 .net *"_ivl_160", 0 0, L_0000022719c730b0;  1 drivers
v000002271a15fa60_0 .net *"_ivl_164", 0 0, L_000002271a20f250;  1 drivers
L_000002271a1b72b8 .functor BUFT 1, C4<1100011>, C4<0>, C4<0>, C4<0>;
v000002271a15eca0_0 .net/2u *"_ivl_172", 6 0, L_000002271a1b72b8;  1 drivers
v000002271a15e200_0 .net *"_ivl_174", 0 0, L_000002271a197e10;  1 drivers
L_000002271a1b7300 .functor BUFT 1, C4<1101111>, C4<0>, C4<0>, C4<0>;
v000002271a15eb60_0 .net/2u *"_ivl_176", 6 0, L_000002271a1b7300;  1 drivers
v000002271a15d940_0 .net *"_ivl_178", 0 0, L_000002271a197f50;  1 drivers
v000002271a15f060_0 .net *"_ivl_181", 0 0, L_000002271a20ed80;  1 drivers
L_000002271a1b7348 .functor BUFT 1, C4<1100111>, C4<0>, C4<0>, C4<0>;
v000002271a15e700_0 .net/2u *"_ivl_182", 6 0, L_000002271a1b7348;  1 drivers
v000002271a15f880_0 .net *"_ivl_184", 0 0, L_000002271a196510;  1 drivers
v000002271a15e3e0_0 .net *"_ivl_191", 0 0, L_000002271a1961f0;  1 drivers
v000002271a15fb00_0 .net *"_ivl_193", 0 0, L_000002271a20f3a0;  1 drivers
v000002271a15e0c0_0 .net *"_ivl_195", 0 0, L_000002271a1965b0;  1 drivers
v000002271a15f920_0 .net *"_ivl_200", 0 0, L_000002271a20f560;  1 drivers
v000002271a15ed40_0 .net *"_ivl_202", 0 0, L_000002271a20e760;  1 drivers
v000002271a15e2a0_0 .net *"_ivl_204", 0 0, L_000002271a20f870;  1 drivers
v000002271a15f600_0 .net *"_ivl_206", 0 0, L_000002271a20ea00;  1 drivers
v000002271a15ec00_0 .net *"_ivl_208", 0 0, L_000002271a20eed0;  1 drivers
v000002271a15de40_0 .net *"_ivl_210", 0 0, L_000002271a20f170;  1 drivers
v000002271a15e160_0 .net *"_ivl_214", 0 0, L_000002271a20ec30;  1 drivers
v000002271a15fba0_0 .net *"_ivl_216", 0 0, L_000002271a20f6b0;  1 drivers
v000002271a15ee80_0 .net *"_ivl_220", 0 0, L_000002271a210d70;  1 drivers
v000002271a15e020_0 .net *"_ivl_224", 31 0, L_000002271a19b970;  1 drivers
v000002271a15ede0_0 .net/2u *"_ivl_226", 31 0, L_000002271a1b7d20;  1 drivers
v000002271a15dbc0_0 .net *"_ivl_228", 31 0, L_000002271a210210;  1 drivers
v000002271a15f560_0 .net *"_ivl_230", 31 0, L_000002271a19d630;  1 drivers
v000002271a15f6a0_0 .net *"_ivl_234", 0 0, L_000002271a210bb0;  1 drivers
v000002271a15ef20_0 .net *"_ivl_236", 0 0, L_000002271a210440;  1 drivers
v000002271a15fec0_0 .net *"_ivl_240", 0 0, L_000002271a2107c0;  1 drivers
v000002271a15e480_0 .net *"_ivl_242", 0 0, L_000002271a211710;  1 drivers
v000002271a15e340_0 .net *"_ivl_244", 0 0, L_000002271a2115c0;  1 drivers
v000002271a15f740_0 .net *"_ivl_248", 0 0, L_000002271a2117f0;  1 drivers
v000002271a15e7a0_0 .net *"_ivl_252", 0 0, L_000002271a210f30;  1 drivers
v000002271a15d9e0_0 .net *"_ivl_254", 0 0, L_000002271a211010;  1 drivers
v000002271a15efc0_0 .net *"_ivl_259", 29 0, L_000002271a19fbb0;  1 drivers
L_000002271a1b6fa0 .functor BUFT 1, C4<00000000000000000000000000>, C4<0>, C4<0>, C4<0>;
v000002271a15f100_0 .net/2u *"_ivl_26", 25 0, L_000002271a1b6fa0;  1 drivers
L_000002271a1b86f8 .functor BUFT 1, C4<00>, C4<0>, C4<0>, C4<0>;
v000002271a15e520_0 .net/2u *"_ivl_260", 1 0, L_000002271a1b86f8;  1 drivers
v000002271a15e840_0 .net *"_ivl_265", 29 0, L_000002271a19d950;  1 drivers
L_000002271a1b8740 .functor BUFT 1, C4<00>, C4<0>, C4<0>, C4<0>;
v000002271a15f7e0_0 .net/2u *"_ivl_266", 1 0, L_000002271a1b8740;  1 drivers
v000002271a15fc40_0 .net *"_ivl_274", 0 0, L_000002271a211080;  1 drivers
v000002271a15f1a0_0 .net *"_ivl_276", 0 0, L_000002271a2110f0;  1 drivers
v000002271a15f2e0_0 .net *"_ivl_280", 0 0, L_000002271a20ff00;  1 drivers
v000002271a15ea20_0 .net *"_ivl_282", 0 0, L_000002271a210590;  1 drivers
v000002271a15e5c0_0 .net *"_ivl_284", 0 0, L_000002271a20ff70;  1 drivers
v000002271a15fce0_0 .net *"_ivl_286", 0 0, L_000002271a20ffe0;  1 drivers
v000002271a15e660_0 .net *"_ivl_288", 0 0, L_000002271a210050;  1 drivers
v000002271a15f4c0_0 .net *"_ivl_290", 0 0, L_000002271a2100c0;  1 drivers
v000002271a160000_0 .net *"_ivl_294", 0 0, L_000002271a211da0;  1 drivers
v000002271a15f420_0 .net *"_ivl_296", 0 0, L_000002271a212820;  1 drivers
v000002271a15e8e0_0 .net *"_ivl_298", 0 0, L_000002271a212270;  1 drivers
v000002271a15fe20_0 .net *"_ivl_300", 0 0, L_000002271a212c10;  1 drivers
v000002271a15da80_0 .net *"_ivl_302", 0 0, L_000002271a211a20;  1 drivers
v000002271a15fd80_0 .net *"_ivl_304", 0 0, L_000002271a212d60;  1 drivers
v000002271a15f380_0 .net *"_ivl_306", 0 0, L_000002271a2120b0;  1 drivers
v000002271a15ff60_0 .net *"_ivl_310", 0 0, L_000002271a213af0;  1 drivers
v000002271a15d8a0_0 .net *"_ivl_312", 0 0, L_000002271a214f10;  1 drivers
v000002271a15eac0_0 .net *"_ivl_314", 0 0, L_000002271a214d50;  1 drivers
v000002271a15db20_0 .net *"_ivl_316", 0 0, L_000002271a2149d0;  1 drivers
v000002271a161540_0 .net *"_ivl_320", 0 0, L_000002271a2147a0;  1 drivers
v000002271a162440_0 .net *"_ivl_322", 0 0, L_000002271a214110;  1 drivers
v000002271a161900_0 .net *"_ivl_326", 0 0, L_000002271a213d90;  1 drivers
v000002271a160a00_0 .net *"_ivl_328", 0 0, L_000002271a213b60;  1 drivers
v000002271a160e60_0 .net *"_ivl_332", 0 0, L_000002271a213bd0;  1 drivers
v000002271a161f40_0 .net *"_ivl_334", 0 0, L_000002271a214f80;  1 drivers
v000002271a161680_0 .net *"_ivl_336", 0 0, L_000002271a213ee0;  1 drivers
v000002271a160460_0 .net *"_ivl_338", 0 0, L_000002271a2148f0;  1 drivers
v000002271a162260_0 .net *"_ivl_340", 0 0, L_000002271a213850;  1 drivers
v000002271a1605a0_0 .net *"_ivl_342", 0 0, L_000002271a214b20;  1 drivers
v000002271a160d20_0 .net *"_ivl_344", 0 0, L_000002271a213fc0;  1 drivers
L_000002271a1b9310 .functor BUFT 1, C4<00000000000000000000000000000000>, C4<0>, C4<0>, C4<0>;
v000002271a162300_0 .net/2u *"_ivl_348", 31 0, L_000002271a1b9310;  1 drivers
L_000002271a1b9358 .functor BUFT 1, C4<00000000000000000000000000000100>, C4<0>, C4<0>, C4<0>;
v000002271a161d60_0 .net/2u *"_ivl_350", 31 0, L_000002271a1b9358;  1 drivers
L_000002271a1b93a0 .functor BUFT 1, C4<00000000000000000000000000000110>, C4<0>, C4<0>, C4<0>;
v000002271a160820_0 .net/2u *"_ivl_352", 31 0, L_000002271a1b93a0;  1 drivers
L_000002271a1b93e8 .functor BUFT 1, C4<00000000000000000000000000000010>, C4<0>, C4<0>, C4<0>;
v000002271a1601e0_0 .net/2u *"_ivl_354", 31 0, L_000002271a1b93e8;  1 drivers
L_000002271a1b9430 .functor BUFT 1, C4<00000000000000000000000000000011>, C4<0>, C4<0>, C4<0>;
v000002271a161a40_0 .net/2u *"_ivl_356", 31 0, L_000002271a1b9430;  1 drivers
L_000002271a1b9478 .functor BUFT 1, C4<00>, C4<0>, C4<0>, C4<0>;
v000002271a1610e0_0 .net/2u *"_ivl_358", 1 0, L_000002271a1b9478;  1 drivers
v000002271a160640_0 .net *"_ivl_360", 0 0, L_000002271a1a1d70;  1 drivers
L_000002271a1b94c0 .functor BUFT 1, C4<00000000000000000000000000001000>, C4<0>, C4<0>, C4<0>;
v000002271a162120_0 .net/2u *"_ivl_362", 31 0, L_000002271a1b94c0;  1 drivers
L_000002271a1b9508 .functor BUFT 1, C4<01>, C4<0>, C4<0>, C4<0>;
v000002271a160be0_0 .net/2u *"_ivl_364", 1 0, L_000002271a1b9508;  1 drivers
v000002271a1608c0_0 .net *"_ivl_366", 0 0, L_000002271a19ea30;  1 drivers
L_000002271a1b9550 .functor BUFT 1, C4<00000000000000000000000000001001>, C4<0>, C4<0>, C4<0>;
v000002271a160960_0 .net/2u *"_ivl_368", 31 0, L_000002271a1b9550;  1 drivers
L_000002271a1b9598 .functor BUFT 1, C4<00000000000000000000000000001011>, C4<0>, C4<0>, C4<0>;
v000002271a160280_0 .net/2u *"_ivl_370", 31 0, L_000002271a1b9598;  1 drivers
v000002271a160aa0_0 .net *"_ivl_372", 31 0, L_000002271a1a2630;  1 drivers
v000002271a1615e0_0 .net *"_ivl_374", 31 0, L_000002271a1a21d0;  1 drivers
L_000002271a1b95e0 .functor BUFT 1, C4<00000000000000000000000000001011>, C4<0>, C4<0>, C4<0>;
v000002271a162080_0 .net/2u *"_ivl_376", 31 0, L_000002271a1b95e0;  1 drivers
v000002271a160140_0 .net *"_ivl_378", 31 0, L_000002271a1a24f0;  1 drivers
v000002271a1621c0_0 .net *"_ivl_380", 31 0, L_000002271a1a28b0;  1 drivers
v000002271a160c80_0 .net *"_ivl_382", 31 0, L_000002271a1a0290;  1 drivers
v000002271a160b40_0 .net *"_ivl_384", 31 0, L_000002271a1a0330;  1 drivers
v000002271a1606e0_0 .net *"_ivl_386", 31 0, L_000002271a1a03d0;  1 drivers
v000002271a1600a0_0 .net *"_ivl_390", 0 0, L_000002271a214420;  1 drivers
v000002271a160dc0_0 .net *"_ivl_392", 0 0, L_000002271a214030;  1 drivers
v000002271a161fe0_0 .net *"_ivl_394", 0 0, L_000002271a213f50;  1 drivers
v000002271a161b80_0 .net *"_ivl_396", 0 0, L_000002271a2140a0;  1 drivers
v000002271a1626c0_0 .net *"_ivl_398", 0 0, L_000002271a2138c0;  1 drivers
v000002271a160780_0 .net *"_ivl_402", 0 0, L_000002271a214c70;  1 drivers
L_000002271a1b9628 .functor BUFT 1, C4<00000000000000000000000000000001>, C4<0>, C4<0>, C4<0>;
v000002271a160500_0 .net/2u *"_ivl_406", 31 0, L_000002271a1b9628;  1 drivers
v000002271a161ae0_0 .net *"_ivl_408", 31 0, L_000002271a1a05b0;  1 drivers
v000002271a161180_0 .net *"_ivl_412", 31 0, L_000002271a1a0830;  1 drivers
v000002271a1623a0_0 .net *"_ivl_416", 0 0, L_000002271a214500;  1 drivers
L_000002271a1b9670 .functor BUFT 1, C4<00000000000000000000000000000000>, C4<0>, C4<0>, C4<0>;
v000002271a1614a0_0 .net/2u *"_ivl_418", 31 0, L_000002271a1b9670;  1 drivers
v000002271a160f00_0 .net *"_ivl_420", 31 0, L_000002271a1a0a10;  1 drivers
v000002271a160fa0_0 .net *"_ivl_422", 31 0, L_000002271a1a0bf0;  1 drivers
v000002271a161720_0 .net *"_ivl_424", 31 0, L_000002271a1a0c90;  1 drivers
v000002271a161040_0 .net *"_ivl_428", 0 0, L_000002271a214b90;  1 drivers
v000002271a1624e0_0 .net *"_ivl_430", 0 0, L_000002271a214730;  1 drivers
v000002271a161220_0 .net *"_ivl_432", 0 0, L_000002271a214ce0;  1 drivers
v000002271a1612c0_0 .net *"_ivl_436", 0 0, L_000002271a2137e0;  1 drivers
v000002271a162580_0 .net *"_ivl_440", 0 0, L_000002271a2163a0;  1 drivers
v000002271a1617c0_0 .net *"_ivl_444", 0 0, L_000002271a215760;  1 drivers
v000002271a161360_0 .net *"_ivl_446", 0 0, L_000002271a215530;  1 drivers
v000002271a161e00_0 .net *"_ivl_452", 0 0, L_000002271a215b50;  1 drivers
v000002271a161400_0 .net *"_ivl_454", 0 0, L_000002271a1a35d0;  1 drivers
v000002271a162800_0 .net *"_ivl_458", 0 0, L_000002271a216410;  1 drivers
v000002271a161860_0 .net *"_ivl_460", 0 0, L_000002271a215a00;  1 drivers
v000002271a1619a0_0 .net *"_ivl_462", 0 0, L_000002271a216bf0;  1 drivers
v000002271a161c20_0 .net *"_ivl_468", 0 0, L_000002271a215290;  1 drivers
v000002271a161cc0_0 .net *"_ivl_472", 31 0, L_000002271a1a2ef0;  1 drivers
v000002271a160320_0 .net *"_ivl_479", 15 0, L_000002271a1a5830;  1 drivers
L_000002271a1b9ce8 .functor BUFT 1, C4<0100000000000000>, C4<0>, C4<0>, C4<0>;
v000002271a161ea0_0 .net/2u *"_ivl_480", 15 0, L_000002271a1b9ce8;  1 drivers
v000002271a162620_0 .net *"_ivl_485", 29 0, L_000002271a1a6870;  1 drivers
L_000002271a1b9d30 .functor BUFT 1, C4<010000000000000000000000000000>, C4<0>, C4<0>, C4<0>;
v000002271a162760_0 .net/2u *"_ivl_486", 29 0, L_000002271a1b9d30;  1 drivers
v000002271a1603c0_0 .net *"_ivl_491", 29 0, L_000002271a1a5e70;  1 drivers
L_000002271a1b9d78 .functor BUFT 1, C4<010000000000000000000000000001>, C4<0>, C4<0>, C4<0>;
v000002271a1710d0_0 .net/2u *"_ivl_492", 29 0, L_000002271a1b9d78;  1 drivers
v000002271a171cb0_0 .net *"_ivl_497", 29 0, L_000002271a1a5b50;  1 drivers
L_000002271a1b9dc0 .functor BUFT 1, C4<010000000000000000000000000010>, C4<0>, C4<0>, C4<0>;
v000002271a172750_0 .net/2u *"_ivl_498", 29 0, L_000002271a1b9dc0;  1 drivers
v000002271a172f70_0 .net *"_ivl_503", 29 0, L_000002271a1a5f10;  1 drivers
L_000002271a1b9e08 .functor BUFT 1, C4<010000000000000000000000000011>, C4<0>, C4<0>, C4<0>;
v000002271a173470_0 .net/2u *"_ivl_504", 29 0, L_000002271a1b9e08;  1 drivers
v000002271a172890_0 .net *"_ivl_509", 29 0, L_000002271a1a5fb0;  1 drivers
L_000002271a1b9e50 .functor BUFT 1, C4<010000000000000000000000000100>, C4<0>, C4<0>, C4<0>;
v000002271a172cf0_0 .net/2u *"_ivl_510", 29 0, L_000002271a1b9e50;  1 drivers
v000002271a171490_0 .net *"_ivl_515", 29 0, L_000002271a1a7770;  1 drivers
L_000002271a1b9e98 .functor BUFT 1, C4<010000000000000000000000000101>, C4<0>, C4<0>, C4<0>;
v000002271a1730b0_0 .net/2u *"_ivl_516", 29 0, L_000002271a1b9e98;  1 drivers
v000002271a172a70_0 .net *"_ivl_521", 29 0, L_000002271a1a6af0;  1 drivers
L_000002271a1b9ee0 .functor BUFT 1, C4<010000000000000000000000000110>, C4<0>, C4<0>, C4<0>;
v000002271a173830_0 .net/2u *"_ivl_522", 29 0, L_000002271a1b9ee0;  1 drivers
v000002271a171a30_0 .net *"_ivl_527", 29 0, L_000002271a1a60f0;  1 drivers
L_000002271a1b9f28 .functor BUFT 1, C4<010000000000000000000000000111>, C4<0>, C4<0>, C4<0>;
v000002271a171670_0 .net/2u *"_ivl_528", 29 0, L_000002271a1b9f28;  1 drivers
v000002271a171350_0 .net *"_ivl_533", 29 0, L_000002271a1a7590;  1 drivers
L_000002271a1b9f70 .functor BUFT 1, C4<010000000000000000000000001000>, C4<0>, C4<0>, C4<0>;
v000002271a1713f0_0 .net/2u *"_ivl_534", 29 0, L_000002271a1b9f70;  1 drivers
v000002271a171850_0 .net *"_ivl_539", 29 0, L_000002271a1a6730;  1 drivers
L_000002271a1b9fb8 .functor BUFT 1, C4<010000000000000000000000001001>, C4<0>, C4<0>, C4<0>;
v000002271a171ad0_0 .net/2u *"_ivl_540", 29 0, L_000002271a1b9fb8;  1 drivers
v000002271a171170_0 .net *"_ivl_545", 29 0, L_000002271a1a56f0;  1 drivers
L_000002271a1ba000 .functor BUFT 1, C4<010000000000000000000000001010>, C4<0>, C4<0>, C4<0>;
v000002271a173290_0 .net/2u *"_ivl_546", 29 0, L_000002271a1ba000;  1 drivers
v000002271a1733d0_0 .net *"_ivl_551", 29 0, L_000002271a1a6f50;  1 drivers
L_000002271a1ba048 .functor BUFT 1, C4<010000000000000000000000001011>, C4<0>, C4<0>, C4<0>;
v000002271a171d50_0 .net/2u *"_ivl_552", 29 0, L_000002271a1ba048;  1 drivers
v000002271a172d90_0 .net *"_ivl_556", 0 0, L_000002271a216b80;  1 drivers
v000002271a173510_0 .net *"_ivl_558", 0 0, L_000002271a215df0;  1 drivers
v000002271a171f30_0 .net *"_ivl_560", 0 0, L_000002271a215920;  1 drivers
v000002271a171710_0 .net *"_ivl_562", 0 0, L_000002271a215fb0;  1 drivers
v000002271a173330_0 .net *"_ivl_564", 0 0, L_000002271a2162c0;  1 drivers
v000002271a1717b0_0 .net *"_ivl_566", 0 0, L_000002271a215680;  1 drivers
v000002271a173150_0 .net *"_ivl_568", 0 0, L_000002271a215300;  1 drivers
v000002271a1718f0_0 .net *"_ivl_570", 0 0, L_000002271a216330;  1 drivers
v000002271a172610_0 .net *"_ivl_572", 0 0, L_000002271a2154c0;  1 drivers
v000002271a172390_0 .net *"_ivl_574", 0 0, L_000002271a2165d0;  1 drivers
v000002271a171df0_0 .net *"_ivl_587", 0 0, L_000002271a1a5bf0;  1 drivers
v000002271a171e90_0 .net *"_ivl_589", 7 0, L_000002271a1a6d70;  1 drivers
v000002271a1727f0_0 .net *"_ivl_591", 0 0, L_000002271a1a7450;  1 drivers
v000002271a171fd0_0 .net *"_ivl_593", 7 0, L_000002271a1a6410;  1 drivers
v000002271a172ed0_0 .net *"_ivl_595", 0 0, L_000002271a1a64b0;  1 drivers
v000002271a173010_0 .net *"_ivl_597", 7 0, L_000002271a1a6eb0;  1 drivers
v000002271a172b10_0 .net *"_ivl_599", 7 0, L_000002271a1a7270;  1 drivers
v000002271a1731f0_0 .net *"_ivl_6", 0 0, L_0000022719c75b90;  1 drivers
v000002271a171990_0 .net *"_ivl_600", 7 0, L_000002271a1a7810;  1 drivers
v000002271a1735b0_0 .net *"_ivl_602", 7 0, L_000002271a1a7310;  1 drivers
v000002271a1721b0_0 .net *"_ivl_608", 0 0, L_000002271a216b10;  1 drivers
L_000002271a1ba0d8 .functor BUFT 1, C4<0>, C4<0>, C4<0>, C4<0>;
v000002271a172430_0 .net/2u *"_ivl_610", 0 0, L_000002271a1ba0d8;  1 drivers
v000002271a1724d0_0 .net *"_ivl_613", 0 0, L_000002271a216d40;  1 drivers
v000002271a173650_0 .net *"_ivl_615", 0 0, L_000002271a215220;  1 drivers
v000002271a1736f0_0 .net *"_ivl_616", 0 0, L_000002271a2153e0;  1 drivers
L_000002271a1ba120 .functor BUFT 1, C4<1>, C4<0>, C4<0>, C4<0>;
v000002271a1726b0_0 .net/2u *"_ivl_618", 0 0, L_000002271a1ba120;  1 drivers
v000002271a173790_0 .net *"_ivl_620", 0 0, L_000002271a1a5510;  1 drivers
v000002271a172930_0 .net *"_ivl_626", 0 0, L_000002271a218240;  1 drivers
v000002271a171c10_0 .net *"_ivl_628", 0 0, L_000002271a217ad0;  1 drivers
v000002271a171b70_0 .net *"_ivl_630", 0 0, L_000002271a217c90;  1 drivers
v000002271a171210_0 .net *"_ivl_632", 0 0, L_000002271a218320;  1 drivers
v000002271a172070_0 .net *"_ivl_634", 0 0, L_000002271a217d00;  1 drivers
v000002271a1712b0_0 .net *"_ivl_636", 0 0, L_000002271a218780;  1 drivers
v000002271a1729d0_0 .net *"_ivl_638", 0 0, L_000002271a2182b0;  1 drivers
v000002271a172bb0_0 .net *"_ivl_640", 0 0, L_000002271a217ec0;  1 drivers
v000002271a172110_0 .net *"_ivl_642", 0 0, L_000002271a217440;  1 drivers
v000002271a172250_0 .net *"_ivl_644", 0 0, L_000002271a2171a0;  1 drivers
v000002271a171530_0 .net *"_ivl_648", 0 0, L_000002271a2172f0;  1 drivers
v000002271a1715d0_0 .net *"_ivl_650", 0 0, L_000002271a2174b0;  1 drivers
v000002271a172c50_0 .net *"_ivl_654", 0 0, L_000002271a218630;  1 drivers
L_000002271a1ba168 .functor BUFT 1, C4<0000000000000000000000000000000>, C4<0>, C4<0>, C4<0>;
v000002271a172570_0 .net/2u *"_ivl_658", 30 0, L_000002271a1ba168;  1 drivers
v000002271a1722f0_0 .net *"_ivl_660", 0 0, L_000002271a217830;  1 drivers
v000002271a172e30_0 .net *"_ivl_662", 31 0, L_000002271a1a74f0;  1 drivers
L_000002271a1ba1b0 .functor BUFT 1, C4<000000000000000000000000>, C4<0>, C4<0>, C4<0>;
v000002271a175630_0 .net/2u *"_ivl_664", 23 0, L_000002271a1ba1b0;  1 drivers
v000002271a1742d0_0 .net *"_ivl_666", 31 0, L_000002271a1a7630;  1 drivers
L_000002271a1ba1f8 .functor BUFT 1, C4<000000000000000000000000000000>, C4<0>, C4<0>, C4<0>;
v000002271a1754f0_0 .net/2u *"_ivl_668", 29 0, L_000002271a1ba1f8;  1 drivers
v000002271a176030_0 .net *"_ivl_670", 31 0, L_000002271a1a69b0;  1 drivers
L_000002271a1ba240 .functor BUFT 1, C4<0000000000000000000000000000000>, C4<0>, C4<0>, C4<0>;
v000002271a175450_0 .net/2u *"_ivl_672", 30 0, L_000002271a1ba240;  1 drivers
v000002271a174190_0 .net *"_ivl_674", 31 0, L_000002271a1a6a50;  1 drivers
L_000002271a1ba288 .functor BUFT 1, C4<00000000000000000000000000000000>, C4<0>, C4<0>, C4<0>;
v000002271a175e50_0 .net/2u *"_ivl_676", 31 0, L_000002271a1ba288;  1 drivers
v000002271a173a10_0 .net *"_ivl_678", 31 0, L_000002271a1a6370;  1 drivers
v000002271a175590_0 .net *"_ivl_680", 31 0, L_000002271a1a6b90;  1 drivers
v000002271a174eb0_0 .net *"_ivl_682", 31 0, L_000002271a1a78b0;  1 drivers
v000002271a175130_0 .net *"_ivl_684", 31 0, L_000002271a1a5150;  1 drivers
v000002271a175ef0_0 .net *"_ivl_686", 31 0, L_000002271a1a51f0;  1 drivers
v000002271a174230_0 .net *"_ivl_688", 31 0, L_000002271a1a6c30;  1 drivers
v000002271a174af0_0 .net *"_ivl_690", 31 0, L_000002271a1a6cd0;  1 drivers
v000002271a174d70_0 .net *"_ivl_692", 31 0, L_000002271a1a5290;  1 drivers
v000002271a175c70_0 .net *"_ivl_694", 31 0, L_000002271a1a5330;  1 drivers
v000002271a1751d0_0 .net *"_ivl_700", 0 0, L_000002271a2179f0;  1 drivers
v000002271a174370_0 .net *"_ivl_702", 0 0, L_000002271a2173d0;  1 drivers
v000002271a174690_0 .net *"_ivl_706", 0 0, L_000002271a217590;  1 drivers
v000002271a175770_0 .net *"_ivl_708", 0 0, L_000002271a218390;  1 drivers
v000002271a174f50_0 .net *"_ivl_710", 0 0, L_000002271a217fa0;  1 drivers
v000002271a173c90_0 .net *"_ivl_713", 0 0, L_000002271a1a55b0;  1 drivers
v000002271a175a90_0 .net *"_ivl_716", 0 0, L_000002271a217600;  1 drivers
v000002271a173dd0_0 .net *"_ivl_718", 0 0, L_000002271a217210;  1 drivers
v000002271a174550_0 .net *"_ivl_722", 0 0, L_000002271a2176e0;  1 drivers
v000002271a175b30_0 .net *"_ivl_724", 0 0, L_000002271a217670;  1 drivers
v000002271a1756d0_0 .net *"_ivl_728", 0 0, L_000002271a218710;  1 drivers
v000002271a174050_0 .net *"_ivl_730", 0 0, L_000002271a2187f0;  1 drivers
v000002271a173ab0_0 .net *"_ivl_734", 0 0, L_000002271a218940;  1 drivers
v000002271a175270_0 .net *"_ivl_736", 0 0, L_000002271a217980;  1 drivers
v000002271a174910_0 .net *"_ivl_740", 0 0, L_000002271a2185c0;  1 drivers
v000002271a173e70_0 .net *"_ivl_742", 0 0, L_000002271a218470;  1 drivers
v000002271a175f90_0 .net *"_ivl_746", 0 0, L_000002271a218860;  1 drivers
v000002271a174ff0_0 .net *"_ivl_748", 0 0, L_000002271a217bb0;  1 drivers
v000002271a175310_0 .net *"_ivl_752", 0 0, L_000002271a217d70;  1 drivers
v000002271a175090_0 .net *"_ivl_754", 0 0, L_000002271a217c20;  1 drivers
v000002271a173f10_0 .net *"_ivl_758", 0 0, L_000002271a2177c0;  1 drivers
v000002271a1759f0_0 .net *"_ivl_760", 0 0, L_000002271a2180f0;  1 drivers
v000002271a1758b0_0 .net *"_ivl_768", 0 0, L_000002271a2170c0;  1 drivers
v000002271a1753b0_0 .net *"_ivl_774", 0 0, L_000002271a21d170;  1 drivers
v000002271a175810_0 .net *"_ivl_778", 0 0, L_000002271a21d020;  1 drivers
v000002271a175950_0 .net *"_ivl_782", 31 0, L_000002271a21ca70;  1 drivers
v000002271a1744b0_0 .net *"_ivl_786", 0 0, L_000002271a21c8b0;  1 drivers
L_000002271a1ba990 .functor BUFT 1, C4<00000000000000000000000000000111>, C4<0>, C4<0>, C4<0>;
v000002271a175bd0_0 .net/2u *"_ivl_796", 31 0, L_000002271a1ba990;  1 drivers
L_000002271a1ba9d8 .functor BUFT 1, C4<00000000000000000000000000000101>, C4<0>, C4<0>, C4<0>;
v000002271a174e10_0 .net/2u *"_ivl_798", 31 0, L_000002271a1ba9d8;  1 drivers
L_000002271a1baa20 .functor BUFT 1, C4<00000000000000000000000000000100>, C4<0>, C4<0>, C4<0>;
v000002271a173b50_0 .net/2u *"_ivl_802", 31 0, L_000002271a1baa20;  1 drivers
v000002271a175d10_0 .net *"_ivl_806", 0 0, L_000002271a219ba0;  1 drivers
v000002271a1738d0_0 .net *"_ivl_808", 0 0, L_000002271a219dd0;  1 drivers
v000002271a174cd0_0 .net *"_ivl_812", 0 0, L_000002271a219200;  1 drivers
v000002271a175db0_0 .net *"_ivl_822", 0 0, L_000002271a219270;  1 drivers
v000002271a174410_0 .net *"_ivl_824", 0 0, L_000002271a2194a0;  1 drivers
v000002271a173970_0 .net *"_ivl_826", 0 0, L_000002271a218e10;  1 drivers
v000002271a1745f0_0 .net *"_ivl_828", 0 0, L_000002271a218cc0;  1 drivers
v000002271a1740f0_0 .net *"_ivl_830", 0 0, L_000002271a219f90;  1 drivers
v000002271a173bf0_0 .net *"_ivl_832", 0 0, L_000002271a218d30;  1 drivers
v000002271a173d30_0 .net *"_ivl_834", 0 0, L_000002271a21a460;  1 drivers
v000002271a173fb0_0 .net *"_ivl_836", 0 0, L_000002271a21a4d0;  1 drivers
v000002271a174730_0 .net *"_ivl_838", 0 0, L_000002271a219b30;  1 drivers
v000002271a1747d0_0 .net *"_ivl_840", 0 0, L_000002271a219820;  1 drivers
L_000002271a1baab0 .functor BUFT 1, C4<00>, C4<0>, C4<0>, C4<0>;
v000002271a174870_0 .net/2u *"_ivl_842", 1 0, L_000002271a1baab0;  1 drivers
v000002271a1749b0_0 .net *"_ivl_844", 0 0, L_000002271a1a9b10;  1 drivers
v000002271a174a50_0 .net *"_ivl_848", 0 0, L_000002271a21a2a0;  1 drivers
v000002271a174b90_0 .net *"_ivl_860", 0 0, L_000002271a21a850;  1 drivers
v000002271a174c30_0 .net *"_ivl_862", 0 0, L_000002271a21bd50;  1 drivers
v000002271a177610_0 .net *"_ivl_864", 0 0, L_000002271a21a7e0;  1 drivers
v000002271a177390_0 .net *"_ivl_866", 0 0, L_000002271a21bb20;  1 drivers
v000002271a178470_0 .net *"_ivl_868", 0 0, L_000002271a21b810;  1 drivers
v000002271a176530_0 .net "boot_boot_edge_seen_o", 0 0, L_0000022719c56b70;  1 drivers
v000002271a177110_0 .net "boot_done_int", 0 0, L_000002271a1b6388;  1 drivers
v000002271a176170_0 .net "boot_done_o", 0 0, L_0000022719c56ef0;  alias, 1 drivers
v000002271a177250_0 .net "boot_edge_seen_boot_int", 0 0, L_000002271a1b63d0;  1 drivers
v000002271a178650_0 .net "boot_edge_seen_int", 0 0, L_0000022719c75b20;  1 drivers
v000002271a176c10_0 .net "boot_edge_seen_o", 0 0, L_0000022719c56e10;  1 drivers
v000002271a1786f0_0 .net "boot_header_ok_int", 0 0, L_000002271a1b66a0;  1 drivers
v000002271a1779d0_0 .net "boot_header_ok_o", 0 0, L_0000022719c57890;  1 drivers
v000002271a1765d0_0 .net "boot_memtest0_ok_int", 0 0, L_000002271a1b6b68;  1 drivers
v000002271a1772f0_0 .net "boot_memtest0_ok_o", 0 0, L_0000022719c57580;  1 drivers
v000002271a176670_0 .net "boot_memtest1_ok_int", 0 0, L_000002271a1b6bb0;  1 drivers
v000002271a176990_0 .net "boot_memtest1_ok_o", 0 0, L_0000022719c56fd0;  1 drivers
v000002271a176df0_0 .net "boot_memtest2_ok_int", 0 0, L_000002271a1b6bf8;  1 drivers
v000002271a1780b0_0 .net "boot_memtest2_ok_o", 0 0, L_0000022719c56630;  1 drivers
v000002271a177bb0_0 .net "boot_memtest3_ok_int", 0 0, L_000002271a1b6c40;  1 drivers
v000002271a1767b0_0 .net "boot_memtest3_ok_o", 0 0, L_0000022719c56240;  1 drivers
v000002271a177b10_0 .net "boot_memtest_done_int", 0 0, L_000002271a1b6ad8;  1 drivers
v000002271a176710_0 .net "boot_memtest_done_o", 0 0, L_0000022719c57660;  1 drivers
v000002271a177430_0 .net "boot_memtest_pass_int", 0 0, L_000002271a1b6a90;  1 drivers
v000002271a176cb0_0 .net "boot_memtest_pass_o", 0 0, L_0000022719c56780;  1 drivers
v000002271a177a70_0 .net "boot_memtest_rd_seen_int", 0 0, L_000002271a1b6b20;  1 drivers
v000002271a1771b0_0 .net "boot_memtest_rd_seen_o", 0 0, L_0000022719c56470;  1 drivers
v000002271a177570_0 .var "boot_release_cnt_q", 0 0;
v000002271a176210_0 .var "boot_release_ok_q", 0 0;
v000002271a1774d0_0 .net "boot_rst_released_int", 0 0, L_000002271a1b64a8;  1 drivers
v000002271a177c50_0 .net "boot_rst_released_o", 0 0, L_0000022719c57740;  1 drivers
v000002271a178790_0 .net "boot_rx_seen_int", 0 0, L_000002271a1b6418;  1 drivers
v000002271a176850_0 .net "boot_rx_seen_o", 0 0, L_0000022719c57a50;  1 drivers
v000002271a1762b0_0 .net "boot_rx_sel_int", 3 0, L_000002271a1b6538;  1 drivers
v000002271a177cf0_0 .net "boot_rx_sel_o", 3 0, L_0000022719c56c50;  1 drivers
v000002271a176e90_0 .net "boot_state_int", 2 0, L_000002271a1b64f0;  1 drivers
v000002271a176d50_0 .net "boot_state_o", 2 0, L_0000022719c57ac0;  1 drivers
v000002271a178330_0 .net "boot_sync_seen_int", 0 0, L_000002271a1b6460;  1 drivers
v000002271a1768f0_0 .net "boot_sync_seen_o", 0 0, L_0000022719c567f0;  1 drivers
v000002271a178150_0 .net "boot_ui_clk_blink_o", 0 0, L_000002271a197910;  1 drivers
v000002271a176490_0 .net "boot_ui_clk_seen_o", 0 0, L_0000022719c57970;  1 drivers
v000002271a178830_0 .var "boot_ui_clk_seen_q", 0 0;
v000002271a176ad0_0 .var "boot_ui_edge_active_cnt_q", 25 0;
v000002271a177e30_0 .net "boot_ui_edge_active_o", 0 0, L_000002271a1986d0;  1 drivers
v000002271a1781f0_0 .net "boot_ui_edge_seen_o", 0 0, L_0000022719c57190;  1 drivers
v000002271a178510_0 .var "boot_ui_edge_seen_q", 0 0;
v000002271a176a30_0 .net "boot_ui_reset_released_o", 0 0, L_0000022719c56f60;  1 drivers
v000002271a176b70_0 .net "boot_ui_reset_released_w", 0 0, L_0000022719c75c00;  1 drivers
v000002271a1785b0_0 .net "boot_verify0_byterev128_ok_int", 0 0, L_000002271a1b6970;  1 drivers
v000002271a1783d0_0 .net "boot_verify0_byterev128_ok_o", 0 0, L_0000022719c57c10;  1 drivers
v000002271a1776b0_0 .net "boot_verify0_byterev32_ok_int", 0 0, L_000002271a1b6928;  1 drivers
v000002271a177750_0 .net "boot_verify0_byterev32_ok_o", 0 0, L_0000022719c56e80;  1 drivers
v000002271a176f30_0 .net "boot_verify0_memtest0_ok_int", 0 0, L_000002271a1b69b8;  1 drivers
v000002271a176350_0 .net "boot_verify0_memtest0_ok_o", 0 0, L_0000022719c568d0;  1 drivers
v000002271a176fd0_0 .net "boot_verify0_ok_int", 0 0, L_000002271a1b66e8;  1 drivers
v000002271a177d90_0 .net "boot_verify0_ok_o", 0 0, L_0000022719c56160;  1 drivers
v000002271a1777f0_0 .net "boot_verify0_w0_ok_int", 0 0, L_000002271a1b67c0;  1 drivers
v000002271a177890_0 .net "boot_verify0_w0_ok_o", 0 0, L_0000022719c561d0;  1 drivers
v000002271a177930_0 .net "boot_verify0_w1_ok_int", 0 0, L_000002271a1b6808;  1 drivers
v000002271a177ed0_0 .net "boot_verify0_w1_ok_o", 0 0, L_0000022719c565c0;  1 drivers
v000002271a1763f0_0 .net "boot_verify0_w2_ok_int", 0 0, L_000002271a1b6850;  1 drivers
v000002271a177f70_0 .net "boot_verify0_w2_ok_o", 0 0, L_0000022719c564e0;  1 drivers
v000002271a178010_0 .net "boot_verify0_w3_ok_int", 0 0, L_000002271a1b6898;  1 drivers
v000002271a177070_0 .net "boot_verify0_w3_ok_o", 0 0, L_0000022719c57ba0;  1 drivers
v000002271a178290_0 .net "boot_verify0_wordrev_ok_int", 0 0, L_000002271a1b68e0;  1 drivers
v000002271a1760d0_0 .net "boot_verify0_wordrev_ok_o", 0 0, L_0000022719c569b0;  1 drivers
v000002271a17a770_0 .net "boot_verify1_ok_int", 0 0, L_000002271a1b6730;  1 drivers
v000002271a178a10_0 .net "boot_verify1_ok_o", 0 0, L_0000022719c57900;  1 drivers
v000002271a179730_0 .net "boot_verify2_ok_int", 0 0, L_000002271a1b6778;  1 drivers
v000002271a17a090_0 .net "boot_verify2_ok_o", 0 0, L_0000022719c57b30;  1 drivers
v000002271a17a450_0 .net "boot_verify_req_seen_int", 0 0, L_000002271a1b6a00;  1 drivers
v000002271a179e10_0 .net "boot_verify_req_seen_o", 0 0, L_0000022719c56be0;  1 drivers
v000002271a178c90_0 .net "boot_verify_rsp_seen_int", 0 0, L_000002271a1b6a48;  1 drivers
v000002271a17a1d0_0 .net "boot_verify_rsp_seen_o", 0 0, L_0000022719c56390;  1 drivers
v000002271a1790f0_0 .net "boot_word0_ok_int", 0 0, L_000002271a1b6580;  1 drivers
v000002271a17a270_0 .net "boot_word0_ok_o", 0 0, L_0000022719c56860;  1 drivers
v000002271a17a130_0 .net "boot_word1_ok_int", 0 0, L_000002271a1b65c8;  1 drivers
v000002271a17a6d0_0 .net "boot_word1_ok_o", 0 0, L_0000022719c56320;  1 drivers
v000002271a179230_0 .net "boot_word2_ok_int", 0 0, L_000002271a1b6610;  1 drivers
v000002271a178d30_0 .net "boot_word2_ok_o", 0 0, L_0000022719c56940;  1 drivers
v000002271a179f50_0 .net "boot_word3_ok_int", 0 0, L_000002271a1b6658;  1 drivers
v000002271a178b50_0 .net "boot_word3_ok_o", 0 0, L_0000022719c579e0;  1 drivers
v000002271a179870_0 .net "bp_pred_taken", 0 0, L_000002271a19c190;  1 drivers
v000002271a1799b0_0 .net "bp_update_valid", 0 0, L_000002271a210c20;  1 drivers
v000002271a179050_0 .net "clk", 0 0, v000002271a1918a0_0;  1 drivers
v000002271a17a310_0 .net "clk_ref_i", 0 0, L_000002271a21be30;  alias, 1 drivers
v000002271a17a630_0 .net "core_clk", 0 0, L_0000022719c748c0;  1 drivers
v000002271a17abd0_0 .net "core_pc_seen_o", 0 0, L_0000022719c57820;  1 drivers
v000002271a1792d0_0 .var "core_pc_seen_q", 0 0;
v000002271a17aa90_0 .var "core_reset_sync_q", 1 0;
v000002271a17a3b0_0 .net "core_rst", 0 0, L_0000022719c75ab0;  1 drivers
v000002271a17a4f0_0 .net "core_rst_n", 0 0, L_000002271a198630;  1 drivers
v000002271a17ab30_0 .net "core_rst_n_base", 0 0, L_0000022719c75650;  1 drivers
v000002271a179190_0 .net "core_running_o", 0 0, L_0000022719c566a0;  1 drivers
v000002271a17ac70_0 .net "csr_current_priv_w", 1 0, v000002271a043d30_0;  1 drivers
v000002271a1797d0_0 .net "csr_exec_write_en", 0 0, L_000002271a211160;  1 drivers
v000002271a17a8b0_0 .net "csr_global_mie_w", 0 0, L_000002271a1a2a90;  1 drivers
v000002271a17a590_0 .net "csr_mcause_w", 31 0, L_000002271a214ea0;  1 drivers
v000002271a179eb0_0 .net "csr_meie_en_w", 0 0, L_000002271a1a2db0;  1 drivers
v000002271a178e70_0 .net "csr_mepc_w", 31 0, v000002271a040ef0_0;  1 drivers
v000002271a17a950_0 .net "csr_mie_w", 31 0, L_000002271a2150d0;  1 drivers
v000002271a178f10_0 .net "csr_mip_w", 31 0, L_000002271a2135b0;  1 drivers
v000002271a179ff0_0 .var "csr_mret_exec_q", 0 0;
v000002271a179370_0 .net "csr_mscratch_w", 31 0, L_000002271a213770;  1 drivers
v000002271a17a810_0 .net "csr_msie_en_w", 0 0, L_000002271a1a30d0;  1 drivers
v000002271a17ad10_0 .net "csr_mstatus_w", 31 0, L_000002271a215060;  1 drivers
v000002271a17a9f0_0 .net "csr_mtie_en_w", 0 0, L_000002271a1a3e90;  1 drivers
v000002271a17adb0_0 .net "csr_mtvec_w", 31 0, v000002271a044410_0;  1 drivers
v000002271a179910_0 .net "csr_rdata_w", 31 0, v000002271a040e50_0;  1 drivers
v000002271a17ae50_0 .var "csr_trap_cause_q", 31 0;
v000002271a17aef0_0 .var "csr_trap_enter_q", 0 0;
v000002271a178dd0_0 .var "csr_trap_is_interrupt_q", 0 0;
v000002271a178fb0_0 .var "csr_trap_pc_q", 31 0;
v000002271a17af90_0 .var "csr_trap_tval_q", 31 0;
v000002271a179410_0 .net "d_l2_req_addr", 31 0, v000002271a03dd90_0;  alias, 1 drivers
v000002271a179550_0 .net "d_l2_req_cmd", 1 0, v000002271a03de30_0;  alias, 1 drivers
v000002271a17b030_0 .net "d_l2_req_len", 7 0, v000002271a03d110_0;  alias, 1 drivers
v000002271a1788d0_0 .net "d_l2_req_ready", 0 0, L_000002271a1badc8;  alias, 1 drivers
v000002271a178ab0_0 .net "d_l2_req_ready_int", 0 0, L_0000022719c758f0;  1 drivers
v000002271a178970_0 .net "d_l2_req_size", 2 0, v000002271a03d250_0;  alias, 1 drivers
v000002271a1795f0_0 .net "d_l2_req_uncached", 0 0, L_0000022719c56a20;  1 drivers
v000002271a178bf0_0 .net "d_l2_req_valid", 0 0, v000002271a03f730_0;  alias, 1 drivers
v000002271a1794b0_0 .net "d_l2_req_wdata", 63 0, v000002271a03d7f0_0;  alias, 1 drivers
v000002271a179a50_0 .net "d_l2_req_wstrb", 7 0, v000002271a03e6f0_0;  alias, 1 drivers
v000002271a179690_0 .net "d_l2_rsp_err", 0 0, v000002271a184ec0_0;  1 drivers
v000002271a179af0_0 .net "d_l2_rsp_err_int", 0 0, L_0000022719c75d50;  1 drivers
v000002271a179b90_0 .net "d_l2_rsp_last", 0 0, v000002271a185dc0_0;  1 drivers
v000002271a179c30_0 .net "d_l2_rsp_last_int", 0 0, L_0000022719c759d0;  1 drivers
v000002271a179cd0_0 .net "d_l2_rsp_rdata", 63 0, v000002271a185140_0;  1 drivers
v000002271a179d70_0 .net "d_l2_rsp_rdata_int", 63 0, L_0000022719c75ea0;  1 drivers
v000002271a17d830_0 .net "d_l2_rsp_ready", 0 0, L_000002271a2193c0;  alias, 1 drivers
v000002271a17c570_0 .net "d_l2_rsp_valid", 0 0, v000002271a184a60_0;  1 drivers
v000002271a17b990_0 .net "d_l2_rsp_valid_int", 0 0, L_0000022719c75f80;  1 drivers
v000002271a17b850_0 .net "dcache_cpu_req_ready", 0 0, L_000002271a1a83f0;  1 drivers
v000002271a17c4d0_0 .net "dcache_cpu_req_valid", 0 0, L_000002271a217130;  1 drivers
v000002271a17c6b0_0 .net "dcache_cpu_rsp_err", 0 0, v000002271a03e470_0;  1 drivers
v000002271a17b670_0 .net "dcache_cpu_rsp_rdata", 31 0, v000002271a03da70_0;  1 drivers
L_000002271a1ba510 .functor BUFT 1, C4<1>, C4<0>, C4<0>, C4<0>;
v000002271a17b170_0 .net "dcache_cpu_rsp_ready", 0 0, L_000002271a1ba510;  1 drivers
v000002271a17be90_0 .net "dcache_cpu_rsp_valid", 0 0, v000002271a03e330_0;  1 drivers
v000002271a17cd90_0 .net "dcache_req_size", 1 0, L_000002271a1a7950;  1 drivers
v000002271a17d510_0 .net "ddr2_addr", 12 0, o000002271a0fd6d8;  alias, 0 drivers
v000002271a17c250_0 .net "ddr2_ba", 2 0, o000002271a0fd708;  alias, 0 drivers
v000002271a17d5b0_0 .net "ddr2_cas_n", 0 0, o000002271a0fd738;  alias, 0 drivers
v000002271a17d1f0_0 .net "ddr2_ck_n", 0 0, o000002271a0fd768;  alias, 0 drivers
v000002271a17c750_0 .net "ddr2_ck_p", 0 0, o000002271a0fd798;  alias, 0 drivers
v000002271a17bc10_0 .net "ddr2_cke", 0 0, o000002271a0fd7c8;  alias, 0 drivers
v000002271a17b8f0_0 .net "ddr2_cs_n", 0 0, o000002271a0fd7f8;  alias, 0 drivers
v000002271a17cf70_0 .net "ddr2_dm", 1 0, o000002271a0fd828;  alias, 0 drivers
v000002271a17bf30_0 .net "ddr2_dq", 15 0, o000002271a0fd858;  alias, 0 drivers
v000002271a17b210_0 .net "ddr2_dqs_n", 1 0, o000002271a0fd888;  alias, 0 drivers
v000002271a17c610_0 .net "ddr2_dqs_p", 1 0, o000002271a0fd8b8;  alias, 0 drivers
v000002271a17c930_0 .net "ddr2_odt", 0 0, o000002271a0fd8e8;  alias, 0 drivers
v000002271a17ba30_0 .net "ddr2_ras_n", 0 0, o000002271a0fd918;  alias, 0 drivers
v000002271a17ca70_0 .net "ddr2_we_n", 0 0, o000002271a0fd948;  alias, 0 drivers
v000002271a17c9d0_0 .net "dmem_addr_o", 31 0, L_000002271a216cd0;  1 drivers
v000002271a17bad0_0 .net "dmem_rdata_i", 31 0, L_000002271a1a8a30;  1 drivers
v000002271a17b490_0 .net "dmem_ready_i", 0 0, L_000002271a1a9930;  1 drivers
v000002271a17c7f0_0 .net "dmem_req_o", 0 0, v000002271a1687a0_0;  1 drivers
v000002271a17b350_0 .net "dmem_req_seen_o", 0 0, L_0000022719c574a0;  1 drivers
v000002271a17c070_0 .var "dmem_req_seen_q", 0 0;
v000002271a17c1b0_0 .net "dmem_rsp_err_i", 0 0, L_000002271a1a9390;  1 drivers
v000002271a17bb70_0 .net "dmem_rsp_seen_o", 0 0, L_0000022719c572e0;  1 drivers
v000002271a17cb10_0 .var "dmem_rsp_seen_q", 0 0;
v000002271a17ce30_0 .net "dmem_rvalid_i", 0 0, L_000002271a1a7bd0;  1 drivers
v000002271a17b2b0_0 .net "dmem_store_seen_o", 0 0, L_0000022719c57200;  1 drivers
v000002271a17d150_0 .var "dmem_store_seen_q", 0 0;
v000002271a17ccf0_0 .net "dmem_wdata_o", 31 0, L_000002271a1a5470;  1 drivers
v000002271a17b0d0_0 .net "dmem_we_o", 0 0, L_000002271a216020;  1 drivers
v000002271a17bd50_0 .net "dmem_wstrb_o", 3 0, L_000002271a1a5dd0;  1 drivers
v000002271a17ced0_0 .net "ex_actual_taken", 0 0, L_000002271a2168e0;  1 drivers
v000002271a17c2f0_0 .net "ex_alu_op", 3 0, L_000002271a210ec0;  1 drivers
v000002271a17bfd0_0 .net "ex_alu_result", 31 0, v0000022719d300b0_0;  1 drivers
v000002271a17b3f0_0 .net "ex_alu_src_imm", 0 0, L_000002271a20fe20;  1 drivers
v000002271a17b710_0 .net "ex_br_funct3", 2 0, L_000002271a210fa0;  1 drivers
v000002271a17d330_0 .net "ex_br_taken", 0 0, L_000002271a214340;  1 drivers
v000002271a17bcb0_0 .net "ex_branch", 0 0, L_000002271a2112b0;  1 drivers
v000002271a17cbb0_0 .net "ex_csr_addr", 11 0, L_000002271a211630;  1 drivers
v000002271a17d650_0 .net "ex_csr_cmd", 2 0, L_000002271a210670;  1 drivers
v000002271a17bdf0_0 .net "ex_csr_en", 0 0, L_000002271a211550;  1 drivers
v000002271a17c890_0 .net "ex_ebreak", 0 0, L_000002271a2116a0;  1 drivers
v000002271a17c110_0 .net "ex_ecall", 0 0, L_000002271a2106e0;  1 drivers
v000002271a17cc50_0 .net "ex_illegal", 0 0, L_000002271a2118d0;  1 drivers
v000002271a17c390_0 .net "ex_imm", 31 0, L_000002271a210520;  1 drivers
v000002271a17c430_0 .net "ex_insn_misaligned", 0 0, L_000002271a214260;  1 drivers
v000002271a17d010_0 .net "ex_irq_pc_commit", 0 0, L_000002271a210750;  1 drivers
v000002271a17d0b0_0 .net "ex_is_auipc", 0 0, L_000002271a2114e0;  1 drivers
v000002271a17d290_0 .net "ex_is_ctrl_valid", 0 0, L_000002271a2155a0;  1 drivers
v000002271a17d3d0_0 .net "ex_is_lui", 0 0, L_000002271a210600;  1 drivers
v000002271a17d470_0 .net "ex_jal", 0 0, L_000002271a2104b0;  1 drivers
v000002271a17d6f0_0 .net "ex_jalr", 0 0, L_000002271a211400;  1 drivers
v000002271a17b530_0 .net "ex_load_misaligned", 0 0, L_000002271a214650;  1 drivers
v000002271a17b5d0_0 .net "ex_mem_flush", 0 0, L_000002271a215990;  1 drivers
v000002271a17d790_0 .net "ex_mem_funct3", 2 0, L_000002271a210c90;  1 drivers
v000002271a17b7b0_0 .net "ex_mem_read", 0 0, L_000002271a210130;  1 drivers
v000002271a17dfb0_0 .net "ex_mem_write", 0 0, L_000002271a2109f0;  1 drivers
v000002271a17dc90_0 .net "ex_mret", 0 0, L_000002271a210910;  1 drivers
v000002271a17e550_0 .net "ex_mret_fire", 0 0, L_000002271a211940;  1 drivers
v000002271a17e9b0_0 .net "ex_mret_vector", 31 0, L_000002271a19ecb0;  1 drivers
v000002271a17eb90_0 .net "ex_pc", 31 0, L_000002271a210830;  1 drivers
v000002271a17f4f0_0 .net "ex_pc4", 31 0, L_000002271a1a1f50;  1 drivers
v000002271a17ec30_0 .net "ex_pred_dir_miss", 0 0, L_000002271a215ae0;  1 drivers
v000002271a17da10_0 .net "ex_pred_taken", 0 0, L_000002271a211390;  1 drivers
v000002271a17ee10_0 .net "ex_pred_target", 31 0, L_000002271a211860;  1 drivers
v000002271a17f8b0_0 .net "ex_pred_tgt_miss", 0 0, L_000002271a2166b0;  1 drivers
v000002271a17f770_0 .net "ex_rd", 4 0, L_000002271a210de0;  1 drivers
v000002271a17de70_0 .net "ex_redirect_pc_raw", 31 0, L_000002271a1a0510;  1 drivers
v000002271a17fe50_0 .net "ex_reg_write", 0 0, L_000002271a210b40;  1 drivers
v000002271a17f9f0_0 .net "ex_rs1", 4 0, L_000002271a2101a0;  1 drivers
v000002271a17fef0_0 .net "ex_rs1_val", 31 0, L_000002271a210280;  1 drivers
v000002271a17e050_0 .net "ex_rs1_val_fwd", 31 0, L_000002271a19ff70;  1 drivers
v000002271a17ef50_0 .net "ex_rs2", 4 0, L_000002271a210a60;  1 drivers
v000002271a17ddd0_0 .net "ex_rs2_val", 31 0, L_000002271a210d00;  1 drivers
v000002271a17fa90_0 .net "ex_rs2_val_fwd", 31 0, L_000002271a19ef30;  1 drivers
v000002271a17f950_0 .net "ex_shift_arith", 0 0, L_000002271a2102f0;  1 drivers
v000002271a17f3b0_0 .net "ex_shift_right", 0 0, L_000002271a210e50;  1 drivers
v000002271a17e0f0_0 .net "ex_stall_o", 0 0, L_000002271a211d30;  1 drivers
v000002271a17f310_0 .net "ex_store_data", 31 0, L_000002271a213620;  1 drivers
v000002271a17f6d0_0 .net "ex_store_misaligned", 0 0, L_000002271a214c00;  1 drivers
v000002271a17dd30_0 .net "ex_sync_trap", 0 0, L_000002271a214ff0;  1 drivers
v000002271a17fdb0_0 .net "ex_sys_redirect_pc", 31 0, v000002271a17ea50_0;  1 drivers
v000002271a17ea50_0 .var "ex_sys_redirect_pc_q", 31 0;
v000002271a17eeb0_0 .net "ex_sys_redirect_valid", 0 0, v000002271a17dab0_0;  1 drivers
v000002271a17dab0_0 .var "ex_sys_redirect_valid_q", 0 0;
v000002271a17ecd0_0 .net "ex_trap_cause", 31 0, L_000002271a1a0470;  1 drivers
v000002271a17e230_0 .net "ex_trap_vector", 31 0, L_000002271a19fd90;  1 drivers
v000002271a17df10_0 .net "ex_valid", 0 0, L_000002271a210360;  1 drivers
v000002271a17d970_0 .net "ex_wb_sel", 1 0, L_000002271a2111d0;  1 drivers
v000002271a17f590_0 .net "fe_redirect_pc", 31 0, L_000002271a1a37b0;  1 drivers
v000002271a180030_0 .net "fe_redirect_valid", 0 0, L_000002271a216480;  1 drivers
v000002271a17e5f0_0 .net "fetch_is_ctrl", 0 0, L_000002271a20e290;  1 drivers
v000002271a17fb30_0 .net "fetch_opcode", 6 0, L_000002271a197c30;  1 drivers
v000002271a17eaf0_0 .net "fetch_req_addr", 31 0, L_0000022719c56a90;  1 drivers
v000002271a17e7d0_0 .net "fetch_req_hs", 0 0, L_000002271a20fcd0;  1 drivers
v000002271a17db50_0 .net "fetch_req_kill", 0 0, L_0000022719c56cc0;  1 drivers
v000002271a17e190_0 .net "fetch_req_ready", 0 0, L_0000022719c68140;  1 drivers
v000002271a17e2d0_0 .net "fetch_req_valid", 0 0, L_000002271a20e990;  1 drivers
v000002271a17eff0_0 .net "fetch_resp_buf_blocked", 0 0, L_0000022719c6d850;  1 drivers
v000002271a17e370_0 .var "fetch_resp_buf_err_q", 0 0;
v000002271a17e410_0 .var "fetch_resp_buf_inst_q", 31 0;
v000002271a17f090_0 .var "fetch_resp_buf_pc_q", 31 0;
v000002271a17e4b0_0 .net "fetch_resp_buf_pop", 0 0, L_000002271a20ebc0;  1 drivers
v000002271a17ed70_0 .net "fetch_resp_buf_push", 0 0, L_0000022719c6e5e0;  1 drivers
v000002271a17f130_0 .var "fetch_resp_buf_valid_q", 0 0;
L_000002271a1b7390 .functor BUFT 1, C4<0>, C4<0>, C4<0>, C4<0>;
v000002271a17f1d0_0 .net "fetch_resp_dup_nonctrl", 0 0, L_000002271a1b7390;  1 drivers
v000002271a17fc70_0 .net "fetch_resp_err", 0 0, v000002271a17e370_0;  1 drivers
v000002271a17e690_0 .net "fetch_resp_if_ready", 0 0, L_0000022719c57350;  1 drivers
v000002271a17e730_0 .net "fetch_resp_inst", 31 0, v000002271a17e410_0;  1 drivers
v000002271a17dbf0_0 .net "fetch_resp_pc", 31 0, v000002271a17f090_0;  1 drivers
v000002271a17f270_0 .net "fetch_resp_raw_err", 0 0, v00000227199904f0_0;  1 drivers
v000002271a17f810_0 .net "fetch_resp_raw_inst", 31 0, v0000022719991710_0;  1 drivers
v000002271a17f450_0 .net "fetch_resp_raw_pc", 31 0, v0000022719990590_0;  1 drivers
v000002271a17e870_0 .net "fetch_resp_raw_ready", 0 0, L_0000022719c6b4e0;  1 drivers
v000002271a17fbd0_0 .net "fetch_resp_raw_valid", 0 0, v0000022719991490_0;  1 drivers
v000002271a17fd10_0 .net "fetch_resp_valid", 0 0, L_0000022719c6a0c0;  1 drivers
v000002271a17e910_0 .net "fetch_resp_valid_filt", 0 0, L_000002271a20edf0;  1 drivers
v000002271a17ff90_0 .net "fetch_resp_valid_pipe", 0 0, L_000002271a20f1e0;  1 drivers
v000002271a17f630_0 .net "flush_idex", 0 0, L_000002271a21aa10;  1 drivers
v000002271a17d8d0_0 .net "flush_idex_hdu", 0 0, L_000002271a21b3b0;  1 drivers
v000002271a1807b0_0 .net "flush_ifid", 0 0, L_000002271a21b880;  1 drivers
v000002271a180b70_0 .net "flush_ifid_hdu", 0 0, L_000002271a21b6c0;  1 drivers
v000002271a180350_0 .net "i_l2_req_ready_int", 0 0, L_0000022719c74930;  1 drivers
v000002271a1803f0_0 .net "i_l2_rsp_data_int", 63 0, L_0000022719c73f90;  1 drivers
v000002271a1808f0_0 .net "i_l2_rsp_err_int", 0 0, L_0000022719c75960;  1 drivers
v000002271a180210_0 .net "i_l2_rsp_last_int", 0 0, L_0000022719c74000;  1 drivers
v000002271a180710_0 .net "i_l2_rsp_valid_int", 0 0, L_0000022719c75340;  1 drivers
v000002271a1800d0_0 .net "icache_flush_ack_w", 0 0, v00000227199910d0_0;  1 drivers
v000002271a180850_0 .var "icache_flush_pending_q", 0 0;
v000002271a180f30_0 .net "id_alu_op", 3 0, v000002271a1407d0_0;  1 drivers
v000002271a180990_0 .net "id_alu_src_imm", 0 0, v000002271a13fb50_0;  1 drivers
v000002271a180490_0 .net "id_br_funct3", 2 0, L_000002271a20f020;  1 drivers
v000002271a180530_0 .net "id_branch", 0 0, v000002271a1411d0_0;  1 drivers
v000002271a180a30_0 .net "id_csr_addr", 11 0, L_000002271a19aed0;  1 drivers
v000002271a180c10_0 .net "id_csr_cmd", 2 0, v000002271a141c70_0;  1 drivers
v000002271a1805d0_0 .net "id_csr_en", 0 0, v000002271a140f50_0;  1 drivers
v000002271a180d50_0 .net "id_ctrl_target", 31 0, L_000002271a19be70;  1 drivers
v000002271a180cb0_0 .net "id_ebreak", 0 0, v000002271a143f70_0;  1 drivers
v000002271a180170_0 .net "id_ecall", 0 0, v000002271a143bb0_0;  1 drivers
v000002271a180df0_0 .net "id_illegal", 0 0, v000002271a143250_0;  1 drivers
v000002271a180e90_0 .net "id_imm", 31 0, v000002271a144650_0;  1 drivers
v000002271a180ad0_0 .net "id_instr", 31 0, L_000002271a20e5a0;  1 drivers
v000002271a1802b0_0 .net "id_is_auipc", 0 0, v000002271a142df0_0;  1 drivers
v000002271a180670_0 .net "id_is_ctrl", 0 0, L_000002271a2103d0;  1 drivers
v000002271a189f60_0 .net "id_is_lui", 0 0, v000002271a144150_0;  1 drivers
v000002271a189380_0 .net "id_jal", 0 0, v000002271a1437f0_0;  1 drivers
v000002271a18b540_0 .net "id_jalr", 0 0, v000002271a143610_0;  1 drivers
v000002271a189a60_0 .net "id_mem_funct3", 2 0, v000002271a143430_0;  1 drivers
v000002271a1896a0_0 .net "id_mem_read", 0 0, v000002271a1432f0_0;  1 drivers
v000002271a1891a0_0 .net "id_mem_write", 0 0, v000002271a1445b0_0;  1 drivers
v000002271a18a780_0 .net "id_mret", 0 0, v000002271a142710_0;  1 drivers
v000002271a18aaa0_0 .net "id_pc", 31 0, L_000002271a20e530;  1 drivers
v000002271a189e20_0 .net "id_pred_redirect_valid", 0 0, L_000002271a211240;  1 drivers
v000002271a18b5e0_0 .net "id_pred_taken", 0 0, L_000002271a211470;  1 drivers
v000002271a189c40_0 .net "id_rd", 4 0, L_000002271a20f5d0;  1 drivers
v000002271a18a000_0 .net "id_ready", 0 0, L_000002271a20fbf0;  1 drivers
v000002271a189100_0 .net "id_reg_write", 0 0, v000002271a142350_0;  1 drivers
v000002271a18b680_0 .net "id_rs1", 4 0, L_000002271a19af70;  1 drivers
v000002271a18a5a0_0 .net "id_rs1_val", 31 0, L_000002271a19d270;  1 drivers
v000002271a189b00_0 .net "id_rs2", 4 0, L_000002271a20f2c0;  1 drivers
v000002271a18a640_0 .net "id_rs2_val", 31 0, L_000002271a19ca50;  1 drivers
v000002271a18b0e0_0 .net "id_shift_arith", 0 0, v000002271a142990_0;  1 drivers
v000002271a18b720_0 .net "id_shift_right", 0 0, v000002271a142ad0_0;  1 drivers
v000002271a189740_0 .net "id_valid", 0 0, L_000002271a20eae0;  1 drivers
v000002271a18a6e0_0 .net "id_wb_sel", 1 0, v000002271a143110_0;  1 drivers
v000002271a18b7c0_0 .net "if_pc", 31 0, v000002271a15d260_0;  1 drivers
v000002271a18a500_0 .var "if_pc_prev_q", 31 0;
v000002271a18a280_0 .var "if_pending", 0 0;
v000002271a1897e0_0 .var/i "ifdbg_cnt", 31 0;
v000002271a18a820_0 .var "ifdbg_en", 0 0;
v000002271a18a140_0 .net "ifetch_err_o", 0 0, L_000002271a20ef40;  alias, 1 drivers
v000002271a18a460_0 .net "ifetch_sync_candidate", 0 0, L_000002271a20faa0;  1 drivers
v000002271a18b860_0 .net "ifetch_sync_trap", 0 0, L_000002271a213cb0;  1 drivers
v000002271a18b2c0_0 .net "init_calib_complete", 0 0, L_000002271a1b62f8;  alias, 1 drivers
v000002271a189920_0 .var "irq_arch_pc_q", 31 0;
v000002271a189240_0 .net "irq_cause_w", 31 0, L_000002271a1a9f70;  1 drivers
v000002271a1892e0_0 .net "irq_ext_pending_w", 0 0, L_000002271a218080;  1 drivers
v000002271a189420_0 .net "irq_frontend_hold", 0 0, L_000002271a219e40;  1 drivers
v000002271a189ce0_0 .net "irq_meip_rdata_w", 31 0, L_000002271a1a8710;  1 drivers
v000002271a1899c0_0 .var "irq_mem_pc_suppress_q", 0 0;
v000002271a18afa0_0 .net "irq_msip_rdata_w", 31 0, L_000002271a1a7e50;  1 drivers
v000002271a18b4a0_0 .net "irq_mtime_hi_w", 31 0, L_000002271a1a7f90;  1 drivers
v000002271a18a8c0_0 .net "irq_mtime_lo_w", 31 0, L_000002271a1a8350;  1 drivers
v000002271a18ad20_0 .net "irq_mtimecmp_hi_w", 31 0, L_000002271a1a9e30;  1 drivers
v000002271a1894c0_0 .net "irq_mtimecmp_lo_w", 31 0, L_000002271a1a8b70;  1 drivers
v000002271a18b180_0 .var "irq_pc_override_q", 31 0;
v000002271a18ab40_0 .var "irq_pc_override_valid_q", 0 0;
v000002271a18a960_0 .net "irq_quiesce_id", 0 0, L_000002271a219c80;  1 drivers
v000002271a18af00_0 .var "irq_redirect_settle_q", 1 0;
v000002271a18b040_0 .net "irq_request_w", 0 0, L_000002271a217050;  1 drivers
v000002271a189880_0 .net "irq_soft_pending_w", 0 0, L_000002271a218550;  1 drivers
v000002271a189ba0_0 .net "irq_take_effective", 0 0, L_000002271a214810;  1 drivers
v000002271a18aa00_0 .net "irq_take_now", 0 0, L_000002271a218e80;  1 drivers
v000002271a189560_0 .net "irq_timer_pending_w", 0 0, L_000002271a1a7a90;  1 drivers
v000002271a189d80_0 .net "irq_trap_pc", 31 0, L_000002271a1a9a70;  1 drivers
v000002271a18abe0_0 .net "l2_req_addr", 31 0, v0000022719991b70_0;  alias, 1 drivers
v000002271a18b400_0 .net "l2_req_cmd", 1 0, v000002271998f870_0;  alias, 1 drivers
v000002271a18b220_0 .net "l2_req_len", 7 0, v0000022719993a10_0;  alias, 1 drivers
v000002271a189ec0_0 .net "l2_req_ready", 0 0, L_000002271a21d6b0;  alias, 1 drivers
v000002271a18a0a0_0 .net "l2_req_size", 2 0, v0000022719993ab0_0;  alias, 1 drivers
v000002271a18ae60_0 .net "l2_req_valid", 0 0, v00000227199930b0_0;  alias, 1 drivers
v000002271a189600_0 .net "l2_rsp_data", 63 0, v000002271a187440_0;  1 drivers
v000002271a18b360_0 .net "l2_rsp_err", 0 0, v000002271a1871c0_0;  1 drivers
v000002271a18a1e0_0 .net "l2_rsp_last", 0 0, v000002271a187260_0;  1 drivers
v000002271a18a320_0 .net "l2_rsp_ready", 0 0, v0000022719993790_0;  alias, 1 drivers
v000002271a18a3c0_0 .net "l2_rsp_valid", 0 0, v000002271a187a80_0;  1 drivers
v000002271a18ac80_0 .var "last_if_resp_pc_q", 31 0;
v000002271a18adc0_0 .var "last_if_resp_v_q", 0 0;
v000002271a18de80_0 .var "launcher_reset_active_q", 0 0;
v000002271a18c760_0 .var "launcher_reset_arm_cnt_q", 22 0;
v000002271a18bf40_0 .var "launcher_reset_btn_q", 0 0;
v000002271a18bfe0_0 .var "launcher_reset_cnt_q", 20 0;
v000002271a18c120_0 .var "launcher_reset_db_cnt_q", 15 0;
v000002271a18c3a0_0 .var "launcher_reset_ff1_q", 0 0;
v000002271a18bea0_0 .var "launcher_reset_ff2_q", 0 0;
v000002271a18cb20_0 .var "launcher_reset_pending_q", 0 0;
L_000002271a1bad80 .functor BUFT 1, C4<0>, C4<0>, C4<0>, C4<0>;
v000002271a18cbc0_0 .net "launcher_reset_req_i", 0 0, L_000002271a1bad80;  1 drivers
v000002271a18cf80_0 .net "local_mmio_hit", 0 0, L_000002271a216870;  1 drivers
v000002271a18dca0_0 .net "mem_alu_result", 31 0, L_000002271a216c60;  1 drivers
v000002271a18d160_0 .net "mem_err_event", 0 0, L_000002271a219120;  1 drivers
v000002271a18d020_0 .net "mem_irq_pc_commit", 0 0, L_000002271a212dd0;  1 drivers
v000002271a18b9a0_0 .net "mem_load_active", 0 0, L_000002271a2158b0;  1 drivers
v000002271a18c6c0_0 .net "mem_load_rdata", 31 0, L_000002271a1a58d0;  1 drivers
v000002271a18d700_0 .net "mem_load_valid", 0 0, L_000002271a216560;  1 drivers
v000002271a18dfc0_0 .net "mem_mem_read", 0 0, L_000002271a215bc0;  1 drivers
v000002271a18cee0_0 .net "mem_mem_write", 0 0, L_000002271a2157d0;  1 drivers
v000002271a18d2a0_0 .net "mem_pc4", 31 0, L_000002271a216090;  1 drivers
v000002271a18ba40_0 .net "mem_rd", 4 0, L_000002271a215ed0;  1 drivers
v000002271a18d7a0_0 .net "mem_reg_write", 0 0, L_000002271a216170;  1 drivers
v000002271a18be00_0 .net "mem_size", 2 0, L_000002271a216950;  1 drivers
v000002271a18c580_0 .net "mem_stall", 0 0, L_000002271a215f40;  1 drivers
v000002271a18d660_0 .net "mem_stall_seen_o", 0 0, L_0000022719c57c80;  1 drivers
v000002271a18dac0_0 .var "mem_stall_seen_q", 0 0;
v000002271a18cc60_0 .net "mem_store_data", 31 0, L_000002271a215a70;  1 drivers
v000002271a18bae0_0 .net "mem_sync_trap", 0 0, L_000002271a219190;  1 drivers
v000002271a18cd00_0 .net "mem_trap_cause", 31 0, L_000002271a1a9070;  1 drivers
v000002271a18dd40_0 .net "mem_trap_pc", 31 0, L_000002271a1a7c70;  1 drivers
v000002271a18bd60_0 .net "mem_valid", 0 0, L_000002271a216800;  1 drivers
v000002271a18c940_0 .net "mem_wb_sel", 1 0, L_000002271a2161e0;  1 drivers
L_000002271a1baaf8 .functor BUFT 1, C4<00000000000000000000000000000000>, C4<0>, C4<0>, C4<0>;
v000002271a18bb80_0 .net "pending_load_mask", 31 0, L_000002271a1baaf8;  1 drivers
v000002271a18d980_0 .net "redirect_pc", 31 0, L_000002271a1a3f30;  1 drivers
v000002271a18c440_0 .net "redirect_valid", 0 0, L_000002271a215e60;  1 drivers
v000002271a18df20_0 .net "req_blocked", 0 0, L_0000022719c71b40;  1 drivers
v000002271a18d200_0 .net "resp_blocked", 0 0, L_0000022719c71210;  1 drivers
v000002271a18c080_0 .net "rf_waddr", 4 0, L_000002271a2195f0;  1 drivers
v000002271a18ca80_0 .net "rf_wdata", 31 0, L_000002271a219c10;  1 drivers
v000002271a18c1c0_0 .net "rf_we", 0 0, L_000002271a218be0;  1 drivers
v000002271a18d520_0 .net "rst_n", 0 0, v000002271a198590_0;  1 drivers
v000002271a18da20_0 .net "stall_ex", 0 0, L_000002271a21abd0;  1 drivers
v000002271a18d840_0 .net "stall_ex_hdu", 0 0, L_000002271a21b420;  1 drivers
v000002271a18c260_0 .net "stall_exmem", 0 0, L_000002271a21acb0;  1 drivers
v000002271a18d340_0 .net "stall_exmem_hdu", 0 0, L_000002271a21ae70;  1 drivers
v000002271a18e060_0 .net "stall_id", 0 0, L_000002271a21b730;  1 drivers
v000002271a18d480_0 .net "stall_id_hdu", 0 0, L_000002271a21b650;  1 drivers
v000002271a18d8e0_0 .net "stall_if", 0 0, L_000002271a21b490;  1 drivers
v000002271a18bcc0_0 .net "stall_if_hdu", 0 0, L_000002271a21b2d0;  1 drivers
v000002271a18dde0_0 .net "store_done_i", 0 0, L_000002271a2190b0;  1 drivers
v000002271a18ce40_0 .net "sync_trap_cause", 31 0, L_000002271a1a06f0;  1 drivers
v000002271a18db60_0 .net "sync_trap_pc", 31 0, L_000002271a1a08d0;  1 drivers
v000002271a18bc20_0 .net "sync_trap_tval", 31 0, L_000002271a1a0d30;  1 drivers
v000002271a18b900_0 .net "sync_trap_valid", 0 0, L_000002271a215140;  1 drivers
v000002271a18c300_0 .net "sys_clk_i", 0 0, L_000002271a21bce0;  alias, 1 drivers
v000002271a18cda0_0 .net "sys_flush_now", 0 0, L_000002271a214180;  1 drivers
v000002271a18d0c0_0 .net "uart_mmio_addr_valid", 0 0, L_000002271a216790;  1 drivers
v000002271a18d3e0_0 .net "uart_mmio_fire", 0 0, L_000002271a215610;  1 drivers
v000002271a18d5c0_0 .net "uart_mmio_has_byte", 0 0, L_000002271a1a5ab0;  1 drivers
v000002271a18c4e0_0 .net "uart_mmio_hit", 0 0, L_000002271a1a5970;  1 drivers
v000002271a18dc00_0 .net "uart_mmio_launcher_reset_fire", 0 0, L_000002271a216e90;  1 drivers
v000002271a18c620_0 .net "uart_mmio_meip_fire", 0 0, L_000002271a217910;  1 drivers
v000002271a18c800_0 .net "uart_mmio_msip_fire", 0 0, L_000002271a217e50;  1 drivers
v000002271a18c8a0_0 .net "uart_mmio_mtime_hi_fire", 0 0, L_000002271a2186a0;  1 drivers
v000002271a18c9e0_0 .net "uart_mmio_mtime_lo_fire", 0 0, L_000002271a218400;  1 drivers
v000002271a190540_0 .net "uart_mmio_mtimecmp_hi_fire", 0 0, L_000002271a216e20;  1 drivers
v000002271a18f5a0_0 .net "uart_mmio_mtimecmp_lo_fire", 0 0, L_000002271a217b40;  1 drivers
v000002271a190680_0 .net "uart_mmio_read_err", 0 0, L_000002271a217520;  1 drivers
v000002271a18e100_0 .net "uart_mmio_ready", 0 0, L_000002271a1a62d0;  1 drivers
v000002271a18fe60_0 .net "uart_mmio_req_valid", 0 0, L_000002271a215370;  1 drivers
v000002271a1900e0_0 .net "uart_mmio_rsp_err", 0 0, L_000002271a217a60;  1 drivers
v000002271a1905e0_0 .net "uart_mmio_rsp_rdata", 31 0, L_000002271a1a53d0;  1 drivers
v000002271a18f640_0 .net "uart_mmio_rsp_valid", 0 0, L_000002271a217360;  1 drivers
v000002271a18e9c0_0 .net "uart_mmio_rx_pop", 0 0, L_000002271a217f30;  1 drivers
v000002271a18e880_0 .net "uart_mmio_rx_status_read", 0 0, L_000002271a217de0;  1 drivers
v000002271a18f500_0 .net "uart_mmio_seen_o", 0 0, L_0000022719c560f0;  1 drivers
v000002271a18f6e0_0 .var "uart_mmio_seen_q", 0 0;
v000002271a18e6a0_0 .net "uart_mmio_sel_launcher_reset", 0 0, L_000002271a1a65f0;  1 drivers
v000002271a1907c0_0 .net "uart_mmio_sel_launcher_status", 0 0, L_000002271a1a6550;  1 drivers
v000002271a18f780_0 .net "uart_mmio_sel_meip", 0 0, L_000002271a1a6190;  1 drivers
v000002271a18f140_0 .net "uart_mmio_sel_msip", 0 0, L_000002271a1a6050;  1 drivers
v000002271a18f460_0 .net "uart_mmio_sel_mtime_hi", 0 0, L_000002271a1a71d0;  1 drivers
v000002271a190720_0 .net "uart_mmio_sel_mtime_lo", 0 0, L_000002271a1a76d0;  1 drivers
v000002271a1902c0_0 .net "uart_mmio_sel_mtimecmp_hi", 0 0, L_000002271a1a6910;  1 drivers
v000002271a18e920_0 .net "uart_mmio_sel_mtimecmp_lo", 0 0, L_000002271a1a73b0;  1 drivers
v000002271a190860_0 .net "uart_mmio_sel_rx_data", 0 0, L_000002271a1a5790;  1 drivers
v000002271a190220_0 .net "uart_mmio_sel_rx_status", 0 0, L_000002271a1a7090;  1 drivers
v000002271a18e1a0_0 .net "uart_mmio_sel_tx_data", 0 0, L_000002271a1a5650;  1 drivers
v000002271a18e240_0 .net "uart_mmio_sel_tx_status", 0 0, L_000002271a1a5c90;  1 drivers
v000002271a18ec40_0 .net "uart_mmio_tx_fire", 0 0, L_000002271a217750;  1 drivers
v000002271a18f820_0 .net "uart_mmio_wbyte", 7 0, L_000002271a1a6230;  1 drivers
v000002271a18ffa0_0 .net "uart_mmio_write_err", 0 0, L_000002271a2178a0;  1 drivers
v000002271a18e2e0_0 .var "uart_rx_data_q", 7 0;
v000002271a18e380_0 .net "uart_rx_data_w", 7 0, v000002271a15d580_0;  1 drivers
v000002271a18fc80_0 .var "uart_rx_ff1_q", 0 0;
v000002271a18f8c0_0 .var "uart_rx_ff2_q", 0 0;
v000002271a18e4c0_0 .net "uart_rx_i", 0 0, v000002271a1968d0_0;  1 drivers
v000002271a18fa00_0 .var "uart_rx_overrun_q", 0 0;
v000002271a18ea60_0 .var "uart_rx_valid_q", 0 0;
v000002271a18faa0_0 .net "uart_rx_valid_w", 0 0, v000002271a15bbe0_0;  1 drivers
v000002271a18f960_0 .net "uart_tx_busy", 0 0, L_000002271a1a5a10;  1 drivers
v000002271a18ff00_0 .net "uart_tx_busy_seen_o", 0 0, L_0000022719c56b00;  1 drivers
v000002271a18eb00_0 .var "uart_tx_busy_seen_q", 0 0;
v000002271a18e560_0 .var "uart_tx_data_q", 7 0;
v000002271a18eba0_0 .var "uart_tx_en_q", 0 0;
v000002271a18fb40_0 .net "uart_tx_fire_seen_o", 0 0, L_0000022719c57270;  1 drivers
v000002271a18fbe0_0 .var "uart_tx_fire_seen_q", 0 0;
v000002271a18f280_0 .net "uart_tx_o", 0 0, v000002271a15b460_0;  alias, 1 drivers
v000002271a18fd20_0 .net "ui_clk", 0 0, L_0000022719c74620;  1 drivers
v000002271a18e420_0 .var "ui_clk_blink_cnt_q", 24 0;
v000002271a18e600_0 .net "ui_clk_sync_rst", 0 0, L_000002271a1b6340;  1 drivers
v000002271a18e740_0 .var "ui_rx_ff1_q", 0 0;
v000002271a18fdc0_0 .var "ui_rx_ff2_d_q", 0 0;
v000002271a18f3c0_0 .var "ui_rx_ff2_q", 0 0;
v000002271a1904a0_0 .net "vga_blue_o", 3 0, L_0000022719c570b0;  1 drivers
v000002271a190040_0 .net "vga_blue_w", 3 0, L_000002271a1b6ec8;  1 drivers
v000002271a190180_0 .net "vga_green_o", 3 0, L_0000022719c56710;  1 drivers
v000002271a18e7e0_0 .net "vga_green_w", 3 0, L_000002271a1b6e80;  1 drivers
v000002271a190360_0 .net "vga_hsync_o", 0 0, L_0000022719c577b0;  1 drivers
v000002271a190400_0 .net "vga_hsync_w", 0 0, L_000002271a1b6da8;  1 drivers
v000002271a18ef60_0 .net "vga_mmio_hit", 0 0, L_000002271a1ba090;  1 drivers
L_000002271a1b6c88 .functor BUFT 1, C4<0>, C4<0>, C4<0>, C4<0>;
v000002271a18ece0_0 .net "vga_mmio_ready", 0 0, L_000002271a1b6c88;  1 drivers
v000002271a18ed80_0 .net "vga_mmio_req_valid", 0 0, L_000002271a216640;  1 drivers
L_000002271a1b6d60 .functor BUFT 1, C4<0>, C4<0>, C4<0>, C4<0>;
v000002271a18ee20_0 .net "vga_mmio_rsp_err", 0 0, L_000002271a1b6d60;  1 drivers
L_000002271a1b6d18 .functor BUFT 1, C4<00000000000000000000000000000000>, C4<0>, C4<0>, C4<0>;
v000002271a18eec0_0 .net "vga_mmio_rsp_rdata", 31 0, L_000002271a1b6d18;  1 drivers
L_000002271a1b6cd0 .functor BUFT 1, C4<0>, C4<0>, C4<0>, C4<0>;
v000002271a18f000_0 .net "vga_mmio_rsp_valid", 0 0, L_000002271a1b6cd0;  1 drivers
v000002271a18f0a0_0 .net "vga_red_o", 3 0, L_0000022719c562b0;  1 drivers
v000002271a18f1e0_0 .net "vga_red_w", 3 0, L_000002271a1b6e38;  1 drivers
v000002271a18f320_0 .net "vga_vsync_o", 0 0, L_0000022719c56550;  1 drivers
v000002271a192660_0 .net "vga_vsync_w", 0 0, L_000002271a1b6df0;  1 drivers
v000002271a1909a0_0 .net "wb_i_valid", 0 0, L_000002271a1a9570;  1 drivers
v000002271a192980_0 .net "wb_rd", 4 0, v000002271a169600_0;  1 drivers
v000002271a192520_0 .net "wb_rd_o", 4 0, L_000002271a219d60;  alias, 1 drivers
v000002271a193060_0 .net "wb_rd_wen", 0 0, L_000002271a218a20;  1 drivers
v000002271a1920c0_0 .net "wb_seen_o", 0 0, L_0000022719c576d0;  1 drivers
v000002271a192480_0 .var "wb_seen_q", 0 0;
v000002271a1925c0_0 .net "wb_stall", 0 0, L_000002271a219660;  1 drivers
v000002271a191a80_0 .net "wb_valid", 0 0, L_000002271a219970;  1 drivers
v000002271a192e80_0 .net "wb_wdata", 31 0, v000002271a167b20_0;  1 drivers
v000002271a191760_0 .net "wb_wdata_o", 31 0, L_000002271a219350;  alias, 1 drivers
v000002271a190f40_0 .net "wb_we_o", 0 0, L_000002271a2197b0;  alias, 1 drivers
E_000002271a065530/0 .event negedge, v000002271a17ab30_0;
E_000002271a065530/1 .event posedge, v000002271a040810_0;
E_000002271a065530 .event/or E_000002271a065530/0, E_000002271a065530/1;
E_000002271a065570 .event posedge, v000002271a18e600_0, v000002271a18fd20_0;
L_000002271a198630 .part v000002271a17aa90_0, 1, 1;
L_000002271a197cd0 .cmp/eq 2, v000002271a03de30_0, L_000002271a1b6f10;
L_000002271a196d30 .cmp/eq 2, v000002271a03de30_0, L_000002271a1b6f58;
L_000002271a1986d0 .cmp/ne 26, v000002271a176ad0_0, L_000002271a1b6fa0;
L_000002271a197910 .part v000002271a18e420_0, 23, 1;
L_000002271a197c30 .part v000002271a17e410_0, 0, 7;
L_000002271a197e10 .cmp/eq 7, L_000002271a197c30, L_000002271a1b72b8;
L_000002271a197f50 .cmp/eq 7, L_000002271a197c30, L_000002271a1b7300;
L_000002271a196510 .cmp/eq 7, L_000002271a197c30, L_000002271a1b7348;
L_000002271a1961f0 .reduce/nor L_000002271a1b7390;
L_000002271a1965b0 .reduce/nor L_000002271a219c80;
L_000002271a19b970 .arith/sum 32, L_000002271a19d270, v000002271a144650_0;
L_000002271a19d630 .arith/sum 32, L_000002271a20e530, v000002271a144650_0;
L_000002271a19be70 .functor MUXZ 32, L_000002271a19d630, L_000002271a210210, v000002271a143610_0, C4<>;
L_000002271a19fbb0 .part v000002271a044410_0, 2, 30;
L_000002271a19fd90 .concat [ 2 30 0 0], L_000002271a1b86f8, L_000002271a19fbb0;
L_000002271a19d950 .part v000002271a040ef0_0, 2, 30;
L_000002271a19ecb0 .concat [ 2 30 0 0], L_000002271a1b8740, L_000002271a19d950;
L_000002271a1a1d70 .cmp/eq 2, v000002271a043d30_0, L_000002271a1b9478;
L_000002271a19ea30 .cmp/eq 2, v000002271a043d30_0, L_000002271a1b9508;
L_000002271a1a2630 .functor MUXZ 32, L_000002271a1b9598, L_000002271a1b9550, L_000002271a19ea30, C4<>;
L_000002271a1a21d0 .functor MUXZ 32, L_000002271a1a2630, L_000002271a1b94c0, L_000002271a1a1d70, C4<>;
L_000002271a1a24f0 .functor MUXZ 32, L_000002271a1b95e0, L_000002271a1a21d0, L_000002271a2106e0, C4<>;
L_000002271a1a28b0 .functor MUXZ 32, L_000002271a1a24f0, L_000002271a1b9430, L_000002271a2116a0, C4<>;
L_000002271a1a0290 .functor MUXZ 32, L_000002271a1a28b0, L_000002271a1b93e8, L_000002271a2118d0, C4<>;
L_000002271a1a0330 .functor MUXZ 32, L_000002271a1a0290, L_000002271a1b93a0, L_000002271a214c00, C4<>;
L_000002271a1a03d0 .functor MUXZ 32, L_000002271a1a0330, L_000002271a1b9358, L_000002271a214650, C4<>;
L_000002271a1a0470 .functor MUXZ 32, L_000002271a1a03d0, L_000002271a1b9310, L_000002271a214260, C4<>;
L_000002271a1a05b0 .functor MUXZ 32, L_000002271a1b9628, L_000002271a1a0470, L_000002271a214ff0, C4<>;
L_000002271a1a06f0 .functor MUXZ 32, L_000002271a1a05b0, L_000002271a1a9070, L_000002271a219190, C4<>;
L_000002271a1a0830 .functor MUXZ 32, v000002271a17f090_0, L_000002271a210830, L_000002271a214ff0, C4<>;
L_000002271a1a08d0 .functor MUXZ 32, L_000002271a1a0830, L_000002271a1a7c70, L_000002271a219190, C4<>;
L_000002271a1a0a10 .functor MUXZ 32, L_000002271a1b9670, v0000022719d300b0_0, L_000002271a214500, C4<>;
L_000002271a1a0bf0 .functor MUXZ 32, L_000002271a1a0a10, L_000002271a1a0510, L_000002271a214260, C4<>;
L_000002271a1a0c90 .functor MUXZ 32, v000002271a17f090_0, L_000002271a1a0bf0, L_000002271a214ff0, C4<>;
L_000002271a1a0d30 .functor MUXZ 32, L_000002271a1a0c90, L_000002271a216c60, L_000002271a219190, C4<>;
L_000002271a1a35d0 .cmp/ne 32, L_000002271a211860, L_000002271a1a0510;
L_000002271a1a3f30 .functor MUXZ 32, L_000002271a1a1f50, L_000002271a1a0510, L_000002271a2168e0, C4<>;
L_000002271a1a2ef0 .functor MUXZ 32, L_000002271a19be70, L_000002271a1a3f30, L_000002271a215e60, C4<>;
L_000002271a1a37b0 .functor MUXZ 32, L_000002271a1a2ef0, v000002271a17ea50_0, v000002271a17dab0_0, C4<>;
L_000002271a1a5830 .part L_000002271a216cd0, 16, 16;
L_000002271a1a5970 .cmp/eq 16, L_000002271a1a5830, L_000002271a1b9ce8;
L_000002271a1a6870 .part L_000002271a216cd0, 2, 30;
L_000002271a1a5650 .cmp/eq 30, L_000002271a1a6870, L_000002271a1b9d30;
L_000002271a1a5e70 .part L_000002271a216cd0, 2, 30;
L_000002271a1a5c90 .cmp/eq 30, L_000002271a1a5e70, L_000002271a1b9d78;
L_000002271a1a5b50 .part L_000002271a216cd0, 2, 30;
L_000002271a1a5790 .cmp/eq 30, L_000002271a1a5b50, L_000002271a1b9dc0;
L_000002271a1a5f10 .part L_000002271a216cd0, 2, 30;
L_000002271a1a7090 .cmp/eq 30, L_000002271a1a5f10, L_000002271a1b9e08;
L_000002271a1a5fb0 .part L_000002271a216cd0, 2, 30;
L_000002271a1a6550 .cmp/eq 30, L_000002271a1a5fb0, L_000002271a1b9e50;
L_000002271a1a7770 .part L_000002271a216cd0, 2, 30;
L_000002271a1a65f0 .cmp/eq 30, L_000002271a1a7770, L_000002271a1b9e98;
L_000002271a1a6af0 .part L_000002271a216cd0, 2, 30;
L_000002271a1a6050 .cmp/eq 30, L_000002271a1a6af0, L_000002271a1b9ee0;
L_000002271a1a60f0 .part L_000002271a216cd0, 2, 30;
L_000002271a1a6190 .cmp/eq 30, L_000002271a1a60f0, L_000002271a1b9f28;
L_000002271a1a7590 .part L_000002271a216cd0, 2, 30;
L_000002271a1a76d0 .cmp/eq 30, L_000002271a1a7590, L_000002271a1b9f70;
L_000002271a1a6730 .part L_000002271a216cd0, 2, 30;
L_000002271a1a71d0 .cmp/eq 30, L_000002271a1a6730, L_000002271a1b9fb8;
L_000002271a1a56f0 .part L_000002271a216cd0, 2, 30;
L_000002271a1a73b0 .cmp/eq 30, L_000002271a1a56f0, L_000002271a1ba000;
L_000002271a1a6f50 .part L_000002271a216cd0, 2, 30;
L_000002271a1a6910 .cmp/eq 30, L_000002271a1a6f50, L_000002271a1ba048;
L_000002271a1a5bf0 .part L_000002271a1a5dd0, 0, 1;
L_000002271a1a6d70 .part L_000002271a1a5470, 0, 8;
L_000002271a1a7450 .part L_000002271a1a5dd0, 1, 1;
L_000002271a1a6410 .part L_000002271a1a5470, 8, 8;
L_000002271a1a64b0 .part L_000002271a1a5dd0, 2, 1;
L_000002271a1a6eb0 .part L_000002271a1a5470, 16, 8;
L_000002271a1a7270 .part L_000002271a1a5470, 24, 8;
L_000002271a1a7810 .functor MUXZ 8, L_000002271a1a7270, L_000002271a1a6eb0, L_000002271a1a64b0, C4<>;
L_000002271a1a7310 .functor MUXZ 8, L_000002271a1a7810, L_000002271a1a6410, L_000002271a1a7450, C4<>;
L_000002271a1a6230 .functor MUXZ 8, L_000002271a1a7310, L_000002271a1a6d70, L_000002271a1a5bf0, C4<>;
L_000002271a1a5ab0 .reduce/or L_000002271a1a5dd0;
L_000002271a1a5510 .functor MUXZ 1, L_000002271a1ba120, L_000002271a2153e0, L_000002271a215220, C4<>;
L_000002271a1a62d0 .functor MUXZ 1, L_000002271a1a5510, L_000002271a1ba0d8, L_000002271a216b10, C4<>;
L_000002271a1a74f0 .concat [ 1 31 0 0], L_000002271a217830, L_000002271a1ba168;
L_000002271a1a7630 .concat [ 8 24 0 0], v000002271a18e2e0_0, L_000002271a1ba1b0;
L_000002271a1a69b0 .concat [ 1 1 30 0], v000002271a18ea60_0, v000002271a18fa00_0, L_000002271a1ba1f8;
L_000002271a1a6a50 .concat [ 1 31 0 0], v000002271a18bf40_0, L_000002271a1ba240;
L_000002271a1a6370 .functor MUXZ 32, L_000002271a1ba288, L_000002271a1a9e30, L_000002271a1a6910, C4<>;
L_000002271a1a6b90 .functor MUXZ 32, L_000002271a1a6370, L_000002271a1a8b70, L_000002271a1a73b0, C4<>;
L_000002271a1a78b0 .functor MUXZ 32, L_000002271a1a6b90, L_000002271a1a7f90, L_000002271a1a71d0, C4<>;
L_000002271a1a5150 .functor MUXZ 32, L_000002271a1a78b0, L_000002271a1a8350, L_000002271a1a76d0, C4<>;
L_000002271a1a51f0 .functor MUXZ 32, L_000002271a1a5150, L_000002271a1a8710, L_000002271a1a6190, C4<>;
L_000002271a1a6c30 .functor MUXZ 32, L_000002271a1a51f0, L_000002271a1a7e50, L_000002271a1a6050, C4<>;
L_000002271a1a6cd0 .functor MUXZ 32, L_000002271a1a6c30, L_000002271a1a6a50, L_000002271a1a6550, C4<>;
L_000002271a1a5290 .functor MUXZ 32, L_000002271a1a6cd0, L_000002271a1a69b0, L_000002271a1a7090, C4<>;
L_000002271a1a5330 .functor MUXZ 32, L_000002271a1a5290, L_000002271a1a7630, L_000002271a1a5790, C4<>;
L_000002271a1a53d0 .functor MUXZ 32, L_000002271a1a5330, L_000002271a1a74f0, L_000002271a1a5c90, C4<>;
L_000002271a1a55b0 .part L_000002271a1a6230, 0, 1;
L_000002271a1a7950 .part L_000002271a216950, 0, 2;
L_000002271a1a9930 .functor MUXZ 1, L_000002271a21d170, L_000002271a1a62d0, L_000002271a1a5970, C4<>;
L_000002271a1a7bd0 .functor MUXZ 1, L_000002271a21d020, L_000002271a217360, L_000002271a1a5970, C4<>;
L_000002271a1a8a30 .functor MUXZ 32, L_000002271a21ca70, L_000002271a1a53d0, L_000002271a1a5970, C4<>;
L_000002271a1a9390 .functor MUXZ 1, L_000002271a21c8b0, L_000002271a217a60, L_000002271a1a5970, C4<>;
L_000002271a1a9070 .functor MUXZ 32, L_000002271a1ba9d8, L_000002271a1ba990, L_000002271a2157d0, C4<>;
L_000002271a1a7c70 .arith/sub 32, L_000002271a216090, L_000002271a1baa20;
L_000002271a1a9570 .functor MUXZ 1, L_000002271a219dd0, L_000002271a216560, L_000002271a215bc0, C4<>;
L_000002271a1a9b10 .cmp/eq 2, v000002271a18af00_0, L_000002271a1baab0;
L_000002271a1a9a70 .functor MUXZ 32, v000002271a189920_0, v000002271a18b180_0, v000002271a18ab40_0, C4<>;
S_000002271a0dee60 .scope generate, "GEN_NO_MIG" "GEN_NO_MIG" 4 311, 4 311 0, S_000002271a0df4a0;
 .timescale -9 -12;
L_0000022719c74620 .functor BUFZ 1, v000002271a1918a0_0, C4<0>, C4<0>, C4<0>;
L_0000022719c748c0 .functor BUFZ 1, v000002271a1918a0_0, C4<0>, C4<0>, C4<0>;
L_0000022719c75650 .functor BUFZ 1, v000002271a198590_0, C4<0>, C4<0>, C4<0>;
L_0000022719c74930 .functor BUFZ 1, L_000002271a21d6b0, C4<0>, C4<0>, C4<0>;
L_0000022719c75340 .functor BUFZ 1, v000002271a187a80_0, C4<0>, C4<0>, C4<0>;
L_0000022719c73f90 .functor BUFZ 64, v000002271a187440_0, C4<0000000000000000000000000000000000000000000000000000000000000000>, C4<0000000000000000000000000000000000000000000000000000000000000000>, C4<0000000000000000000000000000000000000000000000000000000000000000>;
L_0000022719c74000 .functor BUFZ 1, v000002271a187260_0, C4<0>, C4<0>, C4<0>;
L_0000022719c75960 .functor BUFZ 1, v000002271a1871c0_0, C4<0>, C4<0>, C4<0>;
L_0000022719c758f0 .functor BUFZ 1, L_000002271a1badc8, C4<0>, C4<0>, C4<0>;
L_0000022719c75f80 .functor BUFZ 1, v000002271a184a60_0, C4<0>, C4<0>, C4<0>;
L_0000022719c75ea0 .functor BUFZ 64, v000002271a185140_0, C4<0000000000000000000000000000000000000000000000000000000000000000>, C4<0000000000000000000000000000000000000000000000000000000000000000>, C4<0000000000000000000000000000000000000000000000000000000000000000>;
L_0000022719c759d0 .functor BUFZ 1, v000002271a185dc0_0, C4<0>, C4<0>, C4<0>;
L_0000022719c75d50 .functor BUFZ 1, v000002271a184ec0_0, C4<0>, C4<0>, C4<0>;
S_000002271a0e02b0 .scope generate, "GEN_NO_VGA" "GEN_NO_VGA" 4 1681, 4 1681 0, S_000002271a0df4a0;
 .timescale -9 -12;
S_000002271a0df950 .scope module, "u_bp" "branch_predictor" 4 1104, 5 7 0, S_000002271a0df4a0;
 .timescale -9 -12;
    .port_info 0 /INPUT 1 "clk";
    .port_info 1 /INPUT 1 "rst_n";
    .port_info 2 /INPUT 32 "pc_lookup_i";
    .port_info 3 /OUTPUT 1 "pred_taken_o";
    .port_info 4 /INPUT 1 "update_valid_i";
    .port_info 5 /INPUT 32 "pc_update_i";
    .port_info 6 /INPUT 1 "actual_taken_i";
P_0000022718fe8400 .param/l "PHT_BITS" 0 5 8, +C4<00000000000000000000000000001000>;
P_0000022718fe8438 .param/l "PHT_ENTRIES" 1 5 23, +C4<0000000000000000000000000000000100000000>;
v000002271a041670_0 .net *"_ivl_4", 1 0, L_000002271a19d4f0;  1 drivers
v000002271a041030_0 .net *"_ivl_6", 9 0, L_000002271a19d3b0;  1 drivers
L_000002271a1b7d68 .functor BUFT 1, C4<00>, C4<0>, C4<0>, C4<0>;
v000002271a0404f0_0 .net *"_ivl_9", 1 0, L_000002271a1b7d68;  1 drivers
v000002271a040db0_0 .net "actual_taken_i", 0 0, L_000002271a214340;  alias, 1 drivers
v000002271a040810_0 .net "clk", 0 0, L_0000022719c748c0;  alias, 1 drivers
v000002271a040090_0 .var/i "i", 31 0;
v000002271a03fb90_0 .net "lookup_idx", 7 0, L_000002271a19d590;  1 drivers
v000002271a041df0_0 .net "pc_lookup_i", 31 0, L_000002271a20e530;  alias, 1 drivers
v000002271a040d10_0 .net "pc_update_i", 31 0, L_000002271a210830;  alias, 1 drivers
v000002271a041b70 .array "pht", 255 0, 1 0;
v000002271a03f910_0 .net "pred_taken_o", 0 0, L_000002271a19c190;  alias, 1 drivers
v000002271a03f9b0_0 .net "rst_n", 0 0, L_000002271a198630;  alias, 1 drivers
v000002271a040950_0 .net "update_idx", 7 0, L_000002271a19c230;  1 drivers
v000002271a03ff50_0 .net "update_valid_i", 0 0, L_000002271a210c20;  alias, 1 drivers
E_000002271a065830/0 .event negedge, v000002271a03f9b0_0;
E_000002271a065830/1 .event posedge, v000002271a040810_0;
E_000002271a065830 .event/or E_000002271a065830/0, E_000002271a065830/1;
L_000002271a19d590 .part L_000002271a20e530, 2, 8;
L_000002271a19c230 .part L_000002271a210830, 2, 8;
L_000002271a19d4f0 .array/port v000002271a041b70, L_000002271a19d3b0;
L_000002271a19d3b0 .concat [ 8 2 0 0], L_000002271a19d590, L_000002271a1b7d68;
L_000002271a19c190 .part L_000002271a19d4f0, 1, 1;
S_000002271a0df630 .scope module, "u_csr" "csr_file" 4 1414, 6 3 0, S_000002271a0df4a0;
 .timescale -9 -12;
    .port_info 0 /INPUT 1 "clk";
    .port_info 1 /INPUT 1 "rst_n";
    .port_info 2 /INPUT 1 "csr_en";
    .port_info 3 /INPUT 3 "csr_cmd";
    .port_info 4 /INPUT 12 "csr_addr";
    .port_info 5 /INPUT 32 "csr_wdata";
    .port_info 6 /OUTPUT 32 "csr_rdata";
    .port_info 7 /INPUT 1 "trap_enter";
    .port_info 8 /INPUT 1 "trap_is_interrupt";
    .port_info 9 /INPUT 32 "trap_pc";
    .port_info 10 /INPUT 32 "trap_cause";
    .port_info 11 /INPUT 32 "trap_tval";
    .port_info 12 /INPUT 1 "mret_exec";
    .port_info 13 /INPUT 1 "ext_irq_pending";
    .port_info 14 /INPUT 1 "timer_irq_pending";
    .port_info 15 /INPUT 1 "soft_irq_pending";
    .port_info 16 /OUTPUT 32 "mtvec_o";
    .port_info 17 /OUTPUT 32 "mepc_o";
    .port_info 18 /OUTPUT 32 "mcause_o";
    .port_info 19 /OUTPUT 32 "mstatus_o";
    .port_info 20 /OUTPUT 32 "mie_o";
    .port_info 21 /OUTPUT 32 "mip_o";
    .port_info 22 /OUTPUT 32 "mscratch_o";
    .port_info 23 /OUTPUT 2 "current_priv_o";
    .port_info 24 /OUTPUT 1 "global_mie_o";
    .port_info 25 /OUTPUT 1 "msie_en_o";
    .port_info 26 /OUTPUT 1 "mtie_en_o";
    .port_info 27 /OUTPUT 1 "meie_en_o";
P_00000227196142f0 .param/l "CSR_CMD_C" 1 6 62, C4<011>;
P_0000022719614328 .param/l "CSR_CMD_NONE" 1 6 59, C4<000>;
P_0000022719614360 .param/l "CSR_CMD_S" 1 6 61, C4<010>;
P_0000022719614398 .param/l "CSR_CMD_W" 1 6 60, C4<001>;
P_00000227196143d0 .param/l "CSR_MCAUSE" 1 6 48, C4<001101000010>;
P_0000022719614408 .param/l "CSR_MEPC" 1 6 47, C4<001101000001>;
P_0000022719614440 .param/l "CSR_MHARTID" 1 6 51, C4<111100010100>;
P_0000022719614478 .param/l "CSR_MIE" 1 6 44, C4<001100000100>;
P_00000227196144b0 .param/l "CSR_MIP" 1 6 50, C4<001101000100>;
P_00000227196144e8 .param/l "CSR_MSCRATCH" 1 6 46, C4<001101000000>;
P_0000022719614520 .param/l "CSR_MSTATUS" 1 6 43, C4<001100000000>;
P_0000022719614558 .param/l "CSR_MTVAL" 1 6 49, C4<001101000011>;
P_0000022719614590 .param/l "CSR_MTVEC" 1 6 45, C4<001100000101>;
P_00000227196145c8 .param/l "PRIV_M" 1 6 90, C4<11>;
P_0000022719614600 .param/l "PRIV_S" 1 6 89, C4<01>;
P_0000022719614638 .param/l "PRIV_U" 1 6 88, C4<00>;
L_000002271a213d20 .functor OR 1, L_000002271a1a3350, L_000002271a218080, C4<0>, C4<0>;
L_000002271a214e30 .functor OR 1, L_000002271a1a3b70, L_000002271a1a7a90, C4<0>, C4<0>;
L_000002271a214a40 .functor OR 1, L_000002271a1a2f90, L_000002271a218550, C4<0>, C4<0>;
L_000002271a214ea0 .functor BUFZ 32, v000002271a041210_0, C4<00000000000000000000000000000000>, C4<00000000000000000000000000000000>, C4<00000000000000000000000000000000>;
L_000002271a215060 .functor BUFZ 32, v000002271a041cb0_0, C4<00000000000000000000000000000000>, C4<00000000000000000000000000000000>, C4<00000000000000000000000000000000>;
L_000002271a2150d0 .functor BUFZ 32, v000002271a040450_0, C4<00000000000000000000000000000000>, C4<00000000000000000000000000000000>, C4<00000000000000000000000000000000>;
L_000002271a2135b0 .functor BUFZ 32, L_000002271a1a4570, C4<00000000000000000000000000000000>, C4<00000000000000000000000000000000>, C4<00000000000000000000000000000000>;
L_000002271a213770 .functor BUFZ 32, v000002271a041490_0, C4<00000000000000000000000000000000>, C4<00000000000000000000000000000000>, C4<00000000000000000000000000000000>;
L_000002271a1b96b8 .functor BUFT 1, C4<00000000000000000000>, C4<0>, C4<0>, C4<0>;
v000002271a040c70_0 .net/2u *"_ivl_0", 19 0, L_000002271a1b96b8;  1 drivers
v000002271a041710_0 .net *"_ivl_10", 0 0, L_000002271a214e30;  1 drivers
L_000002271a1b9748 .functor BUFT 1, C4<000>, C4<0>, C4<0>, C4<0>;
v000002271a03fc30_0 .net/2u *"_ivl_12", 2 0, L_000002271a1b9748;  1 drivers
v000002271a041850_0 .net *"_ivl_15", 0 0, L_000002271a1a2f90;  1 drivers
v000002271a03fcd0_0 .net *"_ivl_16", 0 0, L_000002271a214a40;  1 drivers
L_000002271a1b9790 .functor BUFT 1, C4<000>, C4<0>, C4<0>, C4<0>;
v000002271a0408b0_0 .net/2u *"_ivl_18", 2 0, L_000002271a1b9790;  1 drivers
v000002271a040a90_0 .net *"_ivl_3", 0 0, L_000002271a1a3350;  1 drivers
v000002271a03fa50_0 .net *"_ivl_4", 0 0, L_000002271a213d20;  1 drivers
L_000002271a1b9700 .functor BUFT 1, C4<000>, C4<0>, C4<0>, C4<0>;
v000002271a03fff0_0 .net/2u *"_ivl_6", 2 0, L_000002271a1b9700;  1 drivers
v000002271a041170_0 .net *"_ivl_9", 0 0, L_000002271a1a3b70;  1 drivers
v000002271a0409f0_0 .net "clk", 0 0, L_0000022719c748c0;  alias, 1 drivers
v000002271a03f870_0 .net "csr_addr", 11 0, L_000002271a211630;  alias, 1 drivers
v000002271a0418f0_0 .net "csr_cmd", 2 0, L_000002271a210670;  alias, 1 drivers
v000002271a040310_0 .net "csr_en", 0 0, L_000002271a211160;  alias, 1 drivers
v000002271a041f30_0 .var "csr_new", 31 0;
v000002271a040130_0 .var "csr_old", 31 0;
v000002271a040e50_0 .var "csr_rdata", 31 0;
v000002271a0401d0_0 .net "csr_wdata", 31 0, L_000002271a19ff70;  alias, 1 drivers
v000002271a041990_0 .net "current_priv_o", 1 0, v000002271a043d30_0;  alias, 1 drivers
v000002271a0412b0_0 .net "ext_irq_pending", 0 0, L_000002271a218080;  alias, 1 drivers
v000002271a040270_0 .net "global_mie_o", 0 0, L_000002271a1a2a90;  alias, 1 drivers
v000002271a041210_0 .var "mcause", 31 0;
v000002271a0415d0_0 .net "mcause_o", 31 0, L_000002271a214ea0;  alias, 1 drivers
v000002271a0403b0_0 .var "mcause_wr_value", 31 0;
v000002271a0410d0_0 .net "meie_en_o", 0 0, L_000002271a1a2db0;  alias, 1 drivers
v000002271a040ef0_0 .var "mepc", 31 0;
v000002271a041a30_0 .net "mepc_o", 31 0, v000002271a040ef0_0;  alias, 1 drivers
v000002271a041350_0 .var "mepc_wr_value", 31 0;
v000002271a040450_0 .var "mie", 31 0;
v000002271a03fd70_0 .net "mie_o", 31 0, L_000002271a2150d0;  alias, 1 drivers
v000002271a0413f0_0 .var "mie_wr_value", 31 0;
v000002271a040630_0 .net "mip", 31 0, L_000002271a1a4570;  1 drivers
v000002271a041ad0_0 .net "mip_o", 31 0, L_000002271a2135b0;  alias, 1 drivers
v000002271a040590_0 .var "mip_sw", 31 0;
v000002271a0406d0_0 .var "mip_wr_value", 31 0;
v000002271a041c10_0 .net "mret_exec", 0 0, v000002271a179ff0_0;  1 drivers
v000002271a041490_0 .var "mscratch", 31 0;
v000002271a040770_0 .net "mscratch_o", 31 0, L_000002271a213770;  alias, 1 drivers
v000002271a041530_0 .net "msie_en_o", 0 0, L_000002271a1a30d0;  alias, 1 drivers
v000002271a041cb0_0 .var "mstatus", 31 0;
v000002271a03f7d0_0 .net "mstatus_o", 31 0, L_000002271a215060;  alias, 1 drivers
v000002271a03fe10_0 .var "mstatus_wr_value", 31 0;
v000002271a03faf0_0 .net "mtie_en_o", 0 0, L_000002271a1a3e90;  alias, 1 drivers
v000002271a0433d0_0 .var "mtval", 31 0;
v000002271a044410_0 .var "mtvec", 31 0;
v000002271a044690_0 .net "mtvec_o", 31 0, v000002271a044410_0;  alias, 1 drivers
v000002271a043d30_0 .var "priv_mode_q", 1 0;
v000002271a043ab0_0 .net "rst_n", 0 0, L_000002271a198630;  alias, 1 drivers
v000002271a043c90_0 .net "soft_irq_pending", 0 0, L_000002271a218550;  alias, 1 drivers
v000002271a042610_0 .net "timer_irq_pending", 0 0, L_000002271a1a7a90;  alias, 1 drivers
v000002271a0444b0_0 .net "trap_cause", 31 0, v000002271a17ae50_0;  1 drivers
v000002271a043bf0_0 .net "trap_enter", 0 0, v000002271a17aef0_0;  1 drivers
v000002271a042750_0 .net "trap_is_interrupt", 0 0, v000002271a178dd0_0;  1 drivers
v000002271a0445f0_0 .net "trap_pc", 31 0, v000002271a178fb0_0;  1 drivers
v000002271a042cf0_0 .net "trap_tval", 31 0, v000002271a17af90_0;  1 drivers
E_000002271a065fb0 .event anyedge, v000002271a041f30_0;
E_000002271a065b30 .event anyedge, v000002271a040590_0, v000002271a041f30_0;
E_000002271a065a30 .event anyedge, v000002271a040450_0, v000002271a041f30_0;
E_000002271a065f70 .event anyedge, v000002271a041cb0_0, v000002271a041f30_0;
E_000002271a065ff0 .event anyedge, v000002271a0418f0_0, v000002271a0401d0_0, v000002271a040130_0;
E_000002271a065b70 .event anyedge, v000002271a040e50_0;
E_000002271a0656b0/0 .event anyedge, v000002271a03f870_0, v000002271a041cb0_0, v000002271a040450_0, v000002271a044410_0;
E_000002271a0656b0/1 .event anyedge, v000002271a041490_0, v000002271a040ef0_0, v000002271a041210_0, v000002271a0433d0_0;
E_000002271a0656b0/2 .event anyedge, v000002271a040630_0;
E_000002271a0656b0 .event/or E_000002271a0656b0/0, E_000002271a0656b0/1, E_000002271a0656b0/2;
L_000002271a1a3350 .part v000002271a040590_0, 11, 1;
L_000002271a1a3b70 .part v000002271a040590_0, 7, 1;
L_000002271a1a2f90 .part v000002271a040590_0, 3, 1;
LS_000002271a1a4570_0_0 .concat [ 3 1 3 1], L_000002271a1b9790, L_000002271a214a40, L_000002271a1b9748, L_000002271a214e30;
LS_000002271a1a4570_0_4 .concat [ 3 1 20 0], L_000002271a1b9700, L_000002271a213d20, L_000002271a1b96b8;
L_000002271a1a4570 .concat [ 8 24 0 0], LS_000002271a1a4570_0_0, LS_000002271a1a4570_0_4;
L_000002271a1a2a90 .part v000002271a041cb0_0, 3, 1;
L_000002271a1a30d0 .part v000002271a040450_0, 3, 1;
L_000002271a1a3e90 .part v000002271a040450_0, 7, 1;
L_000002271a1a2db0 .part v000002271a040450_0, 11, 1;
S_000002271a0dff90 .scope module, "u_dcache" "dcache_blocking" 4 1863, 7 16 0, S_000002271a0df4a0;
 .timescale -9 -12;
    .port_info 0 /INPUT 1 "clk";
    .port_info 1 /INPUT 1 "rst_n";
    .port_info 2 /INPUT 1 "cpu_req_valid";
    .port_info 3 /OUTPUT 1 "cpu_req_ready";
    .port_info 4 /INPUT 32 "cpu_req_addr";
    .port_info 5 /INPUT 1 "cpu_req_we";
    .port_info 6 /INPUT 32 "cpu_req_wdata";
    .port_info 7 /INPUT 4 "cpu_req_wstrb";
    .port_info 8 /INPUT 2 "cpu_req_size";
    .port_info 9 /INPUT 1 "cpu_req_uncached";
    .port_info 10 /OUTPUT 1 "cpu_rsp_valid";
    .port_info 11 /INPUT 1 "cpu_rsp_ready";
    .port_info 12 /OUTPUT 32 "cpu_rsp_rdata";
    .port_info 13 /OUTPUT 1 "cpu_rsp_err";
    .port_info 14 /OUTPUT 1 "l2_req_valid";
    .port_info 15 /INPUT 1 "l2_req_ready";
    .port_info 16 /OUTPUT 2 "l2_req_cmd";
    .port_info 17 /OUTPUT 32 "l2_req_addr";
    .port_info 18 /OUTPUT 3 "l2_req_size";
    .port_info 19 /OUTPUT 8 "l2_req_len";
    .port_info 20 /OUTPUT 64 "l2_req_wdata";
    .port_info 21 /OUTPUT 8 "l2_req_wstrb";
    .port_info 22 /INPUT 1 "l2_rsp_valid";
    .port_info 23 /OUTPUT 1 "l2_rsp_ready";
    .port_info 24 /INPUT 64 "l2_rsp_rdata";
    .port_info 25 /INPUT 1 "l2_rsp_last";
    .port_info 26 /INPUT 1 "l2_rsp_err";
P_000002271a127010 .param/l "ADDR_W" 0 7 18, +C4<00000000000000000000000000100000>;
P_000002271a127048 .param/l "BUS_BYTES" 1 7 87, +C4<00000000000000000000000000001000>;
P_000002271a127080 .param/l "BUS_W" 0 7 21, +C4<00000000000000000000000001000000>;
P_000002271a1270b8 .param/l "CACHE_BYTES" 0 7 23, +C4<00000000000000000010000000000000>;
P_000002271a1270f0 .param/l "CMD_LINE_RD" 1 7 95, C4<00>;
P_000002271a127128 .param/l "CMD_UC_RD" 1 7 96, C4<01>;
P_000002271a127160 .param/l "CMD_UC_WR" 1 7 97, C4<10>;
P_000002271a127198 .param/l "CMD_WB_LINE" 1 7 98, C4<11>;
P_000002271a1271d0 .param/l "CPU_DATA_W" 0 7 19, +C4<00000000000000000000000000100000>;
P_000002271a127208 .param/l "CPU_STRB_W" 0 7 20, +C4<00000000000000000000000000000100>;
P_000002271a127240 .param/l "INDEX_BITS" 1 7 91, +C4<00000000000000000000000000000110>;
P_000002271a127278 .param/l "LINE_BITS" 1 7 88, +C4<00000000000000000000001000000000>;
P_000002271a1272b0 .param/l "LINE_BYTES" 0 7 22, +C4<00000000000000000000000001000000>;
P_000002271a1272e8 .param/l "OFFSET_BITS" 1 7 90, +C4<00000000000000000000000000000110>;
P_000002271a127320 .param/l "SETS" 1 7 89, +C4<00000000000000000000000001000000>;
P_000002271a127358 .param/l "S_IDLE" 1 7 102, C4<0000>;
P_000002271a127390 .param/l "S_LOOKUP0" 1 7 103, C4<0001>;
P_000002271a1273c8 .param/l "S_LOOKUP1" 1 7 104, C4<0010>;
P_000002271a127400 .param/l "S_MISS_SELECT" 1 7 107, C4<0100>;
P_000002271a127438 .param/l "S_REFILL_COMMIT" 1 7 113, C4<1001>;
P_000002271a127470 .param/l "S_REFILL_RECV" 1 7 112, C4<1000>;
P_000002271a1274a8 .param/l "S_REFILL_REQ" 1 7 111, C4<0111>;
P_000002271a1274e0 .param/l "S_RESP" 1 7 105, C4<0011>;
P_000002271a127518 .param/l "S_UC_REQ" 1 7 115, C4<1010>;
P_000002271a127550 .param/l "S_UC_WAIT" 1 7 116, C4<1011>;
P_000002271a127588 .param/l "S_WB_STREAM" 1 7 108, C4<0101>;
P_000002271a1275c0 .param/l "S_WB_WAIT" 1 7 109, C4<0110>;
P_000002271a1275f8 .param/l "TAG_BITS" 1 7 92, +C4<00000000000000000000000000010100>;
P_000002271a127630 .param/l "WAYS" 0 7 24, +C4<00000000000000000000000000000010>;
L_000002271a217280 .functor AND 1, v0000022719fbef10_0, L_000002271a1a7b30, C4<1>, C4<1>;
L_000002271a21a540 .functor AND 1, v0000022719fbd4d0_0, L_000002271a1a9750, C4<1>, C4<1>;
L_000002271a218da0 .functor OR 1, L_000002271a217280, L_000002271a21a540, C4<0>, C4<0>;
L_000002271a1ba5e8 .functor BUFT 1, C4<0>, C4<0>, C4<0>, C4<0>;
L_000002271a219040 .functor XNOR 1, v000002271a03dcf0_0, L_000002271a1ba5e8, C4<0>, C4<0>;
L_000002271a1ba630 .functor BUFT 1, C4<0>, C4<0>, C4<0>, C4<0>;
L_000002271a218a90 .functor XNOR 1, v000002271a03dcf0_0, L_000002271a1ba630, C4<0>, C4<0>;
L_000002271a1ba678 .functor BUFT 1, C4<0>, C4<0>, C4<0>, C4<0>;
L_000002271a2199e0 .functor XNOR 1, v000002271a03dcf0_0, L_000002271a1ba678, C4<0>, C4<0>;
L_000002271a1ba6c0 .functor BUFT 1, C4<0>, C4<0>, C4<0>, C4<0>;
L_000002271a219ac0 .functor XNOR 1, v000002271a03dcf0_0, L_000002271a1ba6c0, C4<0>, C4<0>;
L_000002271a2196d0 .functor OR 1, L_000002271a1a97f0, L_000002271a1a9890, C4<0>, C4<0>;
L_000002271a219430 .functor OR 1, L_000002271a2196d0, L_000002271a1aa010, C4<0>, C4<0>;
L_000002271a219890 .functor AND 1, L_000002271a1aa0b0, v000002271a03f730_0, C4<1>, C4<1>;
L_000002271a21a310 .functor AND 1, L_000002271a219890, L_0000022719c758f0, C4<1>, C4<1>;
L_000002271a21a1c0 .functor OR 1, L_000002271a219430, L_000002271a21a310, C4<0>, C4<0>;
L_000002271a219a50 .functor AND 1, L_000002271a1a9bb0, v000002271a03f730_0, C4<1>, C4<1>;
L_000002271a219510 .functor AND 1, L_000002271a219a50, L_0000022719c758f0, C4<1>, C4<1>;
L_000002271a219900 .functor OR 1, L_000002271a21a1c0, L_000002271a219510, C4<0>, C4<0>;
L_000002271a219f20 .functor AND 1, L_000002271a1a9250, v000002271a03f730_0, C4<1>, C4<1>;
L_000002271a218b00 .functor AND 1, L_000002271a219f20, L_0000022719c758f0, C4<1>, C4<1>;
L_000002271a219740 .functor AND 1, L_000002271a218b00, L_000002271a1a94d0, C4<1>, C4<1>;
L_000002271a2193c0 .functor OR 1, L_000002271a219900, L_000002271a219740, C4<0>, C4<0>;
v000002271a043010_0 .net *"_ivl_0", 0 0, L_000002271a1a7b30;  1 drivers
L_000002271a1ba558 .functor BUFT 1, C4<1>, C4<0>, C4<0>, C4<0>;
v000002271a0426b0_0 .net/2u *"_ivl_10", 0 0, L_000002271a1ba558;  1 drivers
L_000002271a1ba5a0 .functor BUFT 1, C4<0>, C4<0>, C4<0>, C4<0>;
v000002271a0440f0_0 .net/2u *"_ivl_12", 0 0, L_000002271a1ba5a0;  1 drivers
v000002271a0429d0_0 .net/2u *"_ivl_18", 0 0, L_000002271a1ba5e8;  1 drivers
v000002271a0424d0_0 .net *"_ivl_20", 0 0, L_000002271a219040;  1 drivers
v000002271a041fd0_0 .net/2u *"_ivl_24", 0 0, L_000002271a1ba630;  1 drivers
v000002271a042b10_0 .net *"_ivl_26", 0 0, L_000002271a218a90;  1 drivers
v000002271a043290_0 .net/2u *"_ivl_30", 0 0, L_000002271a1ba678;  1 drivers
v000002271a0421b0_0 .net *"_ivl_32", 0 0, L_000002271a2199e0;  1 drivers
v000002271a042bb0_0 .net/2u *"_ivl_36", 0 0, L_000002271a1ba6c0;  1 drivers
v000002271a0438d0_0 .net *"_ivl_38", 0 0, L_000002271a219ac0;  1 drivers
v000002271a042430_0 .net *"_ivl_4", 0 0, L_000002271a1a9750;  1 drivers
L_000002271a1ba708 .functor BUFT 1, C4<0000>, C4<0>, C4<0>, C4<0>;
v000002271a0430b0_0 .net/2u *"_ivl_42", 3 0, L_000002271a1ba708;  1 drivers
L_000002271a1ba750 .functor BUFT 1, C4<0110>, C4<0>, C4<0>, C4<0>;
v000002271a042c50_0 .net/2u *"_ivl_46", 3 0, L_000002271a1ba750;  1 drivers
v000002271a042250_0 .net *"_ivl_48", 0 0, L_000002271a1a97f0;  1 drivers
L_000002271a1ba798 .functor BUFT 1, C4<1000>, C4<0>, C4<0>, C4<0>;
v000002271a042e30_0 .net/2u *"_ivl_50", 3 0, L_000002271a1ba798;  1 drivers
v000002271a042ed0_0 .net *"_ivl_52", 0 0, L_000002271a1a9890;  1 drivers
v000002271a0431f0_0 .net *"_ivl_55", 0 0, L_000002271a2196d0;  1 drivers
L_000002271a1ba7e0 .functor BUFT 1, C4<1011>, C4<0>, C4<0>, C4<0>;
v000002271a043330_0 .net/2u *"_ivl_56", 3 0, L_000002271a1ba7e0;  1 drivers
v000002271a044050_0 .net *"_ivl_58", 0 0, L_000002271a1aa010;  1 drivers
v000002271a044230_0 .net *"_ivl_61", 0 0, L_000002271a219430;  1 drivers
L_000002271a1ba828 .functor BUFT 1, C4<0111>, C4<0>, C4<0>, C4<0>;
v000002271a0442d0_0 .net/2u *"_ivl_62", 3 0, L_000002271a1ba828;  1 drivers
v000002271a044370_0 .net *"_ivl_64", 0 0, L_000002271a1aa0b0;  1 drivers
v000002271a0422f0_0 .net *"_ivl_67", 0 0, L_000002271a219890;  1 drivers
v000002271a042390_0 .net *"_ivl_69", 0 0, L_000002271a21a310;  1 drivers
v000002271a044870_0 .net *"_ivl_71", 0 0, L_000002271a21a1c0;  1 drivers
L_000002271a1ba870 .functor BUFT 1, C4<1010>, C4<0>, C4<0>, C4<0>;
v000002271a044af0_0 .net/2u *"_ivl_72", 3 0, L_000002271a1ba870;  1 drivers
v000002271a044eb0_0 .net *"_ivl_74", 0 0, L_000002271a1a9bb0;  1 drivers
v000002271a044c30_0 .net *"_ivl_77", 0 0, L_000002271a219a50;  1 drivers
v000002271a044b90_0 .net *"_ivl_79", 0 0, L_000002271a219510;  1 drivers
v000002271a044cd0_0 .net *"_ivl_81", 0 0, L_000002271a219900;  1 drivers
L_000002271a1ba8b8 .functor BUFT 1, C4<0101>, C4<0>, C4<0>, C4<0>;
v000002271a0447d0_0 .net/2u *"_ivl_82", 3 0, L_000002271a1ba8b8;  1 drivers
v000002271a044910_0 .net *"_ivl_84", 0 0, L_000002271a1a9250;  1 drivers
v000002271a0449b0_0 .net *"_ivl_87", 0 0, L_000002271a219f20;  1 drivers
v000002271a044d70_0 .net *"_ivl_89", 0 0, L_000002271a218b00;  1 drivers
L_000002271a1ba900 .functor BUFT 1, C4<111>, C4<0>, C4<0>, C4<0>;
v000002271a044a50_0 .net/2u *"_ivl_90", 2 0, L_000002271a1ba900;  1 drivers
v000002271a044e10_0 .net *"_ivl_92", 0 0, L_000002271a1a94d0;  1 drivers
v000002271a03d890_0 .net *"_ivl_95", 0 0, L_000002271a219740;  1 drivers
v000002271a03efb0_0 .var "beat_cnt_r", 2 0;
v000002271a03e5b0_0 .net "clk", 0 0, L_0000022719c748c0;  alias, 1 drivers
v000002271a03e010_0 .net "cpu_req_addr", 31 0, L_000002271a216cd0;  alias, 1 drivers
v000002271a03d930_0 .net "cpu_req_ready", 0 0, L_000002271a1a83f0;  alias, 1 drivers
v000002271a03f410_0 .net "cpu_req_size", 1 0, L_000002271a1a7950;  alias, 1 drivers
L_000002271a1ba948 .functor BUFT 1, C4<0>, C4<0>, C4<0>, C4<0>;
v000002271a03f550_0 .net "cpu_req_uncached", 0 0, L_000002271a1ba948;  1 drivers
v000002271a03d9d0_0 .net "cpu_req_valid", 0 0, L_000002271a217130;  alias, 1 drivers
v000002271a03e510_0 .net "cpu_req_wdata", 31 0, L_000002271a1a5470;  alias, 1 drivers
v000002271a03f050_0 .net "cpu_req_we", 0 0, L_000002271a216020;  alias, 1 drivers
v000002271a03f4b0_0 .net "cpu_req_wstrb", 3 0, L_000002271a1a5dd0;  alias, 1 drivers
v000002271a03e470_0 .var "cpu_rsp_err", 0 0;
v000002271a03da70_0 .var "cpu_rsp_rdata", 31 0;
v000002271a03f2d0_0 .net "cpu_rsp_ready", 0 0, L_000002271a1ba510;  alias, 1 drivers
v000002271a03e330_0 .var "cpu_rsp_valid", 0 0;
v000002271a03f5f0 .array "data0_mem", 63 0, 511 0;
v000002271a03f690 .array "data1_mem", 63 0, 511 0;
v000002271a03d2f0 .array "dir0_mem", 63 0, 0 0;
v000002271a03eab0_0 .var "dir0_r", 0 0;
v000002271a03ec90 .array "dir1_mem", 63 0, 0 0;
v000002271a03d390_0 .var "dir1_r", 0 0;
v000002271a03f190_0 .net "hit0_w", 0 0, L_000002271a217280;  1 drivers
v000002271a03edd0_0 .net "hit1_w", 0 0, L_000002271a21a540;  1 drivers
v000002271a03ebf0_0 .net "hit_w", 0 0, L_000002271a218da0;  1 drivers
v000002271a03d750_0 .var/i "i", 31 0;
v000002271a03e650_0 .var "index_r", 5 0;
v000002271a03dd90_0 .var "l2_req_addr", 31 0;
v000002271a03de30_0 .var "l2_req_cmd", 1 0;
v000002271a03d110_0 .var "l2_req_len", 7 0;
v000002271a03d1b0_0 .net "l2_req_ready", 0 0, L_0000022719c758f0;  alias, 1 drivers
v000002271a03d250_0 .var "l2_req_size", 2 0;
v000002271a03f730_0 .var "l2_req_valid", 0 0;
v000002271a03d7f0_0 .var "l2_req_wdata", 63 0;
v000002271a03e6f0_0 .var "l2_req_wstrb", 7 0;
v000002271a03d430_0 .net "l2_rsp_err", 0 0, L_0000022719c75d50;  alias, 1 drivers
v000002271a03ea10_0 .net "l2_rsp_last", 0 0, L_0000022719c759d0;  alias, 1 drivers
v000002271a03dbb0_0 .net "l2_rsp_rdata", 63 0, L_0000022719c75ea0;  alias, 1 drivers
v000002271a03ef10_0 .net "l2_rsp_ready", 0 0, L_000002271a2193c0;  alias, 1 drivers
v000002271a03d570_0 .net "l2_rsp_valid", 0 0, L_0000022719c75f80;  alias, 1 drivers
v000002271a03db10_0 .var "line0_r", 511 0;
v000002271a03df70_0 .var "line1_r", 511 0;
v000002271a03dc50 .array "lru_mem", 63 0, 0 0;
v000002271a03dcf0_0 .var "lru_r", 0 0;
v000002271a03eb50_0 .var "merged_w", 31 0;
v000002271a03f370_0 .var "new_line", 511 0;
v000002271a03f0f0_0 .var "old_w", 31 0;
v000002271a03ded0_0 .var "refill_line_r", 511 0;
v000002271a03e790_0 .var "refill_tag_r", 19 0;
v000002271a03f230_0 .var "refill_way_r", 0 0;
v000002271a03e0b0_0 .var "req_addr_r", 31 0;
v000002271a03cfd0_0 .var "req_index_r", 5 0;
v000002271a03d070_0 .var "req_size_r", 1 0;
v000002271a03d4d0_0 .var "req_tag_r", 19 0;
v000002271a03e830_0 .var "req_uncached_r", 0 0;
v000002271a03d610_0 .var "req_wdata_r", 31 0;
v000002271a03d6b0_0 .var "req_we_r", 0 0;
v000002271a03e8d0_0 .var "req_word_hi_r", 0 0;
v000002271a03e150_0 .var "req_word_r", 3 0;
v000002271a03e1f0_0 .var "req_wstrb_r", 3 0;
v000002271a03e970_0 .net "rst_n", 0 0, L_000002271a198630;  alias, 1 drivers
v000002271a03e290_0 .var "state", 3 0;
v000002271a03e3d0 .array "tag0_mem", 63 0, 19 0;
v000002271a03ed30_0 .var "tag0_r", 19 0;
v000002271a03ee70 .array "tag1_mem", 63 0, 19 0;
v0000022719fbbb30_0 .var "tag1_r", 19 0;
v0000022719fbcf30_0 .net "used_way_w", 0 0, L_000002271a1a85d0;  1 drivers
v0000022719fbbbd0 .array "val0_mem", 63 0, 0 0;
v0000022719fbef10_0 .var "val0_r", 0 0;
v0000022719fbd110 .array "val1_mem", 63 0, 0 0;
v0000022719fbd4d0_0 .var "val1_r", 0 0;
v0000022719fbe0b0_0 .net "victim_dirty_w", 0 0, L_000002271a1a96b0;  1 drivers
v0000022719fbe1f0_0 .net "victim_line_w", 511 0, L_000002271a1a8850;  1 drivers
v0000022719fbe330_0 .net "victim_tag_w", 19 0, L_000002271a1a82b0;  1 drivers
v0000022719fba410_0 .net "victim_valid_w", 0 0, L_000002271a1a8c10;  1 drivers
v0000022719fb8390_0 .net "victim_way_w", 0 0, v000002271a03dcf0_0;  1 drivers
v0000022719fb8570_0 .var "wb_addr_r", 31 0;
v0000022719fb9ab0_0 .var "wb_err_r", 0 0;
v0000022719fb87f0_0 .var "wb_line_r", 511 0;
E_000002271a065bb0 .event posedge, v000002271a040810_0;
L_000002271a1a7b30 .cmp/eq 20, v000002271a03ed30_0, v000002271a03d4d0_0;
L_000002271a1a9750 .cmp/eq 20, v0000022719fbbb30_0, v000002271a03d4d0_0;
L_000002271a1a85d0 .functor MUXZ 1, L_000002271a1ba5a0, L_000002271a1ba558, L_000002271a21a540, C4<>;
L_000002271a1a8c10 .functor MUXZ 1, v0000022719fbd4d0_0, v0000022719fbef10_0, L_000002271a219040, C4<>;
L_000002271a1a96b0 .functor MUXZ 1, v000002271a03d390_0, v000002271a03eab0_0, L_000002271a218a90, C4<>;
L_000002271a1a82b0 .functor MUXZ 20, v0000022719fbbb30_0, v000002271a03ed30_0, L_000002271a2199e0, C4<>;
L_000002271a1a8850 .functor MUXZ 512, v000002271a03df70_0, v000002271a03db10_0, L_000002271a219ac0, C4<>;
L_000002271a1a83f0 .cmp/eq 4, v000002271a03e290_0, L_000002271a1ba708;
L_000002271a1a97f0 .cmp/eq 4, v000002271a03e290_0, L_000002271a1ba750;
L_000002271a1a9890 .cmp/eq 4, v000002271a03e290_0, L_000002271a1ba798;
L_000002271a1aa010 .cmp/eq 4, v000002271a03e290_0, L_000002271a1ba7e0;
L_000002271a1aa0b0 .cmp/eq 4, v000002271a03e290_0, L_000002271a1ba828;
L_000002271a1a9bb0 .cmp/eq 4, v000002271a03e290_0, L_000002271a1ba870;
L_000002271a1a9250 .cmp/eq 4, v000002271a03e290_0, L_000002271a1ba8b8;
L_000002271a1a94d0 .cmp/eq 3, v000002271a03efb0_0, L_000002271a1ba900;
S_000002271a0dfc70 .scope function.vec4.s64, "line_get_beat64" "line_get_beat64" 7 192, 7 192 0, S_000002271a0dff90;
 .timescale -9 -12;
v000002271a043a10_0 .var "beat", 2 0;
v000002271a043b50_0 .var "line", 511 0;
; Variable line_get_beat64 is vec4 return value of scope S_000002271a0dfc70
v000002271a042f70_0 .var/i "sh", 31 0;
TD_icache_pipeline_tb.dut.u_dcache.line_get_beat64 ;
    %load/vec4 v000002271a043a10_0;
    %concati/vec4 0, 0, 6;
    %pad/u 32;
    %store/vec4 v000002271a042f70_0, 0, 32;
    %load/vec4 v000002271a043b50_0;
    %load/vec4 v000002271a042f70_0;
    %ix/vec4 4;
    %shiftr 4;
    %pad/u 64;
    %ret/vec4 0, 0, 64;  Assign to line_get_beat64 (store_vec4_to_lval)
    %end;
S_000002271a0dfae0 .scope function.vec4.s32, "line_get_word32" "line_get_word32" 7 217, 7 217 0, S_000002271a0dff90;
 .timescale -9 -12;
v000002271a043dd0_0 .var "line", 511 0;
; Variable line_get_word32 is vec4 return value of scope S_000002271a0dfae0
v000002271a043e70_0 .var/i "sh", 31 0;
v000002271a043790_0 .var "word", 3 0;
TD_icache_pipeline_tb.dut.u_dcache.line_get_word32 ;
    %load/vec4 v000002271a043790_0;
    %concati/vec4 0, 0, 5;
    %pad/u 32;
    %store/vec4 v000002271a043e70_0, 0, 32;
    %load/vec4 v000002271a043dd0_0;
    %load/vec4 v000002271a043e70_0;
    %ix/vec4 4;
    %shiftr 4;
    %pad/u 32;
    %ret/vec4 0, 0, 32;  Assign to line_get_word32 (store_vec4_to_lval)
    %end;
S_000002271a0e05d0 .scope function.vec4.s512, "line_set_beat64" "line_set_beat64" 7 202, 7 202 0, S_000002271a0dff90;
 .timescale -9 -12;
v000002271a043150_0 .var "beat", 2 0;
v000002271a043470_0 .var "data", 63 0;
v000002271a042110_0 .var "data_ext", 511 0;
v000002271a0427f0_0 .var "line", 511 0;
; Variable line_set_beat64 is vec4 return value of scope S_000002271a0e05d0
v000002271a042570_0 .var "mask", 511 0;
v000002271a043510_0 .var/i "sh", 31 0;
TD_icache_pipeline_tb.dut.u_dcache.line_set_beat64 ;
    %load/vec4 v000002271a043150_0;
    %concati/vec4 0, 0, 6;
    %pad/u 32;
    %store/vec4 v000002271a043510_0, 0, 32;
    %pushi/vec4 4294967295, 0, 480;
    %concati/vec4 4294967295, 0, 32;
    %load/vec4 v000002271a043510_0;
    %ix/vec4 4;
    %shiftl 4;
    %store/vec4 v000002271a042570_0, 0, 512;
    %pushi/vec4 0, 0, 448;
    %load/vec4 v000002271a043470_0;
    %concat/vec4; draw_concat_vec4
    %load/vec4 v000002271a043510_0;
    %ix/vec4 4;
    %shiftl 4;
    %store/vec4 v000002271a042110_0, 0, 512;
    %load/vec4 v000002271a0427f0_0;
    %load/vec4 v000002271a042570_0;
    %inv;
    %and;
    %load/vec4 v000002271a042110_0;
    %or;
    %ret/vec4 0, 0, 512;  Assign to line_set_beat64 (store_vec4_to_lval)
    %end;
S_000002271a0dfe00 .scope function.vec4.s512, "line_set_word32" "line_set_word32" 7 227, 7 227 0, S_000002271a0dff90;
 .timescale -9 -12;
v000002271a0436f0_0 .var "data", 31 0;
v000002271a042d90_0 .var "data_ext", 511 0;
v000002271a042930_0 .var "line", 511 0;
; Variable line_set_word32 is vec4 return value of scope S_000002271a0dfe00
v000002271a044730_0 .var "mask", 511 0;
v000002271a043970_0 .var/i "sh", 31 0;
v000002271a043f10_0 .var "word", 3 0;
TD_icache_pipeline_tb.dut.u_dcache.line_set_word32 ;
    %load/vec4 v000002271a043f10_0;
    %concati/vec4 0, 0, 5;
    %pad/u 32;
    %store/vec4 v000002271a043970_0, 0, 32;
    %pushi/vec4 4294967295, 0, 512;
    %load/vec4 v000002271a043970_0;
    %ix/vec4 4;
    %shiftl 4;
    %store/vec4 v000002271a044730_0, 0, 512;
    %pushi/vec4 0, 0, 480;
    %load/vec4 v000002271a0436f0_0;
    %concat/vec4; draw_concat_vec4
    %load/vec4 v000002271a043970_0;
    %ix/vec4 4;
    %shiftl 4;
    %store/vec4 v000002271a042d90_0, 0, 512;
    %load/vec4 v000002271a042930_0;
    %load/vec4 v000002271a044730_0;
    %inv;
    %and;
    %load/vec4 v000002271a042d90_0;
    %or;
    %ret/vec4 0, 0, 512;  Assign to line_set_word32 (store_vec4_to_lval)
    %end;
S_000002271a0deff0 .scope function.vec4.s32, "merge_wstrb32" "merge_wstrb32" 7 243, 7 243 0, S_000002271a0dff90;
 .timescale -9 -12;
v000002271a044550_0 .var "mask", 31 0;
; Variable merge_wstrb32 is vec4 return value of scope S_000002271a0deff0
v000002271a043fb0_0 .var "new_w", 31 0;
v000002271a042890_0 .var "old_w", 31 0;
v000002271a043830_0 .var "wstrb", 3 0;
TD_icache_pipeline_tb.dut.u_dcache.merge_wstrb32 ;
    %load/vec4 v000002271a043830_0;
    %parti/s 1, 3, 3;
    %replicate 8;
    %load/vec4 v000002271a043830_0;
    %parti/s 1, 2, 3;
    %replicate 8;
    %concat/vec4; draw_concat_vec4
    %load/vec4 v000002271a043830_0;
    %parti/s 1, 1, 2;
    %replicate 8;
    %concat/vec4; draw_concat_vec4
    %load/vec4 v000002271a043830_0;
    %parti/s 1, 0, 2;
    %replicate 8;
    %concat/vec4; draw_concat_vec4
    %store/vec4 v000002271a044550_0, 0, 32;
    %load/vec4 v000002271a042890_0;
    %load/vec4 v000002271a044550_0;
    %inv;
    %and;
    %load/vec4 v000002271a043fb0_0;
    %load/vec4 v000002271a044550_0;
    %and;
    %or;
    %ret/vec4 0, 0, 32;  Assign to merge_wstrb32 (store_vec4_to_lval)
    %end;
S_000002271a0e0440 .scope module, "u_ex" "ex_stage" 4 1288, 8 7 0, S_000002271a0df4a0;
 .timescale -12 -12;
    .port_info 0 /INPUT 1 "clk";
    .port_info 1 /INPUT 1 "rst_n";
    .port_info 2 /INPUT 1 "ex_valid_i";
    .port_info 3 /INPUT 1 "ex_pipe_hold_i";
    .port_info 4 /INPUT 32 "ex_pc_i";
    .port_info 5 /INPUT 32 "ex_rs1_val_i";
    .port_info 6 /INPUT 32 "ex_rs2_val_i";
    .port_info 7 /INPUT 32 "ex_imm_i";
    .port_info 8 /INPUT 4 "ex_alu_op_i";
    .port_info 9 /INPUT 1 "ex_alu_src_imm_i";
    .port_info 10 /INPUT 1 "ex_branch_i";
    .port_info 11 /INPUT 1 "ex_jal_i";
    .port_info 12 /INPUT 1 "ex_jalr_i";
    .port_info 13 /INPUT 3 "ex_br_funct3_i";
    .port_info 14 /INPUT 1 "ex_shift_right_i";
    .port_info 15 /INPUT 1 "ex_shift_arith_i";
    .port_info 16 /INPUT 1 "ex_is_auipc_i";
    .port_info 17 /INPUT 1 "ex_is_lui_i";
    .port_info 18 /INPUT 1 "ex_csr_en_i";
    .port_info 19 /INPUT 32 "ex_csr_rdata_i";
    .port_info 20 /OUTPUT 1 "ex_stall_o";
    .port_info 21 /OUTPUT 32 "ex_alu_result_o";
    .port_info 22 /OUTPUT 32 "ex_store_data_o";
    .port_info 23 /OUTPUT 32 "ex_pc4_o";
    .port_info 24 /OUTPUT 1 "ex_br_taken_o";
    .port_info 25 /OUTPUT 32 "ex_br_target_o";
    .port_info 26 /OUTPUT 1 "redirect_valid_o";
    .port_info 27 /OUTPUT 32 "redirect_pc_o";
P_00000227194fe840 .param/l "ALU_ADD" 1 8 56, C4<0000>;
P_00000227194fe878 .param/l "ALU_AND" 1 8 62, C4<0110>;
P_00000227194fe8b0 .param/l "ALU_DIV" 1 8 68, C4<1100>;
P_00000227194fe8e8 .param/l "ALU_DIVU" 1 8 69, C4<1101>;
P_00000227194fe920 .param/l "ALU_MUL" 1 8 64, C4<1000>;
P_00000227194fe958 .param/l "ALU_MULH" 1 8 65, C4<1001>;
P_00000227194fe990 .param/l "ALU_MULHSU" 1 8 66, C4<1010>;
P_00000227194fe9c8 .param/l "ALU_MULHU" 1 8 67, C4<1011>;
P_00000227194fea00 .param/l "ALU_OR" 1 8 61, C4<0101>;
P_00000227194fea38 .param/l "ALU_REM" 1 8 70, C4<1110>;
P_00000227194fea70 .param/l "ALU_REMU" 1 8 71, C4<1111>;
P_00000227194feaa8 .param/l "ALU_SLL" 1 8 63, C4<0111>;
P_00000227194feae0 .param/l "ALU_SLT" 1 8 58, C4<0010>;
P_00000227194feb18 .param/l "ALU_SLTU" 1 8 59, C4<0011>;
P_00000227194feb50 .param/l "ALU_SUB" 1 8 57, C4<0001>;
P_00000227194feb88 .param/l "ALU_XOR" 1 8 60, C4<0100>;
L_000002271a212120 .functor OR 1, L_000002271a19f250, L_000002271a19e850, C4<0>, C4<0>;
L_000002271a212580 .functor OR 1, L_000002271a212120, L_000002271a19dd10, C4<0>, C4<0>;
L_000002271a213150 .functor OR 1, L_000002271a212580, L_000002271a19ddb0, C4<0>, C4<0>;
L_000002271a213000 .functor OR 1, L_000002271a19f070, L_000002271a19def0, C4<0>, C4<0>;
L_000002271a212970 .functor OR 1, L_000002271a19df90, L_000002271a19f430, C4<0>, C4<0>;
L_000002271a2134d0 .functor OR 1, L_000002271a19f4d0, L_000002271a19f6b0, C4<0>, C4<0>;
L_000002271a211c50 .functor OR 1, L_000002271a2134d0, L_000002271a19e530, C4<0>, C4<0>;
L_000002271a212ba0 .functor OR 1, L_000002271a19f890, L_000002271a19e670, C4<0>, C4<0>;
L_000002271a212b30 .functor OR 1, L_000002271a19e710, L_000002271a19e990, C4<0>, C4<0>;
L_000002271a2132a0 .functor AND 1, L_000002271a210360, L_000002271a213150, C4<1>, C4<1>;
L_000002271a213540 .functor AND 1, L_000002271a2132a0, L_000002271a1a1e10, C4<1>, C4<1>;
L_000002271a2127b0 .functor AND 1, L_000002271a213540, L_000002271a1a2590, C4<1>, C4<1>;
L_000002271a212c80 .functor AND 1, L_000002271a2127b0, L_000002271a1a1230, C4<1>, C4<1>;
L_000002271a211a90 .functor OR 1, L_000002271a213000, L_000002271a212970, C4<0>, C4<0>;
L_000002271a2119b0 .functor AND 1, L_000002271a210360, L_000002271a211a90, C4<1>, C4<1>;
L_000002271a212430 .functor AND 1, L_000002271a2119b0, L_000002271a1a0970, C4<1>, C4<1>;
L_000002271a212cf0 .functor AND 1, L_000002271a212430, L_000002271a1a2090, C4<1>, C4<1>;
L_000002271a212200 .functor AND 1, L_000002271a212cf0, L_000002271a1a12d0, C4<1>, C4<1>;
L_000002271a212190 .functor OR 1, v0000022719622ef0_0, v0000022719d31b90_0, C4<0>, C4<0>;
L_000002271a212e40 .functor AND 1, L_000002271a213150, L_000002271a1a10f0, C4<1>, C4<1>;
L_000002271a211b00 .functor OR 1, L_000002271a213000, L_000002271a212970, C4<0>, C4<0>;
L_000002271a211b70 .functor OR 1, v0000022719e6def0_0, v0000022719d310f0_0, C4<0>, C4<0>;
L_000002271a211be0 .functor AND 1, L_000002271a211b00, L_000002271a1a1eb0, C4<1>, C4<1>;
L_000002271a2124a0 .functor OR 1, L_000002271a212e40, L_000002271a211be0, C4<0>, C4<0>;
L_000002271a211d30 .functor AND 1, L_000002271a210360, L_000002271a2124a0, C4<1>, C4<1>;
L_000002271a213620 .functor BUFZ 32, L_000002271a19ef30, C4<00000000000000000000000000000000>, C4<00000000000000000000000000000000>, C4<00000000000000000000000000000000>;
L_000002271a213c40 .functor NOT 1, L_000002271a1a2810, C4<0>, C4<0>, C4<0>;
L_000002271a213930 .functor NOT 1, L_000002271a1a2310, C4<0>, C4<0>, C4<0>;
L_000002271a2142d0 .functor NOT 1, L_000002271a1a1370, C4<0>, C4<0>, C4<0>;
L_000002271a214340 .functor AND 1, L_000002271a2112b0, v0000022719d30650_0, C4<1>, C4<1>;
L_000002271a1b9088 .functor BUFT 1, C4<11111111111111111111111111111110>, C4<0>, C4<0>, C4<0>;
L_000002271a2145e0 .functor AND 32, L_000002271a1a1410, L_000002271a1b9088, C4<11111111111111111111111111111111>, C4<11111111111111111111111111111111>;
L_000002271a214570 .functor OR 1, L_000002271a211400, L_000002271a2104b0, C4<0>, C4<0>;
L_000002271a214960 .functor AND 1, L_000002271a2112b0, v0000022719d30650_0, C4<1>, C4<1>;
L_000002271a213e00 .functor OR 1, L_000002271a214570, L_000002271a214960, C4<0>, C4<0>;
L_000002271a1b8980 .functor BUFT 1, C4<00000000000000000000000000000000>, C4<0>, C4<0>, C4<0>;
v00000227196247f0_0 .net/2u *"_ivl_0", 31 0, L_000002271a1b8980;  1 drivers
v0000022719622f90_0 .net *"_ivl_101", 0 0, L_000002271a213540;  1 drivers
v0000022719624390_0 .net *"_ivl_103", 0 0, L_000002271a1a2590;  1 drivers
v0000022719623a30_0 .net *"_ivl_105", 0 0, L_000002271a2127b0;  1 drivers
v00000227196233f0_0 .net *"_ivl_107", 0 0, L_000002271a1a1230;  1 drivers
v0000022719623fd0_0 .net *"_ivl_11", 4 0, L_000002271a1a00b0;  1 drivers
v0000022719623cb0_0 .net *"_ivl_111", 0 0, L_000002271a211a90;  1 drivers
v00000227196249d0_0 .net *"_ivl_113", 0 0, L_000002271a2119b0;  1 drivers
v0000022719623c10_0 .net *"_ivl_115", 0 0, L_000002271a1a0970;  1 drivers
v00000227196242f0_0 .net *"_ivl_117", 0 0, L_000002271a212430;  1 drivers
v0000022719624e30_0 .net *"_ivl_119", 0 0, L_000002271a1a2090;  1 drivers
v0000022719622e50_0 .net *"_ivl_121", 0 0, L_000002271a212cf0;  1 drivers
v00000227196228b0_0 .net *"_ivl_123", 0 0, L_000002271a1a12d0;  1 drivers
v0000022719624070_0 .net *"_ivl_127", 0 0, L_000002271a212190;  1 drivers
v0000022719623670_0 .net *"_ivl_129", 0 0, L_000002271a1a10f0;  1 drivers
v0000022719623530_0 .net *"_ivl_131", 0 0, L_000002271a212e40;  1 drivers
v0000022719623170_0 .net *"_ivl_133", 0 0, L_000002271a211b00;  1 drivers
v0000022719623350_0 .net *"_ivl_135", 0 0, L_000002271a211b70;  1 drivers
v0000022719624a70_0 .net *"_ivl_137", 0 0, L_000002271a1a1eb0;  1 drivers
v00000227196230d0_0 .net *"_ivl_139", 0 0, L_000002271a211be0;  1 drivers
L_000002271a1b89c8 .functor BUFT 1, C4<1000>, C4<0>, C4<0>, C4<0>;
v0000022719624c50_0 .net/2u *"_ivl_14", 3 0, L_000002271a1b89c8;  1 drivers
v0000022719624ed0_0 .net *"_ivl_141", 0 0, L_000002271a2124a0;  1 drivers
L_000002271a1b9040 .functor BUFT 1, C4<00000000000000000000000000000100>, C4<0>, C4<0>, C4<0>;
v0000022719623210_0 .net/2u *"_ivl_148", 31 0, L_000002271a1b9040;  1 drivers
v0000022719624570_0 .net *"_ivl_16", 0 0, L_000002271a19f250;  1 drivers
v0000022719624b10_0 .net *"_ivl_170", 31 0, L_000002271a1a1410;  1 drivers
v0000022719624f70_0 .net/2u *"_ivl_172", 31 0, L_000002271a1b9088;  1 drivers
v0000022719622d10_0 .net *"_ivl_176", 0 0, L_000002271a214570;  1 drivers
v0000022719623030_0 .net *"_ivl_178", 0 0, L_000002271a214960;  1 drivers
L_000002271a1b8a10 .functor BUFT 1, C4<1001>, C4<0>, C4<0>, C4<0>;
v0000022719623d50_0 .net/2u *"_ivl_18", 3 0, L_000002271a1b8a10;  1 drivers
v00000227196232b0_0 .net *"_ivl_182", 31 0, L_000002271a1a0f10;  1 drivers
v0000022719624cf0_0 .net *"_ivl_2", 31 0, L_000002271a19db30;  1 drivers
v0000022719624750_0 .net *"_ivl_20", 0 0, L_000002271a19e850;  1 drivers
v0000022719624430_0 .net *"_ivl_23", 0 0, L_000002271a212120;  1 drivers
L_000002271a1b8a58 .functor BUFT 1, C4<1010>, C4<0>, C4<0>, C4<0>;
v0000022719622b30_0 .net/2u *"_ivl_24", 3 0, L_000002271a1b8a58;  1 drivers
v0000022719622810_0 .net *"_ivl_26", 0 0, L_000002271a19dd10;  1 drivers
v0000022719623710_0 .net *"_ivl_29", 0 0, L_000002271a212580;  1 drivers
L_000002271a1b8aa0 .functor BUFT 1, C4<1011>, C4<0>, C4<0>, C4<0>;
v0000022719623df0_0 .net/2u *"_ivl_30", 3 0, L_000002271a1b8aa0;  1 drivers
v0000022719622a90_0 .net *"_ivl_32", 0 0, L_000002271a19ddb0;  1 drivers
L_000002271a1b8ae8 .functor BUFT 1, C4<1100>, C4<0>, C4<0>, C4<0>;
v00000227196235d0_0 .net/2u *"_ivl_36", 3 0, L_000002271a1b8ae8;  1 drivers
v0000022719624bb0_0 .net *"_ivl_38", 0 0, L_000002271a19f070;  1 drivers
L_000002271a1b8b30 .functor BUFT 1, C4<1101>, C4<0>, C4<0>, C4<0>;
v00000227196237b0_0 .net/2u *"_ivl_40", 3 0, L_000002271a1b8b30;  1 drivers
v0000022719623990_0 .net *"_ivl_42", 0 0, L_000002271a19def0;  1 drivers
L_000002271a1b8b78 .functor BUFT 1, C4<1110>, C4<0>, C4<0>, C4<0>;
v0000022719623e90_0 .net/2u *"_ivl_46", 3 0, L_000002271a1b8b78;  1 drivers
v0000022719623f30_0 .net *"_ivl_48", 0 0, L_000002271a19df90;  1 drivers
L_000002271a1b8bc0 .functor BUFT 1, C4<1111>, C4<0>, C4<0>, C4<0>;
v0000022719624110_0 .net/2u *"_ivl_50", 3 0, L_000002271a1b8bc0;  1 drivers
v0000022719624250_0 .net *"_ivl_52", 0 0, L_000002271a19f430;  1 drivers
L_000002271a1b8c08 .functor BUFT 1, C4<1000>, C4<0>, C4<0>, C4<0>;
v00000227196244d0_0 .net/2u *"_ivl_56", 3 0, L_000002271a1b8c08;  1 drivers
L_000002271a1b8c50 .functor BUFT 1, C4<1000>, C4<0>, C4<0>, C4<0>;
v0000022719624610_0 .net/2u *"_ivl_60", 3 0, L_000002271a1b8c50;  1 drivers
v0000022719d317d0_0 .net *"_ivl_62", 0 0, L_000002271a19f4d0;  1 drivers
L_000002271a1b8c98 .functor BUFT 1, C4<1001>, C4<0>, C4<0>, C4<0>;
v0000022719d2f890_0 .net/2u *"_ivl_64", 3 0, L_000002271a1b8c98;  1 drivers
v0000022719d2f430_0 .net *"_ivl_66", 0 0, L_000002271a19f6b0;  1 drivers
v0000022719d306f0_0 .net *"_ivl_69", 0 0, L_000002271a2134d0;  1 drivers
L_000002271a1b8ce0 .functor BUFT 1, C4<1010>, C4<0>, C4<0>, C4<0>;
v0000022719d2f2f0_0 .net/2u *"_ivl_70", 3 0, L_000002271a1b8ce0;  1 drivers
v0000022719d2f390_0 .net *"_ivl_72", 0 0, L_000002271a19e530;  1 drivers
L_000002271a1b8d28 .functor BUFT 1, C4<1000>, C4<0>, C4<0>, C4<0>;
v0000022719d2fcf0_0 .net/2u *"_ivl_76", 3 0, L_000002271a1b8d28;  1 drivers
v0000022719d30ab0_0 .net *"_ivl_78", 0 0, L_000002271a19f890;  1 drivers
L_000002271a1b8d70 .functor BUFT 1, C4<1001>, C4<0>, C4<0>, C4<0>;
v0000022719d30dd0_0 .net/2u *"_ivl_80", 3 0, L_000002271a1b8d70;  1 drivers
v0000022719d2fa70_0 .net *"_ivl_82", 0 0, L_000002271a19e670;  1 drivers
L_000002271a1b8db8 .functor BUFT 1, C4<1100>, C4<0>, C4<0>, C4<0>;
v0000022719d31230_0 .net/2u *"_ivl_86", 3 0, L_000002271a1b8db8;  1 drivers
v0000022719d31370_0 .net *"_ivl_88", 0 0, L_000002271a19e710;  1 drivers
v0000022719d30830_0 .net *"_ivl_9", 4 0, L_000002271a19e0d0;  1 drivers
L_000002271a1b8e00 .functor BUFT 1, C4<1110>, C4<0>, C4<0>, C4<0>;
v0000022719d312d0_0 .net/2u *"_ivl_90", 3 0, L_000002271a1b8e00;  1 drivers
v0000022719d301f0_0 .net *"_ivl_92", 0 0, L_000002271a19e990;  1 drivers
v0000022719d31550_0 .net *"_ivl_97", 0 0, L_000002271a2132a0;  1 drivers
v0000022719d308d0_0 .net *"_ivl_99", 0 0, L_000002271a1a1e10;  1 drivers
v0000022719d30bf0_0 .var "alu_res", 31 0;
v0000022719d2f930_0 .net "beq", 0 0, L_000002271a1a2810;  1 drivers
v0000022719d315f0_0 .net "bge", 0 0, L_000002271a213930;  1 drivers
v0000022719d2f9d0_0 .net "bgeu", 0 0, L_000002271a2142d0;  1 drivers
v0000022719d31690_0 .net "blt", 0 0, L_000002271a1a2310;  1 drivers
v0000022719d31730_0 .net "bltu", 0 0, L_000002271a1a1370;  1 drivers
v0000022719d2f750_0 .net "bne", 0 0, L_000002271a213c40;  1 drivers
v0000022719d30650_0 .var "br_take", 0 0;
v0000022719d2f610_0 .net "clk", 0 0, L_0000022719c748c0;  alias, 1 drivers
v0000022719d30970_0 .net "div_busy", 0 0, v0000022719f60360_0;  1 drivers
v0000022719d310f0_0 .var "div_completed", 0 0;
v0000022719d30790_0 .net "div_done", 0 0, v0000022719e6def0_0;  1 drivers
v0000022719d2fb10_0 .net "div_quotient", 31 0, v00000227196251f0_0;  1 drivers
v0000022719d30290_0 .net "div_remainder", 31 0, v0000022719626410_0;  1 drivers
v0000022719d30510_0 .net "div_signed", 0 0, L_000002271a212b30;  1 drivers
v0000022719d2fd90_0 .net "div_start", 0 0, L_000002271a212200;  1 drivers
v0000022719d30a10_0 .var "div_started", 0 0;
v0000022719d30b50_0 .net "ex_alu_op_i", 3 0, L_000002271a210ec0;  alias, 1 drivers
v0000022719d2fbb0_0 .net "ex_alu_result_o", 31 0, v0000022719d300b0_0;  alias, 1 drivers
v0000022719d2fe30_0 .net "ex_alu_src_imm_i", 0 0, L_000002271a20fe20;  alias, 1 drivers
v0000022719d30e70_0 .net "ex_br_funct3_i", 2 0, L_000002271a210fa0;  alias, 1 drivers
v0000022719d30f10_0 .net "ex_br_taken_o", 0 0, L_000002271a214340;  alias, 1 drivers
v0000022719d2f4d0_0 .net "ex_br_target_o", 31 0, L_000002271a1a1c30;  1 drivers
v0000022719d2f1b0_0 .net "ex_branch_i", 0 0, L_000002271a2112b0;  alias, 1 drivers
v0000022719d31410_0 .net "ex_csr_en_i", 0 0, L_000002271a211550;  alias, 1 drivers
v0000022719d2f7f0_0 .net "ex_csr_rdata_i", 31 0, v000002271a040e50_0;  alias, 1 drivers
v0000022719d314b0_0 .net "ex_imm_i", 31 0, L_000002271a210520;  alias, 1 drivers
v0000022719d30150_0 .net "ex_is_auipc_i", 0 0, L_000002271a2114e0;  alias, 1 drivers
v0000022719d30330_0 .net "ex_is_lui_i", 0 0, L_000002271a210600;  alias, 1 drivers
v0000022719d30d30_0 .net "ex_jal_i", 0 0, L_000002271a2104b0;  alias, 1 drivers
v0000022719d2f250_0 .net "ex_jalr_i", 0 0, L_000002271a211400;  alias, 1 drivers
v0000022719d303d0_0 .net "ex_pc4_o", 31 0, L_000002271a1a1f50;  alias, 1 drivers
v0000022719d2f070_0 .net "ex_pc_i", 31 0, L_000002271a210830;  alias, 1 drivers
v0000022719d2f570_0 .net "ex_pipe_hold_i", 0 0, L_000002271a215f40;  alias, 1 drivers
v0000022719d300b0_0 .var "ex_result_r", 31 0;
v0000022719d2f6b0_0 .net "ex_rs1_val_i", 31 0, L_000002271a19ff70;  alias, 1 drivers
v0000022719d2f110_0 .net "ex_rs2_val_i", 31 0, L_000002271a19ef30;  alias, 1 drivers
v0000022719d30c90_0 .net "ex_shift_arith_i", 0 0, L_000002271a2102f0;  alias, 1 drivers
v0000022719d2fc50_0 .net "ex_shift_right_i", 0 0, L_000002271a210e50;  alias, 1 drivers
v0000022719d2fed0_0 .net "ex_stall_o", 0 0, L_000002271a211d30;  alias, 1 drivers
v0000022719d30fb0_0 .net "ex_store_data_o", 31 0, L_000002271a213620;  alias, 1 drivers
v0000022719d2ff70_0 .net "ex_valid_i", 0 0, L_000002271a210360;  alias, 1 drivers
v0000022719d30010_0 .net "is_div", 0 0, L_000002271a213000;  1 drivers
v0000022719d30470_0 .net "is_mul", 0 0, L_000002271a213150;  1 drivers
v0000022719d31050_0 .net "is_rem", 0 0, L_000002271a212970;  1 drivers
v0000022719d31190_0 .net "jal_target", 31 0, L_000002271a1a1ff0;  1 drivers
v0000022719d305b0_0 .net "jalr_target", 31 0, L_000002271a2145e0;  1 drivers
v0000022719d31910_0 .net "mul_busy", 0 0, v0000022719626550_0;  1 drivers
v0000022719d31b90_0 .var "mul_completed", 0 0;
v0000022719d31a50_0 .net "mul_done", 0 0, v0000022719622ef0_0;  1 drivers
v0000022719d31cd0_0 .net "mul_high", 0 0, L_000002271a19e3f0;  1 drivers
v0000022719d31c30_0 .net "mul_result", 31 0, v00000227196241b0_0;  1 drivers
v0000022719d31d70_0 .net "mul_signed_a", 0 0, L_000002271a211c50;  1 drivers
v0000022719d31870_0 .net "mul_signed_b", 0 0, L_000002271a212ba0;  1 drivers
v0000022719d31e10_0 .net "mul_start", 0 0, L_000002271a212c80;  1 drivers
v0000022719d31eb0_0 .var "mul_started", 0 0;
v0000022719d319b0_0 .net "redirect_pc_o", 31 0, L_000002271a1a0510;  alias, 1 drivers
v0000022719d31f50_0 .net "redirect_valid_o", 0 0, L_000002271a213e00;  1 drivers
v0000022719d31af0_0 .net "rst_n", 0 0, L_000002271a198630;  alias, 1 drivers
v0000022719d2b830_0 .net "shamt", 4 0, L_000002271a19f1b0;  1 drivers
v0000022719d2a930_0 .net "srcA", 31 0, L_000002271a1a0010;  1 drivers
v0000022719d2a9d0_0 .net "srcB", 31 0, L_000002271a19dbd0;  1 drivers
E_000002271a066030/0 .event anyedge, v0000022719d30e70_0, v0000022719d2f930_0, v0000022719d2f750_0, v0000022719d31690_0;
E_000002271a066030/1 .event anyedge, v0000022719d315f0_0, v0000022719d31730_0, v0000022719d2f9d0_0;
E_000002271a066030 .event/or E_000002271a066030/0, E_000002271a066030/1;
E_000002271a0659f0/0 .event anyedge, v0000022719d31410_0, v000002271a040e50_0, v0000022719d30470_0, v00000227196241b0_0;
E_000002271a0659f0/1 .event anyedge, v0000022719d30010_0, v00000227196251f0_0, v0000022719d31050_0, v0000022719626410_0;
E_000002271a0659f0/2 .event anyedge, v0000022719d30bf0_0;
E_000002271a0659f0 .event/or E_000002271a0659f0/0, E_000002271a0659f0/1, E_000002271a0659f0/2;
E_000002271a065a70/0 .event anyedge, v0000022719d30b50_0, v0000022719ef0150_0, v0000022719eacec0_0, v0000022719d2fc50_0;
E_000002271a065a70/1 .event anyedge, v0000022719d2b830_0, v0000022719d30c90_0;
E_000002271a065a70 .event/or E_000002271a065a70/0, E_000002271a065a70/1;
L_000002271a19db30 .functor MUXZ 32, L_000002271a19ff70, L_000002271a1b8980, L_000002271a210600, C4<>;
L_000002271a1a0010 .functor MUXZ 32, L_000002271a19db30, L_000002271a210830, L_000002271a2114e0, C4<>;
L_000002271a19dbd0 .functor MUXZ 32, L_000002271a19ef30, L_000002271a210520, L_000002271a20fe20, C4<>;
L_000002271a19e0d0 .part L_000002271a210520, 0, 5;
L_000002271a1a00b0 .part L_000002271a19ef30, 0, 5;
L_000002271a19f1b0 .functor MUXZ 5, L_000002271a1a00b0, L_000002271a19e0d0, L_000002271a20fe20, C4<>;
L_000002271a19f250 .cmp/eq 4, L_000002271a210ec0, L_000002271a1b89c8;
L_000002271a19e850 .cmp/eq 4, L_000002271a210ec0, L_000002271a1b8a10;
L_000002271a19dd10 .cmp/eq 4, L_000002271a210ec0, L_000002271a1b8a58;
L_000002271a19ddb0 .cmp/eq 4, L_000002271a210ec0, L_000002271a1b8aa0;
L_000002271a19f070 .cmp/eq 4, L_000002271a210ec0, L_000002271a1b8ae8;
L_000002271a19def0 .cmp/eq 4, L_000002271a210ec0, L_000002271a1b8b30;
L_000002271a19df90 .cmp/eq 4, L_000002271a210ec0, L_000002271a1b8b78;
L_000002271a19f430 .cmp/eq 4, L_000002271a210ec0, L_000002271a1b8bc0;
L_000002271a19e3f0 .cmp/ne 4, L_000002271a210ec0, L_000002271a1b8c08;
L_000002271a19f4d0 .cmp/eq 4, L_000002271a210ec0, L_000002271a1b8c50;
L_000002271a19f6b0 .cmp/eq 4, L_000002271a210ec0, L_000002271a1b8c98;
L_000002271a19e530 .cmp/eq 4, L_000002271a210ec0, L_000002271a1b8ce0;
L_000002271a19f890 .cmp/eq 4, L_000002271a210ec0, L_000002271a1b8d28;
L_000002271a19e670 .cmp/eq 4, L_000002271a210ec0, L_000002271a1b8d70;
L_000002271a19e710 .cmp/eq 4, L_000002271a210ec0, L_000002271a1b8db8;
L_000002271a19e990 .cmp/eq 4, L_000002271a210ec0, L_000002271a1b8e00;
L_000002271a1a1e10 .reduce/nor v0000022719d31eb0_0;
L_000002271a1a2590 .reduce/nor v0000022719d31b90_0;
L_000002271a1a1230 .reduce/nor v0000022719626550_0;
L_000002271a1a0970 .reduce/nor v0000022719d30a10_0;
L_000002271a1a2090 .reduce/nor v0000022719d310f0_0;
L_000002271a1a12d0 .reduce/nor v0000022719f60360_0;
L_000002271a1a10f0 .reduce/nor L_000002271a212190;
L_000002271a1a1eb0 .reduce/nor L_000002271a211b70;
L_000002271a1a1f50 .arith/sum 32, L_000002271a210830, L_000002271a1b9040;
L_000002271a1a2810 .cmp/eq 32, L_000002271a19ff70, L_000002271a19ef30;
L_000002271a1a2310 .cmp/gt.s 32, L_000002271a19ef30, L_000002271a19ff70;
L_000002271a1a1370 .cmp/gt 32, L_000002271a19ef30, L_000002271a19ff70;
L_000002271a1a1c30 .arith/sum 32, L_000002271a210830, L_000002271a210520;
L_000002271a1a1ff0 .arith/sum 32, L_000002271a210830, L_000002271a210520;
L_000002271a1a1410 .arith/sum 32, L_000002271a19ff70, L_000002271a210520;
L_000002271a1a0f10 .functor MUXZ 32, L_000002271a1a1c30, L_000002271a1a1ff0, L_000002271a2104b0, C4<>;
L_000002271a1a0510 .functor MUXZ 32, L_000002271a1a0f10, L_000002271a2145e0, L_000002271a211400, C4<>;
S_000002271a0df310 .scope module, "u_div" "restoring_divider" 8 139, 9 1 0, S_000002271a0e0440;
 .timescale -9 -12;
    .port_info 0 /INPUT 1 "clk";
    .port_info 1 /INPUT 1 "rst_n";
    .port_info 2 /INPUT 1 "start_i";
    .port_info 3 /INPUT 32 "dividend_i";
    .port_info 4 /INPUT 32 "divisor_i";
    .port_info 5 /INPUT 1 "signed_mode_i";
    .port_info 6 /OUTPUT 1 "busy_o";
    .port_info 7 /OUTPUT 1 "done_o";
    .port_info 8 /OUTPUT 32 "quotient_o";
    .port_info 9 /OUTPUT 32 "remainder_o";
L_000002271a2131c0 .functor AND 1, L_000002271a212b30, L_000002271a1a26d0, C4<1>, C4<1>;
L_000002271a213460 .functor AND 1, L_000002271a212b30, L_000002271a1a1190, C4<1>, C4<1>;
L_000002271a2129e0 .functor NOT 32, L_000002271a1a0010, C4<00000000000000000000000000000000>, C4<00000000000000000000000000000000>, C4<00000000000000000000000000000000>;
L_000002271a212a50 .functor NOT 32, L_000002271a19dbd0, C4<00000000000000000000000000000000>, C4<00000000000000000000000000000000>, C4<00000000000000000000000000000000>;
L_000002271a212740 .functor AND 1, L_000002271a212b30, L_000002271a1a1730, C4<1>, C4<1>;
L_000002271a213230 .functor AND 1, L_000002271a212740, L_000002271a1a2450, C4<1>, C4<1>;
v0000022719fb8930_0 .net *"_ivl_1", 0 0, L_000002271a1a26d0;  1 drivers
L_000002271a1b8ed8 .functor BUFT 1, C4<00000000000000000000000000000001>, C4<0>, C4<0>, C4<0>;
v0000022719f09640_0 .net/2u *"_ivl_10", 31 0, L_000002271a1b8ed8;  1 drivers
v0000022719f09d20_0 .net *"_ivl_12", 31 0, L_000002271a1a1050;  1 drivers
v0000022719f09f00_0 .net *"_ivl_16", 31 0, L_000002271a212a50;  1 drivers
L_000002271a1b8f20 .functor BUFT 1, C4<00000000000000000000000000000001>, C4<0>, C4<0>, C4<0>;
v0000022719f0a0e0_0 .net/2u *"_ivl_18", 31 0, L_000002271a1b8f20;  1 drivers
v0000022719f07ac0_0 .net *"_ivl_20", 31 0, L_000002271a1a0e70;  1 drivers
L_000002271a1b8f68 .functor BUFT 1, C4<00000000000000000000000000000000>, C4<0>, C4<0>, C4<0>;
v0000022719f08600_0 .net/2u *"_ivl_24", 31 0, L_000002271a1b8f68;  1 drivers
L_000002271a1b8fb0 .functor BUFT 1, C4<10000000000000000000000000000000>, C4<0>, C4<0>, C4<0>;
v0000022719f07f20_0 .net/2u *"_ivl_28", 31 0, L_000002271a1b8fb0;  1 drivers
v0000022719f08e20_0 .net *"_ivl_30", 0 0, L_000002271a1a1730;  1 drivers
v0000022719fac3d0_0 .net *"_ivl_33", 0 0, L_000002271a212740;  1 drivers
L_000002271a1b8ff8 .functor BUFT 1, C4<11111111111111111111111111111111>, C4<0>, C4<0>, C4<0>;
v0000022719faac10_0 .net/2u *"_ivl_34", 31 0, L_000002271a1b8ff8;  1 drivers
v0000022719fac830_0 .net *"_ivl_36", 0 0, L_000002271a1a2450;  1 drivers
v0000022719fab2f0_0 .net *"_ivl_5", 0 0, L_000002271a1a1190;  1 drivers
v0000022719f60180_0 .net *"_ivl_8", 31 0, L_000002271a2129e0;  1 drivers
v0000022719f60360_0 .var "busy_o", 0 0;
v0000022719f605e0_0 .net "clk", 0 0, L_0000022719c748c0;  alias, 1 drivers
v0000022719f736e0_0 .var "count_q", 5 0;
v0000022719f73780_0 .var "div_zero_q", 0 0;
v0000022719eaf3d0_0 .net "dividend_abs", 31 0, L_000002271a1a0ab0;  1 drivers
v0000022719eaf8d0_0 .var "dividend_hold_q", 31 0;
v0000022719ef0150_0 .net "dividend_i", 31 0, L_000002271a1a0010;  alias, 1 drivers
v0000022719ef0290_0 .net "dividend_neg", 0 0, L_000002271a2131c0;  1 drivers
v0000022719eacce0_0 .net "divisor_abs", 31 0, L_000002271a1a23b0;  1 drivers
v0000022719eacec0_0 .net "divisor_i", 31 0, L_000002271a19dbd0;  alias, 1 drivers
v0000022719e6cfc0_0 .net "divisor_neg", 0 0, L_000002271a213460;  1 drivers
v0000022719e6d6a0_0 .var "divisor_q", 31 0;
v0000022719e6def0_0 .var "done_o", 0 0;
v0000022719625c90_0 .var "overflow_q", 0 0;
v0000022719626190_0 .var "quotient_fix", 31 0;
v0000022719625d30_0 .var "quotient_neg_q", 0 0;
v0000022719625150_0 .var "quotient_next", 31 0;
v00000227196251f0_0 .var "quotient_o", 31 0;
v00000227196253d0_0 .var "quotient_q", 31 0;
v00000227196260f0_0 .var "remainder_fix", 31 0;
v00000227196255b0_0 .var "remainder_neg_q", 0 0;
v0000022719626370_0 .var "remainder_next", 31 0;
v0000022719626410_0 .var "remainder_o", 31 0;
v00000227196256f0_0 .var "remainder_q", 31 0;
v0000022719626050_0 .net "rst_n", 0 0, L_000002271a198630;  alias, 1 drivers
v0000022719625510_0 .net "signed_mode_i", 0 0, L_000002271a212b30;  alias, 1 drivers
v00000227196265f0_0 .net "start_div_zero", 0 0, L_000002271a1a15f0;  1 drivers
v0000022719625650_0 .net "start_i", 0 0, L_000002271a212200;  alias, 1 drivers
v0000022719626690_0 .net "start_overflow", 0 0, L_000002271a213230;  1 drivers
L_000002271a1a26d0 .part L_000002271a1a0010, 31, 1;
L_000002271a1a1190 .part L_000002271a19dbd0, 31, 1;
L_000002271a1a1050 .arith/sum 32, L_000002271a2129e0, L_000002271a1b8ed8;
L_000002271a1a0ab0 .functor MUXZ 32, L_000002271a1a0010, L_000002271a1a1050, L_000002271a2131c0, C4<>;
L_000002271a1a0e70 .arith/sum 32, L_000002271a212a50, L_000002271a1b8f20;
L_000002271a1a23b0 .functor MUXZ 32, L_000002271a19dbd0, L_000002271a1a0e70, L_000002271a213460, C4<>;
L_000002271a1a15f0 .cmp/eq 32, L_000002271a19dbd0, L_000002271a1b8f68;
L_000002271a1a1730 .cmp/eq 32, L_000002271a1a0010, L_000002271a1b8fb0;
L_000002271a1a2450 .cmp/eq 32, L_000002271a19dbd0, L_000002271a1b8ff8;
S_000002271a0deb40 .scope module, "u_mul" "booth_multiplier" 8 97, 10 1 0, S_000002271a0e0440;
 .timescale 0 0;
    .port_info 0 /INPUT 1 "clk";
    .port_info 1 /INPUT 1 "rst_n";
    .port_info 2 /INPUT 1 "start_i";
    .port_info 3 /INPUT 32 "a_i";
    .port_info 4 /INPUT 32 "b_i";
    .port_info 5 /INPUT 1 "signed_a_i";
    .port_info 6 /INPUT 1 "signed_b_i";
    .port_info 7 /INPUT 1 "high_half_i";
    .port_info 8 /OUTPUT 1 "busy_o";
    .port_info 9 /OUTPUT 1 "done_o";
    .port_info 10 /OUTPUT 32 "result_o";
L_000002271a2123c0 .functor AND 1, L_000002271a211c50, L_000002271a1a0650, C4<1>, C4<1>;
L_000002271a212f90 .functor NOT 32, L_000002271a1a0010, C4<00000000000000000000000000000000>, C4<00000000000000000000000000000000>, C4<00000000000000000000000000000000>;
L_000002271a2133f0 .functor AND 1, L_000002271a212ba0, L_000002271a1a0fb0, C4<1>, C4<1>;
L_000002271a211ef0 .functor NOT 32, L_000002271a19dbd0, C4<00000000000000000000000000000000>, C4<00000000000000000000000000000000>, C4<00000000000000000000000000000000>;
L_000002271a211cc0 .functor AND 1, L_000002271a211c50, L_000002271a1a0150, C4<1>, C4<1>;
L_000002271a2130e0 .functor AND 1, L_000002271a212ba0, L_000002271a1a1690, C4<1>, C4<1>;
L_000002271a212660 .functor XOR 1, L_000002271a211cc0, L_000002271a2130e0, C4<0>, C4<0>;
v0000022719625bf0_0 .net *"_ivl_1", 0 0, L_000002271a1a0650;  1 drivers
v0000022719625dd0_0 .net *"_ivl_13", 0 0, L_000002271a1a0fb0;  1 drivers
v0000022719625e70_0 .net *"_ivl_15", 0 0, L_000002271a2133f0;  1 drivers
v0000022719625790_0 .net *"_ivl_16", 31 0, L_000002271a211ef0;  1 drivers
L_000002271a1b8e90 .functor BUFT 1, C4<00000000000000000000000000000001>, C4<0>, C4<0>, C4<0>;
v0000022719625010_0 .net/2u *"_ivl_18", 31 0, L_000002271a1b8e90;  1 drivers
v0000022719626230_0 .net *"_ivl_20", 31 0, L_000002271a1a1b90;  1 drivers
v0000022719625f10_0 .net *"_ivl_25", 0 0, L_000002271a1a0150;  1 drivers
v00000227196250b0_0 .net *"_ivl_27", 0 0, L_000002271a211cc0;  1 drivers
v0000022719625830_0 .net *"_ivl_29", 0 0, L_000002271a1a1690;  1 drivers
v00000227196258d0_0 .net *"_ivl_3", 0 0, L_000002271a2123c0;  1 drivers
v0000022719625970_0 .net *"_ivl_31", 0 0, L_000002271a2130e0;  1 drivers
v0000022719625290_0 .net *"_ivl_4", 31 0, L_000002271a212f90;  1 drivers
L_000002271a1b8e48 .functor BUFT 1, C4<00000000000000000000000000000001>, C4<0>, C4<0>, C4<0>;
v0000022719625a10_0 .net/2u *"_ivl_6", 31 0, L_000002271a1b8e48;  1 drivers
v0000022719625fb0_0 .net *"_ivl_8", 31 0, L_000002271a1a0790;  1 drivers
v00000227196262d0_0 .net "a_i", 31 0, L_000002271a1a0010;  alias, 1 drivers
v0000022719625330_0 .net "abs_a", 31 0, L_000002271a1a1af0;  1 drivers
v00000227196264b0_0 .net "abs_b", 31 0, L_000002271a1a0dd0;  1 drivers
v0000022719625470_0 .var "accum_next", 63 0;
v0000022719625ab0_0 .var "accum_q", 63 0;
v0000022719625b50_0 .net "b_i", 31 0, L_000002271a19dbd0;  alias, 1 drivers
v0000022719626550_0 .var "busy_o", 0 0;
v0000022719622bd0_0 .net "clk", 0 0, L_0000022719c748c0;  alias, 1 drivers
v00000227196246b0_0 .var "count_q", 5 0;
v0000022719622ef0_0 .var "done_o", 0 0;
v0000022719622c70_0 .net "high_half_i", 0 0, L_000002271a19e3f0;  alias, 1 drivers
v0000022719623490_0 .var "high_half_q", 0 0;
v00000227196238f0_0 .var "multiplicand_q", 63 0;
v0000022719623ad0_0 .var "multiplier_q", 31 0;
v0000022719622950_0 .var "negate_q", 0 0;
v0000022719623b70_0 .net "negate_start", 0 0, L_000002271a212660;  1 drivers
v00000227196229f0_0 .var "product_next", 63 0;
v00000227196241b0_0 .var "result_o", 31 0;
v0000022719623850_0 .net "rst_n", 0 0, L_000002271a198630;  alias, 1 drivers
v0000022719622db0_0 .net "signed_a_i", 0 0, L_000002271a211c50;  alias, 1 drivers
v0000022719624890_0 .net "signed_b_i", 0 0, L_000002271a212ba0;  alias, 1 drivers
v0000022719624930_0 .var "signed_product_next", 63 0;
v0000022719624d90_0 .net "start_i", 0 0, L_000002271a212c80;  alias, 1 drivers
L_000002271a1a0650 .part L_000002271a1a0010, 31, 1;
L_000002271a1a0790 .arith/sum 32, L_000002271a212f90, L_000002271a1b8e48;
L_000002271a1a1af0 .functor MUXZ 32, L_000002271a1a0010, L_000002271a1a0790, L_000002271a2123c0, C4<>;
L_000002271a1a0fb0 .part L_000002271a19dbd0, 31, 1;
L_000002271a1a1b90 .arith/sum 32, L_000002271a211ef0, L_000002271a1b8e90;
L_000002271a1a0dd0 .functor MUXZ 32, L_000002271a19dbd0, L_000002271a1a1b90, L_000002271a2133f0, C4<>;
L_000002271a1a0150 .part L_000002271a1a0010, 31, 1;
L_000002271a1a1690 .part L_000002271a19dbd0, 31, 1;
S_0000022719e5d8c0 .scope module, "u_ex_mem" "ex_mem_reg" 4 1469, 11 3 0, S_000002271a0df4a0;
 .timescale -12 -12;
    .port_info 0 /INPUT 1 "clk";
    .port_info 1 /INPUT 1 "rst_n";
    .port_info 2 /INPUT 1 "stall_i";
    .port_info 3 /INPUT 1 "flush_i";
    .port_info 4 /INPUT 1 "ex_valid_i";
    .port_info 5 /INPUT 32 "ex_pc4_i";
    .port_info 6 /INPUT 32 "ex_alu_result_i";
    .port_info 7 /INPUT 32 "ex_store_data_i";
    .port_info 8 /INPUT 5 "ex_rd_i";
    .port_info 9 /INPUT 1 "ex_reg_write_i";
    .port_info 10 /INPUT 2 "ex_wb_sel_i";
    .port_info 11 /INPUT 1 "ex_mem_read_i";
    .port_info 12 /INPUT 1 "ex_mem_write_i";
    .port_info 13 /INPUT 3 "ex_mem_funct3_i";
    .port_info 14 /OUTPUT 32 "mem_pc4_o";
    .port_info 15 /OUTPUT 32 "mem_alu_result_o";
    .port_info 16 /OUTPUT 32 "mem_store_data_o";
    .port_info 17 /OUTPUT 5 "mem_rd_o";
    .port_info 18 /OUTPUT 1 "mem_reg_write_o";
    .port_info 19 /OUTPUT 2 "mem_wb_sel_o";
    .port_info 20 /OUTPUT 1 "mem_mem_read_o";
    .port_info 21 /OUTPUT 1 "mem_mem_write_o";
    .port_info 22 /OUTPUT 3 "mem_size_o";
    .port_info 23 /OUTPUT 1 "mem_valid_o";
L_000002271a216090 .functor BUFZ 32, v0000022719d2c370_0, C4<00000000000000000000000000000000>, C4<00000000000000000000000000000000>, C4<00000000000000000000000000000000>;
L_000002271a216c60 .functor BUFZ 32, v0000022719d2ab10_0, C4<00000000000000000000000000000000>, C4<00000000000000000000000000000000>, C4<00000000000000000000000000000000>;
L_000002271a215a70 .functor BUFZ 32, v0000022719d2c730_0, C4<00000000000000000000000000000000>, C4<00000000000000000000000000000000>, C4<00000000000000000000000000000000>;
L_000002271a215ed0 .functor BUFZ 5, v0000022719d2a6b0_0, C4<00000>, C4<00000>, C4<00000>;
L_000002271a216170 .functor BUFZ 1, v0000022719d2c550_0, C4<0>, C4<0>, C4<0>;
L_000002271a2161e0 .functor BUFZ 2, v0000022719d2d950_0, C4<00>, C4<00>, C4<00>;
L_000002271a215bc0 .functor BUFZ 1, v0000022719d2a250_0, C4<0>, C4<0>, C4<0>;
L_000002271a2157d0 .functor BUFZ 1, v0000022719d2c190_0, C4<0>, C4<0>, C4<0>;
L_000002271a216800 .functor BUFZ 1, v0000022719d2d450_0, C4<0>, C4<0>, C4<0>;
L_000002271a216950 .functor BUFZ 3, v0000022719d2c050_0, C4<000>, C4<000>, C4<000>;
L_000002271a1b97d8 .functor BUFT 1, C4<00000000000000000000000000000000>, C4<0>, C4<0>, C4<0>;
v0000022719d2a110_0 .net/2u *"_ivl_0", 31 0, L_000002271a1b97d8;  1 drivers
L_000002271a1b9868 .functor BUFT 1, C4<00000000000000000000000000000000>, C4<0>, C4<0>, C4<0>;
v0000022719d2a390_0 .net/2u *"_ivl_12", 31 0, L_000002271a1b9868;  1 drivers
v0000022719d2a430_0 .net *"_ivl_14", 31 0, L_000002271a1a4d90;  1 drivers
L_000002271a1b98b0 .functor BUFT 1, C4<00000>, C4<0>, C4<0>, C4<0>;
v0000022719d2be70_0 .net/2u *"_ivl_18", 4 0, L_000002271a1b98b0;  1 drivers
v0000022719d2b650_0 .net *"_ivl_2", 31 0, L_000002271a1a3170;  1 drivers
v0000022719d2b6f0_0 .net *"_ivl_20", 4 0, L_000002271a1a4b10;  1 drivers
L_000002271a1b98f8 .functor BUFT 1, C4<0>, C4<0>, C4<0>, C4<0>;
v0000022719d2ae30_0 .net/2u *"_ivl_24", 0 0, L_000002271a1b98f8;  1 drivers
v0000022719d2aed0_0 .net *"_ivl_26", 0 0, L_000002271a1a38f0;  1 drivers
L_000002271a1b9940 .functor BUFT 1, C4<00>, C4<0>, C4<0>, C4<0>;
v0000022719d2a1b0_0 .net/2u *"_ivl_30", 1 0, L_000002271a1b9940;  1 drivers
v0000022719d2b8d0_0 .net *"_ivl_32", 1 0, L_000002271a1a2b30;  1 drivers
L_000002271a1b9988 .functor BUFT 1, C4<0>, C4<0>, C4<0>, C4<0>;
v0000022719d2b1f0_0 .net/2u *"_ivl_36", 0 0, L_000002271a1b9988;  1 drivers
v0000022719d2a7f0_0 .net *"_ivl_38", 0 0, L_000002271a1a50b0;  1 drivers
L_000002271a1b99d0 .functor BUFT 1, C4<0>, C4<0>, C4<0>, C4<0>;
v0000022719d2b5b0_0 .net/2u *"_ivl_42", 0 0, L_000002271a1b99d0;  1 drivers
v0000022719d2ba10_0 .net *"_ivl_44", 0 0, L_000002271a1a3a30;  1 drivers
L_000002271a1b9a18 .functor BUFT 1, C4<0>, C4<0>, C4<0>, C4<0>;
v0000022719d2c7d0_0 .net/2u *"_ivl_48", 0 0, L_000002271a1b9a18;  1 drivers
v0000022719d2aa70_0 .net *"_ivl_50", 0 0, L_000002271a1a4610;  1 drivers
L_000002271a1b9a60 .functor BUFT 1, C4<010>, C4<0>, C4<0>, C4<0>;
v0000022719d2a610_0 .net/2u *"_ivl_54", 2 0, L_000002271a1b9a60;  1 drivers
v0000022719d2b510_0 .net *"_ivl_56", 2 0, L_000002271a1a4f70;  1 drivers
L_000002271a1b9820 .functor BUFT 1, C4<00000000000000000000000000000000>, C4<0>, C4<0>, C4<0>;
v0000022719d2b150_0 .net/2u *"_ivl_6", 31 0, L_000002271a1b9820;  1 drivers
v0000022719d2ac50_0 .net *"_ivl_8", 31 0, L_000002271a1a4930;  1 drivers
v0000022719d2bdd0_0 .net "alu_d", 31 0, L_000002271a1a4070;  1 drivers
v0000022719d2ab10_0 .var "alu_q", 31 0;
v0000022719d2bc90_0 .net "clk", 0 0, L_0000022719c748c0;  alias, 1 drivers
v0000022719d2abb0_0 .net "ex_alu_result_i", 31 0, v0000022719d300b0_0;  alias, 1 drivers
v0000022719d2c5f0_0 .net "ex_mem_funct3_i", 2 0, L_000002271a210c90;  alias, 1 drivers
v0000022719d2acf0_0 .net "ex_mem_read_i", 0 0, L_000002271a210130;  alias, 1 drivers
v0000022719d2b790_0 .net "ex_mem_write_i", 0 0, L_000002271a2109f0;  alias, 1 drivers
v0000022719d2ad90_0 .net "ex_pc4_i", 31 0, L_000002271a1a1f50;  alias, 1 drivers
v0000022719d2b970_0 .net "ex_rd_i", 4 0, L_000002271a210de0;  alias, 1 drivers
v0000022719d2bab0_0 .net "ex_reg_write_i", 0 0, L_000002271a210b40;  alias, 1 drivers
v0000022719d2bb50_0 .net "ex_store_data_i", 31 0, L_000002271a213620;  alias, 1 drivers
v0000022719d2af70_0 .net "ex_valid_i", 0 0, L_000002271a210360;  alias, 1 drivers
v0000022719d2b010_0 .net "ex_wb_sel_i", 1 0, L_000002271a2111d0;  alias, 1 drivers
v0000022719d2bf10_0 .net "flush_i", 0 0, L_000002271a215990;  alias, 1 drivers
v0000022719d2bfb0_0 .net "mem_alu_result_o", 31 0, L_000002271a216c60;  alias, 1 drivers
v0000022719d2bbf0_0 .net "mem_f3_d", 2 0, L_000002271a1a32b0;  1 drivers
v0000022719d2c050_0 .var "mem_f3_q", 2 0;
v0000022719d2a750_0 .net "mem_mem_read_o", 0 0, L_000002271a215bc0;  alias, 1 drivers
v0000022719d2a4d0_0 .net "mem_mem_write_o", 0 0, L_000002271a2157d0;  alias, 1 drivers
v0000022719d2b0b0_0 .net "mem_pc4_o", 31 0, L_000002271a216090;  alias, 1 drivers
v0000022719d2c230_0 .net "mem_rd_d", 0 0, L_000002271a1a3210;  1 drivers
v0000022719d2b330_0 .net "mem_rd_o", 4 0, L_000002271a215ed0;  alias, 1 drivers
v0000022719d2a250_0 .var "mem_rd_q", 0 0;
v0000022719d2b3d0_0 .net "mem_reg_write_o", 0 0, L_000002271a216170;  alias, 1 drivers
v0000022719d2a2f0_0 .net "mem_size_o", 2 0, L_000002271a216950;  alias, 1 drivers
v0000022719d2bd30_0 .net "mem_store_data_o", 31 0, L_000002271a215a70;  alias, 1 drivers
v0000022719d2b290_0 .net "mem_valid_o", 0 0, L_000002271a216800;  alias, 1 drivers
v0000022719d2a570_0 .net "mem_wb_sel_o", 1 0, L_000002271a2161e0;  alias, 1 drivers
v0000022719d2c0f0_0 .net "mem_wr_d", 0 0, L_000002271a1a33f0;  1 drivers
v0000022719d2c190_0 .var "mem_wr_q", 0 0;
v0000022719d2c2d0_0 .net "pc4_d", 31 0, L_000002271a1a4ed0;  1 drivers
v0000022719d2c370_0 .var "pc4_q", 31 0;
v0000022719d2c410_0 .net "rd_d", 4 0, L_000002271a1a29f0;  1 drivers
v0000022719d2a6b0_0 .var "rd_q", 4 0;
v0000022719d2c4b0_0 .net "reg_wr_d", 0 0, L_000002271a1a3030;  1 drivers
v0000022719d2c550_0 .var "reg_wr_q", 0 0;
v0000022719d2a890_0 .net "rst_n", 0 0, L_000002271a198630;  alias, 1 drivers
v0000022719d2c690_0 .net "stall_i", 0 0, L_000002271a21acb0;  alias, 1 drivers
v0000022719d2b470_0 .net "store_d", 31 0, L_000002271a1a3d50;  1 drivers
v0000022719d2c730_0 .var "store_q", 31 0;
v0000022719d2a070_0 .net "valid_d", 0 0, L_000002271a1a3490;  1 drivers
v0000022719d2d450_0 .var "valid_q", 0 0;
v0000022719d2e210_0 .net "wb_sel_d", 1 0, L_000002271a1a3c10;  1 drivers
v0000022719d2d950_0 .var "wb_sel_q", 1 0;
L_000002271a1a3170 .functor MUXZ 32, L_000002271a1a1f50, v0000022719d2c370_0, L_000002271a21acb0, C4<>;
L_000002271a1a4ed0 .functor MUXZ 32, L_000002271a1a3170, L_000002271a1b97d8, L_000002271a215990, C4<>;
L_000002271a1a4930 .functor MUXZ 32, v0000022719d300b0_0, v0000022719d2ab10_0, L_000002271a21acb0, C4<>;
L_000002271a1a4070 .functor MUXZ 32, L_000002271a1a4930, L_000002271a1b9820, L_000002271a215990, C4<>;
L_000002271a1a4d90 .functor MUXZ 32, L_000002271a213620, v0000022719d2c730_0, L_000002271a21acb0, C4<>;
L_000002271a1a3d50 .functor MUXZ 32, L_000002271a1a4d90, L_000002271a1b9868, L_000002271a215990, C4<>;
L_000002271a1a4b10 .functor MUXZ 5, L_000002271a210de0, v0000022719d2a6b0_0, L_000002271a21acb0, C4<>;
L_000002271a1a29f0 .functor MUXZ 5, L_000002271a1a4b10, L_000002271a1b98b0, L_000002271a215990, C4<>;
L_000002271a1a38f0 .functor MUXZ 1, L_000002271a210b40, v0000022719d2c550_0, L_000002271a21acb0, C4<>;
L_000002271a1a3030 .functor MUXZ 1, L_000002271a1a38f0, L_000002271a1b98f8, L_000002271a215990, C4<>;
L_000002271a1a2b30 .functor MUXZ 2, L_000002271a2111d0, v0000022719d2d950_0, L_000002271a21acb0, C4<>;
L_000002271a1a3c10 .functor MUXZ 2, L_000002271a1a2b30, L_000002271a1b9940, L_000002271a215990, C4<>;
L_000002271a1a50b0 .functor MUXZ 1, L_000002271a210130, v0000022719d2a250_0, L_000002271a21acb0, C4<>;
L_000002271a1a3210 .functor MUXZ 1, L_000002271a1a50b0, L_000002271a1b9988, L_000002271a215990, C4<>;
L_000002271a1a3a30 .functor MUXZ 1, L_000002271a2109f0, v0000022719d2c190_0, L_000002271a21acb0, C4<>;
L_000002271a1a33f0 .functor MUXZ 1, L_000002271a1a3a30, L_000002271a1b99d0, L_000002271a215990, C4<>;
L_000002271a1a4610 .functor MUXZ 1, L_000002271a210360, v0000022719d2d450_0, L_000002271a21acb0, C4<>;
L_000002271a1a3490 .functor MUXZ 1, L_000002271a1a4610, L_000002271a1b9a18, L_000002271a215990, C4<>;
L_000002271a1a4f70 .functor MUXZ 3, L_000002271a210c90, v0000022719d2c050_0, L_000002271a21acb0, C4<>;
L_000002271a1a32b0 .functor MUXZ 3, L_000002271a1a4f70, L_000002271a1b9a60, L_000002271a215990, C4<>;
S_0000022719002940 .scope module, "u_fwd" "forward_unit" 4 1268, 12 10 0, S_000002271a0df4a0;
 .timescale -12 -12;
    .port_info 0 /INPUT 5 "ex_rs1_idx_i";
    .port_info 1 /INPUT 5 "ex_rs2_idx_i";
    .port_info 2 /INPUT 32 "ex_rs1_val_i";
    .port_info 3 /INPUT 32 "ex_rs2_val_i";
    .port_info 4 /INPUT 1 "mem_valid_i";
    .port_info 5 /INPUT 1 "mem_reg_write_i";
    .port_info 6 /INPUT 2 "mem_wb_sel_i";
    .port_info 7 /INPUT 5 "mem_rd_i";
    .port_info 8 /INPUT 32 "mem_alu_result_i";
    .port_info 9 /INPUT 32 "mem_pc4_i";
    .port_info 10 /INPUT 1 "mem_load_valid_i";
    .port_info 11 /INPUT 32 "mem_load_data_i";
    .port_info 12 /INPUT 1 "wb_we_i";
    .port_info 13 /INPUT 5 "wb_rd_i";
    .port_info 14 /INPUT 32 "wb_wdata_i";
    .port_info 15 /OUTPUT 32 "ex_rs1_val_o";
    .port_info 16 /OUTPUT 32 "ex_rs2_val_o";
L_000002271a212900 .functor AND 1, L_000002271a216800, L_000002271a216170, C4<1>, C4<1>;
L_000002271a212040 .functor AND 1, L_000002271a212900, L_000002271a19fb10, C4<1>, C4<1>;
L_000002271a212890 .functor AND 1, L_000002271a212040, L_000002271a19f930, C4<1>, C4<1>;
L_000002271a212ac0 .functor AND 1, L_000002271a212890, L_000002271a216560, C4<1>, C4<1>;
L_000002271a212350 .functor NOT 1, L_000002271a19f930, C4<0>, C4<0>, C4<0>;
L_000002271a211f60 .functor AND 1, L_000002271a212040, L_000002271a212350, C4<1>, C4<1>;
L_000002271a2125f0 .functor BUFZ 1, L_000002271a212ac0, C4<0>, C4<0>, C4<0>;
L_000002271a211e80 .functor BUFZ 1, L_000002271a211f60, C4<0>, C4<0>, C4<0>;
L_000002271a212f20 .functor OR 1, L_000002271a2125f0, L_000002271a211e80, C4<0>, C4<0>;
L_000002271a211fd0 .functor AND 1, L_000002271a212f20, L_000002271a19fc50, C4<1>, C4<1>;
L_000002271a2122e0 .functor AND 1, L_000002271a211fd0, L_000002271a19de50, C4<1>, C4<1>;
L_000002271a211e10 .functor AND 1, L_000002271a212f20, L_000002271a19e490, C4<1>, C4<1>;
L_000002271a212eb0 .functor AND 1, L_000002271a211e10, L_000002271a19f390, C4<1>, C4<1>;
L_000002271a2126d0 .functor AND 1, L_000002271a218a20, L_000002271a19fe30, C4<1>, C4<1>;
L_000002271a213310 .functor AND 1, L_000002271a2126d0, L_000002271a19e7b0, C4<1>, C4<1>;
L_000002271a213380 .functor AND 1, L_000002271a218a20, L_000002271a19e210, C4<1>, C4<1>;
L_000002271a213070 .functor AND 1, L_000002271a213380, L_000002271a19d9f0, C4<1>, C4<1>;
L_000002271a1b8788 .functor BUFT 1, C4<01>, C4<0>, C4<0>, C4<0>;
v0000022719d2cc30_0 .net/2u *"_ivl_0", 1 0, L_000002271a1b8788;  1 drivers
v0000022719d2d270_0 .net *"_ivl_12", 0 0, L_000002271a212890;  1 drivers
v0000022719d2e850_0 .net *"_ivl_16", 0 0, L_000002271a212350;  1 drivers
L_000002271a1b8818 .functor BUFT 1, C4<10>, C4<0>, C4<0>, C4<0>;
v0000022719d2efd0_0 .net/2u *"_ivl_24", 1 0, L_000002271a1b8818;  1 drivers
v0000022719d2ccd0_0 .net *"_ivl_26", 0 0, L_000002271a19ed50;  1 drivers
v0000022719d2cff0_0 .net *"_ivl_28", 31 0, L_000002271a19f610;  1 drivers
v0000022719d2dbd0_0 .net *"_ivl_34", 0 0, L_000002271a19fc50;  1 drivers
v0000022719d2d9f0_0 .net *"_ivl_36", 0 0, L_000002271a211fd0;  1 drivers
L_000002271a1b8860 .functor BUFT 1, C4<00000>, C4<0>, C4<0>, C4<0>;
v0000022719d2ef30_0 .net/2u *"_ivl_38", 4 0, L_000002271a1b8860;  1 drivers
v0000022719d2e7b0_0 .net *"_ivl_4", 0 0, L_000002271a212900;  1 drivers
v0000022719d2e710_0 .net *"_ivl_40", 0 0, L_000002271a19de50;  1 drivers
v0000022719d2cb90_0 .net *"_ivl_44", 0 0, L_000002271a19e490;  1 drivers
v0000022719d2ea30_0 .net *"_ivl_46", 0 0, L_000002271a211e10;  1 drivers
L_000002271a1b88a8 .functor BUFT 1, C4<00000>, C4<0>, C4<0>, C4<0>;
v0000022719d2d6d0_0 .net/2u *"_ivl_48", 4 0, L_000002271a1b88a8;  1 drivers
v0000022719d2d090_0 .net *"_ivl_50", 0 0, L_000002271a19f390;  1 drivers
v0000022719d2ee90_0 .net *"_ivl_54", 0 0, L_000002271a19fe30;  1 drivers
v0000022719d2d590_0 .net *"_ivl_56", 0 0, L_000002271a2126d0;  1 drivers
L_000002271a1b88f0 .functor BUFT 1, C4<00000>, C4<0>, C4<0>, C4<0>;
v0000022719d2e5d0_0 .net/2u *"_ivl_58", 4 0, L_000002271a1b88f0;  1 drivers
L_000002271a1b87d0 .functor BUFT 1, C4<00000>, C4<0>, C4<0>, C4<0>;
v0000022719d2e8f0_0 .net/2u *"_ivl_6", 4 0, L_000002271a1b87d0;  1 drivers
v0000022719d2d770_0 .net *"_ivl_60", 0 0, L_000002271a19e7b0;  1 drivers
v0000022719d2e030_0 .net *"_ivl_64", 0 0, L_000002271a19e210;  1 drivers
v0000022719d2e3f0_0 .net *"_ivl_66", 0 0, L_000002271a213380;  1 drivers
L_000002271a1b8938 .functor BUFT 1, C4<00000>, C4<0>, C4<0>, C4<0>;
v0000022719d2dd10_0 .net/2u *"_ivl_68", 4 0, L_000002271a1b8938;  1 drivers
v0000022719d2d3b0_0 .net *"_ivl_70", 0 0, L_000002271a19d9f0;  1 drivers
v0000022719d2e990_0 .net *"_ivl_74", 31 0, L_000002271a19edf0;  1 drivers
v0000022719d2d810_0 .net *"_ivl_78", 31 0, L_000002271a19ee90;  1 drivers
v0000022719d2e670_0 .net *"_ivl_8", 0 0, L_000002271a19fb10;  1 drivers
v0000022719d2d1d0_0 .net "ex_rs1_idx_i", 4 0, L_000002271a2101a0;  alias, 1 drivers
v0000022719d2ce10_0 .net "ex_rs1_val_i", 31 0, L_000002271a210280;  alias, 1 drivers
v0000022719d2caf0_0 .net "ex_rs1_val_o", 31 0, L_000002271a19ff70;  alias, 1 drivers
v0000022719d2cd70_0 .net "ex_rs2_idx_i", 4 0, L_000002271a210a60;  alias, 1 drivers
v0000022719d2d130_0 .net "ex_rs2_val_i", 31 0, L_000002271a210d00;  alias, 1 drivers
v0000022719d2d310_0 .net "ex_rs2_val_o", 31 0, L_000002271a19ef30;  alias, 1 drivers
v0000022719d2d4f0_0 .net "match_mem_rs1", 0 0, L_000002271a2122e0;  1 drivers
v0000022719d2ead0_0 .net "match_mem_rs2", 0 0, L_000002271a212eb0;  1 drivers
v0000022719d2d630_0 .net "match_wb_rs1", 0 0, L_000002271a213310;  1 drivers
v0000022719d2c870_0 .net "match_wb_rs2", 0 0, L_000002271a213070;  1 drivers
v0000022719d2d8b0_0 .net "mem_alu_result_i", 31 0, L_000002271a216c60;  alias, 1 drivers
v0000022719d2e490_0 .net "mem_can_forward", 0 0, L_000002271a212f20;  1 drivers
v0000022719d2da90_0 .net "mem_can_forward_alu", 0 0, L_000002271a211e80;  1 drivers
v0000022719d2ed50_0 .net "mem_can_forward_load", 0 0, L_000002271a2125f0;  1 drivers
v0000022719d2ddb0_0 .net "mem_can_write", 0 0, L_000002271a212040;  1 drivers
v0000022719d2ca50_0 .net "mem_can_write_alu", 0 0, L_000002271a211f60;  1 drivers
v0000022719d2c9b0_0 .net "mem_can_write_load", 0 0, L_000002271a212ac0;  1 drivers
v0000022719d2eb70_0 .net "mem_fwd_data", 31 0, L_000002271a19da90;  1 drivers
v0000022719d2ceb0_0 .net "mem_is_load", 0 0, L_000002271a19f930;  1 drivers
v0000022719d2db30_0 .net "mem_load_data_i", 31 0, L_000002271a1a58d0;  alias, 1 drivers
v0000022719d2ec10_0 .net "mem_load_valid_i", 0 0, L_000002271a216560;  alias, 1 drivers
v0000022719d2e530_0 .net "mem_pc4_i", 31 0, L_000002271a216090;  alias, 1 drivers
v0000022719d2cf50_0 .net "mem_rd_i", 4 0, L_000002271a215ed0;  alias, 1 drivers
v0000022719d2dc70_0 .net "mem_reg_write_i", 0 0, L_000002271a216170;  alias, 1 drivers
v0000022719d2de50_0 .net "mem_valid_i", 0 0, L_000002271a216800;  alias, 1 drivers
v0000022719d2ecb0_0 .net "mem_wb_sel_i", 1 0, L_000002271a2161e0;  alias, 1 drivers
v0000022719d2edf0_0 .net "wb_rd_i", 4 0, v000002271a169600_0;  alias, 1 drivers
v0000022719d2def0_0 .net "wb_wdata_i", 31 0, v000002271a167b20_0;  alias, 1 drivers
v0000022719d2df90_0 .net "wb_we_i", 0 0, L_000002271a218a20;  alias, 1 drivers
L_000002271a19f930 .cmp/eq 2, L_000002271a2161e0, L_000002271a1b8788;
L_000002271a19fb10 .cmp/ne 5, L_000002271a215ed0, L_000002271a1b87d0;
L_000002271a19ed50 .cmp/eq 2, L_000002271a2161e0, L_000002271a1b8818;
L_000002271a19f610 .functor MUXZ 32, L_000002271a216c60, L_000002271a216090, L_000002271a19ed50, C4<>;
L_000002271a19da90 .functor MUXZ 32, L_000002271a19f610, L_000002271a1a58d0, L_000002271a19f930, C4<>;
L_000002271a19fc50 .cmp/eq 5, L_000002271a2101a0, L_000002271a215ed0;
L_000002271a19de50 .cmp/ne 5, L_000002271a2101a0, L_000002271a1b8860;
L_000002271a19e490 .cmp/eq 5, L_000002271a210a60, L_000002271a215ed0;
L_000002271a19f390 .cmp/ne 5, L_000002271a210a60, L_000002271a1b88a8;
L_000002271a19fe30 .cmp/eq 5, v000002271a169600_0, L_000002271a2101a0;
L_000002271a19e7b0 .cmp/ne 5, v000002271a169600_0, L_000002271a1b88f0;
L_000002271a19e210 .cmp/eq 5, v000002271a169600_0, L_000002271a210a60;
L_000002271a19d9f0 .cmp/ne 5, v000002271a169600_0, L_000002271a1b8938;
L_000002271a19edf0 .functor MUXZ 32, L_000002271a210280, v000002271a167b20_0, L_000002271a213310, C4<>;
L_000002271a19ff70 .functor MUXZ 32, L_000002271a19edf0, L_000002271a19da90, L_000002271a2122e0, C4<>;
L_000002271a19ee90 .functor MUXZ 32, L_000002271a210d00, v000002271a167b20_0, L_000002271a213070, C4<>;
L_000002271a19ef30 .functor MUXZ 32, L_000002271a19ee90, L_000002271a19da90, L_000002271a212eb0, C4<>;
S_0000022719002620 .scope module, "u_hdu" "hazard_unit" 4 1974, 13 12 0, S_000002271a0df4a0;
 .timescale -12 -12;
    .port_info 0 /INPUT 1 "id_valid_i";
    .port_info 1 /INPUT 5 "id_rs1_i";
    .port_info 2 /INPUT 5 "id_rs2_i";
    .port_info 3 /INPUT 1 "id_is_store_i";
    .port_info 4 /INPUT 1 "ex_valid_i";
    .port_info 5 /INPUT 5 "ex_rd_i";
    .port_info 6 /INPUT 1 "ex_reg_write_i";
    .port_info 7 /INPUT 1 "ex_mem_read_i";
    .port_info 8 /INPUT 1 "ex_stall_req_i";
    .port_info 9 /INPUT 1 "mem_valid_i";
    .port_info 10 /INPUT 5 "mem_rd_i";
    .port_info 11 /INPUT 1 "mem_reg_write_i";
    .port_info 12 /INPUT 1 "mem_stall_i";
    .port_info 13 /INPUT 1 "mem_load_active_i";
    .port_info 14 /INPUT 32 "pending_load_mask_i";
    .port_info 15 /INPUT 1 "ifetch_stall_i";
    .port_info 16 /INPUT 1 "redirect_valid_i";
    .port_info 17 /OUTPUT 1 "stall_if_o";
    .port_info 18 /OUTPUT 1 "stall_id_o";
    .port_info 19 /OUTPUT 1 "stall_ex_o";
    .port_info 20 /OUTPUT 1 "stall_exmem_o";
    .port_info 21 /OUTPUT 1 "flush_ifid_o";
    .port_info 22 /OUTPUT 1 "flush_idex_o";
P_0000022718fe7000 .param/l "FORWARDING_EN" 0 13 15, C4<1>;
P_0000022718fe7038 .param/l "STALL_ON_ANY_PENDING_LOAD" 0 13 17, C4<0>;
L_000002271a2189b0 .functor AND 1, L_000002271a1a8e90, L_000002271a1a7ef0, C4<1>, C4<1>;
L_000002271a218b70 .functor AND 1, L_000002271a1a79f0, L_000002271a1a9110, C4<1>, C4<1>;
L_000002271a219cf0 .functor AND 1, L_000002271a210360, L_000002271a1a9c50, C4<1>, C4<1>;
L_000002271a219eb0 .functor OR 1, L_000002271a2189b0, L_000002271a218b70, C4<0>, C4<0>;
L_000002271a21a000 .functor AND 1, L_000002271a219cf0, L_000002271a219eb0, C4<1>, C4<1>;
L_000002271a218fd0 .functor AND 1, L_000002271a1a8e90, L_000002271a1a8fd0, C4<1>, C4<1>;
L_000002271a21a070 .functor AND 1, L_000002271a1a79f0, L_000002271a1a8490, C4<1>, C4<1>;
L_000002271a218ef0 .functor AND 1, L_000002271a216800, L_000002271a1a7d10, C4<1>, C4<1>;
L_000002271a21bf10 .functor OR 1, L_000002271a218fd0, L_000002271a21a070, C4<0>, C4<0>;
L_000002271a21bc70 .functor AND 1, L_000002271a218ef0, L_000002271a21bf10, C4<1>, C4<1>;
L_000002271a21bdc0 .functor AND 1, L_000002271a21a000, L_000002271a210130, C4<1>, C4<1>;
L_000002271a21bf80 .functor AND 1, L_000002271a21a000, L_000002271a210b40, C4<1>, C4<1>;
L_000002271a21b340 .functor AND 1, L_000002271a21bc70, L_000002271a216170, C4<1>, C4<1>;
L_000002271a21b1f0 .functor OR 1, L_000002271a21bf80, L_000002271a21b340, C4<0>, C4<0>;
L_000002271a21b260 .functor AND 1, L_000002271a21bc70, L_000002271a2158b0, C4<1>, C4<1>;
L_000002271a21a930 .functor AND 1, L_000002271a1a8e90, L_000002271a1a88f0, C4<1>, C4<1>;
L_000002271a21b8f0 .functor AND 1, L_000002271a1a79f0, L_000002271a1a87b0, C4<1>, C4<1>;
L_000002271a21b7a0 .functor OR 1, L_000002271a21a930, L_000002271a21b8f0, C4<0>, C4<0>;
L_000002271a1bac60 .functor BUFT 1, C4<0>, C4<0>, C4<0>, C4<0>;
L_000002271a21ac40 .functor AND 1, L_000002271a1bac60, L_000002271a1a8cb0, C4<1>, C4<1>;
L_000002271a21a770 .functor OR 1, L_000002271a21b7a0, L_000002271a21ac40, C4<0>, C4<0>;
L_000002271a21aaf0 .functor OR 1, L_000002271a21bdc0, L_000002271a21b260, C4<0>, C4<0>;
L_000002271a21a620 .functor OR 1, L_000002271a21aaf0, L_000002271a21a770, C4<0>, C4<0>;
L_000002271a1baca8 .functor BUFT 1, C4<0>, C4<0>, C4<0>, C4<0>;
L_000002271a21b030 .functor AND 1, L_000002271a1baca8, L_000002271a21b1f0, C4<1>, C4<1>;
L_000002271a21b5e0 .functor OR 1, L_000002271a21a620, L_000002271a21b030, C4<0>, C4<0>;
L_000002271a1bad38 .functor BUFT 1, C4<0>, C4<0>, C4<0>, C4<0>;
L_000002271a21a690 .functor OR 1, L_000002271a1bad38, L_000002271a215f40, C4<0>, C4<0>;
L_000002271a21ba40 .functor BUFZ 1, L_000002271a215f40, C4<0>, C4<0>, C4<0>;
L_000002271a21ad90 .functor BUFZ 1, L_000002271a211d30, C4<0>, C4<0>, C4<0>;
L_000002271a21a9a0 .functor OR 1, L_000002271a21a690, L_000002271a21b5e0, C4<0>, C4<0>;
L_000002271a21b2d0 .functor OR 1, L_000002271a21a9a0, L_000002271a21ad90, C4<0>, C4<0>;
L_000002271a21b570 .functor OR 1, L_000002271a21a690, L_000002271a21b5e0, C4<0>, C4<0>;
L_000002271a21b650 .functor OR 1, L_000002271a21b570, L_000002271a21ad90, C4<0>, C4<0>;
L_000002271a21b420 .functor OR 1, L_000002271a21ba40, L_000002271a21ad90, C4<0>, C4<0>;
L_000002271a21ae70 .functor OR 1, L_000002271a21ba40, L_000002271a21ad90, C4<0>, C4<0>;
L_000002271a21b6c0 .functor BUFZ 1, L_000002271a215e60, C4<0>, C4<0>, C4<0>;
L_000002271a21a700 .functor OR 1, L_000002271a215e60, L_000002271a21bdc0, C4<0>, C4<0>;
L_000002271a1bacf0 .functor BUFT 1, C4<0>, C4<0>, C4<0>, C4<0>;
L_000002271a21ab60 .functor AND 1, L_000002271a1bacf0, L_000002271a21b1f0, C4<1>, C4<1>;
L_000002271a21b3b0 .functor OR 1, L_000002271a21a700, L_000002271a21ab60, C4<0>, C4<0>;
L_000002271a1bab40 .functor BUFT 1, C4<00000>, C4<0>, C4<0>, C4<0>;
v0000022719d2c910_0 .net/2u *"_ivl_0", 4 0, L_000002271a1bab40;  1 drivers
v0000022719d2e0d0_0 .net *"_ivl_102", 0 0, L_000002271a21a700;  1 drivers
v0000022719d2e170_0 .net/2u *"_ivl_104", 0 0, L_000002271a1bacf0;  1 drivers
v0000022719d2e2b0_0 .net *"_ivl_106", 0 0, L_000002271a21ab60;  1 drivers
v0000022719d2e350_0 .net *"_ivl_12", 0 0, L_000002271a1a9110;  1 drivers
L_000002271a1babd0 .functor BUFT 1, C4<00000>, C4<0>, C4<0>, C4<0>;
v000002271998df70_0 .net/2u *"_ivl_16", 4 0, L_000002271a1babd0;  1 drivers
v000002271998f730_0 .net *"_ivl_18", 0 0, L_000002271a1a9c50;  1 drivers
v000002271998dbb0_0 .net *"_ivl_21", 0 0, L_000002271a219cf0;  1 drivers
v000002271998f2d0_0 .net *"_ivl_22", 0 0, L_000002271a219eb0;  1 drivers
v000002271998e8d0_0 .net *"_ivl_26", 0 0, L_000002271a1a8fd0;  1 drivers
v000002271998f0f0_0 .net *"_ivl_30", 0 0, L_000002271a1a8490;  1 drivers
L_000002271a1bac18 .functor BUFT 1, C4<00000>, C4<0>, C4<0>, C4<0>;
v000002271998e790_0 .net/2u *"_ivl_34", 4 0, L_000002271a1bac18;  1 drivers
v000002271998dc50_0 .net *"_ivl_36", 0 0, L_000002271a1a7d10;  1 drivers
v000002271998e290_0 .net *"_ivl_39", 0 0, L_000002271a218ef0;  1 drivers
L_000002271a1bab88 .functor BUFT 1, C4<00000>, C4<0>, C4<0>, C4<0>;
v000002271998e330_0 .net/2u *"_ivl_4", 4 0, L_000002271a1bab88;  1 drivers
v000002271998dcf0_0 .net *"_ivl_40", 0 0, L_000002271a21bf10;  1 drivers
v000002271998dd90_0 .net *"_ivl_47", 0 0, L_000002271a21bf80;  1 drivers
v000002271998e6f0_0 .net *"_ivl_49", 0 0, L_000002271a21b340;  1 drivers
v000002271998d110_0 .net *"_ivl_55", 0 0, L_000002271a1a88f0;  1 drivers
v000002271998e510_0 .net *"_ivl_59", 0 0, L_000002271a1a87b0;  1 drivers
v000002271998f7d0_0 .net *"_ivl_64", 0 0, L_000002271a21b7a0;  1 drivers
v000002271998d430_0 .net/2u *"_ivl_66", 0 0, L_000002271a1bac60;  1 drivers
v000002271998d1b0_0 .net *"_ivl_68", 0 0, L_000002271a21ac40;  1 drivers
v000002271998ef10_0 .net *"_ivl_72", 0 0, L_000002271a21aaf0;  1 drivers
v000002271998d4d0_0 .net *"_ivl_74", 0 0, L_000002271a21a620;  1 drivers
v000002271998edd0_0 .net/2u *"_ivl_76", 0 0, L_000002271a1baca8;  1 drivers
v000002271998e150_0 .net *"_ivl_78", 0 0, L_000002271a21b030;  1 drivers
v000002271998ec90_0 .net *"_ivl_8", 0 0, L_000002271a1a7ef0;  1 drivers
v000002271998d7f0_0 .net *"_ivl_88", 0 0, L_000002271a21a9a0;  1 drivers
v000002271998d250_0 .net *"_ivl_92", 0 0, L_000002271a21b570;  1 drivers
v000002271998ea10_0 .net "ex_long_stall", 0 0, L_000002271a21ad90;  1 drivers
v000002271998f050_0 .net "ex_mem_read_i", 0 0, L_000002271a210130;  alias, 1 drivers
v000002271998efb0_0 .net "ex_rd_i", 4 0, L_000002271a210de0;  alias, 1 drivers
v000002271998f190_0 .net "ex_reg_write_i", 0 0, L_000002271a210b40;  alias, 1 drivers
v000002271998f230_0 .net "ex_stall_req_i", 0 0, L_000002271a211d30;  alias, 1 drivers
v000002271998e830_0 .net "ex_valid_i", 0 0, L_000002271a210360;  alias, 1 drivers
v000002271998d890_0 .net "flush_idex_o", 0 0, L_000002271a21b3b0;  alias, 1 drivers
v000002271998d930_0 .net "flush_ifid_o", 0 0, L_000002271a21b6c0;  alias, 1 drivers
v000002271998e970_0 .net "generic_raw", 0 0, L_000002271a21b1f0;  1 drivers
v000002271998d070_0 .net "id_is_store_i", 0 0, v000002271a1445b0_0;  alias, 1 drivers
v000002271998ed30_0 .net "id_rs1_i", 4 0, L_000002271a19af70;  alias, 1 drivers
v000002271998de30_0 .net "id_rs2_i", 4 0, L_000002271a20f2c0;  alias, 1 drivers
v000002271998d570_0 .net "id_use_rs1", 0 0, L_000002271a1a8e90;  1 drivers
v000002271998eab0_0 .net "id_use_rs2", 0 0, L_000002271a1a79f0;  1 drivers
v000002271998f690_0 .net "id_valid_i", 0 0, L_000002271a20eae0;  alias, 1 drivers
v000002271998ebf0_0 .net "ifetch_stall_i", 0 0, L_000002271a1bad38;  1 drivers
v000002271998ee70_0 .net "load_use_hazard", 0 0, L_000002271a21bdc0;  1 drivers
v000002271998d610_0 .net "mem_load_active_i", 0 0, L_000002271a2158b0;  alias, 1 drivers
v000002271998f550_0 .net "mem_pending_load_hazard", 0 0, L_000002271a21b260;  1 drivers
v000002271998eb50_0 .net "mem_rd_i", 4 0, L_000002271a215ed0;  alias, 1 drivers
v000002271998e5b0_0 .net "mem_reg_write_i", 0 0, L_000002271a216170;  alias, 1 drivers
v000002271998f370_0 .net "mem_stall_i", 0 0, L_000002271a215f40;  alias, 1 drivers
v000002271998e3d0_0 .net "mem_valid_i", 0 0, L_000002271a216800;  alias, 1 drivers
v000002271998f4b0_0 .net "pending_load_any", 0 0, L_000002271a1a8cb0;  1 drivers
v000002271998d9d0_0 .net "pending_load_hazard", 0 0, L_000002271a21a770;  1 drivers
v000002271998e470_0 .net "pending_load_mask_i", 31 0, L_000002271a1baaf8;  alias, 1 drivers
v000002271998d2f0_0 .net "pending_load_rs1", 0 0, L_000002271a21a930;  1 drivers
v000002271998f410_0 .net "pending_load_rs2", 0 0, L_000002271a21b8f0;  1 drivers
v000002271998ded0_0 .net "raw_ex", 0 0, L_000002271a21a000;  1 drivers
v000002271998e010_0 .net "raw_ex_rs1", 0 0, L_000002271a2189b0;  1 drivers
v000002271998da70_0 .net "raw_ex_rs2", 0 0, L_000002271a218b70;  1 drivers
v000002271998e650_0 .net "raw_mem", 0 0, L_000002271a21bc70;  1 drivers
v000002271998e0b0_0 .net "raw_mem_rs1", 0 0, L_000002271a218fd0;  1 drivers
v000002271998e1f0_0 .net "raw_mem_rs2", 0 0, L_000002271a21a070;  1 drivers
v000002271998f5f0_0 .net "redirect_valid_i", 0 0, L_000002271a215e60;  alias, 1 drivers
v000002271998d6b0_0 .net "stall_ex_o", 0 0, L_000002271a21b420;  alias, 1 drivers
v000002271998d390_0 .net "stall_exmem_o", 0 0, L_000002271a21ae70;  alias, 1 drivers
v000002271998db10_0 .net "stall_for_data", 0 0, L_000002271a21b5e0;  1 drivers
v000002271998d750_0 .net "stall_id_o", 0 0, L_000002271a21b650;  alias, 1 drivers
v0000022719991850_0 .net "stall_if_o", 0 0, L_000002271a21b2d0;  alias, 1 drivers
v0000022719990bd0_0 .net "structural_stall_back", 0 0, L_000002271a21ba40;  1 drivers
v0000022719991fd0_0 .net "structural_stall_front", 0 0, L_000002271a21a690;  1 drivers
E_000002271a065bf0 .event anyedge, v000002271998d9d0_0, v000002271998ed30_0, v000002271998de30_0, v000002271998e470_0;
L_000002271a1a8e90 .cmp/ne 5, L_000002271a19af70, L_000002271a1bab40;
L_000002271a1a79f0 .cmp/ne 5, L_000002271a20f2c0, L_000002271a1bab88;
L_000002271a1a7ef0 .cmp/eq 5, L_000002271a19af70, L_000002271a210de0;
L_000002271a1a9110 .cmp/eq 5, L_000002271a20f2c0, L_000002271a210de0;
L_000002271a1a9c50 .cmp/ne 5, L_000002271a210de0, L_000002271a1babd0;
L_000002271a1a8fd0 .cmp/eq 5, L_000002271a19af70, L_000002271a215ed0;
L_000002271a1a8490 .cmp/eq 5, L_000002271a20f2c0, L_000002271a215ed0;
L_000002271a1a7d10 .cmp/ne 5, L_000002271a215ed0, L_000002271a1bac18;
L_000002271a1a88f0 .part/v L_000002271a1baaf8, L_000002271a19af70, 1;
L_000002271a1a87b0 .part/v L_000002271a1baaf8, L_000002271a20f2c0, 1;
L_000002271a1a8cb0 .reduce/or L_000002271a1baaf8;
S_0000022719003110 .scope module, "u_icache" "icache_top" 4 843, 14 6 0, S_000002271a0df4a0;
 .timescale -9 -12;
    .port_info 0 /INPUT 1 "clk";
    .port_info 1 /INPUT 1 "rst_n";
    .port_info 2 /INPUT 1 "fetch_req_valid_i";
    .port_info 3 /INPUT 32 "fetch_req_addr_i";
    .port_info 4 /INPUT 1 "fetch_req_kill_i";
    .port_info 5 /OUTPUT 1 "fetch_req_ready_o";
    .port_info 6 /OUTPUT 1 "fetch_resp_valid_o";
    .port_info 7 /INPUT 1 "fetch_resp_ready_i";
    .port_info 8 /OUTPUT 32 "fetch_resp_inst_o";
    .port_info 9 /OUTPUT 32 "fetch_resp_pc_o";
    .port_info 10 /OUTPUT 1 "fetch_resp_err_o";
    .port_info 11 /INPUT 1 "ic_flush_req_i";
    .port_info 12 /OUTPUT 1 "ic_flush_ack_o";
    .port_info 13 /OUTPUT 1 "l2_req_valid";
    .port_info 14 /INPUT 1 "l2_req_ready";
    .port_info 15 /OUTPUT 32 "l2_req_addr";
    .port_info 16 /OUTPUT 2 "l2_req_cmd";
    .port_info 17 /OUTPUT 3 "l2_req_size";
    .port_info 18 /OUTPUT 8 "l2_req_len";
    .port_info 19 /INPUT 1 "l2_rsp_valid";
    .port_info 20 /OUTPUT 1 "l2_rsp_ready";
    .port_info 21 /INPUT 64 "l2_rsp_data";
    .port_info 22 /INPUT 1 "l2_rsp_last";
    .port_info 23 /INPUT 1 "l2_rsp_err";
P_0000022719a4ed30 .param/l "ADDR_WIDTH" 0 14 7, +C4<00000000000000000000000000100000>;
P_0000022719a4ed68 .param/l "CACHE_BYTES" 0 14 9, +C4<00000000000000000010000000000000>;
P_0000022719a4eda0 .param/l "INDEX_BITS" 0 14 13, +C4<00000000000000000000000000000110>;
P_0000022719a4edd8 .param/l "L2_DATA_W" 0 14 8, +C4<00000000000000000000000001000000>;
P_0000022719a4ee10 .param/l "LINE_BYTES" 0 14 10, +C4<00000000000000000000000001000000>;
P_0000022719a4ee48 .param/l "NUM_WAYS" 0 14 11, +C4<00000000000000000000000000000010>;
P_0000022719a4ee80 .param/l "OFFSET_BITS" 0 14 12, +C4<00000000000000000000000000000110>;
P_0000022719a4eeb8 .param/l "TAG_BITS" 0 14 14, +C4<00000000000000000000000000010100>;
P_0000022719a4eef0 .param/l "UNC_BASE" 0 14 15, C4<00000000000000000000000000000000>;
P_0000022719a4ef28 .param/l "UNC_MASK" 0 14 16, C4<00000000000000000000000000000000>;
v0000022719994730_0 .net "clk", 0 0, L_0000022719c748c0;  alias, 1 drivers
v0000022719993970_0 .net "fetch_req_addr_i", 31 0, L_0000022719c56a90;  alias, 1 drivers
v0000022719992070_0 .net "fetch_req_kill_i", 0 0, L_0000022719c56cc0;  alias, 1 drivers
v00000227199942d0_0 .net "fetch_req_ready_o", 0 0, L_0000022719c68140;  alias, 1 drivers
v0000022719993d30_0 .net "fetch_req_valid_i", 0 0, L_000002271a20e990;  alias, 1 drivers
v0000022719993dd0_0 .net "fetch_resp_err_o", 0 0, v00000227199904f0_0;  alias, 1 drivers
v0000022719993f10_0 .net "fetch_resp_inst_o", 31 0, v0000022719991710_0;  alias, 1 drivers
v0000022719992a70_0 .net "fetch_resp_pc_o", 31 0, v0000022719990590_0;  alias, 1 drivers
v0000022719992570_0 .net "fetch_resp_ready_i", 0 0, L_0000022719c6b4e0;  alias, 1 drivers
v0000022719992b10_0 .net "fetch_resp_valid_o", 0 0, v0000022719991490_0;  alias, 1 drivers
v0000022719993fb0_0 .net "ic_flush_ack_o", 0 0, v00000227199910d0_0;  alias, 1 drivers
v0000022719992390_0 .net "ic_flush_req_i", 0 0, v000002271a180850_0;  1 drivers
v0000022719992cf0_0 .net "ic_inv_ack", 0 0, v0000022719991d50_0;  1 drivers
v0000022719992ed0_0 .net "l2_req_addr", 31 0, v0000022719991b70_0;  alias, 1 drivers
v0000022719994370_0 .net "l2_req_cmd", 1 0, v000002271998f870_0;  alias, 1 drivers
v0000022719992bb0_0 .net "l2_req_len", 7 0, v0000022719993a10_0;  alias, 1 drivers
v00000227199922f0_0 .net "l2_req_ready", 0 0, L_0000022719c74930;  alias, 1 drivers
v0000022719992f70_0 .net "l2_req_size", 2 0, v0000022719993ab0_0;  alias, 1 drivers
v0000022719993010_0 .net "l2_req_valid", 0 0, v00000227199930b0_0;  alias, 1 drivers
v0000022719993330_0 .net "l2_rsp_data", 63 0, L_0000022719c73f90;  alias, 1 drivers
v0000022719994af0_0 .net "l2_rsp_err", 0 0, L_0000022719c75960;  alias, 1 drivers
v0000022719994b90_0 .net "l2_rsp_last", 0 0, L_0000022719c74000;  alias, 1 drivers
v00000227199949b0_0 .net "l2_rsp_ready", 0 0, v0000022719993790_0;  alias, 1 drivers
v0000022719994cd0_0 .net "l2_rsp_valid", 0 0, L_0000022719c75340;  alias, 1 drivers
v0000022719994a50_0 .net "rst_n", 0 0, L_000002271a198630;  alias, 1 drivers
S_0000022719002df0 .scope module, "u_icache" "i_cache" 14 64, 15 1 0, S_0000022719003110;
 .timescale -12 -12;
    .port_info 0 /INPUT 1 "clk";
    .port_info 1 /INPUT 1 "rst_n";
    .port_info 2 /INPUT 1 "if_req_valid";
    .port_info 3 /INPUT 32 "if_req_addr";
    .port_info 4 /OUTPUT 1 "if_req_ready";
    .port_info 5 /INPUT 1 "if_req_kill";
    .port_info 6 /OUTPUT 1 "if_resp_valid";
    .port_info 7 /INPUT 1 "if_resp_ready";
    .port_info 8 /OUTPUT 32 "if_resp_inst";
    .port_info 9 /OUTPUT 32 "if_resp_pc";
    .port_info 10 /OUTPUT 1 "if_resp_err";
    .port_info 11 /INPUT 1 "ic_flush_req";
    .port_info 12 /OUTPUT 1 "ic_flush_ack";
    .port_info 13 /INPUT 1 "ic_inv_valid";
    .port_info 14 /INPUT 1 "ic_inv_all";
    .port_info 15 /INPUT 6 "ic_inv_index";
    .port_info 16 /INPUT 1 "ic_inv_way";
    .port_info 17 /OUTPUT 1 "ic_inv_ack";
    .port_info 18 /OUTPUT 1 "l2_req_valid";
    .port_info 19 /INPUT 1 "l2_req_ready";
    .port_info 20 /OUTPUT 32 "l2_req_addr";
    .port_info 21 /OUTPUT 2 "l2_req_cmd";
    .port_info 22 /OUTPUT 3 "l2_req_size";
    .port_info 23 /OUTPUT 8 "l2_req_len";
    .port_info 24 /INPUT 1 "l2_rsp_valid";
    .port_info 25 /OUTPUT 1 "l2_rsp_ready";
    .port_info 26 /INPUT 64 "l2_rsp_data";
    .port_info 27 /INPUT 1 "l2_rsp_last";
    .port_info 28 /INPUT 1 "l2_rsp_err";
P_0000022719458090 .param/l "ADDR_WIDTH" 0 15 3, +C4<00000000000000000000000000100000>;
P_00000227194580c8 .param/l "CACHE_BYTES" 0 15 4, +C4<00000000000000000010000000000000>;
P_0000022719458100 .param/l "INDEX_BITS" 0 15 8, +C4<00000000000000000000000000000110>;
P_0000022719458138 .param/l "L2_DATA_W" 0 15 10, +C4<00000000000000000000000001000000>;
P_0000022719458170 .param/l "LINE_BITS" 1 15 60, +C4<0000000000000000000000000000000000000000000000000000001000000000>;
P_00000227194581a8 .param/l "LINE_BYTES" 0 15 5, +C4<00000000000000000000000001000000>;
P_00000227194581e0 .param/l "NUM_SETS" 1 15 61, +C4<0000000000000000000000000000000000000000000000000000000001000000>;
P_0000022719458218 .param/l "NUM_WAYS" 0 15 6, +C4<00000000000000000000000000000010>;
P_0000022719458250 .param/l "OFFSET_BITS" 0 15 7, +C4<00000000000000000000000000000110>;
P_0000022719458288 .param/l "ST_FLUSH" 1 15 168, C4<110>;
P_00000227194582c0 .param/l "ST_IDLE" 1 15 162, C4<000>;
P_00000227194582f8 .param/l "ST_MISS_REQ" 1 15 163, C4<001>;
P_0000022719458330 .param/l "ST_REPLAY1" 1 15 166, C4<100>;
P_0000022719458368 .param/l "ST_REPLAY2" 1 15 167, C4<101>;
P_00000227194583a0 .param/l "ST_WAIT_RSP" 1 15 164, C4<010>;
P_00000227194583d8 .param/l "ST_WRITE_LINE" 1 15 165, C4<011>;
P_0000022719458410 .param/l "TAG_BITS" 0 15 9, +C4<00000000000000000000000000010100>;
P_0000022719458448 .param/l "UNC_BASE" 0 15 11, C4<00000000000000000000000000000000>;
P_0000022719458480 .param/l "UNC_MASK" 0 15 12, C4<00000000000000000000000000000000>;
L_000002271a1b6fe8 .functor BUFT 1, C4<00000000000000000000000000000000>, C4<0>, C4<0>, C4<0>;
L_0000022719c575f0 .functor AND 32, L_0000022719c56a90, L_000002271a1b6fe8, C4<11111111111111111111111111111111>, C4<11111111111111111111111111111111>;
L_000002271a1b7078 .functor BUFT 1, C4<0>, C4<0>, C4<0>, C4<0>;
L_0000022719c56d30 .functor AND 1, L_000002271a196bf0, L_000002271a1b7078, C4<1>, C4<1>;
L_0000022719c56da0 .functor AND 1, v00000227199947d0_0, v0000022719994050_0, C4<1>, C4<1>;
L_0000022719c57040 .functor AND 1, L_0000022719c56da0, L_000002271a1981d0, C4<1>, C4<1>;
L_0000022719c56400 .functor AND 1, v00000227199947d0_0, v00000227199933d0_0, C4<1>, C4<1>;
L_0000022719c57120 .functor AND 1, L_0000022719c56400, L_000002271a197370, C4<1>, C4<1>;
L_0000022719c573c0 .functor OR 1, L_0000022719c57040, L_0000022719c57120, C4<0>, C4<0>;
L_0000022719c57430 .functor AND 1, L_0000022719c56cc0, L_000002271a1977d0, C4<1>, C4<1>;
L_0000022719c66cb0 .functor AND 1, v0000022719991490_0, L_000002271a198770, C4<1>, C4<1>;
L_0000022719c68140 .functor AND 1, L_000002271a197870, L_000002271a197a50, C4<1>, C4<1>;
L_0000022719c688b0 .functor AND 1, L_000002271a20e990, L_0000022719c68140, C4<1>, C4<1>;
L_0000022719c68d80 .functor AND 1, L_0000022719c688b0, L_000002271a198810, C4<1>, C4<1>;
v000002271998fcd0_0 .net/2u *"_ivl_0", 31 0, L_000002271a1b6fe8;  1 drivers
v000002271998f910_0 .net *"_ivl_2", 31 0, L_0000022719c575f0;  1 drivers
v0000022719991df0_0 .net *"_ivl_21", 0 0, L_0000022719c56da0;  1 drivers
v0000022719990f90_0 .net *"_ivl_22", 0 0, L_000002271a1981d0;  1 drivers
v0000022719990090_0 .net *"_ivl_27", 0 0, L_0000022719c56400;  1 drivers
v000002271998fd70_0 .net *"_ivl_28", 0 0, L_000002271a197370;  1 drivers
v00000227199909f0_0 .net *"_ivl_35", 0 0, L_000002271a1977d0;  1 drivers
L_000002271a1b70c0 .functor BUFT 1, C4<00000001>, C4<0>, C4<0>, C4<0>;
v000002271998fe10_0 .net/2u *"_ivl_38", 7 0, L_000002271a1b70c0;  1 drivers
L_000002271a1b7030 .functor BUFT 1, C4<00000000000000000000000000000000>, C4<0>, C4<0>, C4<0>;
v0000022719991990_0 .net/2u *"_ivl_4", 31 0, L_000002271a1b7030;  1 drivers
L_000002271a1b7108 .functor BUFT 1, C4<00000000>, C4<0>, C4<0>, C4<0>;
v000002271998feb0_0 .net/2u *"_ivl_40", 7 0, L_000002271a1b7108;  1 drivers
v000002271998ff50_0 .net *"_ivl_42", 7 0, L_000002271a1984f0;  1 drivers
L_000002271a1b7150 .functor BUFT 1, C4<000>, C4<0>, C4<0>, C4<0>;
v00000227199913f0_0 .net/2u *"_ivl_48", 2 0, L_000002271a1b7150;  1 drivers
v0000022719990a90_0 .net *"_ivl_50", 0 0, L_000002271a197870;  1 drivers
v0000022719990450_0 .net *"_ivl_53", 0 0, L_000002271a198770;  1 drivers
v0000022719991210_0 .net *"_ivl_55", 0 0, L_0000022719c66cb0;  1 drivers
v0000022719990b30_0 .net *"_ivl_57", 0 0, L_000002271a197a50;  1 drivers
v0000022719990d10_0 .net *"_ivl_6", 0 0, L_000002271a196bf0;  1 drivers
v000002271998faf0_0 .net *"_ivl_61", 0 0, L_0000022719c688b0;  1 drivers
v0000022719990c70_0 .net *"_ivl_63", 0 0, L_000002271a198810;  1 drivers
v0000022719991350_0 .net/2u *"_ivl_8", 0 0, L_000002271a1b7078;  1 drivers
v0000022719990db0_0 .net "accept_req", 0 0, L_0000022719c68d80;  1 drivers
v0000022719990e50_0 .net "clk", 0 0, L_0000022719c748c0;  alias, 1 drivers
v000002271998fb90 .array "data_way0", 63 0, 511 0;
v00000227199906d0 .array "data_way1", 63 0, 511 0;
v00000227199901d0_0 .net "drop_resp", 0 0, L_000002271a196330;  1 drivers
v0000022719990ef0_0 .var "flush_idx", 5 0;
v0000022719991a30_0 .var "flush_pending", 0 0;
v0000022719990130_0 .net "hit", 0 0, L_0000022719c573c0;  1 drivers
v0000022719991cb0_0 .net "hit0", 0 0, L_0000022719c57040;  1 drivers
v0000022719991030_0 .net "hit1", 0 0, L_0000022719c57120;  1 drivers
v0000022719991e90_0 .var/i "i", 31 0;
v00000227199910d0_0 .var "ic_flush_ack", 0 0;
v00000227199918f0_0 .net "ic_flush_req", 0 0, v000002271a180850_0;  alias, 1 drivers
v0000022719991d50_0 .var "ic_inv_ack", 0 0;
L_000002271a1b71e0 .functor BUFT 1, C4<0>, C4<0>, C4<0>, C4<0>;
v000002271998fff0_0 .net "ic_inv_all", 0 0, L_000002271a1b71e0;  1 drivers
L_000002271a1b7228 .functor BUFT 1, C4<000000>, C4<0>, C4<0>, C4<0>;
v000002271998fc30_0 .net "ic_inv_index", 5 0, L_000002271a1b7228;  1 drivers
L_000002271a1b7198 .functor BUFT 1, C4<0>, C4<0>, C4<0>, C4<0>;
v0000022719990270_0 .net "ic_inv_valid", 0 0, L_000002271a1b7198;  1 drivers
L_000002271a1b7270 .functor BUFT 1, C4<0>, C4<0>, C4<0>, C4<0>;
v0000022719991170_0 .net "ic_inv_way", 0 0, L_000002271a1b7270;  1 drivers
v00000227199912b0_0 .net "if_req_addr", 31 0, L_0000022719c56a90;  alias, 1 drivers
v0000022719990310_0 .net "if_req_kill", 0 0, L_0000022719c56cc0;  alias, 1 drivers
v00000227199903b0_0 .net "if_req_ready", 0 0, L_0000022719c68140;  alias, 1 drivers
v0000022719990630_0 .net "if_req_valid", 0 0, L_000002271a20e990;  alias, 1 drivers
v00000227199904f0_0 .var "if_resp_err", 0 0;
v0000022719991710_0 .var "if_resp_inst", 31 0;
v0000022719990590_0 .var "if_resp_pc", 31 0;
v0000022719991670_0 .net "if_resp_ready", 0 0, L_0000022719c6b4e0;  alias, 1 drivers
v0000022719991490_0 .var "if_resp_valid", 0 0;
v0000022719990770_0 .var "inv_all_pending", 0 0;
v0000022719991f30_0 .var "inv_index_pending", 5 0;
v0000022719990810_0 .var "inv_pending", 0 0;
v0000022719991ad0_0 .var "inv_way_pending", 0 0;
v00000227199908b0_0 .net "is_uncached_req", 0 0, L_0000022719c56d30;  1 drivers
v00000227199917b0_0 .net "kill_edge", 0 0, L_0000022719c57430;  1 drivers
v0000022719991c10_0 .var "kill_prev", 0 0;
v0000022719991530_0 .var "kill_toggle", 7 0;
v00000227199915d0_0 .net "kill_toggle_effective", 7 0, L_000002271a197230;  1 drivers
v0000022719991b70_0 .var "l2_req_addr", 31 0;
v000002271998f870_0 .var "l2_req_cmd", 1 0;
v0000022719993a10_0 .var "l2_req_len", 7 0;
v0000022719994410_0 .net "l2_req_ready", 0 0, L_0000022719c74930;  alias, 1 drivers
v0000022719993ab0_0 .var "l2_req_size", 2 0;
v00000227199930b0_0 .var "l2_req_valid", 0 0;
v0000022719992110_0 .net "l2_rsp_data", 63 0, L_0000022719c73f90;  alias, 1 drivers
v00000227199940f0_0 .net "l2_rsp_err", 0 0, L_0000022719c75960;  alias, 1 drivers
v0000022719994190_0 .net "l2_rsp_last", 0 0, L_0000022719c74000;  alias, 1 drivers
v0000022719993790_0 .var "l2_rsp_ready", 0 0;
v0000022719992890_0 .net "l2_rsp_valid", 0 0, L_0000022719c75340;  alias, 1 drivers
v00000227199927f0_0 .var "miss_kill_tag", 7 0;
v00000227199931f0_0 .var "miss_pc", 31 0;
v0000022719993c90_0 .var "miss_uncached", 0 0;
v0000022719994230 .array "plru_bit", 63 0, 0 0;
v0000022719992d90_0 .var "refill_addr_aligned", 31 0;
v00000227199924d0_0 .var "refill_beat_cnt", 3 0;
v0000022719992750_0 .var "refill_buf", 511 0;
v0000022719993bf0_0 .var "refill_err_q", 0 0;
v0000022719993e70_0 .var "refill_index", 5 0;
v0000022719992c50_0 .var "refill_tag", 19 0;
v0000022719993830_0 .var "refill_victim_way", 0 0;
v0000022719993150_0 .net "rst_n", 0 0, L_000002271a198630;  alias, 1 drivers
v0000022719993510_0 .net "s1_index", 5 0, L_000002271a198450;  1 drivers
v00000227199921b0_0 .var "s1_kill_tag", 7 0;
v00000227199944b0_0 .var "s1_pc", 31 0;
v0000022719994690_0 .var "s1_uncached", 0 0;
v0000022719992610_0 .var "s1_valid", 0 0;
v0000022719992250_0 .var "s2_d0", 511 0;
v0000022719993b50_0 .var "s2_d1", 511 0;
v0000022719992e30_0 .net "s2_index", 5 0, L_000002271a198310;  1 drivers
v00000227199938d0_0 .var "s2_kill_tag", 7 0;
v0000022719993290_0 .var "s2_pc", 31 0;
v0000022719992930_0 .net "s2_req_tag", 19 0, L_000002271a196150;  1 drivers
v0000022719992430_0 .var "s2_tag0", 19 0;
v00000227199945f0_0 .var "s2_tag1", 19 0;
v00000227199935b0_0 .var "s2_uncached", 0 0;
v0000022719994050_0 .var "s2_v0", 0 0;
v00000227199933d0_0 .var "s2_v1", 0 0;
v00000227199947d0_0 .var "s2_valid", 0 0;
v0000022719993650_0 .net "s2_word_sel", 3 0, L_000002271a1983b0;  1 drivers
v0000022719994550_0 .var "state", 2 0;
v0000022719993470 .array "tag_way0", 63 0, 19 0;
v00000227199936f0 .array "tag_way1", 63 0, 19 0;
v00000227199926b0 .array "valid_way0", 63 0, 0 0;
v00000227199929d0 .array "valid_way1", 63 0, 0 0;
L_000002271a196bf0 .cmp/eq 32, L_0000022719c575f0, L_000002271a1b7030;
L_000002271a198450 .part v00000227199944b0_0, 6, 6;
L_000002271a198310 .part v0000022719993290_0, 6, 6;
L_000002271a196150 .part v0000022719993290_0, 12, 20;
L_000002271a1983b0 .part v0000022719993290_0, 2, 4;
L_000002271a1981d0 .cmp/eq 20, v0000022719992430_0, L_000002271a196150;
L_000002271a197370 .cmp/eq 20, v00000227199945f0_0, L_000002271a196150;
L_000002271a1977d0 .reduce/nor v0000022719991c10_0;
L_000002271a1984f0 .functor MUXZ 8, L_000002271a1b7108, L_000002271a1b70c0, L_0000022719c57430, C4<>;
L_000002271a197230 .arith/sum 8, v0000022719991530_0, L_000002271a1984f0;
L_000002271a196330 .cmp/ne 8, v00000227199938d0_0, L_000002271a197230;
L_000002271a197870 .cmp/eq 3, v0000022719994550_0, L_000002271a1b7150;
L_000002271a198770 .reduce/nor L_0000022719c6b4e0;
L_000002271a197a50 .reduce/nor L_0000022719c66cb0;
L_000002271a198810 .reduce/nor L_0000022719c56cc0;
S_0000022719002f80 .scope function.vec4.s32, "pick_word32" "pick_word32" 15 121, 15 121 0, S_0000022719002df0;
 .timescale -12 -12;
v0000022719990950_0 .var "line", 511 0;
; Variable pick_word32 is vec4 return value of scope S_0000022719002f80
v000002271998fa50_0 .var "wsel", 3 0;
TD_icache_pipeline_tb.dut.u_icache.u_icache.pick_word32 ;
    %load/vec4 v000002271998fa50_0;
    %dup/vec4;
    %pushi/vec4 0, 0, 4;
    %cmp/u;
    %jmp/1 T_7.8, 6;
    %dup/vec4;
    %pushi/vec4 1, 0, 4;
    %cmp/u;
    %jmp/1 T_7.9, 6;
    %dup/vec4;
    %pushi/vec4 2, 0, 4;
    %cmp/u;
    %jmp/1 T_7.10, 6;
    %dup/vec4;
    %pushi/vec4 3, 0, 4;
    %cmp/u;
    %jmp/1 T_7.11, 6;
    %dup/vec4;
    %pushi/vec4 4, 0, 4;
    %cmp/u;
    %jmp/1 T_7.12, 6;
    %dup/vec4;
    %pushi/vec4 5, 0, 4;
    %cmp/u;
    %jmp/1 T_7.13, 6;
    %dup/vec4;
    %pushi/vec4 6, 0, 4;
    %cmp/u;
    %jmp/1 T_7.14, 6;
    %dup/vec4;
    %pushi/vec4 7, 0, 4;
    %cmp/u;
    %jmp/1 T_7.15, 6;
    %dup/vec4;
    %pushi/vec4 8, 0, 4;
    %cmp/u;
    %jmp/1 T_7.16, 6;
    %dup/vec4;
    %pushi/vec4 9, 0, 4;
    %cmp/u;
    %jmp/1 T_7.17, 6;
    %dup/vec4;
    %pushi/vec4 10, 0, 4;
    %cmp/u;
    %jmp/1 T_7.18, 6;
    %dup/vec4;
    %pushi/vec4 11, 0, 4;
    %cmp/u;
    %jmp/1 T_7.19, 6;
    %dup/vec4;
    %pushi/vec4 12, 0, 4;
    %cmp/u;
    %jmp/1 T_7.20, 6;
    %dup/vec4;
    %pushi/vec4 13, 0, 4;
    %cmp/u;
    %jmp/1 T_7.21, 6;
    %dup/vec4;
    %pushi/vec4 14, 0, 4;
    %cmp/u;
    %jmp/1 T_7.22, 6;
    %dup/vec4;
    %pushi/vec4 15, 0, 4;
    %cmp/u;
    %jmp/1 T_7.23, 6;
    %pushi/vec4 19, 0, 32;
    %ret/vec4 0, 0, 32;  Assign to pick_word32 (store_vec4_to_lval)
    %jmp T_7.25;
T_7.8 ;
    %load/vec4 v0000022719990950_0;
    %parti/s 32, 0, 2;
    %ret/vec4 0, 0, 32;  Assign to pick_word32 (store_vec4_to_lval)
    %jmp T_7.25;
T_7.9 ;
    %load/vec4 v0000022719990950_0;
    %parti/s 32, 32, 7;
    %ret/vec4 0, 0, 32;  Assign to pick_word32 (store_vec4_to_lval)
    %jmp T_7.25;
T_7.10 ;
    %load/vec4 v0000022719990950_0;
    %parti/s 32, 64, 8;
    %ret/vec4 0, 0, 32;  Assign to pick_word32 (store_vec4_to_lval)
    %jmp T_7.25;
T_7.11 ;
    %load/vec4 v0000022719990950_0;
    %parti/s 32, 96, 8;
    %ret/vec4 0, 0, 32;  Assign to pick_word32 (store_vec4_to_lval)
    %jmp T_7.25;
T_7.12 ;
    %load/vec4 v0000022719990950_0;
    %parti/s 32, 128, 9;
    %ret/vec4 0, 0, 32;  Assign to pick_word32 (store_vec4_to_lval)
    %jmp T_7.25;
T_7.13 ;
    %load/vec4 v0000022719990950_0;
    %parti/s 32, 160, 9;
    %ret/vec4 0, 0, 32;  Assign to pick_word32 (store_vec4_to_lval)
    %jmp T_7.25;
T_7.14 ;
    %load/vec4 v0000022719990950_0;
    %parti/s 32, 192, 9;
    %ret/vec4 0, 0, 32;  Assign to pick_word32 (store_vec4_to_lval)
    %jmp T_7.25;
T_7.15 ;
    %load/vec4 v0000022719990950_0;
    %parti/s 32, 224, 9;
    %ret/vec4 0, 0, 32;  Assign to pick_word32 (store_vec4_to_lval)
    %jmp T_7.25;
T_7.16 ;
    %load/vec4 v0000022719990950_0;
    %parti/s 32, 256, 10;
    %ret/vec4 0, 0, 32;  Assign to pick_word32 (store_vec4_to_lval)
    %jmp T_7.25;
T_7.17 ;
    %load/vec4 v0000022719990950_0;
    %parti/s 32, 288, 10;
    %ret/vec4 0, 0, 32;  Assign to pick_word32 (store_vec4_to_lval)
    %jmp T_7.25;
T_7.18 ;
    %load/vec4 v0000022719990950_0;
    %parti/s 32, 320, 10;
    %ret/vec4 0, 0, 32;  Assign to pick_word32 (store_vec4_to_lval)
    %jmp T_7.25;
T_7.19 ;
    %load/vec4 v0000022719990950_0;
    %parti/s 32, 352, 10;
    %ret/vec4 0, 0, 32;  Assign to pick_word32 (store_vec4_to_lval)
    %jmp T_7.25;
T_7.20 ;
    %load/vec4 v0000022719990950_0;
    %parti/s 32, 384, 10;
    %ret/vec4 0, 0, 32;  Assign to pick_word32 (store_vec4_to_lval)
    %jmp T_7.25;
T_7.21 ;
    %load/vec4 v0000022719990950_0;
    %parti/s 32, 416, 10;
    %ret/vec4 0, 0, 32;  Assign to pick_word32 (store_vec4_to_lval)
    %jmp T_7.25;
T_7.22 ;
    %load/vec4 v0000022719990950_0;
    %parti/s 32, 448, 10;
    %ret/vec4 0, 0, 32;  Assign to pick_word32 (store_vec4_to_lval)
    %jmp T_7.25;
T_7.23 ;
    %load/vec4 v0000022719990950_0;
    %parti/s 32, 480, 10;
    %ret/vec4 0, 0, 32;  Assign to pick_word32 (store_vec4_to_lval)
    %jmp T_7.25;
T_7.25 ;
    %pop/vec4 1;
    %end;
S_0000022719002490 .scope module, "u_id" "id_stage" 4 1024, 16 38 0, S_000002271a0df4a0;
 .timescale -9 -12;
    .port_info 0 /INPUT 1 "clk";
    .port_info 1 /INPUT 1 "rst_n";
    .port_info 2 /INPUT 32 "id_pc_i";
    .port_info 3 /INPUT 32 "id_instr_i";
    .port_info 4 /INPUT 1 "id_valid_i";
    .port_info 5 /INPUT 1 "id_stall_i";
    .port_info 6 /INPUT 2 "current_priv_i";
    .port_info 7 /INPUT 1 "wb_we_i";
    .port_info 8 /INPUT 5 "wb_rd_i";
    .port_info 9 /INPUT 32 "wb_wd_i";
    .port_info 10 /OUTPUT 32 "rs1_val_o";
    .port_info 11 /OUTPUT 32 "rs2_val_o";
    .port_info 12 /OUTPUT 32 "imm_o";
    .port_info 13 /OUTPUT 5 "rs1_o";
    .port_info 14 /OUTPUT 5 "rs2_o";
    .port_info 15 /OUTPUT 5 "rd_o";
    .port_info 16 /OUTPUT 4 "alu_op_o";
    .port_info 17 /OUTPUT 1 "alu_src_imm_o";
    .port_info 18 /OUTPUT 1 "branch_o";
    .port_info 19 /OUTPUT 1 "jal_o";
    .port_info 20 /OUTPUT 1 "jalr_o";
    .port_info 21 /OUTPUT 1 "mem_read_o";
    .port_info 22 /OUTPUT 1 "mem_write_o";
    .port_info 23 /OUTPUT 2 "wb_sel_o";
    .port_info 24 /OUTPUT 1 "reg_write_o";
    .port_info 25 /OUTPUT 3 "br_funct3_o";
    .port_info 26 /OUTPUT 32 "pc_o";
    .port_info 27 /OUTPUT 1 "id_ready_o";
    .port_info 28 /OUTPUT 1 "id_shift_right_o";
    .port_info 29 /OUTPUT 1 "id_shift_arith_o";
    .port_info 30 /OUTPUT 1 "id_is_auipc_o";
    .port_info 31 /OUTPUT 1 "id_is_lui_o";
    .port_info 32 /OUTPUT 3 "id_mem_funct3_o";
    .port_info 33 /OUTPUT 1 "id_csr_en_o";
    .port_info 34 /OUTPUT 3 "id_csr_cmd_o";
    .port_info 35 /OUTPUT 12 "id_csr_addr_o";
    .port_info 36 /OUTPUT 1 "id_ecall_o";
    .port_info 37 /OUTPUT 1 "id_ebreak_o";
    .port_info 38 /OUTPUT 1 "id_mret_o";
    .port_info 39 /OUTPUT 1 "id_illegal_o";
P_000002271a137680 .param/l "ALU_ADD" 1 16 137, C4<0000>;
P_000002271a1376b8 .param/l "ALU_AND" 1 16 143, C4<0110>;
P_000002271a1376f0 .param/l "ALU_DIV" 1 16 149, C4<1100>;
P_000002271a137728 .param/l "ALU_DIVU" 1 16 150, C4<1101>;
P_000002271a137760 .param/l "ALU_MUL" 1 16 145, C4<1000>;
P_000002271a137798 .param/l "ALU_MULH" 1 16 146, C4<1001>;
P_000002271a1377d0 .param/l "ALU_MULHSU" 1 16 147, C4<1010>;
P_000002271a137808 .param/l "ALU_MULHU" 1 16 148, C4<1011>;
P_000002271a137840 .param/l "ALU_OR" 1 16 142, C4<0101>;
P_000002271a137878 .param/l "ALU_REM" 1 16 151, C4<1110>;
P_000002271a1378b0 .param/l "ALU_REMU" 1 16 152, C4<1111>;
P_000002271a1378e8 .param/l "ALU_SLL" 1 16 144, C4<0111>;
P_000002271a137920 .param/l "ALU_SLT" 1 16 139, C4<0010>;
P_000002271a137958 .param/l "ALU_SLTU" 1 16 140, C4<0011>;
P_000002271a137990 .param/l "ALU_SUB" 1 16 138, C4<0001>;
P_000002271a1379c8 .param/l "ALU_XOR" 1 16 141, C4<0100>;
P_000002271a137a00 .param/l "CSR_CMD_C" 1 16 163, C4<011>;
P_000002271a137a38 .param/l "CSR_CMD_NONE" 1 16 160, C4<000>;
P_000002271a137a70 .param/l "CSR_CMD_S" 1 16 162, C4<010>;
P_000002271a137aa8 .param/l "CSR_CMD_W" 1 16 161, C4<001>;
P_000002271a137ae0 .param/l "OP_AUIPC" 1 16 125, C4<0010111>;
P_000002271a137b18 .param/l "OP_BRANCH" 1 16 128, C4<1100011>;
P_000002271a137b50 .param/l "OP_JAL" 1 16 126, C4<1101111>;
P_000002271a137b88 .param/l "OP_JALR" 1 16 127, C4<1100111>;
P_000002271a137bc0 .param/l "OP_LOAD" 1 16 129, C4<0000011>;
P_000002271a137bf8 .param/l "OP_LUI" 1 16 124, C4<0110111>;
P_000002271a137c30 .param/l "OP_MISC_MEM" 1 16 133, C4<0001111>;
P_000002271a137c68 .param/l "OP_OP" 1 16 132, C4<0110011>;
P_000002271a137ca0 .param/l "OP_OPIMM" 1 16 131, C4<0010011>;
P_000002271a137cd8 .param/l "OP_STORE" 1 16 130, C4<0100011>;
P_000002271a137d10 .param/l "OP_SYSTEM" 1 16 134, C4<1110011>;
P_000002271a137d48 .param/l "PRIV_M" 1 16 165, C4<11>;
P_000002271a137d80 .param/l "PRIV_U" 1 16 164, C4<00>;
P_000002271a137db8 .param/l "WB_ALU" 1 16 155, C4<00>;
P_000002271a137df0 .param/l "WB_MEM" 1 16 156, C4<01>;
P_000002271a137e28 .param/l "WB_PC4" 1 16 157, C4<10>;
L_000002271a20f2c0 .functor BUFZ 5, L_000002271a1972d0, C4<00000>, C4<00000>, C4<00000>;
L_000002271a20f5d0 .functor BUFZ 5, L_000002271a197050, C4<00000>, C4<00000>, C4<00000>;
L_000002271a20f020 .functor BUFZ 3, L_000002271a197410, C4<000>, C4<000>, C4<000>;
L_000002271a20f090 .functor BUFZ 32, L_000002271a20e530, C4<00000000000000000000000000000000>, C4<00000000000000000000000000000000>, C4<00000000000000000000000000000000>;
L_000002271a20f4f0 .functor OR 1, L_000002271a198950, L_000002271a19acf0, C4<0>, C4<0>;
L_000002271a20e7d0 .functor OR 1, L_000002271a20f4f0, L_000002271a19a390, C4<0>, C4<0>;
L_000002271a20f410 .functor OR 1, L_000002271a20e7d0, L_000002271a198c70, C4<0>, C4<0>;
L_000002271a20f950 .functor OR 1, L_000002271a20f410, L_000002271a199490, C4<0>, C4<0>;
L_000002271a20e300 .functor OR 1, L_000002271a20f950, L_000002271a19a610, C4<0>, C4<0>;
L_000002271a20e610 .functor OR 1, L_000002271a20e300, L_000002271a199530, C4<0>, C4<0>;
L_000002271a20f330 .functor OR 1, L_000002271a20e610, L_000002271a1995d0, C4<0>, C4<0>;
L_000002271a20ed10 .functor OR 1, L_000002271a20f330, L_000002271a19a750, C4<0>, C4<0>;
L_000002271a20e4c0 .functor OR 1, L_000002271a198a90, L_000002271a19ad90, C4<0>, C4<0>;
L_000002271a20e840 .functor OR 1, L_000002271a199ad0, L_000002271a199670, C4<0>, C4<0>;
L_000002271a20e920 .functor OR 1, L_000002271a1989f0, L_000002271a199710, C4<0>, C4<0>;
L_000002271a20f480 .functor OR 1, L_000002271a20e840, L_000002271a20e920, C4<0>, C4<0>;
L_000002271a20fb80 .functor AND 1, L_000002271a20f480, L_000002271a199990, C4<1>, C4<1>;
L_000002271a20e680 .functor OR 1, L_000002271a20e4c0, L_000002271a20fb80, C4<0>, C4<0>;
L_000002271a20f790 .functor NOT 1, L_000002271a21b730, C4<0>, C4<0>, C4<0>;
L_000002271a20fbf0 .functor AND 1, L_000002271a20eae0, L_000002271a20f790, C4<1>, C4<1>;
L_000002271a2108a0 .functor AND 1, L_000002271a218be0, L_000002271a19cf50, C4<1>, C4<1>;
L_000002271a211320 .functor AND 1, L_000002271a2108a0, L_000002271a19cff0, C4<1>, C4<1>;
L_000002271a210980 .functor AND 1, L_000002271a218be0, L_000002271a19ceb0, C4<1>, C4<1>;
L_000002271a210ad0 .functor AND 1, L_000002271a210980, L_000002271a19b290, C4<1>, C4<1>;
v000002271a13ebb0_0 .net *"_ivl_101", 0 0, L_000002271a20e610;  1 drivers
v000002271a13d670_0 .net *"_ivl_103", 11 0, L_000002271a199c10;  1 drivers
L_000002271a1b76f0 .functor BUFT 1, C4<001101000100>, C4<0>, C4<0>, C4<0>;
v000002271a13f290_0 .net/2u *"_ivl_104", 11 0, L_000002271a1b76f0;  1 drivers
v000002271a13eed0_0 .net *"_ivl_106", 0 0, L_000002271a1995d0;  1 drivers
v000002271a13ee30_0 .net *"_ivl_109", 0 0, L_000002271a20f330;  1 drivers
v000002271a13e070_0 .net *"_ivl_111", 11 0, L_000002271a199850;  1 drivers
L_000002271a1b7738 .functor BUFT 1, C4<111100010100>, C4<0>, C4<0>, C4<0>;
v000002271a13f010_0 .net/2u *"_ivl_112", 11 0, L_000002271a1b7738;  1 drivers
v000002271a13f470_0 .net *"_ivl_114", 0 0, L_000002271a19a750;  1 drivers
v000002271a13e7f0_0 .net *"_ivl_123", 1 0, L_000002271a198d10;  1 drivers
L_000002271a1b7780 .functor BUFT 1, C4<11>, C4<0>, C4<0>, C4<0>;
v000002271a13e110_0 .net/2u *"_ivl_124", 1 0, L_000002271a1b7780;  1 drivers
L_000002271a1b77c8 .functor BUFT 1, C4<001>, C4<0>, C4<0>, C4<0>;
v000002271a13ec50_0 .net/2u *"_ivl_130", 2 0, L_000002271a1b77c8;  1 drivers
v000002271a13dcb0_0 .net *"_ivl_132", 0 0, L_000002271a198a90;  1 drivers
L_000002271a1b7810 .functor BUFT 1, C4<101>, C4<0>, C4<0>, C4<0>;
v000002271a13ef70_0 .net/2u *"_ivl_134", 2 0, L_000002271a1b7810;  1 drivers
v000002271a13e930_0 .net *"_ivl_136", 0 0, L_000002271a19ad90;  1 drivers
L_000002271a1b7858 .functor BUFT 1, C4<010>, C4<0>, C4<0>, C4<0>;
v000002271a13f510_0 .net/2u *"_ivl_140", 2 0, L_000002271a1b7858;  1 drivers
v000002271a13d530_0 .net *"_ivl_142", 0 0, L_000002271a199ad0;  1 drivers
L_000002271a1b78a0 .functor BUFT 1, C4<110>, C4<0>, C4<0>, C4<0>;
v000002271a13e250_0 .net/2u *"_ivl_144", 2 0, L_000002271a1b78a0;  1 drivers
v000002271a13e9d0_0 .net *"_ivl_146", 0 0, L_000002271a199670;  1 drivers
L_000002271a1b78e8 .functor BUFT 1, C4<011>, C4<0>, C4<0>, C4<0>;
v000002271a13dfd0_0 .net/2u *"_ivl_150", 2 0, L_000002271a1b78e8;  1 drivers
v000002271a13e570_0 .net *"_ivl_152", 0 0, L_000002271a1989f0;  1 drivers
L_000002271a1b7930 .functor BUFT 1, C4<111>, C4<0>, C4<0>, C4<0>;
v000002271a13d0d0_0 .net/2u *"_ivl_154", 2 0, L_000002271a1b7930;  1 drivers
v000002271a13f330_0 .net *"_ivl_156", 0 0, L_000002271a199710;  1 drivers
v000002271a13d8f0_0 .net *"_ivl_165", 0 0, L_000002271a20f480;  1 drivers
L_000002271a1b7978 .functor BUFT 1, C4<00000>, C4<0>, C4<0>, C4<0>;
v000002271a13e2f0_0 .net/2u *"_ivl_166", 4 0, L_000002271a1b7978;  1 drivers
v000002271a13cf90_0 .net *"_ivl_168", 0 0, L_000002271a199990;  1 drivers
v000002271a13e6b0_0 .net *"_ivl_171", 0 0, L_000002271a20fb80;  1 drivers
v000002271a13dd50_0 .net *"_ivl_175", 0 0, L_000002271a19a430;  1 drivers
v000002271a13f150_0 .net *"_ivl_176", 19 0, L_000002271a199210;  1 drivers
v000002271a13e750_0 .net *"_ivl_179", 11 0, L_000002271a19abb0;  1 drivers
v000002271a13f1f0_0 .net *"_ivl_183", 0 0, L_000002271a199df0;  1 drivers
v000002271a13f3d0_0 .net *"_ivl_184", 19 0, L_000002271a19b010;  1 drivers
v000002271a13e390_0 .net *"_ivl_187", 6 0, L_000002271a199d50;  1 drivers
v000002271a13df30_0 .net *"_ivl_189", 4 0, L_000002271a19b0b0;  1 drivers
v000002271a13e430_0 .net *"_ivl_193", 0 0, L_000002271a19a930;  1 drivers
v000002271a13f5b0_0 .net *"_ivl_194", 18 0, L_000002271a19ae30;  1 drivers
v000002271a13ea70_0 .net *"_ivl_197", 0 0, L_000002271a199e90;  1 drivers
v000002271a13f650_0 .net *"_ivl_199", 0 0, L_000002271a19aa70;  1 drivers
v000002271a13d210_0 .net *"_ivl_201", 5 0, L_000002271a199a30;  1 drivers
v000002271a13cef0_0 .net *"_ivl_203", 3 0, L_000002271a199fd0;  1 drivers
L_000002271a1b79c0 .functor BUFT 1, C4<0>, C4<0>, C4<0>, C4<0>;
v000002271a13d170_0 .net/2u *"_ivl_204", 0 0, L_000002271a1b79c0;  1 drivers
v000002271a13d350_0 .net *"_ivl_209", 19 0, L_000002271a198b30;  1 drivers
L_000002271a1b7a08 .functor BUFT 1, C4<000000000000>, C4<0>, C4<0>, C4<0>;
v000002271a13d3f0_0 .net/2u *"_ivl_210", 11 0, L_000002271a1b7a08;  1 drivers
v000002271a13d490_0 .net *"_ivl_215", 0 0, L_000002271a198bd0;  1 drivers
v000002271a13d5d0_0 .net *"_ivl_216", 10 0, L_000002271a19a1b0;  1 drivers
v000002271a13d710_0 .net *"_ivl_219", 0 0, L_000002271a19a4d0;  1 drivers
v000002271a13d7b0_0 .net *"_ivl_221", 7 0, L_000002271a198db0;  1 drivers
v000002271a140870_0 .net *"_ivl_223", 0 0, L_000002271a19a570;  1 drivers
v000002271a13fe70_0 .net *"_ivl_225", 9 0, L_000002271a199350;  1 drivers
L_000002271a1b7a50 .functor BUFT 1, C4<0>, C4<0>, C4<0>, C4<0>;
v000002271a140c30_0 .net/2u *"_ivl_226", 0 0, L_000002271a1b7a50;  1 drivers
v000002271a141090_0 .net *"_ivl_248", 0 0, L_000002271a20f790;  1 drivers
L_000002271a1b7c48 .functor BUFT 1, C4<00000>, C4<0>, C4<0>, C4<0>;
v000002271a141e50_0 .net/2u *"_ivl_254", 4 0, L_000002271a1b7c48;  1 drivers
v000002271a140050_0 .net *"_ivl_256", 0 0, L_000002271a19cf50;  1 drivers
v000002271a13fab0_0 .net *"_ivl_259", 0 0, L_000002271a2108a0;  1 drivers
v000002271a140d70_0 .net *"_ivl_260", 0 0, L_000002271a19cff0;  1 drivers
L_000002271a1b7c90 .functor BUFT 1, C4<00000>, C4<0>, C4<0>, C4<0>;
v000002271a13f970_0 .net/2u *"_ivl_264", 4 0, L_000002271a1b7c90;  1 drivers
v000002271a13fa10_0 .net *"_ivl_266", 0 0, L_000002271a19ceb0;  1 drivers
v000002271a140370_0 .net *"_ivl_269", 0 0, L_000002271a210980;  1 drivers
v000002271a1402d0_0 .net *"_ivl_270", 0 0, L_000002271a19b290;  1 drivers
L_000002271a1b7cd8 .functor BUFT 1, C4<000000000000000000000000000>, C4<0>, C4<0>, C4<0>;
v000002271a1400f0_0 .net/2u *"_ivl_276", 26 0, L_000002271a1b7cd8;  1 drivers
v000002271a13f790_0 .net *"_ivl_278", 31 0, L_000002271a19b6f0;  1 drivers
L_000002271a1b74b0 .functor BUFT 1, C4<00000>, C4<0>, C4<0>, C4<0>;
v000002271a1418b0_0 .net/2u *"_ivl_36", 4 0, L_000002271a1b74b0;  1 drivers
v000002271a1419f0_0 .net *"_ivl_49", 11 0, L_000002271a199b70;  1 drivers
L_000002271a1b74f8 .functor BUFT 1, C4<001100000000>, C4<0>, C4<0>, C4<0>;
v000002271a140410_0 .net/2u *"_ivl_50", 11 0, L_000002271a1b74f8;  1 drivers
v000002271a141310_0 .net *"_ivl_52", 0 0, L_000002271a198950;  1 drivers
v000002271a140910_0 .net *"_ivl_55", 11 0, L_000002271a19a250;  1 drivers
L_000002271a1b7540 .functor BUFT 1, C4<001100000100>, C4<0>, C4<0>, C4<0>;
v000002271a1405f0_0 .net/2u *"_ivl_56", 11 0, L_000002271a1b7540;  1 drivers
v000002271a1416d0_0 .net *"_ivl_58", 0 0, L_000002271a19acf0;  1 drivers
v000002271a1413b0_0 .net *"_ivl_61", 0 0, L_000002271a20f4f0;  1 drivers
v000002271a141950_0 .net *"_ivl_63", 11 0, L_000002271a19a2f0;  1 drivers
L_000002271a1b7588 .functor BUFT 1, C4<001100000101>, C4<0>, C4<0>, C4<0>;
v000002271a13fc90_0 .net/2u *"_ivl_64", 11 0, L_000002271a1b7588;  1 drivers
v000002271a141770_0 .net *"_ivl_66", 0 0, L_000002271a19a390;  1 drivers
v000002271a140e10_0 .net *"_ivl_69", 0 0, L_000002271a20e7d0;  1 drivers
v000002271a140190_0 .net *"_ivl_71", 11 0, L_000002271a1993f0;  1 drivers
L_000002271a1b75d0 .functor BUFT 1, C4<001101000000>, C4<0>, C4<0>, C4<0>;
v000002271a1409b0_0 .net/2u *"_ivl_72", 11 0, L_000002271a1b75d0;  1 drivers
v000002271a140b90_0 .net *"_ivl_74", 0 0, L_000002271a198c70;  1 drivers
v000002271a1404b0_0 .net *"_ivl_77", 0 0, L_000002271a20f410;  1 drivers
v000002271a140eb0_0 .net *"_ivl_79", 11 0, L_000002271a19a9d0;  1 drivers
L_000002271a1b7618 .functor BUFT 1, C4<001101000001>, C4<0>, C4<0>, C4<0>;
v000002271a140230_0 .net/2u *"_ivl_80", 11 0, L_000002271a1b7618;  1 drivers
v000002271a13f830_0 .net *"_ivl_82", 0 0, L_000002271a199490;  1 drivers
v000002271a140550_0 .net *"_ivl_85", 0 0, L_000002271a20f950;  1 drivers
v000002271a1414f0_0 .net *"_ivl_87", 11 0, L_000002271a19a110;  1 drivers
L_000002271a1b7660 .functor BUFT 1, C4<001101000010>, C4<0>, C4<0>, C4<0>;
v000002271a141590_0 .net/2u *"_ivl_88", 11 0, L_000002271a1b7660;  1 drivers
v000002271a141130_0 .net *"_ivl_90", 0 0, L_000002271a19a610;  1 drivers
v000002271a13f8d0_0 .net *"_ivl_93", 0 0, L_000002271a20e300;  1 drivers
v000002271a141a90_0 .net *"_ivl_95", 11 0, L_000002271a199f30;  1 drivers
L_000002271a1b76a8 .functor BUFT 1, C4<001101000011>, C4<0>, C4<0>, C4<0>;
v000002271a13fbf0_0 .net/2u *"_ivl_96", 11 0, L_000002271a1b76a8;  1 drivers
v000002271a140690_0 .net *"_ivl_98", 0 0, L_000002271a199530;  1 drivers
v000002271a1407d0_0 .var "alu_op", 3 0;
v000002271a140a50_0 .net "alu_op_o", 3 0, v000002271a1407d0_0;  alias, 1 drivers
v000002271a13fb50_0 .var "alu_src_imm", 0 0;
v000002271a140af0_0 .net "alu_src_imm_o", 0 0, v000002271a13fb50_0;  alias, 1 drivers
v000002271a13fd30_0 .net "br_funct3_o", 2 0, L_000002271a20f020;  alias, 1 drivers
v000002271a1411d0_0 .var "branch", 0 0;
v000002271a141810_0 .net "branch_o", 0 0, v000002271a1411d0_0;  alias, 1 drivers
v000002271a141630_0 .net "clk", 0 0, L_0000022719c748c0;  alias, 1 drivers
v000002271a13fdd0_0 .net "csr_addr_supported", 0 0, L_000002271a20ed10;  1 drivers
v000002271a140cd0_0 .net "csr_c_op", 0 0, L_000002271a20e920;  1 drivers
v000002271a141c70_0 .var "csr_cmd", 2 0;
v000002271a140f50_0 .var "csr_en", 0 0;
v000002271a13ff10_0 .net "csr_imm_form", 0 0, L_000002271a199cb0;  1 drivers
v000002271a13ffb0_0 .net "csr_is_read_only", 0 0, L_000002271a19a6b0;  1 drivers
v000002271a140ff0_0 .net "csr_priv_ok", 0 0, L_000002271a19a890;  1 drivers
v000002271a13f6f0_0 .net "csr_required_priv", 1 0, L_000002271a19a7f0;  1 drivers
v000002271a140730_0 .net "csr_s_op", 0 0, L_000002271a20e840;  1 drivers
v000002271a141270_0 .var "csr_use_zimm", 0 0;
v000002271a141b30_0 .net "csr_w_op", 0 0, L_000002271a20e4c0;  1 drivers
v000002271a141450_0 .net "csr_would_write", 0 0, L_000002271a20e680;  1 drivers
v000002271a141bd0_0 .net "csr_write_operand", 4 0, L_000002271a198f90;  1 drivers
v000002271a141d10_0 .net "csr_zimm", 4 0, L_000002271a1998f0;  1 drivers
v000002271a141db0_0 .net "current_priv_i", 1 0, v000002271a043d30_0;  alias, 1 drivers
v000002271a1443d0_0 .net "funct3", 2 0, L_000002271a197410;  1 drivers
v000002271a142fd0_0 .net "funct7", 6 0, L_000002271a1997b0;  1 drivers
v000002271a1434d0_0 .net "id_csr_addr_o", 11 0, L_000002271a19aed0;  alias, 1 drivers
v000002271a1431b0_0 .net "id_csr_cmd_o", 2 0, v000002271a141c70_0;  alias, 1 drivers
v000002271a1439d0_0 .net "id_csr_en_o", 0 0, v000002271a140f50_0;  alias, 1 drivers
v000002271a144510_0 .net "id_ebreak_o", 0 0, v000002271a143f70_0;  alias, 1 drivers
v000002271a142490_0 .net "id_ecall_o", 0 0, v000002271a143bb0_0;  alias, 1 drivers
v000002271a141f90_0 .net "id_illegal_o", 0 0, v000002271a143250_0;  alias, 1 drivers
v000002271a1436b0_0 .net "id_instr_i", 31 0, L_000002271a20e5a0;  alias, 1 drivers
v000002271a1427b0_0 .net "id_is_auipc_o", 0 0, v000002271a142df0_0;  alias, 1 drivers
v000002271a143ed0_0 .net "id_is_lui_o", 0 0, v000002271a144150_0;  alias, 1 drivers
v000002271a143750_0 .net "id_mem_funct3_o", 2 0, v000002271a143430_0;  alias, 1 drivers
v000002271a142f30_0 .net "id_mret_o", 0 0, v000002271a142710_0;  alias, 1 drivers
v000002271a142d50_0 .net "id_pc_i", 31 0, L_000002271a20e530;  alias, 1 drivers
v000002271a144330_0 .net "id_ready_o", 0 0, L_000002271a20fbf0;  alias, 1 drivers
v000002271a143390_0 .net "id_shift_arith_o", 0 0, v000002271a142990_0;  alias, 1 drivers
v000002271a144470_0 .net "id_shift_right_o", 0 0, v000002271a142ad0_0;  alias, 1 drivers
v000002271a141ef0_0 .net "id_stall_i", 0 0, L_000002271a21b730;  alias, 1 drivers
v000002271a143c50_0 .net "id_valid_i", 0 0, L_000002271a20eae0;  alias, 1 drivers
v000002271a143250_0 .var "illegal_instr", 0 0;
v000002271a144650_0 .var "imm", 31 0;
v000002271a1422b0_0 .net "imm_b", 31 0, L_000002271a1992b0;  1 drivers
v000002271a142670_0 .net "imm_i", 31 0, L_000002271a199170;  1 drivers
v000002271a1441f0_0 .net "imm_j", 31 0, L_000002271a19ac50;  1 drivers
v000002271a142b70_0 .net "imm_o", 31 0, v000002271a144650_0;  alias, 1 drivers
v000002271a143b10_0 .net "imm_s", 31 0, L_000002271a19a070;  1 drivers
v000002271a144290_0 .net "imm_u", 31 0, L_000002271a19ab10;  1 drivers
v000002271a142df0_0 .var "is_auipc", 0 0;
v000002271a143f70_0 .var "is_ebreak", 0 0;
v000002271a143bb0_0 .var "is_ecall", 0 0;
v000002271a144150_0 .var "is_lui", 0 0;
v000002271a142710_0 .var "is_mret", 0 0;
v000002271a1437f0_0 .var "jal", 0 0;
v000002271a144010_0 .net "jal_o", 0 0, v000002271a1437f0_0;  alias, 1 drivers
v000002271a143610_0 .var "jalr", 0 0;
v000002271a142850_0 .net "jalr_o", 0 0, v000002271a143610_0;  alias, 1 drivers
v000002271a143430_0 .var "mem_f3", 2 0;
v000002271a1432f0_0 .var "mem_read", 0 0;
v000002271a143570_0 .net "mem_read_o", 0 0, v000002271a1432f0_0;  alias, 1 drivers
v000002271a1445b0_0 .var "mem_write", 0 0;
v000002271a142c10_0 .net "mem_write_o", 0 0, v000002271a1445b0_0;  alias, 1 drivers
v000002271a142a30_0 .net "opcode", 6 0, L_000002271a196f10;  1 drivers
v000002271a142030_0 .net "pc_o", 31 0, L_000002271a20f090;  1 drivers
v000002271a143890_0 .net "rd", 4 0, L_000002271a197050;  1 drivers
v000002271a1420d0_0 .net "rd_o", 4 0, L_000002271a20f5d0;  alias, 1 drivers
v000002271a142350_0 .var "reg_write", 0 0;
v000002271a1423f0_0 .net "reg_write_o", 0 0, v000002271a142350_0;  alias, 1 drivers
v000002271a143d90_0 .net "rs1", 4 0, L_000002271a197190;  1 drivers
v000002271a1425d0_0 .net "rs1_bypass", 31 0, L_000002271a19caf0;  1 drivers
v000002271a142170_0 .net "rs1_o", 4 0, L_000002271a19af70;  alias, 1 drivers
v000002271a143070_0 .net "rs1_raw", 31 0, L_000002271a1990d0;  1 drivers
v000002271a143930_0 .net "rs1_val_o", 31 0, L_000002271a19d270;  alias, 1 drivers
v000002271a142210_0 .net "rs2", 4 0, L_000002271a1972d0;  1 drivers
v000002271a1428f0_0 .net "rs2_o", 4 0, L_000002271a20f2c0;  alias, 1 drivers
v000002271a143a70_0 .net "rs2_raw", 31 0, L_000002271a19c9b0;  1 drivers
v000002271a1440b0_0 .net "rs2_val_o", 31 0, L_000002271a19ca50;  alias, 1 drivers
v000002271a142530_0 .net "rst_n", 0 0, L_000002271a198630;  alias, 1 drivers
v000002271a142990_0 .var "shift_arith", 0 0;
v000002271a142ad0_0 .var "shift_right", 0 0;
v000002271a142cb0_0 .net "wb_match_rs1", 0 0, L_000002271a211320;  1 drivers
v000002271a143cf0_0 .net "wb_match_rs2", 0 0, L_000002271a210ad0;  1 drivers
v000002271a142e90_0 .net "wb_rd_i", 4 0, L_000002271a2195f0;  alias, 1 drivers
v000002271a143110_0 .var "wb_sel", 1 0;
v000002271a143e30_0 .net "wb_sel_o", 1 0, v000002271a143110_0;  alias, 1 drivers
v000002271a144fb0_0 .net "wb_wd_i", 31 0, L_000002271a219c10;  alias, 1 drivers
v000002271a146590_0 .net "wb_we_i", 0 0, L_000002271a218be0;  alias, 1 drivers
E_000002271a065cb0/0 .event anyedge, v000002271a142a30_0, v000002271a144290_0, v000002271a1441f0_0, v000002271a142670_0;
E_000002271a065cb0/1 .event anyedge, v000002271a1443d0_0, v000002271a1422b0_0, v000002271a143b10_0, v000002271a142fd0_0;
E_000002271a065cb0/2 .event anyedge, v000002271a1436b0_0, v000002271a13fdd0_0, v000002271a140ff0_0, v000002271a13ffb0_0;
E_000002271a065cb0/3 .event anyedge, v000002271a141450_0, v000002271a13ff10_0, v000002271a13da30_0, v000002271a143890_0;
E_000002271a065cb0/4 .event anyedge, v000002271a041990_0, v000002271a143250_0;
E_000002271a065cb0 .event/or E_000002271a065cb0/0, E_000002271a065cb0/1, E_000002271a065cb0/2, E_000002271a065cb0/3, E_000002271a065cb0/4;
L_000002271a196f10 .part L_000002271a20e5a0, 0, 7;
L_000002271a197050 .part L_000002271a20e5a0, 7, 5;
L_000002271a197410 .part L_000002271a20e5a0, 12, 3;
L_000002271a197190 .part L_000002271a20e5a0, 15, 5;
L_000002271a1972d0 .part L_000002271a20e5a0, 20, 5;
L_000002271a1997b0 .part L_000002271a20e5a0, 25, 7;
L_000002271a19aed0 .part L_000002271a20e5a0, 20, 12;
L_000002271a19af70 .functor MUXZ 5, L_000002271a197190, L_000002271a1b74b0, v000002271a141270_0, C4<>;
L_000002271a199b70 .part L_000002271a20e5a0, 20, 12;
L_000002271a198950 .cmp/eq 12, L_000002271a199b70, L_000002271a1b74f8;
L_000002271a19a250 .part L_000002271a20e5a0, 20, 12;
L_000002271a19acf0 .cmp/eq 12, L_000002271a19a250, L_000002271a1b7540;
L_000002271a19a2f0 .part L_000002271a20e5a0, 20, 12;
L_000002271a19a390 .cmp/eq 12, L_000002271a19a2f0, L_000002271a1b7588;
L_000002271a1993f0 .part L_000002271a20e5a0, 20, 12;
L_000002271a198c70 .cmp/eq 12, L_000002271a1993f0, L_000002271a1b75d0;
L_000002271a19a9d0 .part L_000002271a20e5a0, 20, 12;
L_000002271a199490 .cmp/eq 12, L_000002271a19a9d0, L_000002271a1b7618;
L_000002271a19a110 .part L_000002271a20e5a0, 20, 12;
L_000002271a19a610 .cmp/eq 12, L_000002271a19a110, L_000002271a1b7660;
L_000002271a199f30 .part L_000002271a20e5a0, 20, 12;
L_000002271a199530 .cmp/eq 12, L_000002271a199f30, L_000002271a1b76a8;
L_000002271a199c10 .part L_000002271a20e5a0, 20, 12;
L_000002271a1995d0 .cmp/eq 12, L_000002271a199c10, L_000002271a1b76f0;
L_000002271a199850 .part L_000002271a20e5a0, 20, 12;
L_000002271a19a750 .cmp/eq 12, L_000002271a199850, L_000002271a1b7738;
L_000002271a19a7f0 .part L_000002271a20e5a0, 28, 2;
L_000002271a19a890 .cmp/ge 2, v000002271a043d30_0, L_000002271a19a7f0;
L_000002271a198d10 .part L_000002271a20e5a0, 30, 2;
L_000002271a19a6b0 .cmp/eq 2, L_000002271a198d10, L_000002271a1b7780;
L_000002271a199cb0 .part L_000002271a197410, 2, 1;
L_000002271a198a90 .cmp/eq 3, L_000002271a197410, L_000002271a1b77c8;
L_000002271a19ad90 .cmp/eq 3, L_000002271a197410, L_000002271a1b7810;
L_000002271a199ad0 .cmp/eq 3, L_000002271a197410, L_000002271a1b7858;
L_000002271a199670 .cmp/eq 3, L_000002271a197410, L_000002271a1b78a0;
L_000002271a1989f0 .cmp/eq 3, L_000002271a197410, L_000002271a1b78e8;
L_000002271a199710 .cmp/eq 3, L_000002271a197410, L_000002271a1b7930;
L_000002271a1998f0 .part L_000002271a20e5a0, 15, 5;
L_000002271a198f90 .functor MUXZ 5, L_000002271a197190, L_000002271a1998f0, L_000002271a199cb0, C4<>;
L_000002271a199990 .cmp/ne 5, L_000002271a198f90, L_000002271a1b7978;
L_000002271a19a430 .part L_000002271a20e5a0, 31, 1;
LS_000002271a199210_0_0 .concat [ 1 1 1 1], L_000002271a19a430, L_000002271a19a430, L_000002271a19a430, L_000002271a19a430;
LS_000002271a199210_0_4 .concat [ 1 1 1 1], L_000002271a19a430, L_000002271a19a430, L_000002271a19a430, L_000002271a19a430;
LS_000002271a199210_0_8 .concat [ 1 1 1 1], L_000002271a19a430, L_000002271a19a430, L_000002271a19a430, L_000002271a19a430;
LS_000002271a199210_0_12 .concat [ 1 1 1 1], L_000002271a19a430, L_000002271a19a430, L_000002271a19a430, L_000002271a19a430;
LS_000002271a199210_0_16 .concat [ 1 1 1 1], L_000002271a19a430, L_000002271a19a430, L_000002271a19a430, L_000002271a19a430;
LS_000002271a199210_1_0 .concat [ 4 4 4 4], LS_000002271a199210_0_0, LS_000002271a199210_0_4, LS_000002271a199210_0_8, LS_000002271a199210_0_12;
LS_000002271a199210_1_4 .concat [ 4 0 0 0], LS_000002271a199210_0_16;
L_000002271a199210 .concat [ 16 4 0 0], LS_000002271a199210_1_0, LS_000002271a199210_1_4;
L_000002271a19abb0 .part L_000002271a20e5a0, 20, 12;
L_000002271a199170 .concat [ 12 20 0 0], L_000002271a19abb0, L_000002271a199210;
L_000002271a199df0 .part L_000002271a20e5a0, 31, 1;
LS_000002271a19b010_0_0 .concat [ 1 1 1 1], L_000002271a199df0, L_000002271a199df0, L_000002271a199df0, L_000002271a199df0;
LS_000002271a19b010_0_4 .concat [ 1 1 1 1], L_000002271a199df0, L_000002271a199df0, L_000002271a199df0, L_000002271a199df0;
LS_000002271a19b010_0_8 .concat [ 1 1 1 1], L_000002271a199df0, L_000002271a199df0, L_000002271a199df0, L_000002271a199df0;
LS_000002271a19b010_0_12 .concat [ 1 1 1 1], L_000002271a199df0, L_000002271a199df0, L_000002271a199df0, L_000002271a199df0;
LS_000002271a19b010_0_16 .concat [ 1 1 1 1], L_000002271a199df0, L_000002271a199df0, L_000002271a199df0, L_000002271a199df0;
LS_000002271a19b010_1_0 .concat [ 4 4 4 4], LS_000002271a19b010_0_0, LS_000002271a19b010_0_4, LS_000002271a19b010_0_8, LS_000002271a19b010_0_12;
LS_000002271a19b010_1_4 .concat [ 4 0 0 0], LS_000002271a19b010_0_16;
L_000002271a19b010 .concat [ 16 4 0 0], LS_000002271a19b010_1_0, LS_000002271a19b010_1_4;
L_000002271a199d50 .part L_000002271a20e5a0, 25, 7;
L_000002271a19b0b0 .part L_000002271a20e5a0, 7, 5;
L_000002271a19a070 .concat [ 5 7 20 0], L_000002271a19b0b0, L_000002271a199d50, L_000002271a19b010;
L_000002271a19a930 .part L_000002271a20e5a0, 31, 1;
LS_000002271a19ae30_0_0 .concat [ 1 1 1 1], L_000002271a19a930, L_000002271a19a930, L_000002271a19a930, L_000002271a19a930;
LS_000002271a19ae30_0_4 .concat [ 1 1 1 1], L_000002271a19a930, L_000002271a19a930, L_000002271a19a930, L_000002271a19a930;
LS_000002271a19ae30_0_8 .concat [ 1 1 1 1], L_000002271a19a930, L_000002271a19a930, L_000002271a19a930, L_000002271a19a930;
LS_000002271a19ae30_0_12 .concat [ 1 1 1 1], L_000002271a19a930, L_000002271a19a930, L_000002271a19a930, L_000002271a19a930;
LS_000002271a19ae30_0_16 .concat [ 1 1 1 0], L_000002271a19a930, L_000002271a19a930, L_000002271a19a930;
LS_000002271a19ae30_1_0 .concat [ 4 4 4 4], LS_000002271a19ae30_0_0, LS_000002271a19ae30_0_4, LS_000002271a19ae30_0_8, LS_000002271a19ae30_0_12;
LS_000002271a19ae30_1_4 .concat [ 3 0 0 0], LS_000002271a19ae30_0_16;
L_000002271a19ae30 .concat [ 16 3 0 0], LS_000002271a19ae30_1_0, LS_000002271a19ae30_1_4;
L_000002271a199e90 .part L_000002271a20e5a0, 31, 1;
L_000002271a19aa70 .part L_000002271a20e5a0, 7, 1;
L_000002271a199a30 .part L_000002271a20e5a0, 25, 6;
L_000002271a199fd0 .part L_000002271a20e5a0, 8, 4;
LS_000002271a1992b0_0_0 .concat [ 1 4 6 1], L_000002271a1b79c0, L_000002271a199fd0, L_000002271a199a30, L_000002271a19aa70;
LS_000002271a1992b0_0_4 .concat [ 1 19 0 0], L_000002271a199e90, L_000002271a19ae30;
L_000002271a1992b0 .concat [ 12 20 0 0], LS_000002271a1992b0_0_0, LS_000002271a1992b0_0_4;
L_000002271a198b30 .part L_000002271a20e5a0, 12, 20;
L_000002271a19ab10 .concat [ 12 20 0 0], L_000002271a1b7a08, L_000002271a198b30;
L_000002271a198bd0 .part L_000002271a20e5a0, 31, 1;
LS_000002271a19a1b0_0_0 .concat [ 1 1 1 1], L_000002271a198bd0, L_000002271a198bd0, L_000002271a198bd0, L_000002271a198bd0;
LS_000002271a19a1b0_0_4 .concat [ 1 1 1 1], L_000002271a198bd0, L_000002271a198bd0, L_000002271a198bd0, L_000002271a198bd0;
LS_000002271a19a1b0_0_8 .concat [ 1 1 1 0], L_000002271a198bd0, L_000002271a198bd0, L_000002271a198bd0;
L_000002271a19a1b0 .concat [ 4 4 3 0], LS_000002271a19a1b0_0_0, LS_000002271a19a1b0_0_4, LS_000002271a19a1b0_0_8;
L_000002271a19a4d0 .part L_000002271a20e5a0, 31, 1;
L_000002271a198db0 .part L_000002271a20e5a0, 12, 8;
L_000002271a19a570 .part L_000002271a20e5a0, 20, 1;
L_000002271a199350 .part L_000002271a20e5a0, 21, 10;
LS_000002271a19ac50_0_0 .concat [ 1 10 1 8], L_000002271a1b7a50, L_000002271a199350, L_000002271a19a570, L_000002271a198db0;
LS_000002271a19ac50_0_4 .concat [ 1 11 0 0], L_000002271a19a4d0, L_000002271a19a1b0;
L_000002271a19ac50 .concat [ 20 12 0 0], LS_000002271a19ac50_0_0, LS_000002271a19ac50_0_4;
L_000002271a19cf50 .cmp/ne 5, L_000002271a2195f0, L_000002271a1b7c48;
L_000002271a19cff0 .cmp/eq 5, L_000002271a2195f0, L_000002271a197190;
L_000002271a19ceb0 .cmp/ne 5, L_000002271a2195f0, L_000002271a1b7c90;
L_000002271a19b290 .cmp/eq 5, L_000002271a2195f0, L_000002271a1972d0;
L_000002271a19caf0 .functor MUXZ 32, L_000002271a1990d0, L_000002271a219c10, L_000002271a211320, C4<>;
L_000002271a19b6f0 .concat [ 5 27 0 0], L_000002271a1998f0, L_000002271a1b7cd8;
L_000002271a19d270 .functor MUXZ 32, L_000002271a19caf0, L_000002271a19b6f0, v000002271a141270_0, C4<>;
L_000002271a19ca50 .functor MUXZ 32, L_000002271a19c9b0, L_000002271a219c10, L_000002271a210ad0, C4<>;
S_0000022719002c60 .scope module, "u_rf" "regfile" 16 539, 16 2 0, S_0000022719002490;
 .timescale -9 -12;
    .port_info 0 /INPUT 1 "clk";
    .port_info 1 /INPUT 1 "rst_n";
    .port_info 2 /INPUT 5 "rs1_i";
    .port_info 3 /INPUT 5 "rs2_i";
    .port_info 4 /OUTPUT 32 "rs1_o";
    .port_info 5 /OUTPUT 32 "rs2_o";
    .port_info 6 /INPUT 1 "we_i";
    .port_info 7 /INPUT 5 "rd_i";
    .port_info 8 /INPUT 32 "wd_i";
L_000002271a1b7a98 .functor BUFT 1, C4<00000>, C4<0>, C4<0>, C4<0>;
v0000022719994e10_0 .net/2u *"_ivl_0", 4 0, L_000002271a1b7a98;  1 drivers
L_000002271a1b7b28 .functor BUFT 1, C4<00>, C4<0>, C4<0>, C4<0>;
v0000022719994eb0_0 .net *"_ivl_11", 1 0, L_000002271a1b7b28;  1 drivers
L_000002271a1b7b70 .functor BUFT 1, C4<00000>, C4<0>, C4<0>, C4<0>;
v0000022719994f50_0 .net/2u *"_ivl_14", 4 0, L_000002271a1b7b70;  1 drivers
v0000022719994870_0 .net *"_ivl_16", 0 0, L_000002271a19d1d0;  1 drivers
L_000002271a1b7bb8 .functor BUFT 1, C4<00000000000000000000000000000000>, C4<0>, C4<0>, C4<0>;
v0000022719994910_0 .net/2u *"_ivl_18", 31 0, L_000002271a1b7bb8;  1 drivers
v000002271a13ddf0_0 .net *"_ivl_2", 0 0, L_000002271a198e50;  1 drivers
v000002271a13d030_0 .net *"_ivl_20", 31 0, L_000002271a19c690;  1 drivers
v000002271a13eb10_0 .net *"_ivl_22", 6 0, L_000002271a19c5f0;  1 drivers
L_000002271a1b7c00 .functor BUFT 1, C4<00>, C4<0>, C4<0>, C4<0>;
v000002271a13e4d0_0 .net *"_ivl_25", 1 0, L_000002271a1b7c00;  1 drivers
L_000002271a1b7ae0 .functor BUFT 1, C4<00000000000000000000000000000000>, C4<0>, C4<0>, C4<0>;
v000002271a13d990_0 .net/2u *"_ivl_4", 31 0, L_000002271a1b7ae0;  1 drivers
v000002271a13e610_0 .net *"_ivl_6", 31 0, L_000002271a198ef0;  1 drivers
v000002271a13dad0_0 .net *"_ivl_8", 6 0, L_000002271a199030;  1 drivers
v000002271a13d850_0 .net "clk", 0 0, L_0000022719c748c0;  alias, 1 drivers
v000002271a13e1b0_0 .var/i "i", 31 0;
v000002271a13db70_0 .net "rd_i", 4 0, L_000002271a2195f0;  alias, 1 drivers
v000002271a13dc10 .array "rf", 0 31, 31 0;
v000002271a13da30_0 .net "rs1_i", 4 0, L_000002271a197190;  alias, 1 drivers
v000002271a13de90_0 .net "rs1_o", 31 0, L_000002271a1990d0;  alias, 1 drivers
v000002271a13ecf0_0 .net "rs2_i", 4 0, L_000002271a1972d0;  alias, 1 drivers
v000002271a13ed90_0 .net "rs2_o", 31 0, L_000002271a19c9b0;  alias, 1 drivers
v000002271a13e890_0 .net "rst_n", 0 0, L_000002271a198630;  alias, 1 drivers
v000002271a13d2b0_0 .net "wd_i", 31 0, L_000002271a219c10;  alias, 1 drivers
v000002271a13f0b0_0 .net "we_i", 0 0, L_000002271a218be0;  alias, 1 drivers
L_000002271a198e50 .cmp/eq 5, L_000002271a197190, L_000002271a1b7a98;
L_000002271a198ef0 .array/port v000002271a13dc10, L_000002271a199030;
L_000002271a199030 .concat [ 5 2 0 0], L_000002271a197190, L_000002271a1b7b28;
L_000002271a1990d0 .functor MUXZ 32, L_000002271a198ef0, L_000002271a1b7ae0, L_000002271a198e50, C4<>;
L_000002271a19d1d0 .cmp/eq 5, L_000002271a1972d0, L_000002271a1b7b70;
L_000002271a19c690 .array/port v000002271a13dc10, L_000002271a19c5f0;
L_000002271a19c5f0 .concat [ 5 2 0 0], L_000002271a1972d0, L_000002271a1b7c00;
L_000002271a19c9b0 .functor MUXZ 32, L_000002271a19c690, L_000002271a1b7bb8, L_000002271a19d1d0, C4<>;
S_00000227190027b0 .scope module, "u_id_ex" "id_ex_reg" 4 1114, 17 3 0, S_000002271a0df4a0;
 .timescale -9 -12;
    .port_info 0 /INPUT 1 "clk";
    .port_info 1 /INPUT 1 "rst_n";
    .port_info 2 /INPUT 1 "stall_i";
    .port_info 3 /INPUT 1 "flush_i";
    .port_info 4 /INPUT 1 "redirect_valid_i";
    .port_info 5 /INPUT 1 "id_valid_i";
    .port_info 6 /INPUT 32 "id_pc_i";
    .port_info 7 /INPUT 32 "id_rs1_val_i";
    .port_info 8 /INPUT 32 "id_rs2_val_i";
    .port_info 9 /INPUT 32 "id_imm_i";
    .port_info 10 /INPUT 5 "id_rs1_i";
    .port_info 11 /INPUT 5 "id_rs2_i";
    .port_info 12 /INPUT 5 "id_rd_i";
    .port_info 13 /INPUT 4 "id_alu_op_i";
    .port_info 14 /INPUT 1 "id_alu_src_imm_i";
    .port_info 15 /INPUT 1 "id_branch_i";
    .port_info 16 /INPUT 1 "id_jal_i";
    .port_info 17 /INPUT 1 "id_jalr_i";
    .port_info 18 /INPUT 1 "id_mem_read_i";
    .port_info 19 /INPUT 1 "id_mem_write_i";
    .port_info 20 /INPUT 2 "id_wb_sel_i";
    .port_info 21 /INPUT 1 "id_reg_write_i";
    .port_info 22 /INPUT 3 "id_br_funct3_i";
    .port_info 23 /INPUT 1 "id_shift_right_i";
    .port_info 24 /INPUT 1 "id_shift_arith_i";
    .port_info 25 /INPUT 1 "id_is_auipc_i";
    .port_info 26 /INPUT 1 "id_is_lui_i";
    .port_info 27 /INPUT 3 "id_mem_funct3_i";
    .port_info 28 /INPUT 1 "id_csr_en_i";
    .port_info 29 /INPUT 3 "id_csr_cmd_i";
    .port_info 30 /INPUT 12 "id_csr_addr_i";
    .port_info 31 /INPUT 1 "id_ecall_i";
    .port_info 32 /INPUT 1 "id_ebreak_i";
    .port_info 33 /INPUT 1 "id_mret_i";
    .port_info 34 /INPUT 1 "id_illegal_i";
    .port_info 35 /INPUT 1 "id_pred_taken_i";
    .port_info 36 /INPUT 32 "id_pred_target_i";
    .port_info 37 /OUTPUT 3 "ex_mem_funct3_o";
    .port_info 38 /OUTPUT 1 "ex_shift_right_o";
    .port_info 39 /OUTPUT 1 "ex_shift_arith_o";
    .port_info 40 /OUTPUT 1 "ex_is_auipc_o";
    .port_info 41 /OUTPUT 1 "ex_is_lui_o";
    .port_info 42 /OUTPUT 1 "ex_csr_en_o";
    .port_info 43 /OUTPUT 3 "ex_csr_cmd_o";
    .port_info 44 /OUTPUT 12 "ex_csr_addr_o";
    .port_info 45 /OUTPUT 1 "ex_ecall_o";
    .port_info 46 /OUTPUT 1 "ex_ebreak_o";
    .port_info 47 /OUTPUT 1 "ex_mret_o";
    .port_info 48 /OUTPUT 1 "ex_illegal_o";
    .port_info 49 /OUTPUT 32 "ex_pc_o";
    .port_info 50 /OUTPUT 32 "ex_rs1_val_o";
    .port_info 51 /OUTPUT 32 "ex_rs2_val_o";
    .port_info 52 /OUTPUT 32 "ex_imm_o";
    .port_info 53 /OUTPUT 5 "ex_rs1_o";
    .port_info 54 /OUTPUT 5 "ex_rs2_o";
    .port_info 55 /OUTPUT 5 "ex_rd_o";
    .port_info 56 /OUTPUT 4 "ex_alu_op_o";
    .port_info 57 /OUTPUT 1 "ex_alu_src_imm_o";
    .port_info 58 /OUTPUT 1 "ex_branch_o";
    .port_info 59 /OUTPUT 1 "ex_jal_o";
    .port_info 60 /OUTPUT 1 "ex_jalr_o";
    .port_info 61 /OUTPUT 1 "ex_mem_read_o";
    .port_info 62 /OUTPUT 1 "ex_mem_write_o";
    .port_info 63 /OUTPUT 2 "ex_wb_sel_o";
    .port_info 64 /OUTPUT 1 "ex_reg_write_o";
    .port_info 65 /OUTPUT 3 "ex_br_funct3_o";
    .port_info 66 /OUTPUT 1 "ex_pred_taken_o";
    .port_info 67 /OUTPUT 32 "ex_pred_target_o";
    .port_info 68 /OUTPUT 1 "ex_valid_o";
P_000002271a0663f0 .param/l "WB_ALU" 1 17 87, C4<00>;
L_000002271a1b7db0 .functor BUFT 1, C4<0>, C4<0>, C4<0>, C4<0>;
L_000002271a211780 .functor OR 1, L_000002271a21aa10, L_000002271a1b7db0, C4<0>, C4<0>;
L_000002271a210830 .functor BUFZ 32, v000002271a13ca90_0, C4<00000000000000000000000000000000>, C4<00000000000000000000000000000000>, C4<00000000000000000000000000000000>;
L_000002271a210280 .functor BUFZ 32, v000002271a13cb30_0, C4<00000000000000000000000000000000>, C4<00000000000000000000000000000000>, C4<00000000000000000000000000000000>;
L_000002271a210d00 .functor BUFZ 32, v000002271a13c810_0, C4<00000000000000000000000000000000>, C4<00000000000000000000000000000000>, C4<00000000000000000000000000000000>;
L_000002271a210520 .functor BUFZ 32, v000002271a13b9b0_0, C4<00000000000000000000000000000000>, C4<00000000000000000000000000000000>, C4<00000000000000000000000000000000>;
L_000002271a2101a0 .functor BUFZ 5, v000002271a13b730_0, C4<00000>, C4<00000>, C4<00000>;
L_000002271a210a60 .functor BUFZ 5, v000002271a13ab50_0, C4<00000>, C4<00000>, C4<00000>;
L_000002271a210de0 .functor BUFZ 5, v000002271a13cc70_0, C4<00000>, C4<00000>, C4<00000>;
L_000002271a210ec0 .functor BUFZ 4, v000002271a147030_0, C4<0000>, C4<0000>, C4<0000>;
L_000002271a20fe20 .functor BUFZ 1, v000002271a147710_0, C4<0>, C4<0>, C4<0>;
L_000002271a2112b0 .functor BUFZ 1, v000002271a147b70_0, C4<0>, C4<0>, C4<0>;
L_000002271a2104b0 .functor BUFZ 1, v000002271a13b230_0, C4<0>, C4<0>, C4<0>;
L_000002271a211400 .functor BUFZ 1, v000002271a13c090_0, C4<0>, C4<0>, C4<0>;
L_000002271a210130 .functor BUFZ 1, v000002271a13c770_0, C4<0>, C4<0>, C4<0>;
L_000002271a2109f0 .functor BUFZ 1, v000002271a13c9f0_0, C4<0>, C4<0>, C4<0>;
L_000002271a2111d0 .functor BUFZ 2, v000002271a13a8d0_0, C4<00>, C4<00>, C4<00>;
L_000002271a210b40 .functor BUFZ 1, v000002271a13b4b0_0, C4<0>, C4<0>, C4<0>;
L_000002271a210fa0 .functor BUFZ 3, v000002271a1470d0_0, C4<000>, C4<000>, C4<000>;
L_000002271a211390 .functor BUFZ 1, v000002271a13c6d0_0, C4<0>, C4<0>, C4<0>;
L_000002271a211860 .functor BUFZ 32, v000002271a13bcd0_0, C4<00000000000000000000000000000000>, C4<00000000000000000000000000000000>, C4<00000000000000000000000000000000>;
L_000002271a210360 .functor BUFZ 1, v000002271a13a6f0_0, C4<0>, C4<0>, C4<0>;
L_000002271a210e50 .functor BUFZ 1, v000002271a13cdb0_0, C4<0>, C4<0>, C4<0>;
L_000002271a2102f0 .functor BUFZ 1, v000002271a13abf0_0, C4<0>, C4<0>, C4<0>;
L_000002271a2114e0 .functor BUFZ 1, v000002271a13b550_0, C4<0>, C4<0>, C4<0>;
L_000002271a210600 .functor BUFZ 1, v000002271a13c270_0, C4<0>, C4<0>, C4<0>;
L_000002271a211550 .functor BUFZ 1, v000002271a147350_0, C4<0>, C4<0>, C4<0>;
L_000002271a210670 .functor BUFZ 3, v000002271a147990_0, C4<000>, C4<000>, C4<000>;
L_000002271a211630 .functor BUFZ 12, v000002271a147210_0, C4<000000000000>, C4<000000000000>, C4<000000000000>;
L_000002271a2106e0 .functor BUFZ 1, v000002271a147530_0, C4<0>, C4<0>, C4<0>;
L_000002271a2116a0 .functor BUFZ 1, v000002271a146ef0_0, C4<0>, C4<0>, C4<0>;
L_000002271a210910 .functor BUFZ 1, v000002271a13c3b0_0, C4<0>, C4<0>, C4<0>;
L_000002271a2118d0 .functor BUFZ 1, v000002271a13b2d0_0, C4<0>, C4<0>, C4<0>;
L_000002271a210c90 .functor BUFZ 3, v000002271a13b0f0_0, C4<000>, C4<000>, C4<000>;
L_000002271a1b7e40 .functor BUFT 1, C4<00000000000000000000000000000000>, C4<0>, C4<0>, C4<0>;
v000002271a146b30_0 .net/2u *"_ivl_10", 31 0, L_000002271a1b7e40;  1 drivers
L_000002271a1b8278 .functor BUFT 1, C4<0>, C4<0>, C4<0>, C4<0>;
v000002271a146c70_0 .net/2u *"_ivl_100", 0 0, L_000002271a1b8278;  1 drivers
v000002271a146450_0 .net *"_ivl_102", 0 0, L_000002271a19b470;  1 drivers
L_000002271a1b82c0 .functor BUFT 1, C4<000>, C4<0>, C4<0>, C4<0>;
v000002271a146bd0_0 .net/2u *"_ivl_106", 2 0, L_000002271a1b82c0;  1 drivers
v000002271a145b90_0 .net *"_ivl_108", 2 0, L_000002271a19ce10;  1 drivers
L_000002271a1b8308 .functor BUFT 1, C4<0>, C4<0>, C4<0>, C4<0>;
v000002271a144e70_0 .net/2u *"_ivl_112", 0 0, L_000002271a1b8308;  1 drivers
v000002271a145a50_0 .net *"_ivl_114", 0 0, L_000002271a19bb50;  1 drivers
L_000002271a1b8350 .functor BUFT 1, C4<0>, C4<0>, C4<0>, C4<0>;
v000002271a144c90_0 .net/2u *"_ivl_118", 0 0, L_000002271a1b8350;  1 drivers
v000002271a144790_0 .net *"_ivl_12", 31 0, L_000002271a19d090;  1 drivers
v000002271a144a10_0 .net *"_ivl_120", 0 0, L_000002271a19bf10;  1 drivers
L_000002271a1b8398 .functor BUFT 1, C4<0>, C4<0>, C4<0>, C4<0>;
v000002271a1463b0_0 .net/2u *"_ivl_124", 0 0, L_000002271a1b8398;  1 drivers
v000002271a1468b0_0 .net *"_ivl_126", 0 0, L_000002271a19b790;  1 drivers
L_000002271a1b83e0 .functor BUFT 1, C4<0>, C4<0>, C4<0>, C4<0>;
v000002271a145550_0 .net/2u *"_ivl_130", 0 0, L_000002271a1b83e0;  1 drivers
v000002271a144f10_0 .net *"_ivl_132", 0 0, L_000002271a19bfb0;  1 drivers
L_000002271a1b8428 .functor BUFT 1, C4<0>, C4<0>, C4<0>, C4<0>;
v000002271a145d70_0 .net/2u *"_ivl_136", 0 0, L_000002271a1b8428;  1 drivers
v000002271a1454b0_0 .net *"_ivl_138", 0 0, L_000002271a19e170;  1 drivers
L_000002271a1b8470 .functor BUFT 1, C4<0>, C4<0>, C4<0>, C4<0>;
v000002271a146630_0 .net/2u *"_ivl_142", 0 0, L_000002271a1b8470;  1 drivers
v000002271a1455f0_0 .net *"_ivl_144", 0 0, L_000002271a19eb70;  1 drivers
L_000002271a1b84b8 .functor BUFT 1, C4<000>, C4<0>, C4<0>, C4<0>;
v000002271a144830_0 .net/2u *"_ivl_148", 2 0, L_000002271a1b84b8;  1 drivers
v000002271a146d10_0 .net *"_ivl_150", 2 0, L_000002271a19e2b0;  1 drivers
L_000002271a1b8500 .functor BUFT 1, C4<000000000000>, C4<0>, C4<0>, C4<0>;
v000002271a146770_0 .net/2u *"_ivl_154", 11 0, L_000002271a1b8500;  1 drivers
v000002271a1466d0_0 .net *"_ivl_156", 11 0, L_000002271a19ead0;  1 drivers
L_000002271a1b7e88 .functor BUFT 1, C4<00000000000000000000000000000000>, C4<0>, C4<0>, C4<0>;
v000002271a145690_0 .net/2u *"_ivl_16", 31 0, L_000002271a1b7e88;  1 drivers
L_000002271a1b8548 .functor BUFT 1, C4<0>, C4<0>, C4<0>, C4<0>;
v000002271a1464f0_0 .net/2u *"_ivl_160", 0 0, L_000002271a1b8548;  1 drivers
v000002271a146810_0 .net *"_ivl_162", 0 0, L_000002271a19e8f0;  1 drivers
L_000002271a1b8590 .functor BUFT 1, C4<0>, C4<0>, C4<0>, C4<0>;
v000002271a145e10_0 .net/2u *"_ivl_166", 0 0, L_000002271a1b8590;  1 drivers
v000002271a145c30_0 .net *"_ivl_168", 0 0, L_000002271a19f110;  1 drivers
L_000002271a1b85d8 .functor BUFT 1, C4<0>, C4<0>, C4<0>, C4<0>;
v000002271a1457d0_0 .net/2u *"_ivl_172", 0 0, L_000002271a1b85d8;  1 drivers
v000002271a1452d0_0 .net *"_ivl_174", 0 0, L_000002271a19f2f0;  1 drivers
L_000002271a1b8620 .functor BUFT 1, C4<0>, C4<0>, C4<0>, C4<0>;
v000002271a146950_0 .net/2u *"_ivl_178", 0 0, L_000002271a1b8620;  1 drivers
v000002271a1450f0_0 .net *"_ivl_18", 31 0, L_000002271a19cc30;  1 drivers
v000002271a146310_0 .net *"_ivl_180", 0 0, L_000002271a19efd0;  1 drivers
L_000002271a1b8668 .functor BUFT 1, C4<0>, C4<0>, C4<0>, C4<0>;
v000002271a1469f0_0 .net/2u *"_ivl_184", 0 0, L_000002271a1b8668;  1 drivers
v000002271a1459b0_0 .net *"_ivl_186", 0 0, L_000002271a19e350;  1 drivers
L_000002271a1b86b0 .functor BUFT 1, C4<00000000000000000000000000000000>, C4<0>, C4<0>, C4<0>;
v000002271a146a90_0 .net/2u *"_ivl_190", 31 0, L_000002271a1b86b0;  1 drivers
v000002271a144b50_0 .net *"_ivl_192", 31 0, L_000002271a19ec10;  1 drivers
L_000002271a1b7ed0 .functor BUFT 1, C4<00000000000000000000000000000000>, C4<0>, C4<0>, C4<0>;
v000002271a146db0_0 .net/2u *"_ivl_22", 31 0, L_000002271a1b7ed0;  1 drivers
v000002271a145870_0 .net *"_ivl_24", 31 0, L_000002271a19c2d0;  1 drivers
L_000002271a1b7f18 .functor BUFT 1, C4<010>, C4<0>, C4<0>, C4<0>;
v000002271a146e50_0 .net/2u *"_ivl_28", 2 0, L_000002271a1b7f18;  1 drivers
v000002271a1446f0_0 .net *"_ivl_30", 2 0, L_000002271a19d310;  1 drivers
L_000002271a1b7f60 .functor BUFT 1, C4<00000>, C4<0>, C4<0>, C4<0>;
v000002271a145050_0 .net/2u *"_ivl_34", 4 0, L_000002271a1b7f60;  1 drivers
v000002271a145910_0 .net *"_ivl_36", 4 0, L_000002271a19b5b0;  1 drivers
L_000002271a1b7df8 .functor BUFT 1, C4<00000000000000000000000000000000>, C4<0>, C4<0>, C4<0>;
v000002271a1448d0_0 .net/2u *"_ivl_4", 31 0, L_000002271a1b7df8;  1 drivers
L_000002271a1b7fa8 .functor BUFT 1, C4<00000>, C4<0>, C4<0>, C4<0>;
v000002271a145410_0 .net/2u *"_ivl_40", 4 0, L_000002271a1b7fa8;  1 drivers
v000002271a144bf0_0 .net *"_ivl_42", 4 0, L_000002271a19ba10;  1 drivers
L_000002271a1b7ff0 .functor BUFT 1, C4<00000>, C4<0>, C4<0>, C4<0>;
v000002271a144dd0_0 .net/2u *"_ivl_46", 4 0, L_000002271a1b7ff0;  1 drivers
v000002271a146270_0 .net *"_ivl_48", 4 0, L_000002271a19bd30;  1 drivers
L_000002271a1b8038 .functor BUFT 1, C4<0000>, C4<0>, C4<0>, C4<0>;
v000002271a145af0_0 .net/2u *"_ivl_52", 3 0, L_000002271a1b8038;  1 drivers
v000002271a144970_0 .net *"_ivl_54", 3 0, L_000002271a19d6d0;  1 drivers
L_000002271a1b8080 .functor BUFT 1, C4<0>, C4<0>, C4<0>, C4<0>;
v000002271a145cd0_0 .net/2u *"_ivl_58", 0 0, L_000002271a1b8080;  1 drivers
v000002271a145eb0_0 .net *"_ivl_6", 31 0, L_000002271a19b1f0;  1 drivers
v000002271a145f50_0 .net *"_ivl_60", 0 0, L_000002271a19bab0;  1 drivers
L_000002271a1b80c8 .functor BUFT 1, C4<0>, C4<0>, C4<0>, C4<0>;
v000002271a1461d0_0 .net/2u *"_ivl_64", 0 0, L_000002271a1b80c8;  1 drivers
v000002271a145ff0_0 .net *"_ivl_66", 0 0, L_000002271a19d770;  1 drivers
L_000002271a1b8110 .functor BUFT 1, C4<0>, C4<0>, C4<0>, C4<0>;
v000002271a144ab0_0 .net/2u *"_ivl_70", 0 0, L_000002271a1b8110;  1 drivers
v000002271a146090_0 .net *"_ivl_72", 0 0, L_000002271a19c730;  1 drivers
L_000002271a1b8158 .functor BUFT 1, C4<0>, C4<0>, C4<0>, C4<0>;
v000002271a145730_0 .net/2u *"_ivl_76", 0 0, L_000002271a1b8158;  1 drivers
v000002271a146130_0 .net *"_ivl_78", 0 0, L_000002271a19d810;  1 drivers
L_000002271a1b81a0 .functor BUFT 1, C4<0>, C4<0>, C4<0>, C4<0>;
v000002271a144d30_0 .net/2u *"_ivl_82", 0 0, L_000002271a1b81a0;  1 drivers
v000002271a145190_0 .net *"_ivl_84", 0 0, L_000002271a19d8b0;  1 drivers
L_000002271a1b81e8 .functor BUFT 1, C4<0>, C4<0>, C4<0>, C4<0>;
v000002271a145230_0 .net/2u *"_ivl_88", 0 0, L_000002271a1b81e8;  1 drivers
v000002271a145370_0 .net *"_ivl_90", 0 0, L_000002271a19c550;  1 drivers
L_000002271a1b8230 .functor BUFT 1, C4<00>, C4<0>, C4<0>, C4<0>;
v000002271a147670_0 .net/2u *"_ivl_94", 1 0, L_000002271a1b8230;  1 drivers
v000002271a147ad0_0 .net *"_ivl_96", 1 0, L_000002271a19b3d0;  1 drivers
v000002271a147d50_0 .net "alu_op_d", 3 0, L_000002271a19b650;  1 drivers
v000002271a147030_0 .var "alu_op_q", 3 0;
v000002271a147170_0 .net "alu_src_d", 0 0, L_000002271a19c7d0;  1 drivers
v000002271a147710_0 .var "alu_src_imm_q", 0 0;
v000002271a1477b0_0 .net "br_f3_d", 2 0, L_000002271a19d130;  1 drivers
v000002271a1470d0_0 .var "br_funct3_q", 2 0;
v000002271a147850_0 .net "branch_d", 0 0, L_000002271a19c050;  1 drivers
v000002271a147b70_0 .var "branch_q", 0 0;
v000002271a1478f0_0 .net "clk", 0 0, L_0000022719c748c0;  alias, 1 drivers
v000002271a147a30_0 .net "csr_addr_d", 11 0, L_000002271a19fa70;  1 drivers
v000002271a147210_0 .var "csr_addr_q", 11 0;
v000002271a147c10_0 .net "csr_cmd_d", 2 0, L_000002271a19f750;  1 drivers
v000002271a147990_0 .var "csr_cmd_q", 2 0;
v000002271a147cb0_0 .net "csr_en_d", 0 0, L_000002271a19e5d0;  1 drivers
v000002271a147350_0 .var "csr_en_q", 0 0;
v000002271a1473f0_0 .net "duplicate_issue_wb_nonctrl", 0 0, L_000002271a1b7db0;  1 drivers
v000002271a1472b0_0 .net "ebreak_d", 0 0, L_000002271a19fcf0;  1 drivers
v000002271a146ef0_0 .var "ebreak_q", 0 0;
v000002271a147490_0 .net "ecall_d", 0 0, L_000002271a19e030;  1 drivers
v000002271a147530_0 .var "ecall_q", 0 0;
v000002271a146f90_0 .net "ex_alu_op_o", 3 0, L_000002271a210ec0;  alias, 1 drivers
v000002271a1475d0_0 .net "ex_alu_src_imm_o", 0 0, L_000002271a20fe20;  alias, 1 drivers
v000002271a139390_0 .net "ex_br_funct3_o", 2 0, L_000002271a210fa0;  alias, 1 drivers
v000002271a138a30_0 .net "ex_branch_o", 0 0, L_000002271a2112b0;  alias, 1 drivers
v000002271a139d90_0 .net "ex_csr_addr_o", 11 0, L_000002271a211630;  alias, 1 drivers
v000002271a138d50_0 .net "ex_csr_cmd_o", 2 0, L_000002271a210670;  alias, 1 drivers
v000002271a139cf0_0 .net "ex_csr_en_o", 0 0, L_000002271a211550;  alias, 1 drivers
v000002271a138850_0 .net "ex_ebreak_o", 0 0, L_000002271a2116a0;  alias, 1 drivers
v000002271a1382b0_0 .net "ex_ecall_o", 0 0, L_000002271a2106e0;  alias, 1 drivers
v000002271a139570_0 .net "ex_illegal_o", 0 0, L_000002271a2118d0;  alias, 1 drivers
v000002271a138170_0 .net "ex_imm_o", 31 0, L_000002271a210520;  alias, 1 drivers
v000002271a138210_0 .net "ex_is_auipc_o", 0 0, L_000002271a2114e0;  alias, 1 drivers
v000002271a138b70_0 .net "ex_is_lui_o", 0 0, L_000002271a210600;  alias, 1 drivers
v000002271a138ad0_0 .net "ex_jal_o", 0 0, L_000002271a2104b0;  alias, 1 drivers
v000002271a1388f0_0 .net "ex_jalr_o", 0 0, L_000002271a211400;  alias, 1 drivers
v000002271a13a1f0_0 .net "ex_mem_funct3_o", 2 0, L_000002271a210c90;  alias, 1 drivers
v000002271a139f70_0 .net "ex_mem_read_o", 0 0, L_000002271a210130;  alias, 1 drivers
v000002271a139b10_0 .net "ex_mem_write_o", 0 0, L_000002271a2109f0;  alias, 1 drivers
v000002271a13a290_0 .net "ex_mret_o", 0 0, L_000002271a210910;  alias, 1 drivers
v000002271a1396b0_0 .net "ex_pc_o", 31 0, L_000002271a210830;  alias, 1 drivers
v000002271a13a150_0 .net "ex_pred_taken_o", 0 0, L_000002271a211390;  alias, 1 drivers
v000002271a1387b0_0 .net "ex_pred_target_o", 31 0, L_000002271a211860;  alias, 1 drivers
v000002271a13a470_0 .net "ex_rd_o", 4 0, L_000002271a210de0;  alias, 1 drivers
v000002271a138030_0 .net "ex_reg_write_o", 0 0, L_000002271a210b40;  alias, 1 drivers
v000002271a138530_0 .net "ex_rs1_o", 4 0, L_000002271a2101a0;  alias, 1 drivers
v000002271a13a330_0 .net "ex_rs1_val_o", 31 0, L_000002271a210280;  alias, 1 drivers
v000002271a138490_0 .net "ex_rs2_o", 4 0, L_000002271a210a60;  alias, 1 drivers
v000002271a13a010_0 .net "ex_rs2_val_o", 31 0, L_000002271a210d00;  alias, 1 drivers
v000002271a1385d0_0 .net "ex_shift_arith_o", 0 0, L_000002271a2102f0;  alias, 1 drivers
v000002271a138c10_0 .net "ex_shift_right_o", 0 0, L_000002271a210e50;  alias, 1 drivers
v000002271a139110_0 .net "ex_valid_o", 0 0, L_000002271a210360;  alias, 1 drivers
v000002271a138990_0 .net "ex_wb_sel_o", 1 0, L_000002271a2111d0;  alias, 1 drivers
v000002271a139610_0 .net "flush_i", 0 0, L_000002271a21aa10;  alias, 1 drivers
v000002271a13a3d0_0 .net "id_alu_op_i", 3 0, v000002271a1407d0_0;  alias, 1 drivers
v000002271a139750_0 .net "id_alu_src_imm_i", 0 0, v000002271a13fb50_0;  alias, 1 drivers
v000002271a1397f0_0 .net "id_br_funct3_i", 2 0, L_000002271a20f020;  alias, 1 drivers
v000002271a138df0_0 .net "id_branch_i", 0 0, v000002271a1411d0_0;  alias, 1 drivers
v000002271a139430_0 .net "id_csr_addr_i", 11 0, L_000002271a19aed0;  alias, 1 drivers
v000002271a13a5b0_0 .net "id_csr_cmd_i", 2 0, v000002271a141c70_0;  alias, 1 drivers
v000002271a138350_0 .net "id_csr_en_i", 0 0, v000002271a140f50_0;  alias, 1 drivers
v000002271a1383f0_0 .net "id_ebreak_i", 0 0, v000002271a143f70_0;  alias, 1 drivers
v000002271a139e30_0 .net "id_ecall_i", 0 0, v000002271a143bb0_0;  alias, 1 drivers
v000002271a139ed0_0 .net "id_illegal_i", 0 0, v000002271a143250_0;  alias, 1 drivers
v000002271a138670_0 .net "id_imm_i", 31 0, v000002271a144650_0;  alias, 1 drivers
v000002271a138cb0_0 .net "id_is_auipc_i", 0 0, v000002271a142df0_0;  alias, 1 drivers
v000002271a13a0b0_0 .net "id_is_lui_i", 0 0, v000002271a144150_0;  alias, 1 drivers
v000002271a13a510_0 .net "id_jal_i", 0 0, v000002271a1437f0_0;  alias, 1 drivers
v000002271a138710_0 .net "id_jalr_i", 0 0, v000002271a143610_0;  alias, 1 drivers
v000002271a13a650_0 .net "id_mem_funct3_i", 2 0, v000002271a143430_0;  alias, 1 drivers
v000002271a137ef0_0 .net "id_mem_read_i", 0 0, v000002271a1432f0_0;  alias, 1 drivers
v000002271a139c50_0 .net "id_mem_write_i", 0 0, v000002271a1445b0_0;  alias, 1 drivers
v000002271a137f90_0 .net "id_mret_i", 0 0, v000002271a142710_0;  alias, 1 drivers
v000002271a1380d0_0 .net "id_pc_i", 31 0, L_000002271a20e530;  alias, 1 drivers
v000002271a1394d0_0 .net "id_pred_taken_i", 0 0, L_000002271a211470;  alias, 1 drivers
v000002271a138e90_0 .net "id_pred_target_i", 31 0, L_000002271a19be70;  alias, 1 drivers
v000002271a138f30_0 .net "id_rd_i", 4 0, L_000002271a20f5d0;  alias, 1 drivers
v000002271a139890_0 .net "id_reg_write_i", 0 0, v000002271a142350_0;  alias, 1 drivers
v000002271a138fd0_0 .net "id_rs1_i", 4 0, L_000002271a19af70;  alias, 1 drivers
v000002271a139070_0 .net "id_rs1_val_i", 31 0, L_000002271a19d270;  alias, 1 drivers
v000002271a1391b0_0 .net "id_rs2_i", 4 0, L_000002271a20f2c0;  alias, 1 drivers
v000002271a139250_0 .net "id_rs2_val_i", 31 0, L_000002271a19ca50;  alias, 1 drivers
v000002271a1392f0_0 .net "id_shift_arith_i", 0 0, v000002271a142990_0;  alias, 1 drivers
v000002271a139930_0 .net "id_shift_right_i", 0 0, v000002271a142ad0_0;  alias, 1 drivers
v000002271a1399d0_0 .net "id_valid_i", 0 0, L_000002271a20fbf0;  alias, 1 drivers
v000002271a139a70_0 .net "id_wb_sel_i", 1 0, v000002271a143110_0;  alias, 1 drivers
v000002271a139bb0_0 .net "illegal_d", 0 0, L_000002271a19dc70;  1 drivers
v000002271a13b2d0_0 .var "illegal_q", 0 0;
v000002271a13b410_0 .net "imm_d", 31 0, L_000002271a19b830;  1 drivers
v000002271a13b9b0_0 .var "imm_q", 31 0;
v000002271a13a830_0 .net "is_auipc_d", 0 0, L_000002271a19c0f0;  1 drivers
v000002271a13b550_0 .var "is_auipc_q", 0 0;
v000002271a13beb0_0 .net "is_lui_d", 0 0, L_000002271a19fed0;  1 drivers
v000002271a13c270_0 .var "is_lui_q", 0 0;
v000002271a13cd10_0 .var "issue_epoch_q", 0 0;
v000002271a13ae70_0 .net "jal_d", 0 0, L_000002271a19b150;  1 drivers
v000002271a13b230_0 .var "jal_q", 0 0;
v000002271a13c590_0 .net "jalr_d", 0 0, L_000002271a19c4b0;  1 drivers
v000002271a13c090_0 .var "jalr_q", 0 0;
v000002271a13bf50_0 .net "kill_issue", 0 0, L_000002271a211780;  1 drivers
v000002271a13c4f0_0 .var "last_issue_epoch_q", 0 0;
v000002271a13b050_0 .var "last_issue_nonctrl_q", 0 0;
v000002271a13aab0_0 .var "last_issue_pc_q", 31 0;
v000002271a13b190_0 .var "last_issue_rd_q", 4 0;
v000002271a13b690_0 .var "last_issue_regwr_q", 0 0;
v000002271a13b7d0_0 .var "last_issue_valid_q", 0 0;
v000002271a13af10_0 .net "mem_f3_d", 2 0, L_000002271a19b8d0;  1 drivers
v000002271a13b0f0_0 .var "mem_f3_q", 2 0;
v000002271a13a790_0 .net "mem_rd_d", 0 0, L_000002271a19c870;  1 drivers
v000002271a13c770_0 .var "mem_read_q", 0 0;
v000002271a13c310_0 .net "mem_wr_d", 0 0, L_000002271a19c910;  1 drivers
v000002271a13c9f0_0 .var "mem_write_q", 0 0;
v000002271a13bff0_0 .net "mret_d", 0 0, L_000002271a19f7f0;  1 drivers
v000002271a13c3b0_0 .var "mret_q", 0 0;
v000002271a13c450_0 .net "pc_d", 31 0, L_000002271a19cb90;  1 drivers
v000002271a13ca90_0 .var "pc_q", 31 0;
v000002271a13b5f0_0 .net "pred_taken_d", 0 0, L_000002271a19f9d0;  1 drivers
v000002271a13c6d0_0 .var "pred_taken_q", 0 0;
v000002271a13c630_0 .net "pred_target_d", 31 0, L_000002271a19f570;  1 drivers
v000002271a13bcd0_0 .var "pred_target_q", 31 0;
v000002271a13c130_0 .net "rdr_d", 4 0, L_000002271a19bdd0;  1 drivers
v000002271a13cc70_0 .var "rdr_q", 4 0;
v000002271a13b370_0 .net "redirect_valid_i", 0 0, L_000002271a215e60;  alias, 1 drivers
v000002271a13bc30_0 .net "reg_wr_d", 0 0, L_000002271a19b510;  1 drivers
v000002271a13b4b0_0 .var "reg_write_q", 0 0;
v000002271a13bb90_0 .net "rs1_d", 31 0, L_000002271a19b330;  1 drivers
v000002271a13cb30_0 .var "rs1_q", 31 0;
v000002271a13c1d0_0 .net "rs1r_d", 4 0, L_000002271a19c370;  1 drivers
v000002271a13b730_0 .var "rs1r_q", 4 0;
v000002271a13b870_0 .net "rs2_d", 31 0, L_000002271a19ccd0;  1 drivers
v000002271a13c810_0 .var "rs2_q", 31 0;
v000002271a13bd70_0 .net "rs2r_d", 4 0, L_000002271a19c410;  1 drivers
v000002271a13ab50_0 .var "rs2r_q", 4 0;
v000002271a13c8b0_0 .net "rst_n", 0 0, L_000002271a198630;  alias, 1 drivers
v000002271a13c950_0 .net "shift_arith_d", 0 0, L_000002271a19bc90;  1 drivers
v000002271a13abf0_0 .var "shift_arith_q", 0 0;
v000002271a13cbd0_0 .net "shift_right_d", 0 0, L_000002271a19d450;  1 drivers
v000002271a13cdb0_0 .var "shift_right_q", 0 0;
v000002271a13ce50_0 .net "stall_i", 0 0, L_000002271a21abd0;  alias, 1 drivers
v000002271a13ba50_0 .net "valid_d", 0 0, L_000002271a19bbf0;  1 drivers
v000002271a13a6f0_0 .var "valid_q", 0 0;
v000002271a13afb0_0 .net "wb_sel_d", 1 0, L_000002271a19cd70;  1 drivers
v000002271a13a8d0_0 .var "wb_sel_q", 1 0;
L_000002271a19b1f0 .functor MUXZ 32, L_000002271a20e530, v000002271a13ca90_0, L_000002271a21abd0, C4<>;
L_000002271a19cb90 .functor MUXZ 32, L_000002271a19b1f0, L_000002271a1b7df8, L_000002271a211780, C4<>;
L_000002271a19d090 .functor MUXZ 32, L_000002271a19d270, v000002271a13cb30_0, L_000002271a21abd0, C4<>;
L_000002271a19b330 .functor MUXZ 32, L_000002271a19d090, L_000002271a1b7e40, L_000002271a211780, C4<>;
L_000002271a19cc30 .functor MUXZ 32, L_000002271a19ca50, v000002271a13c810_0, L_000002271a21abd0, C4<>;
L_000002271a19ccd0 .functor MUXZ 32, L_000002271a19cc30, L_000002271a1b7e88, L_000002271a211780, C4<>;
L_000002271a19c2d0 .functor MUXZ 32, v000002271a144650_0, v000002271a13b9b0_0, L_000002271a21abd0, C4<>;
L_000002271a19b830 .functor MUXZ 32, L_000002271a19c2d0, L_000002271a1b7ed0, L_000002271a211780, C4<>;
L_000002271a19d310 .functor MUXZ 3, v000002271a143430_0, v000002271a13b0f0_0, L_000002271a21abd0, C4<>;
L_000002271a19b8d0 .functor MUXZ 3, L_000002271a19d310, L_000002271a1b7f18, L_000002271a211780, C4<>;
L_000002271a19b5b0 .functor MUXZ 5, L_000002271a19af70, v000002271a13b730_0, L_000002271a21abd0, C4<>;
L_000002271a19c370 .functor MUXZ 5, L_000002271a19b5b0, L_000002271a1b7f60, L_000002271a211780, C4<>;
L_000002271a19ba10 .functor MUXZ 5, L_000002271a20f2c0, v000002271a13ab50_0, L_000002271a21abd0, C4<>;
L_000002271a19c410 .functor MUXZ 5, L_000002271a19ba10, L_000002271a1b7fa8, L_000002271a211780, C4<>;
L_000002271a19bd30 .functor MUXZ 5, L_000002271a20f5d0, v000002271a13cc70_0, L_000002271a21abd0, C4<>;
L_000002271a19bdd0 .functor MUXZ 5, L_000002271a19bd30, L_000002271a1b7ff0, L_000002271a211780, C4<>;
L_000002271a19d6d0 .functor MUXZ 4, v000002271a1407d0_0, v000002271a147030_0, L_000002271a21abd0, C4<>;
L_000002271a19b650 .functor MUXZ 4, L_000002271a19d6d0, L_000002271a1b8038, L_000002271a211780, C4<>;
L_000002271a19bab0 .functor MUXZ 1, v000002271a13fb50_0, v000002271a147710_0, L_000002271a21abd0, C4<>;
L_000002271a19c7d0 .functor MUXZ 1, L_000002271a19bab0, L_000002271a1b8080, L_000002271a211780, C4<>;
L_000002271a19d770 .functor MUXZ 1, v000002271a1411d0_0, v000002271a147b70_0, L_000002271a21abd0, C4<>;
L_000002271a19c050 .functor MUXZ 1, L_000002271a19d770, L_000002271a1b80c8, L_000002271a211780, C4<>;
L_000002271a19c730 .functor MUXZ 1, v000002271a1437f0_0, v000002271a13b230_0, L_000002271a21abd0, C4<>;
L_000002271a19b150 .functor MUXZ 1, L_000002271a19c730, L_000002271a1b8110, L_000002271a211780, C4<>;
L_000002271a19d810 .functor MUXZ 1, v000002271a143610_0, v000002271a13c090_0, L_000002271a21abd0, C4<>;
L_000002271a19c4b0 .functor MUXZ 1, L_000002271a19d810, L_000002271a1b8158, L_000002271a211780, C4<>;
L_000002271a19d8b0 .functor MUXZ 1, v000002271a1432f0_0, v000002271a13c770_0, L_000002271a21abd0, C4<>;
L_000002271a19c870 .functor MUXZ 1, L_000002271a19d8b0, L_000002271a1b81a0, L_000002271a211780, C4<>;
L_000002271a19c550 .functor MUXZ 1, v000002271a1445b0_0, v000002271a13c9f0_0, L_000002271a21abd0, C4<>;
L_000002271a19c910 .functor MUXZ 1, L_000002271a19c550, L_000002271a1b81e8, L_000002271a211780, C4<>;
L_000002271a19b3d0 .functor MUXZ 2, v000002271a143110_0, v000002271a13a8d0_0, L_000002271a21abd0, C4<>;
L_000002271a19cd70 .functor MUXZ 2, L_000002271a19b3d0, L_000002271a1b8230, L_000002271a211780, C4<>;
L_000002271a19b470 .functor MUXZ 1, v000002271a142350_0, v000002271a13b4b0_0, L_000002271a21abd0, C4<>;
L_000002271a19b510 .functor MUXZ 1, L_000002271a19b470, L_000002271a1b8278, L_000002271a211780, C4<>;
L_000002271a19ce10 .functor MUXZ 3, L_000002271a20f020, v000002271a1470d0_0, L_000002271a21abd0, C4<>;
L_000002271a19d130 .functor MUXZ 3, L_000002271a19ce10, L_000002271a1b82c0, L_000002271a211780, C4<>;
L_000002271a19bb50 .functor MUXZ 1, L_000002271a20fbf0, v000002271a13a6f0_0, L_000002271a21abd0, C4<>;
L_000002271a19bbf0 .functor MUXZ 1, L_000002271a19bb50, L_000002271a1b8308, L_000002271a211780, C4<>;
L_000002271a19bf10 .functor MUXZ 1, v000002271a142ad0_0, v000002271a13cdb0_0, L_000002271a21abd0, C4<>;
L_000002271a19d450 .functor MUXZ 1, L_000002271a19bf10, L_000002271a1b8350, L_000002271a211780, C4<>;
L_000002271a19b790 .functor MUXZ 1, v000002271a142990_0, v000002271a13abf0_0, L_000002271a21abd0, C4<>;
L_000002271a19bc90 .functor MUXZ 1, L_000002271a19b790, L_000002271a1b8398, L_000002271a211780, C4<>;
L_000002271a19bfb0 .functor MUXZ 1, v000002271a142df0_0, v000002271a13b550_0, L_000002271a21abd0, C4<>;
L_000002271a19c0f0 .functor MUXZ 1, L_000002271a19bfb0, L_000002271a1b83e0, L_000002271a211780, C4<>;
L_000002271a19e170 .functor MUXZ 1, v000002271a144150_0, v000002271a13c270_0, L_000002271a21abd0, C4<>;
L_000002271a19fed0 .functor MUXZ 1, L_000002271a19e170, L_000002271a1b8428, L_000002271a211780, C4<>;
L_000002271a19eb70 .functor MUXZ 1, v000002271a140f50_0, v000002271a147350_0, L_000002271a21abd0, C4<>;
L_000002271a19e5d0 .functor MUXZ 1, L_000002271a19eb70, L_000002271a1b8470, L_000002271a211780, C4<>;
L_000002271a19e2b0 .functor MUXZ 3, v000002271a141c70_0, v000002271a147990_0, L_000002271a21abd0, C4<>;
L_000002271a19f750 .functor MUXZ 3, L_000002271a19e2b0, L_000002271a1b84b8, L_000002271a211780, C4<>;
L_000002271a19ead0 .functor MUXZ 12, L_000002271a19aed0, v000002271a147210_0, L_000002271a21abd0, C4<>;
L_000002271a19fa70 .functor MUXZ 12, L_000002271a19ead0, L_000002271a1b8500, L_000002271a211780, C4<>;
L_000002271a19e8f0 .functor MUXZ 1, v000002271a143bb0_0, v000002271a147530_0, L_000002271a21abd0, C4<>;
L_000002271a19e030 .functor MUXZ 1, L_000002271a19e8f0, L_000002271a1b8548, L_000002271a211780, C4<>;
L_000002271a19f110 .functor MUXZ 1, v000002271a143f70_0, v000002271a146ef0_0, L_000002271a21abd0, C4<>;
L_000002271a19fcf0 .functor MUXZ 1, L_000002271a19f110, L_000002271a1b8590, L_000002271a211780, C4<>;
L_000002271a19f2f0 .functor MUXZ 1, v000002271a142710_0, v000002271a13c3b0_0, L_000002271a21abd0, C4<>;
L_000002271a19f7f0 .functor MUXZ 1, L_000002271a19f2f0, L_000002271a1b85d8, L_000002271a211780, C4<>;
L_000002271a19efd0 .functor MUXZ 1, v000002271a143250_0, v000002271a13b2d0_0, L_000002271a21abd0, C4<>;
L_000002271a19dc70 .functor MUXZ 1, L_000002271a19efd0, L_000002271a1b8620, L_000002271a211780, C4<>;
L_000002271a19e350 .functor MUXZ 1, L_000002271a211470, v000002271a13c6d0_0, L_000002271a21abd0, C4<>;
L_000002271a19f9d0 .functor MUXZ 1, L_000002271a19e350, L_000002271a1b8668, L_000002271a211780, C4<>;
L_000002271a19ec10 .functor MUXZ 32, L_000002271a19be70, v000002271a13bcd0_0, L_000002271a21abd0, C4<>;
L_000002271a19f570 .functor MUXZ 32, L_000002271a19ec10, L_000002271a1b86b0, L_000002271a211780, C4<>;
S_000002271a159380 .scope module, "u_if_id" "if_id_reg" 4 986, 18 2 0, S_000002271a0df4a0;
 .timescale -9 -12;
    .port_info 0 /INPUT 1 "clk";
    .port_info 1 /INPUT 1 "rst_n";
    .port_info 2 /INPUT 1 "stall_i";
    .port_info 3 /INPUT 1 "flush_i";
    .port_info 4 /INPUT 32 "if_pc_i";
    .port_info 5 /INPUT 32 "if_instr_i";
    .port_info 6 /INPUT 1 "if_valid_i";
    .port_info 7 /OUTPUT 32 "id_pc_o";
    .port_info 8 /OUTPUT 32 "id_instr_o";
    .port_info 9 /OUTPUT 1 "id_valid_o";
P_000002271a066270 .param/l "INSTR_NOP" 1 18 22, C4<00000000000000000000000000010011>;
L_000002271a20e530 .functor BUFZ 32, v000002271a164600_0, C4<00000000000000000000000000000000>, C4<00000000000000000000000000000000>, C4<00000000000000000000000000000000>;
L_000002271a20e5a0 .functor BUFZ 32, v000002271a162bc0_0, C4<00000000000000000000000000000000>, C4<00000000000000000000000000000000>, C4<00000000000000000000000000000000>;
L_000002271a20eae0 .functor BUFZ 1, v000002271a164ba0_0, C4<0>, C4<0>, C4<0>;
L_000002271a1b73d8 .functor BUFT 1, C4<00000000000000000000000000000000>, C4<0>, C4<0>, C4<0>;
v000002271a13a970_0 .net/2u *"_ivl_0", 31 0, L_000002271a1b73d8;  1 drivers
L_000002271a1b7468 .functor BUFT 1, C4<0>, C4<0>, C4<0>, C4<0>;
v000002271a13aa10_0 .net/2u *"_ivl_12", 0 0, L_000002271a1b7468;  1 drivers
v000002271a13b910_0 .net *"_ivl_14", 0 0, L_000002271a196dd0;  1 drivers
v000002271a13ac90_0 .net *"_ivl_2", 31 0, L_000002271a196790;  1 drivers
L_000002271a1b7420 .functor BUFT 1, C4<00000000000000000000000000010011>, C4<0>, C4<0>, C4<0>;
v000002271a13ad30_0 .net/2u *"_ivl_6", 31 0, L_000002271a1b7420;  1 drivers
v000002271a13add0_0 .net *"_ivl_8", 31 0, L_000002271a196a10;  1 drivers
v000002271a13baf0_0 .net "clk", 0 0, L_0000022719c748c0;  alias, 1 drivers
v000002271a13be10_0 .net "flush_i", 0 0, L_000002271a21b880;  alias, 1 drivers
v000002271a1641a0_0 .net "id_instr_o", 31 0, L_000002271a20e5a0;  alias, 1 drivers
v000002271a164240_0 .net "id_pc_o", 31 0, L_000002271a20e530;  alias, 1 drivers
v000002271a164100_0 .net "id_valid_o", 0 0, L_000002271a20eae0;  alias, 1 drivers
v000002271a1646a0_0 .net "if_instr_i", 31 0, v000002271a17e410_0;  alias, 1 drivers
v000002271a1647e0_0 .net "if_pc_i", 31 0, v000002271a17f090_0;  alias, 1 drivers
v000002271a163f20_0 .net "if_valid_i", 0 0, L_000002271a20edf0;  alias, 1 drivers
v000002271a162b20_0 .net "instr_d", 31 0, L_000002271a196c90;  1 drivers
v000002271a162bc0_0 .var "instr_q", 31 0;
v000002271a163020_0 .net "pc_d", 31 0, L_000002271a196830;  1 drivers
v000002271a164600_0 .var "pc_q", 31 0;
v000002271a1632a0_0 .net "rst_n", 0 0, L_000002271a198630;  alias, 1 drivers
v000002271a164920_0 .net "stall_i", 0 0, L_000002271a21b730;  alias, 1 drivers
v000002271a1644c0_0 .net "valid_d", 0 0, L_000002271a196e70;  1 drivers
v000002271a164ba0_0 .var "valid_q", 0 0;
L_000002271a196790 .functor MUXZ 32, v000002271a17f090_0, v000002271a164600_0, L_000002271a21b730, C4<>;
L_000002271a196830 .functor MUXZ 32, L_000002271a196790, L_000002271a1b73d8, L_000002271a21b880, C4<>;
L_000002271a196a10 .functor MUXZ 32, v000002271a17e410_0, v000002271a162bc0_0, L_000002271a21b730, C4<>;
L_000002271a196c90 .functor MUXZ 32, L_000002271a196a10, L_000002271a1b7420, L_000002271a21b880, C4<>;
L_000002271a196dd0 .functor MUXZ 1, L_000002271a20edf0, v000002271a164ba0_0, L_000002271a21b730, C4<>;
L_000002271a196e70 .functor MUXZ 1, L_000002271a196dd0, L_000002271a1b7468, L_000002271a21b880, C4<>;
S_000002271a159060 .scope module, "u_irq_sources" "machine_irq_sources" 4 1806, 19 3 0, S_000002271a0df4a0;
 .timescale -9 -12;
    .port_info 0 /INPUT 1 "clk";
    .port_info 1 /INPUT 1 "rst_n";
    .port_info 2 /INPUT 1 "msip_we_i";
    .port_info 3 /INPUT 32 "msip_wdata_i";
    .port_info 4 /INPUT 1 "meip_we_i";
    .port_info 5 /INPUT 32 "meip_wdata_i";
    .port_info 6 /INPUT 1 "mtime_lo_we_i";
    .port_info 7 /INPUT 32 "mtime_lo_wdata_i";
    .port_info 8 /INPUT 1 "mtime_hi_we_i";
    .port_info 9 /INPUT 32 "mtime_hi_wdata_i";
    .port_info 10 /INPUT 1 "mtimecmp_lo_we_i";
    .port_info 11 /INPUT 32 "mtimecmp_lo_wdata_i";
    .port_info 12 /INPUT 1 "mtimecmp_hi_we_i";
    .port_info 13 /INPUT 32 "mtimecmp_hi_wdata_i";
    .port_info 14 /INPUT 1 "ext_irq_line_i";
    .port_info 15 /INPUT 1 "global_mie_i";
    .port_info 16 /INPUT 1 "msie_en_i";
    .port_info 17 /INPUT 1 "mtie_en_i";
    .port_info 18 /INPUT 1 "meie_en_i";
    .port_info 19 /OUTPUT 32 "msip_rdata_o";
    .port_info 20 /OUTPUT 32 "meip_rdata_o";
    .port_info 21 /OUTPUT 32 "mtime_lo_o";
    .port_info 22 /OUTPUT 32 "mtime_hi_o";
    .port_info 23 /OUTPUT 32 "mtimecmp_lo_o";
    .port_info 24 /OUTPUT 32 "mtimecmp_hi_o";
    .port_info 25 /OUTPUT 1 "soft_irq_pending_o";
    .port_info 26 /OUTPUT 1 "timer_irq_pending_o";
    .port_info 27 /OUTPUT 1 "ext_irq_pending_o";
    .port_info 28 /OUTPUT 1 "irq_request_o";
    .port_info 29 /OUTPUT 32 "irq_cause_o";
L_000002271a218550 .functor BUFZ 1, v000002271a164ec0_0, C4<0>, C4<0>, C4<0>;
L_000002271a218080 .functor OR 1, v000002271a164880_0, v000002271a18ea60_0, C4<0>, C4<0>;
L_000002271a218010 .functor AND 1, L_000002271a1a2a90, L_000002271a1a2db0, C4<1>, C4<1>;
L_000002271a218160 .functor AND 1, L_000002271a218010, L_000002271a218080, C4<1>, C4<1>;
L_000002271a2181d0 .functor AND 1, L_000002271a1a2a90, L_000002271a1a3e90, C4<1>, C4<1>;
L_000002271a216db0 .functor AND 1, L_000002271a2181d0, L_000002271a1a7a90, C4<1>, C4<1>;
L_000002271a2188d0 .functor AND 1, L_000002271a1a2a90, L_000002271a1a30d0, C4<1>, C4<1>;
L_000002271a216f00 .functor AND 1, L_000002271a2188d0, L_000002271a218550, C4<1>, C4<1>;
L_000002271a216f70 .functor OR 1, L_000002271a218160, L_000002271a216db0, C4<0>, C4<0>;
L_000002271a217050 .functor OR 1, L_000002271a216f70, L_000002271a216f00, C4<0>, C4<0>;
L_000002271a1ba318 .functor BUFT 1, C4<0000000000000000000000000000000000000000000000000000000000000001>, C4<0>, C4<0>, C4<0>;
v000002271a162ee0_0 .net/2u *"_ivl_0", 63 0, L_000002271a1ba318;  1 drivers
v000002271a163e80_0 .net *"_ivl_26", 0 0, L_000002271a218010;  1 drivers
v000002271a163340_0 .net *"_ivl_30", 0 0, L_000002271a2181d0;  1 drivers
v000002271a162e40_0 .net *"_ivl_34", 0 0, L_000002271a2188d0;  1 drivers
v000002271a163de0_0 .net *"_ivl_38", 0 0, L_000002271a216f70;  1 drivers
L_000002271a1ba360 .functor BUFT 1, C4<0000000000000000000000000000000>, C4<0>, C4<0>, C4<0>;
v000002271a163d40_0 .net/2u *"_ivl_4", 30 0, L_000002271a1ba360;  1 drivers
L_000002271a1ba3f0 .functor BUFT 1, C4<00000000000000000000000000001011>, C4<0>, C4<0>, C4<0>;
v000002271a164c40_0 .net/2u *"_ivl_42", 31 0, L_000002271a1ba3f0;  1 drivers
L_000002271a1ba438 .functor BUFT 1, C4<00000000000000000000000000000111>, C4<0>, C4<0>, C4<0>;
v000002271a1642e0_0 .net/2u *"_ivl_44", 31 0, L_000002271a1ba438;  1 drivers
L_000002271a1ba480 .functor BUFT 1, C4<00000000000000000000000000000011>, C4<0>, C4<0>, C4<0>;
v000002271a163200_0 .net/2u *"_ivl_46", 31 0, L_000002271a1ba480;  1 drivers
L_000002271a1ba4c8 .functor BUFT 1, C4<00000000000000000000000000000000>, C4<0>, C4<0>, C4<0>;
v000002271a163fc0_0 .net/2u *"_ivl_48", 31 0, L_000002271a1ba4c8;  1 drivers
v000002271a164f60_0 .net *"_ivl_50", 31 0, L_000002271a1a9ed0;  1 drivers
v000002271a162c60_0 .net *"_ivl_52", 31 0, L_000002271a1a9d90;  1 drivers
L_000002271a1ba3a8 .functor BUFT 1, C4<0000000000000000000000000000000>, C4<0>, C4<0>, C4<0>;
v000002271a1629e0_0 .net/2u *"_ivl_8", 30 0, L_000002271a1ba3a8;  1 drivers
v000002271a164740_0 .net "clk", 0 0, L_0000022719c748c0;  alias, 1 drivers
v000002271a162f80_0 .net "ext_irq_line_i", 0 0, v000002271a18ea60_0;  1 drivers
v000002271a162d00_0 .net "ext_irq_pending_o", 0 0, L_000002271a218080;  alias, 1 drivers
v000002271a163520_0 .net "global_mie_i", 0 0, L_000002271a1a2a90;  alias, 1 drivers
v000002271a164a60_0 .net "irq_cause_o", 31 0, L_000002271a1a9f70;  alias, 1 drivers
v000002271a164560_0 .net "irq_external_take", 0 0, L_000002271a218160;  1 drivers
v000002271a162a80_0 .net "irq_request_o", 0 0, L_000002271a217050;  alias, 1 drivers
v000002271a163b60_0 .net "irq_software_take", 0 0, L_000002271a216f00;  1 drivers
v000002271a162da0_0 .net "irq_timer_take", 0 0, L_000002271a216db0;  1 drivers
v000002271a164060_0 .net "meie_en_i", 0 0, L_000002271a1a2db0;  alias, 1 drivers
v000002271a1630c0_0 .net "meip_rdata_o", 31 0, L_000002271a1a8710;  alias, 1 drivers
v000002271a164880_0 .var "meip_sw_q", 0 0;
v000002271a163160_0 .net "meip_wdata_i", 31 0, L_000002271a1a5470;  alias, 1 drivers
v000002271a164e20_0 .net "meip_we_i", 0 0, L_000002271a217910;  alias, 1 drivers
v000002271a1633e0_0 .net "msie_en_i", 0 0, L_000002271a1a30d0;  alias, 1 drivers
v000002271a164ec0_0 .var "msip_q", 0 0;
v000002271a164380_0 .net "msip_rdata_o", 31 0, L_000002271a1a7e50;  alias, 1 drivers
v000002271a164420_0 .net "msip_wdata_i", 31 0, L_000002271a1a5470;  alias, 1 drivers
v000002271a163480_0 .net "msip_we_i", 0 0, L_000002271a217e50;  alias, 1 drivers
v000002271a1635c0_0 .net "mtie_en_i", 0 0, L_000002271a1a3e90;  alias, 1 drivers
v000002271a1649c0_0 .net "mtime_hi_o", 31 0, L_000002271a1a7f90;  alias, 1 drivers
v000002271a164b00_0 .net "mtime_hi_wdata_i", 31 0, L_000002271a1a5470;  alias, 1 drivers
v000002271a163660_0 .net "mtime_hi_we_i", 0 0, L_000002271a2186a0;  alias, 1 drivers
v000002271a164ce0_0 .net "mtime_inc", 63 0, L_000002271a1a8170;  1 drivers
v000002271a164d80_0 .net "mtime_lo_o", 31 0, L_000002271a1a8350;  alias, 1 drivers
v000002271a163700_0 .net "mtime_lo_wdata_i", 31 0, L_000002271a1a5470;  alias, 1 drivers
v000002271a165000_0 .net "mtime_lo_we_i", 0 0, L_000002271a218400;  alias, 1 drivers
v000002271a163980_0 .var "mtime_q", 63 0;
v000002271a1628a0_0 .net "mtimecmp_hi_o", 31 0, L_000002271a1a9e30;  alias, 1 drivers
v000002271a163ca0_0 .net "mtimecmp_hi_wdata_i", 31 0, L_000002271a1a5470;  alias, 1 drivers
v000002271a162940_0 .net "mtimecmp_hi_we_i", 0 0, L_000002271a216e20;  alias, 1 drivers
v000002271a1637a0_0 .net "mtimecmp_lo_o", 31 0, L_000002271a1a8b70;  alias, 1 drivers
v000002271a163840_0 .net "mtimecmp_lo_wdata_i", 31 0, L_000002271a1a5470;  alias, 1 drivers
v000002271a1638e0_0 .net "mtimecmp_lo_we_i", 0 0, L_000002271a217b40;  alias, 1 drivers
v000002271a163a20_0 .var "mtimecmp_q", 63 0;
v000002271a163ac0_0 .net "rst_n", 0 0, L_000002271a198630;  alias, 1 drivers
v000002271a163c00_0 .net "soft_irq_pending_o", 0 0, L_000002271a218550;  alias, 1 drivers
v000002271a166e00_0 .net "timer_irq_pending_o", 0 0, L_000002271a1a7a90;  alias, 1 drivers
L_000002271a1a8170 .arith/sum 64, v000002271a163980_0, L_000002271a1ba318;
L_000002271a1a7e50 .concat [ 1 31 0 0], v000002271a164ec0_0, L_000002271a1ba360;
L_000002271a1a8710 .concat [ 1 31 0 0], v000002271a164880_0, L_000002271a1ba3a8;
L_000002271a1a8350 .part v000002271a163980_0, 0, 32;
L_000002271a1a7f90 .part v000002271a163980_0, 32, 32;
L_000002271a1a8b70 .part v000002271a163a20_0, 0, 32;
L_000002271a1a9e30 .part v000002271a163a20_0, 32, 32;
L_000002271a1a7a90 .cmp/ge 64, v000002271a163980_0, v000002271a163a20_0;
L_000002271a1a9ed0 .functor MUXZ 32, L_000002271a1ba4c8, L_000002271a1ba480, L_000002271a216f00, C4<>;
L_000002271a1a9d90 .functor MUXZ 32, L_000002271a1a9ed0, L_000002271a1ba438, L_000002271a216db0, C4<>;
L_000002271a1a9f70 .functor MUXZ 32, L_000002271a1a9d90, L_000002271a1ba3f0, L_000002271a218160, C4<>;
S_000002271a159510 .scope module, "u_mem" "mem_stage" 4 1508, 20 7 0, S_000002271a0df4a0;
 .timescale -9 -12;
    .port_info 0 /INPUT 1 "clk";
    .port_info 1 /INPUT 1 "rst_n";
    .port_info 2 /INPUT 1 "mem_valid_i";
    .port_info 3 /INPUT 32 "mem_alu_result_i";
    .port_info 4 /INPUT 32 "mem_store_data_i";
    .port_info 5 /INPUT 1 "mem_mem_read_i";
    .port_info 6 /INPUT 1 "mem_mem_write_i";
    .port_info 7 /INPUT 3 "mem_size_i";
    .port_info 8 /OUTPUT 1 "dmem_req_o";
    .port_info 9 /OUTPUT 1 "dmem_we_o";
    .port_info 10 /OUTPUT 32 "dmem_addr_o";
    .port_info 11 /OUTPUT 32 "dmem_wdata_o";
    .port_info 12 /OUTPUT 4 "dmem_wstrb_o";
    .port_info 13 /INPUT 1 "dmem_ready_i";
    .port_info 14 /INPUT 1 "dmem_rvalid_i";
    .port_info 15 /INPUT 32 "dmem_rdata_i";
    .port_info 16 /INPUT 1 "store_done_i";
    .port_info 17 /OUTPUT 32 "mem_load_rdata_o";
    .port_info 18 /OUTPUT 1 "mem_stall_o";
    .port_info 19 /OUTPUT 1 "mem_load_valid_o";
    .port_info 20 /OUTPUT 1 "mem_load_active_o";
L_000002271a215450 .functor OR 1, L_000002271a215bc0, L_000002271a2157d0, C4<0>, C4<0>;
L_000002271a2169c0 .functor AND 1, L_000002271a216800, L_000002271a215450, C4<1>, C4<1>;
L_000002271a2156f0 .functor NOT 1, v000002271a1674e0_0, C4<0>, C4<0>, C4<0>;
L_000002271a216100 .functor AND 1, L_000002271a2169c0, L_000002271a2156f0, C4<1>, C4<1>;
L_000002271a2164f0 .functor NOT 1, v000002271a169ce0_0, C4<0>, C4<0>, C4<0>;
L_000002271a216a30 .functor AND 1, L_000002271a216100, L_000002271a2164f0, C4<1>, C4<1>;
L_000002271a215840 .functor NOT 1, L_000002271a2157d0, C4<0>, C4<0>, C4<0>;
L_000002271a2151b0 .functor AND 1, L_000002271a216a30, L_000002271a215840, C4<1>, C4<1>;
L_000002271a215c30 .functor OR 1, L_000002271a1a5010, L_000002271a1a4110, C4<0>, C4<0>;
L_000002271a216020 .functor BUFZ 1, v000002271a169c40_0, C4<0>, C4<0>, C4<0>;
L_000002271a216cd0 .functor BUFZ 32, v000002271a1673a0_0, C4<00000000000000000000000000000000>, C4<00000000000000000000000000000000>, C4<00000000000000000000000000000000>;
L_000002271a216720 .functor NOT 1, v000002271a169c40_0, C4<0>, C4<0>, C4<0>;
L_000002271a215ca0 .functor AND 1, L_000002271a216720, v000002271a1674e0_0, C4<1>, C4<1>;
L_000002271a216aa0 .functor AND 1, L_000002271a215ca0, L_000002271a1a7bd0, C4<1>, C4<1>;
L_000002271a216560 .functor BUFZ 1, L_000002271a216aa0, C4<0>, C4<0>, C4<0>;
L_000002271a215d10 .functor OR 1, v000002271a167e40_0, L_000002271a2151b0, C4<0>, C4<0>;
L_000002271a2158b0 .functor OR 1, L_000002271a215d10, L_000002271a216aa0, C4<0>, C4<0>;
L_000002271a215f40 .functor OR 1, v000002271a1674e0_0, L_000002271a216a30, C4<0>, C4<0>;
v000002271a165aa0_0 .net *"_ivl_107", 1 0, L_000002271a1a7130;  1 drivers
v000002271a165a00_0 .net *"_ivl_109", 3 0, L_000002271a1a6ff0;  1 drivers
L_000002271a1b9ca0 .functor BUFT 1, C4<0000>, C4<0>, C4<0>, C4<0>;
v000002271a165d20_0 .net/2u *"_ivl_110", 3 0, L_000002271a1b9ca0;  1 drivers
v000002271a165960_0 .net *"_ivl_115", 1 0, L_000002271a1a6e10;  1 drivers
v000002271a167620_0 .net *"_ivl_118", 0 0, L_000002271a216720;  1 drivers
v000002271a167080_0 .net *"_ivl_12", 0 0, L_000002271a215840;  1 drivers
v000002271a165780_0 .net *"_ivl_120", 0 0, L_000002271a215ca0;  1 drivers
v000002271a1658c0_0 .net *"_ivl_128", 0 0, L_000002271a215d10;  1 drivers
L_000002271a1b9aa8 .functor BUFT 1, C4<00>, C4<0>, C4<0>, C4<0>;
v000002271a165b40_0 .net/2u *"_ivl_18", 1 0, L_000002271a1b9aa8;  1 drivers
v000002271a165640_0 .net *"_ivl_2", 0 0, L_000002271a2169c0;  1 drivers
L_000002271a1b9af0 .functor BUFT 1, C4<01>, C4<0>, C4<0>, C4<0>;
v000002271a166680_0 .net/2u *"_ivl_22", 1 0, L_000002271a1b9af0;  1 drivers
L_000002271a1b9b38 .functor BUFT 1, C4<000>, C4<0>, C4<0>, C4<0>;
v000002271a166360_0 .net/2u *"_ivl_26", 2 0, L_000002271a1b9b38;  1 drivers
v000002271a165dc0_0 .net *"_ivl_28", 0 0, L_000002271a1a5010;  1 drivers
L_000002271a1b9b80 .functor BUFT 1, C4<001>, C4<0>, C4<0>, C4<0>;
v000002271a1667c0_0 .net/2u *"_ivl_30", 2 0, L_000002271a1b9b80;  1 drivers
v000002271a165be0_0 .net *"_ivl_32", 0 0, L_000002271a1a4110;  1 drivers
v000002271a165c80_0 .net *"_ivl_37", 1 0, L_000002271a1a4bb0;  1 drivers
L_000002271a1b9bc8 .functor BUFT 1, C4<00>, C4<0>, C4<0>, C4<0>;
v000002271a165e60_0 .net/2u *"_ivl_38", 1 0, L_000002271a1b9bc8;  1 drivers
v000002271a167760_0 .net *"_ivl_4", 0 0, L_000002271a2156f0;  1 drivers
v000002271a165460_0 .net *"_ivl_40", 0 0, L_000002271a1a4e30;  1 drivers
v000002271a165500_0 .net *"_ivl_43", 0 0, L_000002271a1a3530;  1 drivers
v000002271a167260_0 .net *"_ivl_45", 1 0, L_000002271a1a49d0;  1 drivers
L_000002271a1b9c10 .functor BUFT 1, C4<01>, C4<0>, C4<0>, C4<0>;
v000002271a1655a0_0 .net/2u *"_ivl_46", 1 0, L_000002271a1b9c10;  1 drivers
v000002271a165f00_0 .net *"_ivl_48", 0 0, L_000002271a1a3670;  1 drivers
v000002271a166180_0 .net *"_ivl_51", 0 0, L_000002271a1a4cf0;  1 drivers
v000002271a166400_0 .net *"_ivl_53", 1 0, L_000002271a1a2950;  1 drivers
L_000002271a1b9c58 .functor BUFT 1, C4<10>, C4<0>, C4<0>, C4<0>;
v000002271a1651e0_0 .net/2u *"_ivl_54", 1 0, L_000002271a1b9c58;  1 drivers
v000002271a165fa0_0 .net *"_ivl_56", 0 0, L_000002271a1a4a70;  1 drivers
v000002271a167440_0 .net *"_ivl_59", 0 0, L_000002271a1a3990;  1 drivers
v000002271a1656e0_0 .net *"_ivl_6", 0 0, L_000002271a216100;  1 drivers
v000002271a166f40_0 .net *"_ivl_61", 0 0, L_000002271a1a2c70;  1 drivers
v000002271a166220_0 .net *"_ivl_62", 0 0, L_000002271a1a3ad0;  1 drivers
v000002271a1671c0_0 .net *"_ivl_64", 0 0, L_000002271a1a2e50;  1 drivers
v000002271a1676c0_0 .net *"_ivl_66", 0 0, L_000002271a1a3710;  1 drivers
v000002271a1660e0_0 .net *"_ivl_69", 0 0, L_000002271a1a3850;  1 drivers
v000002271a1650a0_0 .net *"_ivl_71", 0 0, L_000002271a1a3cb0;  1 drivers
v000002271a1662c0_0 .net *"_ivl_73", 0 0, L_000002271a1a3df0;  1 drivers
v000002271a166fe0_0 .net *"_ivl_74", 0 0, L_000002271a1a3fd0;  1 drivers
v000002271a166b80_0 .net *"_ivl_77", 0 0, L_000002271a1a4750;  1 drivers
v000002271a165140_0 .net *"_ivl_78", 0 0, L_000002271a1a41b0;  1 drivers
v000002271a1664a0_0 .net *"_ivl_8", 0 0, L_000002271a2164f0;  1 drivers
v000002271a166540_0 .net *"_ivl_82", 23 0, L_000002271a1a46b0;  1 drivers
v000002271a166ae0_0 .net *"_ivl_85", 7 0, L_000002271a1a4c50;  1 drivers
v000002271a166860_0 .net *"_ivl_86", 31 0, L_000002271a1a42f0;  1 drivers
v000002271a167300_0 .net *"_ivl_88", 15 0, L_000002271a1a4390;  1 drivers
v000002271a166900_0 .net *"_ivl_91", 15 0, L_000002271a1a4430;  1 drivers
v000002271a166c20_0 .net *"_ivl_92", 31 0, L_000002271a1a4890;  1 drivers
v000002271a166cc0_0 .net *"_ivl_94", 31 0, L_000002271a1a44d0;  1 drivers
v000002271a167120_0 .net *"_ivl_96", 31 0, L_000002271a1a5d30;  1 drivers
v000002271a1673a0_0 .var "addr_q", 31 0;
v000002271a1674e0_0 .var "busy_q", 0 0;
v000002271a167580_0 .net "clk", 0 0, L_0000022719c748c0;  alias, 1 drivers
v000002271a165280_0 .net "dmem_addr_o", 31 0, L_000002271a216cd0;  alias, 1 drivers
v000002271a165320_0 .net "dmem_rdata_i", 31 0, L_000002271a1a8a30;  alias, 1 drivers
v000002271a1653c0_0 .net "dmem_ready_i", 0 0, L_000002271a1a9930;  alias, 1 drivers
v000002271a167c60_0 .net "dmem_req_o", 0 0, v000002271a1687a0_0;  alias, 1 drivers
v000002271a169e20_0 .net "dmem_rvalid_i", 0 0, L_000002271a1a7bd0;  alias, 1 drivers
v000002271a1682a0_0 .net "dmem_wdata_o", 31 0, L_000002271a1a5470;  alias, 1 drivers
v000002271a168de0_0 .net "dmem_we_o", 0 0, L_000002271a216020;  alias, 1 drivers
v000002271a169880_0 .net "dmem_wstrb_o", 3 0, L_000002271a1a5dd0;  alias, 1 drivers
v000002271a169ce0_0 .var "done_q", 0 0;
v000002271a167e40_0 .var "load_active_q", 0 0;
v000002271a167d00_0 .var "load_aligned", 31 0;
v000002271a168020_0 .var "load_data_q", 31 0;
v000002271a168c00_0 .net "load_resp_fire", 0 0, L_000002271a216aa0;  1 drivers
v000002271a168a20_0 .net "load_result", 31 0, L_000002271a1a67d0;  1 drivers
v000002271a169f60_0 .net "load_signed", 0 0, L_000002271a215c30;  1 drivers
v000002271a168e80_0 .net "mem_alu_result_i", 31 0, L_000002271a216c60;  alias, 1 drivers
v000002271a167bc0_0 .net "mem_load_active_o", 0 0, L_000002271a2158b0;  alias, 1 drivers
v000002271a169740_0 .net "mem_load_rdata_o", 31 0, L_000002271a1a58d0;  alias, 1 drivers
v000002271a167ee0_0 .net "mem_load_valid_o", 0 0, L_000002271a216560;  alias, 1 drivers
v000002271a169d80_0 .net "mem_mem_read_i", 0 0, L_000002271a215bc0;  alias, 1 drivers
v000002271a168700_0 .net "mem_mem_write_i", 0 0, L_000002271a2157d0;  alias, 1 drivers
v000002271a168f20_0 .net "mem_op_active", 0 0, L_000002271a215450;  1 drivers
v000002271a167da0_0 .net "mem_size_i", 2 0, L_000002271a216950;  alias, 1 drivers
v000002271a168480_0 .net "mem_stall_o", 0 0, L_000002271a215f40;  alias, 1 drivers
v000002271a1685c0_0 .net "mem_store_data_i", 31 0, L_000002271a215a70;  alias, 1 drivers
v000002271a168b60_0 .net "mem_valid_i", 0 0, L_000002271a216800;  alias, 1 drivers
v000002271a1697e0_0 .net "new_load_req", 0 0, L_000002271a2151b0;  1 drivers
v000002271a1679e0_0 .net "new_req", 0 0, L_000002271a216a30;  1 drivers
v000002271a1687a0_0 .var "req_pending_q", 0 0;
v000002271a169060_0 .net "rst_n", 0 0, L_000002271a198630;  alias, 1 drivers
v000002271a167a80_0 .net "sign_bit", 0 0, L_000002271a1a4250;  1 drivers
v000002271a169100_0 .net "size2_q", 1 0, L_000002271a1a2d10;  1 drivers
v000002271a169ec0_0 .var "size_f3_q", 2 0;
v000002271a168200_0 .net "store_done_i", 0 0, L_000002271a2190b0;  alias, 1 drivers
v000002271a168fc0_0 .net "sz_byte", 0 0, L_000002271a1a47f0;  1 drivers
v000002271a168340_0 .net "sz_half", 0 0, L_000002271a1a2bd0;  1 drivers
v000002271a168d40_0 .var "wdata_q", 31 0;
v000002271a169c40_0 .var "we_q", 0 0;
E_000002271a065ef0 .event anyedge, v000002271a168fc0_0, v000002271a1673a0_0, v000002271a165320_0, v000002271a168340_0;
L_000002271a1a2d10 .part v000002271a169ec0_0, 0, 2;
L_000002271a1a47f0 .cmp/eq 2, L_000002271a1a2d10, L_000002271a1b9aa8;
L_000002271a1a2bd0 .cmp/eq 2, L_000002271a1a2d10, L_000002271a1b9af0;
L_000002271a1a5010 .cmp/eq 3, v000002271a169ec0_0, L_000002271a1b9b38;
L_000002271a1a4110 .cmp/eq 3, v000002271a169ec0_0, L_000002271a1b9b80;
L_000002271a1a4bb0 .part v000002271a1673a0_0, 0, 2;
L_000002271a1a4e30 .cmp/eq 2, L_000002271a1a4bb0, L_000002271a1b9bc8;
L_000002271a1a3530 .part L_000002271a1a8a30, 7, 1;
L_000002271a1a49d0 .part v000002271a1673a0_0, 0, 2;
L_000002271a1a3670 .cmp/eq 2, L_000002271a1a49d0, L_000002271a1b9c10;
L_000002271a1a4cf0 .part L_000002271a1a8a30, 15, 1;
L_000002271a1a2950 .part v000002271a1673a0_0, 0, 2;
L_000002271a1a4a70 .cmp/eq 2, L_000002271a1a2950, L_000002271a1b9c58;
L_000002271a1a3990 .part L_000002271a1a8a30, 23, 1;
L_000002271a1a2c70 .part L_000002271a1a8a30, 31, 1;
L_000002271a1a3ad0 .functor MUXZ 1, L_000002271a1a2c70, L_000002271a1a3990, L_000002271a1a4a70, C4<>;
L_000002271a1a2e50 .functor MUXZ 1, L_000002271a1a3ad0, L_000002271a1a4cf0, L_000002271a1a3670, C4<>;
L_000002271a1a3710 .functor MUXZ 1, L_000002271a1a2e50, L_000002271a1a3530, L_000002271a1a4e30, C4<>;
L_000002271a1a3850 .part v000002271a1673a0_0, 1, 1;
L_000002271a1a3cb0 .part L_000002271a1a8a30, 31, 1;
L_000002271a1a3df0 .part L_000002271a1a8a30, 15, 1;
L_000002271a1a3fd0 .functor MUXZ 1, L_000002271a1a3df0, L_000002271a1a3cb0, L_000002271a1a3850, C4<>;
L_000002271a1a4750 .part L_000002271a1a8a30, 31, 1;
L_000002271a1a41b0 .functor MUXZ 1, L_000002271a1a4750, L_000002271a1a3fd0, L_000002271a1a2bd0, C4<>;
L_000002271a1a4250 .functor MUXZ 1, L_000002271a1a41b0, L_000002271a1a3710, L_000002271a1a47f0, C4<>;
LS_000002271a1a46b0_0_0 .concat [ 1 1 1 1], L_000002271a1a4250, L_000002271a1a4250, L_000002271a1a4250, L_000002271a1a4250;
LS_000002271a1a46b0_0_4 .concat [ 1 1 1 1], L_000002271a1a4250, L_000002271a1a4250, L_000002271a1a4250, L_000002271a1a4250;
LS_000002271a1a46b0_0_8 .concat [ 1 1 1 1], L_000002271a1a4250, L_000002271a1a4250, L_000002271a1a4250, L_000002271a1a4250;
LS_000002271a1a46b0_0_12 .concat [ 1 1 1 1], L_000002271a1a4250, L_000002271a1a4250, L_000002271a1a4250, L_000002271a1a4250;
LS_000002271a1a46b0_0_16 .concat [ 1 1 1 1], L_000002271a1a4250, L_000002271a1a4250, L_000002271a1a4250, L_000002271a1a4250;
LS_000002271a1a46b0_0_20 .concat [ 1 1 1 1], L_000002271a1a4250, L_000002271a1a4250, L_000002271a1a4250, L_000002271a1a4250;
LS_000002271a1a46b0_1_0 .concat [ 4 4 4 4], LS_000002271a1a46b0_0_0, LS_000002271a1a46b0_0_4, LS_000002271a1a46b0_0_8, LS_000002271a1a46b0_0_12;
LS_000002271a1a46b0_1_4 .concat [ 4 4 0 0], LS_000002271a1a46b0_0_16, LS_000002271a1a46b0_0_20;
L_000002271a1a46b0 .concat [ 16 8 0 0], LS_000002271a1a46b0_1_0, LS_000002271a1a46b0_1_4;
L_000002271a1a4c50 .part v000002271a167d00_0, 0, 8;
L_000002271a1a42f0 .concat [ 8 24 0 0], L_000002271a1a4c50, L_000002271a1a46b0;
LS_000002271a1a4390_0_0 .concat [ 1 1 1 1], L_000002271a1a4250, L_000002271a1a4250, L_000002271a1a4250, L_000002271a1a4250;
LS_000002271a1a4390_0_4 .concat [ 1 1 1 1], L_000002271a1a4250, L_000002271a1a4250, L_000002271a1a4250, L_000002271a1a4250;
LS_000002271a1a4390_0_8 .concat [ 1 1 1 1], L_000002271a1a4250, L_000002271a1a4250, L_000002271a1a4250, L_000002271a1a4250;
LS_000002271a1a4390_0_12 .concat [ 1 1 1 1], L_000002271a1a4250, L_000002271a1a4250, L_000002271a1a4250, L_000002271a1a4250;
L_000002271a1a4390 .concat [ 4 4 4 4], LS_000002271a1a4390_0_0, LS_000002271a1a4390_0_4, LS_000002271a1a4390_0_8, LS_000002271a1a4390_0_12;
L_000002271a1a4430 .part v000002271a167d00_0, 0, 16;
L_000002271a1a4890 .concat [ 16 16 0 0], L_000002271a1a4430, L_000002271a1a4390;
L_000002271a1a44d0 .functor MUXZ 32, v000002271a167d00_0, L_000002271a1a4890, L_000002271a1a2bd0, C4<>;
L_000002271a1a5d30 .functor MUXZ 32, L_000002271a1a44d0, L_000002271a1a42f0, L_000002271a1a47f0, C4<>;
L_000002271a1a67d0 .functor MUXZ 32, v000002271a167d00_0, L_000002271a1a5d30, L_000002271a215c30, C4<>;
L_000002271a1a7130 .part v000002271a1673a0_0, 0, 2;
L_000002271a1a6ff0 .ufunc/vec4 TD_icache_pipeline_tb.dut.u_mem.mk_wstrb, 4, v000002271a169ec0_0, L_000002271a1a7130 (v000002271a165820_0, v000002271a166720_0) S_000002271a15a960;
L_000002271a1a5dd0 .functor MUXZ 4, L_000002271a1b9ca0, L_000002271a1a6ff0, v000002271a169c40_0, C4<>;
L_000002271a1a6e10 .part v000002271a1673a0_0, 0, 2;
L_000002271a1a5470 .ufunc/vec4 TD_icache_pipeline_tb.dut.u_mem.align_store_data, 32, v000002271a168d40_0, v000002271a169ec0_0, L_000002271a1a6e10 (v000002271a1669a0_0, v000002271a166a40_0, v000002271a166d60_0) S_000002271a1596a0;
L_000002271a1a58d0 .functor MUXZ 32, v000002271a168020_0, L_000002271a1a67d0, L_000002271a216aa0, C4<>;
S_000002271a1596a0 .scope function.vec4.s32, "align_store_data" "align_store_data" 20 177, 20 177 0, S_000002271a159510;
 .timescale -9 -12;
v000002271a166d60_0 .var "a_lo", 1 0;
; Variable align_store_data is vec4 return value of scope S_000002271a1596a0
v000002271a1669a0_0 .var "sd", 31 0;
v000002271a166a40_0 .var "size_f3", 2 0;
v000002271a167800_0 .var "v", 31 0;
TD_icache_pipeline_tb.dut.u_mem.align_store_data ;
    %load/vec4 v000002271a166a40_0;
    %parti/s 2, 0, 2;
    %dup/vec4;
    %pushi/vec4 0, 0, 2;
    %cmp/u;
    %jmp/1 T_8.26, 6;
    %dup/vec4;
    %pushi/vec4 1, 0, 2;
    %cmp/u;
    %jmp/1 T_8.27, 6;
    %load/vec4 v000002271a1669a0_0;
    %store/vec4 v000002271a167800_0, 0, 32;
    %jmp T_8.29;
T_8.26 ;
    %pushi/vec4 0, 0, 24;
    %load/vec4 v000002271a1669a0_0;
    %parti/s 8, 0, 2;
    %concat/vec4; draw_concat_vec4
    %load/vec4 v000002271a166d60_0;
    %pad/u 32;
    %muli 8, 0, 32;
    %ix/vec4 4;
    %shiftl 4;
    %store/vec4 v000002271a167800_0, 0, 32;
    %jmp T_8.29;
T_8.27 ;
    %load/vec4 v000002271a166d60_0;
    %parti/s 1, 1, 2;
    %flag_set/vec4 8;
    %jmp/0 T_8.30, 8;
    %load/vec4 v000002271a1669a0_0;
    %parti/s 16, 0, 2;
    %concati/vec4 0, 0, 16;
    %jmp/1 T_8.31, 8;
T_8.30 ; End of true expr.
    %pushi/vec4 0, 0, 16;
    %load/vec4 v000002271a1669a0_0;
    %parti/s 16, 0, 2;
    %concat/vec4; draw_concat_vec4
    %jmp/0 T_8.31, 8;
 ; End of false expr.
    %blend;
T_8.31;
    %store/vec4 v000002271a167800_0, 0, 32;
    %jmp T_8.29;
T_8.29 ;
    %pop/vec4 1;
    %load/vec4 v000002271a167800_0;
    %ret/vec4 0, 0, 32;  Assign to align_store_data (store_vec4_to_lval)
    %end;
S_000002271a15a960 .scope function.vec4.s4, "mk_wstrb" "mk_wstrb" 20 162, 20 162 0, S_000002271a159510;
 .timescale -9 -12;
v000002271a166720_0 .var "a_lo", 1 0;
; Variable mk_wstrb is vec4 return value of scope S_000002271a15a960
v000002271a165820_0 .var "size_f3", 2 0;
v000002271a166ea0_0 .var "st", 3 0;
TD_icache_pipeline_tb.dut.u_mem.mk_wstrb ;
    %load/vec4 v000002271a165820_0;
    %parti/s 2, 0, 2;
    %dup/vec4;
    %pushi/vec4 0, 0, 2;
    %cmp/u;
    %jmp/1 T_9.32, 6;
    %dup/vec4;
    %pushi/vec4 1, 0, 2;
    %cmp/u;
    %jmp/1 T_9.33, 6;
    %pushi/vec4 15, 0, 4;
    %store/vec4 v000002271a166ea0_0, 0, 4;
    %jmp T_9.35;
T_9.32 ;
    %pushi/vec4 1, 0, 4;
    %ix/getv 4, v000002271a166720_0;
    %shiftl 4;
    %store/vec4 v000002271a166ea0_0, 0, 4;
    %jmp T_9.35;
T_9.33 ;
    %load/vec4 v000002271a166720_0;
    %parti/s 1, 1, 2;
    %flag_set/vec4 8;
    %jmp/0 T_9.36, 8;
    %pushi/vec4 12, 0, 4;
    %jmp/1 T_9.37, 8;
T_9.36 ; End of true expr.
    %pushi/vec4 3, 0, 4;
    %jmp/0 T_9.37, 8;
 ; End of false expr.
    %blend;
T_9.37;
    %store/vec4 v000002271a166ea0_0, 0, 4;
    %jmp T_9.35;
T_9.35 ;
    %pop/vec4 1;
    %load/vec4 v000002271a166ea0_0;
    %ret/vec4 0, 0, 4;  Assign to mk_wstrb (store_vec4_to_lval)
    %end;
S_000002271a159830 .scope module, "u_mem_wb" "mem_wb" 4 1915, 21 3 0, S_000002271a0df4a0;
 .timescale -9 -12;
    .port_info 0 /INPUT 1 "clk";
    .port_info 1 /INPUT 1 "rst_n";
    .port_info 2 /INPUT 1 "i_valid";
    .port_info 3 /INPUT 1 "i_flush";
    .port_info 4 /INPUT 1 "i_stall";
    .port_info 5 /INPUT 5 "i_rd";
    .port_info 6 /INPUT 1 "i_rd_wen";
    .port_info 7 /INPUT 32 "i_alu_result";
    .port_info 8 /INPUT 32 "i_mem_rdata";
    .port_info 9 /INPUT 32 "i_pc_plus4";
    .port_info 10 /INPUT 2 "i_wb_sel";
    .port_info 11 /OUTPUT 1 "o_valid";
    .port_info 12 /OUTPUT 5 "o_rd";
    .port_info 13 /OUTPUT 1 "o_rd_wen";
    .port_info 14 /OUTPUT 32 "o_wb_wdata";
L_000002271a219970 .functor BUFZ 1, v000002271a169b00_0, C4<0>, C4<0>, C4<0>;
L_000002271a218a20 .functor AND 1, v000002271a169b00_0, v000002271a168840_0, C4<1>, C4<1>;
v000002271a1683e0_0 .net "clk", 0 0, L_0000022719c748c0;  alias, 1 drivers
v000002271a16a000_0 .net "i_alu_result", 31 0, L_000002271a216c60;  alias, 1 drivers
v000002271a168160_0 .net "i_flush", 0 0, L_000002271a219120;  alias, 1 drivers
v000002271a168ca0_0 .net "i_mem_rdata", 31 0, L_000002271a1a58d0;  alias, 1 drivers
v000002271a169560_0 .net "i_pc_plus4", 31 0, L_000002271a216090;  alias, 1 drivers
v000002271a1699c0_0 .net "i_rd", 4 0, L_000002271a215ed0;  alias, 1 drivers
v000002271a167f80_0 .net "i_rd_wen", 0 0, L_000002271a216170;  alias, 1 drivers
v000002271a169380_0 .net "i_stall", 0 0, L_000002271a219660;  alias, 1 drivers
v000002271a168520_0 .net "i_valid", 0 0, L_000002271a1a9570;  alias, 1 drivers
v000002271a169420_0 .net "i_wb_sel", 1 0, L_000002271a2161e0;  alias, 1 drivers
v000002271a1691a0_0 .net "o_rd", 4 0, v000002271a169600_0;  alias, 1 drivers
v000002271a1678a0_0 .net "o_rd_wen", 0 0, L_000002271a218a20;  alias, 1 drivers
v000002271a1692e0_0 .net "o_valid", 0 0, L_000002271a219970;  alias, 1 drivers
v000002271a168980_0 .net "o_wb_wdata", 31 0, v000002271a167b20_0;  alias, 1 drivers
v000002271a169a60_0 .var "rd_d", 4 0;
v000002271a169600_0 .var "rd_q", 4 0;
v000002271a168660_0 .var "rd_wen_d", 0 0;
v000002271a168840_0 .var "rd_wen_q", 0 0;
v000002271a167940_0 .net "rst_n", 0 0, L_000002271a198630;  alias, 1 drivers
v000002271a1696a0_0 .var "valid_d", 0 0;
v000002271a169b00_0 .var "valid_q", 0 0;
v000002271a1688e0_0 .var "wb_wdata_d", 31 0;
v000002271a167b20_0 .var "wb_wdata_q", 31 0;
E_000002271a066230/0 .event anyedge, v000002271a169b00_0, v000002271a169600_0, v000002271a168840_0, v000002271a167b20_0;
E_000002271a066230/1 .event anyedge, v000002271a168160_0, v000002271a169380_0, v000002271a168520_0, v0000022719d2b330_0;
E_000002271a066230/2 .event anyedge, v0000022719d2b3d0_0, v0000022719d2a570_0, v0000022719d2bfb0_0, v0000022719d2db30_0;
E_000002271a066230/3 .event anyedge, v0000022719d2b0b0_0;
E_000002271a066230 .event/or E_000002271a066230/0, E_000002271a066230/1, E_000002271a066230/2, E_000002271a066230/3;
S_000002271a159e70 .scope function.vec4.s32, "wb_mux" "wb_mux" 21 33, 21 33 0, S_000002271a159830;
 .timescale -9 -12;
v000002271a1694c0_0 .var "alu_result", 31 0;
v000002271a1680c0_0 .var "mem_rdata", 31 0;
v000002271a169240_0 .var "pc_plus4", 31 0;
v000002271a169920_0 .var "sel", 1 0;
; Variable wb_mux is vec4 return value of scope S_000002271a159e70
TD_icache_pipeline_tb.dut.u_mem_wb.wb_mux ;
    %load/vec4 v000002271a169920_0;
    %dup/vec4;
    %pushi/vec4 0, 0, 2;
    %cmp/u;
    %jmp/1 T_10.38, 6;
    %dup/vec4;
    %pushi/vec4 1, 0, 2;
    %cmp/u;
    %jmp/1 T_10.39, 6;
    %dup/vec4;
    %pushi/vec4 2, 0, 2;
    %cmp/u;
    %jmp/1 T_10.40, 6;
    %load/vec4 v000002271a1694c0_0;
    %ret/vec4 0, 0, 32;  Assign to wb_mux (store_vec4_to_lval)
    %jmp T_10.42;
T_10.38 ;
    %load/vec4 v000002271a1694c0_0;
    %ret/vec4 0, 0, 32;  Assign to wb_mux (store_vec4_to_lval)
    %jmp T_10.42;
T_10.39 ;
    %load/vec4 v000002271a1680c0_0;
    %ret/vec4 0, 0, 32;  Assign to wb_mux (store_vec4_to_lval)
    %jmp T_10.42;
T_10.40 ;
    %load/vec4 v000002271a169240_0;
    %ret/vec4 0, 0, 32;  Assign to wb_mux (store_vec4_to_lval)
    %jmp T_10.42;
T_10.42 ;
    %pop/vec4 1;
    %end;
S_000002271a15aaf0 .scope module, "u_misalign" "misalign_check" 4 1319, 22 3 0, S_000002271a0df4a0;
 .timescale -9 -12;
    .port_info 0 /INPUT 1 "is_ctrl_taken_i";
    .port_info 1 /INPUT 32 "ctrl_target_i";
    .port_info 2 /INPUT 1 "mem_read_i";
    .port_info 3 /INPUT 1 "mem_write_i";
    .port_info 4 /INPUT 3 "mem_funct3_i";
    .port_info 5 /INPUT 32 "mem_addr_i";
    .port_info 6 /OUTPUT 1 "insn_addr_misaligned_o";
    .port_info 7 /OUTPUT 1 "load_addr_misaligned_o";
    .port_info 8 /OUTPUT 1 "store_addr_misaligned_o";
L_000002271a2139a0 .functor OR 1, L_000002271a1a2270, L_000002271a1a01f0, C4<0>, C4<0>;
L_000002271a213690 .functor AND 1, L_000002271a2139a0, L_000002271a1a14b0, C4<1>, C4<1>;
L_000002271a213a10 .functor AND 1, L_000002271a1a1a50, L_000002271a1a2130, C4<1>, C4<1>;
L_000002271a213700 .functor AND 1, L_000002271a1a1550, L_000002271a1a0b50, C4<1>, C4<1>;
L_000002271a213a80 .functor AND 1, L_000002271a1a17d0, L_000002271a1a2770, C4<1>, C4<1>;
L_000002271a214260 .functor AND 1, L_000002271a2143b0, L_000002271a1a19b0, C4<1>, C4<1>;
L_000002271a213e70 .functor OR 1, L_000002271a213690, L_000002271a213a10, C4<0>, C4<0>;
L_000002271a214650 .functor AND 1, L_000002271a2141f0, L_000002271a213e70, C4<1>, C4<1>;
L_000002271a214ab0 .functor OR 1, L_000002271a213700, L_000002271a213a80, C4<0>, C4<0>;
L_000002271a214c00 .functor AND 1, L_000002271a2146c0, L_000002271a214ab0, C4<1>, C4<1>;
L_000002271a1b90d0 .functor BUFT 1, C4<001>, C4<0>, C4<0>, C4<0>;
v000002271a16a820_0 .net/2u *"_ivl_0", 2 0, L_000002271a1b90d0;  1 drivers
v000002271a16a320_0 .net *"_ivl_11", 0 0, L_000002271a1a14b0;  1 drivers
L_000002271a1b9160 .functor BUFT 1, C4<010>, C4<0>, C4<0>, C4<0>;
v000002271a16a8c0_0 .net/2u *"_ivl_14", 2 0, L_000002271a1b9160;  1 drivers
v000002271a16af00_0 .net *"_ivl_16", 0 0, L_000002271a1a1a50;  1 drivers
v000002271a16a960_0 .net *"_ivl_19", 1 0, L_000002271a1a1cd0;  1 drivers
v000002271a16aaa0_0 .net *"_ivl_2", 0 0, L_000002271a1a2270;  1 drivers
L_000002271a1b91a8 .functor BUFT 1, C4<00>, C4<0>, C4<0>, C4<0>;
v000002271a16ab40_0 .net/2u *"_ivl_20", 1 0, L_000002271a1b91a8;  1 drivers
v000002271a16ad20_0 .net *"_ivl_22", 0 0, L_000002271a1a2130;  1 drivers
L_000002271a1b91f0 .functor BUFT 1, C4<001>, C4<0>, C4<0>, C4<0>;
v000002271a16abe0_0 .net/2u *"_ivl_26", 2 0, L_000002271a1b91f0;  1 drivers
v000002271a16a3c0_0 .net *"_ivl_28", 0 0, L_000002271a1a1550;  1 drivers
v000002271a16ae60_0 .net *"_ivl_31", 0 0, L_000002271a1a0b50;  1 drivers
L_000002271a1b9238 .functor BUFT 1, C4<010>, C4<0>, C4<0>, C4<0>;
v000002271a16a500_0 .net/2u *"_ivl_34", 2 0, L_000002271a1b9238;  1 drivers
v000002271a16a460_0 .net *"_ivl_36", 0 0, L_000002271a1a17d0;  1 drivers
v000002271a16ac80_0 .net *"_ivl_39", 1 0, L_000002271a1a1870;  1 drivers
L_000002271a1b9118 .functor BUFT 1, C4<101>, C4<0>, C4<0>, C4<0>;
v000002271a16adc0_0 .net/2u *"_ivl_4", 2 0, L_000002271a1b9118;  1 drivers
L_000002271a1b9280 .functor BUFT 1, C4<00>, C4<0>, C4<0>, C4<0>;
v000002271a16aa00_0 .net/2u *"_ivl_40", 1 0, L_000002271a1b9280;  1 drivers
v000002271a16a0a0_0 .net *"_ivl_42", 0 0, L_000002271a1a2770;  1 drivers
v000002271a16a280_0 .net *"_ivl_47", 1 0, L_000002271a1a1910;  1 drivers
L_000002271a1b92c8 .functor BUFT 1, C4<00>, C4<0>, C4<0>, C4<0>;
v000002271a16a140_0 .net/2u *"_ivl_48", 1 0, L_000002271a1b92c8;  1 drivers
v000002271a16a1e0_0 .net *"_ivl_50", 0 0, L_000002271a1a19b0;  1 drivers
v000002271a16a5a0_0 .net *"_ivl_55", 0 0, L_000002271a213e70;  1 drivers
v000002271a16a640_0 .net *"_ivl_59", 0 0, L_000002271a214ab0;  1 drivers
v000002271a16a6e0_0 .net *"_ivl_6", 0 0, L_000002271a1a01f0;  1 drivers
v000002271a16a780_0 .net *"_ivl_9", 0 0, L_000002271a2139a0;  1 drivers
v000002271a15c720_0 .net "ctrl_target_i", 31 0, L_000002271a1a0510;  alias, 1 drivers
v000002271a15c540_0 .net "insn_addr_misaligned_o", 0 0, L_000002271a214260;  alias, 1 drivers
v000002271a15b3c0_0 .net "is_ctrl_taken_i", 0 0, L_000002271a2143b0;  1 drivers
v000002271a15bd20_0 .net "load_addr_misaligned_o", 0 0, L_000002271a214650;  alias, 1 drivers
v000002271a15bc80_0 .net "load_half_misaligned", 0 0, L_000002271a213690;  1 drivers
v000002271a15baa0_0 .net "load_word_misaligned", 0 0, L_000002271a213a10;  1 drivers
v000002271a15d3a0_0 .net "mem_addr_i", 31 0, v0000022719d300b0_0;  alias, 1 drivers
v000002271a15d120_0 .net "mem_funct3_i", 2 0, L_000002271a210c90;  alias, 1 drivers
v000002271a15ba00_0 .net "mem_read_i", 0 0, L_000002271a2141f0;  1 drivers
v000002271a15c860_0 .net "mem_write_i", 0 0, L_000002271a2146c0;  1 drivers
v000002271a15cc20_0 .net "store_addr_misaligned_o", 0 0, L_000002271a214c00;  alias, 1 drivers
v000002271a15ccc0_0 .net "store_half_misaligned", 0 0, L_000002271a213700;  1 drivers
v000002271a15c220_0 .net "store_word_misaligned", 0 0, L_000002271a213a80;  1 drivers
L_000002271a1a2270 .cmp/eq 3, L_000002271a210c90, L_000002271a1b90d0;
L_000002271a1a01f0 .cmp/eq 3, L_000002271a210c90, L_000002271a1b9118;
L_000002271a1a14b0 .part v0000022719d300b0_0, 0, 1;
L_000002271a1a1a50 .cmp/eq 3, L_000002271a210c90, L_000002271a1b9160;
L_000002271a1a1cd0 .part v0000022719d300b0_0, 0, 2;
L_000002271a1a2130 .cmp/ne 2, L_000002271a1a1cd0, L_000002271a1b91a8;
L_000002271a1a1550 .cmp/eq 3, L_000002271a210c90, L_000002271a1b91f0;
L_000002271a1a0b50 .part v0000022719d300b0_0, 0, 1;
L_000002271a1a17d0 .cmp/eq 3, L_000002271a210c90, L_000002271a1b9238;
L_000002271a1a1870 .part v0000022719d300b0_0, 0, 2;
L_000002271a1a2770 .cmp/ne 2, L_000002271a1a1870, L_000002271a1b9280;
L_000002271a1a1910 .part L_000002271a1a0510, 0, 2;
L_000002271a1a19b0 .cmp/ne 2, L_000002271a1a1910, L_000002271a1b92c8;
S_000002271a1599c0 .scope module, "u_pc" "pc" 4 774, 23 2 0, S_000002271a0df4a0;
 .timescale -9 -12;
    .port_info 0 /INPUT 1 "clk";
    .port_info 1 /INPUT 1 "rst_n";
    .port_info 2 /INPUT 1 "stall_i";
    .port_info 3 /INPUT 1 "redirect_valid_i";
    .port_info 4 /INPUT 32 "redirect_pc_i";
    .port_info 5 /OUTPUT 32 "pc_o";
P_000002271a0658b0 .param/l "RESET_PC" 0 23 15, C4<10000000000000000000000000000000>;
v000002271a15c5e0_0 .net "clk", 0 0, L_0000022719c748c0;  alias, 1 drivers
v000002271a15d760_0 .var "pc_d", 31 0;
v000002271a15ca40_0 .net "pc_o", 31 0, v000002271a15d260_0;  alias, 1 drivers
v000002271a15d260_0 .var "pc_q", 31 0;
v000002271a15b5a0_0 .net "redirect_pc_i", 31 0, L_000002271a1a37b0;  alias, 1 drivers
v000002271a15ce00_0 .net "redirect_valid_i", 0 0, L_000002271a216480;  alias, 1 drivers
v000002271a15d300_0 .net "rst_n", 0 0, L_000002271a198630;  alias, 1 drivers
v000002271a15c360_0 .net "stall_i", 0 0, L_000002271a21b490;  alias, 1 drivers
E_000002271a065df0 .event anyedge, v000002271a15ce00_0, v000002271a15b5a0_0, v000002271a15c360_0, v000002271a15d260_0;
S_000002271a159b50 .scope function.vec4.s32, "align4" "align4" 23 21, 23 21 0, S_000002271a1599c0;
 .timescale -9 -12;
v000002271a15bdc0_0 .var "a", 31 0;
; Variable align4 is vec4 return value of scope S_000002271a159b50
TD_icache_pipeline_tb.dut.u_pc.align4 ;
    %load/vec4 v000002271a15bdc0_0;
    %parti/s 30, 2, 3;
    %concati/vec4 0, 0, 2;
    %ret/vec4 0, 0, 32;  Assign to align4 (store_vec4_to_lval)
    %end;
S_000002271a15a190 .scope module, "u_uart_rx_mmio" "uart_rx" 4 1786, 24 5 0, S_000002271a0df4a0;
 .timescale -9 -12;
    .port_info 0 /INPUT 1 "clk";
    .port_info 1 /INPUT 1 "rst_n";
    .port_info 2 /INPUT 1 "rx_i";
    .port_info 3 /OUTPUT 8 "data_o";
    .port_info 4 /OUTPUT 1 "valid_o";
P_00000227199a9a60 .param/l "BAUD" 0 24 7, +C4<00000000000011110100001001000000>;
P_00000227199a9a98 .param/l "CLKS_PER_BIT" 1 24 15, +C4<00000000000000000000000001100100>;
P_00000227199a9ad0 .param/l "CLK_HZ" 0 24 6, +C4<00000101111101011110000100000000>;
P_00000227199a9b08 .param/l "CNT_W" 1 24 17, +C4<00000000000000000000000000000111>;
P_00000227199a9b40 .param/l "HALF_CLKS" 1 24 16, +C4<00000000000000000000000000110010>;
P_00000227199a9b78 .param/l "S_DATA" 1 24 21, C4<10>;
P_00000227199a9bb0 .param/l "S_IDLE" 1 24 19, C4<00>;
P_00000227199a9be8 .param/l "S_START" 1 24 20, C4<01>;
P_00000227199a9c20 .param/l "S_STOP" 1 24 22, C4<11>;
v000002271a15cae0_0 .var "bit_idx", 2 0;
v000002271a15cd60_0 .net "clk", 0 0, L_0000022719c748c0;  alias, 1 drivers
v000002271a15cea0_0 .var "clk_cnt", 6 0;
v000002271a15d580_0 .var "data_o", 7 0;
v000002271a15c180_0 .net "rst_n", 0 0, L_000002271a198630;  alias, 1 drivers
v000002271a15c680_0 .net "rx_i", 0 0, v000002271a18f8c0_0;  1 drivers
v000002271a15d1c0_0 .var "shift", 7 0;
v000002271a15c4a0_0 .var "state", 1 0;
v000002271a15bbe0_0 .var "valid_o", 0 0;
S_000002271a159ce0 .scope module, "u_uart_tx" "uart_tx" 4 1797, 25 5 0, S_000002271a0df4a0;
 .timescale -9 -12;
    .port_info 0 /INPUT 8 "data_in";
    .port_info 1 /INPUT 1 "Tx_en";
    .port_info 2 /INPUT 1 "clk_50m";
    .port_info 3 /INPUT 1 "rst_n";
    .port_info 4 /OUTPUT 1 "Tx";
    .port_info 5 /OUTPUT 1 "Tx_busy";
P_000002271a0ad400 .param/l "BAUD" 0 25 7, +C4<00000000000011110100001001000000>;
P_000002271a0ad438 .param/l "CLKS_PER_BIT" 1 25 22, +C4<00000000000000000000000001100100>;
P_000002271a0ad470 .param/l "CLK_HZ" 0 25 6, +C4<00000101111101011110000100000000>;
P_000002271a0ad4a8 .param/l "CNT_W" 1 25 23, +C4<00000000000000000000000000000111>;
P_000002271a0ad4e0 .param/l "TX_STATE_DATA" 1 25 19, C4<10>;
P_000002271a0ad518 .param/l "TX_STATE_IDLE" 1 25 17, C4<00>;
P_000002271a0ad550 .param/l "TX_STATE_START" 1 25 18, C4<01>;
P_000002271a0ad588 .param/l "TX_STATE_STOP" 1 25 20, C4<11>;
L_000002271a216fe0 .functor NOT 1, v000002271a15be60_0, C4<0>, C4<0>, C4<0>;
L_000002271a2184e0 .functor AND 1, v000002271a18eba0_0, L_000002271a216fe0, C4<1>, C4<1>;
v000002271a15b460_0 .var "Tx", 0 0;
v000002271a15b820_0 .net "Tx_busy", 0 0, L_000002271a1a5a10;  alias, 1 drivers
v000002271a15c400_0 .net "Tx_en", 0 0, v000002271a18eba0_0;  1 drivers
v000002271a15b640_0 .net *"_ivl_0", 0 0, L_000002271a216fe0;  1 drivers
L_000002271a1ba2d0 .functor BUFT 1, C4<00>, C4<0>, C4<0>, C4<0>;
v000002271a15b140_0 .net/2u *"_ivl_4", 1 0, L_000002271a1ba2d0;  1 drivers
v000002271a15b500_0 .var "bit_pos", 2 0;
v000002271a15cf40_0 .net "clk_50m", 0 0, L_0000022719c748c0;  alias, 1 drivers
v000002271a15b6e0_0 .var "clk_cnt", 6 0;
v000002271a15d4e0_0 .var "data_buf", 7 0;
v000002271a15c7c0_0 .net "data_in", 7 0, v000002271a18e560_0;  1 drivers
v000002271a15d6c0_0 .net "rst_n", 0 0, L_000002271a198630;  alias, 1 drivers
v000002271a15d800_0 .var "state", 1 0;
v000002271a15be60_0 .var "tx_en_d", 0 0;
v000002271a15b8c0_0 .net "tx_start", 0 0, L_000002271a2184e0;  1 drivers
L_000002271a1a5a10 .cmp/ne 2, v000002271a15d800_0, L_000002271a1ba2d0;
S_000002271a1591f0 .scope module, "u_wb" "wb_stage" 4 1934, 26 5 0, S_000002271a0df4a0;
 .timescale -9 -12;
    .port_info 0 /INPUT 1 "clk";
    .port_info 1 /INPUT 1 "rst_n";
    .port_info 2 /INPUT 1 "i_valid";
    .port_info 3 /INPUT 5 "i_rd";
    .port_info 4 /INPUT 1 "i_rd_wen";
    .port_info 5 /INPUT 32 "i_wb_wdata";
    .port_info 6 /OUTPUT 1 "rf_we_o";
    .port_info 7 /OUTPUT 5 "rf_waddr_o";
    .port_info 8 /OUTPUT 32 "rf_wdata_o";
    .port_info 9 /OUTPUT 1 "wb_fwd_valid_o";
    .port_info 10 /OUTPUT 5 "wb_fwd_rd_o";
    .port_info 11 /OUTPUT 32 "wb_fwd_data_o";
P_000002271a0661f0 .param/l "XLEN" 0 26 25, +C4<00000000000000000000000000100000>;
L_000002271a21a150 .functor AND 1, L_000002271a219970, L_000002271a218a20, C4<1>, C4<1>;
L_000002271a21a380 .functor NOT 1, L_000002271a1a99d0, C4<0>, C4<0>, C4<0>;
L_000002271a219580 .functor AND 1, L_000002271a21a150, L_000002271a21a380, C4<1>, C4<1>;
L_000002271a218be0 .functor BUFZ 1, L_000002271a219580, C4<0>, C4<0>, C4<0>;
L_000002271a2195f0 .functor BUFZ 5, v000002271a169600_0, C4<00000>, C4<00000>, C4<00000>;
L_000002271a219c10 .functor BUFZ 32, v000002271a167b20_0, C4<00000000000000000000000000000000>, C4<00000000000000000000000000000000>, C4<00000000000000000000000000000000>;
L_000002271a21a3f0 .functor BUFZ 1, L_000002271a219580, C4<0>, C4<0>, C4<0>;
L_000002271a21a0e0 .functor BUFZ 5, v000002271a169600_0, C4<00000>, C4<00000>, C4<00000>;
L_000002271a218f60 .functor BUFZ 32, v000002271a167b20_0, C4<00000000000000000000000000000000>, C4<00000000000000000000000000000000>, C4<00000000000000000000000000000000>;
L_000002271a1baa68 .functor BUFT 1, C4<00000>, C4<0>, C4<0>, C4<0>;
v000002271a15d080_0 .net/2u *"_ivl_0", 4 0, L_000002271a1baa68;  1 drivers
v000002271a15bf00_0 .net *"_ivl_4", 0 0, L_000002271a21a150;  1 drivers
v000002271a15b960_0 .net *"_ivl_6", 0 0, L_000002271a21a380;  1 drivers
v000002271a15b780_0 .net "clk", 0 0, L_0000022719c748c0;  alias, 1 drivers
v000002271a15c900_0 .net "do_write", 0 0, L_000002271a219580;  1 drivers
v000002271a15c9a0_0 .net "i_rd", 4 0, v000002271a169600_0;  alias, 1 drivers
v000002271a15c2c0_0 .net "i_rd_wen", 0 0, L_000002271a218a20;  alias, 1 drivers
v000002271a15bfa0_0 .net "i_valid", 0 0, L_000002271a219970;  alias, 1 drivers
v000002271a15cb80_0 .net "i_wb_wdata", 31 0, v000002271a167b20_0;  alias, 1 drivers
v000002271a15b1e0_0 .net "rd_is_x0", 0 0, L_000002271a1a99d0;  1 drivers
v000002271a15d440_0 .net "rf_waddr_o", 4 0, L_000002271a2195f0;  alias, 1 drivers
v000002271a15c040_0 .net "rf_wdata_o", 31 0, L_000002271a219c10;  alias, 1 drivers
v000002271a15cfe0_0 .net "rf_we_o", 0 0, L_000002271a218be0;  alias, 1 drivers
v000002271a15d620_0 .net "rst_n", 0 0, L_000002271a198630;  alias, 1 drivers
v000002271a15b0a0_0 .net "wb_fwd_data_o", 31 0, L_000002271a218f60;  1 drivers
v000002271a15b280_0 .net "wb_fwd_rd_o", 4 0, L_000002271a21a0e0;  1 drivers
v000002271a15c0e0_0 .net "wb_fwd_valid_o", 0 0, L_000002271a21a3f0;  1 drivers
L_000002271a1a99d0 .cmp/eq 5, v000002271a169600_0, L_000002271a1baa68;
S_000002271a15a000 .scope function.vec4.s8, "get_byte" "get_byte" 3 180, 3 180 0, S_000002271a0de9b0;
 .timescale -9 -12;
v000002271a191620_0 .var "data", 63 0;
; Variable get_byte is vec4 return value of scope S_000002271a15a000
v000002271a1923e0_0 .var/i "idx", 31 0;
TD_icache_pipeline_tb.get_byte ;
    %load/vec4 v000002271a1923e0_0;
    %dup/vec4;
    %pushi/vec4 0, 0, 32;
    %cmp/u;
    %jmp/1 T_12.43, 6;
    %dup/vec4;
    %pushi/vec4 1, 0, 32;
    %cmp/u;
    %jmp/1 T_12.44, 6;
    %dup/vec4;
    %pushi/vec4 2, 0, 32;
    %cmp/u;
    %jmp/1 T_12.45, 6;
    %dup/vec4;
    %pushi/vec4 3, 0, 32;
    %cmp/u;
    %jmp/1 T_12.46, 6;
    %dup/vec4;
    %pushi/vec4 4, 0, 32;
    %cmp/u;
    %jmp/1 T_12.47, 6;
    %dup/vec4;
    %pushi/vec4 5, 0, 32;
    %cmp/u;
    %jmp/1 T_12.48, 6;
    %dup/vec4;
    %pushi/vec4 6, 0, 32;
    %cmp/u;
    %jmp/1 T_12.49, 6;
    %dup/vec4;
    %pushi/vec4 7, 0, 32;
    %cmp/u;
    %jmp/1 T_12.50, 6;
    %pushi/vec4 0, 0, 8;
    %ret/vec4 0, 0, 8;  Assign to get_byte (store_vec4_to_lval)
    %jmp T_12.52;
T_12.43 ;
    %load/vec4 v000002271a191620_0;
    %parti/s 8, 0, 2;
    %ret/vec4 0, 0, 8;  Assign to get_byte (store_vec4_to_lval)
    %jmp T_12.52;
T_12.44 ;
    %load/vec4 v000002271a191620_0;
    %parti/s 8, 8, 5;
    %ret/vec4 0, 0, 8;  Assign to get_byte (store_vec4_to_lval)
    %jmp T_12.52;
T_12.45 ;
    %load/vec4 v000002271a191620_0;
    %parti/s 8, 16, 6;
    %ret/vec4 0, 0, 8;  Assign to get_byte (store_vec4_to_lval)
    %jmp T_12.52;
T_12.46 ;
    %load/vec4 v000002271a191620_0;
    %parti/s 8, 24, 6;
    %ret/vec4 0, 0, 8;  Assign to get_byte (store_vec4_to_lval)
    %jmp T_12.52;
T_12.47 ;
    %load/vec4 v000002271a191620_0;
    %parti/s 8, 32, 7;
    %ret/vec4 0, 0, 8;  Assign to get_byte (store_vec4_to_lval)
    %jmp T_12.52;
T_12.48 ;
    %load/vec4 v000002271a191620_0;
    %parti/s 8, 40, 7;
    %ret/vec4 0, 0, 8;  Assign to get_byte (store_vec4_to_lval)
    %jmp T_12.52;
T_12.49 ;
    %load/vec4 v000002271a191620_0;
    %parti/s 8, 48, 7;
    %ret/vec4 0, 0, 8;  Assign to get_byte (store_vec4_to_lval)
    %jmp T_12.52;
T_12.50 ;
    %load/vec4 v000002271a191620_0;
    %parti/s 8, 56, 7;
    %ret/vec4 0, 0, 8;  Assign to get_byte (store_vec4_to_lval)
    %jmp T_12.52;
T_12.52 ;
    %pop/vec4 1;
    %end;
S_000002271a15a7d0 .scope function.vec4.s64, "make_beat" "make_beat" 3 233, 3 233 0, S_000002271a0de9b0;
 .timescale -9 -12;
v000002271a190ae0_0 .var "base", 31 0;
v000002271a191800_0 .var "beat", 3 0;
; Variable make_beat is vec4 return value of scope S_000002271a15a7d0
v000002271a192b60_0 .var "w0", 31 0;
v000002271a190900_0 .var "w1", 31 0;
TD_icache_pipeline_tb.make_beat ;
    %load/vec4 v000002271a190ae0_0;
    %load/vec4 v000002271a191800_0;
    %pad/u 32;
    %muli 8, 0, 32;
    %add;
    %store/vec4 v000002271a190ea0_0, 0, 32;
    %callf/vec4 TD_icache_pipeline_tb.mem_read_word, S_000002271a15a4b0;
    %store/vec4 v000002271a192b60_0, 0, 32;
    %load/vec4 v000002271a190ae0_0;
    %load/vec4 v000002271a191800_0;
    %pad/u 32;
    %muli 8, 0, 32;
    %add;
    %addi 4, 0, 32;
    %store/vec4 v000002271a190ea0_0, 0, 32;
    %callf/vec4 TD_icache_pipeline_tb.mem_read_word, S_000002271a15a4b0;
    %store/vec4 v000002271a190900_0, 0, 32;
    %load/vec4 v000002271a190900_0;
    %load/vec4 v000002271a192b60_0;
    %concat/vec4; draw_concat_vec4
    %ret/vec4 0, 0, 64;  Assign to make_beat (store_vec4_to_lval)
    %end;
S_000002271a15a320 .scope function.vec4.s32, "mem_index" "mem_index" 3 154, 3 154 0, S_000002271a0de9b0;
 .timescale -9 -12;
v000002271a192f20_0 .var "addr", 31 0;
; Variable mem_index is vec4 return value of scope S_000002271a15a320
TD_icache_pipeline_tb.mem_index ;
    %load/vec4 v000002271a192f20_0;
    %parti/s 1, 31, 6;
    %cmpi/ne 0, 0, 1;
    %flag_mov 8, 4;
    %jmp/0 T_14.53, 8;
    %load/vec4 v000002271a192f20_0;
    %subi 2147483648, 0, 32;
    %ix/load 4, 2, 0;
    %flag_set/imm 4, 0;
    %shiftr 4;
    %jmp/1 T_14.54, 8;
T_14.53 ; End of true expr.
    %load/vec4 v000002271a192f20_0;
    %ix/load 4, 2, 0;
    %flag_set/imm 4, 0;
    %shiftr 4;
    %jmp/0 T_14.54, 8;
 ; End of false expr.
    %blend;
T_14.54;
    %ret/vec4 0, 0, 32;  Assign to mem_index (store_vec4_to_lval)
    %end;
S_000002271a15a4b0 .scope function.vec4.s32, "mem_read_word" "mem_read_word" 3 161, 3 161 0, S_000002271a0de9b0;
 .timescale -9 -12;
v000002271a190ea0_0 .var "addr", 31 0;
v000002271a192de0_0 .var "idx", 31 0;
; Variable mem_read_word is vec4 return value of scope S_000002271a15a4b0
TD_icache_pipeline_tb.mem_read_word ;
    %load/vec4 v000002271a190ea0_0;
    %store/vec4 v000002271a192f20_0, 0, 32;
    %callf/vec4 TD_icache_pipeline_tb.mem_index, S_000002271a15a320;
    %store/vec4 v000002271a192de0_0, 0, 32;
    %load/vec4 v000002271a192de0_0;
    %cmpi/u 131072, 0, 32;
    %jmp/0xz  T_15.55, 5;
    %ix/getv 4, v000002271a192de0_0;
    %load/vec4a v000002271a187580, 4;
    %ret/vec4 0, 0, 32;  Assign to mem_read_word (store_vec4_to_lval)
    %jmp T_15.56;
T_15.55 ;
    %pushi/vec4 19, 0, 32;
    %ret/vec4 0, 0, 32;  Assign to mem_read_word (store_vec4_to_lval)
T_15.56 ;
    %end;
S_000002271a15ac80 .scope function.vec4.s32, "mem_word" "mem_word" 3 173, 3 173 0, S_000002271a0de9b0;
 .timescale -9 -12;
v000002271a191e40_0 .var "addr", 31 0;
; Variable mem_word is vec4 return value of scope S_000002271a15ac80
TD_icache_pipeline_tb.mem_word ;
    %load/vec4 v000002271a191e40_0;
    %store/vec4 v000002271a190ea0_0, 0, 32;
    %callf/vec4 TD_icache_pipeline_tb.mem_read_word, S_000002271a15a4b0;
    %ret/vec4 0, 0, 32;  Assign to mem_word (store_vec4_to_lval)
    %end;
S_000002271a15ae10 .scope task, "mem_write64" "mem_write64" 3 218, 3 218 0, S_000002271a0de9b0;
 .timescale -9 -12;
v000002271a192fc0_0 .var "addr", 31 0;
v000002271a191da0_0 .var/i "b", 31 0;
v000002271a190fe0_0 .var "data", 63 0;
v000002271a1916c0_0 .var "wstrb", 7 0;
TD_icache_pipeline_tb.mem_write64 ;
    %pushi/vec4 0, 0, 32;
    %store/vec4 v000002271a191da0_0, 0, 32;
T_17.57 ;
    %load/vec4 v000002271a191da0_0;
    %cmpi/s 8, 0, 32;
    %jmp/0xz T_17.58, 5;
    %load/vec4 v000002271a1916c0_0;
    %load/vec4 v000002271a191da0_0;
    %part/s 1;
    %flag_set/vec4 8;
    %jmp/0xz  T_17.59, 8;
    %load/vec4 v000002271a192fc0_0;
    %load/vec4 v000002271a191da0_0;
    %add;
    %store/vec4 v000002271a190b80_0, 0, 32;
    %load/vec4 v000002271a190fe0_0;
    %load/vec4 v000002271a191da0_0;
    %store/vec4 v000002271a1923e0_0, 0, 32;
    %store/vec4 v000002271a191620_0, 0, 64;
    %callf/vec4 TD_icache_pipeline_tb.get_byte, S_000002271a15a000;
    %store/vec4 v000002271a192a20_0, 0, 8;
    %fork TD_icache_pipeline_tb.mem_write_byte, S_000002271a15a640;
    %join;
T_17.59 ;
    %load/vec4 v000002271a191da0_0;
    %addi 1, 0, 32;
    %store/vec4 v000002271a191da0_0, 0, 32;
    %jmp T_17.57;
T_17.58 ;
    %end;
S_000002271a15a640 .scope task, "mem_write_byte" "mem_write_byte" 3 198, 3 198 0, S_000002271a0de9b0;
 .timescale -9 -12;
v000002271a190b80_0 .var "addr", 31 0;
v000002271a191120_0 .var "idx", 31 0;
v000002271a192a20_0 .var "value", 7 0;
v000002271a190c20_0 .var "word", 31 0;
TD_icache_pipeline_tb.mem_write_byte ;
    %load/vec4 v000002271a190b80_0;
    %store/vec4 v000002271a192f20_0, 0, 32;
    %callf/vec4 TD_icache_pipeline_tb.mem_index, S_000002271a15a320;
    %store/vec4 v000002271a191120_0, 0, 32;
    %load/vec4 v000002271a191120_0;
    %cmpi/u 131072, 0, 32;
    %jmp/0xz  T_18.61, 5;
    %ix/getv 4, v000002271a191120_0;
    %load/vec4a v000002271a187580, 4;
    %store/vec4 v000002271a190c20_0, 0, 32;
    %load/vec4 v000002271a190b80_0;
    %parti/s 2, 0, 2;
    %dup/vec4;
    %pushi/vec4 0, 0, 2;
    %cmp/u;
    %jmp/1 T_18.63, 6;
    %dup/vec4;
    %pushi/vec4 1, 0, 2;
    %cmp/u;
    %jmp/1 T_18.64, 6;
    %dup/vec4;
    %pushi/vec4 2, 0, 2;
    %cmp/u;
    %jmp/1 T_18.65, 6;
    %dup/vec4;
    %pushi/vec4 3, 0, 2;
    %cmp/u;
    %jmp/1 T_18.66, 6;
    %jmp T_18.67;
T_18.63 ;
    %load/vec4 v000002271a192a20_0;
    %ix/load 4, 0, 0;
    %flag_set/imm 4, 0;
    %store/vec4 v000002271a190c20_0, 4, 8;
    %jmp T_18.67;
T_18.64 ;
    %load/vec4 v000002271a192a20_0;
    %ix/load 4, 8, 0;
    %flag_set/imm 4, 0;
    %store/vec4 v000002271a190c20_0, 4, 8;
    %jmp T_18.67;
T_18.65 ;
    %load/vec4 v000002271a192a20_0;
    %ix/load 4, 16, 0;
    %flag_set/imm 4, 0;
    %store/vec4 v000002271a190c20_0, 4, 8;
    %jmp T_18.67;
T_18.66 ;
    %load/vec4 v000002271a192a20_0;
    %ix/load 4, 24, 0;
    %flag_set/imm 4, 0;
    %store/vec4 v000002271a190c20_0, 4, 8;
    %jmp T_18.67;
T_18.67 ;
    %pop/vec4 1;
    %load/vec4 v000002271a190c20_0;
    %ix/getv 4, v000002271a191120_0;
    %store/vec4a v000002271a187580, 4, 0;
T_18.61 ;
    %end;
S_000002271a195850 .scope function.vec4.u32, "rand_mod_tb" "rand_mod_tb" 3 446, 3 446 0, S_000002271a0de9b0;
 .timescale -9 -12;
v000002271a192200_0 .var/i "maxv", 31 0;
v000002271a192ca0_0 .var/i "r", 31 0;
; Variable rand_mod_tb is vec4 return value of scope S_000002271a195850
TD_icache_pipeline_tb.rand_mod_tb ;
    %load/vec4 v000002271a192200_0;
    %cmpi/s 0, 0, 32;
    %flag_or 5, 4;
    %jmp/0xz  T_19.68, 5;
    %pushi/vec4 0, 0, 32;
    %ret/vec4 0, 0, 32;  Assign to rand_mod_tb (store_vec4_to_lval)
    %jmp T_19.69;
T_19.68 ;
    %vpi_func 3 453 "$random" 32, v000002271a1975f0_0 {0 0 0};
    %store/vec4 v000002271a192ca0_0, 0, 32;
    %load/vec4 v000002271a192ca0_0;
    %cmpi/s 0, 0, 32;
    %jmp/0xz  T_19.70, 5;
    %load/vec4 v000002271a192ca0_0;
    %inv;
    %pushi/vec4 1, 0, 32;
    %add;
    %store/vec4 v000002271a192ca0_0, 0, 32;
T_19.70 ;
    %load/vec4 v000002271a192ca0_0;
    %load/vec4 v000002271a192200_0;
    %addi 1, 0, 32;
    %mod/s;
    %ret/vec4 0, 0, 32;  Assign to rand_mod_tb (store_vec4_to_lval)
T_19.69 ;
    %end;
S_000002271a195d00 .scope task, "resolve_tb_memfile" "resolve_tb_memfile" 3 461, 3 461 0, S_000002271a0de9b0;
 .timescale -9 -12;
v000002271a192160_0 .var/i "fd_local", 31 0;
v000002271a1922a0_0 .var "found_o", 0 0;
v000002271a192340_0 .var "path_io", 511 0;
TD_icache_pipeline_tb.resolve_tb_memfile ;
    %pushi/vec4 0, 0, 1;
    %store/vec4 v000002271a1922a0_0, 0, 1;
    %load/vec4 v000002271a192340_0;
    %store/vec4 v000002271a186d60_0, 0, 512;
    %vpi_func 3 468 "$fopen" 32, v000002271a186d60_0, "r" {0 0 0};
    %store/vec4 v000002271a192160_0, 0, 32;
    %load/vec4 v000002271a192160_0;
    %cmpi/e 0, 0, 32;
    %jmp/0xz  T_20.72, 4;
    %pushi/vec4 11823, 0, 16; draw_string_vec4
    %load/vec4 v000002271a192340_0;
    %concat/vec4; draw_concat_vec4
    %pad/u 512;
    %store/vec4 v000002271a186d60_0, 0, 512;
    %vpi_func 3 471 "$fopen" 32, v000002271a186d60_0, "r" {0 0 0};
    %store/vec4 v000002271a192160_0, 0, 32;
T_20.72 ;
    %load/vec4 v000002271a192160_0;
    %cmpi/e 0, 0, 32;
    %jmp/0xz  T_20.74, 4;
    %pushi/vec4 3026479, 0, 24; draw_string_vec4
    %load/vec4 v000002271a192340_0;
    %concat/vec4; draw_concat_vec4
    %pad/u 512;
    %store/vec4 v000002271a186d60_0, 0, 512;
    %vpi_func 3 475 "$fopen" 32, v000002271a186d60_0, "r" {0 0 0};
    %store/vec4 v000002271a192160_0, 0, 32;
T_20.74 ;
    %load/vec4 v000002271a192160_0;
    %cmpi/e 0, 0, 32;
    %jmp/0xz  T_20.76, 4;
    %pushi/vec4 774778670, 0, 32; draw_string_vec4
    %pushi/vec4 11823, 0, 16; draw_string_vec4
    %concat/vec4; draw_string_vec4
    %load/vec4 v000002271a192340_0;
    %concat/vec4; draw_concat_vec4
    %pad/u 512;
    %store/vec4 v000002271a186d60_0, 0, 512;
    %vpi_func 3 479 "$fopen" 32, v000002271a186d60_0, "r" {0 0 0};
    %store/vec4 v000002271a192160_0, 0, 32;
T_20.76 ;
    %load/vec4 v000002271a192160_0;
    %cmpi/e 0, 0, 32;
    %jmp/0xz  T_20.78, 4;
    %pushi/vec4 774778670, 0, 32; draw_string_vec4
    %pushi/vec4 774843950, 0, 32; draw_string_vec4
    %concat/vec4; draw_string_vec4
    %pushi/vec4 47, 0, 8; draw_string_vec4
    %concat/vec4; draw_string_vec4
    %load/vec4 v000002271a192340_0;
    %concat/vec4; draw_concat_vec4
    %pad/u 512;
    %store/vec4 v000002271a186d60_0, 0, 512;
    %vpi_func 3 483 "$fopen" 32, v000002271a186d60_0, "r" {0 0 0};
    %store/vec4 v000002271a192160_0, 0, 32;
T_20.78 ;
    %load/vec4 v000002271a192160_0;
    %cmpi/e 0, 0, 32;
    %jmp/0xz  T_20.80, 4;
    %pushi/vec4 774778670, 0, 32; draw_string_vec4
    %pushi/vec4 774843950, 0, 32; draw_string_vec4
    %concat/vec4; draw_string_vec4
    %pushi/vec4 791555631, 0, 32; draw_string_vec4
    %concat/vec4; draw_string_vec4
    %load/vec4 v000002271a192340_0;
    %concat/vec4; draw_concat_vec4
    %pad/u 512;
    %store/vec4 v000002271a186d60_0, 0, 512;
    %vpi_func 3 487 "$fopen" 32, v000002271a186d60_0, "r" {0 0 0};
    %store/vec4 v000002271a192160_0, 0, 32;
T_20.80 ;
    %load/vec4 v000002271a192160_0;
    %cmpi/e 0, 0, 32;
    %jmp/0xz  T_20.82, 4;
    %pushi/vec4 774778670, 0, 32; draw_string_vec4
    %pushi/vec4 774843950, 0, 32; draw_string_vec4
    %concat/vec4; draw_string_vec4
    %pushi/vec4 791555631, 0, 32; draw_string_vec4
    %concat/vec4; draw_string_vec4
    %pushi/vec4 3026479, 0, 24; draw_string_vec4
    %concat/vec4; draw_string_vec4
    %load/vec4 v000002271a192340_0;
    %concat/vec4; draw_concat_vec4
    %pad/u 512;
    %store/vec4 v000002271a186d60_0, 0, 512;
    %vpi_func 3 491 "$fopen" 32, v000002271a186d60_0, "r" {0 0 0};
    %store/vec4 v000002271a192160_0, 0, 32;
T_20.82 ;
    %load/vec4 v000002271a192160_0;
    %cmpi/e 0, 0, 32;
    %jmp/0xz  T_20.84, 4;
    %pushi/vec4 774778670, 0, 32; draw_string_vec4
    %pushi/vec4 774843950, 0, 32; draw_string_vec4
    %concat/vec4; draw_string_vec4
    %pushi/vec4 791555631, 0, 32; draw_string_vec4
    %concat/vec4; draw_string_vec4
    %pushi/vec4 774778670, 0, 32; draw_string_vec4
    %concat/vec4; draw_string_vec4
    %pushi/vec4 11823, 0, 16; draw_string_vec4
    %concat/vec4; draw_string_vec4
    %load/vec4 v000002271a192340_0;
    %concat/vec4; draw_concat_vec4
    %pad/u 512;
    %store/vec4 v000002271a186d60_0, 0, 512;
    %vpi_func 3 495 "$fopen" 32, v000002271a186d60_0, "r" {0 0 0};
    %store/vec4 v000002271a192160_0, 0, 32;
T_20.84 ;
    %load/vec4 v000002271a192160_0;
    %cmpi/ne 0, 0, 32;
    %jmp/0xz  T_20.86, 4;
    %vpi_call/w 3 498 "$fclose", v000002271a192160_0 {0 0 0};
    %load/vec4 v000002271a186d60_0;
    %store/vec4 v000002271a192340_0, 0, 512;
    %pushi/vec4 1, 0, 1;
    %store/vec4 v000002271a1922a0_0, 0, 1;
T_20.86 ;
    %end;
S_000002271a194720 .scope task, "tb_finish" "tb_finish" 3 572, 3 572 0, S_000002271a0de9b0;
 .timescale -9 -12;
TD_icache_pipeline_tb.tb_finish ;
    %fork TD_icache_pipeline_tb.dump_cov, S_000002271a0e0120;
    %join;
    %fork TD_icache_pipeline_tb.dump_state_cov, S_000002271a0decd0;
    %join;
    %load/vec4 v000002271a1988b0_0;
    %cmpi/ne 0, 0, 32;
    %jmp/0xz  T_21.88, 4;
    %vpi_call/w 3 577 "$fclose", v000002271a1988b0_0 {0 0 0};
    %pushi/vec4 0, 0, 32;
    %store/vec4 v000002271a1988b0_0, 0, 32;
T_21.88 ;
    %vpi_call/w 3 580 "$finish" {0 0 0};
    %end;
S_000002271a194270 .scope task, "uart_wait_clocks" "uart_wait_clocks" 3 584, 3 584 0, S_000002271a0de9b0;
 .timescale -9 -12;
v000002271a191ee0_0 .var/i "i", 31 0;
v000002271a191580_0 .var/i "n", 31 0;
E_000002271a066070 .event posedge, v000002271a179050_0;
TD_icache_pipeline_tb.uart_wait_clocks ;
    %pushi/vec4 0, 0, 32;
    %store/vec4 v000002271a191ee0_0, 0, 32;
T_22.90 ;
    %load/vec4 v000002271a191ee0_0;
    %load/vec4 v000002271a191580_0;
    %cmp/s;
    %jmp/0xz T_22.91, 5;
    %wait E_000002271a066070;
    %load/vec4 v000002271a191ee0_0;
    %addi 1, 0, 32;
    %store/vec4 v000002271a191ee0_0, 0, 32;
    %jmp T_22.90;
T_22.91 ;
    %end;
S_000002271a1948b0 .scope function.vec4.s64, "uc_read_data" "uc_read_data" 3 245, 3 245 0, S_000002271a0de9b0;
 .timescale -9 -12;
v000002271a192c00_0 .var "addr", 31 0;
; Variable uc_read_data is vec4 return value of scope S_000002271a1948b0
v000002271a190d60_0 .var "word", 31 0;
TD_icache_pipeline_tb.uc_read_data ;
    %load/vec4 v000002271a192c00_0;
    %parti/s 1, 2, 3;
    %flag_set/vec4 8;
    %jmp/0xz  T_23.92, 8;
    %load/vec4 v000002271a190d60_0;
    %concati/vec4 0, 0, 32;
    %ret/vec4 0, 0, 64;  Assign to uc_read_data (store_vec4_to_lval)
    %jmp T_23.93;
T_23.92 ;
    %pushi/vec4 0, 0, 32;
    %load/vec4 v000002271a190d60_0;
    %concat/vec4; draw_concat_vec4
    %ret/vec4 0, 0, 64;  Assign to uc_read_data (store_vec4_to_lval)
T_23.93 ;
    %end;
    .scope S_000002271a1599c0;
T_24 ;
    %wait E_000002271a065df0;
    %load/vec4 v000002271a15ce00_0;
    %flag_set/vec4 8;
    %jmp/0xz  T_24.0, 8;
    %load/vec4 v000002271a15b5a0_0;
    %store/vec4 v000002271a15bdc0_0, 0, 32;
    %callf/vec4 TD_icache_pipeline_tb.dut.u_pc.align4, S_000002271a159b50;
    %store/vec4 v000002271a15d760_0, 0, 32;
    %jmp T_24.1;
T_24.0 ;
    %load/vec4 v000002271a15c360_0;
    %flag_set/vec4 8;
    %jmp/0xz  T_24.2, 8;
    %load/vec4 v000002271a15d260_0;
    %store/vec4 v000002271a15d760_0, 0, 32;
    %jmp T_24.3;
T_24.2 ;
    %load/vec4 v000002271a15d260_0;
    %addi 4, 0, 32;
    %store/vec4 v000002271a15d760_0, 0, 32;
T_24.3 ;
T_24.1 ;
    %jmp T_24;
    .thread T_24, $push;
    .scope S_000002271a1599c0;
T_25 ;
    %wait E_000002271a065830;
    %load/vec4 v000002271a15d300_0;
    %nor/r;
    %flag_set/vec4 8;
    %jmp/0xz  T_25.0, 8;
    %pushi/vec4 2147483648, 0, 32;
    %assign/vec4 v000002271a15d260_0, 0;
    %jmp T_25.1;
T_25.0 ;
    %load/vec4 v000002271a15d760_0;
    %assign/vec4 v000002271a15d260_0, 0;
T_25.1 ;
    %jmp T_25;
    .thread T_25;
    .scope S_0000022719002df0;
T_26 ;
    %wait E_000002271a065bb0;
    %load/vec4 v0000022719993150_0;
    %nor/r;
    %flag_set/vec4 8;
    %jmp/0xz  T_26.0, 8;
    %pushi/vec4 0, 0, 3;
    %assign/vec4 v0000022719994550_0, 0;
    %pushi/vec4 0, 0, 1;
    %assign/vec4 v0000022719992610_0, 0;
    %pushi/vec4 0, 0, 1;
    %assign/vec4 v00000227199947d0_0, 0;
    %pushi/vec4 0, 0, 1;
    %assign/vec4 v0000022719991490_0, 0;
    %pushi/vec4 0, 0, 32;
    %assign/vec4 v0000022719991710_0, 0;
    %pushi/vec4 0, 0, 32;
    %assign/vec4 v0000022719990590_0, 0;
    %pushi/vec4 0, 0, 1;
    %assign/vec4 v00000227199904f0_0, 0;
    %pushi/vec4 0, 0, 1;
    %assign/vec4 v00000227199930b0_0, 0;
    %pushi/vec4 0, 0, 32;
    %assign/vec4 v0000022719991b70_0, 0;
    %pushi/vec4 0, 0, 2;
    %assign/vec4 v000002271998f870_0, 0;
    %pushi/vec4 0, 0, 3;
    %assign/vec4 v0000022719993ab0_0, 0;
    %pushi/vec4 0, 0, 8;
    %assign/vec4 v0000022719993a10_0, 0;
    %pushi/vec4 0, 0, 1;
    %assign/vec4 v0000022719993790_0, 0;
    %pushi/vec4 0, 0, 1;
    %assign/vec4 v00000227199910d0_0, 0;
    %pushi/vec4 0, 0, 1;
    %assign/vec4 v0000022719991d50_0, 0;
    %pushi/vec4 0, 0, 1;
    %assign/vec4 v0000022719991c10_0, 0;
    %pushi/vec4 0, 0, 8;
    %assign/vec4 v0000022719991530_0, 0;
    %pushi/vec4 0, 0, 1;
    %assign/vec4 v0000022719991a30_0, 0;
    %pushi/vec4 0, 0, 6;
    %assign/vec4 v0000022719990ef0_0, 0;
    %pushi/vec4 0, 0, 1;
    %assign/vec4 v0000022719990810_0, 0;
    %pushi/vec4 0, 0, 1;
    %assign/vec4 v0000022719990770_0, 0;
    %pushi/vec4 0, 0, 6;
    %assign/vec4 v0000022719991f30_0, 0;
    %pushi/vec4 0, 0, 1;
    %assign/vec4 v0000022719991ad0_0, 0;
    %pushi/vec4 0, 0, 1;
    %assign/vec4 v0000022719993bf0_0, 0;
    %pushi/vec4 0, 0, 32;
    %store/vec4 v0000022719991e90_0, 0, 32;
T_26.2 ;
    %load/vec4 v0000022719991e90_0;
    %pad/s 64;
    %cmpi/s 64, 0, 64;
    %jmp/0xz T_26.3, 5;
    %pushi/vec4 0, 0, 1;
    %ix/getv/s 3, v0000022719991e90_0;
    %ix/load 4, 0, 0; Constant delay
    %assign/vec4/a/d v00000227199926b0, 0, 4;
    %pushi/vec4 0, 0, 1;
    %ix/getv/s 3, v0000022719991e90_0;
    %ix/load 4, 0, 0; Constant delay
    %assign/vec4/a/d v00000227199929d0, 0, 4;
    %pushi/vec4 0, 0, 1;
    %ix/getv/s 3, v0000022719991e90_0;
    %ix/load 4, 0, 0; Constant delay
    %assign/vec4/a/d v0000022719994230, 0, 4;
    %load/vec4 v0000022719991e90_0;
    %addi 1, 0, 32;
    %store/vec4 v0000022719991e90_0, 0, 32;
    %jmp T_26.2;
T_26.3 ;
    %jmp T_26.1;
T_26.0 ;
    %pushi/vec4 0, 0, 1;
    %assign/vec4 v00000227199910d0_0, 0;
    %pushi/vec4 0, 0, 1;
    %assign/vec4 v0000022719991d50_0, 0;
    %load/vec4 v0000022719990310_0;
    %assign/vec4 v0000022719991c10_0, 0;
    %load/vec4 v00000227199917b0_0;
    %flag_set/vec4 8;
    %jmp/0xz  T_26.4, 8;
    %load/vec4 v0000022719991530_0;
    %addi 1, 0, 8;
    %assign/vec4 v0000022719991530_0, 0;
    %pushi/vec4 0, 0, 1;
    %assign/vec4 v0000022719991490_0, 0;
T_26.4 ;
    %load/vec4 v0000022719991490_0;
    %flag_set/vec4 9;
    %flag_get/vec4 9;
    %jmp/0 T_26.8, 9;
    %load/vec4 v0000022719991670_0;
    %and;
T_26.8;
    %flag_set/vec4 8;
    %jmp/0xz  T_26.6, 8;
    %pushi/vec4 0, 0, 1;
    %assign/vec4 v0000022719991490_0, 0;
T_26.6 ;
    %load/vec4 v00000227199918f0_0;
    %flag_set/vec4 8;
    %jmp/0xz  T_26.9, 8;
    %pushi/vec4 1, 0, 1;
    %assign/vec4 v0000022719991a30_0, 0;
T_26.9 ;
    %load/vec4 v0000022719990270_0;
    %flag_set/vec4 8;
    %jmp/0xz  T_26.11, 8;
    %pushi/vec4 1, 0, 1;
    %assign/vec4 v0000022719990810_0, 0;
    %load/vec4 v000002271998fff0_0;
    %assign/vec4 v0000022719990770_0, 0;
    %load/vec4 v000002271998fc30_0;
    %assign/vec4 v0000022719991f30_0, 0;
    %load/vec4 v0000022719991170_0;
    %assign/vec4 v0000022719991ad0_0, 0;
T_26.11 ;
    %load/vec4 v0000022719994550_0;
    %pushi/vec4 1, 0, 3;
    %cmp/e;
    %flag_get/vec4 4;
    %nor/r;
    %flag_set/vec4 8;
    %jmp/0xz  T_26.13, 8;
    %load/vec4 v00000227199930b0_0;
    %flag_set/vec4 9;
    %flag_get/vec4 9;
    %jmp/0 T_26.17, 9;
    %load/vec4 v0000022719994410_0;
    %and;
T_26.17;
    %flag_set/vec4 8;
    %jmp/0xz  T_26.15, 8;
    %pushi/vec4 0, 0, 1;
    %assign/vec4 v00000227199930b0_0, 0;
T_26.15 ;
T_26.13 ;
    %load/vec4 v0000022719994550_0;
    %dup/vec4;
    %pushi/vec4 0, 0, 3;
    %cmp/u;
    %jmp/1 T_26.18, 6;
    %dup/vec4;
    %pushi/vec4 1, 0, 3;
    %cmp/u;
    %jmp/1 T_26.19, 6;
    %dup/vec4;
    %pushi/vec4 2, 0, 3;
    %cmp/u;
    %jmp/1 T_26.20, 6;
    %dup/vec4;
    %pushi/vec4 3, 0, 3;
    %cmp/u;
    %jmp/1 T_26.21, 6;
    %dup/vec4;
    %pushi/vec4 4, 0, 3;
    %cmp/u;
    %jmp/1 T_26.22, 6;
    %dup/vec4;
    %pushi/vec4 5, 0, 3;
    %cmp/u;
    %jmp/1 T_26.23, 6;
    %dup/vec4;
    %pushi/vec4 6, 0, 3;
    %cmp/u;
    %jmp/1 T_26.24, 6;
    %pushi/vec4 0, 0, 3;
    %assign/vec4 v0000022719994550_0, 0;
    %jmp T_26.26;
T_26.18 ;
    %pushi/vec4 0, 0, 1;
    %assign/vec4 v0000022719993790_0, 0;
    %load/vec4 v0000022719991a30_0;
    %flag_set/vec4 8;
    %jmp/0xz  T_26.27, 8;
    %pushi/vec4 0, 0, 1;
    %assign/vec4 v0000022719991a30_0, 0;
    %pushi/vec4 0, 0, 6;
    %assign/vec4 v0000022719990ef0_0, 0;
    %pushi/vec4 6, 0, 3;
    %assign/vec4 v0000022719994550_0, 0;
    %jmp T_26.28;
T_26.27 ;
    %load/vec4 v0000022719990810_0;
    %flag_set/vec4 8;
    %jmp/0xz  T_26.29, 8;
    %pushi/vec4 0, 0, 1;
    %assign/vec4 v0000022719990810_0, 0;
    %load/vec4 v0000022719990770_0;
    %flag_set/vec4 8;
    %jmp/0xz  T_26.31, 8;
    %pushi/vec4 0, 0, 6;
    %assign/vec4 v0000022719990ef0_0, 0;
    %pushi/vec4 6, 0, 3;
    %assign/vec4 v0000022719994550_0, 0;
    %jmp T_26.32;
T_26.31 ;
    %load/vec4 v0000022719991ad0_0;
    %cmpi/e 0, 0, 1;
    %jmp/0xz  T_26.33, 4;
    %pushi/vec4 0, 0, 1;
    %load/vec4 v0000022719991f30_0;
    %pad/u 8;
    %ix/vec4 3;
    %ix/load 4, 0, 0; Constant delay
    %assign/vec4/a/d v00000227199926b0, 0, 4;
    %jmp T_26.34;
T_26.33 ;
    %pushi/vec4 0, 0, 1;
    %load/vec4 v0000022719991f30_0;
    %pad/u 8;
    %ix/vec4 3;
    %ix/load 4, 0, 0; Constant delay
    %assign/vec4/a/d v00000227199929d0, 0, 4;
T_26.34 ;
    %pushi/vec4 1, 0, 1;
    %assign/vec4 v0000022719991d50_0, 0;
    %pushi/vec4 0, 0, 3;
    %assign/vec4 v0000022719994550_0, 0;
T_26.32 ;
    %jmp T_26.30;
T_26.29 ;
    %load/vec4 v0000022719991490_0;
    %flag_set/vec4 9;
    %flag_get/vec4 9;
    %jmp/0 T_26.37, 9;
    %load/vec4 v0000022719991670_0;
    %nor/r;
    %and;
T_26.37;
    %flag_set/vec4 8;
    %jmp/0xz  T_26.35, 8;
    %load/vec4 v0000022719992610_0;
    %assign/vec4 v0000022719992610_0, 0;
    %load/vec4 v00000227199947d0_0;
    %assign/vec4 v00000227199947d0_0, 0;
    %jmp T_26.36;
T_26.35 ;
    %load/vec4 v0000022719990db0_0;
    %assign/vec4 v0000022719992610_0, 0;
    %load/vec4 v0000022719990db0_0;
    %flag_set/vec4 8;
    %jmp/0xz  T_26.38, 8;
    %load/vec4 v00000227199912b0_0;
    %assign/vec4 v00000227199944b0_0, 0;
    %load/vec4 v00000227199908b0_0;
    %assign/vec4 v0000022719994690_0, 0;
    %load/vec4 v0000022719991530_0;
    %assign/vec4 v00000227199921b0_0, 0;
    %jmp T_26.39;
T_26.38 ;
    %load/vec4 v00000227199944b0_0;
    %assign/vec4 v00000227199944b0_0, 0;
    %load/vec4 v0000022719994690_0;
    %assign/vec4 v0000022719994690_0, 0;
    %load/vec4 v00000227199921b0_0;
    %assign/vec4 v00000227199921b0_0, 0;
T_26.39 ;
    %load/vec4 v0000022719992610_0;
    %assign/vec4 v00000227199947d0_0, 0;
    %load/vec4 v0000022719992610_0;
    %flag_set/vec4 8;
    %jmp/0xz  T_26.40, 8;
    %load/vec4 v00000227199944b0_0;
    %assign/vec4 v0000022719993290_0, 0;
    %load/vec4 v0000022719994690_0;
    %assign/vec4 v00000227199935b0_0, 0;
    %load/vec4 v00000227199921b0_0;
    %assign/vec4 v00000227199938d0_0, 0;
    %load/vec4 v0000022719993510_0;
    %pad/u 8;
    %ix/vec4 4;
    %load/vec4a v0000022719993470, 4;
    %assign/vec4 v0000022719992430_0, 0;
    %load/vec4 v0000022719993510_0;
    %pad/u 8;
    %ix/vec4 4;
    %load/vec4a v00000227199936f0, 4;
    %assign/vec4 v00000227199945f0_0, 0;
    %load/vec4 v0000022719993510_0;
    %pad/u 8;
    %ix/vec4 4;
    %load/vec4a v00000227199926b0, 4;
    %assign/vec4 v0000022719994050_0, 0;
    %load/vec4 v0000022719993510_0;
    %pad/u 8;
    %ix/vec4 4;
    %load/vec4a v00000227199929d0, 4;
    %assign/vec4 v00000227199933d0_0, 0;
    %load/vec4 v0000022719993510_0;
    %pad/u 8;
    %ix/vec4 4;
    %load/vec4a v000002271998fb90, 4;
    %assign/vec4 v0000022719992250_0, 0;
    %load/vec4 v0000022719993510_0;
    %pad/u 8;
    %ix/vec4 4;
    %load/vec4a v00000227199906d0, 4;
    %assign/vec4 v0000022719993b50_0, 0;
T_26.40 ;
    %load/vec4 v00000227199947d0_0;
    %flag_set/vec4 8;
    %jmp/0xz  T_26.42, 8;
    %load/vec4 v00000227199935b0_0;
    %flag_set/vec4 8;
    %jmp/0xz  T_26.44, 8;
    %load/vec4 v0000022719993290_0;
    %assign/vec4 v00000227199931f0_0, 0;
    %pushi/vec4 1, 0, 1;
    %assign/vec4 v0000022719993c90_0, 0;
    %load/vec4 v00000227199938d0_0;
    %assign/vec4 v00000227199927f0_0, 0;
    %load/vec4 v0000022719993290_0;
    %assign/vec4 v0000022719992d90_0, 0;
    %pushi/vec4 0, 0, 1;
    %assign/vec4 v0000022719993bf0_0, 0;
    %pushi/vec4 1, 0, 3;
    %assign/vec4 v0000022719994550_0, 0;
    %jmp T_26.45;
T_26.44 ;
    %load/vec4 v0000022719990130_0;
    %flag_set/vec4 8;
    %jmp/0xz  T_26.46, 8;
    %load/vec4 v00000227199901d0_0;
    %nor/r;
    %flag_set/vec4 8;
    %jmp/0xz  T_26.48, 8;
    %pushi/vec4 1, 0, 1;
    %assign/vec4 v0000022719991490_0, 0;
    %load/vec4 v0000022719993290_0;
    %assign/vec4 v0000022719990590_0, 0;
    %pushi/vec4 0, 0, 1;
    %assign/vec4 v00000227199904f0_0, 0;
    %load/vec4 v0000022719991cb0_0;
    %flag_set/vec4 8;
    %jmp/0xz  T_26.50, 8;
    %load/vec4 v0000022719992250_0;
    %load/vec4 v0000022719993650_0;
    %store/vec4 v000002271998fa50_0, 0, 4;
    %store/vec4 v0000022719990950_0, 0, 512;
    %callf/vec4 TD_icache_pipeline_tb.dut.u_icache.u_icache.pick_word32, S_0000022719002f80;
    %assign/vec4 v0000022719991710_0, 0;
    %pushi/vec4 1, 0, 1;
    %load/vec4 v0000022719992e30_0;
    %pad/u 8;
    %ix/vec4 3;
    %ix/load 4, 0, 0; Constant delay
    %assign/vec4/a/d v0000022719994230, 0, 4;
    %jmp T_26.51;
T_26.50 ;
    %load/vec4 v0000022719993b50_0;
    %load/vec4 v0000022719993650_0;
    %store/vec4 v000002271998fa50_0, 0, 4;
    %store/vec4 v0000022719990950_0, 0, 512;
    %callf/vec4 TD_icache_pipeline_tb.dut.u_icache.u_icache.pick_word32, S_0000022719002f80;
    %assign/vec4 v0000022719991710_0, 0;
    %pushi/vec4 0, 0, 1;
    %load/vec4 v0000022719992e30_0;
    %pad/u 8;
    %ix/vec4 3;
    %ix/load 4, 0, 0; Constant delay
    %assign/vec4/a/d v0000022719994230, 0, 4;
T_26.51 ;
T_26.48 ;
    %jmp T_26.47;
T_26.46 ;
    %load/vec4 v0000022719993290_0;
    %assign/vec4 v00000227199931f0_0, 0;
    %pushi/vec4 0, 0, 1;
    %assign/vec4 v0000022719993c90_0, 0;
    %load/vec4 v00000227199938d0_0;
    %assign/vec4 v00000227199927f0_0, 0;
    %load/vec4 v0000022719992e30_0;
    %assign/vec4 v0000022719993e70_0, 0;
    %load/vec4 v0000022719992930_0;
    %assign/vec4 v0000022719992c50_0, 0;
    %load/vec4 v0000022719993290_0;
    %parti/s 26, 6, 4;
    %concati/vec4 0, 0, 6;
    %assign/vec4 v0000022719992d90_0, 0;
    %pushi/vec4 0, 0, 1;
    %assign/vec4 v0000022719993bf0_0, 0;
    %load/vec4 v0000022719994050_0;
    %nor/r;
    %flag_set/vec4 8;
    %jmp/0xz  T_26.52, 8;
    %pushi/vec4 0, 0, 1;
    %assign/vec4 v0000022719993830_0, 0;
    %jmp T_26.53;
T_26.52 ;
    %load/vec4 v00000227199933d0_0;
    %nor/r;
    %flag_set/vec4 8;
    %jmp/0xz  T_26.54, 8;
    %pushi/vec4 1, 0, 1;
    %assign/vec4 v0000022719993830_0, 0;
    %jmp T_26.55;
T_26.54 ;
    %load/vec4 v0000022719992e30_0;
    %pad/u 8;
    %ix/vec4 4;
    %load/vec4a v0000022719994230, 4;
    %assign/vec4 v0000022719993830_0, 0;
T_26.55 ;
T_26.53 ;
    %pushi/vec4 1, 0, 3;
    %assign/vec4 v0000022719994550_0, 0;
T_26.47 ;
T_26.45 ;
T_26.42 ;
T_26.36 ;
T_26.30 ;
T_26.28 ;
    %jmp T_26.26;
T_26.19 ;
    %pushi/vec4 1, 0, 1;
    %assign/vec4 v00000227199930b0_0, 0;
    %load/vec4 v0000022719993c90_0;
    %flag_set/vec4 8;
    %jmp/0xz  T_26.56, 8;
    %pushi/vec4 1, 0, 2;
    %assign/vec4 v000002271998f870_0, 0;
    %load/vec4 v0000022719992d90_0;
    %assign/vec4 v0000022719991b70_0, 0;
    %pushi/vec4 2, 0, 3;
    %assign/vec4 v0000022719993ab0_0, 0;
    %pushi/vec4 0, 0, 8;
    %assign/vec4 v0000022719993a10_0, 0;
    %jmp T_26.57;
T_26.56 ;
    %pushi/vec4 0, 0, 2;
    %assign/vec4 v000002271998f870_0, 0;
    %load/vec4 v0000022719992d90_0;
    %assign/vec4 v0000022719991b70_0, 0;
    %pushi/vec4 3, 0, 3;
    %assign/vec4 v0000022719993ab0_0, 0;
    %pushi/vec4 7, 0, 8;
    %assign/vec4 v0000022719993a10_0, 0;
T_26.57 ;
    %pushi/vec4 0, 0, 1;
    %assign/vec4 v0000022719993790_0, 0;
    %load/vec4 v00000227199930b0_0;
    %flag_set/vec4 9;
    %flag_get/vec4 9;
    %jmp/0 T_26.60, 9;
    %load/vec4 v0000022719994410_0;
    %and;
T_26.60;
    %flag_set/vec4 8;
    %jmp/0xz  T_26.58, 8;
    %pushi/vec4 0, 0, 1;
    %assign/vec4 v00000227199930b0_0, 0;
    %pushi/vec4 1, 0, 1;
    %assign/vec4 v0000022719993790_0, 0;
    %pushi/vec4 0, 0, 512;
    %assign/vec4 v0000022719992750_0, 0;
    %pushi/vec4 0, 0, 4;
    %assign/vec4 v00000227199924d0_0, 0;
    %pushi/vec4 0, 0, 1;
    %assign/vec4 v0000022719993bf0_0, 0;
    %pushi/vec4 2, 0, 3;
    %assign/vec4 v0000022719994550_0, 0;
T_26.58 ;
    %jmp T_26.26;
T_26.20 ;
    %pushi/vec4 1, 0, 1;
    %assign/vec4 v0000022719993790_0, 0;
    %load/vec4 v0000022719992890_0;
    %flag_set/vec4 9;
    %flag_get/vec4 9;
    %jmp/0 T_26.63, 9;
    %load/vec4 v0000022719993790_0;
    %and;
T_26.63;
    %flag_set/vec4 8;
    %jmp/0xz  T_26.61, 8;
    %load/vec4 v00000227199940f0_0;
    %flag_set/vec4 8;
    %jmp/0xz  T_26.64, 8;
    %pushi/vec4 1, 0, 1;
    %assign/vec4 v0000022719993bf0_0, 0;
T_26.64 ;
    %load/vec4 v0000022719993c90_0;
    %flag_set/vec4 8;
    %jmp/0xz  T_26.66, 8;
    %load/vec4 v00000227199927f0_0;
    %load/vec4 v00000227199915d0_0;
    %cmp/ne;
    %flag_get/vec4 4;
    %nor/r;
    %flag_set/vec4 8;
    %jmp/0xz  T_26.68, 8;
    %pushi/vec4 1, 0, 1;
    %assign/vec4 v0000022719991490_0, 0;
    %load/vec4 v00000227199931f0_0;
    %assign/vec4 v0000022719990590_0, 0;
    %load/vec4 v0000022719992110_0;
    %parti/s 32, 0, 2;
    %assign/vec4 v0000022719991710_0, 0;
    %load/vec4 v00000227199940f0_0;
    %assign/vec4 v00000227199904f0_0, 0;
T_26.68 ;
    %pushi/vec4 0, 0, 1;
    %assign/vec4 v0000022719993790_0, 0;
    %pushi/vec4 0, 0, 3;
    %assign/vec4 v0000022719994550_0, 0;
    %jmp T_26.67;
T_26.66 ;
    %load/vec4 v00000227199924d0_0;
    %dup/vec4;
    %pushi/vec4 0, 0, 4;
    %cmp/u;
    %jmp/1 T_26.70, 6;
    %dup/vec4;
    %pushi/vec4 1, 0, 4;
    %cmp/u;
    %jmp/1 T_26.71, 6;
    %dup/vec4;
    %pushi/vec4 2, 0, 4;
    %cmp/u;
    %jmp/1 T_26.72, 6;
    %dup/vec4;
    %pushi/vec4 3, 0, 4;
    %cmp/u;
    %jmp/1 T_26.73, 6;
    %dup/vec4;
    %pushi/vec4 4, 0, 4;
    %cmp/u;
    %jmp/1 T_26.74, 6;
    %dup/vec4;
    %pushi/vec4 5, 0, 4;
    %cmp/u;
    %jmp/1 T_26.75, 6;
    %dup/vec4;
    %pushi/vec4 6, 0, 4;
    %cmp/u;
    %jmp/1 T_26.76, 6;
    %dup/vec4;
    %pushi/vec4 7, 0, 4;
    %cmp/u;
    %jmp/1 T_26.77, 6;
    %load/vec4 v0000022719992750_0;
    %assign/vec4 v0000022719992750_0, 0;
    %jmp T_26.79;
T_26.70 ;
    %load/vec4 v0000022719992110_0;
    %ix/load 4, 0, 0;
    %ix/load 5, 0, 0;
    %flag_set/imm 4, 0;
    %assign/vec4/off/d v0000022719992750_0, 4, 5;
    %jmp T_26.79;
T_26.71 ;
    %load/vec4 v0000022719992110_0;
    %ix/load 4, 64, 0;
    %ix/load 5, 0, 0;
    %flag_set/imm 4, 0;
    %assign/vec4/off/d v0000022719992750_0, 4, 5;
    %jmp T_26.79;
T_26.72 ;
    %load/vec4 v0000022719992110_0;
    %ix/load 4, 128, 0;
    %ix/load 5, 0, 0;
    %flag_set/imm 4, 0;
    %assign/vec4/off/d v0000022719992750_0, 4, 5;
    %jmp T_26.79;
T_26.73 ;
    %load/vec4 v0000022719992110_0;
    %ix/load 4, 192, 0;
    %ix/load 5, 0, 0;
    %flag_set/imm 4, 0;
    %assign/vec4/off/d v0000022719992750_0, 4, 5;
    %jmp T_26.79;
T_26.74 ;
    %load/vec4 v0000022719992110_0;
    %ix/load 4, 256, 0;
    %ix/load 5, 0, 0;
    %flag_set/imm 4, 0;
    %assign/vec4/off/d v0000022719992750_0, 4, 5;
    %jmp T_26.79;
T_26.75 ;
    %load/vec4 v0000022719992110_0;
    %ix/load 4, 320, 0;
    %ix/load 5, 0, 0;
    %flag_set/imm 4, 0;
    %assign/vec4/off/d v0000022719992750_0, 4, 5;
    %jmp T_26.79;
T_26.76 ;
    %load/vec4 v0000022719992110_0;
    %ix/load 4, 384, 0;
    %ix/load 5, 0, 0;
    %flag_set/imm 4, 0;
    %assign/vec4/off/d v0000022719992750_0, 4, 5;
    %jmp T_26.79;
T_26.77 ;
    %load/vec4 v0000022719992110_0;
    %ix/load 4, 448, 0;
    %ix/load 5, 0, 0;
    %flag_set/imm 4, 0;
    %assign/vec4/off/d v0000022719992750_0, 4, 5;
    %jmp T_26.79;
T_26.79 ;
    %pop/vec4 1;
    %load/vec4 v0000022719994190_0;
    %flag_set/vec4 8;
    %jmp/0xz  T_26.80, 8;
    %pushi/vec4 0, 0, 1;
    %assign/vec4 v0000022719993790_0, 0;
    %load/vec4 v0000022719993bf0_0;
    %flag_set/vec4 8;
    %jmp/1 T_26.84, 8;
    %load/vec4 v00000227199940f0_0;
    %flag_set/vec4 9;
    %flag_or 8, 9;
T_26.84;
    %jmp/0xz  T_26.82, 8;
    %load/vec4 v00000227199927f0_0;
    %load/vec4 v00000227199915d0_0;
    %cmp/ne;
    %flag_get/vec4 4;
    %nor/r;
    %flag_set/vec4 8;
    %jmp/0xz  T_26.85, 8;
    %pushi/vec4 1, 0, 1;
    %assign/vec4 v0000022719991490_0, 0;
    %load/vec4 v00000227199931f0_0;
    %assign/vec4 v0000022719990590_0, 0;
    %pushi/vec4 19, 0, 32;
    %assign/vec4 v0000022719991710_0, 0;
    %pushi/vec4 1, 0, 1;
    %assign/vec4 v00000227199904f0_0, 0;
T_26.85 ;
    %pushi/vec4 0, 0, 3;
    %assign/vec4 v0000022719994550_0, 0;
    %jmp T_26.83;
T_26.82 ;
    %pushi/vec4 3, 0, 3;
    %assign/vec4 v0000022719994550_0, 0;
T_26.83 ;
    %jmp T_26.81;
T_26.80 ;
    %load/vec4 v00000227199924d0_0;
    %addi 1, 0, 4;
    %assign/vec4 v00000227199924d0_0, 0;
T_26.81 ;
T_26.67 ;
T_26.61 ;
    %jmp T_26.26;
T_26.21 ;
    %load/vec4 v0000022719993830_0;
    %cmpi/e 0, 0, 1;
    %jmp/0xz  T_26.87, 4;
    %load/vec4 v0000022719992750_0;
    %load/vec4 v0000022719993e70_0;
    %pad/u 8;
    %ix/vec4 3;
    %ix/load 4, 0, 0; Constant delay
    %assign/vec4/a/d v000002271998fb90, 0, 4;
    %load/vec4 v0000022719992c50_0;
    %load/vec4 v0000022719993e70_0;
    %pad/u 8;
    %ix/vec4 3;
    %ix/load 4, 0, 0; Constant delay
    %assign/vec4/a/d v0000022719993470, 0, 4;
    %pushi/vec4 1, 0, 1;
    %load/vec4 v0000022719993e70_0;
    %pad/u 8;
    %ix/vec4 3;
    %ix/load 4, 0, 0; Constant delay
    %assign/vec4/a/d v00000227199926b0, 0, 4;
    %pushi/vec4 1, 0, 1;
    %load/vec4 v0000022719993e70_0;
    %pad/u 8;
    %ix/vec4 3;
    %ix/load 4, 0, 0; Constant delay
    %assign/vec4/a/d v0000022719994230, 0, 4;
    %jmp T_26.88;
T_26.87 ;
    %load/vec4 v0000022719992750_0;
    %load/vec4 v0000022719993e70_0;
    %pad/u 8;
    %ix/vec4 3;
    %ix/load 4, 0, 0; Constant delay
    %assign/vec4/a/d v00000227199906d0, 0, 4;
    %load/vec4 v0000022719992c50_0;
    %load/vec4 v0000022719993e70_0;
    %pad/u 8;
    %ix/vec4 3;
    %ix/load 4, 0, 0; Constant delay
    %assign/vec4/a/d v00000227199936f0, 0, 4;
    %pushi/vec4 1, 0, 1;
    %load/vec4 v0000022719993e70_0;
    %pad/u 8;
    %ix/vec4 3;
    %ix/load 4, 0, 0; Constant delay
    %assign/vec4/a/d v00000227199929d0, 0, 4;
    %pushi/vec4 0, 0, 1;
    %load/vec4 v0000022719993e70_0;
    %pad/u 8;
    %ix/vec4 3;
    %ix/load 4, 0, 0; Constant delay
    %assign/vec4/a/d v0000022719994230, 0, 4;
T_26.88 ;
    %pushi/vec4 4, 0, 3;
    %assign/vec4 v0000022719994550_0, 0;
    %jmp T_26.26;
T_26.22 ;
    %pushi/vec4 1, 0, 1;
    %assign/vec4 v00000227199947d0_0, 0;
    %load/vec4 v00000227199931f0_0;
    %assign/vec4 v0000022719993290_0, 0;
    %pushi/vec4 0, 0, 1;
    %assign/vec4 v00000227199935b0_0, 0;
    %load/vec4 v00000227199927f0_0;
    %assign/vec4 v00000227199938d0_0, 0;
    %load/vec4 v00000227199931f0_0;
    %parti/s 6, 6, 4;
    %pad/u 8;
    %ix/vec4 4;
    %load/vec4a v0000022719993470, 4;
    %assign/vec4 v0000022719992430_0, 0;
    %load/vec4 v00000227199931f0_0;
    %parti/s 6, 6, 4;
    %pad/u 8;
    %ix/vec4 4;
    %load/vec4a v00000227199936f0, 4;
    %assign/vec4 v00000227199945f0_0, 0;
    %load/vec4 v00000227199931f0_0;
    %parti/s 6, 6, 4;
    %pad/u 8;
    %ix/vec4 4;
    %load/vec4a v00000227199926b0, 4;
    %assign/vec4 v0000022719994050_0, 0;
    %load/vec4 v00000227199931f0_0;
    %parti/s 6, 6, 4;
    %pad/u 8;
    %ix/vec4 4;
    %load/vec4a v00000227199929d0, 4;
    %assign/vec4 v00000227199933d0_0, 0;
    %load/vec4 v00000227199931f0_0;
    %parti/s 6, 6, 4;
    %pad/u 8;
    %ix/vec4 4;
    %load/vec4a v000002271998fb90, 4;
    %assign/vec4 v0000022719992250_0, 0;
    %load/vec4 v00000227199931f0_0;
    %parti/s 6, 6, 4;
    %pad/u 8;
    %ix/vec4 4;
    %load/vec4a v00000227199906d0, 4;
    %assign/vec4 v0000022719993b50_0, 0;
    %pushi/vec4 5, 0, 3;
    %assign/vec4 v0000022719994550_0, 0;
    %jmp T_26.26;
T_26.23 ;
    %load/vec4 v0000022719990130_0;
    %flag_set/vec4 8;
    %jmp/0xz  T_26.89, 8;
    %load/vec4 v00000227199938d0_0;
    %load/vec4 v00000227199915d0_0;
    %cmp/ne;
    %flag_get/vec4 4;
    %nor/r;
    %flag_set/vec4 8;
    %jmp/0xz  T_26.91, 8;
    %pushi/vec4 1, 0, 1;
    %assign/vec4 v0000022719991490_0, 0;
    %load/vec4 v0000022719993290_0;
    %assign/vec4 v0000022719990590_0, 0;
    %load/vec4 v0000022719993bf0_0;
    %assign/vec4 v00000227199904f0_0, 0;
    %load/vec4 v0000022719991cb0_0;
    %flag_set/vec4 8;
    %jmp/0xz  T_26.93, 8;
    %load/vec4 v0000022719992250_0;
    %load/vec4 v0000022719993650_0;
    %store/vec4 v000002271998fa50_0, 0, 4;
    %store/vec4 v0000022719990950_0, 0, 512;
    %callf/vec4 TD_icache_pipeline_tb.dut.u_icache.u_icache.pick_word32, S_0000022719002f80;
    %assign/vec4 v0000022719991710_0, 0;
    %pushi/vec4 1, 0, 1;
    %load/vec4 v0000022719992e30_0;
    %pad/u 8;
    %ix/vec4 3;
    %ix/load 4, 0, 0; Constant delay
    %assign/vec4/a/d v0000022719994230, 0, 4;
    %jmp T_26.94;
T_26.93 ;
    %load/vec4 v0000022719993b50_0;
    %load/vec4 v0000022719993650_0;
    %store/vec4 v000002271998fa50_0, 0, 4;
    %store/vec4 v0000022719990950_0, 0, 512;
    %callf/vec4 TD_icache_pipeline_tb.dut.u_icache.u_icache.pick_word32, S_0000022719002f80;
    %assign/vec4 v0000022719991710_0, 0;
    %pushi/vec4 0, 0, 1;
    %load/vec4 v0000022719992e30_0;
    %pad/u 8;
    %ix/vec4 3;
    %ix/load 4, 0, 0; Constant delay
    %assign/vec4/a/d v0000022719994230, 0, 4;
T_26.94 ;
T_26.91 ;
    %jmp T_26.90;
T_26.89 ;
    %pushi/vec4 1, 0, 1;
    %assign/vec4 v0000022719991490_0, 0;
    %load/vec4 v0000022719993290_0;
    %assign/vec4 v0000022719990590_0, 0;
    %pushi/vec4 19, 0, 32;
    %assign/vec4 v0000022719991710_0, 0;
    %pushi/vec4 1, 0, 1;
    %assign/vec4 v00000227199904f0_0, 0;
T_26.90 ;
    %pushi/vec4 0, 0, 1;
    %assign/vec4 v00000227199947d0_0, 0;
    %pushi/vec4 0, 0, 3;
    %assign/vec4 v0000022719994550_0, 0;
    %jmp T_26.26;
T_26.24 ;
    %pushi/vec4 0, 0, 1;
    %load/vec4 v0000022719990ef0_0;
    %pad/u 8;
    %ix/vec4 3;
    %ix/load 4, 0, 0; Constant delay
    %assign/vec4/a/d v00000227199926b0, 0, 4;
    %pushi/vec4 0, 0, 1;
    %load/vec4 v0000022719990ef0_0;
    %pad/u 8;
    %ix/vec4 3;
    %ix/load 4, 0, 0; Constant delay
    %assign/vec4/a/d v00000227199929d0, 0, 4;
    %load/vec4 v0000022719990ef0_0;
    %pad/u 64;
    %cmpi/e 63, 0, 64;
    %jmp/0xz  T_26.95, 4;
    %pushi/vec4 1, 0, 1;
    %assign/vec4 v00000227199910d0_0, 0;
    %pushi/vec4 1, 0, 1;
    %assign/vec4 v0000022719991d50_0, 0;
    %pushi/vec4 0, 0, 3;
    %assign/vec4 v0000022719994550_0, 0;
    %jmp T_26.96;
T_26.95 ;
    %load/vec4 v0000022719990ef0_0;
    %addi 1, 0, 6;
    %assign/vec4 v0000022719990ef0_0, 0;
T_26.96 ;
    %jmp T_26.26;
T_26.26 ;
    %pop/vec4 1;
T_26.1 ;
    %jmp T_26;
    .thread T_26;
    .scope S_000002271a159380;
T_27 ;
    %wait E_000002271a065830;
    %load/vec4 v000002271a1632a0_0;
    %nor/r;
    %flag_set/vec4 8;
    %jmp/0xz  T_27.0, 8;
    %pushi/vec4 0, 0, 32;
    %assign/vec4 v000002271a164600_0, 0;
    %pushi/vec4 19, 0, 32;
    %assign/vec4 v000002271a162bc0_0, 0;
    %pushi/vec4 0, 0, 1;
    %assign/vec4 v000002271a164ba0_0, 0;
    %jmp T_27.1;
T_27.0 ;
    %load/vec4 v000002271a163020_0;
    %assign/vec4 v000002271a164600_0, 0;
    %load/vec4 v000002271a162b20_0;
    %assign/vec4 v000002271a162bc0_0, 0;
    %load/vec4 v000002271a1644c0_0;
    %assign/vec4 v000002271a164ba0_0, 0;
T_27.1 ;
    %jmp T_27;
    .thread T_27;
    .scope S_0000022719002c60;
T_28 ;
    %wait E_000002271a065830;
    %load/vec4 v000002271a13e890_0;
    %nor/r;
    %flag_set/vec4 8;
    %jmp/0xz  T_28.0, 8;
    %pushi/vec4 0, 0, 32;
    %store/vec4 v000002271a13e1b0_0, 0, 32;
T_28.2 ;
    %load/vec4 v000002271a13e1b0_0;
    %cmpi/s 32, 0, 32;
    %jmp/0xz T_28.3, 5;
    %pushi/vec4 0, 0, 32;
    %ix/getv/s 3, v000002271a13e1b0_0;
    %ix/load 4, 0, 0; Constant delay
    %assign/vec4/a/d v000002271a13dc10, 0, 4;
    %load/vec4 v000002271a13e1b0_0;
    %addi 1, 0, 32;
    %store/vec4 v000002271a13e1b0_0, 0, 32;
    %jmp T_28.2;
T_28.3 ;
    %jmp T_28.1;
T_28.0 ;
    %load/vec4 v000002271a13f0b0_0;
    %flag_set/vec4 9;
    %flag_get/vec4 9;
    %jmp/0 T_28.6, 9;
    %load/vec4 v000002271a13db70_0;
    %pushi/vec4 0, 0, 5;
    %cmp/ne;
    %flag_get/vec4 4;
    %and;
T_28.6;
    %flag_set/vec4 8;
    %jmp/0xz  T_28.4, 8;
    %load/vec4 v000002271a13d2b0_0;
    %load/vec4 v000002271a13db70_0;
    %pad/u 7;
    %ix/vec4 3;
    %ix/load 4, 0, 0; Constant delay
    %assign/vec4/a/d v000002271a13dc10, 0, 4;
T_28.4 ;
T_28.1 ;
    %jmp T_28;
    .thread T_28;
    .scope S_0000022719002490;
T_29 ;
    %wait E_000002271a065cb0;
    %pushi/vec4 0, 0, 32;
    %store/vec4 v000002271a144650_0, 0, 32;
    %pushi/vec4 0, 0, 4;
    %store/vec4 v000002271a1407d0_0, 0, 4;
    %pushi/vec4 0, 0, 1;
    %store/vec4 v000002271a13fb50_0, 0, 1;
    %pushi/vec4 0, 0, 1;
    %store/vec4 v000002271a1411d0_0, 0, 1;
    %pushi/vec4 0, 0, 1;
    %store/vec4 v000002271a1437f0_0, 0, 1;
    %pushi/vec4 0, 0, 1;
    %store/vec4 v000002271a143610_0, 0, 1;
    %pushi/vec4 0, 0, 1;
    %store/vec4 v000002271a1432f0_0, 0, 1;
    %pushi/vec4 0, 0, 1;
    %store/vec4 v000002271a1445b0_0, 0, 1;
    %pushi/vec4 0, 0, 2;
    %store/vec4 v000002271a143110_0, 0, 2;
    %pushi/vec4 0, 0, 1;
    %store/vec4 v000002271a142350_0, 0, 1;
    %pushi/vec4 0, 0, 1;
    %store/vec4 v000002271a142ad0_0, 0, 1;
    %pushi/vec4 0, 0, 1;
    %store/vec4 v000002271a142990_0, 0, 1;
    %pushi/vec4 0, 0, 1;
    %store/vec4 v000002271a142df0_0, 0, 1;
    %pushi/vec4 0, 0, 1;
    %store/vec4 v000002271a144150_0, 0, 1;
    %pushi/vec4 2, 0, 3;
    %store/vec4 v000002271a143430_0, 0, 3;
    %pushi/vec4 0, 0, 1;
    %store/vec4 v000002271a140f50_0, 0, 1;
    %pushi/vec4 0, 0, 3;
    %store/vec4 v000002271a141c70_0, 0, 3;
    %pushi/vec4 0, 0, 1;
    %store/vec4 v000002271a141270_0, 0, 1;
    %pushi/vec4 0, 0, 1;
    %store/vec4 v000002271a143bb0_0, 0, 1;
    %pushi/vec4 0, 0, 1;
    %store/vec4 v000002271a143f70_0, 0, 1;
    %pushi/vec4 0, 0, 1;
    %store/vec4 v000002271a142710_0, 0, 1;
    %pushi/vec4 0, 0, 1;
    %store/vec4 v000002271a143250_0, 0, 1;
    %load/vec4 v000002271a142a30_0;
    %dup/vec4;
    %pushi/vec4 55, 0, 7;
    %cmp/u;
    %jmp/1 T_29.0, 6;
    %dup/vec4;
    %pushi/vec4 23, 0, 7;
    %cmp/u;
    %jmp/1 T_29.1, 6;
    %dup/vec4;
    %pushi/vec4 111, 0, 7;
    %cmp/u;
    %jmp/1 T_29.2, 6;
    %dup/vec4;
    %pushi/vec4 103, 0, 7;
    %cmp/u;
    %jmp/1 T_29.3, 6;
    %dup/vec4;
    %pushi/vec4 99, 0, 7;
    %cmp/u;
    %jmp/1 T_29.4, 6;
    %dup/vec4;
    %pushi/vec4 3, 0, 7;
    %cmp/u;
    %jmp/1 T_29.5, 6;
    %dup/vec4;
    %pushi/vec4 35, 0, 7;
    %cmp/u;
    %jmp/1 T_29.6, 6;
    %dup/vec4;
    %pushi/vec4 19, 0, 7;
    %cmp/u;
    %jmp/1 T_29.7, 6;
    %dup/vec4;
    %pushi/vec4 51, 0, 7;
    %cmp/u;
    %jmp/1 T_29.8, 6;
    %dup/vec4;
    %pushi/vec4 15, 0, 7;
    %cmp/u;
    %jmp/1 T_29.9, 6;
    %dup/vec4;
    %pushi/vec4 115, 0, 7;
    %cmp/u;
    %jmp/1 T_29.10, 6;
    %pushi/vec4 1, 0, 1;
    %store/vec4 v000002271a143250_0, 0, 1;
    %jmp T_29.12;
T_29.0 ;
    %load/vec4 v000002271a144290_0;
    %store/vec4 v000002271a144650_0, 0, 32;
    %pushi/vec4 0, 0, 4;
    %store/vec4 v000002271a1407d0_0, 0, 4;
    %pushi/vec4 1, 0, 1;
    %store/vec4 v000002271a13fb50_0, 0, 1;
    %pushi/vec4 0, 0, 2;
    %store/vec4 v000002271a143110_0, 0, 2;
    %pushi/vec4 1, 0, 1;
    %store/vec4 v000002271a142350_0, 0, 1;
    %pushi/vec4 1, 0, 1;
    %store/vec4 v000002271a144150_0, 0, 1;
    %jmp T_29.12;
T_29.1 ;
    %load/vec4 v000002271a144290_0;
    %store/vec4 v000002271a144650_0, 0, 32;
    %pushi/vec4 0, 0, 4;
    %store/vec4 v000002271a1407d0_0, 0, 4;
    %pushi/vec4 1, 0, 1;
    %store/vec4 v000002271a13fb50_0, 0, 1;
    %pushi/vec4 0, 0, 2;
    %store/vec4 v000002271a143110_0, 0, 2;
    %pushi/vec4 1, 0, 1;
    %store/vec4 v000002271a142350_0, 0, 1;
    %pushi/vec4 1, 0, 1;
    %store/vec4 v000002271a142df0_0, 0, 1;
    %jmp T_29.12;
T_29.2 ;
    %load/vec4 v000002271a1441f0_0;
    %store/vec4 v000002271a144650_0, 0, 32;
    %pushi/vec4 1, 0, 1;
    %store/vec4 v000002271a1437f0_0, 0, 1;
    %pushi/vec4 2, 0, 2;
    %store/vec4 v000002271a143110_0, 0, 2;
    %pushi/vec4 1, 0, 1;
    %store/vec4 v000002271a142350_0, 0, 1;
    %jmp T_29.12;
T_29.3 ;
    %load/vec4 v000002271a142670_0;
    %store/vec4 v000002271a144650_0, 0, 32;
    %load/vec4 v000002271a1443d0_0;
    %cmpi/e 0, 0, 3;
    %jmp/0xz  T_29.13, 4;
    %pushi/vec4 1, 0, 1;
    %store/vec4 v000002271a143610_0, 0, 1;
    %pushi/vec4 2, 0, 2;
    %store/vec4 v000002271a143110_0, 0, 2;
    %pushi/vec4 1, 0, 1;
    %store/vec4 v000002271a142350_0, 0, 1;
    %jmp T_29.14;
T_29.13 ;
    %pushi/vec4 1, 0, 1;
    %store/vec4 v000002271a143250_0, 0, 1;
T_29.14 ;
    %jmp T_29.12;
T_29.4 ;
    %load/vec4 v000002271a1422b0_0;
    %store/vec4 v000002271a144650_0, 0, 32;
    %load/vec4 v000002271a1443d0_0;
    %dup/vec4;
    %pushi/vec4 0, 0, 3;
    %cmp/u;
    %jmp/1 T_29.15, 6;
    %dup/vec4;
    %pushi/vec4 1, 0, 3;
    %cmp/u;
    %jmp/1 T_29.16, 6;
    %dup/vec4;
    %pushi/vec4 4, 0, 3;
    %cmp/u;
    %jmp/1 T_29.17, 6;
    %dup/vec4;
    %pushi/vec4 5, 0, 3;
    %cmp/u;
    %jmp/1 T_29.18, 6;
    %dup/vec4;
    %pushi/vec4 6, 0, 3;
    %cmp/u;
    %jmp/1 T_29.19, 6;
    %dup/vec4;
    %pushi/vec4 7, 0, 3;
    %cmp/u;
    %jmp/1 T_29.20, 6;
    %pushi/vec4 1, 0, 1;
    %store/vec4 v000002271a143250_0, 0, 1;
    %jmp T_29.22;
T_29.15 ;
    %pushi/vec4 1, 0, 1;
    %store/vec4 v000002271a1411d0_0, 0, 1;
    %jmp T_29.22;
T_29.16 ;
    %pushi/vec4 1, 0, 1;
    %store/vec4 v000002271a1411d0_0, 0, 1;
    %jmp T_29.22;
T_29.17 ;
    %pushi/vec4 1, 0, 1;
    %store/vec4 v000002271a1411d0_0, 0, 1;
    %jmp T_29.22;
T_29.18 ;
    %pushi/vec4 1, 0, 1;
    %store/vec4 v000002271a1411d0_0, 0, 1;
    %jmp T_29.22;
T_29.19 ;
    %pushi/vec4 1, 0, 1;
    %store/vec4 v000002271a1411d0_0, 0, 1;
    %jmp T_29.22;
T_29.20 ;
    %pushi/vec4 1, 0, 1;
    %store/vec4 v000002271a1411d0_0, 0, 1;
    %jmp T_29.22;
T_29.22 ;
    %pop/vec4 1;
    %jmp T_29.12;
T_29.5 ;
    %load/vec4 v000002271a142670_0;
    %store/vec4 v000002271a144650_0, 0, 32;
    %load/vec4 v000002271a1443d0_0;
    %dup/vec4;
    %pushi/vec4 0, 0, 3;
    %cmp/u;
    %jmp/1 T_29.23, 6;
    %dup/vec4;
    %pushi/vec4 1, 0, 3;
    %cmp/u;
    %jmp/1 T_29.24, 6;
    %dup/vec4;
    %pushi/vec4 2, 0, 3;
    %cmp/u;
    %jmp/1 T_29.25, 6;
    %dup/vec4;
    %pushi/vec4 4, 0, 3;
    %cmp/u;
    %jmp/1 T_29.26, 6;
    %dup/vec4;
    %pushi/vec4 5, 0, 3;
    %cmp/u;
    %jmp/1 T_29.27, 6;
    %pushi/vec4 1, 0, 1;
    %store/vec4 v000002271a143250_0, 0, 1;
    %jmp T_29.29;
T_29.23 ;
    %pushi/vec4 0, 0, 4;
    %store/vec4 v000002271a1407d0_0, 0, 4;
    %pushi/vec4 1, 0, 1;
    %store/vec4 v000002271a13fb50_0, 0, 1;
    %pushi/vec4 1, 0, 1;
    %store/vec4 v000002271a1432f0_0, 0, 1;
    %pushi/vec4 1, 0, 2;
    %store/vec4 v000002271a143110_0, 0, 2;
    %pushi/vec4 1, 0, 1;
    %store/vec4 v000002271a142350_0, 0, 1;
    %load/vec4 v000002271a1443d0_0;
    %store/vec4 v000002271a143430_0, 0, 3;
    %jmp T_29.29;
T_29.24 ;
    %pushi/vec4 0, 0, 4;
    %store/vec4 v000002271a1407d0_0, 0, 4;
    %pushi/vec4 1, 0, 1;
    %store/vec4 v000002271a13fb50_0, 0, 1;
    %pushi/vec4 1, 0, 1;
    %store/vec4 v000002271a1432f0_0, 0, 1;
    %pushi/vec4 1, 0, 2;
    %store/vec4 v000002271a143110_0, 0, 2;
    %pushi/vec4 1, 0, 1;
    %store/vec4 v000002271a142350_0, 0, 1;
    %load/vec4 v000002271a1443d0_0;
    %store/vec4 v000002271a143430_0, 0, 3;
    %jmp T_29.29;
T_29.25 ;
    %pushi/vec4 0, 0, 4;
    %store/vec4 v000002271a1407d0_0, 0, 4;
    %pushi/vec4 1, 0, 1;
    %store/vec4 v000002271a13fb50_0, 0, 1;
    %pushi/vec4 1, 0, 1;
    %store/vec4 v000002271a1432f0_0, 0, 1;
    %pushi/vec4 1, 0, 2;
    %store/vec4 v000002271a143110_0, 0, 2;
    %pushi/vec4 1, 0, 1;
    %store/vec4 v000002271a142350_0, 0, 1;
    %load/vec4 v000002271a1443d0_0;
    %store/vec4 v000002271a143430_0, 0, 3;
    %jmp T_29.29;
T_29.26 ;
    %pushi/vec4 0, 0, 4;
    %store/vec4 v000002271a1407d0_0, 0, 4;
    %pushi/vec4 1, 0, 1;
    %store/vec4 v000002271a13fb50_0, 0, 1;
    %pushi/vec4 1, 0, 1;
    %store/vec4 v000002271a1432f0_0, 0, 1;
    %pushi/vec4 1, 0, 2;
    %store/vec4 v000002271a143110_0, 0, 2;
    %pushi/vec4 1, 0, 1;
    %store/vec4 v000002271a142350_0, 0, 1;
    %load/vec4 v000002271a1443d0_0;
    %store/vec4 v000002271a143430_0, 0, 3;
    %jmp T_29.29;
T_29.27 ;
    %pushi/vec4 0, 0, 4;
    %store/vec4 v000002271a1407d0_0, 0, 4;
    %pushi/vec4 1, 0, 1;
    %store/vec4 v000002271a13fb50_0, 0, 1;
    %pushi/vec4 1, 0, 1;
    %store/vec4 v000002271a1432f0_0, 0, 1;
    %pushi/vec4 1, 0, 2;
    %store/vec4 v000002271a143110_0, 0, 2;
    %pushi/vec4 1, 0, 1;
    %store/vec4 v000002271a142350_0, 0, 1;
    %load/vec4 v000002271a1443d0_0;
    %store/vec4 v000002271a143430_0, 0, 3;
    %jmp T_29.29;
T_29.29 ;
    %pop/vec4 1;
    %jmp T_29.12;
T_29.6 ;
    %load/vec4 v000002271a143b10_0;
    %store/vec4 v000002271a144650_0, 0, 32;
    %load/vec4 v000002271a1443d0_0;
    %dup/vec4;
    %pushi/vec4 0, 0, 3;
    %cmp/u;
    %jmp/1 T_29.30, 6;
    %dup/vec4;
    %pushi/vec4 1, 0, 3;
    %cmp/u;
    %jmp/1 T_29.31, 6;
    %dup/vec4;
    %pushi/vec4 2, 0, 3;
    %cmp/u;
    %jmp/1 T_29.32, 6;
    %pushi/vec4 1, 0, 1;
    %store/vec4 v000002271a143250_0, 0, 1;
    %jmp T_29.34;
T_29.30 ;
    %pushi/vec4 0, 0, 4;
    %store/vec4 v000002271a1407d0_0, 0, 4;
    %pushi/vec4 1, 0, 1;
    %store/vec4 v000002271a13fb50_0, 0, 1;
    %pushi/vec4 1, 0, 1;
    %store/vec4 v000002271a1445b0_0, 0, 1;
    %load/vec4 v000002271a1443d0_0;
    %store/vec4 v000002271a143430_0, 0, 3;
    %jmp T_29.34;
T_29.31 ;
    %pushi/vec4 0, 0, 4;
    %store/vec4 v000002271a1407d0_0, 0, 4;
    %pushi/vec4 1, 0, 1;
    %store/vec4 v000002271a13fb50_0, 0, 1;
    %pushi/vec4 1, 0, 1;
    %store/vec4 v000002271a1445b0_0, 0, 1;
    %load/vec4 v000002271a1443d0_0;
    %store/vec4 v000002271a143430_0, 0, 3;
    %jmp T_29.34;
T_29.32 ;
    %pushi/vec4 0, 0, 4;
    %store/vec4 v000002271a1407d0_0, 0, 4;
    %pushi/vec4 1, 0, 1;
    %store/vec4 v000002271a13fb50_0, 0, 1;
    %pushi/vec4 1, 0, 1;
    %store/vec4 v000002271a1445b0_0, 0, 1;
    %load/vec4 v000002271a1443d0_0;
    %store/vec4 v000002271a143430_0, 0, 3;
    %jmp T_29.34;
T_29.34 ;
    %pop/vec4 1;
    %jmp T_29.12;
T_29.7 ;
    %load/vec4 v000002271a142670_0;
    %store/vec4 v000002271a144650_0, 0, 32;
    %pushi/vec4 1, 0, 1;
    %store/vec4 v000002271a13fb50_0, 0, 1;
    %pushi/vec4 1, 0, 1;
    %store/vec4 v000002271a142350_0, 0, 1;
    %load/vec4 v000002271a1443d0_0;
    %dup/vec4;
    %pushi/vec4 0, 0, 3;
    %cmp/u;
    %jmp/1 T_29.35, 6;
    %dup/vec4;
    %pushi/vec4 2, 0, 3;
    %cmp/u;
    %jmp/1 T_29.36, 6;
    %dup/vec4;
    %pushi/vec4 3, 0, 3;
    %cmp/u;
    %jmp/1 T_29.37, 6;
    %dup/vec4;
    %pushi/vec4 4, 0, 3;
    %cmp/u;
    %jmp/1 T_29.38, 6;
    %dup/vec4;
    %pushi/vec4 6, 0, 3;
    %cmp/u;
    %jmp/1 T_29.39, 6;
    %dup/vec4;
    %pushi/vec4 7, 0, 3;
    %cmp/u;
    %jmp/1 T_29.40, 6;
    %dup/vec4;
    %pushi/vec4 1, 0, 3;
    %cmp/u;
    %jmp/1 T_29.41, 6;
    %dup/vec4;
    %pushi/vec4 5, 0, 3;
    %cmp/u;
    %jmp/1 T_29.42, 6;
    %pushi/vec4 1, 0, 1;
    %store/vec4 v000002271a143250_0, 0, 1;
    %jmp T_29.44;
T_29.35 ;
    %pushi/vec4 0, 0, 4;
    %store/vec4 v000002271a1407d0_0, 0, 4;
    %jmp T_29.44;
T_29.36 ;
    %pushi/vec4 2, 0, 4;
    %store/vec4 v000002271a1407d0_0, 0, 4;
    %jmp T_29.44;
T_29.37 ;
    %pushi/vec4 3, 0, 4;
    %store/vec4 v000002271a1407d0_0, 0, 4;
    %jmp T_29.44;
T_29.38 ;
    %pushi/vec4 4, 0, 4;
    %store/vec4 v000002271a1407d0_0, 0, 4;
    %jmp T_29.44;
T_29.39 ;
    %pushi/vec4 5, 0, 4;
    %store/vec4 v000002271a1407d0_0, 0, 4;
    %jmp T_29.44;
T_29.40 ;
    %pushi/vec4 6, 0, 4;
    %store/vec4 v000002271a1407d0_0, 0, 4;
    %jmp T_29.44;
T_29.41 ;
    %load/vec4 v000002271a142fd0_0;
    %cmpi/e 0, 0, 7;
    %jmp/0xz  T_29.45, 4;
    %pushi/vec4 7, 0, 4;
    %store/vec4 v000002271a1407d0_0, 0, 4;
    %pushi/vec4 0, 0, 1;
    %store/vec4 v000002271a142ad0_0, 0, 1;
    %jmp T_29.46;
T_29.45 ;
    %pushi/vec4 1, 0, 1;
    %store/vec4 v000002271a143250_0, 0, 1;
T_29.46 ;
    %jmp T_29.44;
T_29.42 ;
    %load/vec4 v000002271a142fd0_0;
    %cmpi/e 0, 0, 7;
    %jmp/1 T_29.49, 4;
    %flag_mov 8, 4;
    %load/vec4 v000002271a142fd0_0;
    %cmpi/e 32, 0, 7;
    %flag_or 4, 8;
T_29.49;
    %jmp/0xz  T_29.47, 4;
    %pushi/vec4 7, 0, 4;
    %store/vec4 v000002271a1407d0_0, 0, 4;
    %pushi/vec4 1, 0, 1;
    %store/vec4 v000002271a142ad0_0, 0, 1;
    %load/vec4 v000002271a1436b0_0;
    %parti/s 1, 30, 6;
    %store/vec4 v000002271a142990_0, 0, 1;
    %jmp T_29.48;
T_29.47 ;
    %pushi/vec4 1, 0, 1;
    %store/vec4 v000002271a143250_0, 0, 1;
T_29.48 ;
    %jmp T_29.44;
T_29.44 ;
    %pop/vec4 1;
    %jmp T_29.12;
T_29.8 ;
    %pushi/vec4 1, 0, 1;
    %store/vec4 v000002271a142350_0, 0, 1;
    %pushi/vec4 0, 0, 1;
    %store/vec4 v000002271a13fb50_0, 0, 1;
    %load/vec4 v000002271a142fd0_0;
    %cmpi/e 1, 0, 7;
    %jmp/0xz  T_29.50, 4;
    %load/vec4 v000002271a1443d0_0;
    %dup/vec4;
    %pushi/vec4 0, 0, 3;
    %cmp/u;
    %jmp/1 T_29.52, 6;
    %dup/vec4;
    %pushi/vec4 1, 0, 3;
    %cmp/u;
    %jmp/1 T_29.53, 6;
    %dup/vec4;
    %pushi/vec4 2, 0, 3;
    %cmp/u;
    %jmp/1 T_29.54, 6;
    %dup/vec4;
    %pushi/vec4 3, 0, 3;
    %cmp/u;
    %jmp/1 T_29.55, 6;
    %dup/vec4;
    %pushi/vec4 4, 0, 3;
    %cmp/u;
    %jmp/1 T_29.56, 6;
    %dup/vec4;
    %pushi/vec4 5, 0, 3;
    %cmp/u;
    %jmp/1 T_29.57, 6;
    %dup/vec4;
    %pushi/vec4 6, 0, 3;
    %cmp/u;
    %jmp/1 T_29.58, 6;
    %dup/vec4;
    %pushi/vec4 7, 0, 3;
    %cmp/u;
    %jmp/1 T_29.59, 6;
    %jmp T_29.60;
T_29.52 ;
    %pushi/vec4 8, 0, 4;
    %store/vec4 v000002271a1407d0_0, 0, 4;
    %jmp T_29.60;
T_29.53 ;
    %pushi/vec4 9, 0, 4;
    %store/vec4 v000002271a1407d0_0, 0, 4;
    %jmp T_29.60;
T_29.54 ;
    %pushi/vec4 10, 0, 4;
    %store/vec4 v000002271a1407d0_0, 0, 4;
    %jmp T_29.60;
T_29.55 ;
    %pushi/vec4 11, 0, 4;
    %store/vec4 v000002271a1407d0_0, 0, 4;
    %jmp T_29.60;
T_29.56 ;
    %pushi/vec4 12, 0, 4;
    %store/vec4 v000002271a1407d0_0, 0, 4;
    %jmp T_29.60;
T_29.57 ;
    %pushi/vec4 13, 0, 4;
    %store/vec4 v000002271a1407d0_0, 0, 4;
    %jmp T_29.60;
T_29.58 ;
    %pushi/vec4 14, 0, 4;
    %store/vec4 v000002271a1407d0_0, 0, 4;
    %jmp T_29.60;
T_29.59 ;
    %pushi/vec4 15, 0, 4;
    %store/vec4 v000002271a1407d0_0, 0, 4;
    %jmp T_29.60;
T_29.60 ;
    %pop/vec4 1;
    %jmp T_29.51;
T_29.50 ;
    %load/vec4 v000002271a1443d0_0;
    %dup/vec4;
    %pushi/vec4 0, 0, 3;
    %cmp/u;
    %jmp/1 T_29.61, 6;
    %dup/vec4;
    %pushi/vec4 1, 0, 3;
    %cmp/u;
    %jmp/1 T_29.62, 6;
    %dup/vec4;
    %pushi/vec4 2, 0, 3;
    %cmp/u;
    %jmp/1 T_29.63, 6;
    %dup/vec4;
    %pushi/vec4 3, 0, 3;
    %cmp/u;
    %jmp/1 T_29.64, 6;
    %dup/vec4;
    %pushi/vec4 4, 0, 3;
    %cmp/u;
    %jmp/1 T_29.65, 6;
    %dup/vec4;
    %pushi/vec4 5, 0, 3;
    %cmp/u;
    %jmp/1 T_29.66, 6;
    %dup/vec4;
    %pushi/vec4 6, 0, 3;
    %cmp/u;
    %jmp/1 T_29.67, 6;
    %dup/vec4;
    %pushi/vec4 7, 0, 3;
    %cmp/u;
    %jmp/1 T_29.68, 6;
    %jmp T_29.69;
T_29.61 ;
    %load/vec4 v000002271a142fd0_0;
    %cmpi/e 0, 0, 7;
    %jmp/0xz  T_29.70, 4;
    %pushi/vec4 0, 0, 4;
    %store/vec4 v000002271a1407d0_0, 0, 4;
    %jmp T_29.71;
T_29.70 ;
    %load/vec4 v000002271a142fd0_0;
    %cmpi/e 32, 0, 7;
    %jmp/0xz  T_29.72, 4;
    %pushi/vec4 1, 0, 4;
    %store/vec4 v000002271a1407d0_0, 0, 4;
    %jmp T_29.73;
T_29.72 ;
    %pushi/vec4 1, 0, 1;
    %store/vec4 v000002271a143250_0, 0, 1;
T_29.73 ;
T_29.71 ;
    %jmp T_29.69;
T_29.62 ;
    %load/vec4 v000002271a142fd0_0;
    %cmpi/e 0, 0, 7;
    %jmp/0xz  T_29.74, 4;
    %pushi/vec4 7, 0, 4;
    %store/vec4 v000002271a1407d0_0, 0, 4;
    %pushi/vec4 0, 0, 1;
    %store/vec4 v000002271a142ad0_0, 0, 1;
    %jmp T_29.75;
T_29.74 ;
    %pushi/vec4 1, 0, 1;
    %store/vec4 v000002271a143250_0, 0, 1;
T_29.75 ;
    %jmp T_29.69;
T_29.63 ;
    %load/vec4 v000002271a142fd0_0;
    %cmpi/e 0, 0, 7;
    %jmp/0xz  T_29.76, 4;
    %pushi/vec4 2, 0, 4;
    %store/vec4 v000002271a1407d0_0, 0, 4;
    %jmp T_29.77;
T_29.76 ;
    %pushi/vec4 1, 0, 1;
    %store/vec4 v000002271a143250_0, 0, 1;
T_29.77 ;
    %jmp T_29.69;
T_29.64 ;
    %load/vec4 v000002271a142fd0_0;
    %cmpi/e 0, 0, 7;
    %jmp/0xz  T_29.78, 4;
    %pushi/vec4 3, 0, 4;
    %store/vec4 v000002271a1407d0_0, 0, 4;
    %jmp T_29.79;
T_29.78 ;
    %pushi/vec4 1, 0, 1;
    %store/vec4 v000002271a143250_0, 0, 1;
T_29.79 ;
    %jmp T_29.69;
T_29.65 ;
    %load/vec4 v000002271a142fd0_0;
    %cmpi/e 0, 0, 7;
    %jmp/0xz  T_29.80, 4;
    %pushi/vec4 4, 0, 4;
    %store/vec4 v000002271a1407d0_0, 0, 4;
    %jmp T_29.81;
T_29.80 ;
    %pushi/vec4 1, 0, 1;
    %store/vec4 v000002271a143250_0, 0, 1;
T_29.81 ;
    %jmp T_29.69;
T_29.66 ;
    %load/vec4 v000002271a142fd0_0;
    %cmpi/e 0, 0, 7;
    %jmp/1 T_29.84, 4;
    %flag_mov 8, 4;
    %load/vec4 v000002271a142fd0_0;
    %cmpi/e 32, 0, 7;
    %flag_or 4, 8;
T_29.84;
    %jmp/0xz  T_29.82, 4;
    %pushi/vec4 7, 0, 4;
    %store/vec4 v000002271a1407d0_0, 0, 4;
    %pushi/vec4 1, 0, 1;
    %store/vec4 v000002271a142ad0_0, 0, 1;
    %load/vec4 v000002271a142fd0_0;
    %parti/s 1, 5, 4;
    %store/vec4 v000002271a142990_0, 0, 1;
    %jmp T_29.83;
T_29.82 ;
    %pushi/vec4 1, 0, 1;
    %store/vec4 v000002271a143250_0, 0, 1;
T_29.83 ;
    %jmp T_29.69;
T_29.67 ;
    %load/vec4 v000002271a142fd0_0;
    %cmpi/e 0, 0, 7;
    %jmp/0xz  T_29.85, 4;
    %pushi/vec4 5, 0, 4;
    %store/vec4 v000002271a1407d0_0, 0, 4;
    %jmp T_29.86;
T_29.85 ;
    %pushi/vec4 1, 0, 1;
    %store/vec4 v000002271a143250_0, 0, 1;
T_29.86 ;
    %jmp T_29.69;
T_29.68 ;
    %load/vec4 v000002271a142fd0_0;
    %cmpi/e 0, 0, 7;
    %jmp/0xz  T_29.87, 4;
    %pushi/vec4 6, 0, 4;
    %store/vec4 v000002271a1407d0_0, 0, 4;
    %jmp T_29.88;
T_29.87 ;
    %pushi/vec4 1, 0, 1;
    %store/vec4 v000002271a143250_0, 0, 1;
T_29.88 ;
    %jmp T_29.69;
T_29.69 ;
    %pop/vec4 1;
T_29.51 ;
    %jmp T_29.12;
T_29.9 ;
    %load/vec4 v000002271a1443d0_0;
    %dup/vec4;
    %pushi/vec4 0, 0, 3;
    %cmp/u;
    %jmp/1 T_29.89, 6;
    %dup/vec4;
    %pushi/vec4 1, 0, 3;
    %cmp/u;
    %jmp/1 T_29.90, 6;
    %pushi/vec4 1, 0, 1;
    %store/vec4 v000002271a143250_0, 0, 1;
    %jmp T_29.92;
T_29.89 ;
    %jmp T_29.92;
T_29.90 ;
    %pushi/vec4 1, 0, 1;
    %store/vec4 v000002271a143250_0, 0, 1;
    %jmp T_29.92;
T_29.92 ;
    %pop/vec4 1;
    %jmp T_29.12;
T_29.10 ;
    %load/vec4 v000002271a1443d0_0;
    %dup/vec4;
    %pushi/vec4 1, 0, 3;
    %cmp/u;
    %jmp/1 T_29.93, 6;
    %dup/vec4;
    %pushi/vec4 5, 0, 3;
    %cmp/u;
    %jmp/1 T_29.94, 6;
    %dup/vec4;
    %pushi/vec4 2, 0, 3;
    %cmp/u;
    %jmp/1 T_29.95, 6;
    %dup/vec4;
    %pushi/vec4 6, 0, 3;
    %cmp/u;
    %jmp/1 T_29.96, 6;
    %dup/vec4;
    %pushi/vec4 3, 0, 3;
    %cmp/u;
    %jmp/1 T_29.97, 6;
    %dup/vec4;
    %pushi/vec4 7, 0, 3;
    %cmp/u;
    %jmp/1 T_29.98, 6;
    %load/vec4 v000002271a1436b0_0;
    %parti/s 12, 20, 6;
    %cmpi/e 0, 0, 12;
    %flag_get/vec4 4;
    %jmp/0 T_29.104, 4;
    %load/vec4 v000002271a143d90_0;
    %pushi/vec4 0, 0, 5;
    %cmp/e;
    %flag_get/vec4 4;
    %and;
T_29.104;
    %flag_set/vec4 9;
    %flag_get/vec4 9;
    %jmp/0 T_29.103, 9;
    %load/vec4 v000002271a143890_0;
    %pushi/vec4 0, 0, 5;
    %cmp/e;
    %flag_get/vec4 4;
    %and;
T_29.103;
    %flag_set/vec4 8;
    %jmp/0xz  T_29.101, 8;
    %pushi/vec4 1, 0, 1;
    %store/vec4 v000002271a143bb0_0, 0, 1;
    %jmp T_29.102;
T_29.101 ;
    %load/vec4 v000002271a1436b0_0;
    %parti/s 12, 20, 6;
    %cmpi/e 1, 0, 12;
    %flag_get/vec4 4;
    %jmp/0 T_29.108, 4;
    %load/vec4 v000002271a143d90_0;
    %pushi/vec4 0, 0, 5;
    %cmp/e;
    %flag_get/vec4 4;
    %and;
T_29.108;
    %flag_set/vec4 9;
    %flag_get/vec4 9;
    %jmp/0 T_29.107, 9;
    %load/vec4 v000002271a143890_0;
    %pushi/vec4 0, 0, 5;
    %cmp/e;
    %flag_get/vec4 4;
    %and;
T_29.107;
    %flag_set/vec4 8;
    %jmp/0xz  T_29.105, 8;
    %pushi/vec4 1, 0, 1;
    %store/vec4 v000002271a143f70_0, 0, 1;
    %jmp T_29.106;
T_29.105 ;
    %load/vec4 v000002271a1436b0_0;
    %parti/s 12, 20, 6;
    %cmpi/e 770, 0, 12;
    %flag_get/vec4 4;
    %jmp/0 T_29.113, 4;
    %load/vec4 v000002271a143d90_0;
    %pushi/vec4 0, 0, 5;
    %cmp/e;
    %flag_get/vec4 4;
    %and;
T_29.113;
    %flag_set/vec4 10;
    %flag_get/vec4 10;
    %jmp/0 T_29.112, 10;
    %load/vec4 v000002271a143890_0;
    %pushi/vec4 0, 0, 5;
    %cmp/e;
    %flag_get/vec4 4;
    %and;
T_29.112;
    %flag_set/vec4 9;
    %flag_get/vec4 9;
    %jmp/0 T_29.111, 9;
    %load/vec4 v000002271a141db0_0;
    %pushi/vec4 3, 0, 2;
    %cmp/e;
    %flag_get/vec4 4;
    %and;
T_29.111;
    %flag_set/vec4 8;
    %jmp/0xz  T_29.109, 8;
    %pushi/vec4 1, 0, 1;
    %store/vec4 v000002271a142710_0, 0, 1;
    %jmp T_29.110;
T_29.109 ;
    %pushi/vec4 1, 0, 1;
    %store/vec4 v000002271a143250_0, 0, 1;
T_29.110 ;
T_29.106 ;
T_29.102 ;
    %jmp T_29.100;
T_29.93 ;
    %load/vec4 v000002271a13fdd0_0;
    %flag_set/vec4 10;
    %flag_get/vec4 10;
    %jmp/0 T_29.117, 10;
    %load/vec4 v000002271a140ff0_0;
    %and;
T_29.117;
    %flag_set/vec4 9;
    %flag_get/vec4 9;
    %jmp/0 T_29.116, 9;
    %load/vec4 v000002271a13ffb0_0;
    %flag_set/vec4 9;
    %flag_get/vec4 9;
    %jmp/0 T_29.118, 9;
    %load/vec4 v000002271a141450_0;
    %and;
T_29.118;
    %nor/r;
    %and;
T_29.116;
    %flag_set/vec4 8;
    %jmp/0xz  T_29.114, 8;
    %pushi/vec4 1, 0, 1;
    %store/vec4 v000002271a140f50_0, 0, 1;
    %load/vec4 v000002271a13ff10_0;
    %store/vec4 v000002271a141270_0, 0, 1;
    %pushi/vec4 1, 0, 3;
    %store/vec4 v000002271a141c70_0, 0, 3;
    %pushi/vec4 1, 0, 1;
    %store/vec4 v000002271a142350_0, 0, 1;
    %jmp T_29.115;
T_29.114 ;
    %pushi/vec4 1, 0, 1;
    %store/vec4 v000002271a143250_0, 0, 1;
T_29.115 ;
    %jmp T_29.100;
T_29.94 ;
    %load/vec4 v000002271a13fdd0_0;
    %flag_set/vec4 10;
    %flag_get/vec4 10;
    %jmp/0 T_29.122, 10;
    %load/vec4 v000002271a140ff0_0;
    %and;
T_29.122;
    %flag_set/vec4 9;
    %flag_get/vec4 9;
    %jmp/0 T_29.121, 9;
    %load/vec4 v000002271a13ffb0_0;
    %flag_set/vec4 9;
    %flag_get/vec4 9;
    %jmp/0 T_29.123, 9;
    %load/vec4 v000002271a141450_0;
    %and;
T_29.123;
    %nor/r;
    %and;
T_29.121;
    %flag_set/vec4 8;
    %jmp/0xz  T_29.119, 8;
    %pushi/vec4 1, 0, 1;
    %store/vec4 v000002271a140f50_0, 0, 1;
    %load/vec4 v000002271a13ff10_0;
    %store/vec4 v000002271a141270_0, 0, 1;
    %pushi/vec4 1, 0, 3;
    %store/vec4 v000002271a141c70_0, 0, 3;
    %pushi/vec4 1, 0, 1;
    %store/vec4 v000002271a142350_0, 0, 1;
    %jmp T_29.120;
T_29.119 ;
    %pushi/vec4 1, 0, 1;
    %store/vec4 v000002271a143250_0, 0, 1;
T_29.120 ;
    %jmp T_29.100;
T_29.95 ;
    %load/vec4 v000002271a13fdd0_0;
    %flag_set/vec4 10;
    %flag_get/vec4 10;
    %jmp/0 T_29.127, 10;
    %load/vec4 v000002271a140ff0_0;
    %and;
T_29.127;
    %flag_set/vec4 9;
    %flag_get/vec4 9;
    %jmp/0 T_29.126, 9;
    %load/vec4 v000002271a13ffb0_0;
    %flag_set/vec4 9;
    %flag_get/vec4 9;
    %jmp/0 T_29.128, 9;
    %load/vec4 v000002271a141450_0;
    %and;
T_29.128;
    %nor/r;
    %and;
T_29.126;
    %flag_set/vec4 8;
    %jmp/0xz  T_29.124, 8;
    %pushi/vec4 1, 0, 1;
    %store/vec4 v000002271a140f50_0, 0, 1;
    %load/vec4 v000002271a13ff10_0;
    %store/vec4 v000002271a141270_0, 0, 1;
    %pushi/vec4 2, 0, 3;
    %store/vec4 v000002271a141c70_0, 0, 3;
    %pushi/vec4 1, 0, 1;
    %store/vec4 v000002271a142350_0, 0, 1;
    %jmp T_29.125;
T_29.124 ;
    %pushi/vec4 1, 0, 1;
    %store/vec4 v000002271a143250_0, 0, 1;
T_29.125 ;
    %jmp T_29.100;
T_29.96 ;
    %load/vec4 v000002271a13fdd0_0;
    %flag_set/vec4 10;
    %flag_get/vec4 10;
    %jmp/0 T_29.132, 10;
    %load/vec4 v000002271a140ff0_0;
    %and;
T_29.132;
    %flag_set/vec4 9;
    %flag_get/vec4 9;
    %jmp/0 T_29.131, 9;
    %load/vec4 v000002271a13ffb0_0;
    %flag_set/vec4 9;
    %flag_get/vec4 9;
    %jmp/0 T_29.133, 9;
    %load/vec4 v000002271a141450_0;
    %and;
T_29.133;
    %nor/r;
    %and;
T_29.131;
    %flag_set/vec4 8;
    %jmp/0xz  T_29.129, 8;
    %pushi/vec4 1, 0, 1;
    %store/vec4 v000002271a140f50_0, 0, 1;
    %load/vec4 v000002271a13ff10_0;
    %store/vec4 v000002271a141270_0, 0, 1;
    %pushi/vec4 2, 0, 3;
    %store/vec4 v000002271a141c70_0, 0, 3;
    %pushi/vec4 1, 0, 1;
    %store/vec4 v000002271a142350_0, 0, 1;
    %jmp T_29.130;
T_29.129 ;
    %pushi/vec4 1, 0, 1;
    %store/vec4 v000002271a143250_0, 0, 1;
T_29.130 ;
    %jmp T_29.100;
T_29.97 ;
    %load/vec4 v000002271a13fdd0_0;
    %flag_set/vec4 10;
    %flag_get/vec4 10;
    %jmp/0 T_29.137, 10;
    %load/vec4 v000002271a140ff0_0;
    %and;
T_29.137;
    %flag_set/vec4 9;
    %flag_get/vec4 9;
    %jmp/0 T_29.136, 9;
    %load/vec4 v000002271a13ffb0_0;
    %flag_set/vec4 9;
    %flag_get/vec4 9;
    %jmp/0 T_29.138, 9;
    %load/vec4 v000002271a141450_0;
    %and;
T_29.138;
    %nor/r;
    %and;
T_29.136;
    %flag_set/vec4 8;
    %jmp/0xz  T_29.134, 8;
    %pushi/vec4 1, 0, 1;
    %store/vec4 v000002271a140f50_0, 0, 1;
    %load/vec4 v000002271a13ff10_0;
    %store/vec4 v000002271a141270_0, 0, 1;
    %pushi/vec4 3, 0, 3;
    %store/vec4 v000002271a141c70_0, 0, 3;
    %pushi/vec4 1, 0, 1;
    %store/vec4 v000002271a142350_0, 0, 1;
    %jmp T_29.135;
T_29.134 ;
    %pushi/vec4 1, 0, 1;
    %store/vec4 v000002271a143250_0, 0, 1;
T_29.135 ;
    %jmp T_29.100;
T_29.98 ;
    %load/vec4 v000002271a13fdd0_0;
    %flag_set/vec4 10;
    %flag_get/vec4 10;
    %jmp/0 T_29.142, 10;
    %load/vec4 v000002271a140ff0_0;
    %and;
T_29.142;
    %flag_set/vec4 9;
    %flag_get/vec4 9;
    %jmp/0 T_29.141, 9;
    %load/vec4 v000002271a13ffb0_0;
    %flag_set/vec4 9;
    %flag_get/vec4 9;
    %jmp/0 T_29.143, 9;
    %load/vec4 v000002271a141450_0;
    %and;
T_29.143;
    %nor/r;
    %and;
T_29.141;
    %flag_set/vec4 8;
    %jmp/0xz  T_29.139, 8;
    %pushi/vec4 1, 0, 1;
    %store/vec4 v000002271a140f50_0, 0, 1;
    %load/vec4 v000002271a13ff10_0;
    %store/vec4 v000002271a141270_0, 0, 1;
    %pushi/vec4 3, 0, 3;
    %store/vec4 v000002271a141c70_0, 0, 3;
    %pushi/vec4 1, 0, 1;
    %store/vec4 v000002271a142350_0, 0, 1;
    %jmp T_29.140;
T_29.139 ;
    %pushi/vec4 1, 0, 1;
    %store/vec4 v000002271a143250_0, 0, 1;
T_29.140 ;
    %jmp T_29.100;
T_29.100 ;
    %pop/vec4 1;
    %jmp T_29.12;
T_29.12 ;
    %pop/vec4 1;
    %load/vec4 v000002271a143250_0;
    %flag_set/vec4 8;
    %jmp/0xz  T_29.144, 8;
    %pushi/vec4 0, 0, 32;
    %store/vec4 v000002271a144650_0, 0, 32;
    %pushi/vec4 0, 0, 4;
    %store/vec4 v000002271a1407d0_0, 0, 4;
    %pushi/vec4 0, 0, 1;
    %store/vec4 v000002271a13fb50_0, 0, 1;
    %pushi/vec4 0, 0, 1;
    %store/vec4 v000002271a1411d0_0, 0, 1;
    %pushi/vec4 0, 0, 1;
    %store/vec4 v000002271a1437f0_0, 0, 1;
    %pushi/vec4 0, 0, 1;
    %store/vec4 v000002271a143610_0, 0, 1;
    %pushi/vec4 0, 0, 1;
    %store/vec4 v000002271a1432f0_0, 0, 1;
    %pushi/vec4 0, 0, 1;
    %store/vec4 v000002271a1445b0_0, 0, 1;
    %pushi/vec4 0, 0, 2;
    %store/vec4 v000002271a143110_0, 0, 2;
    %pushi/vec4 0, 0, 1;
    %store/vec4 v000002271a142350_0, 0, 1;
    %pushi/vec4 0, 0, 1;
    %store/vec4 v000002271a142ad0_0, 0, 1;
    %pushi/vec4 0, 0, 1;
    %store/vec4 v000002271a142990_0, 0, 1;
    %pushi/vec4 0, 0, 1;
    %store/vec4 v000002271a142df0_0, 0, 1;
    %pushi/vec4 0, 0, 1;
    %store/vec4 v000002271a144150_0, 0, 1;
    %pushi/vec4 2, 0, 3;
    %store/vec4 v000002271a143430_0, 0, 3;
    %pushi/vec4 0, 0, 1;
    %store/vec4 v000002271a140f50_0, 0, 1;
    %pushi/vec4 0, 0, 3;
    %store/vec4 v000002271a141c70_0, 0, 3;
    %pushi/vec4 0, 0, 1;
    %store/vec4 v000002271a141270_0, 0, 1;
    %pushi/vec4 0, 0, 1;
    %store/vec4 v000002271a143bb0_0, 0, 1;
    %pushi/vec4 0, 0, 1;
    %store/vec4 v000002271a143f70_0, 0, 1;
    %pushi/vec4 0, 0, 1;
    %store/vec4 v000002271a142710_0, 0, 1;
T_29.144 ;
    %jmp T_29;
    .thread T_29, $push;
    .scope S_000002271a0df950;
T_30 ;
    %wait E_000002271a065830;
    %load/vec4 v000002271a03f9b0_0;
    %nor/r;
    %flag_set/vec4 8;
    %jmp/0xz  T_30.0, 8;
    %pushi/vec4 0, 0, 32;
    %store/vec4 v000002271a040090_0, 0, 32;
T_30.2 ;
    %load/vec4 v000002271a040090_0;
    %pad/s 40;
    %cmpi/s 256, 0, 40;
    %jmp/0xz T_30.3, 5;
    %pushi/vec4 1, 0, 2;
    %ix/getv/s 3, v000002271a040090_0;
    %ix/load 4, 0, 0; Constant delay
    %assign/vec4/a/d v000002271a041b70, 0, 4;
    %load/vec4 v000002271a040090_0;
    %addi 1, 0, 32;
    %store/vec4 v000002271a040090_0, 0, 32;
    %jmp T_30.2;
T_30.3 ;
    %jmp T_30.1;
T_30.0 ;
    %load/vec4 v000002271a03ff50_0;
    %flag_set/vec4 8;
    %jmp/0xz  T_30.4, 8;
    %load/vec4 v000002271a040950_0;
    %pad/u 10;
    %ix/vec4 4;
    %load/vec4a v000002271a041b70, 4;
    %dup/vec4;
    %pushi/vec4 0, 0, 2;
    %cmp/u;
    %jmp/1 T_30.6, 6;
    %dup/vec4;
    %pushi/vec4 1, 0, 2;
    %cmp/u;
    %jmp/1 T_30.7, 6;
    %dup/vec4;
    %pushi/vec4 2, 0, 2;
    %cmp/u;
    %jmp/1 T_30.8, 6;
    %dup/vec4;
    %pushi/vec4 3, 0, 2;
    %cmp/u;
    %jmp/1 T_30.9, 6;
    %pushi/vec4 1, 0, 2;
    %load/vec4 v000002271a040950_0;
    %pad/u 10;
    %ix/vec4 3;
    %ix/load 4, 0, 0; Constant delay
    %assign/vec4/a/d v000002271a041b70, 0, 4;
    %jmp T_30.11;
T_30.6 ;
    %load/vec4 v000002271a040db0_0;
    %flag_set/vec4 8;
    %jmp/0 T_30.12, 8;
    %pushi/vec4 1, 0, 2;
    %jmp/1 T_30.13, 8;
T_30.12 ; End of true expr.
    %pushi/vec4 0, 0, 2;
    %jmp/0 T_30.13, 8;
 ; End of false expr.
    %blend;
T_30.13;
    %load/vec4 v000002271a040950_0;
    %pad/u 10;
    %ix/vec4 3;
    %ix/load 4, 0, 0; Constant delay
    %assign/vec4/a/d v000002271a041b70, 0, 4;
    %jmp T_30.11;
T_30.7 ;
    %load/vec4 v000002271a040db0_0;
    %flag_set/vec4 8;
    %jmp/0 T_30.14, 8;
    %pushi/vec4 2, 0, 2;
    %jmp/1 T_30.15, 8;
T_30.14 ; End of true expr.
    %pushi/vec4 0, 0, 2;
    %jmp/0 T_30.15, 8;
 ; End of false expr.
    %blend;
T_30.15;
    %load/vec4 v000002271a040950_0;
    %pad/u 10;
    %ix/vec4 3;
    %ix/load 4, 0, 0; Constant delay
    %assign/vec4/a/d v000002271a041b70, 0, 4;
    %jmp T_30.11;
T_30.8 ;
    %load/vec4 v000002271a040db0_0;
    %flag_set/vec4 8;
    %jmp/0 T_30.16, 8;
    %pushi/vec4 3, 0, 2;
    %jmp/1 T_30.17, 8;
T_30.16 ; End of true expr.
    %pushi/vec4 1, 0, 2;
    %jmp/0 T_30.17, 8;
 ; End of false expr.
    %blend;
T_30.17;
    %load/vec4 v000002271a040950_0;
    %pad/u 10;
    %ix/vec4 3;
    %ix/load 4, 0, 0; Constant delay
    %assign/vec4/a/d v000002271a041b70, 0, 4;
    %jmp T_30.11;
T_30.9 ;
    %load/vec4 v000002271a040db0_0;
    %flag_set/vec4 8;
    %jmp/0 T_30.18, 8;
    %pushi/vec4 3, 0, 2;
    %jmp/1 T_30.19, 8;
T_30.18 ; End of true expr.
    %pushi/vec4 2, 0, 2;
    %jmp/0 T_30.19, 8;
 ; End of false expr.
    %blend;
T_30.19;
    %load/vec4 v000002271a040950_0;
    %pad/u 10;
    %ix/vec4 3;
    %ix/load 4, 0, 0; Constant delay
    %assign/vec4/a/d v000002271a041b70, 0, 4;
    %jmp T_30.11;
T_30.11 ;
    %pop/vec4 1;
T_30.4 ;
T_30.1 ;
    %jmp T_30;
    .thread T_30;
    .scope S_00000227190027b0;
T_31 ;
    %wait E_000002271a065830;
    %load/vec4 v000002271a13c8b0_0;
    %nor/r;
    %flag_set/vec4 8;
    %jmp/0xz  T_31.0, 8;
    %pushi/vec4 0, 0, 32;
    %assign/vec4 v000002271a13ca90_0, 0;
    %pushi/vec4 0, 0, 32;
    %assign/vec4 v000002271a13cb30_0, 0;
    %pushi/vec4 0, 0, 32;
    %assign/vec4 v000002271a13c810_0, 0;
    %pushi/vec4 0, 0, 32;
    %assign/vec4 v000002271a13b9b0_0, 0;
    %pushi/vec4 0, 0, 5;
    %assign/vec4 v000002271a13b730_0, 0;
    %pushi/vec4 0, 0, 5;
    %assign/vec4 v000002271a13ab50_0, 0;
    %pushi/vec4 0, 0, 5;
    %assign/vec4 v000002271a13cc70_0, 0;
    %pushi/vec4 0, 0, 4;
    %assign/vec4 v000002271a147030_0, 0;
    %pushi/vec4 0, 0, 1;
    %assign/vec4 v000002271a147710_0, 0;
    %pushi/vec4 0, 0, 1;
    %assign/vec4 v000002271a147b70_0, 0;
    %pushi/vec4 0, 0, 1;
    %assign/vec4 v000002271a13b230_0, 0;
    %pushi/vec4 0, 0, 1;
    %assign/vec4 v000002271a13c090_0, 0;
    %pushi/vec4 0, 0, 1;
    %assign/vec4 v000002271a13c770_0, 0;
    %pushi/vec4 0, 0, 1;
    %assign/vec4 v000002271a13c9f0_0, 0;
    %pushi/vec4 0, 0, 2;
    %assign/vec4 v000002271a13a8d0_0, 0;
    %pushi/vec4 0, 0, 1;
    %assign/vec4 v000002271a13b4b0_0, 0;
    %pushi/vec4 0, 0, 3;
    %assign/vec4 v000002271a1470d0_0, 0;
    %pushi/vec4 0, 0, 1;
    %assign/vec4 v000002271a13a6f0_0, 0;
    %pushi/vec4 0, 0, 1;
    %assign/vec4 v000002271a13cdb0_0, 0;
    %pushi/vec4 0, 0, 1;
    %assign/vec4 v000002271a13abf0_0, 0;
    %pushi/vec4 0, 0, 1;
    %assign/vec4 v000002271a13b550_0, 0;
    %pushi/vec4 0, 0, 1;
    %assign/vec4 v000002271a13c270_0, 0;
    %pushi/vec4 0, 0, 1;
    %assign/vec4 v000002271a147350_0, 0;
    %pushi/vec4 0, 0, 3;
    %assign/vec4 v000002271a147990_0, 0;
    %pushi/vec4 0, 0, 12;
    %assign/vec4 v000002271a147210_0, 0;
    %pushi/vec4 0, 0, 1;
    %assign/vec4 v000002271a147530_0, 0;
    %pushi/vec4 0, 0, 1;
    %assign/vec4 v000002271a146ef0_0, 0;
    %pushi/vec4 0, 0, 1;
    %assign/vec4 v000002271a13c3b0_0, 0;
    %pushi/vec4 0, 0, 1;
    %assign/vec4 v000002271a13b2d0_0, 0;
    %pushi/vec4 2, 0, 3;
    %assign/vec4 v000002271a13b0f0_0, 0;
    %pushi/vec4 0, 0, 1;
    %assign/vec4 v000002271a13c6d0_0, 0;
    %pushi/vec4 0, 0, 32;
    %assign/vec4 v000002271a13bcd0_0, 0;
    %pushi/vec4 0, 0, 1;
    %assign/vec4 v000002271a13b7d0_0, 0;
    %pushi/vec4 0, 0, 32;
    %assign/vec4 v000002271a13aab0_0, 0;
    %pushi/vec4 0, 0, 5;
    %assign/vec4 v000002271a13b190_0, 0;
    %pushi/vec4 0, 0, 1;
    %assign/vec4 v000002271a13b690_0, 0;
    %pushi/vec4 0, 0, 1;
    %assign/vec4 v000002271a13b050_0, 0;
    %pushi/vec4 0, 0, 1;
    %assign/vec4 v000002271a13cd10_0, 0;
    %pushi/vec4 0, 0, 1;
    %assign/vec4 v000002271a13c4f0_0, 0;
    %jmp T_31.1;
T_31.0 ;
    %load/vec4 v000002271a13c450_0;
    %assign/vec4 v000002271a13ca90_0, 0;
    %load/vec4 v000002271a13bb90_0;
    %assign/vec4 v000002271a13cb30_0, 0;
    %load/vec4 v000002271a13b870_0;
    %assign/vec4 v000002271a13c810_0, 0;
    %load/vec4 v000002271a13b410_0;
    %assign/vec4 v000002271a13b9b0_0, 0;
    %load/vec4 v000002271a13c1d0_0;
    %assign/vec4 v000002271a13b730_0, 0;
    %load/vec4 v000002271a13bd70_0;
    %assign/vec4 v000002271a13ab50_0, 0;
    %load/vec4 v000002271a13c130_0;
    %assign/vec4 v000002271a13cc70_0, 0;
    %load/vec4 v000002271a147d50_0;
    %assign/vec4 v000002271a147030_0, 0;
    %load/vec4 v000002271a147170_0;
    %assign/vec4 v000002271a147710_0, 0;
    %load/vec4 v000002271a147850_0;
    %assign/vec4 v000002271a147b70_0, 0;
    %load/vec4 v000002271a13ae70_0;
    %assign/vec4 v000002271a13b230_0, 0;
    %load/vec4 v000002271a13c590_0;
    %assign/vec4 v000002271a13c090_0, 0;
    %load/vec4 v000002271a13a790_0;
    %assign/vec4 v000002271a13c770_0, 0;
    %load/vec4 v000002271a13c310_0;
    %assign/vec4 v000002271a13c9f0_0, 0;
    %load/vec4 v000002271a13afb0_0;
    %assign/vec4 v000002271a13a8d0_0, 0;
    %load/vec4 v000002271a13bc30_0;
    %assign/vec4 v000002271a13b4b0_0, 0;
    %load/vec4 v000002271a1477b0_0;
    %assign/vec4 v000002271a1470d0_0, 0;
    %load/vec4 v000002271a13ba50_0;
    %assign/vec4 v000002271a13a6f0_0, 0;
    %load/vec4 v000002271a13cbd0_0;
    %assign/vec4 v000002271a13cdb0_0, 0;
    %load/vec4 v000002271a13c950_0;
    %assign/vec4 v000002271a13abf0_0, 0;
    %load/vec4 v000002271a13a830_0;
    %assign/vec4 v000002271a13b550_0, 0;
    %load/vec4 v000002271a13beb0_0;
    %assign/vec4 v000002271a13c270_0, 0;
    %load/vec4 v000002271a147cb0_0;
    %assign/vec4 v000002271a147350_0, 0;
    %load/vec4 v000002271a147c10_0;
    %assign/vec4 v000002271a147990_0, 0;
    %load/vec4 v000002271a147a30_0;
    %assign/vec4 v000002271a147210_0, 0;
    %load/vec4 v000002271a147490_0;
    %assign/vec4 v000002271a147530_0, 0;
    %load/vec4 v000002271a1472b0_0;
    %assign/vec4 v000002271a146ef0_0, 0;
    %load/vec4 v000002271a13bff0_0;
    %assign/vec4 v000002271a13c3b0_0, 0;
    %load/vec4 v000002271a139bb0_0;
    %assign/vec4 v000002271a13b2d0_0, 0;
    %load/vec4 v000002271a13af10_0;
    %assign/vec4 v000002271a13b0f0_0, 0;
    %load/vec4 v000002271a13b5f0_0;
    %assign/vec4 v000002271a13c6d0_0, 0;
    %load/vec4 v000002271a13c630_0;
    %assign/vec4 v000002271a13bcd0_0, 0;
    %load/vec4 v000002271a13b370_0;
    %flag_set/vec4 8;
    %jmp/0xz  T_31.2, 8;
    %load/vec4 v000002271a13cd10_0;
    %inv;
    %assign/vec4 v000002271a13cd10_0, 0;
T_31.2 ;
    %load/vec4 v000002271a139610_0;
    %flag_set/vec4 8;
    %jmp/0xz  T_31.4, 8;
    %pushi/vec4 0, 0, 1;
    %assign/vec4 v000002271a13b7d0_0, 0;
    %pushi/vec4 0, 0, 32;
    %assign/vec4 v000002271a13aab0_0, 0;
    %pushi/vec4 0, 0, 5;
    %assign/vec4 v000002271a13b190_0, 0;
    %pushi/vec4 0, 0, 1;
    %assign/vec4 v000002271a13b690_0, 0;
    %pushi/vec4 0, 0, 1;
    %assign/vec4 v000002271a13b050_0, 0;
    %jmp T_31.5;
T_31.4 ;
    %load/vec4 v000002271a13ce50_0;
    %nor/r;
    %flag_set/vec4 10;
    %flag_get/vec4 10;
    %jmp/0 T_31.9, 10;
    %load/vec4 v000002271a1399d0_0;
    %and;
T_31.9;
    %flag_set/vec4 9;
    %flag_get/vec4 9;
    %jmp/0 T_31.8, 9;
    %load/vec4 v000002271a1473f0_0;
    %nor/r;
    %and;
T_31.8;
    %flag_set/vec4 8;
    %jmp/0xz  T_31.6, 8;
    %pushi/vec4 1, 0, 1;
    %assign/vec4 v000002271a13b7d0_0, 0;
    %load/vec4 v000002271a1380d0_0;
    %assign/vec4 v000002271a13aab0_0, 0;
    %load/vec4 v000002271a138f30_0;
    %assign/vec4 v000002271a13b190_0, 0;
    %load/vec4 v000002271a139890_0;
    %assign/vec4 v000002271a13b690_0, 0;
    %load/vec4 v000002271a138df0_0;
    %flag_set/vec4 8;
    %jmp/1 T_31.11, 8;
    %load/vec4 v000002271a13a510_0;
    %flag_set/vec4 9;
    %flag_or 8, 9;
T_31.11;
    %flag_get/vec4 8;
    %jmp/1 T_31.10, 8;
    %load/vec4 v000002271a138710_0;
    %or;
T_31.10;
    %nor/r;
    %assign/vec4 v000002271a13b050_0, 0;
    %load/vec4 v000002271a13cd10_0;
    %assign/vec4 v000002271a13c4f0_0, 0;
T_31.6 ;
T_31.5 ;
T_31.1 ;
    %jmp T_31;
    .thread T_31;
    .scope S_000002271a0deb40;
T_32 ;
    %wait E_000002271a065830;
    %load/vec4 v0000022719623850_0;
    %nor/r;
    %flag_set/vec4 8;
    %jmp/0xz  T_32.0, 8;
    %pushi/vec4 0, 0, 1;
    %assign/vec4 v0000022719626550_0, 0;
    %pushi/vec4 0, 0, 1;
    %assign/vec4 v0000022719622ef0_0, 0;
    %pushi/vec4 0, 0, 32;
    %assign/vec4 v00000227196241b0_0, 0;
    %pushi/vec4 0, 0, 64;
    %assign/vec4 v0000022719625ab0_0, 0;
    %pushi/vec4 0, 0, 64;
    %assign/vec4 v00000227196238f0_0, 0;
    %pushi/vec4 0, 0, 32;
    %assign/vec4 v0000022719623ad0_0, 0;
    %pushi/vec4 0, 0, 1;
    %assign/vec4 v0000022719622950_0, 0;
    %pushi/vec4 0, 0, 1;
    %assign/vec4 v0000022719623490_0, 0;
    %pushi/vec4 0, 0, 6;
    %assign/vec4 v00000227196246b0_0, 0;
    %jmp T_32.1;
T_32.0 ;
    %pushi/vec4 0, 0, 1;
    %assign/vec4 v0000022719622ef0_0, 0;
    %load/vec4 v0000022719624d90_0;
    %flag_set/vec4 9;
    %flag_get/vec4 9;
    %jmp/0 T_32.4, 9;
    %load/vec4 v0000022719626550_0;
    %nor/r;
    %and;
T_32.4;
    %flag_set/vec4 8;
    %jmp/0xz  T_32.2, 8;
    %pushi/vec4 1, 0, 1;
    %assign/vec4 v0000022719626550_0, 0;
    %pushi/vec4 0, 0, 64;
    %assign/vec4 v0000022719625ab0_0, 0;
    %pushi/vec4 0, 0, 32;
    %load/vec4 v0000022719625330_0;
    %concat/vec4; draw_concat_vec4
    %assign/vec4 v00000227196238f0_0, 0;
    %load/vec4 v00000227196264b0_0;
    %assign/vec4 v0000022719623ad0_0, 0;
    %load/vec4 v0000022719623b70_0;
    %assign/vec4 v0000022719622950_0, 0;
    %load/vec4 v0000022719622c70_0;
    %assign/vec4 v0000022719623490_0, 0;
    %pushi/vec4 0, 0, 6;
    %assign/vec4 v00000227196246b0_0, 0;
    %jmp T_32.3;
T_32.2 ;
    %load/vec4 v0000022719626550_0;
    %flag_set/vec4 8;
    %jmp/0xz  T_32.5, 8;
    %load/vec4 v0000022719625ab0_0;
    %store/vec4 v0000022719625470_0, 0, 64;
    %load/vec4 v0000022719623ad0_0;
    %parti/s 1, 0, 2;
    %flag_set/vec4 8;
    %jmp/0xz  T_32.7, 8;
    %load/vec4 v0000022719625ab0_0;
    %load/vec4 v00000227196238f0_0;
    %add;
    %store/vec4 v0000022719625470_0, 0, 64;
T_32.7 ;
    %load/vec4 v0000022719625470_0;
    %store/vec4 v00000227196229f0_0, 0, 64;
    %load/vec4 v0000022719622950_0;
    %flag_set/vec4 8;
    %jmp/0xz  T_32.9, 8;
    %load/vec4 v00000227196229f0_0;
    %inv;
    %addi 1, 0, 64;
    %store/vec4 v0000022719624930_0, 0, 64;
    %jmp T_32.10;
T_32.9 ;
    %load/vec4 v00000227196229f0_0;
    %store/vec4 v0000022719624930_0, 0, 64;
T_32.10 ;
    %load/vec4 v00000227196246b0_0;
    %cmpi/e 31, 0, 6;
    %jmp/0xz  T_32.11, 4;
    %pushi/vec4 0, 0, 1;
    %assign/vec4 v0000022719626550_0, 0;
    %pushi/vec4 1, 0, 1;
    %assign/vec4 v0000022719622ef0_0, 0;
    %load/vec4 v0000022719623490_0;
    %flag_set/vec4 8;
    %jmp/0 T_32.13, 8;
    %load/vec4 v0000022719624930_0;
    %parti/s 32, 32, 7;
    %jmp/1 T_32.14, 8;
T_32.13 ; End of true expr.
    %load/vec4 v0000022719624930_0;
    %parti/s 32, 0, 2;
    %jmp/0 T_32.14, 8;
 ; End of false expr.
    %blend;
T_32.14;
    %assign/vec4 v00000227196241b0_0, 0;
    %jmp T_32.12;
T_32.11 ;
    %load/vec4 v0000022719625470_0;
    %assign/vec4 v0000022719625ab0_0, 0;
    %load/vec4 v00000227196238f0_0;
    %ix/load 4, 1, 0;
    %flag_set/imm 4, 0;
    %shiftl 4;
    %assign/vec4 v00000227196238f0_0, 0;
    %load/vec4 v0000022719623ad0_0;
    %ix/load 4, 1, 0;
    %flag_set/imm 4, 0;
    %shiftr 4;
    %assign/vec4 v0000022719623ad0_0, 0;
    %load/vec4 v00000227196246b0_0;
    %addi 1, 0, 6;
    %assign/vec4 v00000227196246b0_0, 0;
T_32.12 ;
T_32.5 ;
T_32.3 ;
T_32.1 ;
    %jmp T_32;
    .thread T_32;
    .scope S_000002271a0df310;
T_33 ;
    %wait E_000002271a065830;
    %load/vec4 v0000022719626050_0;
    %nor/r;
    %flag_set/vec4 8;
    %jmp/0xz  T_33.0, 8;
    %pushi/vec4 0, 0, 1;
    %assign/vec4 v0000022719f60360_0, 0;
    %pushi/vec4 0, 0, 1;
    %assign/vec4 v0000022719e6def0_0, 0;
    %pushi/vec4 0, 0, 32;
    %assign/vec4 v00000227196251f0_0, 0;
    %pushi/vec4 0, 0, 32;
    %assign/vec4 v0000022719626410_0, 0;
    %pushi/vec4 0, 0, 32;
    %assign/vec4 v00000227196256f0_0, 0;
    %pushi/vec4 0, 0, 32;
    %assign/vec4 v00000227196253d0_0, 0;
    %pushi/vec4 0, 0, 32;
    %assign/vec4 v0000022719e6d6a0_0, 0;
    %pushi/vec4 0, 0, 1;
    %assign/vec4 v0000022719625d30_0, 0;
    %pushi/vec4 0, 0, 1;
    %assign/vec4 v00000227196255b0_0, 0;
    %pushi/vec4 0, 0, 1;
    %assign/vec4 v0000022719f73780_0, 0;
    %pushi/vec4 0, 0, 1;
    %assign/vec4 v0000022719625c90_0, 0;
    %pushi/vec4 0, 0, 32;
    %assign/vec4 v0000022719eaf8d0_0, 0;
    %pushi/vec4 0, 0, 6;
    %assign/vec4 v0000022719f736e0_0, 0;
    %jmp T_33.1;
T_33.0 ;
    %pushi/vec4 0, 0, 1;
    %assign/vec4 v0000022719e6def0_0, 0;
    %load/vec4 v0000022719625650_0;
    %flag_set/vec4 9;
    %flag_get/vec4 9;
    %jmp/0 T_33.4, 9;
    %load/vec4 v0000022719f60360_0;
    %nor/r;
    %and;
T_33.4;
    %flag_set/vec4 8;
    %jmp/0xz  T_33.2, 8;
    %pushi/vec4 1, 0, 1;
    %assign/vec4 v0000022719f60360_0, 0;
    %pushi/vec4 0, 0, 32;
    %assign/vec4 v00000227196256f0_0, 0;
    %load/vec4 v0000022719eaf3d0_0;
    %assign/vec4 v00000227196253d0_0, 0;
    %load/vec4 v0000022719eacce0_0;
    %assign/vec4 v0000022719e6d6a0_0, 0;
    %load/vec4 v0000022719ef0290_0;
    %load/vec4 v0000022719e6cfc0_0;
    %xor;
    %assign/vec4 v0000022719625d30_0, 0;
    %load/vec4 v0000022719ef0290_0;
    %assign/vec4 v00000227196255b0_0, 0;
    %load/vec4 v00000227196265f0_0;
    %assign/vec4 v0000022719f73780_0, 0;
    %load/vec4 v0000022719626690_0;
    %assign/vec4 v0000022719625c90_0, 0;
    %load/vec4 v0000022719ef0150_0;
    %assign/vec4 v0000022719eaf8d0_0, 0;
    %pushi/vec4 0, 0, 6;
    %assign/vec4 v0000022719f736e0_0, 0;
    %jmp T_33.3;
T_33.2 ;
    %load/vec4 v0000022719f60360_0;
    %flag_set/vec4 8;
    %jmp/0xz  T_33.5, 8;
    %load/vec4 v0000022719f73780_0;
    %flag_set/vec4 8;
    %jmp/0xz  T_33.7, 8;
    %pushi/vec4 0, 0, 1;
    %assign/vec4 v0000022719f60360_0, 0;
    %pushi/vec4 1, 0, 1;
    %assign/vec4 v0000022719e6def0_0, 0;
    %pushi/vec4 4294967295, 0, 32;
    %assign/vec4 v00000227196251f0_0, 0;
    %load/vec4 v0000022719eaf8d0_0;
    %assign/vec4 v0000022719626410_0, 0;
    %jmp T_33.8;
T_33.7 ;
    %load/vec4 v0000022719625c90_0;
    %flag_set/vec4 8;
    %jmp/0xz  T_33.9, 8;
    %pushi/vec4 0, 0, 1;
    %assign/vec4 v0000022719f60360_0, 0;
    %pushi/vec4 1, 0, 1;
    %assign/vec4 v0000022719e6def0_0, 0;
    %pushi/vec4 2147483648, 0, 32;
    %assign/vec4 v00000227196251f0_0, 0;
    %pushi/vec4 0, 0, 32;
    %assign/vec4 v0000022719626410_0, 0;
    %jmp T_33.10;
T_33.9 ;
    %load/vec4 v00000227196256f0_0;
    %parti/s 31, 0, 2;
    %load/vec4 v00000227196253d0_0;
    %parti/s 1, 31, 6;
    %concat/vec4; draw_concat_vec4
    %store/vec4 v0000022719626370_0, 0, 32;
    %load/vec4 v00000227196253d0_0;
    %ix/load 4, 1, 0;
    %flag_set/imm 4, 0;
    %shiftl 4;
    %store/vec4 v0000022719625150_0, 0, 32;
    %load/vec4 v0000022719e6d6a0_0;
    %load/vec4 v0000022719626370_0;
    %cmp/u;
    %flag_or 5, 4;
    %jmp/0xz  T_33.11, 5;
    %load/vec4 v0000022719626370_0;
    %load/vec4 v0000022719e6d6a0_0;
    %sub;
    %store/vec4 v0000022719626370_0, 0, 32;
    %pushi/vec4 1, 0, 1;
    %ix/load 4, 0, 0;
    %flag_set/imm 4, 0;
    %store/vec4 v0000022719625150_0, 4, 1;
T_33.11 ;
    %load/vec4 v0000022719f736e0_0;
    %cmpi/e 31, 0, 6;
    %jmp/0xz  T_33.13, 4;
    %load/vec4 v0000022719625150_0;
    %store/vec4 v0000022719626190_0, 0, 32;
    %load/vec4 v0000022719626370_0;
    %store/vec4 v00000227196260f0_0, 0, 32;
    %load/vec4 v0000022719625d30_0;
    %flag_set/vec4 9;
    %flag_get/vec4 9;
    %jmp/0 T_33.17, 9;
    %load/vec4 v0000022719626190_0;
    %pushi/vec4 0, 0, 32;
    %cmp/ne;
    %flag_get/vec4 4;
    %and;
T_33.17;
    %flag_set/vec4 8;
    %jmp/0xz  T_33.15, 8;
    %load/vec4 v0000022719626190_0;
    %inv;
    %addi 1, 0, 32;
    %store/vec4 v0000022719626190_0, 0, 32;
T_33.15 ;
    %load/vec4 v00000227196255b0_0;
    %flag_set/vec4 9;
    %flag_get/vec4 9;
    %jmp/0 T_33.20, 9;
    %load/vec4 v00000227196260f0_0;
    %pushi/vec4 0, 0, 32;
    %cmp/ne;
    %flag_get/vec4 4;
    %and;
T_33.20;
    %flag_set/vec4 8;
    %jmp/0xz  T_33.18, 8;
    %load/vec4 v00000227196260f0_0;
    %inv;
    %addi 1, 0, 32;
    %store/vec4 v00000227196260f0_0, 0, 32;
T_33.18 ;
    %pushi/vec4 0, 0, 1;
    %assign/vec4 v0000022719f60360_0, 0;
    %pushi/vec4 1, 0, 1;
    %assign/vec4 v0000022719e6def0_0, 0;
    %load/vec4 v0000022719626190_0;
    %assign/vec4 v00000227196251f0_0, 0;
    %load/vec4 v00000227196260f0_0;
    %assign/vec4 v0000022719626410_0, 0;
    %jmp T_33.14;
T_33.13 ;
    %load/vec4 v0000022719626370_0;
    %assign/vec4 v00000227196256f0_0, 0;
    %load/vec4 v0000022719625150_0;
    %assign/vec4 v00000227196253d0_0, 0;
    %load/vec4 v0000022719f736e0_0;
    %addi 1, 0, 6;
    %assign/vec4 v0000022719f736e0_0, 0;
T_33.14 ;
T_33.10 ;
T_33.8 ;
T_33.5 ;
T_33.3 ;
T_33.1 ;
    %jmp T_33;
    .thread T_33;
    .scope S_000002271a0e0440;
T_34 ;
    %wait E_000002271a065830;
    %load/vec4 v0000022719d31af0_0;
    %nor/r;
    %flag_set/vec4 8;
    %jmp/0xz  T_34.0, 8;
    %pushi/vec4 0, 0, 1;
    %assign/vec4 v0000022719d31eb0_0, 0;
    %pushi/vec4 0, 0, 1;
    %assign/vec4 v0000022719d31b90_0, 0;
    %jmp T_34.1;
T_34.0 ;
    %load/vec4 v0000022719d2ff70_0;
    %nor/r;
    %flag_set/vec4 8;
    %jmp/1 T_34.4, 8;
    %load/vec4 v0000022719d30470_0;
    %nor/r;
    %flag_set/vec4 9;
    %flag_or 8, 9;
T_34.4;
    %jmp/0xz  T_34.2, 8;
    %pushi/vec4 0, 0, 1;
    %assign/vec4 v0000022719d31eb0_0, 0;
    %pushi/vec4 0, 0, 1;
    %assign/vec4 v0000022719d31b90_0, 0;
    %jmp T_34.3;
T_34.2 ;
    %load/vec4 v0000022719d31a50_0;
    %flag_set/vec4 8;
    %jmp/0xz  T_34.5, 8;
    %pushi/vec4 0, 0, 1;
    %assign/vec4 v0000022719d31eb0_0, 0;
    %load/vec4 v0000022719d2f570_0;
    %assign/vec4 v0000022719d31b90_0, 0;
    %jmp T_34.6;
T_34.5 ;
    %load/vec4 v0000022719d31e10_0;
    %flag_set/vec4 8;
    %jmp/0xz  T_34.7, 8;
    %pushi/vec4 1, 0, 1;
    %assign/vec4 v0000022719d31eb0_0, 0;
    %pushi/vec4 0, 0, 1;
    %assign/vec4 v0000022719d31b90_0, 0;
    %jmp T_34.8;
T_34.7 ;
    %load/vec4 v0000022719d31b90_0;
    %flag_set/vec4 9;
    %flag_get/vec4 9;
    %jmp/0 T_34.11, 9;
    %load/vec4 v0000022719d2f570_0;
    %nor/r;
    %and;
T_34.11;
    %flag_set/vec4 8;
    %jmp/0xz  T_34.9, 8;
    %pushi/vec4 0, 0, 1;
    %assign/vec4 v0000022719d31b90_0, 0;
T_34.9 ;
T_34.8 ;
T_34.6 ;
T_34.3 ;
T_34.1 ;
    %jmp T_34;
    .thread T_34;
    .scope S_000002271a0e0440;
T_35 ;
    %wait E_000002271a065830;
    %load/vec4 v0000022719d31af0_0;
    %nor/r;
    %flag_set/vec4 8;
    %jmp/0xz  T_35.0, 8;
    %pushi/vec4 0, 0, 1;
    %assign/vec4 v0000022719d30a10_0, 0;
    %pushi/vec4 0, 0, 1;
    %assign/vec4 v0000022719d310f0_0, 0;
    %jmp T_35.1;
T_35.0 ;
    %load/vec4 v0000022719d2ff70_0;
    %nor/r;
    %flag_set/vec4 8;
    %jmp/1 T_35.4, 8;
    %load/vec4 v0000022719d30010_0;
    %flag_set/vec4 10;
    %flag_get/vec4 10;
    %jmp/1 T_35.5, 10;
    %load/vec4 v0000022719d31050_0;
    %or;
T_35.5;
    %nor/r;
    %flag_set/vec4 9;
    %flag_or 8, 9;
T_35.4;
    %jmp/0xz  T_35.2, 8;
    %pushi/vec4 0, 0, 1;
    %assign/vec4 v0000022719d30a10_0, 0;
    %pushi/vec4 0, 0, 1;
    %assign/vec4 v0000022719d310f0_0, 0;
    %jmp T_35.3;
T_35.2 ;
    %load/vec4 v0000022719d30790_0;
    %flag_set/vec4 8;
    %jmp/0xz  T_35.6, 8;
    %pushi/vec4 0, 0, 1;
    %assign/vec4 v0000022719d30a10_0, 0;
    %load/vec4 v0000022719d2f570_0;
    %assign/vec4 v0000022719d310f0_0, 0;
    %jmp T_35.7;
T_35.6 ;
    %load/vec4 v0000022719d2fd90_0;
    %flag_set/vec4 8;
    %jmp/0xz  T_35.8, 8;
    %pushi/vec4 1, 0, 1;
    %assign/vec4 v0000022719d30a10_0, 0;
    %pushi/vec4 0, 0, 1;
    %assign/vec4 v0000022719d310f0_0, 0;
    %jmp T_35.9;
T_35.8 ;
    %load/vec4 v0000022719d310f0_0;
    %flag_set/vec4 9;
    %flag_get/vec4 9;
    %jmp/0 T_35.12, 9;
    %load/vec4 v0000022719d2f570_0;
    %nor/r;
    %and;
T_35.12;
    %flag_set/vec4 8;
    %jmp/0xz  T_35.10, 8;
    %pushi/vec4 0, 0, 1;
    %assign/vec4 v0000022719d310f0_0, 0;
T_35.10 ;
T_35.9 ;
T_35.7 ;
T_35.3 ;
T_35.1 ;
    %jmp T_35;
    .thread T_35;
    .scope S_000002271a0e0440;
T_36 ;
    %wait E_000002271a065a70;
    %load/vec4 v0000022719d30b50_0;
    %dup/vec4;
    %pushi/vec4 0, 0, 4;
    %cmp/u;
    %jmp/1 T_36.0, 6;
    %dup/vec4;
    %pushi/vec4 1, 0, 4;
    %cmp/u;
    %jmp/1 T_36.1, 6;
    %dup/vec4;
    %pushi/vec4 6, 0, 4;
    %cmp/u;
    %jmp/1 T_36.2, 6;
    %dup/vec4;
    %pushi/vec4 5, 0, 4;
    %cmp/u;
    %jmp/1 T_36.3, 6;
    %dup/vec4;
    %pushi/vec4 4, 0, 4;
    %cmp/u;
    %jmp/1 T_36.4, 6;
    %dup/vec4;
    %pushi/vec4 2, 0, 4;
    %cmp/u;
    %jmp/1 T_36.5, 6;
    %dup/vec4;
    %pushi/vec4 3, 0, 4;
    %cmp/u;
    %jmp/1 T_36.6, 6;
    %dup/vec4;
    %pushi/vec4 7, 0, 4;
    %cmp/u;
    %jmp/1 T_36.7, 6;
    %pushi/vec4 0, 0, 32;
    %store/vec4 v0000022719d30bf0_0, 0, 32;
    %jmp T_36.9;
T_36.0 ;
    %load/vec4 v0000022719d2a930_0;
    %load/vec4 v0000022719d2a9d0_0;
    %add;
    %store/vec4 v0000022719d30bf0_0, 0, 32;
    %jmp T_36.9;
T_36.1 ;
    %load/vec4 v0000022719d2a930_0;
    %load/vec4 v0000022719d2a9d0_0;
    %sub;
    %store/vec4 v0000022719d30bf0_0, 0, 32;
    %jmp T_36.9;
T_36.2 ;
    %load/vec4 v0000022719d2a930_0;
    %load/vec4 v0000022719d2a9d0_0;
    %and;
    %store/vec4 v0000022719d30bf0_0, 0, 32;
    %jmp T_36.9;
T_36.3 ;
    %load/vec4 v0000022719d2a930_0;
    %load/vec4 v0000022719d2a9d0_0;
    %or;
    %store/vec4 v0000022719d30bf0_0, 0, 32;
    %jmp T_36.9;
T_36.4 ;
    %load/vec4 v0000022719d2a930_0;
    %load/vec4 v0000022719d2a9d0_0;
    %xor;
    %store/vec4 v0000022719d30bf0_0, 0, 32;
    %jmp T_36.9;
T_36.5 ;
    %load/vec4 v0000022719d2a930_0;
    %load/vec4 v0000022719d2a9d0_0;
    %cmp/s;
    %flag_mov 8, 5;
    %jmp/0 T_36.10, 8;
    %pushi/vec4 1, 0, 32;
    %jmp/1 T_36.11, 8;
T_36.10 ; End of true expr.
    %pushi/vec4 0, 0, 32;
    %jmp/0 T_36.11, 8;
 ; End of false expr.
    %blend;
T_36.11;
    %store/vec4 v0000022719d30bf0_0, 0, 32;
    %jmp T_36.9;
T_36.6 ;
    %load/vec4 v0000022719d2a930_0;
    %load/vec4 v0000022719d2a9d0_0;
    %cmp/u;
    %flag_mov 8, 5;
    %jmp/0 T_36.12, 8;
    %pushi/vec4 1, 0, 32;
    %jmp/1 T_36.13, 8;
T_36.12 ; End of true expr.
    %pushi/vec4 0, 0, 32;
    %jmp/0 T_36.13, 8;
 ; End of false expr.
    %blend;
T_36.13;
    %store/vec4 v0000022719d30bf0_0, 0, 32;
    %jmp T_36.9;
T_36.7 ;
    %load/vec4 v0000022719d2fc50_0;
    %nor/r;
    %flag_set/vec4 8;
    %jmp/0xz  T_36.14, 8;
    %load/vec4 v0000022719d2a930_0;
    %ix/getv 4, v0000022719d2b830_0;
    %shiftl 4;
    %store/vec4 v0000022719d30bf0_0, 0, 32;
    %jmp T_36.15;
T_36.14 ;
    %load/vec4 v0000022719d30c90_0;
    %flag_set/vec4 8;
    %jmp/0xz  T_36.16, 8;
    %load/vec4 v0000022719d2a930_0;
    %ix/getv 4, v0000022719d2b830_0;
    %shiftr/s 4;
    %store/vec4 v0000022719d30bf0_0, 0, 32;
    %jmp T_36.17;
T_36.16 ;
    %load/vec4 v0000022719d2a930_0;
    %ix/getv 4, v0000022719d2b830_0;
    %shiftr 4;
    %store/vec4 v0000022719d30bf0_0, 0, 32;
T_36.17 ;
T_36.15 ;
    %jmp T_36.9;
T_36.9 ;
    %pop/vec4 1;
    %jmp T_36;
    .thread T_36, $push;
    .scope S_000002271a0e0440;
T_37 ;
    %wait E_000002271a0659f0;
    %load/vec4 v0000022719d31410_0;
    %flag_set/vec4 8;
    %jmp/0xz  T_37.0, 8;
    %load/vec4 v0000022719d2f7f0_0;
    %store/vec4 v0000022719d300b0_0, 0, 32;
    %jmp T_37.1;
T_37.0 ;
    %load/vec4 v0000022719d30470_0;
    %flag_set/vec4 8;
    %jmp/0xz  T_37.2, 8;
    %load/vec4 v0000022719d31c30_0;
    %store/vec4 v0000022719d300b0_0, 0, 32;
    %jmp T_37.3;
T_37.2 ;
    %load/vec4 v0000022719d30010_0;
    %flag_set/vec4 8;
    %jmp/0xz  T_37.4, 8;
    %load/vec4 v0000022719d2fb10_0;
    %store/vec4 v0000022719d300b0_0, 0, 32;
    %jmp T_37.5;
T_37.4 ;
    %load/vec4 v0000022719d31050_0;
    %flag_set/vec4 8;
    %jmp/0xz  T_37.6, 8;
    %load/vec4 v0000022719d30290_0;
    %store/vec4 v0000022719d300b0_0, 0, 32;
    %jmp T_37.7;
T_37.6 ;
    %load/vec4 v0000022719d30bf0_0;
    %store/vec4 v0000022719d300b0_0, 0, 32;
T_37.7 ;
T_37.5 ;
T_37.3 ;
T_37.1 ;
    %jmp T_37;
    .thread T_37, $push;
    .scope S_000002271a0e0440;
T_38 ;
    %wait E_000002271a066030;
    %load/vec4 v0000022719d30e70_0;
    %dup/vec4;
    %pushi/vec4 0, 0, 3;
    %cmp/u;
    %jmp/1 T_38.0, 6;
    %dup/vec4;
    %pushi/vec4 1, 0, 3;
    %cmp/u;
    %jmp/1 T_38.1, 6;
    %dup/vec4;
    %pushi/vec4 4, 0, 3;
    %cmp/u;
    %jmp/1 T_38.2, 6;
    %dup/vec4;
    %pushi/vec4 5, 0, 3;
    %cmp/u;
    %jmp/1 T_38.3, 6;
    %dup/vec4;
    %pushi/vec4 6, 0, 3;
    %cmp/u;
    %jmp/1 T_38.4, 6;
    %dup/vec4;
    %pushi/vec4 7, 0, 3;
    %cmp/u;
    %jmp/1 T_38.5, 6;
    %pushi/vec4 0, 0, 1;
    %store/vec4 v0000022719d30650_0, 0, 1;
    %jmp T_38.7;
T_38.0 ;
    %load/vec4 v0000022719d2f930_0;
    %store/vec4 v0000022719d30650_0, 0, 1;
    %jmp T_38.7;
T_38.1 ;
    %load/vec4 v0000022719d2f750_0;
    %store/vec4 v0000022719d30650_0, 0, 1;
    %jmp T_38.7;
T_38.2 ;
    %load/vec4 v0000022719d31690_0;
    %store/vec4 v0000022719d30650_0, 0, 1;
    %jmp T_38.7;
T_38.3 ;
    %load/vec4 v0000022719d315f0_0;
    %store/vec4 v0000022719d30650_0, 0, 1;
    %jmp T_38.7;
T_38.4 ;
    %load/vec4 v0000022719d31730_0;
    %store/vec4 v0000022719d30650_0, 0, 1;
    %jmp T_38.7;
T_38.5 ;
    %load/vec4 v0000022719d2f9d0_0;
    %store/vec4 v0000022719d30650_0, 0, 1;
    %jmp T_38.7;
T_38.7 ;
    %pop/vec4 1;
    %jmp T_38;
    .thread T_38, $push;
    .scope S_000002271a0df630;
T_39 ;
    %wait E_000002271a0656b0;
    %load/vec4 v000002271a03f870_0;
    %dup/vec4;
    %pushi/vec4 768, 0, 12;
    %cmp/u;
    %jmp/1 T_39.0, 6;
    %dup/vec4;
    %pushi/vec4 772, 0, 12;
    %cmp/u;
    %jmp/1 T_39.1, 6;
    %dup/vec4;
    %pushi/vec4 773, 0, 12;
    %cmp/u;
    %jmp/1 T_39.2, 6;
    %dup/vec4;
    %pushi/vec4 832, 0, 12;
    %cmp/u;
    %jmp/1 T_39.3, 6;
    %dup/vec4;
    %pushi/vec4 833, 0, 12;
    %cmp/u;
    %jmp/1 T_39.4, 6;
    %dup/vec4;
    %pushi/vec4 834, 0, 12;
    %cmp/u;
    %jmp/1 T_39.5, 6;
    %dup/vec4;
    %pushi/vec4 835, 0, 12;
    %cmp/u;
    %jmp/1 T_39.6, 6;
    %dup/vec4;
    %pushi/vec4 836, 0, 12;
    %cmp/u;
    %jmp/1 T_39.7, 6;
    %dup/vec4;
    %pushi/vec4 3860, 0, 12;
    %cmp/u;
    %jmp/1 T_39.8, 6;
    %pushi/vec4 0, 0, 32;
    %store/vec4 v000002271a040e50_0, 0, 32;
    %jmp T_39.10;
T_39.0 ;
    %load/vec4 v000002271a041cb0_0;
    %store/vec4 v000002271a040e50_0, 0, 32;
    %jmp T_39.10;
T_39.1 ;
    %load/vec4 v000002271a040450_0;
    %store/vec4 v000002271a040e50_0, 0, 32;
    %jmp T_39.10;
T_39.2 ;
    %load/vec4 v000002271a044410_0;
    %store/vec4 v000002271a040e50_0, 0, 32;
    %jmp T_39.10;
T_39.3 ;
    %load/vec4 v000002271a041490_0;
    %store/vec4 v000002271a040e50_0, 0, 32;
    %jmp T_39.10;
T_39.4 ;
    %load/vec4 v000002271a040ef0_0;
    %store/vec4 v000002271a040e50_0, 0, 32;
    %jmp T_39.10;
T_39.5 ;
    %load/vec4 v000002271a041210_0;
    %store/vec4 v000002271a040e50_0, 0, 32;
    %jmp T_39.10;
T_39.6 ;
    %load/vec4 v000002271a0433d0_0;
    %store/vec4 v000002271a040e50_0, 0, 32;
    %jmp T_39.10;
T_39.7 ;
    %load/vec4 v000002271a040630_0;
    %store/vec4 v000002271a040e50_0, 0, 32;
    %jmp T_39.10;
T_39.8 ;
    %pushi/vec4 0, 0, 32;
    %store/vec4 v000002271a040e50_0, 0, 32;
    %jmp T_39.10;
T_39.10 ;
    %pop/vec4 1;
    %jmp T_39;
    .thread T_39, $push;
    .scope S_000002271a0df630;
T_40 ;
    %wait E_000002271a065b70;
    %load/vec4 v000002271a040e50_0;
    %store/vec4 v000002271a040130_0, 0, 32;
    %jmp T_40;
    .thread T_40, $push;
    .scope S_000002271a0df630;
T_41 ;
    %wait E_000002271a065ff0;
    %load/vec4 v000002271a0418f0_0;
    %dup/vec4;
    %pushi/vec4 1, 0, 3;
    %cmp/u;
    %jmp/1 T_41.0, 6;
    %dup/vec4;
    %pushi/vec4 2, 0, 3;
    %cmp/u;
    %jmp/1 T_41.1, 6;
    %dup/vec4;
    %pushi/vec4 3, 0, 3;
    %cmp/u;
    %jmp/1 T_41.2, 6;
    %load/vec4 v000002271a040130_0;
    %store/vec4 v000002271a041f30_0, 0, 32;
    %jmp T_41.4;
T_41.0 ;
    %load/vec4 v000002271a0401d0_0;
    %store/vec4 v000002271a041f30_0, 0, 32;
    %jmp T_41.4;
T_41.1 ;
    %load/vec4 v000002271a040130_0;
    %load/vec4 v000002271a0401d0_0;
    %or;
    %store/vec4 v000002271a041f30_0, 0, 32;
    %jmp T_41.4;
T_41.2 ;
    %load/vec4 v000002271a040130_0;
    %load/vec4 v000002271a0401d0_0;
    %inv;
    %and;
    %store/vec4 v000002271a041f30_0, 0, 32;
    %jmp T_41.4;
T_41.4 ;
    %pop/vec4 1;
    %jmp T_41;
    .thread T_41, $push;
    .scope S_000002271a0df630;
T_42 ;
    %wait E_000002271a065f70;
    %load/vec4 v000002271a041cb0_0;
    %store/vec4 v000002271a03fe10_0, 0, 32;
    %load/vec4 v000002271a041f30_0;
    %parti/s 1, 3, 3;
    %ix/load 4, 3, 0;
    %flag_set/imm 4, 0;
    %store/vec4 v000002271a03fe10_0, 4, 1;
    %load/vec4 v000002271a041f30_0;
    %parti/s 1, 7, 4;
    %ix/load 4, 7, 0;
    %flag_set/imm 4, 0;
    %store/vec4 v000002271a03fe10_0, 4, 1;
    %load/vec4 v000002271a041f30_0;
    %parti/s 2, 11, 5;
    %ix/load 4, 11, 0;
    %flag_set/imm 4, 0;
    %store/vec4 v000002271a03fe10_0, 4, 2;
    %jmp T_42;
    .thread T_42, $push;
    .scope S_000002271a0df630;
T_43 ;
    %wait E_000002271a065a30;
    %load/vec4 v000002271a040450_0;
    %store/vec4 v000002271a0413f0_0, 0, 32;
    %load/vec4 v000002271a041f30_0;
    %parti/s 1, 3, 3;
    %ix/load 4, 3, 0;
    %flag_set/imm 4, 0;
    %store/vec4 v000002271a0413f0_0, 4, 1;
    %load/vec4 v000002271a041f30_0;
    %parti/s 1, 7, 4;
    %ix/load 4, 7, 0;
    %flag_set/imm 4, 0;
    %store/vec4 v000002271a0413f0_0, 4, 1;
    %load/vec4 v000002271a041f30_0;
    %parti/s 1, 11, 5;
    %ix/load 4, 11, 0;
    %flag_set/imm 4, 0;
    %store/vec4 v000002271a0413f0_0, 4, 1;
    %jmp T_43;
    .thread T_43, $push;
    .scope S_000002271a0df630;
T_44 ;
    %wait E_000002271a065b30;
    %load/vec4 v000002271a040590_0;
    %store/vec4 v000002271a0406d0_0, 0, 32;
    %load/vec4 v000002271a041f30_0;
    %parti/s 1, 3, 3;
    %ix/load 4, 3, 0;
    %flag_set/imm 4, 0;
    %store/vec4 v000002271a0406d0_0, 4, 1;
    %load/vec4 v000002271a041f30_0;
    %parti/s 1, 7, 4;
    %ix/load 4, 7, 0;
    %flag_set/imm 4, 0;
    %store/vec4 v000002271a0406d0_0, 4, 1;
    %load/vec4 v000002271a041f30_0;
    %parti/s 1, 11, 5;
    %ix/load 4, 11, 0;
    %flag_set/imm 4, 0;
    %store/vec4 v000002271a0406d0_0, 4, 1;
    %jmp T_44;
    .thread T_44, $push;
    .scope S_000002271a0df630;
T_45 ;
    %wait E_000002271a065fb0;
    %load/vec4 v000002271a041f30_0;
    %store/vec4 v000002271a041350_0, 0, 32;
    %pushi/vec4 0, 0, 2;
    %ix/load 4, 0, 0;
    %flag_set/imm 4, 0;
    %store/vec4 v000002271a041350_0, 4, 2;
    %jmp T_45;
    .thread T_45, $push;
    .scope S_000002271a0df630;
T_46 ;
    %wait E_000002271a065fb0;
    %load/vec4 v000002271a041f30_0;
    %store/vec4 v000002271a0403b0_0, 0, 32;
    %jmp T_46;
    .thread T_46, $push;
    .scope S_000002271a0df630;
T_47 ;
    %wait E_000002271a065830;
    %load/vec4 v000002271a043ab0_0;
    %nor/r;
    %flag_set/vec4 8;
    %jmp/0xz  T_47.0, 8;
    %pushi/vec4 0, 0, 32;
    %assign/vec4 v000002271a041cb0_0, 0;
    %pushi/vec4 0, 0, 32;
    %assign/vec4 v000002271a040450_0, 0;
    %pushi/vec4 0, 0, 32;
    %assign/vec4 v000002271a044410_0, 0;
    %pushi/vec4 0, 0, 32;
    %assign/vec4 v000002271a041490_0, 0;
    %pushi/vec4 0, 0, 32;
    %assign/vec4 v000002271a040ef0_0, 0;
    %pushi/vec4 0, 0, 32;
    %assign/vec4 v000002271a041210_0, 0;
    %pushi/vec4 0, 0, 32;
    %assign/vec4 v000002271a0433d0_0, 0;
    %pushi/vec4 0, 0, 32;
    %assign/vec4 v000002271a040590_0, 0;
    %pushi/vec4 3, 0, 2;
    %assign/vec4 v000002271a043d30_0, 0;
    %jmp T_47.1;
T_47.0 ;
    %load/vec4 v000002271a043bf0_0;
    %flag_set/vec4 8;
    %jmp/0xz  T_47.2, 8;
    %load/vec4 v000002271a0445f0_0;
    %parti/s 30, 2, 3;
    %concati/vec4 0, 0, 2;
    %assign/vec4 v000002271a040ef0_0, 0;
    %load/vec4 v000002271a042750_0;
    %load/vec4 v000002271a0444b0_0;
    %parti/s 31, 0, 2;
    %concat/vec4; draw_concat_vec4
    %assign/vec4 v000002271a041210_0, 0;
    %load/vec4 v000002271a042750_0;
    %flag_set/vec4 8;
    %jmp/0 T_47.4, 8;
    %pushi/vec4 0, 0, 32;
    %jmp/1 T_47.5, 8;
T_47.4 ; End of true expr.
    %load/vec4 v000002271a042cf0_0;
    %jmp/0 T_47.5, 8;
 ; End of false expr.
    %blend;
T_47.5;
    %assign/vec4 v000002271a0433d0_0, 0;
    %load/vec4 v000002271a041cb0_0;
    %parti/s 1, 3, 3;
    %ix/load 4, 7, 0;
    %ix/load 5, 0, 0;
    %flag_set/imm 4, 0;
    %assign/vec4/off/d v000002271a041cb0_0, 4, 5;
    %pushi/vec4 0, 0, 1;
    %ix/load 4, 3, 0;
    %ix/load 5, 0, 0;
    %flag_set/imm 4, 0;
    %assign/vec4/off/d v000002271a041cb0_0, 4, 5;
    %load/vec4 v000002271a043d30_0;
    %ix/load 4, 11, 0;
    %ix/load 5, 0, 0;
    %flag_set/imm 4, 0;
    %assign/vec4/off/d v000002271a041cb0_0, 4, 5;
    %pushi/vec4 3, 0, 2;
    %assign/vec4 v000002271a043d30_0, 0;
    %jmp T_47.3;
T_47.2 ;
    %load/vec4 v000002271a041c10_0;
    %flag_set/vec4 8;
    %jmp/0xz  T_47.6, 8;
    %load/vec4 v000002271a041cb0_0;
    %parti/s 1, 7, 4;
    %ix/load 4, 3, 0;
    %ix/load 5, 0, 0;
    %flag_set/imm 4, 0;
    %assign/vec4/off/d v000002271a041cb0_0, 4, 5;
    %pushi/vec4 1, 0, 1;
    %ix/load 4, 7, 0;
    %ix/load 5, 0, 0;
    %flag_set/imm 4, 0;
    %assign/vec4/off/d v000002271a041cb0_0, 4, 5;
    %pushi/vec4 0, 0, 2;
    %ix/load 4, 11, 0;
    %ix/load 5, 0, 0;
    %flag_set/imm 4, 0;
    %assign/vec4/off/d v000002271a041cb0_0, 4, 5;
    %load/vec4 v000002271a041cb0_0;
    %parti/s 2, 11, 5;
    %assign/vec4 v000002271a043d30_0, 0;
    %jmp T_47.7;
T_47.6 ;
    %load/vec4 v000002271a040310_0;
    %flag_set/vec4 8;
    %jmp/0xz  T_47.8, 8;
    %load/vec4 v000002271a03f870_0;
    %dup/vec4;
    %pushi/vec4 768, 0, 12;
    %cmp/u;
    %jmp/1 T_47.10, 6;
    %dup/vec4;
    %pushi/vec4 772, 0, 12;
    %cmp/u;
    %jmp/1 T_47.11, 6;
    %dup/vec4;
    %pushi/vec4 773, 0, 12;
    %cmp/u;
    %jmp/1 T_47.12, 6;
    %dup/vec4;
    %pushi/vec4 832, 0, 12;
    %cmp/u;
    %jmp/1 T_47.13, 6;
    %dup/vec4;
    %pushi/vec4 833, 0, 12;
    %cmp/u;
    %jmp/1 T_47.14, 6;
    %dup/vec4;
    %pushi/vec4 834, 0, 12;
    %cmp/u;
    %jmp/1 T_47.15, 6;
    %dup/vec4;
    %pushi/vec4 835, 0, 12;
    %cmp/u;
    %jmp/1 T_47.16, 6;
    %dup/vec4;
    %pushi/vec4 836, 0, 12;
    %cmp/u;
    %jmp/1 T_47.17, 6;
    %jmp T_47.19;
T_47.10 ;
    %load/vec4 v000002271a03fe10_0;
    %assign/vec4 v000002271a041cb0_0, 0;
    %jmp T_47.19;
T_47.11 ;
    %load/vec4 v000002271a0413f0_0;
    %assign/vec4 v000002271a040450_0, 0;
    %jmp T_47.19;
T_47.12 ;
    %load/vec4 v000002271a041f30_0;
    %assign/vec4 v000002271a044410_0, 0;
    %jmp T_47.19;
T_47.13 ;
    %load/vec4 v000002271a041f30_0;
    %assign/vec4 v000002271a041490_0, 0;
    %jmp T_47.19;
T_47.14 ;
    %load/vec4 v000002271a041350_0;
    %assign/vec4 v000002271a040ef0_0, 0;
    %jmp T_47.19;
T_47.15 ;
    %load/vec4 v000002271a0403b0_0;
    %assign/vec4 v000002271a041210_0, 0;
    %jmp T_47.19;
T_47.16 ;
    %load/vec4 v000002271a041f30_0;
    %assign/vec4 v000002271a0433d0_0, 0;
    %jmp T_47.19;
T_47.17 ;
    %load/vec4 v000002271a0406d0_0;
    %assign/vec4 v000002271a040590_0, 0;
    %jmp T_47.19;
T_47.19 ;
    %pop/vec4 1;
T_47.8 ;
T_47.7 ;
T_47.3 ;
T_47.1 ;
    %jmp T_47;
    .thread T_47;
    .scope S_0000022719e5d8c0;
T_48 ;
    %wait E_000002271a065830;
    %load/vec4 v0000022719d2a890_0;
    %nor/r;
    %flag_set/vec4 8;
    %jmp/0xz  T_48.0, 8;
    %pushi/vec4 0, 0, 32;
    %assign/vec4 v0000022719d2c370_0, 0;
    %pushi/vec4 0, 0, 32;
    %assign/vec4 v0000022719d2ab10_0, 0;
    %pushi/vec4 0, 0, 32;
    %assign/vec4 v0000022719d2c730_0, 0;
    %pushi/vec4 0, 0, 5;
    %assign/vec4 v0000022719d2a6b0_0, 0;
    %pushi/vec4 0, 0, 1;
    %assign/vec4 v0000022719d2c550_0, 0;
    %pushi/vec4 0, 0, 2;
    %assign/vec4 v0000022719d2d950_0, 0;
    %pushi/vec4 0, 0, 1;
    %assign/vec4 v0000022719d2a250_0, 0;
    %pushi/vec4 0, 0, 1;
    %assign/vec4 v0000022719d2c190_0, 0;
    %pushi/vec4 0, 0, 1;
    %assign/vec4 v0000022719d2d450_0, 0;
    %pushi/vec4 2, 0, 3;
    %assign/vec4 v0000022719d2c050_0, 0;
    %jmp T_48.1;
T_48.0 ;
    %load/vec4 v0000022719d2c2d0_0;
    %assign/vec4 v0000022719d2c370_0, 0;
    %load/vec4 v0000022719d2bdd0_0;
    %assign/vec4 v0000022719d2ab10_0, 0;
    %load/vec4 v0000022719d2b470_0;
    %assign/vec4 v0000022719d2c730_0, 0;
    %load/vec4 v0000022719d2c410_0;
    %assign/vec4 v0000022719d2a6b0_0, 0;
    %load/vec4 v0000022719d2c4b0_0;
    %assign/vec4 v0000022719d2c550_0, 0;
    %load/vec4 v0000022719d2e210_0;
    %assign/vec4 v0000022719d2d950_0, 0;
    %load/vec4 v0000022719d2c230_0;
    %assign/vec4 v0000022719d2a250_0, 0;
    %load/vec4 v0000022719d2c0f0_0;
    %assign/vec4 v0000022719d2c190_0, 0;
    %load/vec4 v0000022719d2a070_0;
    %assign/vec4 v0000022719d2d450_0, 0;
    %load/vec4 v0000022719d2bbf0_0;
    %assign/vec4 v0000022719d2c050_0, 0;
T_48.1 ;
    %jmp T_48;
    .thread T_48;
    .scope S_000002271a159510;
T_49 ;
    %wait E_000002271a065ef0;
    %load/vec4 v000002271a168fc0_0;
    %flag_set/vec4 8;
    %jmp/0xz  T_49.0, 8;
    %load/vec4 v000002271a1673a0_0;
    %parti/s 2, 0, 2;
    %dup/vec4;
    %pushi/vec4 0, 0, 2;
    %cmp/u;
    %jmp/1 T_49.2, 6;
    %dup/vec4;
    %pushi/vec4 1, 0, 2;
    %cmp/u;
    %jmp/1 T_49.3, 6;
    %dup/vec4;
    %pushi/vec4 2, 0, 2;
    %cmp/u;
    %jmp/1 T_49.4, 6;
    %pushi/vec4 0, 0, 24;
    %load/vec4 v000002271a165320_0;
    %parti/s 8, 24, 6;
    %concat/vec4; draw_concat_vec4
    %store/vec4 v000002271a167d00_0, 0, 32;
    %jmp T_49.6;
T_49.2 ;
    %pushi/vec4 0, 0, 24;
    %load/vec4 v000002271a165320_0;
    %parti/s 8, 0, 2;
    %concat/vec4; draw_concat_vec4
    %store/vec4 v000002271a167d00_0, 0, 32;
    %jmp T_49.6;
T_49.3 ;
    %pushi/vec4 0, 0, 24;
    %load/vec4 v000002271a165320_0;
    %parti/s 8, 8, 5;
    %concat/vec4; draw_concat_vec4
    %store/vec4 v000002271a167d00_0, 0, 32;
    %jmp T_49.6;
T_49.4 ;
    %pushi/vec4 0, 0, 24;
    %load/vec4 v000002271a165320_0;
    %parti/s 8, 16, 6;
    %concat/vec4; draw_concat_vec4
    %store/vec4 v000002271a167d00_0, 0, 32;
    %jmp T_49.6;
T_49.6 ;
    %pop/vec4 1;
    %jmp T_49.1;
T_49.0 ;
    %load/vec4 v000002271a168340_0;
    %flag_set/vec4 8;
    %jmp/0xz  T_49.7, 8;
    %load/vec4 v000002271a1673a0_0;
    %parti/s 1, 1, 2;
    %flag_set/vec4 8;
    %jmp/0 T_49.9, 8;
    %pushi/vec4 0, 0, 16;
    %load/vec4 v000002271a165320_0;
    %parti/s 16, 16, 6;
    %concat/vec4; draw_concat_vec4
    %jmp/1 T_49.10, 8;
T_49.9 ; End of true expr.
    %pushi/vec4 0, 0, 16;
    %load/vec4 v000002271a165320_0;
    %parti/s 16, 0, 2;
    %concat/vec4; draw_concat_vec4
    %jmp/0 T_49.10, 8;
 ; End of false expr.
    %blend;
T_49.10;
    %store/vec4 v000002271a167d00_0, 0, 32;
    %jmp T_49.8;
T_49.7 ;
    %load/vec4 v000002271a165320_0;
    %store/vec4 v000002271a167d00_0, 0, 32;
T_49.8 ;
T_49.1 ;
    %jmp T_49;
    .thread T_49, $push;
    .scope S_000002271a159510;
T_50 ;
    %wait E_000002271a065830;
    %load/vec4 v000002271a169060_0;
    %nor/r;
    %flag_set/vec4 8;
    %jmp/0xz  T_50.0, 8;
    %pushi/vec4 0, 0, 1;
    %assign/vec4 v000002271a1674e0_0, 0;
    %pushi/vec4 0, 0, 1;
    %assign/vec4 v000002271a169c40_0, 0;
    %pushi/vec4 0, 0, 32;
    %assign/vec4 v000002271a1673a0_0, 0;
    %pushi/vec4 0, 0, 32;
    %assign/vec4 v000002271a168d40_0, 0;
    %pushi/vec4 2, 0, 3;
    %assign/vec4 v000002271a169ec0_0, 0;
    %pushi/vec4 0, 0, 1;
    %assign/vec4 v000002271a169ce0_0, 0;
    %pushi/vec4 0, 0, 32;
    %assign/vec4 v000002271a168020_0, 0;
    %pushi/vec4 0, 0, 1;
    %assign/vec4 v000002271a167e40_0, 0;
    %jmp T_50.1;
T_50.0 ;
    %load/vec4 v000002271a169ce0_0;
    %flag_set/vec4 8;
    %jmp/0xz  T_50.2, 8;
    %pushi/vec4 0, 0, 1;
    %assign/vec4 v000002271a169ce0_0, 0;
T_50.2 ;
    %load/vec4 v000002271a1674e0_0;
    %flag_set/vec4 8;
    %jmp/0xz  T_50.4, 8;
    %load/vec4 v000002271a169c40_0;
    %flag_set/vec4 8;
    %jmp/0xz  T_50.6, 8;
    %load/vec4 v000002271a168200_0;
    %flag_set/vec4 8;
    %jmp/0xz  T_50.8, 8;
    %pushi/vec4 0, 0, 1;
    %assign/vec4 v000002271a1674e0_0, 0;
    %pushi/vec4 1, 0, 1;
    %assign/vec4 v000002271a169ce0_0, 0;
T_50.8 ;
    %jmp T_50.7;
T_50.6 ;
    %load/vec4 v000002271a169e20_0;
    %flag_set/vec4 8;
    %jmp/0xz  T_50.10, 8;
    %pushi/vec4 0, 0, 1;
    %assign/vec4 v000002271a1674e0_0, 0;
    %pushi/vec4 1, 0, 1;
    %assign/vec4 v000002271a169ce0_0, 0;
    %load/vec4 v000002271a168a20_0;
    %assign/vec4 v000002271a168020_0, 0;
    %pushi/vec4 0, 0, 1;
    %assign/vec4 v000002271a167e40_0, 0;
T_50.10 ;
T_50.7 ;
T_50.4 ;
    %load/vec4 v000002271a1679e0_0;
    %flag_set/vec4 8;
    %jmp/0xz  T_50.12, 8;
    %pushi/vec4 1, 0, 1;
    %assign/vec4 v000002271a1674e0_0, 0;
    %load/vec4 v000002271a168700_0;
    %assign/vec4 v000002271a169c40_0, 0;
    %load/vec4 v000002271a168e80_0;
    %assign/vec4 v000002271a1673a0_0, 0;
    %load/vec4 v000002271a1685c0_0;
    %assign/vec4 v000002271a168d40_0, 0;
    %load/vec4 v000002271a167da0_0;
    %assign/vec4 v000002271a169ec0_0, 0;
    %pushi/vec4 0, 0, 1;
    %assign/vec4 v000002271a169ce0_0, 0;
    %load/vec4 v000002271a168700_0;
    %inv;
    %assign/vec4 v000002271a167e40_0, 0;
T_50.12 ;
T_50.1 ;
    %jmp T_50;
    .thread T_50;
    .scope S_000002271a159510;
T_51 ;
    %wait E_000002271a065830;
    %load/vec4 v000002271a169060_0;
    %nor/r;
    %flag_set/vec4 8;
    %jmp/0xz  T_51.0, 8;
    %pushi/vec4 0, 0, 1;
    %assign/vec4 v000002271a1687a0_0, 0;
    %jmp T_51.1;
T_51.0 ;
    %load/vec4 v000002271a1687a0_0;
    %flag_set/vec4 9;
    %flag_get/vec4 9;
    %jmp/0 T_51.4, 9;
    %load/vec4 v000002271a1653c0_0;
    %and;
T_51.4;
    %flag_set/vec4 8;
    %jmp/0xz  T_51.2, 8;
    %pushi/vec4 0, 0, 1;
    %assign/vec4 v000002271a1687a0_0, 0;
    %jmp T_51.3;
T_51.2 ;
    %load/vec4 v000002271a1679e0_0;
    %flag_set/vec4 8;
    %jmp/0xz  T_51.5, 8;
    %pushi/vec4 1, 0, 1;
    %assign/vec4 v000002271a1687a0_0, 0;
T_51.5 ;
T_51.3 ;
T_51.1 ;
    %jmp T_51;
    .thread T_51;
    .scope S_000002271a15a190;
T_52 ;
    %wait E_000002271a065830;
    %load/vec4 v000002271a15c180_0;
    %nor/r;
    %flag_set/vec4 8;
    %jmp/0xz  T_52.0, 8;
    %pushi/vec4 0, 0, 2;
    %assign/vec4 v000002271a15c4a0_0, 0;
    %pushi/vec4 0, 0, 7;
    %assign/vec4 v000002271a15cea0_0, 0;
    %pushi/vec4 0, 0, 3;
    %assign/vec4 v000002271a15cae0_0, 0;
    %pushi/vec4 0, 0, 8;
    %assign/vec4 v000002271a15d1c0_0, 0;
    %pushi/vec4 0, 0, 8;
    %assign/vec4 v000002271a15d580_0, 0;
    %pushi/vec4 0, 0, 1;
    %assign/vec4 v000002271a15bbe0_0, 0;
    %jmp T_52.1;
T_52.0 ;
    %pushi/vec4 0, 0, 1;
    %assign/vec4 v000002271a15bbe0_0, 0;
    %load/vec4 v000002271a15c4a0_0;
    %dup/vec4;
    %pushi/vec4 0, 0, 2;
    %cmp/u;
    %jmp/1 T_52.2, 6;
    %dup/vec4;
    %pushi/vec4 1, 0, 2;
    %cmp/u;
    %jmp/1 T_52.3, 6;
    %dup/vec4;
    %pushi/vec4 2, 0, 2;
    %cmp/u;
    %jmp/1 T_52.4, 6;
    %dup/vec4;
    %pushi/vec4 3, 0, 2;
    %cmp/u;
    %jmp/1 T_52.5, 6;
    %pushi/vec4 0, 0, 2;
    %assign/vec4 v000002271a15c4a0_0, 0;
    %jmp T_52.7;
T_52.2 ;
    %load/vec4 v000002271a15c680_0;
    %nor/r;
    %flag_set/vec4 8;
    %jmp/0xz  T_52.8, 8;
    %pushi/vec4 50, 0, 7;
    %assign/vec4 v000002271a15cea0_0, 0;
    %pushi/vec4 1, 0, 2;
    %assign/vec4 v000002271a15c4a0_0, 0;
T_52.8 ;
    %jmp T_52.7;
T_52.3 ;
    %load/vec4 v000002271a15cea0_0;
    %pad/u 32;
    %cmpi/ne 0, 0, 32;
    %jmp/0xz  T_52.10, 4;
    %load/vec4 v000002271a15cea0_0;
    %subi 1, 0, 7;
    %assign/vec4 v000002271a15cea0_0, 0;
    %jmp T_52.11;
T_52.10 ;
    %load/vec4 v000002271a15c680_0;
    %nor/r;
    %flag_set/vec4 8;
    %jmp/0xz  T_52.12, 8;
    %pushi/vec4 99, 0, 7;
    %assign/vec4 v000002271a15cea0_0, 0;
    %pushi/vec4 0, 0, 3;
    %assign/vec4 v000002271a15cae0_0, 0;
    %pushi/vec4 2, 0, 2;
    %assign/vec4 v000002271a15c4a0_0, 0;
    %jmp T_52.13;
T_52.12 ;
    %pushi/vec4 0, 0, 2;
    %assign/vec4 v000002271a15c4a0_0, 0;
T_52.13 ;
T_52.11 ;
    %jmp T_52.7;
T_52.4 ;
    %load/vec4 v000002271a15cea0_0;
    %pad/u 32;
    %cmpi/ne 0, 0, 32;
    %jmp/0xz  T_52.14, 4;
    %load/vec4 v000002271a15cea0_0;
    %subi 1, 0, 7;
    %assign/vec4 v000002271a15cea0_0, 0;
    %jmp T_52.15;
T_52.14 ;
    %load/vec4 v000002271a15c680_0;
    %ix/load 5, 0, 0;
    %ix/getv 4, v000002271a15cae0_0;
    %assign/vec4/off/d v000002271a15d1c0_0, 4, 5;
    %load/vec4 v000002271a15cae0_0;
    %cmpi/e 7, 0, 3;
    %jmp/0xz  T_52.16, 4;
    %pushi/vec4 99, 0, 7;
    %assign/vec4 v000002271a15cea0_0, 0;
    %pushi/vec4 3, 0, 2;
    %assign/vec4 v000002271a15c4a0_0, 0;
    %jmp T_52.17;
T_52.16 ;
    %load/vec4 v000002271a15cae0_0;
    %addi 1, 0, 3;
    %assign/vec4 v000002271a15cae0_0, 0;
    %pushi/vec4 99, 0, 7;
    %assign/vec4 v000002271a15cea0_0, 0;
T_52.17 ;
T_52.15 ;
    %jmp T_52.7;
T_52.5 ;
    %load/vec4 v000002271a15cea0_0;
    %pad/u 32;
    %cmpi/ne 0, 0, 32;
    %jmp/0xz  T_52.18, 4;
    %load/vec4 v000002271a15cea0_0;
    %subi 1, 0, 7;
    %assign/vec4 v000002271a15cea0_0, 0;
    %jmp T_52.19;
T_52.18 ;
    %load/vec4 v000002271a15c680_0;
    %flag_set/vec4 8;
    %jmp/0xz  T_52.20, 8;
    %load/vec4 v000002271a15d1c0_0;
    %assign/vec4 v000002271a15d580_0, 0;
    %pushi/vec4 1, 0, 1;
    %assign/vec4 v000002271a15bbe0_0, 0;
T_52.20 ;
    %pushi/vec4 0, 0, 2;
    %assign/vec4 v000002271a15c4a0_0, 0;
T_52.19 ;
    %jmp T_52.7;
T_52.7 ;
    %pop/vec4 1;
T_52.1 ;
    %jmp T_52;
    .thread T_52;
    .scope S_000002271a159ce0;
T_53 ;
    %wait E_000002271a065830;
    %load/vec4 v000002271a15d6c0_0;
    %nor/r;
    %flag_set/vec4 8;
    %jmp/0xz  T_53.0, 8;
    %pushi/vec4 1, 0, 1;
    %assign/vec4 v000002271a15b460_0, 0;
    %pushi/vec4 0, 0, 1;
    %assign/vec4 v000002271a15be60_0, 0;
    %pushi/vec4 0, 0, 8;
    %assign/vec4 v000002271a15d4e0_0, 0;
    %pushi/vec4 0, 0, 3;
    %assign/vec4 v000002271a15b500_0, 0;
    %pushi/vec4 0, 0, 2;
    %assign/vec4 v000002271a15d800_0, 0;
    %pushi/vec4 0, 0, 7;
    %assign/vec4 v000002271a15b6e0_0, 0;
    %jmp T_53.1;
T_53.0 ;
    %load/vec4 v000002271a15c400_0;
    %assign/vec4 v000002271a15be60_0, 0;
    %load/vec4 v000002271a15d800_0;
    %dup/vec4;
    %pushi/vec4 0, 0, 2;
    %cmp/u;
    %jmp/1 T_53.2, 6;
    %dup/vec4;
    %pushi/vec4 1, 0, 2;
    %cmp/u;
    %jmp/1 T_53.3, 6;
    %dup/vec4;
    %pushi/vec4 2, 0, 2;
    %cmp/u;
    %jmp/1 T_53.4, 6;
    %dup/vec4;
    %pushi/vec4 3, 0, 2;
    %cmp/u;
    %jmp/1 T_53.5, 6;
    %pushi/vec4 1, 0, 1;
    %assign/vec4 v000002271a15b460_0, 0;
    %pushi/vec4 0, 0, 2;
    %assign/vec4 v000002271a15d800_0, 0;
    %pushi/vec4 0, 0, 7;
    %assign/vec4 v000002271a15b6e0_0, 0;
    %jmp T_53.7;
T_53.2 ;
    %pushi/vec4 1, 0, 1;
    %assign/vec4 v000002271a15b460_0, 0;
    %pushi/vec4 0, 0, 7;
    %assign/vec4 v000002271a15b6e0_0, 0;
    %load/vec4 v000002271a15b8c0_0;
    %flag_set/vec4 8;
    %jmp/0xz  T_53.8, 8;
    %load/vec4 v000002271a15c7c0_0;
    %assign/vec4 v000002271a15d4e0_0, 0;
    %pushi/vec4 0, 0, 3;
    %assign/vec4 v000002271a15b500_0, 0;
    %pushi/vec4 0, 0, 1;
    %assign/vec4 v000002271a15b460_0, 0;
    %pushi/vec4 99, 0, 7;
    %assign/vec4 v000002271a15b6e0_0, 0;
    %pushi/vec4 1, 0, 2;
    %assign/vec4 v000002271a15d800_0, 0;
T_53.8 ;
    %jmp T_53.7;
T_53.3 ;
    %load/vec4 v000002271a15b6e0_0;
    %pad/u 32;
    %cmpi/ne 0, 0, 32;
    %jmp/0xz  T_53.10, 4;
    %load/vec4 v000002271a15b6e0_0;
    %subi 1, 0, 7;
    %assign/vec4 v000002271a15b6e0_0, 0;
    %jmp T_53.11;
T_53.10 ;
    %load/vec4 v000002271a15d4e0_0;
    %parti/s 1, 0, 2;
    %assign/vec4 v000002271a15b460_0, 0;
    %pushi/vec4 99, 0, 7;
    %assign/vec4 v000002271a15b6e0_0, 0;
    %pushi/vec4 2, 0, 2;
    %assign/vec4 v000002271a15d800_0, 0;
T_53.11 ;
    %jmp T_53.7;
T_53.4 ;
    %load/vec4 v000002271a15b6e0_0;
    %pad/u 32;
    %cmpi/ne 0, 0, 32;
    %jmp/0xz  T_53.12, 4;
    %load/vec4 v000002271a15b6e0_0;
    %subi 1, 0, 7;
    %assign/vec4 v000002271a15b6e0_0, 0;
    %jmp T_53.13;
T_53.12 ;
    %load/vec4 v000002271a15b500_0;
    %cmpi/e 7, 0, 3;
    %jmp/0xz  T_53.14, 4;
    %pushi/vec4 1, 0, 1;
    %assign/vec4 v000002271a15b460_0, 0;
    %pushi/vec4 99, 0, 7;
    %assign/vec4 v000002271a15b6e0_0, 0;
    %pushi/vec4 3, 0, 2;
    %assign/vec4 v000002271a15d800_0, 0;
    %jmp T_53.15;
T_53.14 ;
    %load/vec4 v000002271a15b500_0;
    %addi 1, 0, 3;
    %assign/vec4 v000002271a15b500_0, 0;
    %load/vec4 v000002271a15d4e0_0;
    %load/vec4 v000002271a15b500_0;
    %addi 1, 0, 3;
    %part/u 1;
    %assign/vec4 v000002271a15b460_0, 0;
    %pushi/vec4 99, 0, 7;
    %assign/vec4 v000002271a15b6e0_0, 0;
T_53.15 ;
T_53.13 ;
    %jmp T_53.7;
T_53.5 ;
    %load/vec4 v000002271a15b6e0_0;
    %pad/u 32;
    %cmpi/ne 0, 0, 32;
    %jmp/0xz  T_53.16, 4;
    %load/vec4 v000002271a15b6e0_0;
    %subi 1, 0, 7;
    %assign/vec4 v000002271a15b6e0_0, 0;
    %jmp T_53.17;
T_53.16 ;
    %pushi/vec4 0, 0, 2;
    %assign/vec4 v000002271a15d800_0, 0;
T_53.17 ;
    %jmp T_53.7;
T_53.7 ;
    %pop/vec4 1;
T_53.1 ;
    %jmp T_53;
    .thread T_53;
    .scope S_000002271a159060;
T_54 ;
    %wait E_000002271a065830;
    %load/vec4 v000002271a163ac0_0;
    %nor/r;
    %flag_set/vec4 8;
    %jmp/0xz  T_54.0, 8;
    %pushi/vec4 0, 0, 1;
    %assign/vec4 v000002271a164ec0_0, 0;
    %pushi/vec4 0, 0, 1;
    %assign/vec4 v000002271a164880_0, 0;
    %pushi/vec4 0, 0, 64;
    %assign/vec4 v000002271a163980_0, 0;
    %pushi/vec4 4294967295, 0, 32;
    %concati/vec4 4294967295, 0, 32;
    %assign/vec4 v000002271a163a20_0, 0;
    %jmp T_54.1;
T_54.0 ;
    %load/vec4 v000002271a164ce0_0;
    %assign/vec4 v000002271a163980_0, 0;
    %load/vec4 v000002271a163480_0;
    %flag_set/vec4 8;
    %jmp/0xz  T_54.2, 8;
    %load/vec4 v000002271a164420_0;
    %parti/s 1, 0, 2;
    %assign/vec4 v000002271a164ec0_0, 0;
T_54.2 ;
    %load/vec4 v000002271a164e20_0;
    %flag_set/vec4 8;
    %jmp/0xz  T_54.4, 8;
    %load/vec4 v000002271a163160_0;
    %parti/s 1, 0, 2;
    %assign/vec4 v000002271a164880_0, 0;
T_54.4 ;
    %load/vec4 v000002271a165000_0;
    %flag_set/vec4 8;
    %jmp/0xz  T_54.6, 8;
    %load/vec4 v000002271a163700_0;
    %ix/load 4, 0, 0;
    %ix/load 5, 0, 0;
    %flag_set/imm 4, 0;
    %assign/vec4/off/d v000002271a163980_0, 4, 5;
T_54.6 ;
    %load/vec4 v000002271a163660_0;
    %flag_set/vec4 8;
    %jmp/0xz  T_54.8, 8;
    %load/vec4 v000002271a164b00_0;
    %ix/load 4, 32, 0;
    %ix/load 5, 0, 0;
    %flag_set/imm 4, 0;
    %assign/vec4/off/d v000002271a163980_0, 4, 5;
T_54.8 ;
    %load/vec4 v000002271a1638e0_0;
    %flag_set/vec4 8;
    %jmp/0xz  T_54.10, 8;
    %load/vec4 v000002271a163840_0;
    %ix/load 4, 0, 0;
    %ix/load 5, 0, 0;
    %flag_set/imm 4, 0;
    %assign/vec4/off/d v000002271a163a20_0, 4, 5;
T_54.10 ;
    %load/vec4 v000002271a162940_0;
    %flag_set/vec4 8;
    %jmp/0xz  T_54.12, 8;
    %load/vec4 v000002271a163ca0_0;
    %ix/load 4, 32, 0;
    %ix/load 5, 0, 0;
    %flag_set/imm 4, 0;
    %assign/vec4/off/d v000002271a163a20_0, 4, 5;
T_54.12 ;
T_54.1 ;
    %jmp T_54;
    .thread T_54;
    .scope S_000002271a0dff90;
T_55 ;
    %wait E_000002271a065bb0;
    %load/vec4 v000002271a03e970_0;
    %nor/r;
    %flag_set/vec4 8;
    %jmp/0xz  T_55.0, 8;
    %pushi/vec4 0, 0, 4;
    %assign/vec4 v000002271a03e290_0, 0;
    %pushi/vec4 0, 0, 1;
    %assign/vec4 v000002271a03e330_0, 0;
    %pushi/vec4 0, 0, 32;
    %assign/vec4 v000002271a03da70_0, 0;
    %pushi/vec4 0, 0, 1;
    %assign/vec4 v000002271a03e470_0, 0;
    %pushi/vec4 0, 0, 1;
    %assign/vec4 v000002271a03f730_0, 0;
    %pushi/vec4 0, 0, 2;
    %assign/vec4 v000002271a03de30_0, 0;
    %pushi/vec4 0, 0, 32;
    %assign/vec4 v000002271a03dd90_0, 0;
    %pushi/vec4 3, 0, 3;
    %assign/vec4 v000002271a03d250_0, 0;
    %pushi/vec4 0, 0, 8;
    %assign/vec4 v000002271a03d110_0, 0;
    %pushi/vec4 0, 0, 64;
    %assign/vec4 v000002271a03d7f0_0, 0;
    %pushi/vec4 0, 0, 8;
    %assign/vec4 v000002271a03e6f0_0, 0;
    %pushi/vec4 0, 0, 32;
    %assign/vec4 v000002271a03e0b0_0, 0;
    %pushi/vec4 0, 0, 1;
    %assign/vec4 v000002271a03d6b0_0, 0;
    %pushi/vec4 0, 0, 32;
    %assign/vec4 v000002271a03d610_0, 0;
    %pushi/vec4 0, 0, 4;
    %assign/vec4 v000002271a03e1f0_0, 0;
    %pushi/vec4 0, 0, 2;
    %assign/vec4 v000002271a03d070_0, 0;
    %pushi/vec4 0, 0, 1;
    %assign/vec4 v000002271a03e830_0, 0;
    %pushi/vec4 0, 0, 6;
    %assign/vec4 v000002271a03cfd0_0, 0;
    %pushi/vec4 0, 0, 20;
    %assign/vec4 v000002271a03d4d0_0, 0;
    %pushi/vec4 0, 0, 4;
    %assign/vec4 v000002271a03e150_0, 0;
    %pushi/vec4 0, 0, 1;
    %assign/vec4 v000002271a03e8d0_0, 0;
    %pushi/vec4 0, 0, 6;
    %assign/vec4 v000002271a03e650_0, 0;
    %pushi/vec4 0, 0, 20;
    %assign/vec4 v000002271a03ed30_0, 0;
    %pushi/vec4 0, 0, 20;
    %assign/vec4 v0000022719fbbb30_0, 0;
    %pushi/vec4 0, 0, 1;
    %assign/vec4 v0000022719fbef10_0, 0;
    %pushi/vec4 0, 0, 1;
    %assign/vec4 v0000022719fbd4d0_0, 0;
    %pushi/vec4 0, 0, 1;
    %assign/vec4 v000002271a03eab0_0, 0;
    %pushi/vec4 0, 0, 1;
    %assign/vec4 v000002271a03d390_0, 0;
    %pushi/vec4 0, 0, 512;
    %assign/vec4 v000002271a03db10_0, 0;
    %pushi/vec4 0, 0, 512;
    %assign/vec4 v000002271a03df70_0, 0;
    %pushi/vec4 0, 0, 1;
    %assign/vec4 v000002271a03dcf0_0, 0;
    %pushi/vec4 0, 0, 3;
    %assign/vec4 v000002271a03efb0_0, 0;
    %pushi/vec4 0, 0, 32;
    %assign/vec4 v0000022719fb8570_0, 0;
    %pushi/vec4 0, 0, 512;
    %assign/vec4 v0000022719fb87f0_0, 0;
    %pushi/vec4 0, 0, 512;
    %assign/vec4 v000002271a03ded0_0, 0;
    %pushi/vec4 0, 0, 1;
    %assign/vec4 v000002271a03f230_0, 0;
    %pushi/vec4 0, 0, 20;
    %assign/vec4 v000002271a03e790_0, 0;
    %pushi/vec4 0, 0, 1;
    %assign/vec4 v0000022719fb9ab0_0, 0;
    %pushi/vec4 0, 0, 32;
    %store/vec4 v000002271a03d750_0, 0, 32;
T_55.2 ;
    %load/vec4 v000002271a03d750_0;
    %cmpi/s 64, 0, 32;
    %jmp/0xz T_55.3, 5;
    %pushi/vec4 0, 0, 1;
    %ix/getv/s 3, v000002271a03d750_0;
    %ix/load 4, 0, 0; Constant delay
    %assign/vec4/a/d v0000022719fbbbd0, 0, 4;
    %pushi/vec4 0, 0, 1;
    %ix/getv/s 3, v000002271a03d750_0;
    %ix/load 4, 0, 0; Constant delay
    %assign/vec4/a/d v0000022719fbd110, 0, 4;
    %pushi/vec4 0, 0, 1;
    %ix/getv/s 3, v000002271a03d750_0;
    %ix/load 4, 0, 0; Constant delay
    %assign/vec4/a/d v000002271a03d2f0, 0, 4;
    %pushi/vec4 0, 0, 1;
    %ix/getv/s 3, v000002271a03d750_0;
    %ix/load 4, 0, 0; Constant delay
    %assign/vec4/a/d v000002271a03ec90, 0, 4;
    %pushi/vec4 0, 0, 1;
    %ix/getv/s 3, v000002271a03d750_0;
    %ix/load 4, 0, 0; Constant delay
    %assign/vec4/a/d v000002271a03dc50, 0, 4;
    %pushi/vec4 0, 0, 20;
    %ix/getv/s 3, v000002271a03d750_0;
    %ix/load 4, 0, 0; Constant delay
    %assign/vec4/a/d v000002271a03e3d0, 0, 4;
    %pushi/vec4 0, 0, 20;
    %ix/getv/s 3, v000002271a03d750_0;
    %ix/load 4, 0, 0; Constant delay
    %assign/vec4/a/d v000002271a03ee70, 0, 4;
    %pushi/vec4 0, 0, 512;
    %ix/getv/s 3, v000002271a03d750_0;
    %ix/load 4, 0, 0; Constant delay
    %assign/vec4/a/d v000002271a03f5f0, 0, 4;
    %pushi/vec4 0, 0, 512;
    %ix/getv/s 3, v000002271a03d750_0;
    %ix/load 4, 0, 0; Constant delay
    %assign/vec4/a/d v000002271a03f690, 0, 4;
    %load/vec4 v000002271a03d750_0;
    %addi 1, 0, 32;
    %store/vec4 v000002271a03d750_0, 0, 32;
    %jmp T_55.2;
T_55.3 ;
    %jmp T_55.1;
T_55.0 ;
    %load/vec4 v000002271a03e330_0;
    %flag_set/vec4 9;
    %flag_get/vec4 9;
    %jmp/0 T_55.6, 9;
    %load/vec4 v000002271a03f2d0_0;
    %and;
T_55.6;
    %flag_set/vec4 8;
    %jmp/0xz  T_55.4, 8;
    %pushi/vec4 0, 0, 1;
    %assign/vec4 v000002271a03e330_0, 0;
T_55.4 ;
    %load/vec4 v000002271a03e290_0;
    %cmpi/e 5, 0, 4;
    %jmp/1 T_55.10, 4;
    %flag_mov 9, 4;
    %load/vec4 v000002271a03e290_0;
    %cmpi/e 7, 0, 4;
    %flag_or 4, 9;
T_55.10;
    %flag_get/vec4 4;
    %jmp/1 T_55.9, 4;
    %load/vec4 v000002271a03e290_0;
    %pushi/vec4 10, 0, 4;
    %cmp/e;
    %flag_get/vec4 4;
    %or;
T_55.9;
    %nor/r;
    %flag_set/vec4 8;
    %jmp/0xz  T_55.7, 8;
    %pushi/vec4 0, 0, 1;
    %assign/vec4 v000002271a03f730_0, 0;
T_55.7 ;
    %load/vec4 v000002271a03e290_0;
    %dup/vec4;
    %pushi/vec4 0, 0, 4;
    %cmp/u;
    %jmp/1 T_55.11, 6;
    %dup/vec4;
    %pushi/vec4 1, 0, 4;
    %cmp/u;
    %jmp/1 T_55.12, 6;
    %dup/vec4;
    %pushi/vec4 2, 0, 4;
    %cmp/u;
    %jmp/1 T_55.13, 6;
    %dup/vec4;
    %pushi/vec4 3, 0, 4;
    %cmp/u;
    %jmp/1 T_55.14, 6;
    %dup/vec4;
    %pushi/vec4 4, 0, 4;
    %cmp/u;
    %jmp/1 T_55.15, 6;
    %dup/vec4;
    %pushi/vec4 5, 0, 4;
    %cmp/u;
    %jmp/1 T_55.16, 6;
    %dup/vec4;
    %pushi/vec4 6, 0, 4;
    %cmp/u;
    %jmp/1 T_55.17, 6;
    %dup/vec4;
    %pushi/vec4 7, 0, 4;
    %cmp/u;
    %jmp/1 T_55.18, 6;
    %dup/vec4;
    %pushi/vec4 8, 0, 4;
    %cmp/u;
    %jmp/1 T_55.19, 6;
    %dup/vec4;
    %pushi/vec4 9, 0, 4;
    %cmp/u;
    %jmp/1 T_55.20, 6;
    %dup/vec4;
    %pushi/vec4 10, 0, 4;
    %cmp/u;
    %jmp/1 T_55.21, 6;
    %dup/vec4;
    %pushi/vec4 11, 0, 4;
    %cmp/u;
    %jmp/1 T_55.22, 6;
    %pushi/vec4 0, 0, 4;
    %assign/vec4 v000002271a03e290_0, 0;
    %jmp T_55.24;
T_55.11 ;
    %pushi/vec4 0, 0, 1;
    %assign/vec4 v000002271a03e470_0, 0;
    %load/vec4 v000002271a03d9d0_0;
    %flag_set/vec4 8;
    %jmp/0xz  T_55.25, 8;
    %load/vec4 v000002271a03e010_0;
    %assign/vec4 v000002271a03e0b0_0, 0;
    %load/vec4 v000002271a03f050_0;
    %assign/vec4 v000002271a03d6b0_0, 0;
    %load/vec4 v000002271a03e510_0;
    %assign/vec4 v000002271a03d610_0, 0;
    %load/vec4 v000002271a03f4b0_0;
    %assign/vec4 v000002271a03e1f0_0, 0;
    %load/vec4 v000002271a03f410_0;
    %assign/vec4 v000002271a03d070_0, 0;
    %load/vec4 v000002271a03f550_0;
    %assign/vec4 v000002271a03e830_0, 0;
    %load/vec4 v000002271a03e010_0;
    %parti/s 6, 6, 4;
    %assign/vec4 v000002271a03cfd0_0, 0;
    %load/vec4 v000002271a03e010_0;
    %parti/s 20, 12, 5;
    %assign/vec4 v000002271a03d4d0_0, 0;
    %load/vec4 v000002271a03e010_0;
    %parti/s 4, 2, 3;
    %assign/vec4 v000002271a03e150_0, 0;
    %load/vec4 v000002271a03e010_0;
    %parti/s 1, 2, 3;
    %assign/vec4 v000002271a03e8d0_0, 0;
    %pushi/vec4 0, 0, 1;
    %assign/vec4 v0000022719fb9ab0_0, 0;
    %pushi/vec4 1, 0, 4;
    %assign/vec4 v000002271a03e290_0, 0;
T_55.25 ;
    %jmp T_55.24;
T_55.12 ;
    %load/vec4 v000002271a03cfd0_0;
    %assign/vec4 v000002271a03e650_0, 0;
    %load/vec4 v000002271a03cfd0_0;
    %pad/u 8;
    %ix/vec4 4;
    %load/vec4a v000002271a03e3d0, 4;
    %assign/vec4 v000002271a03ed30_0, 0;
    %load/vec4 v000002271a03cfd0_0;
    %pad/u 8;
    %ix/vec4 4;
    %load/vec4a v0000022719fbbbd0, 4;
    %assign/vec4 v0000022719fbef10_0, 0;
    %load/vec4 v000002271a03cfd0_0;
    %pad/u 8;
    %ix/vec4 4;
    %load/vec4a v000002271a03d2f0, 4;
    %assign/vec4 v000002271a03eab0_0, 0;
    %load/vec4 v000002271a03cfd0_0;
    %pad/u 8;
    %ix/vec4 4;
    %load/vec4a v000002271a03f5f0, 4;
    %assign/vec4 v000002271a03db10_0, 0;
    %load/vec4 v000002271a03cfd0_0;
    %pad/u 8;
    %ix/vec4 4;
    %load/vec4a v000002271a03ee70, 4;
    %assign/vec4 v0000022719fbbb30_0, 0;
    %load/vec4 v000002271a03cfd0_0;
    %pad/u 8;
    %ix/vec4 4;
    %load/vec4a v0000022719fbd110, 4;
    %assign/vec4 v0000022719fbd4d0_0, 0;
    %load/vec4 v000002271a03cfd0_0;
    %pad/u 8;
    %ix/vec4 4;
    %load/vec4a v000002271a03ec90, 4;
    %assign/vec4 v000002271a03d390_0, 0;
    %load/vec4 v000002271a03cfd0_0;
    %pad/u 8;
    %ix/vec4 4;
    %load/vec4a v000002271a03f690, 4;
    %assign/vec4 v000002271a03df70_0, 0;
    %load/vec4 v000002271a03cfd0_0;
    %pad/u 8;
    %ix/vec4 4;
    %load/vec4a v000002271a03dc50, 4;
    %assign/vec4 v000002271a03dcf0_0, 0;
    %pushi/vec4 2, 0, 4;
    %assign/vec4 v000002271a03e290_0, 0;
    %jmp T_55.24;
T_55.13 ;
    %load/vec4 v000002271a03e830_0;
    %flag_set/vec4 8;
    %jmp/0xz  T_55.27, 8;
    %pushi/vec4 10, 0, 4;
    %assign/vec4 v000002271a03e290_0, 0;
    %jmp T_55.28;
T_55.27 ;
    %load/vec4 v000002271a03ebf0_0;
    %flag_set/vec4 8;
    %jmp/0xz  T_55.29, 8;
    %load/vec4 v0000022719fbcf30_0;
    %cmpi/e 0, 0, 1;
    %flag_mov 8, 4;
    %jmp/0 T_55.31, 8;
    %pushi/vec4 1, 0, 1;
    %jmp/1 T_55.32, 8;
T_55.31 ; End of true expr.
    %pushi/vec4 0, 0, 1;
    %jmp/0 T_55.32, 8;
 ; End of false expr.
    %blend;
T_55.32;
    %load/vec4 v000002271a03e650_0;
    %pad/u 8;
    %ix/vec4 3;
    %ix/load 4, 0, 0; Constant delay
    %assign/vec4/a/d v000002271a03dc50, 0, 4;
    %load/vec4 v000002271a03d6b0_0;
    %nor/r;
    %flag_set/vec4 8;
    %jmp/0xz  T_55.33, 8;
    %load/vec4 v0000022719fbcf30_0;
    %cmpi/e 0, 0, 1;
    %jmp/0xz  T_55.35, 4;
    %load/vec4 v000002271a03db10_0;
    %load/vec4 v000002271a03e150_0;
    %store/vec4 v000002271a043790_0, 0, 4;
    %store/vec4 v000002271a043dd0_0, 0, 512;
    %callf/vec4 TD_icache_pipeline_tb.dut.u_dcache.line_get_word32, S_000002271a0dfae0;
    %assign/vec4 v000002271a03da70_0, 0;
    %jmp T_55.36;
T_55.35 ;
    %load/vec4 v000002271a03df70_0;
    %load/vec4 v000002271a03e150_0;
    %store/vec4 v000002271a043790_0, 0, 4;
    %store/vec4 v000002271a043dd0_0, 0, 512;
    %callf/vec4 TD_icache_pipeline_tb.dut.u_dcache.line_get_word32, S_000002271a0dfae0;
    %assign/vec4 v000002271a03da70_0, 0;
T_55.36 ;
    %pushi/vec4 0, 0, 1;
    %assign/vec4 v000002271a03e470_0, 0;
    %pushi/vec4 1, 0, 1;
    %assign/vec4 v000002271a03e330_0, 0;
    %pushi/vec4 3, 0, 4;
    %assign/vec4 v000002271a03e290_0, 0;
    %jmp T_55.34;
T_55.33 ;
    %load/vec4 v000002271a03f190_0;
    %flag_set/vec4 8;
    %jmp/0xz  T_55.37, 8;
    %load/vec4 v000002271a03db10_0;
    %load/vec4 v000002271a03e150_0;
    %store/vec4 v000002271a043790_0, 0, 4;
    %store/vec4 v000002271a043dd0_0, 0, 512;
    %callf/vec4 TD_icache_pipeline_tb.dut.u_dcache.line_get_word32, S_000002271a0dfae0;
    %store/vec4 v000002271a03f0f0_0, 0, 32;
    %load/vec4 v000002271a03f0f0_0;
    %load/vec4 v000002271a03d610_0;
    %load/vec4 v000002271a03e1f0_0;
    %store/vec4 v000002271a043830_0, 0, 4;
    %store/vec4 v000002271a043fb0_0, 0, 32;
    %store/vec4 v000002271a042890_0, 0, 32;
    %callf/vec4 TD_icache_pipeline_tb.dut.u_dcache.merge_wstrb32, S_000002271a0deff0;
    %store/vec4 v000002271a03eb50_0, 0, 32;
    %load/vec4 v000002271a03db10_0;
    %load/vec4 v000002271a03e150_0;
    %load/vec4 v000002271a03eb50_0;
    %store/vec4 v000002271a0436f0_0, 0, 32;
    %store/vec4 v000002271a043f10_0, 0, 4;
    %store/vec4 v000002271a042930_0, 0, 512;
    %callf/vec4 TD_icache_pipeline_tb.dut.u_dcache.line_set_word32, S_000002271a0dfe00;
    %store/vec4 v000002271a03f370_0, 0, 512;
    %load/vec4 v000002271a03f370_0;
    %load/vec4 v000002271a03e650_0;
    %pad/u 8;
    %ix/vec4 3;
    %ix/load 4, 0, 0; Constant delay
    %assign/vec4/a/d v000002271a03f5f0, 0, 4;
    %pushi/vec4 1, 0, 1;
    %load/vec4 v000002271a03e650_0;
    %pad/u 8;
    %ix/vec4 3;
    %ix/load 4, 0, 0; Constant delay
    %assign/vec4/a/d v000002271a03d2f0, 0, 4;
    %jmp T_55.38;
T_55.37 ;
    %load/vec4 v000002271a03df70_0;
    %load/vec4 v000002271a03e150_0;
    %store/vec4 v000002271a043790_0, 0, 4;
    %store/vec4 v000002271a043dd0_0, 0, 512;
    %callf/vec4 TD_icache_pipeline_tb.dut.u_dcache.line_get_word32, S_000002271a0dfae0;
    %store/vec4 v000002271a03f0f0_0, 0, 32;
    %load/vec4 v000002271a03f0f0_0;
    %load/vec4 v000002271a03d610_0;
    %load/vec4 v000002271a03e1f0_0;
    %store/vec4 v000002271a043830_0, 0, 4;
    %store/vec4 v000002271a043fb0_0, 0, 32;
    %store/vec4 v000002271a042890_0, 0, 32;
    %callf/vec4 TD_icache_pipeline_tb.dut.u_dcache.merge_wstrb32, S_000002271a0deff0;
    %store/vec4 v000002271a03eb50_0, 0, 32;
    %load/vec4 v000002271a03df70_0;
    %load/vec4 v000002271a03e150_0;
    %load/vec4 v000002271a03eb50_0;
    %store/vec4 v000002271a0436f0_0, 0, 32;
    %store/vec4 v000002271a043f10_0, 0, 4;
    %store/vec4 v000002271a042930_0, 0, 512;
    %callf/vec4 TD_icache_pipeline_tb.dut.u_dcache.line_set_word32, S_000002271a0dfe00;
    %store/vec4 v000002271a03f370_0, 0, 512;
    %load/vec4 v000002271a03f370_0;
    %load/vec4 v000002271a03e650_0;
    %pad/u 8;
    %ix/vec4 3;
    %ix/load 4, 0, 0; Constant delay
    %assign/vec4/a/d v000002271a03f690, 0, 4;
    %pushi/vec4 1, 0, 1;
    %load/vec4 v000002271a03e650_0;
    %pad/u 8;
    %ix/vec4 3;
    %ix/load 4, 0, 0; Constant delay
    %assign/vec4/a/d v000002271a03ec90, 0, 4;
T_55.38 ;
    %pushi/vec4 0, 0, 32;
    %assign/vec4 v000002271a03da70_0, 0;
    %pushi/vec4 0, 0, 1;
    %assign/vec4 v000002271a03e470_0, 0;
    %pushi/vec4 1, 0, 1;
    %assign/vec4 v000002271a03e330_0, 0;
    %pushi/vec4 3, 0, 4;
    %assign/vec4 v000002271a03e290_0, 0;
T_55.34 ;
    %jmp T_55.30;
T_55.29 ;
    %load/vec4 v000002271a03d6b0_0;
    %flag_set/vec4 8;
    %jmp/0xz  T_55.39, 8;
    %pushi/vec4 10, 0, 4;
    %assign/vec4 v000002271a03e290_0, 0;
    %jmp T_55.40;
T_55.39 ;
    %pushi/vec4 4, 0, 4;
    %assign/vec4 v000002271a03e290_0, 0;
T_55.40 ;
T_55.30 ;
T_55.28 ;
    %jmp T_55.24;
T_55.14 ;
    %load/vec4 v000002271a03e330_0;
    %flag_set/vec4 9;
    %flag_get/vec4 9;
    %jmp/0 T_55.43, 9;
    %load/vec4 v000002271a03f2d0_0;
    %and;
T_55.43;
    %flag_set/vec4 8;
    %jmp/0xz  T_55.41, 8;
    %pushi/vec4 0, 0, 4;
    %assign/vec4 v000002271a03e290_0, 0;
T_55.41 ;
    %jmp T_55.24;
T_55.15 ;
    %load/vec4 v0000022719fb8390_0;
    %assign/vec4 v000002271a03f230_0, 0;
    %load/vec4 v000002271a03d4d0_0;
    %assign/vec4 v000002271a03e790_0, 0;
    %load/vec4 v0000022719fbe1f0_0;
    %assign/vec4 v0000022719fb87f0_0, 0;
    %load/vec4 v0000022719fbe330_0;
    %load/vec4 v000002271a03e650_0;
    %concat/vec4; draw_concat_vec4
    %concati/vec4 0, 0, 6;
    %assign/vec4 v0000022719fb8570_0, 0;
    %pushi/vec4 0, 0, 3;
    %assign/vec4 v000002271a03efb0_0, 0;
    %load/vec4 v0000022719fba410_0;
    %flag_set/vec4 9;
    %flag_get/vec4 9;
    %jmp/0 T_55.46, 9;
    %load/vec4 v0000022719fbe0b0_0;
    %and;
T_55.46;
    %flag_set/vec4 8;
    %jmp/0xz  T_55.44, 8;
    %pushi/vec4 5, 0, 4;
    %assign/vec4 v000002271a03e290_0, 0;
    %jmp T_55.45;
T_55.44 ;
    %pushi/vec4 7, 0, 4;
    %assign/vec4 v000002271a03e290_0, 0;
T_55.45 ;
    %jmp T_55.24;
T_55.16 ;
    %pushi/vec4 1, 0, 1;
    %assign/vec4 v000002271a03f730_0, 0;
    %pushi/vec4 3, 0, 2;
    %assign/vec4 v000002271a03de30_0, 0;
    %load/vec4 v0000022719fb8570_0;
    %assign/vec4 v000002271a03dd90_0, 0;
    %pushi/vec4 3, 0, 3;
    %assign/vec4 v000002271a03d250_0, 0;
    %pushi/vec4 7, 0, 8;
    %assign/vec4 v000002271a03d110_0, 0;
    %load/vec4 v0000022719fb87f0_0;
    %load/vec4 v000002271a03efb0_0;
    %store/vec4 v000002271a043a10_0, 0, 3;
    %store/vec4 v000002271a043b50_0, 0, 512;
    %callf/vec4 TD_icache_pipeline_tb.dut.u_dcache.line_get_beat64, S_000002271a0dfc70;
    %assign/vec4 v000002271a03d7f0_0, 0;
    %pushi/vec4 255, 0, 8;
    %assign/vec4 v000002271a03e6f0_0, 0;
    %load/vec4 v000002271a03f730_0;
    %flag_set/vec4 9;
    %flag_get/vec4 9;
    %jmp/0 T_55.49, 9;
    %load/vec4 v000002271a03d1b0_0;
    %and;
T_55.49;
    %flag_set/vec4 8;
    %jmp/0xz  T_55.47, 8;
    %load/vec4 v000002271a03efb0_0;
    %cmpi/e 7, 0, 3;
    %jmp/0xz  T_55.50, 4;
    %pushi/vec4 0, 0, 1;
    %assign/vec4 v000002271a03f730_0, 0;
    %pushi/vec4 6, 0, 4;
    %assign/vec4 v000002271a03e290_0, 0;
    %jmp T_55.51;
T_55.50 ;
    %load/vec4 v000002271a03efb0_0;
    %addi 1, 0, 3;
    %assign/vec4 v000002271a03efb0_0, 0;
    %load/vec4 v0000022719fb87f0_0;
    %load/vec4 v000002271a03efb0_0;
    %addi 1, 0, 3;
    %store/vec4 v000002271a043a10_0, 0, 3;
    %store/vec4 v000002271a043b50_0, 0, 512;
    %callf/vec4 TD_icache_pipeline_tb.dut.u_dcache.line_get_beat64, S_000002271a0dfc70;
    %assign/vec4 v000002271a03d7f0_0, 0;
T_55.51 ;
T_55.47 ;
    %jmp T_55.24;
T_55.17 ;
    %load/vec4 v000002271a03d570_0;
    %flag_set/vec4 9;
    %flag_get/vec4 9;
    %jmp/0 T_55.54, 9;
    %load/vec4 v000002271a03ef10_0;
    %and;
T_55.54;
    %flag_set/vec4 8;
    %jmp/0xz  T_55.52, 8;
    %load/vec4 v000002271a03d430_0;
    %assign/vec4 v0000022719fb9ab0_0, 0;
    %load/vec4 v000002271a03d430_0;
    %flag_set/vec4 8;
    %jmp/0xz  T_55.55, 8;
    %pushi/vec4 0, 0, 32;
    %assign/vec4 v000002271a03da70_0, 0;
    %pushi/vec4 1, 0, 1;
    %assign/vec4 v000002271a03e470_0, 0;
    %pushi/vec4 1, 0, 1;
    %assign/vec4 v000002271a03e330_0, 0;
    %pushi/vec4 3, 0, 4;
    %assign/vec4 v000002271a03e290_0, 0;
    %jmp T_55.56;
T_55.55 ;
    %pushi/vec4 7, 0, 4;
    %assign/vec4 v000002271a03e290_0, 0;
T_55.56 ;
T_55.52 ;
    %jmp T_55.24;
T_55.18 ;
    %pushi/vec4 1, 0, 1;
    %assign/vec4 v000002271a03f730_0, 0;
    %pushi/vec4 0, 0, 2;
    %assign/vec4 v000002271a03de30_0, 0;
    %load/vec4 v000002271a03d4d0_0;
    %load/vec4 v000002271a03e650_0;
    %concat/vec4; draw_concat_vec4
    %concati/vec4 0, 0, 6;
    %assign/vec4 v000002271a03dd90_0, 0;
    %pushi/vec4 3, 0, 3;
    %assign/vec4 v000002271a03d250_0, 0;
    %pushi/vec4 7, 0, 8;
    %assign/vec4 v000002271a03d110_0, 0;
    %pushi/vec4 0, 0, 64;
    %assign/vec4 v000002271a03d7f0_0, 0;
    %pushi/vec4 0, 0, 8;
    %assign/vec4 v000002271a03e6f0_0, 0;
    %load/vec4 v000002271a03f730_0;
    %flag_set/vec4 9;
    %flag_get/vec4 9;
    %jmp/0 T_55.59, 9;
    %load/vec4 v000002271a03d1b0_0;
    %and;
T_55.59;
    %flag_set/vec4 8;
    %jmp/0xz  T_55.57, 8;
    %pushi/vec4 0, 0, 512;
    %assign/vec4 v000002271a03ded0_0, 0;
    %pushi/vec4 0, 0, 1;
    %assign/vec4 v000002271a03f730_0, 0;
    %pushi/vec4 0, 0, 3;
    %assign/vec4 v000002271a03efb0_0, 0;
    %pushi/vec4 8, 0, 4;
    %assign/vec4 v000002271a03e290_0, 0;
T_55.57 ;
    %jmp T_55.24;
T_55.19 ;
    %load/vec4 v000002271a03d570_0;
    %flag_set/vec4 9;
    %flag_get/vec4 9;
    %jmp/0 T_55.62, 9;
    %load/vec4 v000002271a03ef10_0;
    %and;
T_55.62;
    %flag_set/vec4 8;
    %jmp/0xz  T_55.60, 8;
    %load/vec4 v000002271a03ded0_0;
    %load/vec4 v000002271a03efb0_0;
    %load/vec4 v000002271a03dbb0_0;
    %store/vec4 v000002271a043470_0, 0, 64;
    %store/vec4 v000002271a043150_0, 0, 3;
    %store/vec4 v000002271a0427f0_0, 0, 512;
    %callf/vec4 TD_icache_pipeline_tb.dut.u_dcache.line_set_beat64, S_000002271a0e05d0;
    %assign/vec4 v000002271a03ded0_0, 0;
    %load/vec4 v000002271a03d430_0;
    %flag_set/vec4 8;
    %jmp/0xz  T_55.63, 8;
    %pushi/vec4 0, 0, 32;
    %assign/vec4 v000002271a03da70_0, 0;
    %pushi/vec4 1, 0, 1;
    %load/vec4 v0000022719fb9ab0_0;
    %or;
    %assign/vec4 v000002271a03e470_0, 0;
    %pushi/vec4 1, 0, 1;
    %assign/vec4 v000002271a03e330_0, 0;
    %pushi/vec4 3, 0, 4;
    %assign/vec4 v000002271a03e290_0, 0;
    %jmp T_55.64;
T_55.63 ;
    %load/vec4 v000002271a03ea10_0;
    %flag_set/vec4 8;
    %jmp/0xz  T_55.65, 8;
    %load/vec4 v000002271a03efb0_0;
    %cmpi/e 7, 0, 3;
    %jmp/0xz  T_55.67, 4;
    %pushi/vec4 9, 0, 4;
    %assign/vec4 v000002271a03e290_0, 0;
    %jmp T_55.68;
T_55.67 ;
    %pushi/vec4 0, 0, 32;
    %assign/vec4 v000002271a03da70_0, 0;
    %pushi/vec4 1, 0, 1;
    %load/vec4 v0000022719fb9ab0_0;
    %or;
    %assign/vec4 v000002271a03e470_0, 0;
    %pushi/vec4 1, 0, 1;
    %assign/vec4 v000002271a03e330_0, 0;
    %pushi/vec4 3, 0, 4;
    %assign/vec4 v000002271a03e290_0, 0;
T_55.68 ;
    %jmp T_55.66;
T_55.65 ;
    %load/vec4 v000002271a03efb0_0;
    %addi 1, 0, 3;
    %assign/vec4 v000002271a03efb0_0, 0;
T_55.66 ;
T_55.64 ;
T_55.60 ;
    %jmp T_55.24;
T_55.20 ;
    %load/vec4 v000002271a03f230_0;
    %cmpi/e 0, 0, 1;
    %jmp/0xz  T_55.69, 4;
    %load/vec4 v000002271a03ded0_0;
    %load/vec4 v000002271a03e650_0;
    %pad/u 8;
    %ix/vec4 3;
    %ix/load 4, 0, 0; Constant delay
    %assign/vec4/a/d v000002271a03f5f0, 0, 4;
    %load/vec4 v000002271a03e790_0;
    %load/vec4 v000002271a03e650_0;
    %pad/u 8;
    %ix/vec4 3;
    %ix/load 4, 0, 0; Constant delay
    %assign/vec4/a/d v000002271a03e3d0, 0, 4;
    %pushi/vec4 1, 0, 1;
    %load/vec4 v000002271a03e650_0;
    %pad/u 8;
    %ix/vec4 3;
    %ix/load 4, 0, 0; Constant delay
    %assign/vec4/a/d v0000022719fbbbd0, 0, 4;
    %pushi/vec4 0, 0, 1;
    %load/vec4 v000002271a03e650_0;
    %pad/u 8;
    %ix/vec4 3;
    %ix/load 4, 0, 0; Constant delay
    %assign/vec4/a/d v000002271a03d2f0, 0, 4;
    %jmp T_55.70;
T_55.69 ;
    %load/vec4 v000002271a03ded0_0;
    %load/vec4 v000002271a03e650_0;
    %pad/u 8;
    %ix/vec4 3;
    %ix/load 4, 0, 0; Constant delay
    %assign/vec4/a/d v000002271a03f690, 0, 4;
    %load/vec4 v000002271a03e790_0;
    %load/vec4 v000002271a03e650_0;
    %pad/u 8;
    %ix/vec4 3;
    %ix/load 4, 0, 0; Constant delay
    %assign/vec4/a/d v000002271a03ee70, 0, 4;
    %pushi/vec4 1, 0, 1;
    %load/vec4 v000002271a03e650_0;
    %pad/u 8;
    %ix/vec4 3;
    %ix/load 4, 0, 0; Constant delay
    %assign/vec4/a/d v0000022719fbd110, 0, 4;
    %pushi/vec4 0, 0, 1;
    %load/vec4 v000002271a03e650_0;
    %pad/u 8;
    %ix/vec4 3;
    %ix/load 4, 0, 0; Constant delay
    %assign/vec4/a/d v000002271a03ec90, 0, 4;
T_55.70 ;
    %load/vec4 v000002271a03f230_0;
    %cmpi/e 0, 0, 1;
    %flag_mov 8, 4;
    %jmp/0 T_55.71, 8;
    %pushi/vec4 1, 0, 1;
    %jmp/1 T_55.72, 8;
T_55.71 ; End of true expr.
    %pushi/vec4 0, 0, 1;
    %jmp/0 T_55.72, 8;
 ; End of false expr.
    %blend;
T_55.72;
    %load/vec4 v000002271a03e650_0;
    %pad/u 8;
    %ix/vec4 3;
    %ix/load 4, 0, 0; Constant delay
    %assign/vec4/a/d v000002271a03dc50, 0, 4;
    %load/vec4 v000002271a03ded0_0;
    %load/vec4 v000002271a03e150_0;
    %store/vec4 v000002271a043790_0, 0, 4;
    %store/vec4 v000002271a043dd0_0, 0, 512;
    %callf/vec4 TD_icache_pipeline_tb.dut.u_dcache.line_get_word32, S_000002271a0dfae0;
    %assign/vec4 v000002271a03da70_0, 0;
    %load/vec4 v000002271a03d430_0;
    %load/vec4 v0000022719fb9ab0_0;
    %or;
    %assign/vec4 v000002271a03e470_0, 0;
    %pushi/vec4 1, 0, 1;
    %assign/vec4 v000002271a03e330_0, 0;
    %pushi/vec4 3, 0, 4;
    %assign/vec4 v000002271a03e290_0, 0;
    %jmp T_55.24;
T_55.21 ;
    %pushi/vec4 1, 0, 1;
    %assign/vec4 v000002271a03f730_0, 0;
    %load/vec4 v000002271a03e0b0_0;
    %assign/vec4 v000002271a03dd90_0, 0;
    %pushi/vec4 0, 0, 8;
    %assign/vec4 v000002271a03d110_0, 0;
    %load/vec4 v000002271a03d6b0_0;
    %nor/r;
    %flag_set/vec4 8;
    %jmp/0xz  T_55.73, 8;
    %pushi/vec4 1, 0, 2;
    %assign/vec4 v000002271a03de30_0, 0;
    %pushi/vec4 2, 0, 3;
    %assign/vec4 v000002271a03d250_0, 0;
    %pushi/vec4 0, 0, 64;
    %assign/vec4 v000002271a03d7f0_0, 0;
    %pushi/vec4 0, 0, 8;
    %assign/vec4 v000002271a03e6f0_0, 0;
    %jmp T_55.74;
T_55.73 ;
    %pushi/vec4 2, 0, 2;
    %assign/vec4 v000002271a03de30_0, 0;
    %pushi/vec4 2, 0, 3;
    %assign/vec4 v000002271a03d250_0, 0;
    %load/vec4 v000002271a03e8d0_0;
    %flag_set/vec4 8;
    %jmp/0xz  T_55.75, 8;
    %load/vec4 v000002271a03d610_0;
    %concati/vec4 0, 0, 32;
    %assign/vec4 v000002271a03d7f0_0, 0;
    %load/vec4 v000002271a03e1f0_0;
    %concati/vec4 0, 0, 4;
    %assign/vec4 v000002271a03e6f0_0, 0;
    %jmp T_55.76;
T_55.75 ;
    %pushi/vec4 0, 0, 32;
    %load/vec4 v000002271a03d610_0;
    %concat/vec4; draw_concat_vec4
    %assign/vec4 v000002271a03d7f0_0, 0;
    %pushi/vec4 0, 0, 4;
    %load/vec4 v000002271a03e1f0_0;
    %concat/vec4; draw_concat_vec4
    %assign/vec4 v000002271a03e6f0_0, 0;
T_55.76 ;
T_55.74 ;
    %load/vec4 v000002271a03f730_0;
    %flag_set/vec4 9;
    %flag_get/vec4 9;
    %jmp/0 T_55.79, 9;
    %load/vec4 v000002271a03d1b0_0;
    %and;
T_55.79;
    %flag_set/vec4 8;
    %jmp/0xz  T_55.77, 8;
    %pushi/vec4 0, 0, 1;
    %assign/vec4 v000002271a03f730_0, 0;
    %pushi/vec4 11, 0, 4;
    %assign/vec4 v000002271a03e290_0, 0;
T_55.77 ;
    %jmp T_55.24;
T_55.22 ;
    %load/vec4 v000002271a03d570_0;
    %flag_set/vec4 9;
    %flag_get/vec4 9;
    %jmp/0 T_55.82, 9;
    %load/vec4 v000002271a03ef10_0;
    %and;
T_55.82;
    %flag_set/vec4 8;
    %jmp/0xz  T_55.80, 8;
    %load/vec4 v000002271a03d430_0;
    %assign/vec4 v000002271a03e470_0, 0;
    %load/vec4 v000002271a03d6b0_0;
    %nor/r;
    %flag_set/vec4 8;
    %jmp/0xz  T_55.83, 8;
    %load/vec4 v000002271a03e8d0_0;
    %flag_set/vec4 8;
    %jmp/0 T_55.85, 8;
    %load/vec4 v000002271a03dbb0_0;
    %parti/s 32, 32, 7;
    %jmp/1 T_55.86, 8;
T_55.85 ; End of true expr.
    %load/vec4 v000002271a03dbb0_0;
    %parti/s 32, 0, 2;
    %jmp/0 T_55.86, 8;
 ; End of false expr.
    %blend;
T_55.86;
    %assign/vec4 v000002271a03da70_0, 0;
    %jmp T_55.84;
T_55.83 ;
    %pushi/vec4 0, 0, 32;
    %assign/vec4 v000002271a03da70_0, 0;
T_55.84 ;
    %pushi/vec4 1, 0, 1;
    %assign/vec4 v000002271a03e330_0, 0;
    %pushi/vec4 3, 0, 4;
    %assign/vec4 v000002271a03e290_0, 0;
T_55.80 ;
    %jmp T_55.24;
T_55.24 ;
    %pop/vec4 1;
T_55.1 ;
    %jmp T_55;
    .thread T_55;
    .scope S_000002271a159830;
T_56 ;
    %wait E_000002271a066230;
    %load/vec4 v000002271a169b00_0;
    %store/vec4 v000002271a1696a0_0, 0, 1;
    %load/vec4 v000002271a169600_0;
    %store/vec4 v000002271a169a60_0, 0, 5;
    %load/vec4 v000002271a168840_0;
    %store/vec4 v000002271a168660_0, 0, 1;
    %load/vec4 v000002271a167b20_0;
    %store/vec4 v000002271a1688e0_0, 0, 32;
    %load/vec4 v000002271a168160_0;
    %flag_set/vec4 8;
    %jmp/0xz  T_56.0, 8;
    %pushi/vec4 0, 0, 1;
    %store/vec4 v000002271a1696a0_0, 0, 1;
    %pushi/vec4 0, 0, 1;
    %store/vec4 v000002271a168660_0, 0, 1;
    %jmp T_56.1;
T_56.0 ;
    %load/vec4 v000002271a169380_0;
    %flag_set/vec4 8;
    %jmp/0xz  T_56.2, 8;
    %pushi/vec4 0, 0, 1;
    %store/vec4 v000002271a1696a0_0, 0, 1;
    %pushi/vec4 0, 0, 1;
    %store/vec4 v000002271a168660_0, 0, 1;
    %jmp T_56.3;
T_56.2 ;
    %load/vec4 v000002271a169380_0;
    %nor/r;
    %flag_set/vec4 8;
    %jmp/0xz  T_56.4, 8;
    %load/vec4 v000002271a168520_0;
    %store/vec4 v000002271a1696a0_0, 0, 1;
    %load/vec4 v000002271a1699c0_0;
    %store/vec4 v000002271a169a60_0, 0, 5;
    %load/vec4 v000002271a168520_0;
    %flag_set/vec4 8;
    %jmp/0 T_56.6, 8;
    %load/vec4 v000002271a167f80_0;
    %jmp/1 T_56.7, 8;
T_56.6 ; End of true expr.
    %pushi/vec4 0, 0, 1;
    %jmp/0 T_56.7, 8;
 ; End of false expr.
    %blend;
T_56.7;
    %store/vec4 v000002271a168660_0, 0, 1;
    %load/vec4 v000002271a169420_0;
    %load/vec4 v000002271a16a000_0;
    %load/vec4 v000002271a168ca0_0;
    %load/vec4 v000002271a169560_0;
    %store/vec4 v000002271a169240_0, 0, 32;
    %store/vec4 v000002271a1680c0_0, 0, 32;
    %store/vec4 v000002271a1694c0_0, 0, 32;
    %store/vec4 v000002271a169920_0, 0, 2;
    %callf/vec4 TD_icache_pipeline_tb.dut.u_mem_wb.wb_mux, S_000002271a159e70;
    %store/vec4 v000002271a1688e0_0, 0, 32;
T_56.4 ;
T_56.3 ;
T_56.1 ;
    %jmp T_56;
    .thread T_56, $push;
    .scope S_000002271a159830;
T_57 ;
    %wait E_000002271a065830;
    %load/vec4 v000002271a167940_0;
    %nor/r;
    %flag_set/vec4 8;
    %jmp/0xz  T_57.0, 8;
    %pushi/vec4 0, 0, 1;
    %assign/vec4 v000002271a169b00_0, 0;
    %pushi/vec4 0, 0, 5;
    %assign/vec4 v000002271a169600_0, 0;
    %pushi/vec4 0, 0, 1;
    %assign/vec4 v000002271a168840_0, 0;
    %pushi/vec4 0, 0, 32;
    %assign/vec4 v000002271a167b20_0, 0;
    %jmp T_57.1;
T_57.0 ;
    %load/vec4 v000002271a1696a0_0;
    %assign/vec4 v000002271a169b00_0, 0;
    %load/vec4 v000002271a169a60_0;
    %assign/vec4 v000002271a169600_0, 0;
    %load/vec4 v000002271a168660_0;
    %assign/vec4 v000002271a168840_0, 0;
    %load/vec4 v000002271a1688e0_0;
    %assign/vec4 v000002271a167b20_0, 0;
T_57.1 ;
    %jmp T_57;
    .thread T_57;
    .scope S_0000022719002620;
T_58 ;
    %wait E_000002271a065bf0;
    %load/vec4 v000002271998d9d0_0;
    %flag_set/vec4 8;
    %jmp/0xz  T_58.0, 8;
    %vpi_call/w 13 129 "$display", "[%0t] HAZARD pending load hit rs1=%0d rs2=%0d mask=0x%08x", $time, v000002271998ed30_0, v000002271998de30_0, v000002271998e470_0 {0 0 0};
T_58.0 ;
    %jmp T_58;
    .thread T_58, $push;
    .scope S_000002271a0df4a0;
T_59 ;
    %pushi/vec4 0, 0, 2;
    %store/vec4 v000002271a17aa90_0, 0, 2;
    %end;
    .thread T_59, $init;
    .scope S_000002271a0df4a0;
T_60 ;
    %wait E_000002271a065bb0;
    %load/vec4 v000002271a18d520_0;
    %nor/r;
    %flag_set/vec4 8;
    %jmp/0xz  T_60.0, 8;
    %pushi/vec4 0, 0, 2;
    %assign/vec4 v000002271a17aa90_0, 0;
    %jmp T_60.1;
T_60.0 ;
    %load/vec4 v000002271a17ab30_0;
    %nor/r;
    %flag_set/vec4 8;
    %jmp/1 T_60.4, 8;
    %load/vec4 v000002271a18de80_0;
    %flag_set/vec4 9;
    %flag_or 8, 9;
T_60.4;
    %jmp/0xz  T_60.2, 8;
    %pushi/vec4 0, 0, 2;
    %assign/vec4 v000002271a17aa90_0, 0;
    %jmp T_60.3;
T_60.2 ;
    %load/vec4 v000002271a17aa90_0;
    %parti/s 1, 0, 2;
    %concati/vec4 1, 0, 1;
    %assign/vec4 v000002271a17aa90_0, 0;
T_60.3 ;
T_60.1 ;
    %jmp T_60;
    .thread T_60;
    .scope S_000002271a0df4a0;
T_61 ;
    %wait E_000002271a065570;
    %load/vec4 v000002271a18e600_0;
    %flag_set/vec4 8;
    %jmp/1 T_61.2, 8;
    %load/vec4 v000002271a18b2c0_0;
    %nor/r;
    %flag_set/vec4 9;
    %flag_or 8, 9;
T_61.2;
    %jmp/0xz  T_61.0, 8;
    %pushi/vec4 1, 0, 1;
    %assign/vec4 v000002271a18e740_0, 0;
    %pushi/vec4 1, 0, 1;
    %assign/vec4 v000002271a18f3c0_0, 0;
    %pushi/vec4 1, 0, 1;
    %assign/vec4 v000002271a18fdc0_0, 0;
    %pushi/vec4 0, 0, 1;
    %assign/vec4 v000002271a178510_0, 0;
    %pushi/vec4 0, 0, 1;
    %assign/vec4 v000002271a178830_0, 0;
    %pushi/vec4 0, 0, 26;
    %assign/vec4 v000002271a176ad0_0, 0;
    %pushi/vec4 0, 0, 25;
    %assign/vec4 v000002271a18e420_0, 0;
    %jmp T_61.1;
T_61.0 ;
    %load/vec4 v000002271a18e4c0_0;
    %assign/vec4 v000002271a18e740_0, 0;
    %load/vec4 v000002271a18e740_0;
    %assign/vec4 v000002271a18f3c0_0, 0;
    %load/vec4 v000002271a18f3c0_0;
    %assign/vec4 v000002271a18fdc0_0, 0;
    %pushi/vec4 1, 0, 1;
    %assign/vec4 v000002271a178830_0, 0;
    %load/vec4 v000002271a18e420_0;
    %addi 1, 0, 25;
    %assign/vec4 v000002271a18e420_0, 0;
    %load/vec4 v000002271a18f3c0_0;
    %load/vec4 v000002271a18fdc0_0;
    %xor;
    %flag_set/vec4 8;
    %jmp/0xz  T_61.3, 8;
    %pushi/vec4 1, 0, 1;
    %assign/vec4 v000002271a178510_0, 0;
    %pushi/vec4 50000000, 0, 26;
    %assign/vec4 v000002271a176ad0_0, 0;
    %jmp T_61.4;
T_61.3 ;
    %load/vec4 v000002271a176ad0_0;
    %cmpi/ne 0, 0, 26;
    %jmp/0xz  T_61.5, 4;
    %load/vec4 v000002271a176ad0_0;
    %subi 1, 0, 26;
    %assign/vec4 v000002271a176ad0_0, 0;
T_61.5 ;
T_61.4 ;
T_61.1 ;
    %jmp T_61;
    .thread T_61;
    .scope S_000002271a0df4a0;
T_62 ;
    %wait E_000002271a065570;
    %load/vec4 v000002271a18e600_0;
    %flag_set/vec4 8;
    %jmp/1 T_62.2, 8;
    %load/vec4 v000002271a18b2c0_0;
    %nor/r;
    %flag_set/vec4 9;
    %flag_or 8, 9;
T_62.2;
    %jmp/0xz  T_62.0, 8;
    %pushi/vec4 0, 0, 1;
    %assign/vec4 v000002271a177570_0, 0;
    %pushi/vec4 0, 0, 1;
    %assign/vec4 v000002271a176210_0, 0;
    %jmp T_62.1;
T_62.0 ;
    %load/vec4 v000002271a177110_0;
    %nor/r;
    %flag_set/vec4 8;
    %jmp/0xz  T_62.3, 8;
    %pushi/vec4 0, 0, 1;
    %assign/vec4 v000002271a177570_0, 0;
    %pushi/vec4 0, 0, 1;
    %assign/vec4 v000002271a176210_0, 0;
    %jmp T_62.4;
T_62.3 ;
    %load/vec4 v000002271a176210_0;
    %nor/r;
    %flag_set/vec4 8;
    %jmp/0xz  T_62.5, 8;
    %pushi/vec4 1, 0, 1;
    %assign/vec4 v000002271a176210_0, 0;
T_62.5 ;
T_62.4 ;
T_62.1 ;
    %jmp T_62;
    .thread T_62;
    .scope S_000002271a0df4a0;
T_63 ;
    %wait E_000002271a065530;
    %load/vec4 v000002271a17ab30_0;
    %nor/r;
    %flag_set/vec4 8;
    %jmp/0xz  T_63.0, 8;
    %pushi/vec4 0, 0, 1;
    %assign/vec4 v000002271a18c3a0_0, 0;
    %pushi/vec4 0, 0, 1;
    %assign/vec4 v000002271a18bea0_0, 0;
    %pushi/vec4 0, 0, 1;
    %assign/vec4 v000002271a18bf40_0, 0;
    %pushi/vec4 0, 0, 1;
    %assign/vec4 v000002271a18cb20_0, 0;
    %pushi/vec4 0, 0, 1;
    %assign/vec4 v000002271a18de80_0, 0;
    %pushi/vec4 0, 0, 16;
    %assign/vec4 v000002271a18c120_0, 0;
    %pushi/vec4 0, 0, 23;
    %assign/vec4 v000002271a18c760_0, 0;
    %pushi/vec4 0, 0, 21;
    %assign/vec4 v000002271a18bfe0_0, 0;
    %jmp T_63.1;
T_63.0 ;
    %load/vec4 v000002271a18cbc0_0;
    %assign/vec4 v000002271a18c3a0_0, 0;
    %load/vec4 v000002271a18c3a0_0;
    %assign/vec4 v000002271a18bea0_0, 0;
    %load/vec4 v000002271a18bea0_0;
    %load/vec4 v000002271a18bf40_0;
    %cmp/e;
    %jmp/0xz  T_63.2, 4;
    %pushi/vec4 0, 0, 16;
    %assign/vec4 v000002271a18c120_0, 0;
    %jmp T_63.3;
T_63.2 ;
    %load/vec4 v000002271a18c120_0;
    %pad/u 32;
    %cmpi/e 49999, 0, 32;
    %jmp/0xz  T_63.4, 4;
    %load/vec4 v000002271a18bea0_0;
    %assign/vec4 v000002271a18bf40_0, 0;
    %pushi/vec4 0, 0, 16;
    %assign/vec4 v000002271a18c120_0, 0;
    %jmp T_63.5;
T_63.4 ;
    %load/vec4 v000002271a18c120_0;
    %addi 1, 0, 16;
    %assign/vec4 v000002271a18c120_0, 0;
T_63.5 ;
T_63.3 ;
    %load/vec4 v000002271a177110_0;
    %nor/r;
    %flag_set/vec4 8;
    %jmp/0xz  T_63.6, 8;
    %pushi/vec4 0, 0, 1;
    %assign/vec4 v000002271a18cb20_0, 0;
    %pushi/vec4 0, 0, 1;
    %assign/vec4 v000002271a18de80_0, 0;
    %pushi/vec4 0, 0, 23;
    %assign/vec4 v000002271a18c760_0, 0;
    %pushi/vec4 0, 0, 21;
    %assign/vec4 v000002271a18bfe0_0, 0;
    %jmp T_63.7;
T_63.6 ;
    %load/vec4 v000002271a18de80_0;
    %flag_set/vec4 8;
    %jmp/0xz  T_63.8, 8;
    %load/vec4 v000002271a18bfe0_0;
    %pad/u 32;
    %cmpi/e 1999999, 0, 32;
    %jmp/0xz  T_63.10, 4;
    %pushi/vec4 0, 0, 1;
    %assign/vec4 v000002271a18de80_0, 0;
    %pushi/vec4 0, 0, 21;
    %assign/vec4 v000002271a18bfe0_0, 0;
    %jmp T_63.11;
T_63.10 ;
    %load/vec4 v000002271a18bfe0_0;
    %addi 1, 0, 21;
    %assign/vec4 v000002271a18bfe0_0, 0;
T_63.11 ;
    %jmp T_63.9;
T_63.8 ;
    %load/vec4 v000002271a18cb20_0;
    %flag_set/vec4 8;
    %jmp/0xz  T_63.12, 8;
    %load/vec4 v000002271a18c760_0;
    %pad/u 32;
    %cmpi/e 4999999, 0, 32;
    %jmp/0xz  T_63.14, 4;
    %pushi/vec4 0, 0, 1;
    %assign/vec4 v000002271a18cb20_0, 0;
    %pushi/vec4 1, 0, 1;
    %assign/vec4 v000002271a18de80_0, 0;
    %pushi/vec4 0, 0, 23;
    %assign/vec4 v000002271a18c760_0, 0;
    %pushi/vec4 0, 0, 21;
    %assign/vec4 v000002271a18bfe0_0, 0;
    %jmp T_63.15;
T_63.14 ;
    %load/vec4 v000002271a18c760_0;
    %addi 1, 0, 23;
    %assign/vec4 v000002271a18c760_0, 0;
    %pushi/vec4 0, 0, 21;
    %assign/vec4 v000002271a18bfe0_0, 0;
T_63.15 ;
    %jmp T_63.13;
T_63.12 ;
    %load/vec4 v000002271a18dc00_0;
    %flag_set/vec4 8;
    %jmp/0xz  T_63.16, 8;
    %pushi/vec4 1, 0, 1;
    %assign/vec4 v000002271a18cb20_0, 0;
    %pushi/vec4 0, 0, 23;
    %assign/vec4 v000002271a18c760_0, 0;
    %pushi/vec4 0, 0, 21;
    %assign/vec4 v000002271a18bfe0_0, 0;
    %jmp T_63.17;
T_63.16 ;
    %pushi/vec4 0, 0, 1;
    %assign/vec4 v000002271a18cb20_0, 0;
    %pushi/vec4 0, 0, 23;
    %assign/vec4 v000002271a18c760_0, 0;
    %pushi/vec4 0, 0, 21;
    %assign/vec4 v000002271a18bfe0_0, 0;
T_63.17 ;
T_63.13 ;
T_63.9 ;
T_63.7 ;
T_63.1 ;
    %jmp T_63;
    .thread T_63;
    .scope S_000002271a0df4a0;
T_64 ;
    %wait E_000002271a065830;
    %load/vec4 v000002271a17a4f0_0;
    %nor/r;
    %flag_set/vec4 8;
    %jmp/0xz  T_64.0, 8;
    %pushi/vec4 1, 0, 1;
    %assign/vec4 v000002271a180850_0, 0;
    %pushi/vec4 0, 0, 1;
    %assign/vec4 v000002271a17f130_0, 0;
    %pushi/vec4 0, 0, 32;
    %assign/vec4 v000002271a17e410_0, 0;
    %pushi/vec4 0, 0, 32;
    %assign/vec4 v000002271a17f090_0, 0;
    %pushi/vec4 0, 0, 1;
    %assign/vec4 v000002271a17e370_0, 0;
    %jmp T_64.1;
T_64.0 ;
    %load/vec4 v000002271a1800d0_0;
    %flag_set/vec4 8;
    %jmp/0xz  T_64.2, 8;
    %pushi/vec4 0, 0, 1;
    %assign/vec4 v000002271a180850_0, 0;
T_64.2 ;
    %load/vec4 v000002271a180030_0;
    %load/vec4 v000002271a18cda0_0;
    %or;
    %load/vec4 v000002271a180850_0;
    %or;
    %flag_set/vec4 8;
    %jmp/0xz  T_64.4, 8;
    %pushi/vec4 0, 0, 1;
    %assign/vec4 v000002271a17f130_0, 0;
    %pushi/vec4 0, 0, 32;
    %assign/vec4 v000002271a17e410_0, 0;
    %pushi/vec4 0, 0, 32;
    %assign/vec4 v000002271a17f090_0, 0;
    %pushi/vec4 0, 0, 1;
    %assign/vec4 v000002271a17e370_0, 0;
    %jmp T_64.5;
T_64.4 ;
    %load/vec4 v000002271a17ed70_0;
    %flag_set/vec4 8;
    %jmp/0xz  T_64.6, 8;
    %pushi/vec4 1, 0, 1;
    %assign/vec4 v000002271a17f130_0, 0;
    %load/vec4 v000002271a17f810_0;
    %assign/vec4 v000002271a17e410_0, 0;
    %load/vec4 v000002271a17f450_0;
    %assign/vec4 v000002271a17f090_0, 0;
    %load/vec4 v000002271a17f270_0;
    %assign/vec4 v000002271a17e370_0, 0;
    %jmp T_64.7;
T_64.6 ;
    %load/vec4 v000002271a17e4b0_0;
    %flag_set/vec4 8;
    %jmp/0xz  T_64.8, 8;
    %pushi/vec4 0, 0, 1;
    %assign/vec4 v000002271a17f130_0, 0;
T_64.8 ;
T_64.7 ;
T_64.5 ;
T_64.1 ;
    %jmp T_64;
    .thread T_64;
    .scope S_000002271a0df4a0;
T_65 ;
    %wait E_000002271a065830;
    %load/vec4 v000002271a17a4f0_0;
    %nor/r;
    %flag_set/vec4 8;
    %jmp/0xz  T_65.0, 8;
    %pushi/vec4 0, 0, 1;
    %assign/vec4 v000002271a18a280_0, 0;
    %jmp T_65.1;
T_65.0 ;
    %load/vec4 v000002271a180030_0;
    %load/vec4 v000002271a18cda0_0;
    %or;
    %load/vec4 v000002271a180850_0;
    %or;
    %flag_set/vec4 8;
    %jmp/0xz  T_65.2, 8;
    %pushi/vec4 0, 0, 1;
    %assign/vec4 v000002271a18a280_0, 0;
    %jmp T_65.3;
T_65.2 ;
    %load/vec4 v000002271a17ed70_0;
    %flag_set/vec4 8;
    %jmp/0xz  T_65.4, 8;
    %pushi/vec4 0, 0, 1;
    %assign/vec4 v000002271a18a280_0, 0;
    %jmp T_65.5;
T_65.4 ;
    %load/vec4 v000002271a17e7d0_0;
    %flag_set/vec4 8;
    %jmp/0xz  T_65.6, 8;
    %pushi/vec4 1, 0, 1;
    %assign/vec4 v000002271a18a280_0, 0;
T_65.6 ;
T_65.5 ;
T_65.3 ;
T_65.1 ;
    %jmp T_65;
    .thread T_65;
    .scope S_000002271a0df4a0;
T_66 ;
    %wait E_000002271a065830;
    %load/vec4 v000002271a17a4f0_0;
    %nor/r;
    %flag_set/vec4 8;
    %jmp/0xz  T_66.0, 8;
    %pushi/vec4 0, 0, 32;
    %assign/vec4 v000002271a18ac80_0, 0;
    %pushi/vec4 0, 0, 1;
    %assign/vec4 v000002271a18adc0_0, 0;
    %pushi/vec4 0, 0, 1;
    %assign/vec4 v000002271a18ab40_0, 0;
    %pushi/vec4 0, 0, 32;
    %assign/vec4 v000002271a18b180_0, 0;
    %jmp T_66.1;
T_66.0 ;
    %load/vec4 v000002271a180030_0;
    %load/vec4 v000002271a18cda0_0;
    %or;
    %flag_set/vec4 8;
    %jmp/0xz  T_66.2, 8;
    %pushi/vec4 0, 0, 32;
    %assign/vec4 v000002271a18ac80_0, 0;
    %pushi/vec4 0, 0, 1;
    %assign/vec4 v000002271a18adc0_0, 0;
    %load/vec4 v000002271a180030_0;
    %flag_set/vec4 8;
    %jmp/0xz  T_66.4, 8;
    %pushi/vec4 1, 0, 1;
    %assign/vec4 v000002271a18ab40_0, 0;
    %load/vec4 v000002271a17f590_0;
    %assign/vec4 v000002271a18b180_0, 0;
    %jmp T_66.5;
T_66.4 ;
    %pushi/vec4 0, 0, 1;
    %assign/vec4 v000002271a18ab40_0, 0;
    %pushi/vec4 0, 0, 32;
    %assign/vec4 v000002271a18b180_0, 0;
T_66.5 ;
    %jmp T_66.3;
T_66.2 ;
    %load/vec4 v000002271a17e4b0_0;
    %flag_set/vec4 8;
    %jmp/0xz  T_66.6, 8;
    %load/vec4 v000002271a17dbf0_0;
    %assign/vec4 v000002271a18ac80_0, 0;
    %pushi/vec4 1, 0, 1;
    %assign/vec4 v000002271a18adc0_0, 0;
    %load/vec4 v000002271a18ab40_0;
    %flag_set/vec4 9;
    %flag_get/vec4 9;
    %jmp/0 T_66.10, 9;
    %load/vec4 v000002271a17dbf0_0;
    %load/vec4 v000002271a18b180_0;
    %cmp/e;
    %flag_get/vec4 4;
    %and;
T_66.10;
    %flag_set/vec4 8;
    %jmp/0xz  T_66.8, 8;
    %pushi/vec4 0, 0, 1;
    %assign/vec4 v000002271a18ab40_0, 0;
    %pushi/vec4 0, 0, 32;
    %assign/vec4 v000002271a18b180_0, 0;
T_66.8 ;
T_66.6 ;
T_66.3 ;
T_66.1 ;
    %jmp T_66;
    .thread T_66;
    .scope S_000002271a0df4a0;
T_67 ;
    %wait E_000002271a065830;
    %load/vec4 v000002271a17a4f0_0;
    %nor/r;
    %flag_set/vec4 8;
    %jmp/0xz  T_67.0, 8;
    %pushi/vec4 0, 0, 1;
    %assign/vec4 v000002271a17dab0_0, 0;
    %pushi/vec4 0, 0, 32;
    %assign/vec4 v000002271a17ea50_0, 0;
    %pushi/vec4 0, 0, 1;
    %assign/vec4 v000002271a17aef0_0, 0;
    %pushi/vec4 0, 0, 1;
    %assign/vec4 v000002271a178dd0_0, 0;
    %pushi/vec4 0, 0, 32;
    %assign/vec4 v000002271a178fb0_0, 0;
    %pushi/vec4 0, 0, 32;
    %assign/vec4 v000002271a17ae50_0, 0;
    %pushi/vec4 0, 0, 32;
    %assign/vec4 v000002271a17af90_0, 0;
    %pushi/vec4 0, 0, 1;
    %assign/vec4 v000002271a179ff0_0, 0;
    %pushi/vec4 0, 0, 2;
    %assign/vec4 v000002271a18af00_0, 0;
    %pushi/vec4 2147483648, 0, 32;
    %assign/vec4 v000002271a189920_0, 0;
    %pushi/vec4 0, 0, 1;
    %assign/vec4 v000002271a1899c0_0, 0;
    %jmp T_67.1;
T_67.0 ;
    %pushi/vec4 0, 0, 1;
    %assign/vec4 v000002271a17dab0_0, 0;
    %pushi/vec4 0, 0, 32;
    %assign/vec4 v000002271a17ea50_0, 0;
    %pushi/vec4 0, 0, 1;
    %assign/vec4 v000002271a17aef0_0, 0;
    %pushi/vec4 0, 0, 1;
    %assign/vec4 v000002271a178dd0_0, 0;
    %pushi/vec4 0, 0, 32;
    %assign/vec4 v000002271a178fb0_0, 0;
    %pushi/vec4 0, 0, 32;
    %assign/vec4 v000002271a17ae50_0, 0;
    %pushi/vec4 0, 0, 32;
    %assign/vec4 v000002271a17af90_0, 0;
    %pushi/vec4 0, 0, 1;
    %assign/vec4 v000002271a179ff0_0, 0;
    %load/vec4 v000002271a17d010_0;
    %load/vec4 v000002271a17e550_0;
    %or;
    %assign/vec4 v000002271a1899c0_0, 0;
    %load/vec4 v000002271a18d020_0;
    %flag_set/vec4 9;
    %flag_get/vec4 9;
    %jmp/0 T_67.4, 9;
    %load/vec4 v000002271a1899c0_0;
    %nor/r;
    %and;
T_67.4;
    %flag_set/vec4 8;
    %jmp/0xz  T_67.2, 8;
    %load/vec4 v000002271a18d2a0_0;
    %assign/vec4 v000002271a189920_0, 0;
T_67.2 ;
    %load/vec4 v000002271a17d010_0;
    %flag_set/vec4 8;
    %jmp/0xz  T_67.5, 8;
    %load/vec4 v000002271a17de70_0;
    %assign/vec4 v000002271a189920_0, 0;
    %jmp T_67.6;
T_67.5 ;
    %load/vec4 v000002271a17e550_0;
    %flag_set/vec4 8;
    %jmp/0xz  T_67.7, 8;
    %load/vec4 v000002271a17e9b0_0;
    %assign/vec4 v000002271a189920_0, 0;
T_67.7 ;
T_67.6 ;
    %load/vec4 v000002271a18c440_0;
    %load/vec4 v000002271a17eeb0_0;
    %or;
    %load/vec4 v000002271a189e20_0;
    %or;
    %load/vec4 v000002271a17e550_0;
    %or;
    %load/vec4 v000002271a18b900_0;
    %or;
    %load/vec4 v000002271a189ba0_0;
    %or;
    %flag_set/vec4 8;
    %jmp/0xz  T_67.9, 8;
    %pushi/vec4 2, 0, 2;
    %assign/vec4 v000002271a18af00_0, 0;
    %jmp T_67.10;
T_67.9 ;
    %load/vec4 v000002271a18af00_0;
    %cmpi/ne 0, 0, 2;
    %jmp/0xz  T_67.11, 4;
    %load/vec4 v000002271a18af00_0;
    %subi 1, 0, 2;
    %assign/vec4 v000002271a18af00_0, 0;
T_67.11 ;
T_67.10 ;
    %load/vec4 v000002271a18b900_0;
    %load/vec4 v000002271a189ba0_0;
    %or;
    %flag_set/vec4 8;
    %jmp/0xz  T_67.13, 8;
    %pushi/vec4 1, 0, 1;
    %assign/vec4 v000002271a17dab0_0, 0;
    %load/vec4 v000002271a17e230_0;
    %assign/vec4 v000002271a17ea50_0, 0;
    %pushi/vec4 1, 0, 1;
    %assign/vec4 v000002271a17aef0_0, 0;
    %load/vec4 v000002271a189ba0_0;
    %assign/vec4 v000002271a178dd0_0, 0;
    %load/vec4 v000002271a18b900_0;
    %flag_set/vec4 8;
    %jmp/0 T_67.15, 8;
    %load/vec4 v000002271a18db60_0;
    %jmp/1 T_67.16, 8;
T_67.15 ; End of true expr.
    %load/vec4 v000002271a189d80_0;
    %jmp/0 T_67.16, 8;
 ; End of false expr.
    %blend;
T_67.16;
    %assign/vec4 v000002271a178fb0_0, 0;
    %load/vec4 v000002271a18b900_0;
    %flag_set/vec4 8;
    %jmp/0 T_67.17, 8;
    %load/vec4 v000002271a18ce40_0;
    %jmp/1 T_67.18, 8;
T_67.17 ; End of true expr.
    %load/vec4 v000002271a189240_0;
    %jmp/0 T_67.18, 8;
 ; End of false expr.
    %blend;
T_67.18;
    %assign/vec4 v000002271a17ae50_0, 0;
    %load/vec4 v000002271a18b900_0;
    %flag_set/vec4 8;
    %jmp/0 T_67.19, 8;
    %load/vec4 v000002271a18bc20_0;
    %jmp/1 T_67.20, 8;
T_67.19 ; End of true expr.
    %pushi/vec4 0, 0, 32;
    %jmp/0 T_67.20, 8;
 ; End of false expr.
    %blend;
T_67.20;
    %assign/vec4 v000002271a17af90_0, 0;
    %jmp T_67.14;
T_67.13 ;
    %load/vec4 v000002271a17e550_0;
    %flag_set/vec4 8;
    %jmp/0xz  T_67.21, 8;
    %pushi/vec4 1, 0, 1;
    %assign/vec4 v000002271a17dab0_0, 0;
    %load/vec4 v000002271a17e9b0_0;
    %assign/vec4 v000002271a17ea50_0, 0;
    %pushi/vec4 1, 0, 1;
    %assign/vec4 v000002271a179ff0_0, 0;
T_67.21 ;
T_67.14 ;
T_67.1 ;
    %jmp T_67;
    .thread T_67;
    .scope S_000002271a0df4a0;
T_68 ;
    %wait E_000002271a065830;
    %load/vec4 v000002271a17a4f0_0;
    %nor/r;
    %flag_set/vec4 8;
    %jmp/0xz  T_68.0, 8;
    %pushi/vec4 2147483648, 0, 32;
    %assign/vec4 v000002271a18a500_0, 0;
    %pushi/vec4 0, 0, 1;
    %assign/vec4 v000002271a1792d0_0, 0;
    %pushi/vec4 0, 0, 1;
    %assign/vec4 v000002271a18f6e0_0, 0;
    %pushi/vec4 0, 0, 1;
    %assign/vec4 v000002271a18fbe0_0, 0;
    %pushi/vec4 0, 0, 1;
    %assign/vec4 v000002271a18eb00_0, 0;
    %pushi/vec4 0, 0, 1;
    %assign/vec4 v000002271a17c070_0, 0;
    %pushi/vec4 0, 0, 1;
    %assign/vec4 v000002271a17d150_0, 0;
    %pushi/vec4 0, 0, 1;
    %assign/vec4 v000002271a17cb10_0, 0;
    %pushi/vec4 0, 0, 1;
    %assign/vec4 v000002271a18dac0_0, 0;
    %pushi/vec4 0, 0, 1;
    %assign/vec4 v000002271a192480_0, 0;
    %jmp T_68.1;
T_68.0 ;
    %load/vec4 v000002271a18b7c0_0;
    %load/vec4 v000002271a18a500_0;
    %cmp/ne;
    %jmp/0xz  T_68.2, 4;
    %pushi/vec4 1, 0, 1;
    %assign/vec4 v000002271a1792d0_0, 0;
T_68.2 ;
    %load/vec4 v000002271a18b7c0_0;
    %assign/vec4 v000002271a18a500_0, 0;
    %load/vec4 v000002271a17c7f0_0;
    %flag_set/vec4 8;
    %jmp/0xz  T_68.4, 8;
    %pushi/vec4 1, 0, 1;
    %assign/vec4 v000002271a17c070_0, 0;
T_68.4 ;
    %load/vec4 v000002271a17c7f0_0;
    %flag_set/vec4 10;
    %flag_get/vec4 10;
    %jmp/0 T_68.9, 10;
    %load/vec4 v000002271a17b0d0_0;
    %and;
T_68.9;
    %flag_set/vec4 9;
    %flag_get/vec4 9;
    %jmp/0 T_68.8, 9;
    %load/vec4 v000002271a18cf80_0;
    %inv;
    %and;
T_68.8;
    %flag_set/vec4 8;
    %jmp/0xz  T_68.6, 8;
    %pushi/vec4 1, 0, 1;
    %assign/vec4 v000002271a17d150_0, 0;
T_68.6 ;
    %load/vec4 v000002271a17ce30_0;
    %flag_set/vec4 9;
    %flag_get/vec4 9;
    %jmp/0 T_68.12, 9;
    %load/vec4 v000002271a18cf80_0;
    %inv;
    %and;
T_68.12;
    %flag_set/vec4 8;
    %jmp/0xz  T_68.10, 8;
    %pushi/vec4 1, 0, 1;
    %assign/vec4 v000002271a17cb10_0, 0;
T_68.10 ;
    %load/vec4 v000002271a18c580_0;
    %flag_set/vec4 8;
    %jmp/0xz  T_68.13, 8;
    %pushi/vec4 1, 0, 1;
    %assign/vec4 v000002271a18dac0_0, 0;
T_68.13 ;
    %load/vec4 v000002271a18c1c0_0;
    %flag_set/vec4 8;
    %jmp/0xz  T_68.15, 8;
    %pushi/vec4 1, 0, 1;
    %assign/vec4 v000002271a192480_0, 0;
T_68.15 ;
    %load/vec4 v000002271a18d3e0_0;
    %flag_set/vec4 8;
    %jmp/0xz  T_68.17, 8;
    %pushi/vec4 1, 0, 1;
    %assign/vec4 v000002271a18f6e0_0, 0;
T_68.17 ;
    %load/vec4 v000002271a18ec40_0;
    %flag_set/vec4 8;
    %jmp/0xz  T_68.19, 8;
    %pushi/vec4 1, 0, 1;
    %assign/vec4 v000002271a18fbe0_0, 0;
T_68.19 ;
    %load/vec4 v000002271a18f960_0;
    %flag_set/vec4 8;
    %jmp/0xz  T_68.21, 8;
    %pushi/vec4 1, 0, 1;
    %assign/vec4 v000002271a18eb00_0, 0;
T_68.21 ;
T_68.1 ;
    %jmp T_68;
    .thread T_68;
    .scope S_000002271a0df4a0;
T_69 ;
    %wait E_000002271a065830;
    %load/vec4 v000002271a17a4f0_0;
    %nor/r;
    %flag_set/vec4 8;
    %jmp/0xz  T_69.0, 8;
    %pushi/vec4 0, 0, 8;
    %assign/vec4 v000002271a18e560_0, 0;
    %pushi/vec4 0, 0, 1;
    %assign/vec4 v000002271a18eba0_0, 0;
    %pushi/vec4 1, 0, 1;
    %assign/vec4 v000002271a18fc80_0, 0;
    %pushi/vec4 1, 0, 1;
    %assign/vec4 v000002271a18f8c0_0, 0;
    %pushi/vec4 0, 0, 8;
    %assign/vec4 v000002271a18e2e0_0, 0;
    %pushi/vec4 0, 0, 1;
    %assign/vec4 v000002271a18ea60_0, 0;
    %pushi/vec4 0, 0, 1;
    %assign/vec4 v000002271a18fa00_0, 0;
    %jmp T_69.1;
T_69.0 ;
    %load/vec4 v000002271a18ec40_0;
    %assign/vec4 v000002271a18eba0_0, 0;
    %load/vec4 v000002271a18e4c0_0;
    %assign/vec4 v000002271a18fc80_0, 0;
    %load/vec4 v000002271a18fc80_0;
    %assign/vec4 v000002271a18f8c0_0, 0;
    %load/vec4 v000002271a18ec40_0;
    %flag_set/vec4 8;
    %jmp/0xz  T_69.2, 8;
    %load/vec4 v000002271a18f820_0;
    %assign/vec4 v000002271a18e560_0, 0;
T_69.2 ;
    %load/vec4 v000002271a18faa0_0;
    %flag_set/vec4 8;
    %jmp/0xz  T_69.4, 8;
    %load/vec4 v000002271a18ea60_0;
    %nor/r;
    %flag_set/vec4 8;
    %jmp/1 T_69.8, 8;
    %load/vec4 v000002271a18e9c0_0;
    %flag_set/vec4 9;
    %flag_or 8, 9;
T_69.8;
    %jmp/0xz  T_69.6, 8;
    %load/vec4 v000002271a18e380_0;
    %assign/vec4 v000002271a18e2e0_0, 0;
    %pushi/vec4 1, 0, 1;
    %assign/vec4 v000002271a18ea60_0, 0;
    %jmp T_69.7;
T_69.6 ;
    %pushi/vec4 1, 0, 1;
    %assign/vec4 v000002271a18fa00_0, 0;
T_69.7 ;
    %jmp T_69.5;
T_69.4 ;
    %load/vec4 v000002271a18e9c0_0;
    %flag_set/vec4 8;
    %jmp/0xz  T_69.9, 8;
    %pushi/vec4 0, 0, 1;
    %assign/vec4 v000002271a18ea60_0, 0;
T_69.9 ;
T_69.5 ;
    %load/vec4 v000002271a18e880_0;
    %flag_set/vec4 8;
    %jmp/0xz  T_69.11, 8;
    %pushi/vec4 0, 0, 1;
    %assign/vec4 v000002271a18fa00_0, 0;
T_69.11 ;
T_69.1 ;
    %jmp T_69;
    .thread T_69;
    .scope S_000002271a0df4a0;
T_70 ;
    %pushi/vec4 0, 0, 1;
    %store/vec4 v000002271a18a820_0, 0, 1;
    %pushi/vec4 0, 0, 32;
    %store/vec4 v000002271a1897e0_0, 0, 32;
    %vpi_func 4 2015 "$test$plusargs" 32, "IFDBG" {0 0 0};
    %cmpi/ne 0, 0, 32;
    %jmp/0xz  T_70.0, 4;
    %pushi/vec4 1, 0, 1;
    %store/vec4 v000002271a18a820_0, 0, 1;
T_70.0 ;
    %end;
    .thread T_70;
    .scope S_000002271a0df4a0;
T_71 ;
    %wait E_000002271a065bb0;
    %load/vec4 v000002271a17a4f0_0;
    %flag_set/vec4 10;
    %flag_get/vec4 10;
    %jmp/0 T_71.3, 10;
    %load/vec4 v000002271a18a820_0;
    %and;
T_71.3;
    %flag_set/vec4 9;
    %flag_get/vec4 9;
    %jmp/0 T_71.2, 9;
    %load/vec4 v000002271a1897e0_0;
    %cmpi/s 300, 0, 32;
    %flag_get/vec4 5;
    %and;
T_71.2;
    %flag_set/vec4 8;
    %jmp/0xz  T_71.0, 8;
    %load/vec4 v000002271a17e2d0_0;
    %flag_set/vec4 9;
    %flag_get/vec4 9;
    %jmp/0 T_71.6, 9;
    %load/vec4 v000002271a17e190_0;
    %and;
T_71.6;
    %flag_set/vec4 8;
    %jmp/0xz  T_71.4, 8;
    %vpi_call/w 4 2022 "$display", "[IFDBG %0t] REQ  pc=0x%08x pend=%0d stall_if=%0d kill=%0d", $time, v000002271a17eaf0_0, v000002271a18a280_0, v000002271a18d8e0_0, v000002271a17db50_0 {0 0 0};
    %load/vec4 v000002271a1897e0_0;
    %addi 1, 0, 32;
    %assign/vec4 v000002271a1897e0_0, 0;
T_71.4 ;
    %load/vec4 v000002271a17e4b0_0;
    %flag_set/vec4 8;
    %jmp/0xz  T_71.7, 8;
    %vpi_call/w 4 2027 "$display", "[IFDBG %0t] RESP pc=0x%08x inst=0x%08x pend=%0d stall_if=%0d", $time, v000002271a17dbf0_0, v000002271a17e730_0, v000002271a18a280_0, v000002271a18d8e0_0 {0 0 0};
    %load/vec4 v000002271a1897e0_0;
    %addi 1, 0, 32;
    %assign/vec4 v000002271a1897e0_0, 0;
T_71.7 ;
T_71.0 ;
    %jmp T_71;
    .thread T_71;
    .scope S_000002271a0de9b0;
T_72 ;
    %delay 5000, 0;
    %load/vec4 v000002271a1918a0_0;
    %inv;
    %store/vec4 v000002271a1918a0_0, 0, 1;
    %jmp T_72;
    .thread T_72;
    .scope S_000002271a0de9b0;
T_73 ;
    %pushi/vec4 0, 0, 32;
    %store/vec4 v000002271a196650_0, 0, 32;
    %pushi/vec4 0, 0, 32;
    %store/vec4 v000002271a1970f0_0, 0, 32;
    %pushi/vec4 0, 0, 32;
    %store/vec4 v000002271a197730_0, 0, 32;
    %pushi/vec4 0, 0, 32;
    %store/vec4 v000002271a198270_0, 0, 32;
    %pushi/vec4 0, 0, 120;
    %store/vec4 v000002271a196470_0, 0, 120;
    %delay 1000, 0;
    %vpi_func 3 600 "$value$plusargs" 32, "RTOS_UART_MON=%d", v000002271a196650_0 {0 0 0};
    %cmpi/ne 0, 0, 32;
    %jmp/0xz  T_73.0, 4;
T_73.0 ;
    %vpi_func 3 603 "$value$plusargs" 32, "RTOS_UART_FINISH_ON_PASS=%d", v000002271a1970f0_0 {0 0 0};
    %cmpi/ne 0, 0, 32;
    %jmp/0xz  T_73.2, 4;
T_73.2 ;
    %vpi_func 3 606 "$value$plusargs" 32, "RTOS_TRAP_TRACE=%d", v000002271a197730_0 {0 0 0};
    %cmpi/ne 0, 0, 32;
    %jmp/0xz  T_73.4, 4;
T_73.4 ;
T_73.6 ;
    %wait E_000002271a0654b0;
    %load/vec4 v000002271a196650_0;
    %cmpi/ne 0, 0, 32;
    %flag_get/vec4 4;
    %jmp/0 T_73.9, 4;
    %load/vec4 v000002271a198590_0;
    %and;
T_73.9;
    %flag_set/vec4 8;
    %jmp/0xz  T_73.7, 8;
    %pushi/vec4 150, 0, 32;
    %store/vec4 v000002271a191580_0, 0, 32;
    %fork TD_icache_pipeline_tb.uart_wait_clocks, S_000002271a194270;
    %join;
    %pushi/vec4 0, 0, 32;
    %store/vec4 v000002271a1966f0_0, 0, 32;
T_73.10 ;
    %load/vec4 v000002271a1966f0_0;
    %cmpi/s 8, 0, 32;
    %jmp/0xz T_73.11, 5;
    %load/vec4 v000002271a197b90_0;
    %ix/getv/s 4, v000002271a1966f0_0;
    %store/vec4 v000002271a1963d0_0, 4, 1;
    %pushi/vec4 100, 0, 32;
    %store/vec4 v000002271a191580_0, 0, 32;
    %fork TD_icache_pipeline_tb.uart_wait_clocks, S_000002271a194270;
    %join;
    %load/vec4 v000002271a1966f0_0;
    %addi 1, 0, 32;
    %store/vec4 v000002271a1966f0_0, 0, 32;
    %jmp T_73.10;
T_73.11 ;
    %vpi_call/w 3 618 "$write", "%c", v000002271a1963d0_0 {0 0 0};
    %vpi_call/w 3 619 "$fflush" {0 0 0};
    %load/vec4 v000002271a1963d0_0;
    %cmpi/e 10, 0, 8;
    %jmp/0xz  T_73.12, 4;
    %load/vec4 v000002271a198270_0;
    %cmpi/ne 0, 0, 32;
    %jmp/0xz  T_73.14, 4;
    %vpi_call/w 3 622 "$display", "PASS: RTOS UART observed RTOS_SMOKE_PASS" {0 0 0};
    %load/vec4 v000002271a1970f0_0;
    %cmpi/ne 0, 0, 32;
    %jmp/0xz  T_73.16, 4;
    %fork TD_icache_pipeline_tb.tb_finish, S_000002271a194720;
    %join;
T_73.16 ;
T_73.14 ;
    %jmp T_73.13;
T_73.12 ;
    %load/vec4 v000002271a1963d0_0;
    %cmpi/ne 13, 0, 8;
    %jmp/0xz  T_73.18, 4;
    %load/vec4 v000002271a196470_0;
    %parti/s 112, 0, 2;
    %load/vec4 v000002271a1963d0_0;
    %concat/vec4; draw_concat_vec4
    %store/vec4 v000002271a196470_0, 0, 120;
    %load/vec4 v000002271a196470_0;
    %parti/s 112, 0, 2;
    %load/vec4 v000002271a1963d0_0;
    %concat/vec4; draw_concat_vec4
    %pushi/vec4 1381257043, 0, 32; draw_string_vec4
    %pushi/vec4 1599294799, 0, 32; draw_string_vec4
    %concat/vec4; draw_string_vec4
    %pushi/vec4 1262837584, 0, 32; draw_string_vec4
    %concat/vec4; draw_string_vec4
    %pushi/vec4 4281171, 0, 24; draw_string_vec4
    %concat/vec4; draw_string_vec4
    %cmp/e;
    %jmp/0xz  T_73.20, 4;
    %pushi/vec4 1, 0, 32;
    %store/vec4 v000002271a198270_0, 0, 32;
T_73.20 ;
T_73.18 ;
T_73.13 ;
T_73.7 ;
    %jmp T_73.6;
    %end;
    .thread T_73;
    .scope S_000002271a0de9b0;
T_74 ;
    %wait E_000002271a065370;
    %load/vec4 v000002271a198590_0;
    %nor/r;
    %flag_set/vec4 8;
    %jmp/0xz  T_74.0, 8;
    %pushi/vec4 0, 0, 1;
    %assign/vec4 v000002271a188160_0, 0;
    %pushi/vec4 0, 0, 1;
    %assign/vec4 v000002271a1885c0_0, 0;
    %pushi/vec4 0, 0, 32;
    %assign/vec4 v000002271a188200_0, 0;
    %pushi/vec4 0, 0, 4;
    %assign/vec4 v000002271a188480_0, 0;
    %pushi/vec4 0, 0, 32;
    %assign/vec4 v000002271a1879e0_0, 0;
    %pushi/vec4 0, 0, 1;
    %assign/vec4 v000002271a188520_0, 0;
    %pushi/vec4 0, 0, 1;
    %assign/vec4 v000002271a187a80_0, 0;
    %pushi/vec4 0, 0, 64;
    %assign/vec4 v000002271a187440_0, 0;
    %pushi/vec4 0, 0, 1;
    %assign/vec4 v000002271a187260_0, 0;
    %pushi/vec4 0, 0, 1;
    %assign/vec4 v000002271a1871c0_0, 0;
    %pushi/vec4 0, 0, 32;
    %assign/vec4 v000002271a188b60_0, 0;
    %jmp T_74.1;
T_74.0 ;
    %load/vec4 v000002271a186ae0_0;
    %flag_set/vec4 10;
    %flag_get/vec4 10;
    %jmp/0 T_74.5, 10;
    %load/vec4 v000002271a186900_0;
    %and;
T_74.5;
    %flag_set/vec4 9;
    %flag_get/vec4 9;
    %jmp/0 T_74.4, 9;
    %load/vec4 v000002271a187c60_0;
    %pushi/vec4 0, 0, 2;
    %cmp/e;
    %flag_get/vec4 4;
    %and;
T_74.4;
    %flag_set/vec4 8;
    %jmp/0xz  T_74.2, 8;
    %load/vec4 v000002271a188b60_0;
    %addi 1, 0, 32;
    %assign/vec4 v000002271a188b60_0, 0;
T_74.2 ;
    %load/vec4 v000002271a188a20_0;
    %flag_set/vec4 9;
    %flag_get/vec4 9;
    %jmp/0 T_74.8, 9;
    %load/vec4 v000002271a186ea0_0;
    %and;
T_74.8;
    %flag_set/vec4 8;
    %jmp/0xz  T_74.6, 8;
    %pushi/vec4 1, 0, 1;
    %assign/vec4 v000002271a188160_0, 0;
    %load/vec4 v000002271a1888e0_0;
    %pushi/vec4 1, 0, 2;
    %cmp/e;
    %flag_get/vec4 4;
    %assign/vec4 v000002271a1885c0_0, 0;
    %load/vec4 v000002271a1882a0_0;
    %assign/vec4 v000002271a188200_0, 0;
    %pushi/vec4 0, 0, 4;
    %assign/vec4 v000002271a188480_0, 0;
    %load/vec4 v000002271a1974b0_0;
    %cmpi/ne 0, 0, 32;
    %jmp/0xz  T_74.9, 4;
    %load/vec4 v000002271a197550_0;
    %store/vec4 v000002271a192200_0, 0, 32;
    %callf/vec4 TD_icache_pipeline_tb.rand_mod_tb, S_000002271a195850;
    %assign/vec4 v000002271a1879e0_0, 0;
    %jmp T_74.10;
T_74.9 ;
    %load/vec4 v000002271a188660_0;
    %assign/vec4 v000002271a1879e0_0, 0;
T_74.10 ;
    %load/vec4 v000002271a187080_0;
    %assign/vec4 v000002271a188520_0, 0;
T_74.6 ;
    %load/vec4 v000002271a187a80_0;
    %flag_set/vec4 9;
    %flag_get/vec4 9;
    %jmp/0 T_74.13, 9;
    %load/vec4 v000002271a187f80_0;
    %and;
T_74.13;
    %flag_set/vec4 8;
    %jmp/0xz  T_74.11, 8;
    %pushi/vec4 0, 0, 1;
    %assign/vec4 v000002271a187a80_0, 0;
T_74.11 ;
    %load/vec4 v000002271a188160_0;
    %flag_set/vec4 8;
    %jmp/0xz  T_74.14, 8;
    %load/vec4 v000002271a1879e0_0;
    %cmpi/ne 0, 0, 32;
    %jmp/0xz  T_74.16, 4;
    %load/vec4 v000002271a1879e0_0;
    %subi 1, 0, 32;
    %assign/vec4 v000002271a1879e0_0, 0;
    %jmp T_74.17;
T_74.16 ;
    %load/vec4 v000002271a187a80_0;
    %nor/r;
    %flag_set/vec4 8;
    %jmp/1 T_74.20, 8;
    %load/vec4 v000002271a187a80_0;
    %flag_set/vec4 10;
    %flag_get/vec4 10;
    %jmp/0 T_74.21, 10;
    %load/vec4 v000002271a187f80_0;
    %and;
T_74.21;
    %flag_set/vec4 9;
    %flag_or 8, 9;
T_74.20;
    %jmp/0xz  T_74.18, 8;
    %pushi/vec4 1, 0, 1;
    %assign/vec4 v000002271a187a80_0, 0;
    %load/vec4 v000002271a188520_0;
    %assign/vec4 v000002271a1871c0_0, 0;
    %load/vec4 v000002271a1885c0_0;
    %flag_set/vec4 8;
    %jmp/0xz  T_74.22, 8;
    %pushi/vec4 0, 0, 32;
    %load/vec4 v000002271a188200_0;
    %store/vec4 v000002271a191e40_0, 0, 32;
    %callf/vec4 TD_icache_pipeline_tb.mem_word, S_000002271a15ac80;
    %concat/vec4; draw_concat_vec4
    %assign/vec4 v000002271a187440_0, 0;
    %pushi/vec4 1, 0, 1;
    %assign/vec4 v000002271a187260_0, 0;
    %load/vec4 v000002271a187f80_0;
    %flag_set/vec4 8;
    %jmp/0xz  T_74.24, 8;
    %pushi/vec4 0, 0, 1;
    %assign/vec4 v000002271a188160_0, 0;
T_74.24 ;
    %jmp T_74.23;
T_74.22 ;
    %load/vec4 v000002271a188200_0;
    %load/vec4 v000002271a188480_0;
    %store/vec4 v000002271a191800_0, 0, 4;
    %store/vec4 v000002271a190ae0_0, 0, 32;
    %callf/vec4 TD_icache_pipeline_tb.make_beat, S_000002271a15a7d0;
    %assign/vec4 v000002271a187440_0, 0;
    %load/vec4 v000002271a188480_0;
    %pushi/vec4 7, 0, 4;
    %cmp/e;
    %flag_get/vec4 4;
    %assign/vec4 v000002271a187260_0, 0;
    %load/vec4 v000002271a187f80_0;
    %flag_set/vec4 8;
    %jmp/0xz  T_74.26, 8;
    %load/vec4 v000002271a188480_0;
    %cmpi/e 7, 0, 4;
    %jmp/0xz  T_74.28, 4;
    %pushi/vec4 0, 0, 1;
    %assign/vec4 v000002271a188160_0, 0;
    %jmp T_74.29;
T_74.28 ;
    %load/vec4 v000002271a188480_0;
    %addi 1, 0, 4;
    %assign/vec4 v000002271a188480_0, 0;
T_74.29 ;
T_74.26 ;
T_74.23 ;
    %load/vec4 v000002271a188520_0;
    %flag_set/vec4 9;
    %flag_get/vec4 9;
    %jmp/0 T_74.32, 9;
    %load/vec4 v000002271a187f80_0;
    %and;
T_74.32;
    %flag_set/vec4 8;
    %jmp/0xz  T_74.30, 8;
    %pushi/vec4 0, 0, 1;
    %assign/vec4 v000002271a188520_0, 0;
T_74.30 ;
T_74.18 ;
T_74.17 ;
T_74.14 ;
T_74.1 ;
    %jmp T_74;
    .thread T_74;
    .scope S_000002271a0de9b0;
T_75 ;
    %wait E_000002271a065370;
    %load/vec4 v000002271a198590_0;
    %nor/r;
    %flag_set/vec4 8;
    %jmp/0xz  T_75.0, 8;
    %pushi/vec4 0, 0, 1;
    %assign/vec4 v000002271a186720_0, 0;
    %pushi/vec4 0, 0, 2;
    %assign/vec4 v000002271a1850a0_0, 0;
    %pushi/vec4 0, 0, 32;
    %assign/vec4 v000002271a186220_0, 0;
    %pushi/vec4 0, 0, 3;
    %assign/vec4 v000002271a1856e0_0, 0;
    %pushi/vec4 0, 0, 3;
    %assign/vec4 v000002271a184600_0, 0;
    %pushi/vec4 0, 0, 32;
    %assign/vec4 v000002271a184920_0, 0;
    %pushi/vec4 0, 0, 1;
    %assign/vec4 v000002271a1865e0_0, 0;
    %pushi/vec4 0, 0, 1;
    %assign/vec4 v000002271a184a60_0, 0;
    %pushi/vec4 0, 0, 64;
    %assign/vec4 v000002271a185140_0, 0;
    %pushi/vec4 0, 0, 1;
    %assign/vec4 v000002271a185dc0_0, 0;
    %pushi/vec4 0, 0, 1;
    %assign/vec4 v000002271a184ec0_0, 0;
    %jmp T_75.1;
T_75.0 ;
    %load/vec4 v000002271a184a60_0;
    %flag_set/vec4 9;
    %flag_get/vec4 9;
    %jmp/0 T_75.4, 9;
    %load/vec4 v000002271a1862c0_0;
    %and;
T_75.4;
    %flag_set/vec4 8;
    %jmp/0xz  T_75.2, 8;
    %pushi/vec4 0, 0, 1;
    %assign/vec4 v000002271a184a60_0, 0;
T_75.2 ;
    %load/vec4 v000002271a185460_0;
    %flag_set/vec4 9;
    %flag_get/vec4 9;
    %jmp/0 T_75.7, 9;
    %load/vec4 v000002271a186860_0;
    %and;
T_75.7;
    %flag_set/vec4 8;
    %jmp/0xz  T_75.5, 8;
    %load/vec4 v000002271a185640_0;
    %dup/vec4;
    %pushi/vec4 0, 0, 2;
    %cmp/u;
    %jmp/1 T_75.8, 6;
    %dup/vec4;
    %pushi/vec4 1, 0, 2;
    %cmp/u;
    %jmp/1 T_75.9, 6;
    %dup/vec4;
    %pushi/vec4 2, 0, 2;
    %cmp/u;
    %jmp/1 T_75.10, 6;
    %dup/vec4;
    %pushi/vec4 3, 0, 2;
    %cmp/u;
    %jmp/1 T_75.11, 6;
    %jmp T_75.13;
T_75.8 ;
    %pushi/vec4 1, 0, 1;
    %assign/vec4 v000002271a186720_0, 0;
    %pushi/vec4 0, 0, 2;
    %assign/vec4 v000002271a1850a0_0, 0;
    %load/vec4 v000002271a186680_0;
    %assign/vec4 v000002271a186220_0, 0;
    %pushi/vec4 0, 0, 3;
    %assign/vec4 v000002271a1856e0_0, 0;
    %load/vec4 v000002271a1974b0_0;
    %cmpi/ne 0, 0, 32;
    %jmp/0xz  T_75.14, 4;
    %load/vec4 v000002271a197ff0_0;
    %store/vec4 v000002271a192200_0, 0, 32;
    %callf/vec4 TD_icache_pipeline_tb.rand_mod_tb, S_000002271a195850;
    %assign/vec4 v000002271a184920_0, 0;
    %jmp T_75.15;
T_75.14 ;
    %load/vec4 v000002271a184ba0_0;
    %assign/vec4 v000002271a184920_0, 0;
T_75.15 ;
    %load/vec4 v000002271a1855a0_0;
    %assign/vec4 v000002271a1865e0_0, 0;
    %jmp T_75.13;
T_75.9 ;
    %pushi/vec4 1, 0, 1;
    %assign/vec4 v000002271a186720_0, 0;
    %pushi/vec4 1, 0, 2;
    %assign/vec4 v000002271a1850a0_0, 0;
    %load/vec4 v000002271a186680_0;
    %assign/vec4 v000002271a186220_0, 0;
    %pushi/vec4 0, 0, 3;
    %assign/vec4 v000002271a1856e0_0, 0;
    %load/vec4 v000002271a1974b0_0;
    %cmpi/ne 0, 0, 32;
    %jmp/0xz  T_75.16, 4;
    %load/vec4 v000002271a197ff0_0;
    %store/vec4 v000002271a192200_0, 0, 32;
    %callf/vec4 TD_icache_pipeline_tb.rand_mod_tb, S_000002271a195850;
    %assign/vec4 v000002271a184920_0, 0;
    %jmp T_75.17;
T_75.16 ;
    %load/vec4 v000002271a184ba0_0;
    %assign/vec4 v000002271a184920_0, 0;
T_75.17 ;
    %load/vec4 v000002271a1855a0_0;
    %assign/vec4 v000002271a1865e0_0, 0;
    %jmp T_75.13;
T_75.10 ;
    %load/vec4 v000002271a186680_0;
    %parti/s 29, 3, 3;
    %concati/vec4 0, 0, 3;
    %store/vec4 v000002271a192fc0_0, 0, 32;
    %load/vec4 v000002271a185280_0;
    %store/vec4 v000002271a190fe0_0, 0, 64;
    %load/vec4 v000002271a1867c0_0;
    %store/vec4 v000002271a1916c0_0, 0, 8;
    %fork TD_icache_pipeline_tb.mem_write64, S_000002271a15ae10;
    %join;
    %pushi/vec4 1, 0, 1;
    %assign/vec4 v000002271a186720_0, 0;
    %pushi/vec4 2, 0, 2;
    %assign/vec4 v000002271a1850a0_0, 0;
    %load/vec4 v000002271a186680_0;
    %assign/vec4 v000002271a186220_0, 0;
    %pushi/vec4 0, 0, 3;
    %assign/vec4 v000002271a1856e0_0, 0;
    %load/vec4 v000002271a1974b0_0;
    %cmpi/ne 0, 0, 32;
    %jmp/0xz  T_75.18, 4;
    %load/vec4 v000002271a197ff0_0;
    %store/vec4 v000002271a192200_0, 0, 32;
    %callf/vec4 TD_icache_pipeline_tb.rand_mod_tb, S_000002271a195850;
    %assign/vec4 v000002271a184920_0, 0;
    %jmp T_75.19;
T_75.18 ;
    %load/vec4 v000002271a184ba0_0;
    %assign/vec4 v000002271a184920_0, 0;
T_75.19 ;
    %load/vec4 v000002271a1855a0_0;
    %assign/vec4 v000002271a1865e0_0, 0;
    %jmp T_75.13;
T_75.11 ;
    %load/vec4 v000002271a186680_0;
    %load/vec4 v000002271a184600_0;
    %concati/vec4 0, 0, 3;
    %pad/u 32;
    %add;
    %store/vec4 v000002271a192fc0_0, 0, 32;
    %load/vec4 v000002271a185280_0;
    %store/vec4 v000002271a190fe0_0, 0, 64;
    %load/vec4 v000002271a1867c0_0;
    %store/vec4 v000002271a1916c0_0, 0, 8;
    %fork TD_icache_pipeline_tb.mem_write64, S_000002271a15ae10;
    %join;
    %load/vec4 v000002271a184600_0;
    %cmpi/e 7, 0, 3;
    %jmp/0xz  T_75.20, 4;
    %pushi/vec4 0, 0, 3;
    %assign/vec4 v000002271a184600_0, 0;
    %pushi/vec4 1, 0, 1;
    %assign/vec4 v000002271a186720_0, 0;
    %pushi/vec4 3, 0, 2;
    %assign/vec4 v000002271a1850a0_0, 0;
    %load/vec4 v000002271a186680_0;
    %assign/vec4 v000002271a186220_0, 0;
    %pushi/vec4 0, 0, 3;
    %assign/vec4 v000002271a1856e0_0, 0;
    %load/vec4 v000002271a1974b0_0;
    %cmpi/ne 0, 0, 32;
    %jmp/0xz  T_75.22, 4;
    %load/vec4 v000002271a197ff0_0;
    %store/vec4 v000002271a192200_0, 0, 32;
    %callf/vec4 TD_icache_pipeline_tb.rand_mod_tb, S_000002271a195850;
    %assign/vec4 v000002271a184920_0, 0;
    %jmp T_75.23;
T_75.22 ;
    %load/vec4 v000002271a184ba0_0;
    %assign/vec4 v000002271a184920_0, 0;
T_75.23 ;
    %load/vec4 v000002271a1855a0_0;
    %assign/vec4 v000002271a1865e0_0, 0;
    %jmp T_75.21;
T_75.20 ;
    %load/vec4 v000002271a184600_0;
    %addi 1, 0, 3;
    %assign/vec4 v000002271a184600_0, 0;
T_75.21 ;
    %jmp T_75.13;
T_75.13 ;
    %pop/vec4 1;
T_75.5 ;
    %load/vec4 v000002271a186720_0;
    %flag_set/vec4 8;
    %jmp/0xz  T_75.24, 8;
    %load/vec4 v000002271a184920_0;
    %cmpi/ne 0, 0, 32;
    %jmp/0xz  T_75.26, 4;
    %load/vec4 v000002271a184920_0;
    %subi 1, 0, 32;
    %assign/vec4 v000002271a184920_0, 0;
    %jmp T_75.27;
T_75.26 ;
    %load/vec4 v000002271a184a60_0;
    %nor/r;
    %flag_set/vec4 8;
    %jmp/1 T_75.30, 8;
    %load/vec4 v000002271a184a60_0;
    %flag_set/vec4 10;
    %flag_get/vec4 10;
    %jmp/0 T_75.31, 10;
    %load/vec4 v000002271a1862c0_0;
    %and;
T_75.31;
    %flag_set/vec4 9;
    %flag_or 8, 9;
T_75.30;
    %jmp/0xz  T_75.28, 8;
    %pushi/vec4 1, 0, 1;
    %assign/vec4 v000002271a184a60_0, 0;
    %load/vec4 v000002271a1865e0_0;
    %assign/vec4 v000002271a184ec0_0, 0;
    %load/vec4 v000002271a1850a0_0;
    %dup/vec4;
    %pushi/vec4 0, 0, 2;
    %cmp/u;
    %jmp/1 T_75.32, 6;
    %dup/vec4;
    %pushi/vec4 1, 0, 2;
    %cmp/u;
    %jmp/1 T_75.33, 6;
    %pushi/vec4 0, 0, 64;
    %assign/vec4 v000002271a185140_0, 0;
    %pushi/vec4 1, 0, 1;
    %assign/vec4 v000002271a185dc0_0, 0;
    %load/vec4 v000002271a1862c0_0;
    %flag_set/vec4 8;
    %jmp/0xz  T_75.36, 8;
    %pushi/vec4 0, 0, 1;
    %assign/vec4 v000002271a186720_0, 0;
T_75.36 ;
    %jmp T_75.35;
T_75.32 ;
    %load/vec4 v000002271a186220_0;
    %load/vec4 v000002271a1856e0_0;
    %pad/u 4;
    %store/vec4 v000002271a191800_0, 0, 4;
    %store/vec4 v000002271a190ae0_0, 0, 32;
    %callf/vec4 TD_icache_pipeline_tb.make_beat, S_000002271a15a7d0;
    %assign/vec4 v000002271a185140_0, 0;
    %load/vec4 v000002271a1856e0_0;
    %pushi/vec4 7, 0, 3;
    %cmp/e;
    %flag_get/vec4 4;
    %assign/vec4 v000002271a185dc0_0, 0;
    %load/vec4 v000002271a1862c0_0;
    %flag_set/vec4 8;
    %jmp/0xz  T_75.38, 8;
    %load/vec4 v000002271a1856e0_0;
    %cmpi/e 7, 0, 3;
    %jmp/0xz  T_75.40, 4;
    %pushi/vec4 0, 0, 1;
    %assign/vec4 v000002271a186720_0, 0;
    %jmp T_75.41;
T_75.40 ;
    %load/vec4 v000002271a1856e0_0;
    %addi 1, 0, 3;
    %assign/vec4 v000002271a1856e0_0, 0;
T_75.41 ;
T_75.38 ;
    %jmp T_75.35;
T_75.33 ;
    %load/vec4 v000002271a186220_0;
    %load/vec4 v000002271a186220_0;
    %store/vec4 v000002271a190ea0_0, 0, 32;
    %callf/vec4 TD_icache_pipeline_tb.mem_read_word, S_000002271a15a4b0;
    %store/vec4 v000002271a190d60_0, 0, 32;
    %store/vec4 v000002271a192c00_0, 0, 32;
    %callf/vec4 TD_icache_pipeline_tb.uc_read_data, S_000002271a1948b0;
    %assign/vec4 v000002271a185140_0, 0;
    %pushi/vec4 1, 0, 1;
    %assign/vec4 v000002271a185dc0_0, 0;
    %load/vec4 v000002271a1862c0_0;
    %flag_set/vec4 8;
    %jmp/0xz  T_75.42, 8;
    %pushi/vec4 0, 0, 1;
    %assign/vec4 v000002271a186720_0, 0;
T_75.42 ;
    %jmp T_75.35;
T_75.35 ;
    %pop/vec4 1;
    %load/vec4 v000002271a1865e0_0;
    %flag_set/vec4 9;
    %flag_get/vec4 9;
    %jmp/0 T_75.46, 9;
    %load/vec4 v000002271a1862c0_0;
    %and;
T_75.46;
    %flag_set/vec4 8;
    %jmp/0xz  T_75.44, 8;
    %pushi/vec4 0, 0, 1;
    %assign/vec4 v000002271a1865e0_0, 0;
T_75.44 ;
T_75.28 ;
T_75.27 ;
T_75.24 ;
T_75.1 ;
    %jmp T_75;
    .thread T_75;
    .scope S_000002271a0de9b0;
T_76 ;
    %pushi/vec4 0, 0, 32;
    %store/vec4 v000002271a198130_0, 0, 32;
    %vpi_func 3 845 "$value$plusargs" 32, "TEST=%d", v000002271a198130_0 {0 0 0};
    %nor/r;
    %flag_set/vec4 8;
    %jmp/0xz  T_76.0, 8;
    %pushi/vec4 0, 0, 32;
    %store/vec4 v000002271a198130_0, 0, 32;
T_76.0 ;
    %pushi/vec4 0, 0, 32; draw_string_vec4
    %pushi/vec4 0, 0, 32; draw_string_vec4
    %concat/vec4; draw_string_vec4
    %pushi/vec4 0, 0, 32; draw_string_vec4
    %concat/vec4; draw_string_vec4
    %pushi/vec4 0, 0, 32; draw_string_vec4
    %concat/vec4; draw_string_vec4
    %pushi/vec4 0, 0, 32; draw_string_vec4
    %concat/vec4; draw_string_vec4
    %pushi/vec4 0, 0, 32; draw_string_vec4
    %concat/vec4; draw_string_vec4
    %pushi/vec4 0, 0, 32; draw_string_vec4
    %concat/vec4; draw_string_vec4
    %pushi/vec4 0, 0, 32; draw_string_vec4
    %concat/vec4; draw_string_vec4
    %pushi/vec4 0, 0, 32; draw_string_vec4
    %concat/vec4; draw_string_vec4
    %pushi/vec4 0, 0, 32; draw_string_vec4
    %concat/vec4; draw_string_vec4
    %pushi/vec4 0, 0, 32; draw_string_vec4
    %concat/vec4; draw_string_vec4
    %pushi/vec4 0, 0, 32; draw_string_vec4
    %concat/vec4; draw_string_vec4
    %pushi/vec4 7369327, 0, 32; draw_string_vec4
    %concat/vec4; draw_string_vec4
    %pushi/vec4 1735549293, 0, 32; draw_string_vec4
    %concat/vec4; draw_string_vec4
    %pushi/vec4 1600414834, 0, 32; draw_string_vec4
    %concat/vec4; draw_string_vec4
    %pushi/vec4 778921325, 0, 32; draw_string_vec4
    %concat/vec4; draw_string_vec4
    %store/vec4 v000002271a187620_0, 0, 512;
    %pushi/vec4 4, 0, 5;
    %store/vec4 v000002271a185e60_0, 0, 5;
    %pushi/vec4 17, 0, 32;
    %store/vec4 v000002271a185f00_0, 0, 32;
    %pushi/vec4 1, 0, 1;
    %store/vec4 v000002271a196970_0, 0, 1;
    %pushi/vec4 2000, 0, 32;
    %store/vec4 v000002271a1874e0_0, 0, 32;
    %pushi/vec4 0, 0, 32;
    %store/vec4 v000002271a188660_0, 0, 32;
    %pushi/vec4 0, 0, 32;
    %store/vec4 v000002271a184ba0_0, 0, 32;
    %pushi/vec4 0, 0, 32;
    %store/vec4 v000002271a1974b0_0, 0, 32;
    %pushi/vec4 439041101, 0, 32;
    %store/vec4 v000002271a1975f0_0, 0, 32;
    %pushi/vec4 7, 0, 32;
    %store/vec4 v000002271a197550_0, 0, 32;
    %pushi/vec4 7, 0, 32;
    %store/vec4 v000002271a197ff0_0, 0, 32;
    %pushi/vec4 1, 0, 32;
    %store/vec4 v000002271a190e00_0, 0, 32;
    %pushi/vec4 512, 0, 32;
    %store/vec4 v000002271a198090_0, 0, 32;
    %pushi/vec4 0, 0, 32;
    %store/vec4 v000002271a197af0_0, 0, 32;
    %pushi/vec4 0, 0, 32;
    %store/vec4 v000002271a191b20_0, 0, 32;
    %pushi/vec4 0, 0, 32; draw_string_vec4
    %pushi/vec4 0, 0, 32; draw_string_vec4
    %concat/vec4; draw_string_vec4
    %pushi/vec4 0, 0, 32; draw_string_vec4
    %concat/vec4; draw_string_vec4
    %pushi/vec4 0, 0, 32; draw_string_vec4
    %concat/vec4; draw_string_vec4
    %pushi/vec4 0, 0, 32; draw_string_vec4
    %concat/vec4; draw_string_vec4
    %pushi/vec4 0, 0, 32; draw_string_vec4
    %concat/vec4; draw_string_vec4
    %pushi/vec4 0, 0, 32; draw_string_vec4
    %concat/vec4; draw_string_vec4
    %pushi/vec4 0, 0, 32; draw_string_vec4
    %concat/vec4; draw_string_vec4
    %pushi/vec4 0, 0, 32; draw_string_vec4
    %concat/vec4; draw_string_vec4
    %pushi/vec4 0, 0, 32; draw_string_vec4
    %concat/vec4; draw_string_vec4
    %pushi/vec4 0, 0, 32; draw_string_vec4
    %concat/vec4; draw_string_vec4
    %pushi/vec4 0, 0, 32; draw_string_vec4
    %concat/vec4; draw_string_vec4
    %pushi/vec4 0, 0, 32; draw_string_vec4
    %concat/vec4; draw_string_vec4
    %pushi/vec4 0, 0, 32; draw_string_vec4
    %concat/vec4; draw_string_vec4
    %pushi/vec4 0, 0, 32; draw_string_vec4
    %concat/vec4; draw_string_vec4
    %pushi/vec4 0, 0, 32; draw_string_vec4
    %concat/vec4; draw_string_vec4
    %pushi/vec4 0, 0, 32; draw_string_vec4
    %concat/vec4; draw_string_vec4
    %pushi/vec4 0, 0, 32; draw_string_vec4
    %concat/vec4; draw_string_vec4
    %pushi/vec4 0, 0, 32; draw_string_vec4
    %concat/vec4; draw_string_vec4
    %pushi/vec4 0, 0, 32; draw_string_vec4
    %concat/vec4; draw_string_vec4
    %pushi/vec4 0, 0, 32; draw_string_vec4
    %concat/vec4; draw_string_vec4
    %pushi/vec4 0, 0, 32; draw_string_vec4
    %concat/vec4; draw_string_vec4
    %pushi/vec4 0, 0, 32; draw_string_vec4
    %concat/vec4; draw_string_vec4
    %pushi/vec4 0, 0, 32; draw_string_vec4
    %concat/vec4; draw_string_vec4
    %pushi/vec4 0, 0, 32; draw_string_vec4
    %concat/vec4; draw_string_vec4
    %pushi/vec4 6452585, 0, 32; draw_string_vec4
    %concat/vec4; draw_string_vec4
    %pushi/vec4 1818517362, 0, 32; draw_string_vec4
    %concat/vec4; draw_string_vec4
    %pushi/vec4 1983066671, 0, 32; draw_string_vec4
    %concat/vec4; draw_string_vec4
    %pushi/vec4 1668246893, 0, 32; draw_string_vec4
    %concat/vec4; draw_string_vec4
    %pushi/vec4 1769234292, 0, 32; draw_string_vec4
    %concat/vec4; draw_string_vec4
    %pushi/vec4 1918985061, 0, 32; draw_string_vec4
    %concat/vec4; draw_string_vec4
    %pushi/vec4 778858343, 0, 32; draw_string_vec4
    %concat/vec4; draw_string_vec4
    %store/vec4 v000002271a196ab0_0, 0, 1024;
    %pushi/vec4 0, 0, 32; draw_string_vec4
    %pushi/vec4 0, 0, 32; draw_string_vec4
    %concat/vec4; draw_string_vec4
    %pushi/vec4 0, 0, 32; draw_string_vec4
    %concat/vec4; draw_string_vec4
    %pushi/vec4 0, 0, 32; draw_string_vec4
    %concat/vec4; draw_string_vec4
    %pushi/vec4 0, 0, 32; draw_string_vec4
    %concat/vec4; draw_string_vec4
    %pushi/vec4 0, 0, 32; draw_string_vec4
    %concat/vec4; draw_string_vec4
    %pushi/vec4 0, 0, 32; draw_string_vec4
    %concat/vec4; draw_string_vec4
    %pushi/vec4 0, 0, 32; draw_string_vec4
    %concat/vec4; draw_string_vec4
    %pushi/vec4 0, 0, 32; draw_string_vec4
    %concat/vec4; draw_string_vec4
    %pushi/vec4 0, 0, 32; draw_string_vec4
    %concat/vec4; draw_string_vec4
    %pushi/vec4 0, 0, 32; draw_string_vec4
    %concat/vec4; draw_string_vec4
    %pushi/vec4 0, 0, 32; draw_string_vec4
    %concat/vec4; draw_string_vec4
    %pushi/vec4 0, 0, 32; draw_string_vec4
    %concat/vec4; draw_string_vec4
    %pushi/vec4 0, 0, 32; draw_string_vec4
    %concat/vec4; draw_string_vec4
    %pushi/vec4 0, 0, 32; draw_string_vec4
    %concat/vec4; draw_string_vec4
    %pushi/vec4 0, 0, 32; draw_string_vec4
    %concat/vec4; draw_string_vec4
    %pushi/vec4 0, 0, 32; draw_string_vec4
    %concat/vec4; draw_string_vec4
    %pushi/vec4 0, 0, 32; draw_string_vec4
    %concat/vec4; draw_string_vec4
    %pushi/vec4 0, 0, 32; draw_string_vec4
    %concat/vec4; draw_string_vec4
    %pushi/vec4 0, 0, 32; draw_string_vec4
    %concat/vec4; draw_string_vec4
    %pushi/vec4 0, 0, 32; draw_string_vec4
    %concat/vec4; draw_string_vec4
    %pushi/vec4 0, 0, 32; draw_string_vec4
    %concat/vec4; draw_string_vec4
    %pushi/vec4 0, 0, 32; draw_string_vec4
    %concat/vec4; draw_string_vec4
    %pushi/vec4 0, 0, 32; draw_string_vec4
    %concat/vec4; draw_string_vec4
    %pushi/vec4 0, 0, 32; draw_string_vec4
    %concat/vec4; draw_string_vec4
    %pushi/vec4 25205, 0, 32; draw_string_vec4
    %concat/vec4; draw_string_vec4
    %pushi/vec4 1768711263, 0, 32; draw_string_vec4
    %concat/vec4; draw_string_vec4
    %pushi/vec4 1920348978, 0, 32; draw_string_vec4
    %concat/vec4; draw_string_vec4
    %pushi/vec4 796156511, 0, 32; draw_string_vec4
    %concat/vec4; draw_string_vec4
    %pushi/vec4 1668249189, 0, 32; draw_string_vec4
    %concat/vec4; draw_string_vec4
    %pushi/vec4 1918986085, 0, 32; draw_string_vec4
    %concat/vec4; draw_string_vec4
    %pushi/vec4 779384948, 0, 32; draw_string_vec4
    %concat/vec4; draw_string_vec4
    %store/vec4 v000002271a193ce0_0, 0, 1024;
    %pushi/vec4 0, 0, 32;
    %store/vec4 v000002271a196fb0_0, 0, 32;
    %pushi/vec4 0, 0, 32; draw_string_vec4
    %pushi/vec4 0, 0, 32; draw_string_vec4
    %concat/vec4; draw_string_vec4
    %pushi/vec4 0, 0, 32; draw_string_vec4
    %concat/vec4; draw_string_vec4
    %pushi/vec4 0, 0, 32; draw_string_vec4
    %concat/vec4; draw_string_vec4
    %pushi/vec4 0, 0, 32; draw_string_vec4
    %concat/vec4; draw_string_vec4
    %pushi/vec4 0, 0, 32; draw_string_vec4
    %concat/vec4; draw_string_vec4
    %pushi/vec4 0, 0, 32; draw_string_vec4
    %concat/vec4; draw_string_vec4
    %pushi/vec4 0, 0, 32; draw_string_vec4
    %concat/vec4; draw_string_vec4
    %pushi/vec4 0, 0, 32; draw_string_vec4
    %concat/vec4; draw_string_vec4
    %pushi/vec4 0, 0, 32; draw_string_vec4
    %concat/vec4; draw_string_vec4
    %pushi/vec4 0, 0, 32; draw_string_vec4
    %concat/vec4; draw_string_vec4
    %pushi/vec4 0, 0, 32; draw_string_vec4
    %concat/vec4; draw_string_vec4
    %pushi/vec4 0, 0, 32; draw_string_vec4
    %concat/vec4; draw_string_vec4
    %pushi/vec4 0, 0, 32; draw_string_vec4
    %concat/vec4; draw_string_vec4
    %pushi/vec4 0, 0, 32; draw_string_vec4
    %concat/vec4; draw_string_vec4
    %pushi/vec4 0, 0, 32; draw_string_vec4
    %concat/vec4; draw_string_vec4
    %pushi/vec4 0, 0, 32; draw_string_vec4
    %concat/vec4; draw_string_vec4
    %pushi/vec4 0, 0, 32; draw_string_vec4
    %concat/vec4; draw_string_vec4
    %pushi/vec4 0, 0, 32; draw_string_vec4
    %concat/vec4; draw_string_vec4
    %pushi/vec4 0, 0, 32; draw_string_vec4
    %concat/vec4; draw_string_vec4
    %pushi/vec4 0, 0, 32; draw_string_vec4
    %concat/vec4; draw_string_vec4
    %pushi/vec4 0, 0, 32; draw_string_vec4
    %concat/vec4; draw_string_vec4
    %pushi/vec4 0, 0, 32; draw_string_vec4
    %concat/vec4; draw_string_vec4
    %pushi/vec4 0, 0, 32; draw_string_vec4
    %concat/vec4; draw_string_vec4
    %pushi/vec4 98, 0, 32; draw_string_vec4
    %concat/vec4; draw_string_vec4
    %pushi/vec4 1969843300, 0, 32; draw_string_vec4
    %concat/vec4; draw_string_vec4
    %pushi/vec4 1601336883, 0, 32; draw_string_vec4
    %concat/vec4; draw_string_vec4
    %pushi/vec4 841970548, 0, 32; draw_string_vec4
    %concat/vec4; draw_string_vec4
    %pushi/vec4 1635018079, 0, 32; draw_string_vec4
    %concat/vec4; draw_string_vec4
    %pushi/vec4 1668249189, 0, 32; draw_string_vec4
    %concat/vec4; draw_string_vec4
    %pushi/vec4 1918986085, 0, 32; draw_string_vec4
    %concat/vec4; draw_string_vec4
    %pushi/vec4 779384948, 0, 32; draw_string_vec4
    %concat/vec4; draw_string_vec4
    %store/vec4 v000002271a197690_0, 0, 1024;
    %pushi/vec4 0, 0, 32;
    %store/vec4 v000002271a1988b0_0, 0, 32;
    %pushi/vec4 0, 0, 32;
    %store/vec4 v000002271a1932e0_0, 0, 32;
    %pushi/vec4 0, 0, 32;
    %store/vec4 v000002271a196290_0, 0, 32;
    %pushi/vec4 0, 0, 1;
    %store/vec4 v000002271a187080_0, 0, 1;
    %pushi/vec4 0, 0, 1;
    %store/vec4 v000002271a1855a0_0, 0, 1;
    %load/vec4 v000002271a198130_0;
    %dup/vec4;
    %pushi/vec4 1, 0, 32;
    %cmp/u;
    %jmp/1 T_76.2, 6;
    %dup/vec4;
    %pushi/vec4 2, 0, 32;
    %cmp/u;
    %jmp/1 T_76.3, 6;
    %dup/vec4;
    %pushi/vec4 3, 0, 32;
    %cmp/u;
    %jmp/1 T_76.4, 6;
    %dup/vec4;
    %pushi/vec4 4, 0, 32;
    %cmp/u;
    %jmp/1 T_76.5, 6;
    %dup/vec4;
    %pushi/vec4 5, 0, 32;
    %cmp/u;
    %jmp/1 T_76.6, 6;
    %dup/vec4;
    %pushi/vec4 6, 0, 32;
    %cmp/u;
    %jmp/1 T_76.7, 6;
    %dup/vec4;
    %pushi/vec4 7, 0, 32;
    %cmp/u;
    %jmp/1 T_76.8, 6;
    %dup/vec4;
    %pushi/vec4 8, 0, 32;
    %cmp/u;
    %jmp/1 T_76.9, 6;
    %dup/vec4;
    %pushi/vec4 9, 0, 32;
    %cmp/u;
    %jmp/1 T_76.10, 6;
    %dup/vec4;
    %pushi/vec4 10, 0, 32;
    %cmp/u;
    %jmp/1 T_76.11, 6;
    %dup/vec4;
    %pushi/vec4 11, 0, 32;
    %cmp/u;
    %jmp/1 T_76.12, 6;
    %dup/vec4;
    %pushi/vec4 12, 0, 32;
    %cmp/u;
    %jmp/1 T_76.13, 6;
    %dup/vec4;
    %pushi/vec4 13, 0, 32;
    %cmp/u;
    %jmp/1 T_76.14, 6;
    %dup/vec4;
    %pushi/vec4 14, 0, 32;
    %cmp/u;
    %jmp/1 T_76.15, 6;
    %dup/vec4;
    %pushi/vec4 15, 0, 32;
    %cmp/u;
    %jmp/1 T_76.16, 6;
    %dup/vec4;
    %pushi/vec4 16, 0, 32;
    %cmp/u;
    %jmp/1 T_76.17, 6;
    %dup/vec4;
    %pushi/vec4 17, 0, 32;
    %cmp/u;
    %jmp/1 T_76.18, 6;
    %dup/vec4;
    %pushi/vec4 18, 0, 32;
    %cmp/u;
    %jmp/1 T_76.19, 6;
    %dup/vec4;
    %pushi/vec4 19, 0, 32;
    %cmp/u;
    %jmp/1 T_76.20, 6;
    %dup/vec4;
    %pushi/vec4 20, 0, 32;
    %cmp/u;
    %jmp/1 T_76.21, 6;
    %dup/vec4;
    %pushi/vec4 21, 0, 32;
    %cmp/u;
    %jmp/1 T_76.22, 6;
    %dup/vec4;
    %pushi/vec4 22, 0, 32;
    %cmp/u;
    %jmp/1 T_76.23, 6;
    %dup/vec4;
    %pushi/vec4 23, 0, 32;
    %cmp/u;
    %jmp/1 T_76.24, 6;
    %dup/vec4;
    %pushi/vec4 24, 0, 32;
    %cmp/u;
    %jmp/1 T_76.25, 6;
    %dup/vec4;
    %pushi/vec4 25, 0, 32;
    %cmp/u;
    %jmp/1 T_76.26, 6;
    %dup/vec4;
    %pushi/vec4 26, 0, 32;
    %cmp/u;
    %jmp/1 T_76.27, 6;
    %dup/vec4;
    %pushi/vec4 27, 0, 32;
    %cmp/u;
    %jmp/1 T_76.28, 6;
    %jmp T_76.30;
T_76.2 ;
    %pushi/vec4 0, 0, 32; draw_string_vec4
    %pushi/vec4 0, 0, 32; draw_string_vec4
    %concat/vec4; draw_string_vec4
    %pushi/vec4 0, 0, 32; draw_string_vec4
    %concat/vec4; draw_string_vec4
    %pushi/vec4 0, 0, 32; draw_string_vec4
    %concat/vec4; draw_string_vec4
    %pushi/vec4 0, 0, 32; draw_string_vec4
    %concat/vec4; draw_string_vec4
    %pushi/vec4 0, 0, 32; draw_string_vec4
    %concat/vec4; draw_string_vec4
    %pushi/vec4 0, 0, 32; draw_string_vec4
    %concat/vec4; draw_string_vec4
    %pushi/vec4 0, 0, 32; draw_string_vec4
    %concat/vec4; draw_string_vec4
    %pushi/vec4 1413829460, 0, 32; draw_string_vec4
    %concat/vec4; draw_string_vec4
    %pushi/vec4 1598441804, 0, 32; draw_string_vec4
    %concat/vec4; draw_string_vec4
    %pushi/vec4 1163079533, 0, 32; draw_string_vec4
    %concat/vec4; draw_string_vec4
    %pushi/vec4 1701666676, 0, 32; draw_string_vec4
    %concat/vec4; draw_string_vec4
    %pushi/vec4 1702065201, 0, 32; draw_string_vec4
    %concat/vec4; draw_string_vec4
    %pushi/vec4 1600220277, 0, 32; draw_string_vec4
    %concat/vec4; draw_string_vec4
    %pushi/vec4 1600550756, 0, 32; draw_string_vec4
    %concat/vec4; draw_string_vec4
    %pushi/vec4 778921325, 0, 32; draw_string_vec4
    %concat/vec4; draw_string_vec4
    %store/vec4 v000002271a187620_0, 0, 512;
    %pushi/vec4 3, 0, 5;
    %store/vec4 v000002271a185e60_0, 0, 5;
    %pushi/vec4 4, 0, 32;
    %store/vec4 v000002271a185f00_0, 0, 32;
    %pushi/vec4 0, 0, 1;
    %store/vec4 v000002271a196970_0, 0, 1;
    %jmp T_76.30;
T_76.3 ;
    %pushi/vec4 0, 0, 32; draw_string_vec4
    %pushi/vec4 0, 0, 32; draw_string_vec4
    %concat/vec4; draw_string_vec4
    %pushi/vec4 0, 0, 32; draw_string_vec4
    %concat/vec4; draw_string_vec4
    %pushi/vec4 0, 0, 32; draw_string_vec4
    %concat/vec4; draw_string_vec4
    %pushi/vec4 0, 0, 32; draw_string_vec4
    %concat/vec4; draw_string_vec4
    %pushi/vec4 0, 0, 32; draw_string_vec4
    %concat/vec4; draw_string_vec4
    %pushi/vec4 0, 0, 32; draw_string_vec4
    %concat/vec4; draw_string_vec4
    %pushi/vec4 84, 0, 32; draw_string_vec4
    %concat/vec4; draw_string_vec4
    %pushi/vec4 1163088991, 0, 32; draw_string_vec4
    %concat/vec4; draw_string_vec4
    %pushi/vec4 1179208773, 0, 32; draw_string_vec4
    %concat/vec4; draw_string_vec4
    %pushi/vec4 1395617125, 0, 32; draw_string_vec4
    %concat/vec4; draw_string_vec4
    %pushi/vec4 1834972261, 0, 32; draw_string_vec4
    %concat/vec4; draw_string_vec4
    %pushi/vec4 1936994911, 0, 32; draw_string_vec4
    %concat/vec4; draw_string_vec4
    %pushi/vec4 1819238756, 0, 32; draw_string_vec4
    %concat/vec4; draw_string_vec4
    %pushi/vec4 1601532773, 0, 32; draw_string_vec4
    %concat/vec4; draw_string_vec4
    %pushi/vec4 778921325, 0, 32; draw_string_vec4
    %concat/vec4; draw_string_vec4
    %store/vec4 v000002271a187620_0, 0, 512;
    %pushi/vec4 2, 0, 5;
    %store/vec4 v000002271a185e60_0, 0, 5;
    %pushi/vec4 18, 0, 32;
    %store/vec4 v000002271a185f00_0, 0, 32;
    %pushi/vec4 0, 0, 1;
    %store/vec4 v000002271a196970_0, 0, 1;
    %jmp T_76.30;
T_76.4 ;
    %pushi/vec4 0, 0, 32; draw_string_vec4
    %pushi/vec4 0, 0, 32; draw_string_vec4
    %concat/vec4; draw_string_vec4
    %pushi/vec4 0, 0, 32; draw_string_vec4
    %concat/vec4; draw_string_vec4
    %pushi/vec4 0, 0, 32; draw_string_vec4
    %concat/vec4; draw_string_vec4
    %pushi/vec4 0, 0, 32; draw_string_vec4
    %concat/vec4; draw_string_vec4
    %pushi/vec4 0, 0, 32; draw_string_vec4
    %concat/vec4; draw_string_vec4
    %pushi/vec4 0, 0, 32; draw_string_vec4
    %concat/vec4; draw_string_vec4
    %pushi/vec4 21573, 0, 32; draw_string_vec4
    %concat/vec4; draw_string_vec4
    %pushi/vec4 1398038342, 0, 32; draw_string_vec4
    %concat/vec4; draw_string_vec4
    %pushi/vec4 1229735251, 0, 32; draw_string_vec4
    %concat/vec4; draw_string_vec4
    %pushi/vec4 795698541, 0, 32; draw_string_vec4
    %concat/vec4; draw_string_vec4
    %pushi/vec4 1601463667, 0, 32; draw_string_vec4
    %concat/vec4; draw_string_vec4
    %pushi/vec4 1949523827, 0, 32; draw_string_vec4
    %concat/vec4; draw_string_vec4
    %pushi/vec4 1953460837, 0, 32; draw_string_vec4
    %concat/vec4; draw_string_vec4
    %pushi/vec4 1600415088, 0, 32; draw_string_vec4
    %concat/vec4; draw_string_vec4
    %pushi/vec4 778921325, 0, 32; draw_string_vec4
    %concat/vec4; draw_string_vec4
    %store/vec4 v000002271a187620_0, 0, 512;
    %pushi/vec4 2, 0, 5;
    %store/vec4 v000002271a185e60_0, 0, 5;
    %pushi/vec4 5, 0, 32;
    %store/vec4 v000002271a185f00_0, 0, 32;
    %pushi/vec4 0, 0, 1;
    %store/vec4 v000002271a196970_0, 0, 1;
    %jmp T_76.30;
T_76.5 ;
    %pushi/vec4 0, 0, 32; draw_string_vec4
    %pushi/vec4 0, 0, 32; draw_string_vec4
    %concat/vec4; draw_string_vec4
    %pushi/vec4 0, 0, 32; draw_string_vec4
    %concat/vec4; draw_string_vec4
    %pushi/vec4 0, 0, 32; draw_string_vec4
    %concat/vec4; draw_string_vec4
    %pushi/vec4 0, 0, 32; draw_string_vec4
    %concat/vec4; draw_string_vec4
    %pushi/vec4 0, 0, 32; draw_string_vec4
    %concat/vec4; draw_string_vec4
    %pushi/vec4 84, 0, 32; draw_string_vec4
    %concat/vec4; draw_string_vec4
    %pushi/vec4 1163088991, 0, 32; draw_string_vec4
    %concat/vec4; draw_string_vec4
    %pushi/vec4 1179208773, 0, 32; draw_string_vec4
    %concat/vec4; draw_string_vec4
    %pushi/vec4 1395617125, 0, 32; draw_string_vec4
    %concat/vec4; draw_string_vec4
    %pushi/vec4 1834972261, 0, 32; draw_string_vec4
    %concat/vec4; draw_string_vec4
    %pushi/vec4 1936995423, 0, 32; draw_string_vec4
    %concat/vec4; draw_string_vec4
    %pushi/vec4 1651663214, 0, 32; draw_string_vec4
    %concat/vec4; draw_string_vec4
    %pushi/vec4 1667784564, 0, 32; draw_string_vec4
    %concat/vec4; draw_string_vec4
    %pushi/vec4 1634428270, 0, 32; draw_string_vec4
    %concat/vec4; draw_string_vec4
    %pushi/vec4 778921325, 0, 32; draw_string_vec4
    %concat/vec4; draw_string_vec4
    %store/vec4 v000002271a187620_0, 0, 512;
    %pushi/vec4 2, 0, 5;
    %store/vec4 v000002271a185e60_0, 0, 5;
    %pushi/vec4 2, 0, 32;
    %store/vec4 v000002271a185f00_0, 0, 32;
    %pushi/vec4 0, 0, 1;
    %store/vec4 v000002271a196970_0, 0, 1;
    %jmp T_76.30;
T_76.6 ;
    %pushi/vec4 0, 0, 32; draw_string_vec4
    %pushi/vec4 0, 0, 32; draw_string_vec4
    %concat/vec4; draw_string_vec4
    %pushi/vec4 0, 0, 32; draw_string_vec4
    %concat/vec4; draw_string_vec4
    %pushi/vec4 0, 0, 32; draw_string_vec4
    %concat/vec4; draw_string_vec4
    %pushi/vec4 0, 0, 32; draw_string_vec4
    %concat/vec4; draw_string_vec4
    %pushi/vec4 0, 0, 32; draw_string_vec4
    %concat/vec4; draw_string_vec4
    %pushi/vec4 0, 0, 32; draw_string_vec4
    %concat/vec4; draw_string_vec4
    %pushi/vec4 5522771, 0, 32; draw_string_vec4
    %concat/vec4; draw_string_vec4
    %pushi/vec4 1415530057, 0, 32; draw_string_vec4
    %concat/vec4; draw_string_vec4
    %pushi/vec4 1279611695, 0, 32; draw_string_vec4
    %concat/vec4; draw_string_vec4
    %pushi/vec4 1835363679, 0, 32; draw_string_vec4
    %concat/vec4; draw_string_vec4
    %pushi/vec4 1952805748, 0, 32; draw_string_vec4
    %concat/vec4; draw_string_vec4
    %pushi/vec4 895446127, 0, 32; draw_string_vec4
    %concat/vec4; draw_string_vec4
    %pushi/vec4 1633967987, 0, 32; draw_string_vec4
    %concat/vec4; draw_string_vec4
    %pushi/vec4 1953460837, 0, 32; draw_string_vec4
    %concat/vec4; draw_string_vec4
    %pushi/vec4 778921325, 0, 32; draw_string_vec4
    %concat/vec4; draw_string_vec4
    %store/vec4 v000002271a187620_0, 0, 512;
    %pushi/vec4 2, 0, 5;
    %store/vec4 v000002271a185e60_0, 0, 5;
    %pushi/vec4 9, 0, 32;
    %store/vec4 v000002271a185f00_0, 0, 32;
    %pushi/vec4 0, 0, 1;
    %store/vec4 v000002271a196970_0, 0, 1;
    %jmp T_76.30;
T_76.7 ;
    %pushi/vec4 0, 0, 32; draw_string_vec4
    %pushi/vec4 0, 0, 32; draw_string_vec4
    %concat/vec4; draw_string_vec4
    %pushi/vec4 0, 0, 32; draw_string_vec4
    %concat/vec4; draw_string_vec4
    %pushi/vec4 0, 0, 32; draw_string_vec4
    %concat/vec4; draw_string_vec4
    %pushi/vec4 0, 0, 32; draw_string_vec4
    %concat/vec4; draw_string_vec4
    %pushi/vec4 84, 0, 32; draw_string_vec4
    %concat/vec4; draw_string_vec4
    %pushi/vec4 1163088991, 0, 32; draw_string_vec4
    %concat/vec4; draw_string_vec4
    %pushi/vec4 1179208773, 0, 32; draw_string_vec4
    %concat/vec4; draw_string_vec4
    %pushi/vec4 1395617125, 0, 32; draw_string_vec4
    %concat/vec4; draw_string_vec4
    %pushi/vec4 1834972261, 0, 32; draw_string_vec4
    %concat/vec4; draw_string_vec4
    %pushi/vec4 1936995935, 0, 32; draw_string_vec4
    %concat/vec4; draw_string_vec4
    %pushi/vec4 1651663214, 0, 32; draw_string_vec4
    %concat/vec4; draw_string_vec4
    %pushi/vec4 1667784558, 0, 32; draw_string_vec4
    %concat/vec4; draw_string_vec4
    %pushi/vec4 1869897588, 0, 32; draw_string_vec4
    %concat/vec4; draw_string_vec4
    %pushi/vec4 1634428270, 0, 32; draw_string_vec4
    %concat/vec4; draw_string_vec4
    %pushi/vec4 778921325, 0, 32; draw_string_vec4
    %concat/vec4; draw_string_vec4
    %store/vec4 v000002271a187620_0, 0, 512;
    %pushi/vec4 2, 0, 5;
    %store/vec4 v000002271a185e60_0, 0, 5;
    %pushi/vec4 2, 0, 32;
    %store/vec4 v000002271a185f00_0, 0, 32;
    %pushi/vec4 0, 0, 1;
    %store/vec4 v000002271a196970_0, 0, 1;
    %jmp T_76.30;
T_76.8 ;
    %pushi/vec4 0, 0, 32; draw_string_vec4
    %pushi/vec4 0, 0, 32; draw_string_vec4
    %concat/vec4; draw_string_vec4
    %pushi/vec4 0, 0, 32; draw_string_vec4
    %concat/vec4; draw_string_vec4
    %pushi/vec4 0, 0, 32; draw_string_vec4
    %concat/vec4; draw_string_vec4
    %pushi/vec4 0, 0, 32; draw_string_vec4
    %concat/vec4; draw_string_vec4
    %pushi/vec4 0, 0, 32; draw_string_vec4
    %concat/vec4; draw_string_vec4
    %pushi/vec4 0, 0, 32; draw_string_vec4
    %concat/vec4; draw_string_vec4
    %pushi/vec4 0, 0, 32; draw_string_vec4
    %concat/vec4; draw_string_vec4
    %pushi/vec4 0, 0, 32; draw_string_vec4
    %concat/vec4; draw_string_vec4
    %pushi/vec4 1413829460, 0, 32; draw_string_vec4
    %concat/vec4; draw_string_vec4
    %pushi/vec4 1598441804, 0, 32; draw_string_vec4
    %concat/vec4; draw_string_vec4
    %pushi/vec4 1163079533, 0, 32; draw_string_vec4
    %concat/vec4; draw_string_vec4
    %pushi/vec4 1701666676, 0, 32; draw_string_vec4
    %concat/vec4; draw_string_vec4
    %pushi/vec4 1702065207, 0, 32; draw_string_vec4
    %concat/vec4; draw_string_vec4
    %pushi/vec4 1600807276, 0, 32; draw_string_vec4
    %concat/vec4; draw_string_vec4
    %pushi/vec4 778921325, 0, 32; draw_string_vec4
    %concat/vec4; draw_string_vec4
    %store/vec4 v000002271a187620_0, 0, 512;
    %pushi/vec4 2, 0, 5;
    %store/vec4 v000002271a185e60_0, 0, 5;
    %pushi/vec4 4, 0, 32;
    %store/vec4 v000002271a185f00_0, 0, 32;
    %pushi/vec4 0, 0, 1;
    %store/vec4 v000002271a196970_0, 0, 1;
    %jmp T_76.30;
T_76.9 ;
    %pushi/vec4 0, 0, 32; draw_string_vec4
    %pushi/vec4 0, 0, 32; draw_string_vec4
    %concat/vec4; draw_string_vec4
    %pushi/vec4 0, 0, 32; draw_string_vec4
    %concat/vec4; draw_string_vec4
    %pushi/vec4 0, 0, 32; draw_string_vec4
    %concat/vec4; draw_string_vec4
    %pushi/vec4 0, 0, 32; draw_string_vec4
    %concat/vec4; draw_string_vec4
    %pushi/vec4 0, 0, 32; draw_string_vec4
    %concat/vec4; draw_string_vec4
    %pushi/vec4 0, 0, 32; draw_string_vec4
    %concat/vec4; draw_string_vec4
    %pushi/vec4 0, 0, 32; draw_string_vec4
    %concat/vec4; draw_string_vec4
    %pushi/vec4 84, 0, 32; draw_string_vec4
    %concat/vec4; draw_string_vec4
    %pushi/vec4 1163088991, 0, 32; draw_string_vec4
    %concat/vec4; draw_string_vec4
    %pushi/vec4 1179208773, 0, 32; draw_string_vec4
    %concat/vec4; draw_string_vec4
    %pushi/vec4 1395617125, 0, 32; draw_string_vec4
    %concat/vec4; draw_string_vec4
    %pushi/vec4 1834972261, 0, 32; draw_string_vec4
    %concat/vec4; draw_string_vec4
    %pushi/vec4 1936996447, 0, 32; draw_string_vec4
    %concat/vec4; draw_string_vec4
    %pushi/vec4 1784769650, 0, 32; draw_string_vec4
    %concat/vec4; draw_string_vec4
    %pushi/vec4 778921325, 0, 32; draw_string_vec4
    %concat/vec4; draw_string_vec4
    %store/vec4 v000002271a187620_0, 0, 512;
    %pushi/vec4 2, 0, 5;
    %store/vec4 v000002271a185e60_0, 0, 5;
    %pushi/vec4 4, 0, 32;
    %store/vec4 v000002271a185f00_0, 0, 32;
    %pushi/vec4 0, 0, 1;
    %store/vec4 v000002271a196970_0, 0, 1;
    %jmp T_76.30;
T_76.10 ;
    %pushi/vec4 0, 0, 32; draw_string_vec4
    %pushi/vec4 0, 0, 32; draw_string_vec4
    %concat/vec4; draw_string_vec4
    %pushi/vec4 0, 0, 32; draw_string_vec4
    %concat/vec4; draw_string_vec4
    %pushi/vec4 0, 0, 32; draw_string_vec4
    %concat/vec4; draw_string_vec4
    %pushi/vec4 0, 0, 32; draw_string_vec4
    %concat/vec4; draw_string_vec4
    %pushi/vec4 0, 0, 32; draw_string_vec4
    %concat/vec4; draw_string_vec4
    %pushi/vec4 0, 0, 32; draw_string_vec4
    %concat/vec4; draw_string_vec4
    %pushi/vec4 0, 0, 32; draw_string_vec4
    %concat/vec4; draw_string_vec4
    %pushi/vec4 21573, 0, 32; draw_string_vec4
    %concat/vec4; draw_string_vec4
    %pushi/vec4 1398038342, 0, 32; draw_string_vec4
    %concat/vec4; draw_string_vec4
    %pushi/vec4 1229735251, 0, 32; draw_string_vec4
    %concat/vec4; draw_string_vec4
    %pushi/vec4 795698541, 0, 32; draw_string_vec4
    %concat/vec4; draw_string_vec4
    %pushi/vec4 1601463667, 0, 32; draw_string_vec4
    %concat/vec4; draw_string_vec4
    %pushi/vec4 1949917036, 0, 32; draw_string_vec4
    %concat/vec4; draw_string_vec4
    %pushi/vec4 1650422626, 0, 32; draw_string_vec4
    %concat/vec4; draw_string_vec4
    %pushi/vec4 778921325, 0, 32; draw_string_vec4
    %concat/vec4; draw_string_vec4
    %store/vec4 v000002271a187620_0, 0, 512;
    %pushi/vec4 2, 0, 5;
    %store/vec4 v000002271a185e60_0, 0, 5;
    %pushi/vec4 4294967168, 0, 32;
    %store/vec4 v000002271a185f00_0, 0, 32;
    %pushi/vec4 0, 0, 1;
    %store/vec4 v000002271a196970_0, 0, 1;
    %jmp T_76.30;
T_76.11 ;
    %pushi/vec4 0, 0, 32; draw_string_vec4
    %pushi/vec4 0, 0, 32; draw_string_vec4
    %concat/vec4; draw_string_vec4
    %pushi/vec4 0, 0, 32; draw_string_vec4
    %concat/vec4; draw_string_vec4
    %pushi/vec4 0, 0, 32; draw_string_vec4
    %concat/vec4; draw_string_vec4
    %pushi/vec4 0, 0, 32; draw_string_vec4
    %concat/vec4; draw_string_vec4
    %pushi/vec4 0, 0, 32; draw_string_vec4
    %concat/vec4; draw_string_vec4
    %pushi/vec4 0, 0, 32; draw_string_vec4
    %concat/vec4; draw_string_vec4
    %pushi/vec4 0, 0, 32; draw_string_vec4
    %concat/vec4; draw_string_vec4
    %pushi/vec4 1413829460, 0, 32; draw_string_vec4
    %concat/vec4; draw_string_vec4
    %pushi/vec4 1598441804, 0, 32; draw_string_vec4
    %concat/vec4; draw_string_vec4
    %pushi/vec4 1163079533, 0, 32; draw_string_vec4
    %concat/vec4; draw_string_vec4
    %pushi/vec4 1701666676, 0, 32; draw_string_vec4
    %concat/vec4; draw_string_vec4
    %pushi/vec4 1702065201, 0, 32; draw_string_vec4
    %concat/vec4; draw_string_vec4
    %pushi/vec4 811560040, 0, 32; draw_string_vec4
    %concat/vec4; draw_string_vec4
    %pushi/vec4 1969189736, 0, 32; draw_string_vec4
    %concat/vec4; draw_string_vec4
    %pushi/vec4 778921325, 0, 32; draw_string_vec4
    %concat/vec4; draw_string_vec4
    %store/vec4 v000002271a187620_0, 0, 512;
    %pushi/vec4 2, 0, 5;
    %store/vec4 v000002271a185e60_0, 0, 5;
    %pushi/vec4 240, 0, 32;
    %store/vec4 v000002271a185f00_0, 0, 32;
    %pushi/vec4 0, 0, 1;
    %store/vec4 v000002271a196970_0, 0, 1;
    %jmp T_76.30;
T_76.12 ;
    %pushi/vec4 0, 0, 32; draw_string_vec4
    %pushi/vec4 0, 0, 32; draw_string_vec4
    %concat/vec4; draw_string_vec4
    %pushi/vec4 0, 0, 32; draw_string_vec4
    %concat/vec4; draw_string_vec4
    %pushi/vec4 0, 0, 32; draw_string_vec4
    %concat/vec4; draw_string_vec4
    %pushi/vec4 0, 0, 32; draw_string_vec4
    %concat/vec4; draw_string_vec4
    %pushi/vec4 0, 0, 32; draw_string_vec4
    %concat/vec4; draw_string_vec4
    %pushi/vec4 0, 0, 32; draw_string_vec4
    %concat/vec4; draw_string_vec4
    %pushi/vec4 21573, 0, 32; draw_string_vec4
    %concat/vec4; draw_string_vec4
    %pushi/vec4 1398038342, 0, 32; draw_string_vec4
    %concat/vec4; draw_string_vec4
    %pushi/vec4 1229735251, 0, 32; draw_string_vec4
    %concat/vec4; draw_string_vec4
    %pushi/vec4 795698541, 0, 32; draw_string_vec4
    %concat/vec4; draw_string_vec4
    %pushi/vec4 1601463667, 0, 32; draw_string_vec4
    %concat/vec4; draw_string_vec4
    %pushi/vec4 1949380959, 0, 32; draw_string_vec4
    %concat/vec4; draw_string_vec4
    %pushi/vec4 1819242087, 0, 32; draw_string_vec4
    %concat/vec4; draw_string_vec4
    %pushi/vec4 1601005944, 0, 32; draw_string_vec4
    %concat/vec4; draw_string_vec4
    %pushi/vec4 778921325, 0, 32; draw_string_vec4
    %concat/vec4; draw_string_vec4
    %store/vec4 v000002271a187620_0, 0, 512;
    %pushi/vec4 8, 0, 5;
    %store/vec4 v000002271a185e60_0, 0, 5;
    %pushi/vec4 27, 0, 32;
    %store/vec4 v000002271a185f00_0, 0, 32;
    %pushi/vec4 0, 0, 1;
    %store/vec4 v000002271a196970_0, 0, 1;
    %jmp T_76.30;
T_76.13 ;
    %pushi/vec4 0, 0, 32; draw_string_vec4
    %pushi/vec4 0, 0, 32; draw_string_vec4
    %concat/vec4; draw_string_vec4
    %pushi/vec4 0, 0, 32; draw_string_vec4
    %concat/vec4; draw_string_vec4
    %pushi/vec4 0, 0, 32; draw_string_vec4
    %concat/vec4; draw_string_vec4
    %pushi/vec4 0, 0, 32; draw_string_vec4
    %concat/vec4; draw_string_vec4
    %pushi/vec4 0, 0, 32; draw_string_vec4
    %concat/vec4; draw_string_vec4
    %pushi/vec4 0, 0, 32; draw_string_vec4
    %concat/vec4; draw_string_vec4
    %pushi/vec4 21573, 0, 32; draw_string_vec4
    %concat/vec4; draw_string_vec4
    %pushi/vec4 1398038342, 0, 32; draw_string_vec4
    %concat/vec4; draw_string_vec4
    %pushi/vec4 1229735251, 0, 32; draw_string_vec4
    %concat/vec4; draw_string_vec4
    %pushi/vec4 795698541, 0, 32; draw_string_vec4
    %concat/vec4; draw_string_vec4
    %pushi/vec4 1601463667, 0, 32; draw_string_vec4
    %concat/vec4; draw_string_vec4
    %pushi/vec4 1949381215, 0, 32; draw_string_vec4
    %concat/vec4; draw_string_vec4
    %pushi/vec4 1819242087, 0, 32; draw_string_vec4
    %concat/vec4; draw_string_vec4
    %pushi/vec4 1601004909, 0, 32; draw_string_vec4
    %concat/vec4; draw_string_vec4
    %pushi/vec4 778921325, 0, 32; draw_string_vec4
    %concat/vec4; draw_string_vec4
    %store/vec4 v000002271a187620_0, 0, 512;
    %pushi/vec4 10, 0, 5;
    %store/vec4 v000002271a185e60_0, 0, 5;
    %pushi/vec4 259, 0, 32;
    %store/vec4 v000002271a185f00_0, 0, 32;
    %pushi/vec4 0, 0, 1;
    %store/vec4 v000002271a196970_0, 0, 1;
    %jmp T_76.30;
T_76.14 ;
    %pushi/vec4 0, 0, 32; draw_string_vec4
    %pushi/vec4 0, 0, 32; draw_string_vec4
    %concat/vec4; draw_string_vec4
    %pushi/vec4 0, 0, 32; draw_string_vec4
    %concat/vec4; draw_string_vec4
    %pushi/vec4 0, 0, 32; draw_string_vec4
    %concat/vec4; draw_string_vec4
    %pushi/vec4 0, 0, 32; draw_string_vec4
    %concat/vec4; draw_string_vec4
    %pushi/vec4 0, 0, 32; draw_string_vec4
    %concat/vec4; draw_string_vec4
    %pushi/vec4 0, 0, 32; draw_string_vec4
    %concat/vec4; draw_string_vec4
    %pushi/vec4 0, 0, 32; draw_string_vec4
    %concat/vec4; draw_string_vec4
    %pushi/vec4 1413829460, 0, 32; draw_string_vec4
    %concat/vec4; draw_string_vec4
    %pushi/vec4 1598441804, 0, 32; draw_string_vec4
    %concat/vec4; draw_string_vec4
    %pushi/vec4 1163079533, 0, 32; draw_string_vec4
    %concat/vec4; draw_string_vec4
    %pushi/vec4 1701666676, 0, 32; draw_string_vec4
    %concat/vec4; draw_string_vec4
    %pushi/vec4 1702065201, 0, 32; draw_string_vec4
    %concat/vec4; draw_string_vec4
    %pushi/vec4 861893492, 0, 32; draw_string_vec4
    %concat/vec4; draw_string_vec4
    %pushi/vec4 1919251315, 0, 32; draw_string_vec4
    %concat/vec4; draw_string_vec4
    %pushi/vec4 778921325, 0, 32; draw_string_vec4
    %concat/vec4; draw_string_vec4
    %store/vec4 v000002271a187620_0, 0, 512;
    %pushi/vec4 8, 0, 5;
    %store/vec4 v000002271a185e60_0, 0, 5;
    %pushi/vec4 755387550, 0, 32;
    %store/vec4 v000002271a185f00_0, 0, 32;
    %pushi/vec4 0, 0, 1;
    %store/vec4 v000002271a196970_0, 0, 1;
    %pushi/vec4 20000, 0, 32;
    %store/vec4 v000002271a1874e0_0, 0, 32;
    %jmp T_76.30;
T_76.15 ;
    %pushi/vec4 0, 0, 32; draw_string_vec4
    %pushi/vec4 0, 0, 32; draw_string_vec4
    %concat/vec4; draw_string_vec4
    %pushi/vec4 0, 0, 32; draw_string_vec4
    %concat/vec4; draw_string_vec4
    %pushi/vec4 0, 0, 32; draw_string_vec4
    %concat/vec4; draw_string_vec4
    %pushi/vec4 0, 0, 32; draw_string_vec4
    %concat/vec4; draw_string_vec4
    %pushi/vec4 0, 0, 32; draw_string_vec4
    %concat/vec4; draw_string_vec4
    %pushi/vec4 0, 0, 32; draw_string_vec4
    %concat/vec4; draw_string_vec4
    %pushi/vec4 84, 0, 32; draw_string_vec4
    %concat/vec4; draw_string_vec4
    %pushi/vec4 1163088991, 0, 32; draw_string_vec4
    %concat/vec4; draw_string_vec4
    %pushi/vec4 1179208773, 0, 32; draw_string_vec4
    %concat/vec4; draw_string_vec4
    %pushi/vec4 1395617125, 0, 32; draw_string_vec4
    %concat/vec4; draw_string_vec4
    %pushi/vec4 1834972261, 0, 32; draw_string_vec4
    %concat/vec4; draw_string_vec4
    %pushi/vec4 1936994612, 0, 32; draw_string_vec4
    %concat/vec4; draw_string_vec4
    %pushi/vec4 1600742495, 0, 32; draw_string_vec4
    %concat/vec4; draw_string_vec4
    %pushi/vec4 1835627379, 0, 32; draw_string_vec4
    %concat/vec4; draw_string_vec4
    %pushi/vec4 778921325, 0, 32; draw_string_vec4
    %concat/vec4; draw_string_vec4
    %store/vec4 v000002271a187620_0, 0, 512;
    %pushi/vec4 8, 0, 5;
    %store/vec4 v000002271a185e60_0, 0, 5;
    %pushi/vec4 196596, 0, 32;
    %store/vec4 v000002271a185f00_0, 0, 32;
    %pushi/vec4 0, 0, 1;
    %store/vec4 v000002271a196970_0, 0, 1;
    %pushi/vec4 20000, 0, 32;
    %store/vec4 v000002271a1874e0_0, 0, 32;
    %jmp T_76.30;
T_76.16 ;
    %pushi/vec4 0, 0, 32; draw_string_vec4
    %pushi/vec4 0, 0, 32; draw_string_vec4
    %concat/vec4; draw_string_vec4
    %pushi/vec4 0, 0, 32; draw_string_vec4
    %concat/vec4; draw_string_vec4
    %pushi/vec4 0, 0, 32; draw_string_vec4
    %concat/vec4; draw_string_vec4
    %pushi/vec4 0, 0, 32; draw_string_vec4
    %concat/vec4; draw_string_vec4
    %pushi/vec4 0, 0, 32; draw_string_vec4
    %concat/vec4; draw_string_vec4
    %pushi/vec4 0, 0, 32; draw_string_vec4
    %concat/vec4; draw_string_vec4
    %pushi/vec4 0, 0, 32; draw_string_vec4
    %concat/vec4; draw_string_vec4
    %pushi/vec4 1413829460, 0, 32; draw_string_vec4
    %concat/vec4; draw_string_vec4
    %pushi/vec4 1598441804, 0, 32; draw_string_vec4
    %concat/vec4; draw_string_vec4
    %pushi/vec4 1163079533, 0, 32; draw_string_vec4
    %concat/vec4; draw_string_vec4
    %pushi/vec4 1701666676, 0, 32; draw_string_vec4
    %concat/vec4; draw_string_vec4
    %pushi/vec4 1702065201, 0, 32; draw_string_vec4
    %concat/vec4; draw_string_vec4
    %pushi/vec4 1600220277, 0, 32; draw_string_vec4
    %concat/vec4; draw_string_vec4
    %pushi/vec4 1600550756, 0, 32; draw_string_vec4
    %concat/vec4; draw_string_vec4
    %pushi/vec4 778921325, 0, 32; draw_string_vec4
    %concat/vec4; draw_string_vec4
    %store/vec4 v000002271a187620_0, 0, 512;
    %pushi/vec4 1, 0, 1;
    %store/vec4 v000002271a187080_0, 0, 1;
    %pushi/vec4 0, 0, 5;
    %store/vec4 v000002271a185e60_0, 0, 5;
    %pushi/vec4 0, 0, 32;
    %store/vec4 v000002271a185f00_0, 0, 32;
    %pushi/vec4 0, 0, 1;
    %store/vec4 v000002271a196970_0, 0, 1;
    %pushi/vec4 2000, 0, 32;
    %store/vec4 v000002271a1874e0_0, 0, 32;
    %jmp T_76.30;
T_76.17 ;
    %pushi/vec4 0, 0, 32; draw_string_vec4
    %pushi/vec4 0, 0, 32; draw_string_vec4
    %concat/vec4; draw_string_vec4
    %pushi/vec4 0, 0, 32; draw_string_vec4
    %concat/vec4; draw_string_vec4
    %pushi/vec4 0, 0, 32; draw_string_vec4
    %concat/vec4; draw_string_vec4
    %pushi/vec4 0, 0, 32; draw_string_vec4
    %concat/vec4; draw_string_vec4
    %pushi/vec4 0, 0, 32; draw_string_vec4
    %concat/vec4; draw_string_vec4
    %pushi/vec4 0, 0, 32; draw_string_vec4
    %concat/vec4; draw_string_vec4
    %pushi/vec4 5522771, 0, 32; draw_string_vec4
    %concat/vec4; draw_string_vec4
    %pushi/vec4 1415530057, 0, 32; draw_string_vec4
    %concat/vec4; draw_string_vec4
    %pushi/vec4 1279611695, 0, 32; draw_string_vec4
    %concat/vec4; draw_string_vec4
    %pushi/vec4 1835363679, 0, 32; draw_string_vec4
    %concat/vec4; draw_string_vec4
    %pushi/vec4 1952805748, 0, 32; draw_string_vec4
    %concat/vec4; draw_string_vec4
    %pushi/vec4 895446127, 0, 32; draw_string_vec4
    %concat/vec4; draw_string_vec4
    %pushi/vec4 1633967987, 0, 32; draw_string_vec4
    %concat/vec4; draw_string_vec4
    %pushi/vec4 1953460837, 0, 32; draw_string_vec4
    %concat/vec4; draw_string_vec4
    %pushi/vec4 778921325, 0, 32; draw_string_vec4
    %concat/vec4; draw_string_vec4
    %store/vec4 v000002271a187620_0, 0, 512;
    %pushi/vec4 1, 0, 1;
    %store/vec4 v000002271a1855a0_0, 0, 1;
    %pushi/vec4 0, 0, 5;
    %store/vec4 v000002271a185e60_0, 0, 5;
    %pushi/vec4 0, 0, 32;
    %store/vec4 v000002271a185f00_0, 0, 32;
    %pushi/vec4 0, 0, 1;
    %store/vec4 v000002271a196970_0, 0, 1;
    %pushi/vec4 4000, 0, 32;
    %store/vec4 v000002271a1874e0_0, 0, 32;
    %jmp T_76.30;
T_76.18 ;
    %pushi/vec4 0, 0, 32; draw_string_vec4
    %pushi/vec4 0, 0, 32; draw_string_vec4
    %concat/vec4; draw_string_vec4
    %pushi/vec4 0, 0, 32; draw_string_vec4
    %concat/vec4; draw_string_vec4
    %pushi/vec4 0, 0, 32; draw_string_vec4
    %concat/vec4; draw_string_vec4
    %pushi/vec4 0, 0, 32; draw_string_vec4
    %concat/vec4; draw_string_vec4
    %pushi/vec4 0, 0, 32; draw_string_vec4
    %concat/vec4; draw_string_vec4
    %pushi/vec4 5522771, 0, 32; draw_string_vec4
    %concat/vec4; draw_string_vec4
    %pushi/vec4 1415530057, 0, 32; draw_string_vec4
    %concat/vec4; draw_string_vec4
    %pushi/vec4 1279611695, 0, 32; draw_string_vec4
    %concat/vec4; draw_string_vec4
    %pushi/vec4 1835363679, 0, 32; draw_string_vec4
    %concat/vec4; draw_string_vec4
    %pushi/vec4 1952805748, 0, 32; draw_string_vec4
    %concat/vec4; draw_string_vec4
    %pushi/vec4 825712489, 0, 32; draw_string_vec4
    %concat/vec4; draw_string_vec4
    %pushi/vec4 1667326824, 0, 32; draw_string_vec4
    %concat/vec4; draw_string_vec4
    %pushi/vec4 1700754292, 0, 32; draw_string_vec4
    %concat/vec4; draw_string_vec4
    %pushi/vec4 1919251315, 0, 32; draw_string_vec4
    %concat/vec4; draw_string_vec4
    %pushi/vec4 778921325, 0, 32; draw_string_vec4
    %concat/vec4; draw_string_vec4
    %store/vec4 v000002271a187620_0, 0, 512;
    %pushi/vec4 4, 0, 5;
    %store/vec4 v000002271a185e60_0, 0, 5;
    %pushi/vec4 17, 0, 32;
    %store/vec4 v000002271a185f00_0, 0, 32;
    %pushi/vec4 1, 0, 1;
    %store/vec4 v000002271a196970_0, 0, 1;
    %pushi/vec4 8000, 0, 32;
    %store/vec4 v000002271a1874e0_0, 0, 32;
    %jmp T_76.30;
T_76.19 ;
    %pushi/vec4 0, 0, 32; draw_string_vec4
    %pushi/vec4 0, 0, 32; draw_string_vec4
    %concat/vec4; draw_string_vec4
    %pushi/vec4 0, 0, 32; draw_string_vec4
    %concat/vec4; draw_string_vec4
    %pushi/vec4 0, 0, 32; draw_string_vec4
    %concat/vec4; draw_string_vec4
    %pushi/vec4 0, 0, 32; draw_string_vec4
    %concat/vec4; draw_string_vec4
    %pushi/vec4 0, 0, 32; draw_string_vec4
    %concat/vec4; draw_string_vec4
    %pushi/vec4 0, 0, 32; draw_string_vec4
    %concat/vec4; draw_string_vec4
    %pushi/vec4 5522771, 0, 32; draw_string_vec4
    %concat/vec4; draw_string_vec4
    %pushi/vec4 1415530057, 0, 32; draw_string_vec4
    %concat/vec4; draw_string_vec4
    %pushi/vec4 1279611695, 0, 32; draw_string_vec4
    %concat/vec4; draw_string_vec4
    %pushi/vec4 1835363679, 0, 32; draw_string_vec4
    %concat/vec4; draw_string_vec4
    %pushi/vec4 1952805748, 0, 32; draw_string_vec4
    %concat/vec4; draw_string_vec4
    %pushi/vec4 825778020, 0, 32; draw_string_vec4
    %concat/vec4; draw_string_vec4
    %pushi/vec4 1667326824, 0, 32; draw_string_vec4
    %concat/vec4; draw_string_vec4
    %pushi/vec4 1700755298, 0, 32; draw_string_vec4
    %concat/vec4; draw_string_vec4
    %pushi/vec4 778921325, 0, 32; draw_string_vec4
    %concat/vec4; draw_string_vec4
    %store/vec4 v000002271a187620_0, 0, 512;
    %pushi/vec4 8, 0, 5;
    %store/vec4 v000002271a185e60_0, 0, 5;
    %pushi/vec4 17, 0, 32;
    %store/vec4 v000002271a185f00_0, 0, 32;
    %pushi/vec4 0, 0, 1;
    %store/vec4 v000002271a196970_0, 0, 1;
    %pushi/vec4 8000, 0, 32;
    %store/vec4 v000002271a1874e0_0, 0, 32;
    %jmp T_76.30;
T_76.20 ;
    %pushi/vec4 0, 0, 32; draw_string_vec4
    %pushi/vec4 0, 0, 32; draw_string_vec4
    %concat/vec4; draw_string_vec4
    %pushi/vec4 0, 0, 32; draw_string_vec4
    %concat/vec4; draw_string_vec4
    %pushi/vec4 0, 0, 32; draw_string_vec4
    %concat/vec4; draw_string_vec4
    %pushi/vec4 0, 0, 32; draw_string_vec4
    %concat/vec4; draw_string_vec4
    %pushi/vec4 0, 0, 32; draw_string_vec4
    %concat/vec4; draw_string_vec4
    %pushi/vec4 5522771, 0, 32; draw_string_vec4
    %concat/vec4; draw_string_vec4
    %pushi/vec4 1415530057, 0, 32; draw_string_vec4
    %concat/vec4; draw_string_vec4
    %pushi/vec4 1279611695, 0, 32; draw_string_vec4
    %concat/vec4; draw_string_vec4
    %pushi/vec4 1835363679, 0, 32; draw_string_vec4
    %concat/vec4; draw_string_vec4
    %pushi/vec4 1952805748, 0, 32; draw_string_vec4
    %concat/vec4; draw_string_vec4
    %pushi/vec4 825843560, 0, 32; draw_string_vec4
    %concat/vec4; draw_string_vec4
    %pushi/vec4 1635410290, 0, 32; draw_string_vec4
    %concat/vec4; draw_string_vec4
    %pushi/vec4 1683972722, 0, 32; draw_string_vec4
    %concat/vec4; draw_string_vec4
    %pushi/vec4 1634624360, 0, 32; draw_string_vec4
    %concat/vec4; draw_string_vec4
    %pushi/vec4 778921325, 0, 32; draw_string_vec4
    %concat/vec4; draw_string_vec4
    %store/vec4 v000002271a187620_0, 0, 512;
    %pushi/vec4 6, 0, 5;
    %store/vec4 v000002271a185e60_0, 0, 5;
    %pushi/vec4 204, 0, 32;
    %store/vec4 v000002271a185f00_0, 0, 32;
    %pushi/vec4 0, 0, 1;
    %store/vec4 v000002271a196970_0, 0, 1;
    %pushi/vec4 4000, 0, 32;
    %store/vec4 v000002271a1874e0_0, 0, 32;
    %jmp T_76.30;
T_76.21 ;
    %pushi/vec4 0, 0, 32; draw_string_vec4
    %pushi/vec4 0, 0, 32; draw_string_vec4
    %concat/vec4; draw_string_vec4
    %pushi/vec4 0, 0, 32; draw_string_vec4
    %concat/vec4; draw_string_vec4
    %pushi/vec4 0, 0, 32; draw_string_vec4
    %concat/vec4; draw_string_vec4
    %pushi/vec4 0, 0, 32; draw_string_vec4
    %concat/vec4; draw_string_vec4
    %pushi/vec4 0, 0, 32; draw_string_vec4
    %concat/vec4; draw_string_vec4
    %pushi/vec4 0, 0, 32; draw_string_vec4
    %concat/vec4; draw_string_vec4
    %pushi/vec4 21573, 0, 32; draw_string_vec4
    %concat/vec4; draw_string_vec4
    %pushi/vec4 1398038342, 0, 32; draw_string_vec4
    %concat/vec4; draw_string_vec4
    %pushi/vec4 1229735251, 0, 32; draw_string_vec4
    %concat/vec4; draw_string_vec4
    %pushi/vec4 795698541, 0, 32; draw_string_vec4
    %concat/vec4; draw_string_vec4
    %pushi/vec4 1601463667, 0, 32; draw_string_vec4
    %concat/vec4; draw_string_vec4
    %pushi/vec4 1949446239, 0, 32; draw_string_vec4
    %concat/vec4; draw_string_vec4
    %pushi/vec4 1819242087, 0, 32; draw_string_vec4
    %concat/vec4; draw_string_vec4
    %pushi/vec4 1601005944, 0, 32; draw_string_vec4
    %concat/vec4; draw_string_vec4
    %pushi/vec4 778921325, 0, 32; draw_string_vec4
    %concat/vec4; draw_string_vec4
    %store/vec4 v000002271a187620_0, 0, 512;
    %pushi/vec4 8, 0, 5;
    %store/vec4 v000002271a185e60_0, 0, 5;
    %pushi/vec4 90, 0, 32;
    %store/vec4 v000002271a185f00_0, 0, 32;
    %pushi/vec4 0, 0, 1;
    %store/vec4 v000002271a196970_0, 0, 1;
    %pushi/vec4 50000, 0, 32;
    %store/vec4 v000002271a1874e0_0, 0, 32;
    %jmp T_76.30;
T_76.22 ;
    %pushi/vec4 0, 0, 32; draw_string_vec4
    %pushi/vec4 0, 0, 32; draw_string_vec4
    %concat/vec4; draw_string_vec4
    %pushi/vec4 0, 0, 32; draw_string_vec4
    %concat/vec4; draw_string_vec4
    %pushi/vec4 0, 0, 32; draw_string_vec4
    %concat/vec4; draw_string_vec4
    %pushi/vec4 0, 0, 32; draw_string_vec4
    %concat/vec4; draw_string_vec4
    %pushi/vec4 0, 0, 32; draw_string_vec4
    %concat/vec4; draw_string_vec4
    %pushi/vec4 84, 0, 32; draw_string_vec4
    %concat/vec4; draw_string_vec4
    %pushi/vec4 1163088991, 0, 32; draw_string_vec4
    %concat/vec4; draw_string_vec4
    %pushi/vec4 1179208773, 0, 32; draw_string_vec4
    %concat/vec4; draw_string_vec4
    %pushi/vec4 1395617125, 0, 32; draw_string_vec4
    %concat/vec4; draw_string_vec4
    %pushi/vec4 1834972261, 0, 32; draw_string_vec4
    %concat/vec4; draw_string_vec4
    %pushi/vec4 1936994865, 0, 32; draw_string_vec4
    %concat/vec4; draw_string_vec4
    %pushi/vec4 1600941934, 0, 32; draw_string_vec4
    %concat/vec4; draw_string_vec4
    %pushi/vec4 1734304370, 0, 32; draw_string_vec4
    %concat/vec4; draw_string_vec4
    %pushi/vec4 1634624360, 0, 32; draw_string_vec4
    %concat/vec4; draw_string_vec4
    %pushi/vec4 778921325, 0, 32; draw_string_vec4
    %concat/vec4; draw_string_vec4
    %store/vec4 v000002271a187620_0, 0, 512;
    %pushi/vec4 8, 0, 5;
    %store/vec4 v000002271a185e60_0, 0, 5;
    %pushi/vec4 90, 0, 32;
    %store/vec4 v000002271a185f00_0, 0, 32;
    %pushi/vec4 0, 0, 1;
    %store/vec4 v000002271a196970_0, 0, 1;
    %pushi/vec4 200000, 0, 32;
    %store/vec4 v000002271a1874e0_0, 0, 32;
    %jmp T_76.30;
T_76.23 ;
    %pushi/vec4 0, 0, 32; draw_string_vec4
    %pushi/vec4 0, 0, 32; draw_string_vec4
    %concat/vec4; draw_string_vec4
    %pushi/vec4 0, 0, 32; draw_string_vec4
    %concat/vec4; draw_string_vec4
    %pushi/vec4 0, 0, 32; draw_string_vec4
    %concat/vec4; draw_string_vec4
    %pushi/vec4 0, 0, 32; draw_string_vec4
    %concat/vec4; draw_string_vec4
    %pushi/vec4 0, 0, 32; draw_string_vec4
    %concat/vec4; draw_string_vec4
    %pushi/vec4 1413829460, 0, 32; draw_string_vec4
    %concat/vec4; draw_string_vec4
    %pushi/vec4 1598441804, 0, 32; draw_string_vec4
    %concat/vec4; draw_string_vec4
    %pushi/vec4 1163079533, 0, 32; draw_string_vec4
    %concat/vec4; draw_string_vec4
    %pushi/vec4 1701666676, 0, 32; draw_string_vec4
    %concat/vec4; draw_string_vec4
    %pushi/vec4 1702065202, 0, 32; draw_string_vec4
    %concat/vec4; draw_string_vec4
    %pushi/vec4 845111922, 0, 32; draw_string_vec4
    %concat/vec4; draw_string_vec4
    %pushi/vec4 1634624360, 0, 32; draw_string_vec4
    %concat/vec4; draw_string_vec4
    %pushi/vec4 1601004909, 0, 32; draw_string_vec4
    %concat/vec4; draw_string_vec4
    %pushi/vec4 1601005944, 0, 32; draw_string_vec4
    %concat/vec4; draw_string_vec4
    %pushi/vec4 778921325, 0, 32; draw_string_vec4
    %concat/vec4; draw_string_vec4
    %store/vec4 v000002271a187620_0, 0, 512;
    %pushi/vec4 8, 0, 5;
    %store/vec4 v000002271a185e60_0, 0, 5;
    %pushi/vec4 85, 0, 32;
    %store/vec4 v000002271a185f00_0, 0, 32;
    %pushi/vec4 0, 0, 1;
    %store/vec4 v000002271a196970_0, 0, 1;
    %pushi/vec4 10000, 0, 32;
    %store/vec4 v000002271a1874e0_0, 0, 32;
    %jmp T_76.30;
T_76.24 ;
    %pushi/vec4 0, 0, 32; draw_string_vec4
    %pushi/vec4 0, 0, 32; draw_string_vec4
    %concat/vec4; draw_string_vec4
    %pushi/vec4 0, 0, 32; draw_string_vec4
    %concat/vec4; draw_string_vec4
    %pushi/vec4 0, 0, 32; draw_string_vec4
    %concat/vec4; draw_string_vec4
    %pushi/vec4 0, 0, 32; draw_string_vec4
    %concat/vec4; draw_string_vec4
    %pushi/vec4 0, 0, 32; draw_string_vec4
    %concat/vec4; draw_string_vec4
    %pushi/vec4 0, 0, 32; draw_string_vec4
    %concat/vec4; draw_string_vec4
    %pushi/vec4 0, 0, 32; draw_string_vec4
    %concat/vec4; draw_string_vec4
    %pushi/vec4 1413829460, 0, 32; draw_string_vec4
    %concat/vec4; draw_string_vec4
    %pushi/vec4 1598441804, 0, 32; draw_string_vec4
    %concat/vec4; draw_string_vec4
    %pushi/vec4 1163079533, 0, 32; draw_string_vec4
    %concat/vec4; draw_string_vec4
    %pushi/vec4 1701666676, 0, 32; draw_string_vec4
    %concat/vec4; draw_string_vec4
    %pushi/vec4 1702065202, 0, 32; draw_string_vec4
    %concat/vec4; draw_string_vec4
    %pushi/vec4 845112946, 0, 32; draw_string_vec4
    %concat/vec4; draw_string_vec4
    %pushi/vec4 1869438819, 0, 32; draw_string_vec4
    %concat/vec4; draw_string_vec4
    %pushi/vec4 778921325, 0, 32; draw_string_vec4
    %concat/vec4; draw_string_vec4
    %store/vec4 v000002271a187620_0, 0, 512;
    %pushi/vec4 8, 0, 5;
    %store/vec4 v000002271a185e60_0, 0, 5;
    %pushi/vec4 85, 0, 32;
    %store/vec4 v000002271a185f00_0, 0, 32;
    %pushi/vec4 0, 0, 1;
    %store/vec4 v000002271a196970_0, 0, 1;
    %pushi/vec4 20000, 0, 32;
    %store/vec4 v000002271a1874e0_0, 0, 32;
    %jmp T_76.30;
T_76.25 ;
    %pushi/vec4 0, 0, 32; draw_string_vec4
    %pushi/vec4 0, 0, 32; draw_string_vec4
    %concat/vec4; draw_string_vec4
    %pushi/vec4 0, 0, 32; draw_string_vec4
    %concat/vec4; draw_string_vec4
    %pushi/vec4 0, 0, 32; draw_string_vec4
    %concat/vec4; draw_string_vec4
    %pushi/vec4 0, 0, 32; draw_string_vec4
    %concat/vec4; draw_string_vec4
    %pushi/vec4 0, 0, 32; draw_string_vec4
    %concat/vec4; draw_string_vec4
    %pushi/vec4 0, 0, 32; draw_string_vec4
    %concat/vec4; draw_string_vec4
    %pushi/vec4 0, 0, 32; draw_string_vec4
    %concat/vec4; draw_string_vec4
    %pushi/vec4 1413829460, 0, 32; draw_string_vec4
    %concat/vec4; draw_string_vec4
    %pushi/vec4 1598441804, 0, 32; draw_string_vec4
    %concat/vec4; draw_string_vec4
    %pushi/vec4 1163079533, 0, 32; draw_string_vec4
    %concat/vec4; draw_string_vec4
    %pushi/vec4 1701666676, 0, 32; draw_string_vec4
    %concat/vec4; draw_string_vec4
    %pushi/vec4 1702065202, 0, 32; draw_string_vec4
    %concat/vec4; draw_string_vec4
    %pushi/vec4 878667378, 0, 32; draw_string_vec4
    %concat/vec4; draw_string_vec4
    %pushi/vec4 1869438819, 0, 32; draw_string_vec4
    %concat/vec4; draw_string_vec4
    %pushi/vec4 778921325, 0, 32; draw_string_vec4
    %concat/vec4; draw_string_vec4
    %store/vec4 v000002271a187620_0, 0, 512;
    %pushi/vec4 8, 0, 5;
    %store/vec4 v000002271a185e60_0, 0, 5;
    %pushi/vec4 604029150, 0, 32;
    %store/vec4 v000002271a185f00_0, 0, 32;
    %pushi/vec4 0, 0, 1;
    %store/vec4 v000002271a196970_0, 0, 1;
    %pushi/vec4 200000, 0, 32;
    %store/vec4 v000002271a1874e0_0, 0, 32;
    %jmp T_76.30;
T_76.26 ;
    %pushi/vec4 0, 0, 32; draw_string_vec4
    %pushi/vec4 0, 0, 32; draw_string_vec4
    %concat/vec4; draw_string_vec4
    %pushi/vec4 0, 0, 32; draw_string_vec4
    %concat/vec4; draw_string_vec4
    %pushi/vec4 0, 0, 32; draw_string_vec4
    %concat/vec4; draw_string_vec4
    %pushi/vec4 0, 0, 32; draw_string_vec4
    %concat/vec4; draw_string_vec4
    %pushi/vec4 21573, 0, 32; draw_string_vec4
    %concat/vec4; draw_string_vec4
    %pushi/vec4 1398038342, 0, 32; draw_string_vec4
    %concat/vec4; draw_string_vec4
    %pushi/vec4 1229735251, 0, 32; draw_string_vec4
    %concat/vec4; draw_string_vec4
    %pushi/vec4 795698541, 0, 32; draw_string_vec4
    %concat/vec4; draw_string_vec4
    %pushi/vec4 1601463667, 0, 32; draw_string_vec4
    %concat/vec4; draw_string_vec4
    %pushi/vec4 1949447519, 0, 32; draw_string_vec4
    %concat/vec4; draw_string_vec4
    %pushi/vec4 1634495583, 0, 32; draw_string_vec4
    %concat/vec4; draw_string_vec4
    %pushi/vec4 1768846196, 0, 32; draw_string_vec4
    %concat/vec4; draw_string_vec4
    %pushi/vec4 1918858100, 0, 32; draw_string_vec4
    %concat/vec4; draw_string_vec4
    %pushi/vec4 1919251315, 0, 32; draw_string_vec4
    %concat/vec4; draw_string_vec4
    %pushi/vec4 778921325, 0, 32; draw_string_vec4
    %concat/vec4; draw_string_vec4
    %store/vec4 v000002271a187620_0, 0, 512;
    %pushi/vec4 10, 0, 5;
    %store/vec4 v000002271a185e60_0, 0, 5;
    %pushi/vec4 3735889407, 0, 32;
    %store/vec4 v000002271a185f00_0, 0, 32;
    %pushi/vec4 0, 0, 1;
    %store/vec4 v000002271a196970_0, 0, 1;
    %pushi/vec4 100000, 0, 32;
    %store/vec4 v000002271a1874e0_0, 0, 32;
    %jmp T_76.30;
T_76.27 ;
    %pushi/vec4 0, 0, 32; draw_string_vec4
    %pushi/vec4 0, 0, 32; draw_string_vec4
    %concat/vec4; draw_string_vec4
    %pushi/vec4 0, 0, 32; draw_string_vec4
    %concat/vec4; draw_string_vec4
    %pushi/vec4 0, 0, 32; draw_string_vec4
    %concat/vec4; draw_string_vec4
    %pushi/vec4 0, 0, 32; draw_string_vec4
    %concat/vec4; draw_string_vec4
    %pushi/vec4 0, 0, 32; draw_string_vec4
    %concat/vec4; draw_string_vec4
    %pushi/vec4 21573, 0, 32; draw_string_vec4
    %concat/vec4; draw_string_vec4
    %pushi/vec4 1398038342, 0, 32; draw_string_vec4
    %concat/vec4; draw_string_vec4
    %pushi/vec4 1229735251, 0, 32; draw_string_vec4
    %concat/vec4; draw_string_vec4
    %pushi/vec4 795698541, 0, 32; draw_string_vec4
    %concat/vec4; draw_string_vec4
    %pushi/vec4 1601463667, 0, 32; draw_string_vec4
    %concat/vec4; draw_string_vec4
    %pushi/vec4 1949447775, 0, 32; draw_string_vec4
    %concat/vec4; draw_string_vec4
    %pushi/vec4 1835628645, 0, 32; draw_string_vec4
    %concat/vec4; draw_string_vec4
    %pushi/vec4 1683977076, 0, 32; draw_string_vec4
    %concat/vec4; draw_string_vec4
    %pushi/vec4 1919251315, 0, 32; draw_string_vec4
    %concat/vec4; draw_string_vec4
    %pushi/vec4 778921325, 0, 32; draw_string_vec4
    %concat/vec4; draw_string_vec4
    %store/vec4 v000002271a187620_0, 0, 512;
    %pushi/vec4 10, 0, 5;
    %store/vec4 v000002271a185e60_0, 0, 5;
    %pushi/vec4 637583582, 0, 32;
    %store/vec4 v000002271a185f00_0, 0, 32;
    %pushi/vec4 0, 0, 1;
    %store/vec4 v000002271a196970_0, 0, 1;
    %pushi/vec4 220000, 0, 32;
    %store/vec4 v000002271a1874e0_0, 0, 32;
    %jmp T_76.30;
T_76.28 ;
    %pushi/vec4 0, 0, 32; draw_string_vec4
    %pushi/vec4 0, 0, 32; draw_string_vec4
    %concat/vec4; draw_string_vec4
    %pushi/vec4 0, 0, 32; draw_string_vec4
    %concat/vec4; draw_string_vec4
    %pushi/vec4 0, 0, 32; draw_string_vec4
    %concat/vec4; draw_string_vec4
    %pushi/vec4 0, 0, 32; draw_string_vec4
    %concat/vec4; draw_string_vec4
    %pushi/vec4 1413829460, 0, 32; draw_string_vec4
    %concat/vec4; draw_string_vec4
    %pushi/vec4 1598441804, 0, 32; draw_string_vec4
    %concat/vec4; draw_string_vec4
    %pushi/vec4 1163079533, 0, 32; draw_string_vec4
    %concat/vec4; draw_string_vec4
    %pushi/vec4 1701666676, 0, 32; draw_string_vec4
    %concat/vec4; draw_string_vec4
    %pushi/vec4 1702065202, 0, 32; draw_string_vec4
    %concat/vec4; draw_string_vec4
    %pushi/vec4 928999029, 0, 32; draw_string_vec4
    %concat/vec4; draw_string_vec4
    %pushi/vec4 1819041651, 0, 32; draw_string_vec4
    %concat/vec4; draw_string_vec4
    %pushi/vec4 2037609573, 0, 32; draw_string_vec4
    %concat/vec4; draw_string_vec4
    %pushi/vec4 1834972020, 0, 32; draw_string_vec4
    %concat/vec4; draw_string_vec4
    %pushi/vec4 1919251315, 0, 32; draw_string_vec4
    %concat/vec4; draw_string_vec4
    %pushi/vec4 778921325, 0, 32; draw_string_vec4
    %concat/vec4; draw_string_vec4
    %store/vec4 v000002271a187620_0, 0, 512;
    %pushi/vec4 10, 0, 5;
    %store/vec4 v000002271a185e60_0, 0, 5;
    %pushi/vec4 654360798, 0, 32;
    %store/vec4 v000002271a185f00_0, 0, 32;
    %pushi/vec4 0, 0, 1;
    %store/vec4 v000002271a196970_0, 0, 1;
    %pushi/vec4 150000, 0, 32;
    %store/vec4 v000002271a1874e0_0, 0, 32;
    %jmp T_76.30;
T_76.30 ;
    %pop/vec4 1;
    %vpi_func 3 1063 "$value$plusargs" 32, "MEMFILE=%s", v000002271a187620_0 {0 0 0};
    %cmpi/ne 0, 0, 32;
    %jmp/0xz  T_76.31, 4;
T_76.31 ;
    %vpi_func 3 1066 "$value$plusargs" 32, "EXPECT_RD=%d", v000002271a184ce0_0 {0 0 0};
    %cmpi/ne 0, 0, 32;
    %jmp/0xz  T_76.33, 4;
    %load/vec4 v000002271a184ce0_0;
    %parti/s 5, 0, 2;
    %store/vec4 v000002271a185e60_0, 0, 5;
T_76.33 ;
    %vpi_func 3 1068 "$value$plusargs" 32, "EXPECT_VAL=%h", v000002271a185f00_0 {0 0 0};
    %cmpi/ne 0, 0, 32;
    %jmp/0xz  T_76.35, 4;
T_76.35 ;
    %vpi_func 3 1071 "$value$plusargs" 32, "MAXCYCLES=%d", v000002271a1874e0_0 {0 0 0};
    %cmpi/ne 0, 0, 32;
    %jmp/0xz  T_76.37, 4;
T_76.37 ;
    %vpi_func 3 1074 "$value$plusargs" 32, "I_RSP_DELAY=%d", v000002271a188660_0 {0 0 0};
    %cmpi/ne 0, 0, 32;
    %jmp/0xz  T_76.39, 4;
T_76.39 ;
    %vpi_func 3 1077 "$value$plusargs" 32, "D_RSP_DELAY=%d", v000002271a184ba0_0 {0 0 0};
    %cmpi/ne 0, 0, 32;
    %jmp/0xz  T_76.41, 4;
T_76.41 ;
    %vpi_func 3 1080 "$value$plusargs" 32, "I_ERR_ONCE=%d", v000002271a187080_0 {0 0 0};
    %cmpi/ne 0, 0, 32;
    %jmp/0xz  T_76.43, 4;
T_76.43 ;
    %vpi_func 3 1083 "$value$plusargs" 32, "D_ERR_ONCE=%d", v000002271a1855a0_0 {0 0 0};
    %cmpi/ne 0, 0, 32;
    %jmp/0xz  T_76.45, 4;
T_76.45 ;
    %vpi_func 3 1086 "$value$plusargs" 32, "RAND_MEM=%d", v000002271a1974b0_0 {0 0 0};
    %cmpi/ne 0, 0, 32;
    %jmp/0xz  T_76.47, 4;
T_76.47 ;
    %vpi_func 3 1089 "$value$plusargs" 32, "SEED=%d", v000002271a1975f0_0 {0 0 0};
    %cmpi/ne 0, 0, 32;
    %jmp/0xz  T_76.49, 4;
T_76.49 ;
    %vpi_func 3 1092 "$value$plusargs" 32, "RAND_I_MAX=%d", v000002271a197550_0 {0 0 0};
    %cmpi/ne 0, 0, 32;
    %jmp/0xz  T_76.51, 4;
T_76.51 ;
    %vpi_func 3 1095 "$value$plusargs" 32, "RAND_D_MAX=%d", v000002271a197ff0_0 {0 0 0};
    %cmpi/ne 0, 0, 32;
    %jmp/0xz  T_76.53, 4;
T_76.53 ;
    %vpi_func 3 1098 "$value$plusargs" 32, "ASSERT_EN=%d", v000002271a190e00_0 {0 0 0};
    %cmpi/ne 0, 0, 32;
    %jmp/0xz  T_76.55, 4;
T_76.55 ;
    %vpi_func 3 1101 "$value$plusargs" 32, "STALL_WDOG=%d", v000002271a198090_0 {0 0 0};
    %cmpi/ne 0, 0, 32;
    %jmp/0xz  T_76.57, 4;
T_76.57 ;
    %vpi_func 3 1104 "$value$plusargs" 32, "TRACE_EN=%d", v000002271a197af0_0 {0 0 0};
    %cmpi/ne 0, 0, 32;
    %jmp/0xz  T_76.59, 4;
T_76.59 ;
    %vpi_func 3 1107 "$value$plusargs" 32, "TRACE_FILE=%s", v000002271a196ab0_0 {0 0 0};
    %cmpi/ne 0, 0, 32;
    %jmp/0xz  T_76.61, 4;
T_76.61 ;
    %vpi_func 3 1110 "$value$plusargs" 32, "COV_EN=%d", v000002271a191b20_0 {0 0 0};
    %cmpi/ne 0, 0, 32;
    %jmp/0xz  T_76.63, 4;
T_76.63 ;
    %vpi_func 3 1113 "$value$plusargs" 32, "COV_FILE=%s", v000002271a193ce0_0 {0 0 0};
    %cmpi/ne 0, 0, 32;
    %jmp/0xz  T_76.65, 4;
T_76.65 ;
    %vpi_func 3 1116 "$value$plusargs" 32, "STATE_COV_EN=%d", v000002271a196fb0_0 {0 0 0};
    %cmpi/ne 0, 0, 32;
    %jmp/0xz  T_76.67, 4;
T_76.67 ;
    %vpi_func 3 1119 "$value$plusargs" 32, "STATE_COV_FILE=%s", v000002271a197690_0 {0 0 0};
    %cmpi/ne 0, 0, 32;
    %jmp/0xz  T_76.69, 4;
T_76.69 ;
    %vpi_call/w 3 1123 "$display", "[TB CFG] TEST=%0d MEMFILE=%0s EXPECT_RD=x%0d EXPECT_VAL=0x%08x MAXCYCLES=%0d", v000002271a198130_0, v000002271a187620_0, v000002271a185e60_0, v000002271a185f00_0, v000002271a1874e0_0 {0 0 0};
    %vpi_call/w 3 1125 "$display", "[TB CFG] USE_MIG=%0d RESET_PC=0x%08x MEM_WORDS=%0d", P_000002271a0dac68, P_000002271a0dab88, P_000002271a0dab50 {0 0 0};
    %vpi_call/w 3 1127 "$display", "[TB CFG] RAND_MEM=%0d SEED=%0d RAND_I_MAX=%0d RAND_D_MAX=%0d ASSERT_EN=%0d STALL_WDOG=%0d", v000002271a1974b0_0, v000002271a1975f0_0, v000002271a197550_0, v000002271a197ff0_0, v000002271a190e00_0, v000002271a198090_0 {0 0 0};
    %vpi_call/w 3 1129 "$display", "[TB CFG] TRACE_EN=%0d TRACE_FILE=%0s COV_EN=%0d COV_FILE=%0s", v000002271a197af0_0, v000002271a196ab0_0, v000002271a191b20_0, v000002271a193ce0_0 {0 0 0};
    %vpi_call/w 3 1131 "$display", "[TB CFG] STATE_COV_EN=%0d STATE_COV_FILE=%0s", v000002271a196fb0_0, v000002271a197690_0 {0 0 0};
    %pushi/vec4 0, 0, 1;
    %store/vec4 v000002271a1918a0_0, 0, 1;
    %pushi/vec4 0, 0, 1;
    %store/vec4 v000002271a198590_0, 0, 1;
    %pushi/vec4 1, 0, 1;
    %store/vec4 v000002271a1968d0_0, 0, 1;
    %pushi/vec4 0, 0, 1;
    %store/vec4 v000002271a187a80_0, 0, 1;
    %pushi/vec4 0, 0, 64;
    %store/vec4 v000002271a187440_0, 0, 64;
    %pushi/vec4 0, 0, 1;
    %store/vec4 v000002271a187260_0, 0, 1;
    %pushi/vec4 0, 0, 1;
    %store/vec4 v000002271a1871c0_0, 0, 1;
    %pushi/vec4 0, 0, 1;
    %store/vec4 v000002271a184a60_0, 0, 1;
    %pushi/vec4 0, 0, 64;
    %store/vec4 v000002271a185140_0, 0, 64;
    %pushi/vec4 0, 0, 1;
    %store/vec4 v000002271a185dc0_0, 0, 1;
    %pushi/vec4 0, 0, 1;
    %store/vec4 v000002271a184ec0_0, 0, 1;
    %pushi/vec4 0, 0, 1;
    %store/vec4 v000002271a186040_0, 0, 1;
    %pushi/vec4 0, 0, 32;
    %store/vec4 v000002271a185820_0, 0, 32;
    %pushi/vec4 0, 0, 2;
    %store/vec4 v000002271a185960_0, 0, 2;
    %pushi/vec4 0, 0, 3;
    %store/vec4 v000002271a186cc0_0, 0, 3;
    %pushi/vec4 0, 0, 8;
    %store/vec4 v000002271a185be0_0, 0, 8;
    %pushi/vec4 0, 0, 32;
    %store/vec4 v000002271a185a00_0, 0, 32;
    %pushi/vec4 0, 0, 1;
    %store/vec4 v000002271a184560_0, 0, 1;
    %pushi/vec4 0, 0, 32;
    %store/vec4 v000002271a1841a0_0, 0, 32;
    %pushi/vec4 0, 0, 2;
    %store/vec4 v000002271a185c80_0, 0, 2;
    %pushi/vec4 0, 0, 3;
    %store/vec4 v000002271a185320_0, 0, 3;
    %pushi/vec4 0, 0, 8;
    %store/vec4 v000002271a1842e0_0, 0, 8;
    %pushi/vec4 0, 0, 64;
    %store/vec4 v000002271a185780_0, 0, 64;
    %pushi/vec4 0, 0, 8;
    %store/vec4 v000002271a1853c0_0, 0, 8;
    %pushi/vec4 0, 0, 32;
    %store/vec4 v000002271a184d80_0, 0, 32;
    %pushi/vec4 0, 0, 1;
    %store/vec4 v000002271a186360_0, 0, 1;
    %pushi/vec4 0, 0, 64;
    %store/vec4 v000002271a1864a0_0, 0, 64;
    %pushi/vec4 0, 0, 1;
    %store/vec4 v000002271a186fe0_0, 0, 1;
    %pushi/vec4 0, 0, 1;
    %store/vec4 v000002271a188ac0_0, 0, 1;
    %pushi/vec4 0, 0, 32;
    %store/vec4 v000002271a186400_0, 0, 32;
    %pushi/vec4 0, 0, 1;
    %store/vec4 v000002271a184740_0, 0, 1;
    %pushi/vec4 0, 0, 64;
    %store/vec4 v000002271a184e20_0, 0, 64;
    %pushi/vec4 0, 0, 1;
    %store/vec4 v000002271a1851e0_0, 0, 1;
    %pushi/vec4 0, 0, 1;
    %store/vec4 v000002271a185000_0, 0, 1;
    %pushi/vec4 0, 0, 32;
    %store/vec4 v000002271a1847e0_0, 0, 32;
    %pushi/vec4 0, 0, 32;
    %store/vec4 v000002271a191260_0, 0, 32;
    %pushi/vec4 0, 0, 32;
    %store/vec4 v000002271a1849c0_0, 0, 32;
    %pushi/vec4 0, 0, 32;
    %store/vec4 v000002271a193880_0, 0, 32;
    %pushi/vec4 0, 0, 32;
    %store/vec4 v000002271a191300_0, 0, 32;
    %pushi/vec4 0, 0, 32;
    %store/vec4 v000002271a193b00_0, 0, 32;
    %pushi/vec4 0, 0, 32;
    %store/vec4 v000002271a1927a0_0, 0, 32;
    %pushi/vec4 0, 0, 32;
    %store/vec4 v000002271a193d80_0, 0, 32;
    %pushi/vec4 0, 0, 32;
    %store/vec4 v000002271a193380_0, 0, 32;
    %pushi/vec4 0, 0, 32;
    %store/vec4 v000002271a193ec0_0, 0, 32;
    %pushi/vec4 0, 0, 32;
    %store/vec4 v000002271a1913a0_0, 0, 32;
    %pushi/vec4 0, 0, 32;
    %store/vec4 v000002271a191440_0, 0, 32;
    %pushi/vec4 0, 0, 32;
    %store/vec4 v000002271a191f80_0, 0, 32;
    %pushi/vec4 0, 0, 32;
    %store/vec4 v000002271a192020_0, 0, 32;
    %pushi/vec4 0, 0, 32;
    %store/vec4 v000002271a193920_0, 0, 32;
    %pushi/vec4 0, 0, 32;
    %store/vec4 v000002271a1914e0_0, 0, 32;
    %pushi/vec4 0, 0, 32;
    %store/vec4 v000002271a1939c0_0, 0, 32;
    %pushi/vec4 0, 0, 32;
    %store/vec4 v000002271a185500_0, 0, 32;
    %pushi/vec4 0, 0, 32;
    %store/vec4 v000002271a1934c0_0, 0, 32;
    %pushi/vec4 0, 0, 32;
    %store/vec4 v000002271a1858c0_0, 0, 32;
    %pushi/vec4 0, 0, 32;
    %store/vec4 v000002271a193a60_0, 0, 32;
    %pushi/vec4 0, 0, 32;
    %store/vec4 v000002271a193560_0, 0, 32;
    %pushi/vec4 0, 0, 32;
    %store/vec4 v000002271a191940_0, 0, 32;
    %pushi/vec4 0, 0, 7;
    %store/vec4 v000002271a1936a0_0, 0, 7;
    %pushi/vec4 0, 0, 12;
    %store/vec4 v000002271a1928e0_0, 0, 12;
    %pushi/vec4 0, 0, 18;
    %store/vec4 v000002271a193420_0, 0, 18;
    %pushi/vec4 0, 0, 84;
    %store/vec4 v000002271a193f60_0, 0, 84;
    %pushi/vec4 0, 0, 126;
    %store/vec4 v000002271a193600_0, 0, 126;
    %pushi/vec4 0, 0, 216;
    %store/vec4 v000002271a1919e0_0, 0, 216;
    %pushi/vec4 0, 0, 32;
    %store/vec4 v000002271a191bc0_0, 0, 32;
    %pushi/vec4 0, 0, 32;
    %store/vec4 v000002271a193e20_0, 0, 32;
    %pushi/vec4 0, 0, 32;
    %store/vec4 v000002271a193240_0, 0, 32;
    %pushi/vec4 0, 0, 32;
    %store/vec4 v000002271a193ba0_0, 0, 32;
    %pushi/vec4 0, 0, 32;
    %store/vec4 v000002271a193c40_0, 0, 32;
    %pushi/vec4 0, 0, 32;
    %store/vec4 v000002271a193740_0, 0, 32;
    %pushi/vec4 0, 0, 32;
    %store/vec4 v000002271a1937e0_0, 0, 32;
    %load/vec4 v000002271a197af0_0;
    %cmpi/ne 0, 0, 32;
    %jmp/0xz  T_76.71, 4;
    %vpi_func 3 1212 "$fopen" 32, v000002271a196ab0_0, "w" {0 0 0};
    %store/vec4 v000002271a1988b0_0, 0, 32;
    %load/vec4 v000002271a1988b0_0;
    %cmpi/e 0, 0, 32;
    %jmp/0xz  T_76.73, 4;
    %vpi_call/w 3 1214 "$display", "FATAL: cannot open TRACE_FILE=%0s", v000002271a196ab0_0 {0 0 0};
    %fork TD_icache_pipeline_tb.tb_finish, S_000002271a194720;
    %join;
T_76.73 ;
    %vpi_call/w 3 1217 "$fdisplay", v000002271a1988b0_0, "# cycle rd wdata" {0 0 0};
T_76.71 ;
    %pushi/vec4 0, 0, 32;
    %store/vec4 v000002271a188340_0, 0, 32;
T_76.75 ;
    %load/vec4 v000002271a188340_0;
    %cmpi/s 131072, 0, 32;
    %jmp/0xz T_76.76, 5;
    %pushi/vec4 19, 0, 32;
    %ix/getv/s 4, v000002271a188340_0;
    %store/vec4a v000002271a187580, 4, 0;
    %load/vec4 v000002271a188340_0;
    %addi 1, 0, 32;
    %store/vec4 v000002271a188340_0, 0, 32;
    %jmp T_76.75;
T_76.76 ;
    %load/vec4 v000002271a187620_0;
    %store/vec4 v000002271a192340_0, 0, 512;
    %fork TD_icache_pipeline_tb.resolve_tb_memfile, S_000002271a195d00;
    %join;
    %load/vec4 v000002271a192340_0;
    %store/vec4 v000002271a187620_0, 0, 512;
    %load/vec4 v000002271a1922a0_0;
    %store/vec4 v000002271a188700_0, 0, 1;
    %load/vec4 v000002271a188700_0;
    %nor/r;
    %flag_set/vec4 8;
    %jmp/0xz  T_76.77, 8;
    %vpi_call/w 3 1225 "$display", "FATAL: cannot open MEMFILE=%0s", v000002271a187620_0 {0 0 0};
    %vpi_call/w 3 1226 "$display", "Hint: Vivado xsim working dir may not contain TEST_FILES/. Use -testplusarg MEMFILE=<absolute-or-correct-relative-path>." {0 0 0};
    %fork TD_icache_pipeline_tb.tb_finish, S_000002271a194720;
    %join;
T_76.77 ;
    %vpi_call/w 3 1229 "$readmemh", v000002271a187620_0, v000002271a187580 {0 0 0};
    %pushi/vec4 4, 0, 32;
T_76.79 %dup/vec4;
    %pushi/vec4 0, 0, 32;
    %cmp/s;
    %jmp/1xz T_76.80, 5;
    %jmp/1 T_76.80, 4;
    %pushi/vec4 1, 0, 32;
    %sub;
    %wait E_000002271a066070;
    %jmp T_76.79;
T_76.80 ;
    %pop/vec4 1;
    %pushi/vec4 1, 0, 1;
    %store/vec4 v000002271a198590_0, 0, 1;
    %end;
    .thread T_76;
    .scope S_000002271a0de9b0;
T_77 ;
    %wait E_000002271a065370;
    %load/vec4 v000002271a198590_0;
    %nor/r;
    %flag_set/vec4 8;
    %jmp/0xz  T_77.0, 8;
    %pushi/vec4 0, 0, 32;
    %assign/vec4 v000002271a186540_0, 0;
    %jmp T_77.1;
T_77.0 ;
    %load/vec4 v000002271a186540_0;
    %addi 1, 0, 32;
    %assign/vec4 v000002271a186540_0, 0;
T_77.1 ;
    %jmp T_77;
    .thread T_77;
    .scope S_000002271a0de9b0;
T_78 ;
    %wait E_000002271a065370;
    %load/vec4 v000002271a198590_0;
    %nor/r;
    %flag_set/vec4 8;
    %jmp/0xz  T_78.0, 8;
    %pushi/vec4 0, 0, 32;
    %assign/vec4 v000002271a186e00_0, 0;
    %jmp T_78.1;
T_78.0 ;
    %load/vec4 v000002271a197d70_0;
    %flag_set/vec4 8;
    %jmp/0xz  T_78.2, 8;
    %load/vec4 v000002271a186540_0;
    %assign/vec4 v000002271a186e00_0, 0;
T_78.2 ;
T_78.1 ;
    %jmp T_78;
    .thread T_78;
    .scope S_000002271a0de9b0;
T_79 ;
    %wait E_000002271a066070;
    %load/vec4 v000002271a198590_0;
    %flag_set/vec4 9;
    %flag_get/vec4 9;
    %jmp/0 T_79.2, 9;
    %load/vec4 v000002271a1874e0_0;
    %load/vec4 v000002271a186540_0;
    %cmp/s;
    %flag_get/vec4 5;
    %and;
T_79.2;
    %flag_set/vec4 8;
    %jmp/0xz  T_79.0, 8;
    %vpi_call/w 3 1253 "$display", "TIMEOUT_STATE pc=0x%08x id_pc=0x%08x ex_pc=0x%08x mem_pc4=0x%08x core_running=%0d", v000002271a18b7c0_0, v000002271a18aaa0_0, v000002271a17eb90_0, v000002271a18d2a0_0, v000002271a179190_0 {0 0 0};
    %vpi_call/w 3 1255 "$display", "TIMEOUT_STATE stall if/id/ex/exmem=%0d/%0d/%0d/%0d redirect=%0d sys_flush=%0d", v000002271a18d8e0_0, v000002271a18e060_0, v000002271a18da20_0, v000002271a18c260_0, v000002271a180030_0, v000002271a18cda0_0 {0 0 0};
    %vpi_call/w 3 1258 "$display", "TIMEOUT_STATE ic_state=%0d dc_state=%0d if_pending=%0d fetch_req v/r=%0d/%0d fetch_rsp v/r=%0d/%0d", v0000022719994550_0, v000002271a03e290_0, v000002271a18a280_0, v000002271a17e2d0_0, v000002271a17e190_0, v000002271a17fd10_0, v000002271a17e690_0 {0 0 0};
    %vpi_call/w 3 1262 "$display", "TIMEOUT_STATE csr mtvec=0x%08x mepc=0x%08x mcause=0x%08x mstatus=0x%08x mie=0x%08x mip=0x%08x mscratch=0x%08x priv=%0d", v000002271a17adb0_0, v000002271a178e70_0, v000002271a17a590_0, v000002271a17ad10_0, v000002271a17a950_0, v000002271a178f10_0, v000002271a179370_0, v000002271a17ac70_0 {0 0 0};
    %vpi_call/w 3 1265 "$display", "TIMEOUT_STATE irq request=%0d timer_pending=%0d soft_pending=%0d ext_pending=%0d global_mie=%0d mtie=%0d mtime=0x%08x_%08x mtimecmp=0x%08x_%08x", v000002271a18b040_0, v000002271a189560_0, v000002271a189880_0, v000002271a1892e0_0, v000002271a17a8b0_0, v000002271a17a9f0_0, v000002271a18b4a0_0, v000002271a18a8c0_0, v000002271a18ad20_0, v000002271a1894c0_0 {0 0 0};
    %vpi_call/w 3 1269 "$display", "TIMEOUT_STATE regs ra=0x%08x sp=0x%08x t0=0x%08x t1=0x%08x t2=0x%08x s0=0x%08x a0=0x%08x", &A<v000002271a13dc10, 1>, &A<v000002271a13dc10, 2>, &A<v000002271a13dc10, 5>, &A<v000002271a13dc10, 6>, &A<v000002271a13dc10, 7>, &A<v000002271a13dc10, 8>, &A<v000002271a13dc10, 10> {0 0 0};
    %vpi_call/w 3 1280 "$display", "TIMEOUT_STATE dmem req=%0d we=%0d addr=0x%08x ready=%0d rvalid=%0d rdata=0x%08x err=%0d", v000002271a17c7f0_0, v000002271a17b0d0_0, v000002271a17c9d0_0, v000002271a17b490_0, v000002271a17ce30_0, v000002271a17bad0_0, v000002271a17c1b0_0 {0 0 0};
    %vpi_call/w 3 1284 "$display", "TIMEOUT" {0 0 0};
    %fork TD_icache_pipeline_tb.tb_finish, S_000002271a194720;
    %join;
T_79.0 ;
    %jmp T_79;
    .thread T_79;
    .scope S_000002271a0de9b0;
T_80 ;
    %wait E_000002271a066070;
    %load/vec4 v000002271a198590_0;
    %flag_set/vec4 9;
    %flag_get/vec4 9;
    %jmp/0 T_80.2, 9;
    %load/vec4 v000002271a197730_0;
    %pushi/vec4 0, 0, 32;
    %cmp/ne;
    %flag_get/vec4 4;
    %and;
T_80.2;
    %flag_set/vec4 8;
    %jmp/0xz  T_80.0, 8;
    %load/vec4 v000002271a17aef0_0;
    %flag_set/vec4 8;
    %jmp/0xz  T_80.3, 8;
    %vpi_call/w 3 1292 "$display", "[TRAP] cycle=%0d pc=0x%08x cause=0x%08x irq=%0d mstatus_before=0x%08x priv=%0d", v000002271a186540_0, v000002271a178fb0_0, v000002271a17ae50_0, v000002271a178dd0_0, v000002271a17ad10_0, v000002271a17ac70_0 {0 0 0};
T_80.3 ;
    %load/vec4 v000002271a179ff0_0;
    %flag_set/vec4 8;
    %jmp/0xz  T_80.5, 8;
    %vpi_call/w 3 1297 "$display", "[MRET] cycle=%0d mepc=0x%08x mstatus_after=0x%08x priv=%0d", v000002271a186540_0, v000002271a178e70_0, v000002271a17ad10_0, v000002271a17ac70_0 {0 0 0};
T_80.5 ;
T_80.0 ;
    %jmp T_80;
    .thread T_80;
    .scope S_000002271a0de9b0;
T_81 ;
    %wait E_000002271a066070;
    %load/vec4 v000002271a198590_0;
    %flag_set/vec4 9;
    %flag_get/vec4 9;
    %jmp/0 T_81.2, 9;
    %load/vec4 v000002271a187120_0;
    %and;
T_81.2;
    %flag_set/vec4 8;
    %jmp/0xz  T_81.0, 8;
    %load/vec4 v000002271a198130_0;
    %cmpi/e 15, 0, 32;
    %jmp/0xz  T_81.3, 4;
    %vpi_call/w 3 1349 "$display", "PASS: test 15 I$ error observed" {0 0 0};
    %jmp T_81.4;
T_81.3 ;
    %vpi_call/w 3 1351 "$display", "I$ fetch error -> FAIL" {0 0 0};
T_81.4 ;
    %fork TD_icache_pipeline_tb.tb_finish, S_000002271a194720;
    %join;
T_81.0 ;
    %load/vec4 v000002271a198590_0;
    %flag_set/vec4 10;
    %flag_get/vec4 10;
    %jmp/0 T_81.8, 10;
    %load/vec4 v000002271a198130_0;
    %pushi/vec4 16, 0, 32;
    %cmp/e;
    %flag_get/vec4 4;
    %and;
T_81.8;
    %flag_set/vec4 9;
    %flag_get/vec4 9;
    %jmp/0 T_81.7, 9;
    %load/vec4 v000002271a187b20_0;
    %flag_set/vec4 9;
    %flag_get/vec4 9;
    %jmp/0 T_81.9, 9;
    %load/vec4 v000002271a188de0_0;
    %and;
T_81.9;
    %and;
T_81.7;
    %flag_set/vec4 8;
    %jmp/0xz  T_81.5, 8;
    %vpi_call/w 3 1356 "$display", "PASS: test 16 D$ error observed" {0 0 0};
    %fork TD_icache_pipeline_tb.tb_finish, S_000002271a194720;
    %join;
T_81.5 ;
    %load/vec4 v000002271a198590_0;
    %flag_set/vec4 9;
    %flag_get/vec4 9;
    %jmp/0 T_81.12, 9;
    %load/vec4 v000002271a197d70_0;
    %and;
T_81.12;
    %flag_set/vec4 8;
    %jmp/0xz  T_81.10, 8;
    %load/vec4 v000002271a1849c0_0;
    %addi 1, 0, 32;
    %assign/vec4 v000002271a1849c0_0, 0;
    %load/vec4 v000002271a197af0_0;
    %cmpi/ne 0, 0, 32;
    %flag_get/vec4 4;
    %jmp/0 T_81.15, 4;
    %load/vec4 v000002271a1988b0_0;
    %pushi/vec4 0, 0, 32;
    %cmp/ne;
    %flag_get/vec4 4;
    %and;
T_81.15;
    %flag_set/vec4 8;
    %jmp/0xz  T_81.13, 8;
    %vpi_call/w 3 1362 "$fdisplay", v000002271a1988b0_0, "%0d %0d %08x", v000002271a186540_0, v000002271a197eb0_0, v000002271a196b50_0 {0 0 0};
T_81.13 ;
    %load/vec4 v000002271a197eb0_0;
    %load/vec4 v000002271a185e60_0;
    %cmp/e;
    %flag_get/vec4 4;
    %jmp/0 T_81.18, 4;
    %load/vec4 v000002271a196b50_0;
    %load/vec4 v000002271a185f00_0;
    %cmp/e;
    %flag_get/vec4 4;
    %and;
T_81.18;
    %flag_set/vec4 8;
    %jmp/0xz  T_81.16, 8;
    %load/vec4 v000002271a196970_0;
    %flag_set/vec4 9;
    %flag_get/vec4 9;
    %jmp/0 T_81.21, 9;
    %load/vec4 v000002271a188b60_0;
    %pushi/vec4 0, 0, 32;
    %cmp/e;
    %flag_get/vec4 4;
    %and;
T_81.21;
    %flag_set/vec4 8;
    %jmp/0xz  T_81.19, 8;
    %vpi_call/w 3 1368 "$display", "FAIL: no I$ linefill observed" {0 0 0};
    %fork TD_icache_pipeline_tb.tb_finish, S_000002271a194720;
    %join;
T_81.19 ;
    %vpi_call/w 3 1371 "$display", "PASS: test %0d expect x%0d = 0x%08x", v000002271a198130_0, v000002271a185e60_0, v000002271a185f00_0 {0 0 0};
    %fork TD_icache_pipeline_tb.tb_finish, S_000002271a194720;
    %join;
T_81.16 ;
T_81.10 ;
    %jmp T_81;
    .thread T_81;
    .scope S_000002271a0de9b0;
T_82 ;
    %wait E_000002271a065370;
    %load/vec4 v000002271a198590_0;
    %nor/r;
    %flag_set/vec4 8;
    %jmp/0xz  T_82.0, 8;
    %pushi/vec4 0, 0, 32;
    %assign/vec4 v000002271a191260_0, 0;
    %pushi/vec4 0, 0, 32;
    %assign/vec4 v000002271a193560_0, 0;
    %pushi/vec4 0, 0, 32;
    %assign/vec4 v000002271a191940_0, 0;
    %jmp T_82.1;
T_82.0 ;
    %load/vec4 v000002271a191260_0;
    %addi 1, 0, 32;
    %assign/vec4 v000002271a191260_0, 0;
    %load/vec4 v000002271a187120_0;
    %flag_set/vec4 8;
    %jmp/0xz  T_82.2, 8;
    %load/vec4 v000002271a1939c0_0;
    %addi 1, 0, 32;
    %assign/vec4 v000002271a1939c0_0, 0;
T_82.2 ;
    %load/vec4 v000002271a186ae0_0;
    %flag_set/vec4 9;
    %flag_get/vec4 9;
    %jmp/0 T_82.6, 9;
    %load/vec4 v000002271a186900_0;
    %and;
T_82.6;
    %flag_set/vec4 8;
    %jmp/0xz  T_82.4, 8;
    %load/vec4 v000002271a193880_0;
    %addi 1, 0, 32;
    %assign/vec4 v000002271a193880_0, 0;
    %load/vec4 v000002271a187c60_0;
    %dup/vec4;
    %pushi/vec4 0, 0, 2;
    %cmp/u;
    %jmp/1 T_82.7, 6;
    %dup/vec4;
    %pushi/vec4 1, 0, 2;
    %cmp/u;
    %jmp/1 T_82.8, 6;
    %load/vec4 v000002271a193ec0_0;
    %addi 1, 0, 32;
    %assign/vec4 v000002271a193ec0_0, 0;
    %jmp T_82.10;
T_82.7 ;
    %load/vec4 v000002271a193d80_0;
    %addi 1, 0, 32;
    %assign/vec4 v000002271a193d80_0, 0;
    %jmp T_82.10;
T_82.8 ;
    %load/vec4 v000002271a193380_0;
    %addi 1, 0, 32;
    %assign/vec4 v000002271a193380_0, 0;
    %jmp T_82.10;
T_82.10 ;
    %pop/vec4 1;
T_82.4 ;
    %load/vec4 v000002271a187da0_0;
    %flag_set/vec4 9;
    %flag_get/vec4 9;
    %jmp/0 T_82.13, 9;
    %load/vec4 v000002271a187800_0;
    %and;
T_82.13;
    %flag_set/vec4 8;
    %jmp/0xz  T_82.11, 8;
    %load/vec4 v000002271a191300_0;
    %addi 1, 0, 32;
    %assign/vec4 v000002271a191300_0, 0;
    %load/vec4 v000002271a188d40_0;
    %dup/vec4;
    %pushi/vec4 0, 0, 2;
    %cmp/u;
    %jmp/1 T_82.14, 6;
    %dup/vec4;
    %pushi/vec4 1, 0, 2;
    %cmp/u;
    %jmp/1 T_82.15, 6;
    %dup/vec4;
    %pushi/vec4 2, 0, 2;
    %cmp/u;
    %jmp/1 T_82.16, 6;
    %dup/vec4;
    %pushi/vec4 3, 0, 2;
    %cmp/u;
    %jmp/1 T_82.17, 6;
    %jmp T_82.18;
T_82.14 ;
    %load/vec4 v000002271a1913a0_0;
    %addi 1, 0, 32;
    %assign/vec4 v000002271a1913a0_0, 0;
    %jmp T_82.18;
T_82.15 ;
    %load/vec4 v000002271a191440_0;
    %addi 1, 0, 32;
    %assign/vec4 v000002271a191440_0, 0;
    %jmp T_82.18;
T_82.16 ;
    %load/vec4 v000002271a191f80_0;
    %addi 1, 0, 32;
    %assign/vec4 v000002271a191f80_0, 0;
    %jmp T_82.18;
T_82.17 ;
    %load/vec4 v000002271a192020_0;
    %addi 1, 0, 32;
    %assign/vec4 v000002271a192020_0, 0;
    %jmp T_82.18;
T_82.18 ;
    %pop/vec4 1;
T_82.11 ;
    %load/vec4 v000002271a188020_0;
    %flag_set/vec4 9;
    %flag_get/vec4 9;
    %jmp/0 T_82.21, 9;
    %load/vec4 v000002271a186c20_0;
    %and;
T_82.21;
    %flag_set/vec4 8;
    %jmp/0xz  T_82.19, 8;
    %load/vec4 v000002271a193b00_0;
    %addi 1, 0, 32;
    %assign/vec4 v000002271a193b00_0, 0;
    %load/vec4 v000002271a188840_0;
    %flag_set/vec4 8;
    %jmp/0xz  T_82.22, 8;
    %load/vec4 v000002271a193920_0;
    %addi 1, 0, 32;
    %assign/vec4 v000002271a193920_0, 0;
T_82.22 ;
T_82.19 ;
    %load/vec4 v000002271a187b20_0;
    %flag_set/vec4 9;
    %flag_get/vec4 9;
    %jmp/0 T_82.26, 9;
    %load/vec4 v000002271a187940_0;
    %and;
T_82.26;
    %flag_set/vec4 8;
    %jmp/0xz  T_82.24, 8;
    %load/vec4 v000002271a1927a0_0;
    %addi 1, 0, 32;
    %assign/vec4 v000002271a1927a0_0, 0;
    %load/vec4 v000002271a188de0_0;
    %flag_set/vec4 8;
    %jmp/0xz  T_82.27, 8;
    %load/vec4 v000002271a1914e0_0;
    %addi 1, 0, 32;
    %assign/vec4 v000002271a1914e0_0, 0;
T_82.27 ;
T_82.24 ;
    %load/vec4 v000002271a186ae0_0;
    %flag_set/vec4 9;
    %flag_get/vec4 9;
    %jmp/0 T_82.31, 9;
    %load/vec4 v000002271a186900_0;
    %nor/r;
    %and;
T_82.31;
    %flag_set/vec4 8;
    %jmp/0xz  T_82.29, 8;
    %load/vec4 v000002271a185500_0;
    %load/vec4 v000002271a185a00_0;
    %addi 1, 0, 32;
    %cmp/s;
    %jmp/0xz  T_82.32, 5;
    %load/vec4 v000002271a185a00_0;
    %addi 1, 0, 32;
    %assign/vec4 v000002271a185500_0, 0;
T_82.32 ;
T_82.29 ;
    %load/vec4 v000002271a187da0_0;
    %flag_set/vec4 9;
    %flag_get/vec4 9;
    %jmp/0 T_82.36, 9;
    %load/vec4 v000002271a187800_0;
    %nor/r;
    %and;
T_82.36;
    %flag_set/vec4 8;
    %jmp/0xz  T_82.34, 8;
    %load/vec4 v000002271a1934c0_0;
    %load/vec4 v000002271a184d80_0;
    %addi 1, 0, 32;
    %cmp/s;
    %jmp/0xz  T_82.37, 5;
    %load/vec4 v000002271a184d80_0;
    %addi 1, 0, 32;
    %assign/vec4 v000002271a1934c0_0, 0;
T_82.37 ;
T_82.34 ;
    %load/vec4 v000002271a188020_0;
    %flag_set/vec4 9;
    %flag_get/vec4 9;
    %jmp/0 T_82.41, 9;
    %load/vec4 v000002271a186c20_0;
    %nor/r;
    %and;
T_82.41;
    %flag_set/vec4 8;
    %jmp/0xz  T_82.39, 8;
    %load/vec4 v000002271a193560_0;
    %addi 1, 0, 32;
    %assign/vec4 v000002271a193560_0, 0;
    %load/vec4 v000002271a1858c0_0;
    %load/vec4 v000002271a193560_0;
    %addi 1, 0, 32;
    %cmp/s;
    %jmp/0xz  T_82.42, 5;
    %load/vec4 v000002271a193560_0;
    %addi 1, 0, 32;
    %assign/vec4 v000002271a1858c0_0, 0;
T_82.42 ;
    %jmp T_82.40;
T_82.39 ;
    %pushi/vec4 0, 0, 32;
    %assign/vec4 v000002271a193560_0, 0;
T_82.40 ;
    %load/vec4 v000002271a187b20_0;
    %flag_set/vec4 9;
    %flag_get/vec4 9;
    %jmp/0 T_82.46, 9;
    %load/vec4 v000002271a187940_0;
    %nor/r;
    %and;
T_82.46;
    %flag_set/vec4 8;
    %jmp/0xz  T_82.44, 8;
    %load/vec4 v000002271a191940_0;
    %addi 1, 0, 32;
    %assign/vec4 v000002271a191940_0, 0;
    %load/vec4 v000002271a193a60_0;
    %load/vec4 v000002271a191940_0;
    %addi 1, 0, 32;
    %cmp/s;
    %jmp/0xz  T_82.47, 5;
    %load/vec4 v000002271a191940_0;
    %addi 1, 0, 32;
    %assign/vec4 v000002271a193a60_0, 0;
T_82.47 ;
    %jmp T_82.45;
T_82.44 ;
    %pushi/vec4 0, 0, 32;
    %assign/vec4 v000002271a191940_0, 0;
T_82.45 ;
T_82.1 ;
    %jmp T_82;
    .thread T_82;
    .scope S_000002271a0de9b0;
T_83 ;
    %wait E_000002271a065370;
    %load/vec4 v000002271a198590_0;
    %nor/r;
    %flag_set/vec4 8;
    %jmp/0xz  T_83.0, 8;
    %pushi/vec4 0, 0, 7;
    %assign/vec4 v000002271a1936a0_0, 0;
    %pushi/vec4 0, 0, 12;
    %assign/vec4 v000002271a1928e0_0, 0;
    %pushi/vec4 0, 0, 18;
    %assign/vec4 v000002271a193420_0, 0;
    %pushi/vec4 0, 0, 84;
    %assign/vec4 v000002271a193f60_0, 0;
    %pushi/vec4 0, 0, 126;
    %assign/vec4 v000002271a193600_0, 0;
    %pushi/vec4 0, 0, 216;
    %assign/vec4 v000002271a1919e0_0, 0;
    %pushi/vec4 0, 0, 32;
    %assign/vec4 v000002271a191bc0_0, 0;
    %pushi/vec4 0, 0, 32;
    %assign/vec4 v000002271a193e20_0, 0;
    %pushi/vec4 0, 0, 32;
    %assign/vec4 v000002271a193240_0, 0;
    %pushi/vec4 0, 0, 32;
    %assign/vec4 v000002271a193ba0_0, 0;
    %pushi/vec4 0, 0, 32;
    %assign/vec4 v000002271a193c40_0, 0;
    %pushi/vec4 0, 0, 32;
    %assign/vec4 v000002271a193740_0, 0;
    %pushi/vec4 0, 0, 32;
    %assign/vec4 v000002271a1937e0_0, 0;
    %jmp T_83.1;
T_83.0 ;
    %load/vec4 v000002271a193100_0;
    %cmpi/u 6, 0, 3;
    %flag_or 5, 4;
    %jmp/0xz  T_83.2, 5;
    %pushi/vec4 1, 0, 1;
    %ix/load 5, 0, 0;
    %ix/getv 4, v000002271a193100_0;
    %assign/vec4/off/d v000002271a1936a0_0, 4, 5;
T_83.2 ;
    %load/vec4 v000002271a192840_0;
    %cmpi/u 11, 0, 4;
    %flag_or 5, 4;
    %jmp/0xz  T_83.4, 5;
    %pushi/vec4 1, 0, 1;
    %ix/load 5, 0, 0;
    %ix/getv 4, v000002271a192840_0;
    %assign/vec4/off/d v000002271a1928e0_0, 4, 5;
T_83.4 ;
    %load/vec4 v000002271a1931a0_0;
    %cmpi/u 17, 0, 5;
    %flag_or 5, 4;
    %jmp/0xz  T_83.6, 5;
    %pushi/vec4 1, 0, 1;
    %ix/load 5, 0, 0;
    %ix/getv 4, v000002271a1931a0_0;
    %assign/vec4/off/d v000002271a193420_0, 4, 5;
T_83.6 ;
    %load/vec4 v000002271a193100_0;
    %cmpi/u 6, 0, 3;
    %flag_or 5, 4;
    %flag_get/vec4 5;
    %jmp/0 T_83.10, 5;
    %load/vec4 v000002271a192840_0;
    %cmpi/u 11, 0, 4;
    %flag_get/vec4 4;
    %flag_get/vec4 5;
    %or;
    %and;
T_83.10;
    %flag_set/vec4 8;
    %jmp/0xz  T_83.8, 8;
    %pushi/vec4 1, 0, 1;
    %ix/load 5, 0, 0;
    %load/vec4 v000002271a193100_0;
    %pad/u 32;
    %muli 12, 0, 32;
    %load/vec4 v000002271a192840_0;
    %pad/u 32;
    %add;
    %ix/vec4 4;
    %assign/vec4/off/d v000002271a193f60_0, 4, 5;
T_83.8 ;
    %load/vec4 v000002271a193100_0;
    %cmpi/u 6, 0, 3;
    %flag_or 5, 4;
    %flag_get/vec4 5;
    %jmp/0 T_83.13, 5;
    %load/vec4 v000002271a1931a0_0;
    %cmpi/u 17, 0, 5;
    %flag_get/vec4 4;
    %flag_get/vec4 5;
    %or;
    %and;
T_83.13;
    %flag_set/vec4 8;
    %jmp/0xz  T_83.11, 8;
    %pushi/vec4 1, 0, 1;
    %ix/load 5, 0, 0;
    %load/vec4 v000002271a193100_0;
    %pad/u 32;
    %muli 18, 0, 32;
    %load/vec4 v000002271a1931a0_0;
    %pad/u 32;
    %add;
    %ix/vec4 4;
    %assign/vec4/off/d v000002271a193600_0, 4, 5;
T_83.11 ;
    %load/vec4 v000002271a192840_0;
    %cmpi/u 11, 0, 4;
    %flag_or 5, 4;
    %flag_get/vec4 5;
    %jmp/0 T_83.16, 5;
    %load/vec4 v000002271a1931a0_0;
    %cmpi/u 17, 0, 5;
    %flag_get/vec4 4;
    %flag_get/vec4 5;
    %or;
    %and;
T_83.16;
    %flag_set/vec4 8;
    %jmp/0xz  T_83.14, 8;
    %pushi/vec4 1, 0, 1;
    %ix/load 5, 0, 0;
    %load/vec4 v000002271a192840_0;
    %pad/u 32;
    %muli 18, 0, 32;
    %load/vec4 v000002271a1931a0_0;
    %pad/u 32;
    %add;
    %ix/vec4 4;
    %assign/vec4/off/d v000002271a1919e0_0, 4, 5;
T_83.14 ;
    %load/vec4 v000002271a186ae0_0;
    %flag_set/vec4 9;
    %flag_get/vec4 9;
    %jmp/0 T_83.19, 9;
    %load/vec4 v000002271a187da0_0;
    %and;
T_83.19;
    %flag_set/vec4 8;
    %jmp/0xz  T_83.17, 8;
    %load/vec4 v000002271a191bc0_0;
    %addi 1, 0, 32;
    %assign/vec4 v000002271a191bc0_0, 0;
T_83.17 ;
    %load/vec4 v000002271a180030_0;
    %flag_set/vec4 9;
    %flag_get/vec4 9;
    %jmp/0 T_83.22, 9;
    %load/vec4 v000002271a17fd10_0;
    %and;
T_83.22;
    %flag_set/vec4 8;
    %jmp/0xz  T_83.20, 8;
    %load/vec4 v000002271a193e20_0;
    %addi 1, 0, 32;
    %assign/vec4 v000002271a193e20_0, 0;
T_83.20 ;
    %load/vec4 v000002271a193100_0;
    %cmpi/e 2, 0, 3;
    %flag_get/vec4 4;
    %jmp/0 T_83.25, 4;
    %load/vec4 v000002271a192840_0;
    %pushi/vec4 8, 0, 4;
    %cmp/e;
    %flag_get/vec4 4;
    %and;
T_83.25;
    %flag_set/vec4 8;
    %jmp/0xz  T_83.23, 8;
    %load/vec4 v000002271a193240_0;
    %addi 1, 0, 32;
    %assign/vec4 v000002271a193240_0, 0;
T_83.23 ;
    %load/vec4 v000002271a193100_0;
    %cmpi/e 2, 0, 3;
    %flag_get/vec4 4;
    %jmp/0 T_83.28, 4;
    %load/vec4 v000002271a192840_0;
    %pushi/vec4 6, 0, 4;
    %cmp/e;
    %flag_get/vec4 4;
    %and;
T_83.28;
    %flag_set/vec4 8;
    %jmp/0xz  T_83.26, 8;
    %load/vec4 v000002271a193ba0_0;
    %addi 1, 0, 32;
    %assign/vec4 v000002271a193ba0_0, 0;
T_83.26 ;
    %load/vec4 v000002271a1931a0_0;
    %cmpi/e 17, 0, 5;
    %jmp/0xz  T_83.29, 4;
    %load/vec4 v000002271a193c40_0;
    %addi 1, 0, 32;
    %assign/vec4 v000002271a193c40_0, 0;
T_83.29 ;
T_83.1 ;
    %jmp T_83;
    .thread T_83;
    .scope S_000002271a0de9b0;
T_84 ;
    %wait E_000002271a065370;
    %load/vec4 v000002271a198590_0;
    %nor/r;
    %flag_set/vec4 8;
    %jmp/0xz  T_84.0, 8;
    %pushi/vec4 0, 0, 1;
    %assign/vec4 v000002271a186040_0, 0;
    %pushi/vec4 0, 0, 32;
    %assign/vec4 v000002271a185a00_0, 0;
    %pushi/vec4 0, 0, 1;
    %assign/vec4 v000002271a184560_0, 0;
    %pushi/vec4 0, 0, 32;
    %assign/vec4 v000002271a184d80_0, 0;
    %pushi/vec4 0, 0, 1;
    %assign/vec4 v000002271a186360_0, 0;
    %pushi/vec4 0, 0, 32;
    %assign/vec4 v000002271a186400_0, 0;
    %pushi/vec4 0, 0, 1;
    %assign/vec4 v000002271a184740_0, 0;
    %pushi/vec4 0, 0, 32;
    %assign/vec4 v000002271a1847e0_0, 0;
    %jmp T_84.1;
T_84.0 ;
    %load/vec4 v000002271a186ae0_0;
    %flag_set/vec4 9;
    %flag_get/vec4 9;
    %jmp/0 T_84.4, 9;
    %load/vec4 v000002271a186900_0;
    %nor/r;
    %and;
T_84.4;
    %flag_set/vec4 8;
    %jmp/0xz  T_84.2, 8;
    %load/vec4 v000002271a186040_0;
    %nor/r;
    %flag_set/vec4 8;
    %jmp/0xz  T_84.5, 8;
    %pushi/vec4 1, 0, 1;
    %assign/vec4 v000002271a186040_0, 0;
    %load/vec4 v000002271a187bc0_0;
    %assign/vec4 v000002271a185820_0, 0;
    %load/vec4 v000002271a187c60_0;
    %assign/vec4 v000002271a185960_0, 0;
    %load/vec4 v000002271a186a40_0;
    %assign/vec4 v000002271a186cc0_0, 0;
    %load/vec4 v000002271a189060_0;
    %assign/vec4 v000002271a185be0_0, 0;
    %pushi/vec4 1, 0, 32;
    %assign/vec4 v000002271a185a00_0, 0;
    %jmp T_84.6;
T_84.5 ;
    %load/vec4 v000002271a185a00_0;
    %addi 1, 0, 32;
    %assign/vec4 v000002271a185a00_0, 0;
    %load/vec4 v000002271a190e00_0;
    %cmpi/ne 0, 0, 32;
    %jmp/0xz  T_84.7, 4;
    %load/vec4 v000002271a187bc0_0;
    %load/vec4 v000002271a185820_0;
    %cmp/ne;
    %jmp/1 T_84.13, 4;
    %flag_mov 8, 4;
    %load/vec4 v000002271a187c60_0;
    %load/vec4 v000002271a185960_0;
    %cmp/ne;
    %flag_or 4, 8;
T_84.13;
    %jmp/1 T_84.12, 4;
    %flag_mov 8, 4;
    %load/vec4 v000002271a186a40_0;
    %load/vec4 v000002271a186cc0_0;
    %cmp/ne;
    %flag_or 4, 8;
T_84.12;
    %jmp/1 T_84.11, 4;
    %flag_mov 8, 4;
    %load/vec4 v000002271a189060_0;
    %load/vec4 v000002271a185be0_0;
    %cmp/ne;
    %flag_or 4, 8;
T_84.11;
    %jmp/0xz  T_84.9, 4;
    %vpi_call/w 3 1523 "$display", "ASSERT_FAIL: I req changed while stalled at cycle=%0d", v000002271a186540_0 {0 0 0};
    %fork TD_icache_pipeline_tb.tb_finish, S_000002271a194720;
    %join;
T_84.9 ;
    %load/vec4 v000002271a198090_0;
    %load/vec4 v000002271a185a00_0;
    %cmp/s;
    %jmp/0xz  T_84.14, 5;
    %vpi_call/w 3 1527 "$display", "ASSERT_FAIL: I req stalled too long (%0d cycles)", v000002271a185a00_0 {0 0 0};
    %fork TD_icache_pipeline_tb.tb_finish, S_000002271a194720;
    %join;
T_84.14 ;
T_84.7 ;
T_84.6 ;
    %jmp T_84.3;
T_84.2 ;
    %pushi/vec4 0, 0, 1;
    %assign/vec4 v000002271a186040_0, 0;
    %pushi/vec4 0, 0, 32;
    %assign/vec4 v000002271a185a00_0, 0;
T_84.3 ;
    %load/vec4 v000002271a187da0_0;
    %flag_set/vec4 9;
    %flag_get/vec4 9;
    %jmp/0 T_84.18, 9;
    %load/vec4 v000002271a187800_0;
    %nor/r;
    %and;
T_84.18;
    %flag_set/vec4 8;
    %jmp/0xz  T_84.16, 8;
    %load/vec4 v000002271a184560_0;
    %nor/r;
    %flag_set/vec4 8;
    %jmp/0xz  T_84.19, 8;
    %pushi/vec4 1, 0, 1;
    %assign/vec4 v000002271a184560_0, 0;
    %load/vec4 v000002271a187300_0;
    %assign/vec4 v000002271a1841a0_0, 0;
    %load/vec4 v000002271a188d40_0;
    %assign/vec4 v000002271a185c80_0, 0;
    %load/vec4 v000002271a188c00_0;
    %assign/vec4 v000002271a185320_0, 0;
    %load/vec4 v000002271a1873a0_0;
    %assign/vec4 v000002271a1842e0_0, 0;
    %load/vec4 v000002271a188e80_0;
    %assign/vec4 v000002271a185780_0, 0;
    %load/vec4 v000002271a187e40_0;
    %assign/vec4 v000002271a1853c0_0, 0;
    %pushi/vec4 1, 0, 32;
    %assign/vec4 v000002271a184d80_0, 0;
    %jmp T_84.20;
T_84.19 ;
    %load/vec4 v000002271a184d80_0;
    %addi 1, 0, 32;
    %assign/vec4 v000002271a184d80_0, 0;
    %load/vec4 v000002271a190e00_0;
    %cmpi/ne 0, 0, 32;
    %jmp/0xz  T_84.21, 4;
    %load/vec4 v000002271a187300_0;
    %load/vec4 v000002271a1841a0_0;
    %cmp/ne;
    %jmp/1 T_84.29, 4;
    %flag_mov 8, 4;
    %load/vec4 v000002271a188d40_0;
    %load/vec4 v000002271a185c80_0;
    %cmp/ne;
    %flag_or 4, 8;
T_84.29;
    %jmp/1 T_84.28, 4;
    %flag_mov 8, 4;
    %load/vec4 v000002271a188c00_0;
    %load/vec4 v000002271a185320_0;
    %cmp/ne;
    %flag_or 4, 8;
T_84.28;
    %jmp/1 T_84.27, 4;
    %flag_mov 8, 4;
    %load/vec4 v000002271a1873a0_0;
    %load/vec4 v000002271a1842e0_0;
    %cmp/ne;
    %flag_or 4, 8;
T_84.27;
    %jmp/1 T_84.26, 4;
    %flag_mov 8, 4;
    %load/vec4 v000002271a188e80_0;
    %load/vec4 v000002271a185780_0;
    %cmp/ne;
    %flag_or 4, 8;
T_84.26;
    %jmp/1 T_84.25, 4;
    %flag_mov 8, 4;
    %load/vec4 v000002271a187e40_0;
    %load/vec4 v000002271a1853c0_0;
    %cmp/ne;
    %flag_or 4, 8;
T_84.25;
    %jmp/0xz  T_84.23, 4;
    %vpi_call/w 3 1557 "$display", "ASSERT_FAIL: D req changed while stalled at cycle=%0d", v000002271a186540_0 {0 0 0};
    %fork TD_icache_pipeline_tb.tb_finish, S_000002271a194720;
    %join;
T_84.23 ;
    %load/vec4 v000002271a198090_0;
    %load/vec4 v000002271a184d80_0;
    %cmp/s;
    %jmp/0xz  T_84.30, 5;
    %vpi_call/w 3 1561 "$display", "ASSERT_FAIL: D req stalled too long (%0d cycles)", v000002271a184d80_0 {0 0 0};
    %fork TD_icache_pipeline_tb.tb_finish, S_000002271a194720;
    %join;
T_84.30 ;
T_84.21 ;
T_84.20 ;
    %jmp T_84.17;
T_84.16 ;
    %pushi/vec4 0, 0, 1;
    %assign/vec4 v000002271a184560_0, 0;
    %pushi/vec4 0, 0, 32;
    %assign/vec4 v000002271a184d80_0, 0;
T_84.17 ;
    %load/vec4 v000002271a188020_0;
    %flag_set/vec4 9;
    %flag_get/vec4 9;
    %jmp/0 T_84.34, 9;
    %load/vec4 v000002271a186c20_0;
    %nor/r;
    %and;
T_84.34;
    %flag_set/vec4 8;
    %jmp/0xz  T_84.32, 8;
    %load/vec4 v000002271a186360_0;
    %nor/r;
    %flag_set/vec4 8;
    %jmp/0xz  T_84.35, 8;
    %pushi/vec4 1, 0, 1;
    %assign/vec4 v000002271a186360_0, 0;
    %load/vec4 v000002271a187ee0_0;
    %assign/vec4 v000002271a1864a0_0, 0;
    %load/vec4 v000002271a186b80_0;
    %assign/vec4 v000002271a186fe0_0, 0;
    %load/vec4 v000002271a188840_0;
    %assign/vec4 v000002271a188ac0_0, 0;
    %pushi/vec4 1, 0, 32;
    %assign/vec4 v000002271a186400_0, 0;
    %jmp T_84.36;
T_84.35 ;
    %load/vec4 v000002271a186400_0;
    %addi 1, 0, 32;
    %assign/vec4 v000002271a186400_0, 0;
    %load/vec4 v000002271a190e00_0;
    %cmpi/ne 0, 0, 32;
    %jmp/0xz  T_84.37, 4;
    %load/vec4 v000002271a187ee0_0;
    %load/vec4 v000002271a1864a0_0;
    %cmp/ne;
    %jmp/1 T_84.42, 4;
    %flag_mov 8, 4;
    %load/vec4 v000002271a186b80_0;
    %load/vec4 v000002271a186fe0_0;
    %cmp/ne;
    %flag_or 4, 8;
T_84.42;
    %jmp/1 T_84.41, 4;
    %flag_mov 8, 4;
    %load/vec4 v000002271a188840_0;
    %load/vec4 v000002271a188ac0_0;
    %cmp/ne;
    %flag_or 4, 8;
T_84.41;
    %jmp/0xz  T_84.39, 4;
    %vpi_call/w 3 1585 "$display", "ASSERT_FAIL: I rsp changed while stalled at cycle=%0d", v000002271a186540_0 {0 0 0};
    %fork TD_icache_pipeline_tb.tb_finish, S_000002271a194720;
    %join;
T_84.39 ;
    %load/vec4 v000002271a198090_0;
    %load/vec4 v000002271a186400_0;
    %cmp/s;
    %jmp/0xz  T_84.43, 5;
    %vpi_call/w 3 1589 "$display", "ASSERT_FAIL: I rsp stalled too long (%0d cycles)", v000002271a186400_0 {0 0 0};
    %fork TD_icache_pipeline_tb.tb_finish, S_000002271a194720;
    %join;
T_84.43 ;
T_84.37 ;
T_84.36 ;
    %jmp T_84.33;
T_84.32 ;
    %pushi/vec4 0, 0, 1;
    %assign/vec4 v000002271a186360_0, 0;
    %pushi/vec4 0, 0, 32;
    %assign/vec4 v000002271a186400_0, 0;
T_84.33 ;
    %load/vec4 v000002271a187b20_0;
    %flag_set/vec4 9;
    %flag_get/vec4 9;
    %jmp/0 T_84.47, 9;
    %load/vec4 v000002271a187940_0;
    %nor/r;
    %and;
T_84.47;
    %flag_set/vec4 8;
    %jmp/0xz  T_84.45, 8;
    %load/vec4 v000002271a184740_0;
    %nor/r;
    %flag_set/vec4 8;
    %jmp/0xz  T_84.48, 8;
    %pushi/vec4 1, 0, 1;
    %assign/vec4 v000002271a184740_0, 0;
    %load/vec4 v000002271a1878a0_0;
    %assign/vec4 v000002271a184e20_0, 0;
    %load/vec4 v000002271a188fc0_0;
    %assign/vec4 v000002271a1851e0_0, 0;
    %load/vec4 v000002271a188de0_0;
    %assign/vec4 v000002271a185000_0, 0;
    %pushi/vec4 1, 0, 32;
    %assign/vec4 v000002271a1847e0_0, 0;
    %jmp T_84.49;
T_84.48 ;
    %load/vec4 v000002271a1847e0_0;
    %addi 1, 0, 32;
    %assign/vec4 v000002271a1847e0_0, 0;
    %load/vec4 v000002271a190e00_0;
    %cmpi/ne 0, 0, 32;
    %jmp/0xz  T_84.50, 4;
    %load/vec4 v000002271a1878a0_0;
    %load/vec4 v000002271a184e20_0;
    %cmp/ne;
    %jmp/1 T_84.55, 4;
    %flag_mov 8, 4;
    %load/vec4 v000002271a188fc0_0;
    %load/vec4 v000002271a1851e0_0;
    %cmp/ne;
    %flag_or 4, 8;
T_84.55;
    %jmp/1 T_84.54, 4;
    %flag_mov 8, 4;
    %load/vec4 v000002271a188de0_0;
    %load/vec4 v000002271a185000_0;
    %cmp/ne;
    %flag_or 4, 8;
T_84.54;
    %jmp/0xz  T_84.52, 4;
    %vpi_call/w 3 1613 "$display", "ASSERT_FAIL: D rsp changed while stalled at cycle=%0d", v000002271a186540_0 {0 0 0};
    %fork TD_icache_pipeline_tb.tb_finish, S_000002271a194720;
    %join;
T_84.52 ;
    %load/vec4 v000002271a198090_0;
    %load/vec4 v000002271a1847e0_0;
    %cmp/s;
    %jmp/0xz  T_84.56, 5;
    %vpi_call/w 3 1617 "$display", "ASSERT_FAIL: D rsp stalled too long (%0d cycles)", v000002271a1847e0_0 {0 0 0};
    %fork TD_icache_pipeline_tb.tb_finish, S_000002271a194720;
    %join;
T_84.56 ;
T_84.50 ;
T_84.49 ;
    %jmp T_84.46;
T_84.45 ;
    %pushi/vec4 0, 0, 1;
    %assign/vec4 v000002271a184740_0, 0;
    %pushi/vec4 0, 0, 32;
    %assign/vec4 v000002271a1847e0_0, 0;
T_84.46 ;
T_84.1 ;
    %jmp T_84;
    .thread T_84;
    .scope S_000002271a0de9b0;
T_85 ;
    %wait E_000002271a066070;
    %load/vec4 v000002271a198590_0;
    %flag_set/vec4 10;
    %flag_get/vec4 10;
    %jmp/0 T_85.3, 10;
    %load/vec4 v000002271a196650_0;
    %pushi/vec4 0, 0, 32;
    %cmp/e;
    %flag_get/vec4 4;
    %and;
T_85.3;
    %flag_set/vec4 9;
    %flag_get/vec4 9;
    %jmp/0 T_85.2, 9;
    %load/vec4 v000002271a186540_0;
    %load/vec4 v000002271a186e00_0;
    %sub;
    %pushi/vec4 2000, 0, 32;
    %cmp/e;
    %flag_get/vec4 4;
    %and;
T_85.2;
    %flag_set/vec4 8;
    %jmp/0xz  T_85.0, 8;
    %vpi_call/w 3 1632 "$display", "[DBG] no WB for 2000 cycles at cycle=%0d", v000002271a186540_0 {0 0 0};
    %vpi_call/w 3 1633 "$display", "[DBG] ic_l2 i_req v/r=%0d/%0d i_rsp v/r=%0d/%0d", v000002271a186ae0_0, v000002271a186900_0, v000002271a188020_0, v000002271a186c20_0 {0 0 0};
    %vpi_call/w 3 1636 "$display", "[DBG] dc_l2 d_req v/r=%0d/%0d d_rsp v/r=%0d/%0d", v000002271a187da0_0, v000002271a187800_0, v000002271a187b20_0, v000002271a187940_0 {0 0 0};
    %vpi_call/w 3 1639 "$display", "[DBG] wb_we=%0d wb_rd=%0d wb_wdata=0x%08x ifetch_err=%0d boot_done=%0d", v000002271a197d70_0, v000002271a197eb0_0, v000002271a196b50_0, v000002271a187120_0, v000002271a191080_0 {0 0 0};
T_85.0 ;
    %jmp T_85;
    .thread T_85;
# The file index is used to find the file name in the following table.
:file_names 27;
    "N/A";
    "<interactive>";
    "-";
    "C:\cpu_design\icache_pipeline_tb.v";
    "C:\cpu_design\icache_pipeline_top.v";
    "C:\cpu_design\branch_predictor.v";
    "C:\cpu_design\CSR.v";
    "C:\cpu_design\dcache.v";
    "C:\cpu_design\EX.v";
    "C:\cpu_design\restoring_divider.v";
    "C:\cpu_design\booth_multiplier.v";
    "C:\cpu_design\EXMEM_register.v";
    "C:\cpu_design\forward_unit.v";
    "C:\cpu_design\hazard_unit.v";
    "C:\cpu_design\icache_top.v";
    "C:\cpu_design\icache.v";
    "C:\cpu_design\ID.v";
    "C:\cpu_design\IDEX_register.v";
    "C:\cpu_design\IFID_register.v";
    "C:\cpu_design\machine_irq_sources.v";
    "C:\cpu_design\MEM.v";
    "C:\cpu_design\MEMWB_register.v";
    "C:\cpu_design\misalign_check.v";
    "C:\cpu_design\IF.v";
    "C:\cpu_design\uart_rx.v";
    "C:\cpu_design\uart_tx.v";
    "C:\cpu_design\WB.v";
