
C:\cpu_design\build_verify_rtos_fixed\rtos_smoke.elf:     file format elf32-littleriscv


Disassembly of section .text:

80000000 <_start>:
80000000:	00080117          	auipc	sp,0x80
80000004:	00010113          	mv	sp,sp
80000008:	00006197          	auipc	gp,0x6
8000000c:	95c18193          	addi	gp,gp,-1700 # 80005964 <__global_pointer$>
80000010:	00005297          	auipc	t0,0x5
80000014:	16028293          	addi	t0,t0,352 # 80005170 <pass_printed>
80000018:	00006317          	auipc	t1,0x6
8000001c:	78830313          	addi	t1,t1,1928 # 800067a0 <__bss_end>
80000020:	00000393          	li	t2,0
80000024:	0062f863          	bgeu	t0,t1,80000034 <_start+0x34>
80000028:	0072a023          	sw	t2,0(t0)
8000002c:	00428293          	addi	t0,t0,4
80000030:	ff5ff06f          	j	80000024 <_start+0x24>
80000034:	00005297          	auipc	t0,0x5
80000038:	acc28293          	addi	t0,t0,-1332 # 80004b00 <freertos_risc_v_trap_handler>
8000003c:	30529073          	csrw	mtvec,t0
80000040:	00000097          	auipc	ra,0x0
80000044:	32c080e7          	jalr	812(ra) # 8000036c <main>
80000048:	00050413          	mv	s0,a0
8000004c:	0000006f          	j	8000004c <_start+0x4c>

80000050 <fatal>:
80000050:	ff010113          	addi	sp,sp,-16 # 8007fff0 <__bss_end+0x79850>
80000054:	00812423          	sw	s0,8(sp)
80000058:	00112623          	sw	ra,12(sp)
8000005c:	00050413          	mv	s0,a0
80000060:	30047073          	csrci	mstatus,8
80000064:	80005537          	lui	a0,0x80005
80000068:	d8850513          	addi	a0,a0,-632 # 80004d88 <__clzsi2+0x88>
8000006c:	00000097          	auipc	ra,0x0
80000070:	454080e7          	jalr	1108(ra) # 800004c0 <rtos_uart_write>
80000074:	00040513          	mv	a0,s0
80000078:	00000097          	auipc	ra,0x0
8000007c:	514080e7          	jalr	1300(ra) # 8000058c <rtos_uart_write_line>
80000080:	00000013          	nop
80000084:	00000013          	nop
80000088:	ff9ff06f          	j	80000080 <fatal+0x30>

8000008c <consumer_task>:
8000008c:	fc010113          	addi	sp,sp,-64
80000090:	02112e23          	sw	ra,60(sp)
80000094:	02812c23          	sw	s0,56(sp)
80000098:	02912a23          	sw	s1,52(sp)
8000009c:	03212823          	sw	s2,48(sp)
800000a0:	03312623          	sw	s3,44(sp)
800000a4:	03412423          	sw	s4,40(sp)
800000a8:	03512223          	sw	s5,36(sp)
800000ac:	03612023          	sw	s6,32(sp)
800000b0:	01712e23          	sw	s7,28(sp)
800000b4:	01812c23          	sw	s8,24(sp)
800000b8:	01912a23          	sw	s9,20(sp)
800000bc:	01a12823          	sw	s10,16(sp)
800000c0:	00012623          	sw	zero,12(sp)
800000c4:	30047073          	csrci	mstatus,8
800000c8:	80005437          	lui	s0,0x80005
800000cc:	16842783          	lw	a5,360(s0) # 80005168 <xCriticalNesting>
800000d0:	80005537          	lui	a0,0x80005
800000d4:	d9850513          	addi	a0,a0,-616 # 80004d98 <__clzsi2+0x98>
800000d8:	00178793          	addi	a5,a5,1
800000dc:	16f42423          	sw	a5,360(s0)
800000e0:	00000097          	auipc	ra,0x0
800000e4:	4ac080e7          	jalr	1196(ra) # 8000058c <rtos_uart_write_line>
800000e8:	16842783          	lw	a5,360(s0)
800000ec:	fff78793          	addi	a5,a5,-1
800000f0:	16f42423          	sw	a5,360(s0)
800000f4:	00079463          	bnez	a5,800000fc <consumer_task+0x70>
800000f8:	30046073          	csrsi	mstatus,8
800000fc:	80005c37          	lui	s8,0x80005
80000100:	80005bb7          	lui	s7,0x80005
80000104:	80005b37          	lui	s6,0x80005
80000108:	80005ab7          	lui	s5,0x80005
8000010c:	80005a37          	lui	s4,0x80005
80000110:	dacc0c13          	addi	s8,s8,-596 # 80004dac <__clzsi2+0xac>
80000114:	dbcb8b93          	addi	s7,s7,-580 # 80004dbc <__clzsi2+0xbc>
80000118:	e54b0b13          	addi	s6,s6,-428 # 80004e54 <__clzsi2+0x154>
8000011c:	dc4a8a93          	addi	s5,s5,-572 # 80004dc4 <__clzsi2+0xc4>
80000120:	dd8a0a13          	addi	s4,s4,-552 # 80004dd8 <__clzsi2+0xd8>
80000124:	800059b7          	lui	s3,0x80005
80000128:	800054b7          	lui	s1,0x80005
8000012c:	80005cb7          	lui	s9,0x80005
80000130:	80005d37          	lui	s10,0x80005
80000134:	00100913          	li	s2,1
80000138:	0240006f          	j	8000015c <consumer_task+0xd0>
8000013c:	16842783          	lw	a5,360(s0)
80000140:	fff78793          	addi	a5,a5,-1
80000144:	16f42423          	sw	a5,360(s0)
80000148:	00079463          	bnez	a5,80000150 <consumer_task+0xc4>
8000014c:	30046073          	csrsi	mstatus,8
80000150:	00100513          	li	a0,1
80000154:	00003097          	auipc	ra,0x3
80000158:	bb8080e7          	jalr	-1096(ra) # 80002d0c <vTaskDelay>
8000015c:	17c9a503          	lw	a0,380(s3) # 8000517c <smoke_queue>
80000160:	fff00613          	li	a2,-1
80000164:	00c10593          	addi	a1,sp,12
80000168:	00001097          	auipc	ra,0x1
8000016c:	430080e7          	jalr	1072(ra) # 80001598 <xQueueReceive>
80000170:	ff2510e3          	bne	a0,s2,80000150 <consumer_task+0xc4>
80000174:	1744a783          	lw	a5,372(s1) # 80005174 <consumed_count>
80000178:	00178793          	addi	a5,a5,1
8000017c:	16f4aa23          	sw	a5,372(s1)
80000180:	30047073          	csrci	mstatus,8
80000184:	16842783          	lw	a5,360(s0)
80000188:	000c0513          	mv	a0,s8
8000018c:	00178793          	addi	a5,a5,1
80000190:	16f42423          	sw	a5,360(s0)
80000194:	00000097          	auipc	ra,0x0
80000198:	32c080e7          	jalr	812(ra) # 800004c0 <rtos_uart_write>
8000019c:	00003097          	auipc	ra,0x3
800001a0:	c08080e7          	jalr	-1016(ra) # 80002da4 <xTaskGetTickCount>
800001a4:	00000097          	auipc	ra,0x0
800001a8:	374080e7          	jalr	884(ra) # 80000518 <rtos_uart_write_hex32>
800001ac:	000b8513          	mv	a0,s7
800001b0:	00000097          	auipc	ra,0x0
800001b4:	310080e7          	jalr	784(ra) # 800004c0 <rtos_uart_write>
800001b8:	000b0513          	mv	a0,s6
800001bc:	00000097          	auipc	ra,0x0
800001c0:	304080e7          	jalr	772(ra) # 800004c0 <rtos_uart_write>
800001c4:	000a8513          	mv	a0,s5
800001c8:	00000097          	auipc	ra,0x0
800001cc:	2f8080e7          	jalr	760(ra) # 800004c0 <rtos_uart_write>
800001d0:	00c12503          	lw	a0,12(sp)
800001d4:	00000097          	auipc	ra,0x0
800001d8:	344080e7          	jalr	836(ra) # 80000518 <rtos_uart_write_hex32>
800001dc:	000a0513          	mv	a0,s4
800001e0:	00000097          	auipc	ra,0x0
800001e4:	2e0080e7          	jalr	736(ra) # 800004c0 <rtos_uart_write>
800001e8:	1744a703          	lw	a4,372(s1)
800001ec:	00200793          	li	a5,2
800001f0:	f4e7f6e3          	bgeu	a5,a4,8000013c <consumer_task+0xb0>
800001f4:	170ca783          	lw	a5,368(s9) # 80005170 <pass_printed>
800001f8:	f40792e3          	bnez	a5,8000013c <consumer_task+0xb0>
800001fc:	ddcd0513          	addi	a0,s10,-548 # 80004ddc <__clzsi2+0xdc>
80000200:	172ca823          	sw	s2,368(s9)
80000204:	00000097          	auipc	ra,0x0
80000208:	388080e7          	jalr	904(ra) # 8000058c <rtos_uart_write_line>
8000020c:	f31ff06f          	j	8000013c <consumer_task+0xb0>

80000210 <producer_task>:
80000210:	fc010113          	addi	sp,sp,-64
80000214:	02112e23          	sw	ra,60(sp)
80000218:	02812c23          	sw	s0,56(sp)
8000021c:	02912a23          	sw	s1,52(sp)
80000220:	03212823          	sw	s2,48(sp)
80000224:	03312623          	sw	s3,44(sp)
80000228:	03412423          	sw	s4,40(sp)
8000022c:	03512223          	sw	s5,36(sp)
80000230:	03612023          	sw	s6,32(sp)
80000234:	01712e23          	sw	s7,28(sp)
80000238:	01812c23          	sw	s8,24(sp)
8000023c:	00012623          	sw	zero,12(sp)
80000240:	30047073          	csrci	mstatus,8
80000244:	80005437          	lui	s0,0x80005
80000248:	16842783          	lw	a5,360(s0) # 80005168 <xCriticalNesting>
8000024c:	80005537          	lui	a0,0x80005
80000250:	dec50513          	addi	a0,a0,-532 # 80004dec <__clzsi2+0xec>
80000254:	00178793          	addi	a5,a5,1
80000258:	16f42423          	sw	a5,360(s0)
8000025c:	00000097          	auipc	ra,0x0
80000260:	330080e7          	jalr	816(ra) # 8000058c <rtos_uart_write_line>
80000264:	16842783          	lw	a5,360(s0)
80000268:	fff78793          	addi	a5,a5,-1
8000026c:	16f42423          	sw	a5,360(s0)
80000270:	00079463          	bnez	a5,80000278 <producer_task+0x68>
80000274:	30046073          	csrsi	mstatus,8
80000278:	80005c37          	lui	s8,0x80005
8000027c:	80005bb7          	lui	s7,0x80005
80000280:	80005b37          	lui	s6,0x80005
80000284:	80005ab7          	lui	s5,0x80005
80000288:	80005a37          	lui	s4,0x80005
8000028c:	dacc0c13          	addi	s8,s8,-596 # 80004dac <__clzsi2+0xac>
80000290:	dbcb8b93          	addi	s7,s7,-580 # 80004dbc <__clzsi2+0xbc>
80000294:	e3cb0b13          	addi	s6,s6,-452 # 80004e3c <__clzsi2+0x13c>
80000298:	e00a8a93          	addi	s5,s5,-512 # 80004e00 <__clzsi2+0x100>
8000029c:	dd8a0a13          	addi	s4,s4,-552 # 80004dd8 <__clzsi2+0xd8>
800002a0:	800059b7          	lui	s3,0x80005
800002a4:	800054b7          	lui	s1,0x80005
800002a8:	00100913          	li	s2,1
800002ac:	00c12783          	lw	a5,12(sp)
800002b0:	17c9a503          	lw	a0,380(s3) # 8000517c <smoke_queue>
800002b4:	00000693          	li	a3,0
800002b8:	00178793          	addi	a5,a5,1
800002bc:	fff00613          	li	a2,-1
800002c0:	00c10593          	addi	a1,sp,12
800002c4:	00f12623          	sw	a5,12(sp)
800002c8:	00001097          	auipc	ra,0x1
800002cc:	d3c080e7          	jalr	-708(ra) # 80001004 <xQueueGenericSend>
800002d0:	09251663          	bne	a0,s2,8000035c <producer_task+0x14c>
800002d4:	1784a783          	lw	a5,376(s1) # 80005178 <produced_count>
800002d8:	00178793          	addi	a5,a5,1
800002dc:	16f4ac23          	sw	a5,376(s1)
800002e0:	30047073          	csrci	mstatus,8
800002e4:	16842783          	lw	a5,360(s0)
800002e8:	000c0513          	mv	a0,s8
800002ec:	00178793          	addi	a5,a5,1
800002f0:	16f42423          	sw	a5,360(s0)
800002f4:	00000097          	auipc	ra,0x0
800002f8:	1cc080e7          	jalr	460(ra) # 800004c0 <rtos_uart_write>
800002fc:	00003097          	auipc	ra,0x3
80000300:	aa8080e7          	jalr	-1368(ra) # 80002da4 <xTaskGetTickCount>
80000304:	00000097          	auipc	ra,0x0
80000308:	214080e7          	jalr	532(ra) # 80000518 <rtos_uart_write_hex32>
8000030c:	000b8513          	mv	a0,s7
80000310:	00000097          	auipc	ra,0x0
80000314:	1b0080e7          	jalr	432(ra) # 800004c0 <rtos_uart_write>
80000318:	000b0513          	mv	a0,s6
8000031c:	00000097          	auipc	ra,0x0
80000320:	1a4080e7          	jalr	420(ra) # 800004c0 <rtos_uart_write>
80000324:	000a8513          	mv	a0,s5
80000328:	00000097          	auipc	ra,0x0
8000032c:	198080e7          	jalr	408(ra) # 800004c0 <rtos_uart_write>
80000330:	00c12503          	lw	a0,12(sp)
80000334:	00000097          	auipc	ra,0x0
80000338:	1e4080e7          	jalr	484(ra) # 80000518 <rtos_uart_write_hex32>
8000033c:	000a0513          	mv	a0,s4
80000340:	00000097          	auipc	ra,0x0
80000344:	180080e7          	jalr	384(ra) # 800004c0 <rtos_uart_write>
80000348:	16842783          	lw	a5,360(s0)
8000034c:	fff78793          	addi	a5,a5,-1
80000350:	16f42423          	sw	a5,360(s0)
80000354:	00079463          	bnez	a5,8000035c <producer_task+0x14c>
80000358:	30046073          	csrsi	mstatus,8
8000035c:	00200513          	li	a0,2
80000360:	00003097          	auipc	ra,0x3
80000364:	9ac080e7          	jalr	-1620(ra) # 80002d0c <vTaskDelay>
80000368:	f45ff06f          	j	800002ac <producer_task+0x9c>

8000036c <main>:
8000036c:	80005537          	lui	a0,0x80005
80000370:	ff010113          	addi	sp,sp,-16
80000374:	e1450513          	addi	a0,a0,-492 # 80004e14 <__clzsi2+0x114>
80000378:	00112623          	sw	ra,12(sp)
8000037c:	00812423          	sw	s0,8(sp)
80000380:	00000097          	auipc	ra,0x0
80000384:	20c080e7          	jalr	524(ra) # 8000058c <rtos_uart_write_line>
80000388:	80005437          	lui	s0,0x80005
8000038c:	1c840413          	addi	s0,s0,456 # 800051c8 <queue_tcb>
80000390:	00400593          	li	a1,4
80000394:	00040693          	mv	a3,s0
80000398:	04840613          	addi	a2,s0,72
8000039c:	00058513          	mv	a0,a1
800003a0:	00000713          	li	a4,0
800003a4:	00001097          	auipc	ra,0x1
800003a8:	ad8080e7          	jalr	-1320(ra) # 80000e7c <xQueueGenericCreateStatic>
800003ac:	800057b7          	lui	a5,0x80005
800003b0:	16a7ae23          	sw	a0,380(a5) # 8000517c <smoke_queue>
800003b4:	0c050663          	beqz	a0,80000480 <main+0x114>
800003b8:	80005537          	lui	a0,0x80005
800003bc:	e2850513          	addi	a0,a0,-472 # 80004e28 <__clzsi2+0x128>
800003c0:	00000097          	auipc	ra,0x0
800003c4:	1cc080e7          	jalr	460(ra) # 8000058c <rtos_uart_write_line>
800003c8:	800055b7          	lui	a1,0x80005
800003cc:	80000537          	lui	a0,0x80000
800003d0:	05840813          	addi	a6,s0,88
800003d4:	0a040793          	addi	a5,s0,160
800003d8:	e3c58593          	addi	a1,a1,-452 # 80004e3c <__clzsi2+0x13c>
800003dc:	21050513          	addi	a0,a0,528 # 80000210 <producer_task>
800003e0:	00200713          	li	a4,2
800003e4:	00000693          	li	a3,0
800003e8:	18000613          	li	a2,384
800003ec:	00002097          	auipc	ra,0x2
800003f0:	214080e7          	jalr	532(ra) # 80002600 <xTaskCreateStatic>
800003f4:	06050e63          	beqz	a0,80000470 <main+0x104>
800003f8:	80005537          	lui	a0,0x80005
800003fc:	e4050513          	addi	a0,a0,-448 # 80004e40 <__clzsi2+0x140>
80000400:	00000097          	auipc	ra,0x0
80000404:	18c080e7          	jalr	396(ra) # 8000058c <rtos_uart_write_line>
80000408:	800055b7          	lui	a1,0x80005
8000040c:	80000537          	lui	a0,0x80000
80000410:	6a040813          	addi	a6,s0,1696
80000414:	6e840793          	addi	a5,s0,1768
80000418:	e5458593          	addi	a1,a1,-428 # 80004e54 <__clzsi2+0x154>
8000041c:	08c50513          	addi	a0,a0,140 # 8000008c <consumer_task>
80000420:	00200713          	li	a4,2
80000424:	00000693          	li	a3,0
80000428:	18000613          	li	a2,384
8000042c:	00002097          	auipc	ra,0x2
80000430:	1d4080e7          	jalr	468(ra) # 80002600 <xTaskCreateStatic>
80000434:	04050e63          	beqz	a0,80000490 <main+0x124>
80000438:	80005537          	lui	a0,0x80005
8000043c:	e5850513          	addi	a0,a0,-424 # 80004e58 <__clzsi2+0x158>
80000440:	00000097          	auipc	ra,0x0
80000444:	14c080e7          	jalr	332(ra) # 8000058c <rtos_uart_write_line>
80000448:	80005537          	lui	a0,0x80005
8000044c:	e6850513          	addi	a0,a0,-408 # 80004e68 <__clzsi2+0x168>
80000450:	00000097          	auipc	ra,0x0
80000454:	13c080e7          	jalr	316(ra) # 8000058c <rtos_uart_write_line>
80000458:	00002097          	auipc	ra,0x2
8000045c:	57c080e7          	jalr	1404(ra) # 800029d4 <vTaskStartScheduler>
80000460:	80005537          	lui	a0,0x80005
80000464:	e7c50513          	addi	a0,a0,-388 # 80004e7c <__clzsi2+0x17c>
80000468:	00000097          	auipc	ra,0x0
8000046c:	be8080e7          	jalr	-1048(ra) # 80000050 <fatal>
80000470:	80005537          	lui	a0,0x80005
80000474:	e3850513          	addi	a0,a0,-456 # 80004e38 <__clzsi2+0x138>
80000478:	00000097          	auipc	ra,0x0
8000047c:	bd8080e7          	jalr	-1064(ra) # 80000050 <fatal>
80000480:	80005537          	lui	a0,0x80005
80000484:	e2050513          	addi	a0,a0,-480 # 80004e20 <__clzsi2+0x120>
80000488:	00000097          	auipc	ra,0x0
8000048c:	bc8080e7          	jalr	-1080(ra) # 80000050 <fatal>
80000490:	80005537          	lui	a0,0x80005
80000494:	e5050513          	addi	a0,a0,-432 # 80004e50 <__clzsi2+0x150>
80000498:	00000097          	auipc	ra,0x0
8000049c:	bb8080e7          	jalr	-1096(ra) # 80000050 <fatal>

800004a0 <rtos_uart_putc>:
800004a0:	40000737          	lui	a4,0x40000
800004a4:	00470713          	addi	a4,a4,4 # 40000004 <_start-0x3ffffffc>
800004a8:	400006b7          	lui	a3,0x40000
800004ac:	00072783          	lw	a5,0(a4)
800004b0:	0017f793          	andi	a5,a5,1
800004b4:	fe078ce3          	beqz	a5,800004ac <rtos_uart_putc+0xc>
800004b8:	00a6a023          	sw	a0,0(a3) # 40000000 <_start-0x40000000>
800004bc:	00008067          	ret

800004c0 <rtos_uart_write>:
800004c0:	00054783          	lbu	a5,0(a0)
800004c4:	02078e63          	beqz	a5,80000500 <rtos_uart_write+0x40>
800004c8:	40000737          	lui	a4,0x40000
800004cc:	00470713          	addi	a4,a4,4 # 40000004 <_start-0x3ffffffc>
800004d0:	00a00593          	li	a1,10
800004d4:	40000637          	lui	a2,0x40000
800004d8:	00d00813          	li	a6,13
800004dc:	02b78463          	beq	a5,a1,80000504 <rtos_uart_write+0x44>
800004e0:	00054683          	lbu	a3,0(a0)
800004e4:	00072783          	lw	a5,0(a4)
800004e8:	0017f793          	andi	a5,a5,1
800004ec:	fe078ce3          	beqz	a5,800004e4 <rtos_uart_write+0x24>
800004f0:	00d62023          	sw	a3,0(a2) # 40000000 <_start-0x40000000>
800004f4:	00154783          	lbu	a5,1(a0)
800004f8:	00150513          	addi	a0,a0,1
800004fc:	fe0790e3          	bnez	a5,800004dc <rtos_uart_write+0x1c>
80000500:	00008067          	ret
80000504:	00072783          	lw	a5,0(a4)
80000508:	0017f793          	andi	a5,a5,1
8000050c:	fe078ce3          	beqz	a5,80000504 <rtos_uart_write+0x44>
80000510:	01062023          	sw	a6,0(a2)
80000514:	fcdff06f          	j	800004e0 <rtos_uart_write+0x20>

80000518 <rtos_uart_write_hex32>:
80000518:	ff010113          	addi	sp,sp,-16
8000051c:	800057b7          	lui	a5,0x80005
80000520:	00812423          	sw	s0,8(sp)
80000524:	00050413          	mv	s0,a0
80000528:	e9078513          	addi	a0,a5,-368 # 80004e90 <__clzsi2+0x190>
8000052c:	00112623          	sw	ra,12(sp)
80000530:	00000097          	auipc	ra,0x0
80000534:	f90080e7          	jalr	-112(ra) # 800004c0 <rtos_uart_write>
80000538:	800055b7          	lui	a1,0x80005
8000053c:	40000737          	lui	a4,0x40000
80000540:	01858593          	addi	a1,a1,24 # 80005018 <hex.0>
80000544:	00470713          	addi	a4,a4,4 # 40000004 <_start-0x3ffffffc>
80000548:	01c00693          	li	a3,28
8000054c:	40000537          	lui	a0,0x40000
80000550:	00d457b3          	srl	a5,s0,a3
80000554:	00f7f793          	andi	a5,a5,15
80000558:	00f587b3          	add	a5,a1,a5
8000055c:	0007c603          	lbu	a2,0(a5)
80000560:	00072783          	lw	a5,0(a4)
80000564:	0017f793          	andi	a5,a5,1
80000568:	fe078ce3          	beqz	a5,80000560 <rtos_uart_write_hex32+0x48>
8000056c:	00c52023          	sw	a2,0(a0) # 40000000 <_start-0x40000000>
80000570:	00068663          	beqz	a3,8000057c <rtos_uart_write_hex32+0x64>
80000574:	ffc68693          	addi	a3,a3,-4
80000578:	fd9ff06f          	j	80000550 <rtos_uart_write_hex32+0x38>
8000057c:	00c12083          	lw	ra,12(sp)
80000580:	00812403          	lw	s0,8(sp)
80000584:	01010113          	addi	sp,sp,16
80000588:	00008067          	ret

8000058c <rtos_uart_write_line>:
8000058c:	ff010113          	addi	sp,sp,-16
80000590:	00112623          	sw	ra,12(sp)
80000594:	00000097          	auipc	ra,0x0
80000598:	f2c080e7          	jalr	-212(ra) # 800004c0 <rtos_uart_write>
8000059c:	00c12083          	lw	ra,12(sp)
800005a0:	80005537          	lui	a0,0x80005
800005a4:	dd850513          	addi	a0,a0,-552 # 80004dd8 <__clzsi2+0xd8>
800005a8:	01010113          	addi	sp,sp,16
800005ac:	00000317          	auipc	t1,0x0
800005b0:	f1430067          	jr	-236(t1) # 800004c0 <rtos_uart_write>

800005b4 <vAssertCalled>:
800005b4:	fe010113          	addi	sp,sp,-32
800005b8:	01212823          	sw	s2,16(sp)
800005bc:	01312623          	sw	s3,12(sp)
800005c0:	00112e23          	sw	ra,28(sp)
800005c4:	00812c23          	sw	s0,24(sp)
800005c8:	00912a23          	sw	s1,20(sp)
800005cc:	00050993          	mv	s3,a0
800005d0:	00058913          	mv	s2,a1
800005d4:	00008493          	mv	s1,ra
800005d8:	00010413          	mv	s0,sp
800005dc:	30047073          	csrci	mstatus,8
800005e0:	80005537          	lui	a0,0x80005
800005e4:	e9450513          	addi	a0,a0,-364 # 80004e94 <__clzsi2+0x194>
800005e8:	00000097          	auipc	ra,0x0
800005ec:	ed8080e7          	jalr	-296(ra) # 800004c0 <rtos_uart_write>
800005f0:	00098513          	mv	a0,s3
800005f4:	00000097          	auipc	ra,0x0
800005f8:	f24080e7          	jalr	-220(ra) # 80000518 <rtos_uart_write_hex32>
800005fc:	80005537          	lui	a0,0x80005
80000600:	ea850513          	addi	a0,a0,-344 # 80004ea8 <__clzsi2+0x1a8>
80000604:	00000097          	auipc	ra,0x0
80000608:	ebc080e7          	jalr	-324(ra) # 800004c0 <rtos_uart_write>
8000060c:	00090513          	mv	a0,s2
80000610:	00000097          	auipc	ra,0x0
80000614:	f08080e7          	jalr	-248(ra) # 80000518 <rtos_uart_write_hex32>
80000618:	80005537          	lui	a0,0x80005
8000061c:	eb050513          	addi	a0,a0,-336 # 80004eb0 <__clzsi2+0x1b0>
80000620:	00000097          	auipc	ra,0x0
80000624:	ea0080e7          	jalr	-352(ra) # 800004c0 <rtos_uart_write>
80000628:	00048513          	mv	a0,s1
8000062c:	00000097          	auipc	ra,0x0
80000630:	eec080e7          	jalr	-276(ra) # 80000518 <rtos_uart_write_hex32>
80000634:	80005537          	lui	a0,0x80005
80000638:	eb850513          	addi	a0,a0,-328 # 80004eb8 <__clzsi2+0x1b8>
8000063c:	00000097          	auipc	ra,0x0
80000640:	e84080e7          	jalr	-380(ra) # 800004c0 <rtos_uart_write>
80000644:	800057b7          	lui	a5,0x80005
80000648:	1b07a503          	lw	a0,432(a5) # 800051b0 <pxCurrentTCB>
8000064c:	00000097          	auipc	ra,0x0
80000650:	ecc080e7          	jalr	-308(ra) # 80000518 <rtos_uart_write_hex32>
80000654:	80005537          	lui	a0,0x80005
80000658:	ec050513          	addi	a0,a0,-320 # 80004ec0 <__clzsi2+0x1c0>
8000065c:	00000097          	auipc	ra,0x0
80000660:	e64080e7          	jalr	-412(ra) # 800004c0 <rtos_uart_write>
80000664:	00040513          	mv	a0,s0
80000668:	00000097          	auipc	ra,0x0
8000066c:	eb0080e7          	jalr	-336(ra) # 80000518 <rtos_uart_write_hex32>
80000670:	80005537          	lui	a0,0x80005
80000674:	dd850513          	addi	a0,a0,-552 # 80004dd8 <__clzsi2+0xd8>
80000678:	00000097          	auipc	ra,0x0
8000067c:	e48080e7          	jalr	-440(ra) # 800004c0 <rtos_uart_write>
80000680:	00000013          	nop
80000684:	00000013          	nop
80000688:	ff9ff06f          	j	80000680 <vAssertCalled+0xcc>

8000068c <vApplicationGetIdleTaskMemory>:
8000068c:	800067b7          	lui	a5,0x80006
80000690:	eb078793          	addi	a5,a5,-336 # 80005eb0 <idle_tcb>
80000694:	00f52023          	sw	a5,0(a0)
80000698:	04878793          	addi	a5,a5,72
8000069c:	00f5a023          	sw	a5,0(a1)
800006a0:	10000793          	li	a5,256
800006a4:	00f62023          	sw	a5,0(a2)
800006a8:	00008067          	ret

800006ac <vApplicationStackOverflowHook>:
800006ac:	ff010113          	addi	sp,sp,-16
800006b0:	00812423          	sw	s0,8(sp)
800006b4:	00112623          	sw	ra,12(sp)
800006b8:	00058413          	mv	s0,a1
800006bc:	30047073          	csrci	mstatus,8
800006c0:	80005537          	lui	a0,0x80005
800006c4:	ed450513          	addi	a0,a0,-300 # 80004ed4 <__clzsi2+0x1d4>
800006c8:	00000097          	auipc	ra,0x0
800006cc:	df8080e7          	jalr	-520(ra) # 800004c0 <rtos_uart_write>
800006d0:	00040e63          	beqz	s0,800006ec <vApplicationStackOverflowHook+0x40>
800006d4:	00040513          	mv	a0,s0
800006d8:	00000097          	auipc	ra,0x0
800006dc:	eb4080e7          	jalr	-332(ra) # 8000058c <rtos_uart_write_line>
800006e0:	00000013          	nop
800006e4:	00000013          	nop
800006e8:	ff9ff06f          	j	800006e0 <vApplicationStackOverflowHook+0x34>
800006ec:	80005437          	lui	s0,0x80005
800006f0:	ec840413          	addi	s0,s0,-312 # 80004ec8 <__clzsi2+0x1c8>
800006f4:	fe1ff06f          	j	800006d4 <vApplicationStackOverflowHook+0x28>

800006f8 <freertos_risc_v_application_exception_handler>:
800006f8:	fe010113          	addi	sp,sp,-32
800006fc:	01512223          	sw	s5,4(sp)
80000700:	01612023          	sw	s6,0(sp)
80000704:	00112e23          	sw	ra,28(sp)
80000708:	00812c23          	sw	s0,24(sp)
8000070c:	00912a23          	sw	s1,20(sp)
80000710:	01212823          	sw	s2,16(sp)
80000714:	01312623          	sw	s3,12(sp)
80000718:	01412423          	sw	s4,8(sp)
8000071c:	00050b13          	mv	s6,a0
80000720:	00058a93          	mv	s5,a1
80000724:	00010413          	mv	s0,sp
80000728:	34302a73          	csrr	s4,mtval
8000072c:	300029f3          	csrr	s3,mstatus
80000730:	30402973          	csrr	s2,mie
80000734:	344024f3          	csrr	s1,mip
80000738:	30047073          	csrci	mstatus,8
8000073c:	80005537          	lui	a0,0x80005
80000740:	eec50513          	addi	a0,a0,-276 # 80004eec <__clzsi2+0x1ec>
80000744:	00000097          	auipc	ra,0x0
80000748:	d7c080e7          	jalr	-644(ra) # 800004c0 <rtos_uart_write>
8000074c:	000b0513          	mv	a0,s6
80000750:	00000097          	auipc	ra,0x0
80000754:	dc8080e7          	jalr	-568(ra) # 80000518 <rtos_uart_write_hex32>
80000758:	80005537          	lui	a0,0x80005
8000075c:	f0850513          	addi	a0,a0,-248 # 80004f08 <__clzsi2+0x208>
80000760:	00000097          	auipc	ra,0x0
80000764:	d60080e7          	jalr	-672(ra) # 800004c0 <rtos_uart_write>
80000768:	000a8513          	mv	a0,s5
8000076c:	00000097          	auipc	ra,0x0
80000770:	dac080e7          	jalr	-596(ra) # 80000518 <rtos_uart_write_hex32>
80000774:	80005537          	lui	a0,0x80005
80000778:	f1050513          	addi	a0,a0,-240 # 80004f10 <__clzsi2+0x210>
8000077c:	00000097          	auipc	ra,0x0
80000780:	d44080e7          	jalr	-700(ra) # 800004c0 <rtos_uart_write>
80000784:	000a0513          	mv	a0,s4
80000788:	00000097          	auipc	ra,0x0
8000078c:	d90080e7          	jalr	-624(ra) # 80000518 <rtos_uart_write_hex32>
80000790:	80005537          	lui	a0,0x80005
80000794:	f1850513          	addi	a0,a0,-232 # 80004f18 <__clzsi2+0x218>
80000798:	00000097          	auipc	ra,0x0
8000079c:	d28080e7          	jalr	-728(ra) # 800004c0 <rtos_uart_write>
800007a0:	00098513          	mv	a0,s3
800007a4:	00000097          	auipc	ra,0x0
800007a8:	d74080e7          	jalr	-652(ra) # 80000518 <rtos_uart_write_hex32>
800007ac:	80005537          	lui	a0,0x80005
800007b0:	f2450513          	addi	a0,a0,-220 # 80004f24 <__clzsi2+0x224>
800007b4:	00000097          	auipc	ra,0x0
800007b8:	d0c080e7          	jalr	-756(ra) # 800004c0 <rtos_uart_write>
800007bc:	00090513          	mv	a0,s2
800007c0:	00000097          	auipc	ra,0x0
800007c4:	d58080e7          	jalr	-680(ra) # 80000518 <rtos_uart_write_hex32>
800007c8:	80005537          	lui	a0,0x80005
800007cc:	f2c50513          	addi	a0,a0,-212 # 80004f2c <__clzsi2+0x22c>
800007d0:	00000097          	auipc	ra,0x0
800007d4:	cf0080e7          	jalr	-784(ra) # 800004c0 <rtos_uart_write>
800007d8:	00048513          	mv	a0,s1
800007dc:	00000097          	auipc	ra,0x0
800007e0:	d3c080e7          	jalr	-708(ra) # 80000518 <rtos_uart_write_hex32>
800007e4:	80005537          	lui	a0,0x80005
800007e8:	eb850513          	addi	a0,a0,-328 # 80004eb8 <__clzsi2+0x1b8>
800007ec:	00000097          	auipc	ra,0x0
800007f0:	cd4080e7          	jalr	-812(ra) # 800004c0 <rtos_uart_write>
800007f4:	800057b7          	lui	a5,0x80005
800007f8:	1b07a503          	lw	a0,432(a5) # 800051b0 <pxCurrentTCB>
800007fc:	00000097          	auipc	ra,0x0
80000800:	d1c080e7          	jalr	-740(ra) # 80000518 <rtos_uart_write_hex32>
80000804:	80005537          	lui	a0,0x80005
80000808:	ec050513          	addi	a0,a0,-320 # 80004ec0 <__clzsi2+0x1c0>
8000080c:	00000097          	auipc	ra,0x0
80000810:	cb4080e7          	jalr	-844(ra) # 800004c0 <rtos_uart_write>
80000814:	00040513          	mv	a0,s0
80000818:	00000097          	auipc	ra,0x0
8000081c:	d00080e7          	jalr	-768(ra) # 80000518 <rtos_uart_write_hex32>
80000820:	80005537          	lui	a0,0x80005
80000824:	dd850513          	addi	a0,a0,-552 # 80004dd8 <__clzsi2+0xd8>
80000828:	00000097          	auipc	ra,0x0
8000082c:	c98080e7          	jalr	-872(ra) # 800004c0 <rtos_uart_write>
80000830:	00000013          	nop
80000834:	00000013          	nop
80000838:	ff9ff06f          	j	80000830 <freertos_risc_v_application_exception_handler+0x138>

8000083c <freertos_risc_v_application_interrupt_handler>:
8000083c:	fe010113          	addi	sp,sp,-32
80000840:	01612023          	sw	s6,0(sp)
80000844:	00112e23          	sw	ra,28(sp)
80000848:	00812c23          	sw	s0,24(sp)
8000084c:	00912a23          	sw	s1,20(sp)
80000850:	01212823          	sw	s2,16(sp)
80000854:	01312623          	sw	s3,12(sp)
80000858:	01412423          	sw	s4,8(sp)
8000085c:	01512223          	sw	s5,4(sp)
80000860:	00050b13          	mv	s6,a0
80000864:	00010413          	mv	s0,sp
80000868:	34102af3          	csrr	s5,mepc
8000086c:	34302a73          	csrr	s4,mtval
80000870:	300029f3          	csrr	s3,mstatus
80000874:	30402973          	csrr	s2,mie
80000878:	344024f3          	csrr	s1,mip
8000087c:	30047073          	csrci	mstatus,8
80000880:	80005537          	lui	a0,0x80005
80000884:	f3450513          	addi	a0,a0,-204 # 80004f34 <__clzsi2+0x234>
80000888:	00000097          	auipc	ra,0x0
8000088c:	c38080e7          	jalr	-968(ra) # 800004c0 <rtos_uart_write>
80000890:	000b0513          	mv	a0,s6
80000894:	00000097          	auipc	ra,0x0
80000898:	c84080e7          	jalr	-892(ra) # 80000518 <rtos_uart_write_hex32>
8000089c:	80005537          	lui	a0,0x80005
800008a0:	f0850513          	addi	a0,a0,-248 # 80004f08 <__clzsi2+0x208>
800008a4:	00000097          	auipc	ra,0x0
800008a8:	c1c080e7          	jalr	-996(ra) # 800004c0 <rtos_uart_write>
800008ac:	000a8513          	mv	a0,s5
800008b0:	00000097          	auipc	ra,0x0
800008b4:	c68080e7          	jalr	-920(ra) # 80000518 <rtos_uart_write_hex32>
800008b8:	80005537          	lui	a0,0x80005
800008bc:	f1050513          	addi	a0,a0,-240 # 80004f10 <__clzsi2+0x210>
800008c0:	00000097          	auipc	ra,0x0
800008c4:	c00080e7          	jalr	-1024(ra) # 800004c0 <rtos_uart_write>
800008c8:	000a0513          	mv	a0,s4
800008cc:	00000097          	auipc	ra,0x0
800008d0:	c4c080e7          	jalr	-948(ra) # 80000518 <rtos_uart_write_hex32>
800008d4:	80005537          	lui	a0,0x80005
800008d8:	f1850513          	addi	a0,a0,-232 # 80004f18 <__clzsi2+0x218>
800008dc:	00000097          	auipc	ra,0x0
800008e0:	be4080e7          	jalr	-1052(ra) # 800004c0 <rtos_uart_write>
800008e4:	00098513          	mv	a0,s3
800008e8:	00000097          	auipc	ra,0x0
800008ec:	c30080e7          	jalr	-976(ra) # 80000518 <rtos_uart_write_hex32>
800008f0:	80005537          	lui	a0,0x80005
800008f4:	f2450513          	addi	a0,a0,-220 # 80004f24 <__clzsi2+0x224>
800008f8:	00000097          	auipc	ra,0x0
800008fc:	bc8080e7          	jalr	-1080(ra) # 800004c0 <rtos_uart_write>
80000900:	00090513          	mv	a0,s2
80000904:	00000097          	auipc	ra,0x0
80000908:	c14080e7          	jalr	-1004(ra) # 80000518 <rtos_uart_write_hex32>
8000090c:	80005537          	lui	a0,0x80005
80000910:	f2c50513          	addi	a0,a0,-212 # 80004f2c <__clzsi2+0x22c>
80000914:	00000097          	auipc	ra,0x0
80000918:	bac080e7          	jalr	-1108(ra) # 800004c0 <rtos_uart_write>
8000091c:	00048513          	mv	a0,s1
80000920:	00000097          	auipc	ra,0x0
80000924:	bf8080e7          	jalr	-1032(ra) # 80000518 <rtos_uart_write_hex32>
80000928:	80005537          	lui	a0,0x80005
8000092c:	eb850513          	addi	a0,a0,-328 # 80004eb8 <__clzsi2+0x1b8>
80000930:	00000097          	auipc	ra,0x0
80000934:	b90080e7          	jalr	-1136(ra) # 800004c0 <rtos_uart_write>
80000938:	800057b7          	lui	a5,0x80005
8000093c:	1b07a503          	lw	a0,432(a5) # 800051b0 <pxCurrentTCB>
80000940:	00000097          	auipc	ra,0x0
80000944:	bd8080e7          	jalr	-1064(ra) # 80000518 <rtos_uart_write_hex32>
80000948:	80005537          	lui	a0,0x80005
8000094c:	ec050513          	addi	a0,a0,-320 # 80004ec0 <__clzsi2+0x1c0>
80000950:	00000097          	auipc	ra,0x0
80000954:	b70080e7          	jalr	-1168(ra) # 800004c0 <rtos_uart_write>
80000958:	00040513          	mv	a0,s0
8000095c:	00000097          	auipc	ra,0x0
80000960:	bbc080e7          	jalr	-1092(ra) # 80000518 <rtos_uart_write_hex32>
80000964:	80005537          	lui	a0,0x80005
80000968:	dd850513          	addi	a0,a0,-552 # 80004dd8 <__clzsi2+0xd8>
8000096c:	00000097          	auipc	ra,0x0
80000970:	b54080e7          	jalr	-1196(ra) # 800004c0 <rtos_uart_write>
80000974:	00000013          	nop
80000978:	00000013          	nop
8000097c:	ff9ff06f          	j	80000974 <freertos_risc_v_application_interrupt_handler+0x138>

80000980 <memset>:
80000980:	00050793          	mv	a5,a0
80000984:	00c50733          	add	a4,a0,a2
80000988:	00060863          	beqz	a2,80000998 <memset+0x18>
8000098c:	00b78023          	sb	a1,0(a5)
80000990:	00178793          	addi	a5,a5,1
80000994:	fee79ce3          	bne	a5,a4,8000098c <memset+0xc>
80000998:	00008067          	ret

8000099c <memcpy>:
8000099c:	02060063          	beqz	a2,800009bc <memcpy+0x20>
800009a0:	00c58633          	add	a2,a1,a2
800009a4:	00050793          	mv	a5,a0
800009a8:	0005c703          	lbu	a4,0(a1)
800009ac:	00158593          	addi	a1,a1,1
800009b0:	00178793          	addi	a5,a5,1
800009b4:	fee78fa3          	sb	a4,-1(a5)
800009b8:	fec598e3          	bne	a1,a2,800009a8 <memcpy+0xc>
800009bc:	00008067          	ret

800009c0 <memmove>:
800009c0:	04b50263          	beq	a0,a1,80000a04 <memmove+0x44>
800009c4:	04060063          	beqz	a2,80000a04 <memmove+0x44>
800009c8:	02b57263          	bgeu	a0,a1,800009ec <memmove+0x2c>
800009cc:	00000793          	li	a5,0
800009d0:	00f58733          	add	a4,a1,a5
800009d4:	00074683          	lbu	a3,0(a4)
800009d8:	00f50733          	add	a4,a0,a5
800009dc:	00178793          	addi	a5,a5,1
800009e0:	00d70023          	sb	a3,0(a4)
800009e4:	fec7e6e3          	bltu	a5,a2,800009d0 <memmove+0x10>
800009e8:	00008067          	ret
800009ec:	fff60613          	addi	a2,a2,-1
800009f0:	00c587b3          	add	a5,a1,a2
800009f4:	0007c703          	lbu	a4,0(a5)
800009f8:	00c507b3          	add	a5,a0,a2
800009fc:	00e78023          	sb	a4,0(a5)
80000a00:	fe0616e3          	bnez	a2,800009ec <memmove+0x2c>
80000a04:	00008067          	ret

80000a08 <memcmp>:
80000a08:	02060663          	beqz	a2,80000a34 <memcmp+0x2c>
80000a0c:	00c50633          	add	a2,a0,a2
80000a10:	0080006f          	j	80000a18 <memcmp+0x10>
80000a14:	02c50063          	beq	a0,a2,80000a34 <memcmp+0x2c>
80000a18:	00054783          	lbu	a5,0(a0)
80000a1c:	0005c703          	lbu	a4,0(a1)
80000a20:	00150513          	addi	a0,a0,1
80000a24:	00158593          	addi	a1,a1,1
80000a28:	fee786e3          	beq	a5,a4,80000a14 <memcmp+0xc>
80000a2c:	40e78533          	sub	a0,a5,a4
80000a30:	00008067          	ret
80000a34:	00000513          	li	a0,0
80000a38:	00008067          	ret

80000a3c <strlen>:
80000a3c:	00054783          	lbu	a5,0(a0)
80000a40:	00078c63          	beqz	a5,80000a58 <strlen+0x1c>
80000a44:	00000793          	li	a5,0
80000a48:	00178793          	addi	a5,a5,1
80000a4c:	00f50733          	add	a4,a0,a5
80000a50:	00074703          	lbu	a4,0(a4)
80000a54:	fe071ae3          	bnez	a4,80000a48 <strlen+0xc>
80000a58:	00078513          	mv	a0,a5
80000a5c:	00008067          	ret

80000a60 <vListInitialise>:
80000a60:	00850793          	addi	a5,a0,8
80000a64:	fff00713          	li	a4,-1
80000a68:	00052023          	sw	zero,0(a0)
80000a6c:	00e52423          	sw	a4,8(a0)
80000a70:	00f52223          	sw	a5,4(a0)
80000a74:	00f52623          	sw	a5,12(a0)
80000a78:	00f52823          	sw	a5,16(a0)
80000a7c:	00008067          	ret

80000a80 <vListInitialiseItem>:
80000a80:	00052823          	sw	zero,16(a0)
80000a84:	00008067          	ret

80000a88 <vListInsertEnd>:
80000a88:	00452703          	lw	a4,4(a0)
80000a8c:	00052783          	lw	a5,0(a0)
80000a90:	00872683          	lw	a3,8(a4)
80000a94:	00e5a223          	sw	a4,4(a1)
80000a98:	00178793          	addi	a5,a5,1
80000a9c:	00d5a423          	sw	a3,8(a1)
80000aa0:	00b6a223          	sw	a1,4(a3)
80000aa4:	00b72423          	sw	a1,8(a4)
80000aa8:	00a5a823          	sw	a0,16(a1)
80000aac:	00f52023          	sw	a5,0(a0)
80000ab0:	00008067          	ret

80000ab4 <vListInsert>:
80000ab4:	0005a603          	lw	a2,0(a1)
80000ab8:	fff00713          	li	a4,-1
80000abc:	00850793          	addi	a5,a0,8
80000ac0:	02e60c63          	beq	a2,a4,80000af8 <vListInsert+0x44>
80000ac4:	00078693          	mv	a3,a5
80000ac8:	0047a783          	lw	a5,4(a5)
80000acc:	0007a703          	lw	a4,0(a5)
80000ad0:	fee67ae3          	bgeu	a2,a4,80000ac4 <vListInsert+0x10>
80000ad4:	00f5a223          	sw	a5,4(a1)
80000ad8:	00b7a423          	sw	a1,8(a5)
80000adc:	00052783          	lw	a5,0(a0)
80000ae0:	00d5a423          	sw	a3,8(a1)
80000ae4:	00b6a223          	sw	a1,4(a3)
80000ae8:	00a5a823          	sw	a0,16(a1)
80000aec:	00178793          	addi	a5,a5,1
80000af0:	00f52023          	sw	a5,0(a0)
80000af4:	00008067          	ret
80000af8:	01052683          	lw	a3,16(a0)
80000afc:	0046a783          	lw	a5,4(a3)
80000b00:	fd5ff06f          	j	80000ad4 <vListInsert+0x20>

80000b04 <uxListRemove>:
80000b04:	01052703          	lw	a4,16(a0)
80000b08:	00452683          	lw	a3,4(a0)
80000b0c:	00852783          	lw	a5,8(a0)
80000b10:	00472603          	lw	a2,4(a4)
80000b14:	00f6a423          	sw	a5,8(a3)
80000b18:	00d7a223          	sw	a3,4(a5)
80000b1c:	00a60c63          	beq	a2,a0,80000b34 <uxListRemove+0x30>
80000b20:	00072783          	lw	a5,0(a4)
80000b24:	00052823          	sw	zero,16(a0)
80000b28:	fff78513          	addi	a0,a5,-1
80000b2c:	00a72023          	sw	a0,0(a4)
80000b30:	00008067          	ret
80000b34:	00f72223          	sw	a5,4(a4)
80000b38:	00072783          	lw	a5,0(a4)
80000b3c:	00052823          	sw	zero,16(a0)
80000b40:	fff78513          	addi	a0,a5,-1
80000b44:	00a72023          	sw	a0,0(a4)
80000b48:	00008067          	ret

80000b4c <prvUnlockQueue>:
80000b4c:	fe010113          	addi	sp,sp,-32
80000b50:	00912a23          	sw	s1,20(sp)
80000b54:	00112e23          	sw	ra,28(sp)
80000b58:	00812c23          	sw	s0,24(sp)
80000b5c:	01212823          	sw	s2,16(sp)
80000b60:	00050493          	mv	s1,a0
80000b64:	30047073          	csrci	mstatus,8
80000b68:	80005937          	lui	s2,0x80005
80000b6c:	16892783          	lw	a5,360(s2) # 80005168 <xCriticalNesting>
80000b70:	04554403          	lbu	s0,69(a0)
80000b74:	00178713          	addi	a4,a5,1
80000b78:	01841413          	slli	s0,s0,0x18
80000b7c:	41845413          	srai	s0,s0,0x18
80000b80:	16e92423          	sw	a4,360(s2)
80000b84:	00804a63          	bgtz	s0,80000b98 <prvUnlockQueue+0x4c>
80000b88:	0440006f          	j	80000bcc <prvUnlockQueue+0x80>
80000b8c:	fff40413          	addi	s0,s0,-1
80000b90:	0ff47413          	zext.b	s0,s0
80000b94:	02040863          	beqz	s0,80000bc4 <prvUnlockQueue+0x78>
80000b98:	0244a783          	lw	a5,36(s1)
80000b9c:	02448513          	addi	a0,s1,36
80000ba0:	02078263          	beqz	a5,80000bc4 <prvUnlockQueue+0x78>
80000ba4:	00002097          	auipc	ra,0x2
80000ba8:	680080e7          	jalr	1664(ra) # 80003224 <xTaskRemoveFromEventList>
80000bac:	fe0500e3          	beqz	a0,80000b8c <prvUnlockQueue+0x40>
80000bb0:	fff40413          	addi	s0,s0,-1
80000bb4:	0ff47413          	zext.b	s0,s0
80000bb8:	00003097          	auipc	ra,0x3
80000bbc:	b0c080e7          	jalr	-1268(ra) # 800036c4 <vTaskMissedYield>
80000bc0:	fc041ce3          	bnez	s0,80000b98 <prvUnlockQueue+0x4c>
80000bc4:	16892783          	lw	a5,360(s2)
80000bc8:	fff78793          	addi	a5,a5,-1
80000bcc:	fff00713          	li	a4,-1
80000bd0:	16f92423          	sw	a5,360(s2)
80000bd4:	04e482a3          	sb	a4,69(s1)
80000bd8:	00079463          	bnez	a5,80000be0 <prvUnlockQueue+0x94>
80000bdc:	30046073          	csrsi	mstatus,8
80000be0:	30047073          	csrci	mstatus,8
80000be4:	16892783          	lw	a5,360(s2)
80000be8:	0444c403          	lbu	s0,68(s1)
80000bec:	00178713          	addi	a4,a5,1
80000bf0:	01841413          	slli	s0,s0,0x18
80000bf4:	41845413          	srai	s0,s0,0x18
80000bf8:	16e92423          	sw	a4,360(s2)
80000bfc:	00804a63          	bgtz	s0,80000c10 <prvUnlockQueue+0xc4>
80000c00:	0440006f          	j	80000c44 <prvUnlockQueue+0xf8>
80000c04:	fff40413          	addi	s0,s0,-1
80000c08:	0ff47413          	zext.b	s0,s0
80000c0c:	02040863          	beqz	s0,80000c3c <prvUnlockQueue+0xf0>
80000c10:	0104a783          	lw	a5,16(s1)
80000c14:	01048513          	addi	a0,s1,16
80000c18:	02078263          	beqz	a5,80000c3c <prvUnlockQueue+0xf0>
80000c1c:	00002097          	auipc	ra,0x2
80000c20:	608080e7          	jalr	1544(ra) # 80003224 <xTaskRemoveFromEventList>
80000c24:	fe0500e3          	beqz	a0,80000c04 <prvUnlockQueue+0xb8>
80000c28:	fff40413          	addi	s0,s0,-1
80000c2c:	0ff47413          	zext.b	s0,s0
80000c30:	00003097          	auipc	ra,0x3
80000c34:	a94080e7          	jalr	-1388(ra) # 800036c4 <vTaskMissedYield>
80000c38:	fc041ce3          	bnez	s0,80000c10 <prvUnlockQueue+0xc4>
80000c3c:	16892783          	lw	a5,360(s2)
80000c40:	fff78793          	addi	a5,a5,-1
80000c44:	fff00713          	li	a4,-1
80000c48:	16f92423          	sw	a5,360(s2)
80000c4c:	04e48223          	sb	a4,68(s1)
80000c50:	00079463          	bnez	a5,80000c58 <prvUnlockQueue+0x10c>
80000c54:	30046073          	csrsi	mstatus,8
80000c58:	01c12083          	lw	ra,28(sp)
80000c5c:	01812403          	lw	s0,24(sp)
80000c60:	01412483          	lw	s1,20(sp)
80000c64:	01012903          	lw	s2,16(sp)
80000c68:	02010113          	addi	sp,sp,32
80000c6c:	00008067          	ret

80000c70 <prvCopyDataToQueue.isra.0>:
80000c70:	04052803          	lw	a6,64(a0)
80000c74:	03852703          	lw	a4,56(a0)
80000c78:	00050793          	mv	a5,a0
80000c7c:	06080263          	beqz	a6,80000ce0 <prvCopyDataToQueue.isra.0+0x70>
80000c80:	fe010113          	addi	sp,sp,-32
80000c84:	00112e23          	sw	ra,28(sp)
80000c88:	06061263          	bnez	a2,80000cec <prvCopyDataToQueue.isra.0+0x7c>
80000c8c:	00452503          	lw	a0,4(a0)
80000c90:	00080613          	mv	a2,a6
80000c94:	00e12423          	sw	a4,8(sp)
80000c98:	00f12223          	sw	a5,4(sp)
80000c9c:	00000097          	auipc	ra,0x0
80000ca0:	d00080e7          	jalr	-768(ra) # 8000099c <memcpy>
80000ca4:	00412783          	lw	a5,4(sp)
80000ca8:	00812703          	lw	a4,8(sp)
80000cac:	0047a683          	lw	a3,4(a5)
80000cb0:	0407a583          	lw	a1,64(a5)
80000cb4:	0087a603          	lw	a2,8(a5)
80000cb8:	00b686b3          	add	a3,a3,a1
80000cbc:	00d7a223          	sw	a3,4(a5)
80000cc0:	00c6e663          	bltu	a3,a2,80000ccc <prvCopyDataToQueue.isra.0+0x5c>
80000cc4:	0007a683          	lw	a3,0(a5)
80000cc8:	00d7a223          	sw	a3,4(a5)
80000ccc:	01c12083          	lw	ra,28(sp)
80000cd0:	00170713          	addi	a4,a4,1
80000cd4:	02e7ac23          	sw	a4,56(a5)
80000cd8:	02010113          	addi	sp,sp,32
80000cdc:	00008067          	ret
80000ce0:	00170713          	addi	a4,a4,1
80000ce4:	02e52c23          	sw	a4,56(a0)
80000ce8:	00008067          	ret
80000cec:	00c52503          	lw	a0,12(a0)
80000cf0:	00c12623          	sw	a2,12(sp)
80000cf4:	00080613          	mv	a2,a6
80000cf8:	00e12423          	sw	a4,8(sp)
80000cfc:	00f12223          	sw	a5,4(sp)
80000d00:	00000097          	auipc	ra,0x0
80000d04:	c9c080e7          	jalr	-868(ra) # 8000099c <memcpy>
80000d08:	00412783          	lw	a5,4(sp)
80000d0c:	00812703          	lw	a4,8(sp)
80000d10:	00c12683          	lw	a3,12(sp)
80000d14:	00c7a603          	lw	a2,12(a5)
80000d18:	0407a583          	lw	a1,64(a5)
80000d1c:	0007a503          	lw	a0,0(a5)
80000d20:	40b60633          	sub	a2,a2,a1
80000d24:	00c7a623          	sw	a2,12(a5)
80000d28:	00a67863          	bgeu	a2,a0,80000d38 <prvCopyDataToQueue.isra.0+0xc8>
80000d2c:	0087a603          	lw	a2,8(a5)
80000d30:	40b60633          	sub	a2,a2,a1
80000d34:	00c7a623          	sw	a2,12(a5)
80000d38:	00200613          	li	a2,2
80000d3c:	f8c698e3          	bne	a3,a2,80000ccc <prvCopyDataToQueue.isra.0+0x5c>
80000d40:	00e036b3          	snez	a3,a4
80000d44:	40d70733          	sub	a4,a4,a3
80000d48:	f85ff06f          	j	80000ccc <prvCopyDataToQueue.isra.0+0x5c>

80000d4c <xQueueGenericReset>:
80000d4c:	fe010113          	addi	sp,sp,-32
80000d50:	00112e23          	sw	ra,28(sp)
80000d54:	0e050263          	beqz	a0,80000e38 <xQueueGenericReset+0xec>
80000d58:	03c52703          	lw	a4,60(a0)
80000d5c:	00050793          	mv	a5,a0
80000d60:	02071463          	bnez	a4,80000d88 <xQueueGenericReset+0x3c>
80000d64:	800057b7          	lui	a5,0x80005
80000d68:	f5878513          	addi	a0,a5,-168 # 80004f58 <__clzsi2+0x258>
80000d6c:	16c00593          	li	a1,364
80000d70:	00000097          	auipc	ra,0x0
80000d74:	844080e7          	jalr	-1980(ra) # 800005b4 <vAssertCalled>
80000d78:	01c12083          	lw	ra,28(sp)
80000d7c:	00000513          	li	a0,0
80000d80:	02010113          	addi	sp,sp,32
80000d84:	00008067          	ret
80000d88:	04052683          	lw	a3,64(a0)
80000d8c:	02d73733          	mulhu	a4,a4,a3
80000d90:	fc071ae3          	bnez	a4,80000d64 <xQueueGenericReset+0x18>
80000d94:	30047073          	csrci	mstatus,8
80000d98:	04052503          	lw	a0,64(a0)
80000d9c:	03c7a703          	lw	a4,60(a5)
80000da0:	80005837          	lui	a6,0x80005
80000da4:	0007a683          	lw	a3,0(a5)
80000da8:	02e50733          	mul	a4,a0,a4
80000dac:	16882603          	lw	a2,360(a6) # 80005168 <xCriticalNesting>
80000db0:	0207ac23          	sw	zero,56(a5)
80000db4:	fff00893          	li	a7,-1
80000db8:	00160313          	addi	t1,a2,1
80000dbc:	05178223          	sb	a7,68(a5)
80000dc0:	00d7a223          	sw	a3,4(a5)
80000dc4:	16682423          	sw	t1,360(a6)
80000dc8:	051782a3          	sb	a7,69(a5)
80000dcc:	40a70533          	sub	a0,a4,a0
80000dd0:	00e68733          	add	a4,a3,a4
80000dd4:	00a686b3          	add	a3,a3,a0
80000dd8:	00e7a423          	sw	a4,8(a5)
80000ddc:	00d7a623          	sw	a3,12(a5)
80000de0:	02059463          	bnez	a1,80000e08 <xQueueGenericReset+0xbc>
80000de4:	0107a703          	lw	a4,16(a5)
80000de8:	06071863          	bnez	a4,80000e58 <xQueueGenericReset+0x10c>
80000dec:	16c82423          	sw	a2,360(a6)
80000df0:	00061463          	bnez	a2,80000df8 <xQueueGenericReset+0xac>
80000df4:	30046073          	csrsi	mstatus,8
80000df8:	01c12083          	lw	ra,28(sp)
80000dfc:	00100513          	li	a0,1
80000e00:	02010113          	addi	sp,sp,32
80000e04:	00008067          	ret
80000e08:	01078513          	addi	a0,a5,16
80000e0c:	00f12623          	sw	a5,12(sp)
80000e10:	00000097          	auipc	ra,0x0
80000e14:	c50080e7          	jalr	-944(ra) # 80000a60 <vListInitialise>
80000e18:	00c12783          	lw	a5,12(sp)
80000e1c:	02478513          	addi	a0,a5,36
80000e20:	00000097          	auipc	ra,0x0
80000e24:	c40080e7          	jalr	-960(ra) # 80000a60 <vListInitialise>
80000e28:	80005837          	lui	a6,0x80005
80000e2c:	16882603          	lw	a2,360(a6) # 80005168 <xCriticalNesting>
80000e30:	fff60613          	addi	a2,a2,-1
80000e34:	fb9ff06f          	j	80000dec <xQueueGenericReset+0xa0>
80000e38:	800057b7          	lui	a5,0x80005
80000e3c:	f5878513          	addi	a0,a5,-168 # 80004f58 <__clzsi2+0x258>
80000e40:	13700593          	li	a1,311
80000e44:	00f12623          	sw	a5,12(sp)
80000e48:	fffff097          	auipc	ra,0xfffff
80000e4c:	76c080e7          	jalr	1900(ra) # 800005b4 <vAssertCalled>
80000e50:	00c12783          	lw	a5,12(sp)
80000e54:	f15ff06f          	j	80000d68 <xQueueGenericReset+0x1c>
80000e58:	01078513          	addi	a0,a5,16
80000e5c:	00002097          	auipc	ra,0x2
80000e60:	3c8080e7          	jalr	968(ra) # 80003224 <xTaskRemoveFromEventList>
80000e64:	80005837          	lui	a6,0x80005
80000e68:	fc0502e3          	beqz	a0,80000e2c <xQueueGenericReset+0xe0>
80000e6c:	00000073          	ecall
80000e70:	16882603          	lw	a2,360(a6) # 80005168 <xCriticalNesting>
80000e74:	fff60613          	addi	a2,a2,-1
80000e78:	f75ff06f          	j	80000dec <xQueueGenericReset+0xa0>

80000e7c <xQueueGenericCreateStatic>:
80000e7c:	fd010113          	addi	sp,sp,-48
80000e80:	02112623          	sw	ra,44(sp)
80000e84:	0c068263          	beqz	a3,80000f48 <xQueueGenericCreateStatic+0xcc>
80000e88:	00050713          	mv	a4,a0
80000e8c:	08050c63          	beqz	a0,80000f24 <xQueueGenericCreateStatic+0xa8>
80000e90:	00058793          	mv	a5,a1
80000e94:	08060663          	beqz	a2,80000f20 <xQueueGenericCreateStatic+0xa4>
80000e98:	08058663          	beqz	a1,80000f24 <xQueueGenericCreateStatic+0xa8>
80000e9c:	08060263          	beqz	a2,80000f20 <xQueueGenericCreateStatic+0xa4>
80000ea0:	04800593          	li	a1,72
80000ea4:	00b12e23          	sw	a1,28(sp)
80000ea8:	01c12503          	lw	a0,28(sp)
80000eac:	02b50c63          	beq	a0,a1,80000ee4 <xQueueGenericCreateStatic+0x68>
80000eb0:	80005537          	lui	a0,0x80005
80000eb4:	f5850513          	addi	a0,a0,-168 # 80004f58 <__clzsi2+0x258>
80000eb8:	19600593          	li	a1,406
80000ebc:	00d12623          	sw	a3,12(sp)
80000ec0:	00f12423          	sw	a5,8(sp)
80000ec4:	00e12223          	sw	a4,4(sp)
80000ec8:	00c12023          	sw	a2,0(sp)
80000ecc:	fffff097          	auipc	ra,0xfffff
80000ed0:	6e8080e7          	jalr	1768(ra) # 800005b4 <vAssertCalled>
80000ed4:	00c12683          	lw	a3,12(sp)
80000ed8:	00812783          	lw	a5,8(sp)
80000edc:	00412703          	lw	a4,4(sp)
80000ee0:	00012603          	lw	a2,0(sp)
80000ee4:	01c12583          	lw	a1,28(sp)
80000ee8:	00079463          	bnez	a5,80000ef0 <xQueueGenericCreateStatic+0x74>
80000eec:	00068613          	mv	a2,a3
80000ef0:	00c6a023          	sw	a2,0(a3)
80000ef4:	02e6ae23          	sw	a4,60(a3)
80000ef8:	04f6a023          	sw	a5,64(a3)
80000efc:	00100593          	li	a1,1
80000f00:	00068513          	mv	a0,a3
80000f04:	00d12023          	sw	a3,0(sp)
80000f08:	00000097          	auipc	ra,0x0
80000f0c:	e44080e7          	jalr	-444(ra) # 80000d4c <xQueueGenericReset>
80000f10:	02c12083          	lw	ra,44(sp)
80000f14:	00012503          	lw	a0,0(sp)
80000f18:	03010113          	addi	sp,sp,48
80000f1c:	00008067          	ret
80000f20:	f80780e3          	beqz	a5,80000ea0 <xQueueGenericCreateStatic+0x24>
80000f24:	800057b7          	lui	a5,0x80005
80000f28:	f5878513          	addi	a0,a5,-168 # 80004f58 <__clzsi2+0x258>
80000f2c:	1b000593          	li	a1,432
80000f30:	fffff097          	auipc	ra,0xfffff
80000f34:	684080e7          	jalr	1668(ra) # 800005b4 <vAssertCalled>
80000f38:	02c12083          	lw	ra,44(sp)
80000f3c:	00000513          	li	a0,0
80000f40:	03010113          	addi	sp,sp,48
80000f44:	00008067          	ret
80000f48:	800057b7          	lui	a5,0x80005
80000f4c:	f5878513          	addi	a0,a5,-168 # 80004f58 <__clzsi2+0x258>
80000f50:	18400593          	li	a1,388
80000f54:	00f12023          	sw	a5,0(sp)
80000f58:	fffff097          	auipc	ra,0xfffff
80000f5c:	65c080e7          	jalr	1628(ra) # 800005b4 <vAssertCalled>
80000f60:	00012783          	lw	a5,0(sp)
80000f64:	fc5ff06f          	j	80000f28 <xQueueGenericCreateStatic+0xac>

80000f68 <xQueueGenericGetStaticBuffers>:
80000f68:	fe010113          	addi	sp,sp,-32
80000f6c:	00112e23          	sw	ra,28(sp)
80000f70:	00050793          	mv	a5,a0
80000f74:	00058713          	mv	a4,a1
80000f78:	04050c63          	beqz	a0,80000fd0 <xQueueGenericGetStaticBuffers+0x68>
80000f7c:	02060263          	beqz	a2,80000fa0 <xQueueGenericGetStaticBuffers+0x38>
80000f80:	00070663          	beqz	a4,80000f8c <xQueueGenericGetStaticBuffers+0x24>
80000f84:	0007a683          	lw	a3,0(a5)
80000f88:	00d72023          	sw	a3,0(a4)
80000f8c:	01c12083          	lw	ra,28(sp)
80000f90:	00f62023          	sw	a5,0(a2)
80000f94:	00100513          	li	a0,1
80000f98:	02010113          	addi	sp,sp,32
80000f9c:	00008067          	ret
80000fa0:	80005537          	lui	a0,0x80005
80000fa4:	f5850513          	addi	a0,a0,-168 # 80004f58 <__clzsi2+0x258>
80000fa8:	1c800593          	li	a1,456
80000fac:	00c12623          	sw	a2,12(sp)
80000fb0:	00e12423          	sw	a4,8(sp)
80000fb4:	00f12223          	sw	a5,4(sp)
80000fb8:	fffff097          	auipc	ra,0xfffff
80000fbc:	5fc080e7          	jalr	1532(ra) # 800005b4 <vAssertCalled>
80000fc0:	00c12603          	lw	a2,12(sp)
80000fc4:	00812703          	lw	a4,8(sp)
80000fc8:	00412783          	lw	a5,4(sp)
80000fcc:	fb5ff06f          	j	80000f80 <xQueueGenericGetStaticBuffers+0x18>
80000fd0:	00a12223          	sw	a0,4(sp)
80000fd4:	80005537          	lui	a0,0x80005
80000fd8:	00b12423          	sw	a1,8(sp)
80000fdc:	f5850513          	addi	a0,a0,-168 # 80004f58 <__clzsi2+0x258>
80000fe0:	1c700593          	li	a1,455
80000fe4:	00c12623          	sw	a2,12(sp)
80000fe8:	fffff097          	auipc	ra,0xfffff
80000fec:	5cc080e7          	jalr	1484(ra) # 800005b4 <vAssertCalled>
80000ff0:	00c12603          	lw	a2,12(sp)
80000ff4:	00812703          	lw	a4,8(sp)
80000ff8:	00412783          	lw	a5,4(sp)
80000ffc:	f80612e3          	bnez	a2,80000f80 <xQueueGenericGetStaticBuffers+0x18>
80001000:	fa1ff06f          	j	80000fa0 <xQueueGenericGetStaticBuffers+0x38>

80001004 <xQueueGenericSend>:
80001004:	fc010113          	addi	sp,sp,-64
80001008:	02812c23          	sw	s0,56(sp)
8000100c:	03412423          	sw	s4,40(sp)
80001010:	03512223          	sw	s5,36(sp)
80001014:	02112e23          	sw	ra,60(sp)
80001018:	02912a23          	sw	s1,52(sp)
8000101c:	00c12623          	sw	a2,12(sp)
80001020:	00050413          	mv	s0,a0
80001024:	00058a93          	mv	s5,a1
80001028:	00068a13          	mv	s4,a3
8000102c:	24050663          	beqz	a0,80001278 <xQueueGenericSend+0x274>
80001030:	200a8463          	beqz	s5,80001238 <xQueueGenericSend+0x234>
80001034:	00200793          	li	a5,2
80001038:	1cfa0e63          	beq	s4,a5,80001214 <xQueueGenericSend+0x210>
8000103c:	00002097          	auipc	ra,0x2
80001040:	698080e7          	jalr	1688(ra) # 800036d4 <xTaskGetSchedulerState>
80001044:	00051663          	bnez	a0,80001050 <xQueueGenericSend+0x4c>
80001048:	00c12783          	lw	a5,12(sp)
8000104c:	24079e63          	bnez	a5,800012a8 <xQueueGenericSend+0x2a4>
80001050:	30047073          	csrci	mstatus,8
80001054:	800054b7          	lui	s1,0x80005
80001058:	1684a783          	lw	a5,360(s1) # 80005168 <xCriticalNesting>
8000105c:	03842683          	lw	a3,56(s0)
80001060:	03c42703          	lw	a4,60(s0)
80001064:	00178613          	addi	a2,a5,1
80001068:	16c4a423          	sw	a2,360(s1)
8000106c:	14e6ea63          	bltu	a3,a4,800011c0 <xQueueGenericSend+0x1bc>
80001070:	ffea0713          	addi	a4,s4,-2
80001074:	14070663          	beqz	a4,800011c0 <xQueueGenericSend+0x1bc>
80001078:	00c12703          	lw	a4,12(sp)
8000107c:	03212823          	sw	s2,48(sp)
80001080:	0c070663          	beqz	a4,8000114c <xQueueGenericSend+0x148>
80001084:	01810513          	addi	a0,sp,24
80001088:	00002097          	auipc	ra,0x2
8000108c:	534080e7          	jalr	1332(ra) # 800035bc <vTaskInternalSetTimeOutState>
80001090:	fff00913          	li	s2,-1
80001094:	1684a783          	lw	a5,360(s1)
80001098:	fff78793          	addi	a5,a5,-1
8000109c:	16f4a423          	sw	a5,360(s1)
800010a0:	00079463          	bnez	a5,800010a8 <xQueueGenericSend+0xa4>
800010a4:	30046073          	csrsi	mstatus,8
800010a8:	00002097          	auipc	ra,0x2
800010ac:	9f4080e7          	jalr	-1548(ra) # 80002a9c <vTaskSuspendAll>
800010b0:	30047073          	csrci	mstatus,8
800010b4:	04444783          	lbu	a5,68(s0)
800010b8:	1684a703          	lw	a4,360(s1)
800010bc:	01879793          	slli	a5,a5,0x18
800010c0:	4187d793          	srai	a5,a5,0x18
800010c4:	01279463          	bne	a5,s2,800010cc <xQueueGenericSend+0xc8>
800010c8:	04040223          	sb	zero,68(s0)
800010cc:	04544783          	lbu	a5,69(s0)
800010d0:	01879793          	slli	a5,a5,0x18
800010d4:	4187d793          	srai	a5,a5,0x18
800010d8:	0b278263          	beq	a5,s2,8000117c <xQueueGenericSend+0x178>
800010dc:	00071463          	bnez	a4,800010e4 <xQueueGenericSend+0xe0>
800010e0:	30046073          	csrsi	mstatus,8
800010e4:	00c10593          	addi	a1,sp,12
800010e8:	01810513          	addi	a0,sp,24
800010ec:	00002097          	auipc	ra,0x2
800010f0:	4ec080e7          	jalr	1260(ra) # 800035d8 <xTaskCheckForTimeOut>
800010f4:	16051263          	bnez	a0,80001258 <xQueueGenericSend+0x254>
800010f8:	30047073          	csrci	mstatus,8
800010fc:	03842683          	lw	a3,56(s0)
80001100:	03c42703          	lw	a4,60(s0)
80001104:	1684a783          	lw	a5,360(s1)
80001108:	06e68e63          	beq	a3,a4,80001184 <xQueueGenericSend+0x180>
8000110c:	00079463          	bnez	a5,80001114 <xQueueGenericSend+0x110>
80001110:	30046073          	csrsi	mstatus,8
80001114:	00040513          	mv	a0,s0
80001118:	00000097          	auipc	ra,0x0
8000111c:	a34080e7          	jalr	-1484(ra) # 80000b4c <prvUnlockQueue>
80001120:	00002097          	auipc	ra,0x2
80001124:	990080e7          	jalr	-1648(ra) # 80002ab0 <xTaskResumeAll>
80001128:	30047073          	csrci	mstatus,8
8000112c:	1684a783          	lw	a5,360(s1)
80001130:	03842683          	lw	a3,56(s0)
80001134:	03c42703          	lw	a4,60(s0)
80001138:	00178613          	addi	a2,a5,1
8000113c:	16c4a423          	sw	a2,360(s1)
80001140:	06e6ee63          	bltu	a3,a4,800011bc <xQueueGenericSend+0x1b8>
80001144:	00c12703          	lw	a4,12(sp)
80001148:	f40716e3          	bnez	a4,80001094 <xQueueGenericSend+0x90>
8000114c:	16f4a423          	sw	a5,360(s1)
80001150:	00079463          	bnez	a5,80001158 <xQueueGenericSend+0x154>
80001154:	30046073          	csrsi	mstatus,8
80001158:	03012903          	lw	s2,48(sp)
8000115c:	00000513          	li	a0,0
80001160:	03c12083          	lw	ra,60(sp)
80001164:	03812403          	lw	s0,56(sp)
80001168:	03412483          	lw	s1,52(sp)
8000116c:	02812a03          	lw	s4,40(sp)
80001170:	02412a83          	lw	s5,36(sp)
80001174:	04010113          	addi	sp,sp,64
80001178:	00008067          	ret
8000117c:	040402a3          	sb	zero,69(s0)
80001180:	f5dff06f          	j	800010dc <xQueueGenericSend+0xd8>
80001184:	00079463          	bnez	a5,8000118c <xQueueGenericSend+0x188>
80001188:	30046073          	csrsi	mstatus,8
8000118c:	00c12583          	lw	a1,12(sp)
80001190:	01040513          	addi	a0,s0,16
80001194:	00002097          	auipc	ra,0x2
80001198:	f30080e7          	jalr	-208(ra) # 800030c4 <vTaskPlaceOnEventList>
8000119c:	00040513          	mv	a0,s0
800011a0:	00000097          	auipc	ra,0x0
800011a4:	9ac080e7          	jalr	-1620(ra) # 80000b4c <prvUnlockQueue>
800011a8:	00002097          	auipc	ra,0x2
800011ac:	908080e7          	jalr	-1784(ra) # 80002ab0 <xTaskResumeAll>
800011b0:	f6051ce3          	bnez	a0,80001128 <xQueueGenericSend+0x124>
800011b4:	00000073          	ecall
800011b8:	f71ff06f          	j	80001128 <xQueueGenericSend+0x124>
800011bc:	03012903          	lw	s2,48(sp)
800011c0:	000a0613          	mv	a2,s4
800011c4:	000a8593          	mv	a1,s5
800011c8:	00040513          	mv	a0,s0
800011cc:	00000097          	auipc	ra,0x0
800011d0:	aa4080e7          	jalr	-1372(ra) # 80000c70 <prvCopyDataToQueue.isra.0>
800011d4:	02442783          	lw	a5,36(s0)
800011d8:	0a079c63          	bnez	a5,80001290 <xQueueGenericSend+0x28c>
800011dc:	1684a783          	lw	a5,360(s1)
800011e0:	fff78793          	addi	a5,a5,-1
800011e4:	16f4a423          	sw	a5,360(s1)
800011e8:	02078263          	beqz	a5,8000120c <xQueueGenericSend+0x208>
800011ec:	03c12083          	lw	ra,60(sp)
800011f0:	03812403          	lw	s0,56(sp)
800011f4:	03412483          	lw	s1,52(sp)
800011f8:	02812a03          	lw	s4,40(sp)
800011fc:	02412a83          	lw	s5,36(sp)
80001200:	00100513          	li	a0,1
80001204:	04010113          	addi	sp,sp,64
80001208:	00008067          	ret
8000120c:	30046073          	csrsi	mstatus,8
80001210:	fddff06f          	j	800011ec <xQueueGenericSend+0x1e8>
80001214:	03c42703          	lw	a4,60(s0)
80001218:	00100793          	li	a5,1
8000121c:	e2f700e3          	beq	a4,a5,8000103c <xQueueGenericSend+0x38>
80001220:	80005537          	lui	a0,0x80005
80001224:	f5850513          	addi	a0,a0,-168 # 80004f58 <__clzsi2+0x258>
80001228:	3b800593          	li	a1,952
8000122c:	fffff097          	auipc	ra,0xfffff
80001230:	388080e7          	jalr	904(ra) # 800005b4 <vAssertCalled>
80001234:	e09ff06f          	j	8000103c <xQueueGenericSend+0x38>
80001238:	04042783          	lw	a5,64(s0)
8000123c:	de078ce3          	beqz	a5,80001034 <xQueueGenericSend+0x30>
80001240:	80005537          	lui	a0,0x80005
80001244:	f5850513          	addi	a0,a0,-168 # 80004f58 <__clzsi2+0x258>
80001248:	3b700593          	li	a1,951
8000124c:	fffff097          	auipc	ra,0xfffff
80001250:	368080e7          	jalr	872(ra) # 800005b4 <vAssertCalled>
80001254:	de1ff06f          	j	80001034 <xQueueGenericSend+0x30>
80001258:	00040513          	mv	a0,s0
8000125c:	00000097          	auipc	ra,0x0
80001260:	8f0080e7          	jalr	-1808(ra) # 80000b4c <prvUnlockQueue>
80001264:	00002097          	auipc	ra,0x2
80001268:	84c080e7          	jalr	-1972(ra) # 80002ab0 <xTaskResumeAll>
8000126c:	00000513          	li	a0,0
80001270:	03012903          	lw	s2,48(sp)
80001274:	eedff06f          	j	80001160 <xQueueGenericSend+0x15c>
80001278:	80005537          	lui	a0,0x80005
8000127c:	f5850513          	addi	a0,a0,-168 # 80004f58 <__clzsi2+0x258>
80001280:	3b600593          	li	a1,950
80001284:	fffff097          	auipc	ra,0xfffff
80001288:	330080e7          	jalr	816(ra) # 800005b4 <vAssertCalled>
8000128c:	da5ff06f          	j	80001030 <xQueueGenericSend+0x2c>
80001290:	02440513          	addi	a0,s0,36
80001294:	00002097          	auipc	ra,0x2
80001298:	f90080e7          	jalr	-112(ra) # 80003224 <xTaskRemoveFromEventList>
8000129c:	f40500e3          	beqz	a0,800011dc <xQueueGenericSend+0x1d8>
800012a0:	00000073          	ecall
800012a4:	f39ff06f          	j	800011dc <xQueueGenericSend+0x1d8>
800012a8:	80005537          	lui	a0,0x80005
800012ac:	f5850513          	addi	a0,a0,-168 # 80004f58 <__clzsi2+0x258>
800012b0:	3bb00593          	li	a1,955
800012b4:	fffff097          	auipc	ra,0xfffff
800012b8:	300080e7          	jalr	768(ra) # 800005b4 <vAssertCalled>
800012bc:	d95ff06f          	j	80001050 <xQueueGenericSend+0x4c>

800012c0 <xQueueGenericSendFromISR>:
800012c0:	fe010113          	addi	sp,sp,-32
800012c4:	00812c23          	sw	s0,24(sp)
800012c8:	01212823          	sw	s2,16(sp)
800012cc:	00112e23          	sw	ra,28(sp)
800012d0:	00050413          	mv	s0,a0
800012d4:	00058713          	mv	a4,a1
800012d8:	00060913          	mv	s2,a2
800012dc:	0e050a63          	beqz	a0,800013d0 <xQueueGenericSendFromISR+0x110>
800012e0:	08070c63          	beqz	a4,80001378 <xQueueGenericSendFromISR+0xb8>
800012e4:	00200613          	li	a2,2
800012e8:	03c42783          	lw	a5,60(s0)
800012ec:	06c68c63          	beq	a3,a2,80001364 <xQueueGenericSendFromISR+0xa4>
800012f0:	03842603          	lw	a2,56(s0)
800012f4:	00000513          	li	a0,0
800012f8:	00f66c63          	bltu	a2,a5,80001310 <xQueueGenericSendFromISR+0x50>
800012fc:	01c12083          	lw	ra,28(sp)
80001300:	01812403          	lw	s0,24(sp)
80001304:	01012903          	lw	s2,16(sp)
80001308:	02010113          	addi	sp,sp,32
8000130c:	00008067          	ret
80001310:	00912a23          	sw	s1,20(sp)
80001314:	04544783          	lbu	a5,69(s0)
80001318:	00068613          	mv	a2,a3
8000131c:	00070593          	mv	a1,a4
80001320:	01879493          	slli	s1,a5,0x18
80001324:	03842783          	lw	a5,56(s0)
80001328:	00040513          	mv	a0,s0
8000132c:	00000097          	auipc	ra,0x0
80001330:	944080e7          	jalr	-1724(ra) # 80000c70 <prvCopyDataToQueue.isra.0>
80001334:	4184d493          	srai	s1,s1,0x18
80001338:	fff00793          	li	a5,-1
8000133c:	06f49663          	bne	s1,a5,800013a8 <xQueueGenericSendFromISR+0xe8>
80001340:	02442783          	lw	a5,36(s0)
80001344:	0e079063          	bnez	a5,80001424 <xQueueGenericSendFromISR+0x164>
80001348:	01412483          	lw	s1,20(sp)
8000134c:	00100513          	li	a0,1
80001350:	01c12083          	lw	ra,28(sp)
80001354:	01812403          	lw	s0,24(sp)
80001358:	01012903          	lw	s2,16(sp)
8000135c:	02010113          	addi	sp,sp,32
80001360:	00008067          	ret
80001364:	00912a23          	sw	s1,20(sp)
80001368:	00100613          	li	a2,1
8000136c:	08c79663          	bne	a5,a2,800013f8 <xQueueGenericSendFromISR+0x138>
80001370:	03842783          	lw	a5,56(s0)
80001374:	fa1ff06f          	j	80001314 <xQueueGenericSendFromISR+0x54>
80001378:	04042783          	lw	a5,64(s0)
8000137c:	f60784e3          	beqz	a5,800012e4 <xQueueGenericSendFromISR+0x24>
80001380:	80005537          	lui	a0,0x80005
80001384:	f5850513          	addi	a0,a0,-168 # 80004f58 <__clzsi2+0x258>
80001388:	49100593          	li	a1,1169
8000138c:	00d12623          	sw	a3,12(sp)
80001390:	00e12423          	sw	a4,8(sp)
80001394:	fffff097          	auipc	ra,0xfffff
80001398:	220080e7          	jalr	544(ra) # 800005b4 <vAssertCalled>
8000139c:	00c12683          	lw	a3,12(sp)
800013a0:	00812703          	lw	a4,8(sp)
800013a4:	f41ff06f          	j	800012e4 <xQueueGenericSendFromISR+0x24>
800013a8:	00002097          	auipc	ra,0x2
800013ac:	a14080e7          	jalr	-1516(ra) # 80002dbc <uxTaskGetNumberOfTasks>
800013b0:	f8a4fce3          	bgeu	s1,a0,80001348 <xQueueGenericSendFromISR+0x88>
800013b4:	07f00793          	li	a5,127
800013b8:	08f48663          	beq	s1,a5,80001444 <xQueueGenericSendFromISR+0x184>
800013bc:	00148793          	addi	a5,s1,1
800013c0:	04f402a3          	sb	a5,69(s0)
800013c4:	01412483          	lw	s1,20(sp)
800013c8:	00100513          	li	a0,1
800013cc:	f85ff06f          	j	80001350 <xQueueGenericSendFromISR+0x90>
800013d0:	80005537          	lui	a0,0x80005
800013d4:	00b12423          	sw	a1,8(sp)
800013d8:	f5850513          	addi	a0,a0,-168 # 80004f58 <__clzsi2+0x258>
800013dc:	49000593          	li	a1,1168
800013e0:	00d12623          	sw	a3,12(sp)
800013e4:	fffff097          	auipc	ra,0xfffff
800013e8:	1d0080e7          	jalr	464(ra) # 800005b4 <vAssertCalled>
800013ec:	00c12683          	lw	a3,12(sp)
800013f0:	00812703          	lw	a4,8(sp)
800013f4:	eedff06f          	j	800012e0 <xQueueGenericSendFromISR+0x20>
800013f8:	80005537          	lui	a0,0x80005
800013fc:	f5850513          	addi	a0,a0,-168 # 80004f58 <__clzsi2+0x258>
80001400:	49200593          	li	a1,1170
80001404:	00d12623          	sw	a3,12(sp)
80001408:	00e12423          	sw	a4,8(sp)
8000140c:	fffff097          	auipc	ra,0xfffff
80001410:	1a8080e7          	jalr	424(ra) # 800005b4 <vAssertCalled>
80001414:	03842783          	lw	a5,56(s0)
80001418:	00c12683          	lw	a3,12(sp)
8000141c:	00812703          	lw	a4,8(sp)
80001420:	ef5ff06f          	j	80001314 <xQueueGenericSendFromISR+0x54>
80001424:	02440513          	addi	a0,s0,36
80001428:	00002097          	auipc	ra,0x2
8000142c:	dfc080e7          	jalr	-516(ra) # 80003224 <xTaskRemoveFromEventList>
80001430:	f0050ce3          	beqz	a0,80001348 <xQueueGenericSendFromISR+0x88>
80001434:	f0090ae3          	beqz	s2,80001348 <xQueueGenericSendFromISR+0x88>
80001438:	00100793          	li	a5,1
8000143c:	00f92023          	sw	a5,0(s2)
80001440:	f09ff06f          	j	80001348 <xQueueGenericSendFromISR+0x88>
80001444:	80005537          	lui	a0,0x80005
80001448:	f5850513          	addi	a0,a0,-168 # 80004f58 <__clzsi2+0x258>
8000144c:	51e00593          	li	a1,1310
80001450:	fffff097          	auipc	ra,0xfffff
80001454:	164080e7          	jalr	356(ra) # 800005b4 <vAssertCalled>
80001458:	f65ff06f          	j	800013bc <xQueueGenericSendFromISR+0xfc>

8000145c <xQueueGiveFromISR>:
8000145c:	fe010113          	addi	sp,sp,-32
80001460:	00812c23          	sw	s0,24(sp)
80001464:	00912a23          	sw	s1,20(sp)
80001468:	00112e23          	sw	ra,28(sp)
8000146c:	00050413          	mv	s0,a0
80001470:	00058493          	mv	s1,a1
80001474:	0e050663          	beqz	a0,80001560 <xQueueGiveFromISR+0x104>
80001478:	04042783          	lw	a5,64(s0)
8000147c:	08079263          	bnez	a5,80001500 <xQueueGiveFromISR+0xa4>
80001480:	00042783          	lw	a5,0(s0)
80001484:	08078c63          	beqz	a5,8000151c <xQueueGiveFromISR+0xc0>
80001488:	03842783          	lw	a5,56(s0)
8000148c:	03c42703          	lw	a4,60(s0)
80001490:	00000513          	li	a0,0
80001494:	02e7f663          	bgeu	a5,a4,800014c0 <xQueueGiveFromISR+0x64>
80001498:	04544703          	lbu	a4,69(s0)
8000149c:	00178793          	addi	a5,a5,1
800014a0:	02f42c23          	sw	a5,56(s0)
800014a4:	01871793          	slli	a5,a4,0x18
800014a8:	4187d793          	srai	a5,a5,0x18
800014ac:	fff00713          	li	a4,-1
800014b0:	02e79263          	bne	a5,a4,800014d4 <xQueueGiveFromISR+0x78>
800014b4:	02442783          	lw	a5,36(s0)
800014b8:	08079263          	bnez	a5,8000153c <xQueueGiveFromISR+0xe0>
800014bc:	00100513          	li	a0,1
800014c0:	01c12083          	lw	ra,28(sp)
800014c4:	01812403          	lw	s0,24(sp)
800014c8:	01412483          	lw	s1,20(sp)
800014cc:	02010113          	addi	sp,sp,32
800014d0:	00008067          	ret
800014d4:	00f12623          	sw	a5,12(sp)
800014d8:	00002097          	auipc	ra,0x2
800014dc:	8e4080e7          	jalr	-1820(ra) # 80002dbc <uxTaskGetNumberOfTasks>
800014e0:	00c12783          	lw	a5,12(sp)
800014e4:	fca7fce3          	bgeu	a5,a0,800014bc <xQueueGiveFromISR+0x60>
800014e8:	07f00713          	li	a4,127
800014ec:	08e78663          	beq	a5,a4,80001578 <xQueueGiveFromISR+0x11c>
800014f0:	00178793          	addi	a5,a5,1
800014f4:	04f402a3          	sb	a5,69(s0)
800014f8:	00100513          	li	a0,1
800014fc:	fc5ff06f          	j	800014c0 <xQueueGiveFromISR+0x64>
80001500:	80005537          	lui	a0,0x80005
80001504:	f5850513          	addi	a0,a0,-168 # 80004f58 <__clzsi2+0x258>
80001508:	54400593          	li	a1,1348
8000150c:	fffff097          	auipc	ra,0xfffff
80001510:	0a8080e7          	jalr	168(ra) # 800005b4 <vAssertCalled>
80001514:	00042783          	lw	a5,0(s0)
80001518:	f60798e3          	bnez	a5,80001488 <xQueueGiveFromISR+0x2c>
8000151c:	00842783          	lw	a5,8(s0)
80001520:	f60784e3          	beqz	a5,80001488 <xQueueGiveFromISR+0x2c>
80001524:	80005537          	lui	a0,0x80005
80001528:	f5850513          	addi	a0,a0,-168 # 80004f58 <__clzsi2+0x258>
8000152c:	54900593          	li	a1,1353
80001530:	fffff097          	auipc	ra,0xfffff
80001534:	084080e7          	jalr	132(ra) # 800005b4 <vAssertCalled>
80001538:	f51ff06f          	j	80001488 <xQueueGiveFromISR+0x2c>
8000153c:	02440513          	addi	a0,s0,36
80001540:	00002097          	auipc	ra,0x2
80001544:	ce4080e7          	jalr	-796(ra) # 80003224 <xTaskRemoveFromEventList>
80001548:	f6048ae3          	beqz	s1,800014bc <xQueueGiveFromISR+0x60>
8000154c:	f60508e3          	beqz	a0,800014bc <xQueueGiveFromISR+0x60>
80001550:	00100793          	li	a5,1
80001554:	00f4a023          	sw	a5,0(s1)
80001558:	00100513          	li	a0,1
8000155c:	f65ff06f          	j	800014c0 <xQueueGiveFromISR+0x64>
80001560:	80005537          	lui	a0,0x80005
80001564:	f5850513          	addi	a0,a0,-168 # 80004f58 <__clzsi2+0x258>
80001568:	54000593          	li	a1,1344
8000156c:	fffff097          	auipc	ra,0xfffff
80001570:	048080e7          	jalr	72(ra) # 800005b4 <vAssertCalled>
80001574:	f05ff06f          	j	80001478 <xQueueGiveFromISR+0x1c>
80001578:	80005537          	lui	a0,0x80005
8000157c:	f5850513          	addi	a0,a0,-168 # 80004f58 <__clzsi2+0x258>
80001580:	5cb00593          	li	a1,1483
80001584:	00f12623          	sw	a5,12(sp)
80001588:	fffff097          	auipc	ra,0xfffff
8000158c:	02c080e7          	jalr	44(ra) # 800005b4 <vAssertCalled>
80001590:	00c12783          	lw	a5,12(sp)
80001594:	f5dff06f          	j	800014f0 <xQueueGiveFromISR+0x94>

80001598 <xQueueReceive>:
80001598:	fc010113          	addi	sp,sp,-64
8000159c:	02812c23          	sw	s0,56(sp)
800015a0:	03312623          	sw	s3,44(sp)
800015a4:	02112e23          	sw	ra,60(sp)
800015a8:	02912a23          	sw	s1,52(sp)
800015ac:	00c12623          	sw	a2,12(sp)
800015b0:	00050413          	mv	s0,a0
800015b4:	00058993          	mv	s3,a1
800015b8:	24050863          	beqz	a0,80001808 <xQueueReceive+0x270>
800015bc:	22098663          	beqz	s3,800017e8 <xQueueReceive+0x250>
800015c0:	00002097          	auipc	ra,0x2
800015c4:	114080e7          	jalr	276(ra) # 800036d4 <xTaskGetSchedulerState>
800015c8:	00051663          	bnez	a0,800015d4 <xQueueReceive+0x3c>
800015cc:	00c12783          	lw	a5,12(sp)
800015d0:	24079863          	bnez	a5,80001820 <xQueueReceive+0x288>
800015d4:	30047073          	csrci	mstatus,8
800015d8:	800054b7          	lui	s1,0x80005
800015dc:	1684a703          	lw	a4,360(s1) # 80005168 <xCriticalNesting>
800015e0:	03842783          	lw	a5,56(s0)
800015e4:	00170693          	addi	a3,a4,1
800015e8:	16d4a423          	sw	a3,360(s1)
800015ec:	14079863          	bnez	a5,8000173c <xQueueReceive+0x1a4>
800015f0:	00c12783          	lw	a5,12(sp)
800015f4:	03212823          	sw	s2,48(sp)
800015f8:	0c078e63          	beqz	a5,800016d4 <xQueueReceive+0x13c>
800015fc:	01810513          	addi	a0,sp,24
80001600:	00002097          	auipc	ra,0x2
80001604:	fbc080e7          	jalr	-68(ra) # 800035bc <vTaskInternalSetTimeOutState>
80001608:	fff00913          	li	s2,-1
8000160c:	1684a783          	lw	a5,360(s1)
80001610:	fff78793          	addi	a5,a5,-1
80001614:	16f4a423          	sw	a5,360(s1)
80001618:	00079463          	bnez	a5,80001620 <xQueueReceive+0x88>
8000161c:	30046073          	csrsi	mstatus,8
80001620:	00001097          	auipc	ra,0x1
80001624:	47c080e7          	jalr	1148(ra) # 80002a9c <vTaskSuspendAll>
80001628:	30047073          	csrci	mstatus,8
8000162c:	04444783          	lbu	a5,68(s0)
80001630:	1684a703          	lw	a4,360(s1)
80001634:	01879793          	slli	a5,a5,0x18
80001638:	4187d793          	srai	a5,a5,0x18
8000163c:	01279463          	bne	a5,s2,80001644 <xQueueReceive+0xac>
80001640:	04040223          	sb	zero,68(s0)
80001644:	04544783          	lbu	a5,69(s0)
80001648:	01879793          	slli	a5,a5,0x18
8000164c:	4187d793          	srai	a5,a5,0x18
80001650:	0b278663          	beq	a5,s2,800016fc <xQueueReceive+0x164>
80001654:	00071463          	bnez	a4,8000165c <xQueueReceive+0xc4>
80001658:	30046073          	csrsi	mstatus,8
8000165c:	00c10593          	addi	a1,sp,12
80001660:	01810513          	addi	a0,sp,24
80001664:	00002097          	auipc	ra,0x2
80001668:	f74080e7          	jalr	-140(ra) # 800035d8 <xTaskCheckForTimeOut>
8000166c:	14051063          	bnez	a0,800017ac <xQueueReceive+0x214>
80001670:	30047073          	csrci	mstatus,8
80001674:	03842783          	lw	a5,56(s0)
80001678:	1684a703          	lw	a4,360(s1)
8000167c:	08079463          	bnez	a5,80001704 <xQueueReceive+0x16c>
80001680:	00071463          	bnez	a4,80001688 <xQueueReceive+0xf0>
80001684:	30046073          	csrsi	mstatus,8
80001688:	00c12583          	lw	a1,12(sp)
8000168c:	02440513          	addi	a0,s0,36
80001690:	00002097          	auipc	ra,0x2
80001694:	a34080e7          	jalr	-1484(ra) # 800030c4 <vTaskPlaceOnEventList>
80001698:	00040513          	mv	a0,s0
8000169c:	fffff097          	auipc	ra,0xfffff
800016a0:	4b0080e7          	jalr	1200(ra) # 80000b4c <prvUnlockQueue>
800016a4:	00001097          	auipc	ra,0x1
800016a8:	40c080e7          	jalr	1036(ra) # 80002ab0 <xTaskResumeAll>
800016ac:	00051463          	bnez	a0,800016b4 <xQueueReceive+0x11c>
800016b0:	00000073          	ecall
800016b4:	30047073          	csrci	mstatus,8
800016b8:	1684a703          	lw	a4,360(s1)
800016bc:	03842783          	lw	a5,56(s0)
800016c0:	00170693          	addi	a3,a4,1
800016c4:	16d4a423          	sw	a3,360(s1)
800016c8:	06079863          	bnez	a5,80001738 <xQueueReceive+0x1a0>
800016cc:	00c12783          	lw	a5,12(sp)
800016d0:	f2079ee3          	bnez	a5,8000160c <xQueueReceive+0x74>
800016d4:	16e4a423          	sw	a4,360(s1)
800016d8:	10070463          	beqz	a4,800017e0 <xQueueReceive+0x248>
800016dc:	03c12083          	lw	ra,60(sp)
800016e0:	03812403          	lw	s0,56(sp)
800016e4:	03012903          	lw	s2,48(sp)
800016e8:	03412483          	lw	s1,52(sp)
800016ec:	02c12983          	lw	s3,44(sp)
800016f0:	00000513          	li	a0,0
800016f4:	04010113          	addi	sp,sp,64
800016f8:	00008067          	ret
800016fc:	040402a3          	sb	zero,69(s0)
80001700:	f55ff06f          	j	80001654 <xQueueReceive+0xbc>
80001704:	00071463          	bnez	a4,8000170c <xQueueReceive+0x174>
80001708:	30046073          	csrsi	mstatus,8
8000170c:	00040513          	mv	a0,s0
80001710:	fffff097          	auipc	ra,0xfffff
80001714:	43c080e7          	jalr	1084(ra) # 80000b4c <prvUnlockQueue>
80001718:	00001097          	auipc	ra,0x1
8000171c:	398080e7          	jalr	920(ra) # 80002ab0 <xTaskResumeAll>
80001720:	30047073          	csrci	mstatus,8
80001724:	1684a703          	lw	a4,360(s1)
80001728:	03842783          	lw	a5,56(s0)
8000172c:	00170693          	addi	a3,a4,1
80001730:	16d4a423          	sw	a3,360(s1)
80001734:	f8078ce3          	beqz	a5,800016cc <xQueueReceive+0x134>
80001738:	03012903          	lw	s2,48(sp)
8000173c:	04042603          	lw	a2,64(s0)
80001740:	02060663          	beqz	a2,8000176c <xQueueReceive+0x1d4>
80001744:	00c42583          	lw	a1,12(s0)
80001748:	00842703          	lw	a4,8(s0)
8000174c:	00c585b3          	add	a1,a1,a2
80001750:	00b42623          	sw	a1,12(s0)
80001754:	0ee5f263          	bgeu	a1,a4,80001838 <xQueueReceive+0x2a0>
80001758:	00098513          	mv	a0,s3
8000175c:	00f12423          	sw	a5,8(sp)
80001760:	fffff097          	auipc	ra,0xfffff
80001764:	23c080e7          	jalr	572(ra) # 8000099c <memcpy>
80001768:	00812783          	lw	a5,8(sp)
8000176c:	01042703          	lw	a4,16(s0)
80001770:	fff78793          	addi	a5,a5,-1
80001774:	02f42c23          	sw	a5,56(s0)
80001778:	0c071663          	bnez	a4,80001844 <xQueueReceive+0x2ac>
8000177c:	1684a783          	lw	a5,360(s1)
80001780:	fff78793          	addi	a5,a5,-1
80001784:	16f4a423          	sw	a5,360(s1)
80001788:	00079463          	bnez	a5,80001790 <xQueueReceive+0x1f8>
8000178c:	30046073          	csrsi	mstatus,8
80001790:	03c12083          	lw	ra,60(sp)
80001794:	03812403          	lw	s0,56(sp)
80001798:	03412483          	lw	s1,52(sp)
8000179c:	02c12983          	lw	s3,44(sp)
800017a0:	00100513          	li	a0,1
800017a4:	04010113          	addi	sp,sp,64
800017a8:	00008067          	ret
800017ac:	00040513          	mv	a0,s0
800017b0:	fffff097          	auipc	ra,0xfffff
800017b4:	39c080e7          	jalr	924(ra) # 80000b4c <prvUnlockQueue>
800017b8:	00001097          	auipc	ra,0x1
800017bc:	2f8080e7          	jalr	760(ra) # 80002ab0 <xTaskResumeAll>
800017c0:	30047073          	csrci	mstatus,8
800017c4:	03842703          	lw	a4,56(s0)
800017c8:	1684a783          	lw	a5,360(s1)
800017cc:	00070863          	beqz	a4,800017dc <xQueueReceive+0x244>
800017d0:	ee0792e3          	bnez	a5,800016b4 <xQueueReceive+0x11c>
800017d4:	30046073          	csrsi	mstatus,8
800017d8:	eddff06f          	j	800016b4 <xQueueReceive+0x11c>
800017dc:	f00790e3          	bnez	a5,800016dc <xQueueReceive+0x144>
800017e0:	30046073          	csrsi	mstatus,8
800017e4:	ef9ff06f          	j	800016dc <xQueueReceive+0x144>
800017e8:	04042783          	lw	a5,64(s0)
800017ec:	dc078ae3          	beqz	a5,800015c0 <xQueueReceive+0x28>
800017f0:	80005537          	lui	a0,0x80005
800017f4:	f5850513          	addi	a0,a0,-168 # 80004f58 <__clzsi2+0x258>
800017f8:	5ed00593          	li	a1,1517
800017fc:	fffff097          	auipc	ra,0xfffff
80001800:	db8080e7          	jalr	-584(ra) # 800005b4 <vAssertCalled>
80001804:	dbdff06f          	j	800015c0 <xQueueReceive+0x28>
80001808:	80005537          	lui	a0,0x80005
8000180c:	f5850513          	addi	a0,a0,-168 # 80004f58 <__clzsi2+0x258>
80001810:	5e900593          	li	a1,1513
80001814:	fffff097          	auipc	ra,0xfffff
80001818:	da0080e7          	jalr	-608(ra) # 800005b4 <vAssertCalled>
8000181c:	da1ff06f          	j	800015bc <xQueueReceive+0x24>
80001820:	80005537          	lui	a0,0x80005
80001824:	f5850513          	addi	a0,a0,-168 # 80004f58 <__clzsi2+0x258>
80001828:	5f200593          	li	a1,1522
8000182c:	fffff097          	auipc	ra,0xfffff
80001830:	d88080e7          	jalr	-632(ra) # 800005b4 <vAssertCalled>
80001834:	da1ff06f          	j	800015d4 <xQueueReceive+0x3c>
80001838:	00042583          	lw	a1,0(s0)
8000183c:	00b42623          	sw	a1,12(s0)
80001840:	f19ff06f          	j	80001758 <xQueueReceive+0x1c0>
80001844:	01040513          	addi	a0,s0,16
80001848:	00002097          	auipc	ra,0x2
8000184c:	9dc080e7          	jalr	-1572(ra) # 80003224 <xTaskRemoveFromEventList>
80001850:	f20506e3          	beqz	a0,8000177c <xQueueReceive+0x1e4>
80001854:	00000073          	ecall
80001858:	f25ff06f          	j	8000177c <xQueueReceive+0x1e4>

8000185c <xQueueSemaphoreTake>:
8000185c:	fd010113          	addi	sp,sp,-48
80001860:	02812423          	sw	s0,40(sp)
80001864:	02112623          	sw	ra,44(sp)
80001868:	02912223          	sw	s1,36(sp)
8000186c:	00b12623          	sw	a1,12(sp)
80001870:	00050413          	mv	s0,a0
80001874:	22050663          	beqz	a0,80001aa0 <xQueueSemaphoreTake+0x244>
80001878:	04042783          	lw	a5,64(s0)
8000187c:	1e079a63          	bnez	a5,80001a70 <xQueueSemaphoreTake+0x214>
80001880:	00002097          	auipc	ra,0x2
80001884:	e54080e7          	jalr	-428(ra) # 800036d4 <xTaskGetSchedulerState>
80001888:	00051663          	bnez	a0,80001894 <xQueueSemaphoreTake+0x38>
8000188c:	00c12783          	lw	a5,12(sp)
80001890:	1e079c63          	bnez	a5,80001a88 <xQueueSemaphoreTake+0x22c>
80001894:	30047073          	csrci	mstatus,8
80001898:	800054b7          	lui	s1,0x80005
8000189c:	1684a703          	lw	a4,360(s1) # 80005168 <xCriticalNesting>
800018a0:	03842783          	lw	a5,56(s0)
800018a4:	00170693          	addi	a3,a4,1
800018a8:	16d4a423          	sw	a3,360(s1)
800018ac:	14079663          	bnez	a5,800019f8 <xQueueSemaphoreTake+0x19c>
800018b0:	00c12783          	lw	a5,12(sp)
800018b4:	03212023          	sw	s2,32(sp)
800018b8:	0c078e63          	beqz	a5,80001994 <xQueueSemaphoreTake+0x138>
800018bc:	01810513          	addi	a0,sp,24
800018c0:	00002097          	auipc	ra,0x2
800018c4:	cfc080e7          	jalr	-772(ra) # 800035bc <vTaskInternalSetTimeOutState>
800018c8:	fff00913          	li	s2,-1
800018cc:	1684a783          	lw	a5,360(s1)
800018d0:	fff78793          	addi	a5,a5,-1
800018d4:	16f4a423          	sw	a5,360(s1)
800018d8:	00079463          	bnez	a5,800018e0 <xQueueSemaphoreTake+0x84>
800018dc:	30046073          	csrsi	mstatus,8
800018e0:	00001097          	auipc	ra,0x1
800018e4:	1bc080e7          	jalr	444(ra) # 80002a9c <vTaskSuspendAll>
800018e8:	30047073          	csrci	mstatus,8
800018ec:	04444783          	lbu	a5,68(s0)
800018f0:	1684a703          	lw	a4,360(s1)
800018f4:	01879793          	slli	a5,a5,0x18
800018f8:	4187d793          	srai	a5,a5,0x18
800018fc:	01279463          	bne	a5,s2,80001904 <xQueueSemaphoreTake+0xa8>
80001900:	04040223          	sb	zero,68(s0)
80001904:	04544783          	lbu	a5,69(s0)
80001908:	01879793          	slli	a5,a5,0x18
8000190c:	4187d793          	srai	a5,a5,0x18
80001910:	0b278463          	beq	a5,s2,800019b8 <xQueueSemaphoreTake+0x15c>
80001914:	00071463          	bnez	a4,8000191c <xQueueSemaphoreTake+0xc0>
80001918:	30046073          	csrsi	mstatus,8
8000191c:	00c10593          	addi	a1,sp,12
80001920:	01810513          	addi	a0,sp,24
80001924:	00002097          	auipc	ra,0x2
80001928:	cb4080e7          	jalr	-844(ra) # 800035d8 <xTaskCheckForTimeOut>
8000192c:	10051463          	bnez	a0,80001a34 <xQueueSemaphoreTake+0x1d8>
80001930:	30047073          	csrci	mstatus,8
80001934:	03842783          	lw	a5,56(s0)
80001938:	1684a703          	lw	a4,360(s1)
8000193c:	08079263          	bnez	a5,800019c0 <xQueueSemaphoreTake+0x164>
80001940:	00071463          	bnez	a4,80001948 <xQueueSemaphoreTake+0xec>
80001944:	30046073          	csrsi	mstatus,8
80001948:	00c12583          	lw	a1,12(sp)
8000194c:	02440513          	addi	a0,s0,36
80001950:	00001097          	auipc	ra,0x1
80001954:	774080e7          	jalr	1908(ra) # 800030c4 <vTaskPlaceOnEventList>
80001958:	00040513          	mv	a0,s0
8000195c:	fffff097          	auipc	ra,0xfffff
80001960:	1f0080e7          	jalr	496(ra) # 80000b4c <prvUnlockQueue>
80001964:	00001097          	auipc	ra,0x1
80001968:	14c080e7          	jalr	332(ra) # 80002ab0 <xTaskResumeAll>
8000196c:	00051463          	bnez	a0,80001974 <xQueueSemaphoreTake+0x118>
80001970:	00000073          	ecall
80001974:	30047073          	csrci	mstatus,8
80001978:	1684a703          	lw	a4,360(s1)
8000197c:	03842783          	lw	a5,56(s0)
80001980:	00170693          	addi	a3,a4,1
80001984:	16d4a423          	sw	a3,360(s1)
80001988:	06079663          	bnez	a5,800019f4 <xQueueSemaphoreTake+0x198>
8000198c:	00c12783          	lw	a5,12(sp)
80001990:	f2079ee3          	bnez	a5,800018cc <xQueueSemaphoreTake+0x70>
80001994:	16e4a423          	sw	a4,360(s1)
80001998:	0c070863          	beqz	a4,80001a68 <xQueueSemaphoreTake+0x20c>
8000199c:	02c12083          	lw	ra,44(sp)
800019a0:	02812403          	lw	s0,40(sp)
800019a4:	02012903          	lw	s2,32(sp)
800019a8:	02412483          	lw	s1,36(sp)
800019ac:	00000513          	li	a0,0
800019b0:	03010113          	addi	sp,sp,48
800019b4:	00008067          	ret
800019b8:	040402a3          	sb	zero,69(s0)
800019bc:	f59ff06f          	j	80001914 <xQueueSemaphoreTake+0xb8>
800019c0:	00071463          	bnez	a4,800019c8 <xQueueSemaphoreTake+0x16c>
800019c4:	30046073          	csrsi	mstatus,8
800019c8:	00040513          	mv	a0,s0
800019cc:	fffff097          	auipc	ra,0xfffff
800019d0:	180080e7          	jalr	384(ra) # 80000b4c <prvUnlockQueue>
800019d4:	00001097          	auipc	ra,0x1
800019d8:	0dc080e7          	jalr	220(ra) # 80002ab0 <xTaskResumeAll>
800019dc:	30047073          	csrci	mstatus,8
800019e0:	1684a703          	lw	a4,360(s1)
800019e4:	03842783          	lw	a5,56(s0)
800019e8:	00170693          	addi	a3,a4,1
800019ec:	16d4a423          	sw	a3,360(s1)
800019f0:	f8078ee3          	beqz	a5,8000198c <xQueueSemaphoreTake+0x130>
800019f4:	02012903          	lw	s2,32(sp)
800019f8:	01042703          	lw	a4,16(s0)
800019fc:	fff78793          	addi	a5,a5,-1
80001a00:	02f42c23          	sw	a5,56(s0)
80001a04:	0a071a63          	bnez	a4,80001ab8 <xQueueSemaphoreTake+0x25c>
80001a08:	1684a783          	lw	a5,360(s1)
80001a0c:	fff78793          	addi	a5,a5,-1
80001a10:	16f4a423          	sw	a5,360(s1)
80001a14:	00079463          	bnez	a5,80001a1c <xQueueSemaphoreTake+0x1c0>
80001a18:	30046073          	csrsi	mstatus,8
80001a1c:	02c12083          	lw	ra,44(sp)
80001a20:	02812403          	lw	s0,40(sp)
80001a24:	02412483          	lw	s1,36(sp)
80001a28:	00100513          	li	a0,1
80001a2c:	03010113          	addi	sp,sp,48
80001a30:	00008067          	ret
80001a34:	00040513          	mv	a0,s0
80001a38:	fffff097          	auipc	ra,0xfffff
80001a3c:	114080e7          	jalr	276(ra) # 80000b4c <prvUnlockQueue>
80001a40:	00001097          	auipc	ra,0x1
80001a44:	070080e7          	jalr	112(ra) # 80002ab0 <xTaskResumeAll>
80001a48:	30047073          	csrci	mstatus,8
80001a4c:	03842703          	lw	a4,56(s0)
80001a50:	1684a783          	lw	a5,360(s1)
80001a54:	00070863          	beqz	a4,80001a64 <xQueueSemaphoreTake+0x208>
80001a58:	f0079ee3          	bnez	a5,80001974 <xQueueSemaphoreTake+0x118>
80001a5c:	30046073          	csrsi	mstatus,8
80001a60:	f15ff06f          	j	80001974 <xQueueSemaphoreTake+0x118>
80001a64:	f2079ce3          	bnez	a5,8000199c <xQueueSemaphoreTake+0x140>
80001a68:	30046073          	csrsi	mstatus,8
80001a6c:	f31ff06f          	j	8000199c <xQueueSemaphoreTake+0x140>
80001a70:	80005537          	lui	a0,0x80005
80001a74:	f5850513          	addi	a0,a0,-168 # 80004f58 <__clzsi2+0x258>
80001a78:	68600593          	li	a1,1670
80001a7c:	fffff097          	auipc	ra,0xfffff
80001a80:	b38080e7          	jalr	-1224(ra) # 800005b4 <vAssertCalled>
80001a84:	dfdff06f          	j	80001880 <xQueueSemaphoreTake+0x24>
80001a88:	80005537          	lui	a0,0x80005
80001a8c:	f5850513          	addi	a0,a0,-168 # 80004f58 <__clzsi2+0x258>
80001a90:	68b00593          	li	a1,1675
80001a94:	fffff097          	auipc	ra,0xfffff
80001a98:	b20080e7          	jalr	-1248(ra) # 800005b4 <vAssertCalled>
80001a9c:	df9ff06f          	j	80001894 <xQueueSemaphoreTake+0x38>
80001aa0:	80005537          	lui	a0,0x80005
80001aa4:	f5850513          	addi	a0,a0,-168 # 80004f58 <__clzsi2+0x258>
80001aa8:	68200593          	li	a1,1666
80001aac:	fffff097          	auipc	ra,0xfffff
80001ab0:	b08080e7          	jalr	-1272(ra) # 800005b4 <vAssertCalled>
80001ab4:	dc5ff06f          	j	80001878 <xQueueSemaphoreTake+0x1c>
80001ab8:	01040513          	addi	a0,s0,16
80001abc:	00001097          	auipc	ra,0x1
80001ac0:	768080e7          	jalr	1896(ra) # 80003224 <xTaskRemoveFromEventList>
80001ac4:	f40502e3          	beqz	a0,80001a08 <xQueueSemaphoreTake+0x1ac>
80001ac8:	00000073          	ecall
80001acc:	f3dff06f          	j	80001a08 <xQueueSemaphoreTake+0x1ac>

80001ad0 <xQueuePeek>:
80001ad0:	fc010113          	addi	sp,sp,-64
80001ad4:	02812c23          	sw	s0,56(sp)
80001ad8:	03312623          	sw	s3,44(sp)
80001adc:	02112e23          	sw	ra,60(sp)
80001ae0:	02912a23          	sw	s1,52(sp)
80001ae4:	03212823          	sw	s2,48(sp)
80001ae8:	00c12623          	sw	a2,12(sp)
80001aec:	00050413          	mv	s0,a0
80001af0:	00058993          	mv	s3,a1
80001af4:	24050063          	beqz	a0,80001d34 <xQueuePeek+0x264>
80001af8:	20098e63          	beqz	s3,80001d14 <xQueuePeek+0x244>
80001afc:	00002097          	auipc	ra,0x2
80001b00:	bd8080e7          	jalr	-1064(ra) # 800036d4 <xTaskGetSchedulerState>
80001b04:	00051663          	bnez	a0,80001b10 <xQueuePeek+0x40>
80001b08:	00c12783          	lw	a5,12(sp)
80001b0c:	24079063          	bnez	a5,80001d4c <xQueuePeek+0x27c>
80001b10:	30047073          	csrci	mstatus,8
80001b14:	800054b7          	lui	s1,0x80005
80001b18:	1684a783          	lw	a5,360(s1) # 80005168 <xCriticalNesting>
80001b1c:	03842703          	lw	a4,56(s0)
80001b20:	00178693          	addi	a3,a5,1
80001b24:	16d4a423          	sw	a3,360(s1)
80001b28:	14071463          	bnez	a4,80001c70 <xQueuePeek+0x1a0>
80001b2c:	00c12703          	lw	a4,12(sp)
80001b30:	0c070e63          	beqz	a4,80001c0c <xQueuePeek+0x13c>
80001b34:	01810513          	addi	a0,sp,24
80001b38:	00002097          	auipc	ra,0x2
80001b3c:	a84080e7          	jalr	-1404(ra) # 800035bc <vTaskInternalSetTimeOutState>
80001b40:	fff00913          	li	s2,-1
80001b44:	1684a783          	lw	a5,360(s1)
80001b48:	fff78793          	addi	a5,a5,-1
80001b4c:	16f4a423          	sw	a5,360(s1)
80001b50:	00079463          	bnez	a5,80001b58 <xQueuePeek+0x88>
80001b54:	30046073          	csrsi	mstatus,8
80001b58:	00001097          	auipc	ra,0x1
80001b5c:	f44080e7          	jalr	-188(ra) # 80002a9c <vTaskSuspendAll>
80001b60:	30047073          	csrci	mstatus,8
80001b64:	04444783          	lbu	a5,68(s0)
80001b68:	1684a703          	lw	a4,360(s1)
80001b6c:	01879793          	slli	a5,a5,0x18
80001b70:	4187d793          	srai	a5,a5,0x18
80001b74:	01279463          	bne	a5,s2,80001b7c <xQueuePeek+0xac>
80001b78:	04040223          	sb	zero,68(s0)
80001b7c:	04544783          	lbu	a5,69(s0)
80001b80:	01879793          	slli	a5,a5,0x18
80001b84:	4187d793          	srai	a5,a5,0x18
80001b88:	0b278663          	beq	a5,s2,80001c34 <xQueuePeek+0x164>
80001b8c:	00071463          	bnez	a4,80001b94 <xQueuePeek+0xc4>
80001b90:	30046073          	csrsi	mstatus,8
80001b94:	00c10593          	addi	a1,sp,12
80001b98:	01810513          	addi	a0,sp,24
80001b9c:	00002097          	auipc	ra,0x2
80001ba0:	a3c080e7          	jalr	-1476(ra) # 800035d8 <xTaskCheckForTimeOut>
80001ba4:	12051a63          	bnez	a0,80001cd8 <xQueuePeek+0x208>
80001ba8:	30047073          	csrci	mstatus,8
80001bac:	03842783          	lw	a5,56(s0)
80001bb0:	1684a703          	lw	a4,360(s1)
80001bb4:	08079463          	bnez	a5,80001c3c <xQueuePeek+0x16c>
80001bb8:	00071463          	bnez	a4,80001bc0 <xQueuePeek+0xf0>
80001bbc:	30046073          	csrsi	mstatus,8
80001bc0:	00c12583          	lw	a1,12(sp)
80001bc4:	02440513          	addi	a0,s0,36
80001bc8:	00001097          	auipc	ra,0x1
80001bcc:	4fc080e7          	jalr	1276(ra) # 800030c4 <vTaskPlaceOnEventList>
80001bd0:	00040513          	mv	a0,s0
80001bd4:	fffff097          	auipc	ra,0xfffff
80001bd8:	f78080e7          	jalr	-136(ra) # 80000b4c <prvUnlockQueue>
80001bdc:	00001097          	auipc	ra,0x1
80001be0:	ed4080e7          	jalr	-300(ra) # 80002ab0 <xTaskResumeAll>
80001be4:	00051463          	bnez	a0,80001bec <xQueuePeek+0x11c>
80001be8:	00000073          	ecall
80001bec:	30047073          	csrci	mstatus,8
80001bf0:	1684a783          	lw	a5,360(s1)
80001bf4:	03842703          	lw	a4,56(s0)
80001bf8:	00178693          	addi	a3,a5,1
80001bfc:	16d4a423          	sw	a3,360(s1)
80001c00:	06071863          	bnez	a4,80001c70 <xQueuePeek+0x1a0>
80001c04:	00c12703          	lw	a4,12(sp)
80001c08:	f2071ee3          	bnez	a4,80001b44 <xQueuePeek+0x74>
80001c0c:	16f4a423          	sw	a5,360(s1)
80001c10:	0e078e63          	beqz	a5,80001d0c <xQueuePeek+0x23c>
80001c14:	03c12083          	lw	ra,60(sp)
80001c18:	03812403          	lw	s0,56(sp)
80001c1c:	03412483          	lw	s1,52(sp)
80001c20:	03012903          	lw	s2,48(sp)
80001c24:	02c12983          	lw	s3,44(sp)
80001c28:	00000513          	li	a0,0
80001c2c:	04010113          	addi	sp,sp,64
80001c30:	00008067          	ret
80001c34:	040402a3          	sb	zero,69(s0)
80001c38:	f55ff06f          	j	80001b8c <xQueuePeek+0xbc>
80001c3c:	00071463          	bnez	a4,80001c44 <xQueuePeek+0x174>
80001c40:	30046073          	csrsi	mstatus,8
80001c44:	00040513          	mv	a0,s0
80001c48:	fffff097          	auipc	ra,0xfffff
80001c4c:	f04080e7          	jalr	-252(ra) # 80000b4c <prvUnlockQueue>
80001c50:	00001097          	auipc	ra,0x1
80001c54:	e60080e7          	jalr	-416(ra) # 80002ab0 <xTaskResumeAll>
80001c58:	30047073          	csrci	mstatus,8
80001c5c:	1684a783          	lw	a5,360(s1)
80001c60:	03842703          	lw	a4,56(s0)
80001c64:	00178693          	addi	a3,a5,1
80001c68:	16d4a423          	sw	a3,360(s1)
80001c6c:	f8070ce3          	beqz	a4,80001c04 <xQueuePeek+0x134>
80001c70:	04042603          	lw	a2,64(s0)
80001c74:	00c42903          	lw	s2,12(s0)
80001c78:	02060063          	beqz	a2,80001c98 <xQueuePeek+0x1c8>
80001c7c:	00842783          	lw	a5,8(s0)
80001c80:	00c905b3          	add	a1,s2,a2
80001c84:	00b42623          	sw	a1,12(s0)
80001c88:	0cf5fe63          	bgeu	a1,a5,80001d64 <xQueuePeek+0x294>
80001c8c:	00098513          	mv	a0,s3
80001c90:	fffff097          	auipc	ra,0xfffff
80001c94:	d0c080e7          	jalr	-756(ra) # 8000099c <memcpy>
80001c98:	02442783          	lw	a5,36(s0)
80001c9c:	01242623          	sw	s2,12(s0)
80001ca0:	0c079863          	bnez	a5,80001d70 <xQueuePeek+0x2a0>
80001ca4:	1684a783          	lw	a5,360(s1)
80001ca8:	fff78793          	addi	a5,a5,-1
80001cac:	16f4a423          	sw	a5,360(s1)
80001cb0:	00079463          	bnez	a5,80001cb8 <xQueuePeek+0x1e8>
80001cb4:	30046073          	csrsi	mstatus,8
80001cb8:	03c12083          	lw	ra,60(sp)
80001cbc:	03812403          	lw	s0,56(sp)
80001cc0:	03412483          	lw	s1,52(sp)
80001cc4:	03012903          	lw	s2,48(sp)
80001cc8:	02c12983          	lw	s3,44(sp)
80001ccc:	00100513          	li	a0,1
80001cd0:	04010113          	addi	sp,sp,64
80001cd4:	00008067          	ret
80001cd8:	00040513          	mv	a0,s0
80001cdc:	fffff097          	auipc	ra,0xfffff
80001ce0:	e70080e7          	jalr	-400(ra) # 80000b4c <prvUnlockQueue>
80001ce4:	00001097          	auipc	ra,0x1
80001ce8:	dcc080e7          	jalr	-564(ra) # 80002ab0 <xTaskResumeAll>
80001cec:	30047073          	csrci	mstatus,8
80001cf0:	03842703          	lw	a4,56(s0)
80001cf4:	1684a783          	lw	a5,360(s1)
80001cf8:	00070863          	beqz	a4,80001d08 <xQueuePeek+0x238>
80001cfc:	ee0798e3          	bnez	a5,80001bec <xQueuePeek+0x11c>
80001d00:	30046073          	csrsi	mstatus,8
80001d04:	ee9ff06f          	j	80001bec <xQueuePeek+0x11c>
80001d08:	f00796e3          	bnez	a5,80001c14 <xQueuePeek+0x144>
80001d0c:	30046073          	csrsi	mstatus,8
80001d10:	f05ff06f          	j	80001c14 <xQueuePeek+0x144>
80001d14:	04042783          	lw	a5,64(s0)
80001d18:	de0782e3          	beqz	a5,80001afc <xQueuePeek+0x2c>
80001d1c:	80005537          	lui	a0,0x80005
80001d20:	f5850513          	addi	a0,a0,-168 # 80004f58 <__clzsi2+0x258>
80001d24:	76500593          	li	a1,1893
80001d28:	fffff097          	auipc	ra,0xfffff
80001d2c:	88c080e7          	jalr	-1908(ra) # 800005b4 <vAssertCalled>
80001d30:	dcdff06f          	j	80001afc <xQueuePeek+0x2c>
80001d34:	80005537          	lui	a0,0x80005
80001d38:	f5850513          	addi	a0,a0,-168 # 80004f58 <__clzsi2+0x258>
80001d3c:	76100593          	li	a1,1889
80001d40:	fffff097          	auipc	ra,0xfffff
80001d44:	874080e7          	jalr	-1932(ra) # 800005b4 <vAssertCalled>
80001d48:	db1ff06f          	j	80001af8 <xQueuePeek+0x28>
80001d4c:	80005537          	lui	a0,0x80005
80001d50:	f5850513          	addi	a0,a0,-168 # 80004f58 <__clzsi2+0x258>
80001d54:	76a00593          	li	a1,1898
80001d58:	fffff097          	auipc	ra,0xfffff
80001d5c:	85c080e7          	jalr	-1956(ra) # 800005b4 <vAssertCalled>
80001d60:	db1ff06f          	j	80001b10 <xQueuePeek+0x40>
80001d64:	00042583          	lw	a1,0(s0)
80001d68:	00b42623          	sw	a1,12(s0)
80001d6c:	f21ff06f          	j	80001c8c <xQueuePeek+0x1bc>
80001d70:	02440513          	addi	a0,s0,36
80001d74:	00001097          	auipc	ra,0x1
80001d78:	4b0080e7          	jalr	1200(ra) # 80003224 <xTaskRemoveFromEventList>
80001d7c:	f20504e3          	beqz	a0,80001ca4 <xQueuePeek+0x1d4>
80001d80:	00000073          	ecall
80001d84:	f21ff06f          	j	80001ca4 <xQueuePeek+0x1d4>

80001d88 <xQueueReceiveFromISR>:
80001d88:	fe010113          	addi	sp,sp,-32
80001d8c:	00812c23          	sw	s0,24(sp)
80001d90:	00112e23          	sw	ra,28(sp)
80001d94:	00050793          	mv	a5,a0
80001d98:	00058693          	mv	a3,a1
80001d9c:	00060413          	mv	s0,a2
80001da0:	0c050263          	beqz	a0,80001e64 <xQueueReceiveFromISR+0xdc>
80001da4:	0a068063          	beqz	a3,80001e44 <xQueueReceiveFromISR+0xbc>
80001da8:	0387a703          	lw	a4,56(a5)
80001dac:	00071c63          	bnez	a4,80001dc4 <xQueueReceiveFromISR+0x3c>
80001db0:	01c12083          	lw	ra,28(sp)
80001db4:	01812403          	lw	s0,24(sp)
80001db8:	00000513          	li	a0,0
80001dbc:	02010113          	addi	sp,sp,32
80001dc0:	00008067          	ret
80001dc4:	0447c803          	lbu	a6,68(a5)
80001dc8:	0407a603          	lw	a2,64(a5)
80001dcc:	01881813          	slli	a6,a6,0x18
80001dd0:	41885813          	srai	a6,a6,0x18
80001dd4:	04060263          	beqz	a2,80001e18 <xQueueReceiveFromISR+0x90>
80001dd8:	00c7a583          	lw	a1,12(a5)
80001ddc:	0087a503          	lw	a0,8(a5)
80001de0:	00c585b3          	add	a1,a1,a2
80001de4:	00b7a623          	sw	a1,12(a5)
80001de8:	00a5e663          	bltu	a1,a0,80001df4 <xQueueReceiveFromISR+0x6c>
80001dec:	0007a583          	lw	a1,0(a5)
80001df0:	00b7a623          	sw	a1,12(a5)
80001df4:	00068513          	mv	a0,a3
80001df8:	00f12623          	sw	a5,12(sp)
80001dfc:	01012423          	sw	a6,8(sp)
80001e00:	00e12223          	sw	a4,4(sp)
80001e04:	fffff097          	auipc	ra,0xfffff
80001e08:	b98080e7          	jalr	-1128(ra) # 8000099c <memcpy>
80001e0c:	00c12783          	lw	a5,12(sp)
80001e10:	00812803          	lw	a6,8(sp)
80001e14:	00412703          	lw	a4,4(sp)
80001e18:	fff70713          	addi	a4,a4,-1
80001e1c:	02e7ac23          	sw	a4,56(a5)
80001e20:	fff00713          	li	a4,-1
80001e24:	06e81463          	bne	a6,a4,80001e8c <xQueueReceiveFromISR+0x104>
80001e28:	0107a703          	lw	a4,16(a5)
80001e2c:	08071a63          	bnez	a4,80001ec0 <xQueueReceiveFromISR+0x138>
80001e30:	00100513          	li	a0,1
80001e34:	01c12083          	lw	ra,28(sp)
80001e38:	01812403          	lw	s0,24(sp)
80001e3c:	02010113          	addi	sp,sp,32
80001e40:	00008067          	ret
80001e44:	0407a703          	lw	a4,64(a5)
80001e48:	08071e63          	bnez	a4,80001ee4 <xQueueReceiveFromISR+0x15c>
80001e4c:	0387a703          	lw	a4,56(a5)
80001e50:	f60700e3          	beqz	a4,80001db0 <xQueueReceiveFromISR+0x28>
80001e54:	0447c803          	lbu	a6,68(a5)
80001e58:	01881813          	slli	a6,a6,0x18
80001e5c:	41885813          	srai	a6,a6,0x18
80001e60:	fb9ff06f          	j	80001e18 <xQueueReceiveFromISR+0x90>
80001e64:	00a12223          	sw	a0,4(sp)
80001e68:	80005537          	lui	a0,0x80005
80001e6c:	00b12423          	sw	a1,8(sp)
80001e70:	f5850513          	addi	a0,a0,-168 # 80004f58 <__clzsi2+0x258>
80001e74:	7fd00593          	li	a1,2045
80001e78:	ffffe097          	auipc	ra,0xffffe
80001e7c:	73c080e7          	jalr	1852(ra) # 800005b4 <vAssertCalled>
80001e80:	00812683          	lw	a3,8(sp)
80001e84:	00412783          	lw	a5,4(sp)
80001e88:	f1dff06f          	j	80001da4 <xQueueReceiveFromISR+0x1c>
80001e8c:	01012223          	sw	a6,4(sp)
80001e90:	00f12423          	sw	a5,8(sp)
80001e94:	00001097          	auipc	ra,0x1
80001e98:	f28080e7          	jalr	-216(ra) # 80002dbc <uxTaskGetNumberOfTasks>
80001e9c:	00412803          	lw	a6,4(sp)
80001ea0:	f8a878e3          	bgeu	a6,a0,80001e30 <xQueueReceiveFromISR+0xa8>
80001ea4:	07f00713          	li	a4,127
80001ea8:	00812783          	lw	a5,8(sp)
80001eac:	06e80063          	beq	a6,a4,80001f0c <xQueueReceiveFromISR+0x184>
80001eb0:	00180813          	addi	a6,a6,1
80001eb4:	05078223          	sb	a6,68(a5)
80001eb8:	00100513          	li	a0,1
80001ebc:	f79ff06f          	j	80001e34 <xQueueReceiveFromISR+0xac>
80001ec0:	01078513          	addi	a0,a5,16
80001ec4:	00001097          	auipc	ra,0x1
80001ec8:	360080e7          	jalr	864(ra) # 80003224 <xTaskRemoveFromEventList>
80001ecc:	f60402e3          	beqz	s0,80001e30 <xQueueReceiveFromISR+0xa8>
80001ed0:	f60500e3          	beqz	a0,80001e30 <xQueueReceiveFromISR+0xa8>
80001ed4:	00100793          	li	a5,1
80001ed8:	00f42023          	sw	a5,0(s0)
80001edc:	00100513          	li	a0,1
80001ee0:	f55ff06f          	j	80001e34 <xQueueReceiveFromISR+0xac>
80001ee4:	80005537          	lui	a0,0x80005
80001ee8:	f5850513          	addi	a0,a0,-168 # 80004f58 <__clzsi2+0x258>
80001eec:	7fe00593          	li	a1,2046
80001ef0:	00d12423          	sw	a3,8(sp)
80001ef4:	00f12223          	sw	a5,4(sp)
80001ef8:	ffffe097          	auipc	ra,0xffffe
80001efc:	6bc080e7          	jalr	1724(ra) # 800005b4 <vAssertCalled>
80001f00:	00812683          	lw	a3,8(sp)
80001f04:	00412783          	lw	a5,4(sp)
80001f08:	ea1ff06f          	j	80001da8 <xQueueReceiveFromISR+0x20>
80001f0c:	80005537          	lui	a0,0x80005
80001f10:	000015b7          	lui	a1,0x1
80001f14:	84458593          	addi	a1,a1,-1980 # 844 <_start-0x7ffff7bc>
80001f18:	f5850513          	addi	a0,a0,-168 # 80004f58 <__clzsi2+0x258>
80001f1c:	01012223          	sw	a6,4(sp)
80001f20:	ffffe097          	auipc	ra,0xffffe
80001f24:	694080e7          	jalr	1684(ra) # 800005b4 <vAssertCalled>
80001f28:	00812783          	lw	a5,8(sp)
80001f2c:	00412803          	lw	a6,4(sp)
80001f30:	f81ff06f          	j	80001eb0 <xQueueReceiveFromISR+0x128>

80001f34 <xQueuePeekFromISR>:
80001f34:	fe010113          	addi	sp,sp,-32
80001f38:	00112e23          	sw	ra,28(sp)
80001f3c:	00050793          	mv	a5,a0
80001f40:	00058713          	mv	a4,a1
80001f44:	08050063          	beqz	a0,80001fc4 <xQueuePeekFromISR+0x90>
80001f48:	02070263          	beqz	a4,80001f6c <xQueuePeekFromISR+0x38>
80001f4c:	0407a603          	lw	a2,64(a5)
80001f50:	02060263          	beqz	a2,80001f74 <xQueuePeekFromISR+0x40>
80001f54:	0387a683          	lw	a3,56(a5)
80001f58:	08069c63          	bnez	a3,80001ff0 <xQueuePeekFromISR+0xbc>
80001f5c:	01c12083          	lw	ra,28(sp)
80001f60:	00000513          	li	a0,0
80001f64:	02010113          	addi	sp,sp,32
80001f68:	00008067          	ret
80001f6c:	0407a683          	lw	a3,64(a5)
80001f70:	0a069e63          	bnez	a3,8000202c <xQueuePeekFromISR+0xf8>
80001f74:	80005537          	lui	a0,0x80005
80001f78:	000015b7          	lui	a1,0x1
80001f7c:	86358593          	addi	a1,a1,-1949 # 863 <_start-0x7ffff79d>
80001f80:	f5850513          	addi	a0,a0,-168 # 80004f58 <__clzsi2+0x258>
80001f84:	00e12623          	sw	a4,12(sp)
80001f88:	00f12423          	sw	a5,8(sp)
80001f8c:	ffffe097          	auipc	ra,0xffffe
80001f90:	628080e7          	jalr	1576(ra) # 800005b4 <vAssertCalled>
80001f94:	00812783          	lw	a5,8(sp)
80001f98:	00c12703          	lw	a4,12(sp)
80001f9c:	0387a683          	lw	a3,56(a5)
80001fa0:	fa068ee3          	beqz	a3,80001f5c <xQueuePeekFromISR+0x28>
80001fa4:	0407a603          	lw	a2,64(a5)
80001fa8:	00c7a683          	lw	a3,12(a5)
80001fac:	04061463          	bnez	a2,80001ff4 <xQueuePeekFromISR+0xc0>
80001fb0:	01c12083          	lw	ra,28(sp)
80001fb4:	00d7a623          	sw	a3,12(a5)
80001fb8:	00100513          	li	a0,1
80001fbc:	02010113          	addi	sp,sp,32
80001fc0:	00008067          	ret
80001fc4:	00b12623          	sw	a1,12(sp)
80001fc8:	00a12423          	sw	a0,8(sp)
80001fcc:	000015b7          	lui	a1,0x1
80001fd0:	80005537          	lui	a0,0x80005
80001fd4:	86158593          	addi	a1,a1,-1951 # 861 <_start-0x7ffff79f>
80001fd8:	f5850513          	addi	a0,a0,-168 # 80004f58 <__clzsi2+0x258>
80001fdc:	ffffe097          	auipc	ra,0xffffe
80001fe0:	5d8080e7          	jalr	1496(ra) # 800005b4 <vAssertCalled>
80001fe4:	00c12703          	lw	a4,12(sp)
80001fe8:	00812783          	lw	a5,8(sp)
80001fec:	f5dff06f          	j	80001f48 <xQueuePeekFromISR+0x14>
80001ff0:	00c7a683          	lw	a3,12(a5)
80001ff4:	0087a503          	lw	a0,8(a5)
80001ff8:	00c685b3          	add	a1,a3,a2
80001ffc:	00b7a623          	sw	a1,12(a5)
80002000:	00a5e663          	bltu	a1,a0,8000200c <xQueuePeekFromISR+0xd8>
80002004:	0007a583          	lw	a1,0(a5)
80002008:	00b7a623          	sw	a1,12(a5)
8000200c:	00070513          	mv	a0,a4
80002010:	00f12623          	sw	a5,12(sp)
80002014:	00d12423          	sw	a3,8(sp)
80002018:	fffff097          	auipc	ra,0xfffff
8000201c:	984080e7          	jalr	-1660(ra) # 8000099c <memcpy>
80002020:	00c12783          	lw	a5,12(sp)
80002024:	00812683          	lw	a3,8(sp)
80002028:	f89ff06f          	j	80001fb0 <xQueuePeekFromISR+0x7c>
8000202c:	80005537          	lui	a0,0x80005
80002030:	000015b7          	lui	a1,0x1
80002034:	86258593          	addi	a1,a1,-1950 # 862 <_start-0x7ffff79e>
80002038:	f5850513          	addi	a0,a0,-168 # 80004f58 <__clzsi2+0x258>
8000203c:	00e12623          	sw	a4,12(sp)
80002040:	00f12423          	sw	a5,8(sp)
80002044:	ffffe097          	auipc	ra,0xffffe
80002048:	570080e7          	jalr	1392(ra) # 800005b4 <vAssertCalled>
8000204c:	00c12703          	lw	a4,12(sp)
80002050:	00812783          	lw	a5,8(sp)
80002054:	ef9ff06f          	j	80001f4c <xQueuePeekFromISR+0x18>

80002058 <uxQueueMessagesWaiting>:
80002058:	02050263          	beqz	a0,8000207c <uxQueueMessagesWaiting+0x24>
8000205c:	30047073          	csrci	mstatus,8
80002060:	80005737          	lui	a4,0x80005
80002064:	16872703          	lw	a4,360(a4) # 80005168 <xCriticalNesting>
80002068:	03852503          	lw	a0,56(a0)
8000206c:	00071663          	bnez	a4,80002078 <uxQueueMessagesWaiting+0x20>
80002070:	30046073          	csrsi	mstatus,8
80002074:	00008067          	ret
80002078:	00008067          	ret
8000207c:	fe010113          	addi	sp,sp,-32
80002080:	00a12623          	sw	a0,12(sp)
80002084:	000015b7          	lui	a1,0x1
80002088:	80005537          	lui	a0,0x80005
8000208c:	89b58593          	addi	a1,a1,-1893 # 89b <_start-0x7ffff765>
80002090:	f5850513          	addi	a0,a0,-168 # 80004f58 <__clzsi2+0x258>
80002094:	00112e23          	sw	ra,28(sp)
80002098:	ffffe097          	auipc	ra,0xffffe
8000209c:	51c080e7          	jalr	1308(ra) # 800005b4 <vAssertCalled>
800020a0:	00c12783          	lw	a5,12(sp)
800020a4:	30047073          	csrci	mstatus,8
800020a8:	80005737          	lui	a4,0x80005
800020ac:	16872703          	lw	a4,360(a4) # 80005168 <xCriticalNesting>
800020b0:	0387a503          	lw	a0,56(a5)
800020b4:	00071463          	bnez	a4,800020bc <uxQueueMessagesWaiting+0x64>
800020b8:	30046073          	csrsi	mstatus,8
800020bc:	01c12083          	lw	ra,28(sp)
800020c0:	02010113          	addi	sp,sp,32
800020c4:	00008067          	ret

800020c8 <uxQueueSpacesAvailable>:
800020c8:	02050663          	beqz	a0,800020f4 <uxQueueSpacesAvailable+0x2c>
800020cc:	30047073          	csrci	mstatus,8
800020d0:	800056b7          	lui	a3,0x80005
800020d4:	03852703          	lw	a4,56(a0)
800020d8:	1686a783          	lw	a5,360(a3) # 80005168 <xCriticalNesting>
800020dc:	03c52503          	lw	a0,60(a0)
800020e0:	40e50533          	sub	a0,a0,a4
800020e4:	00079663          	bnez	a5,800020f0 <uxQueueSpacesAvailable+0x28>
800020e8:	30046073          	csrsi	mstatus,8
800020ec:	00008067          	ret
800020f0:	00008067          	ret
800020f4:	fe010113          	addi	sp,sp,-32
800020f8:	00a12623          	sw	a0,12(sp)
800020fc:	000015b7          	lui	a1,0x1
80002100:	80005537          	lui	a0,0x80005
80002104:	8b058593          	addi	a1,a1,-1872 # 8b0 <_start-0x7ffff750>
80002108:	f5850513          	addi	a0,a0,-168 # 80004f58 <__clzsi2+0x258>
8000210c:	00112e23          	sw	ra,28(sp)
80002110:	ffffe097          	auipc	ra,0xffffe
80002114:	4a4080e7          	jalr	1188(ra) # 800005b4 <vAssertCalled>
80002118:	00c12783          	lw	a5,12(sp)
8000211c:	30047073          	csrci	mstatus,8
80002120:	800056b7          	lui	a3,0x80005
80002124:	0387a703          	lw	a4,56(a5)
80002128:	03c7a503          	lw	a0,60(a5)
8000212c:	1686a783          	lw	a5,360(a3) # 80005168 <xCriticalNesting>
80002130:	40e50533          	sub	a0,a0,a4
80002134:	00079463          	bnez	a5,8000213c <uxQueueSpacesAvailable+0x74>
80002138:	30046073          	csrsi	mstatus,8
8000213c:	01c12083          	lw	ra,28(sp)
80002140:	02010113          	addi	sp,sp,32
80002144:	00008067          	ret

80002148 <uxQueueMessagesWaitingFromISR>:
80002148:	00050663          	beqz	a0,80002154 <uxQueueMessagesWaitingFromISR+0xc>
8000214c:	03852503          	lw	a0,56(a0)
80002150:	00008067          	ret
80002154:	fe010113          	addi	sp,sp,-32
80002158:	00a12623          	sw	a0,12(sp)
8000215c:	000015b7          	lui	a1,0x1
80002160:	80005537          	lui	a0,0x80005
80002164:	f5850513          	addi	a0,a0,-168 # 80004f58 <__clzsi2+0x258>
80002168:	8c558593          	addi	a1,a1,-1851 # 8c5 <_start-0x7ffff73b>
8000216c:	00112e23          	sw	ra,28(sp)
80002170:	ffffe097          	auipc	ra,0xffffe
80002174:	444080e7          	jalr	1092(ra) # 800005b4 <vAssertCalled>
80002178:	00c12783          	lw	a5,12(sp)
8000217c:	01c12083          	lw	ra,28(sp)
80002180:	0387a503          	lw	a0,56(a5)
80002184:	02010113          	addi	sp,sp,32
80002188:	00008067          	ret

8000218c <vQueueDelete>:
8000218c:	00050463          	beqz	a0,80002194 <vQueueDelete+0x8>
80002190:	00008067          	ret
80002194:	80005537          	lui	a0,0x80005
80002198:	000015b7          	lui	a1,0x1
8000219c:	8d458593          	addi	a1,a1,-1836 # 8d4 <_start-0x7ffff72c>
800021a0:	f5850513          	addi	a0,a0,-168 # 80004f58 <__clzsi2+0x258>
800021a4:	ffffe317          	auipc	t1,0xffffe
800021a8:	41030067          	jr	1040(t1) # 800005b4 <vAssertCalled>

800021ac <uxQueueGetQueueItemSize>:
800021ac:	04052503          	lw	a0,64(a0)
800021b0:	00008067          	ret

800021b4 <uxQueueGetQueueLength>:
800021b4:	03c52503          	lw	a0,60(a0)
800021b8:	00008067          	ret

800021bc <xQueueIsQueueEmptyFromISR>:
800021bc:	00050863          	beqz	a0,800021cc <xQueueIsQueueEmptyFromISR+0x10>
800021c0:	03852503          	lw	a0,56(a0)
800021c4:	00153513          	seqz	a0,a0
800021c8:	00008067          	ret
800021cc:	fe010113          	addi	sp,sp,-32
800021d0:	00a12623          	sw	a0,12(sp)
800021d4:	000015b7          	lui	a1,0x1
800021d8:	80005537          	lui	a0,0x80005
800021dc:	f5850513          	addi	a0,a0,-168 # 80004f58 <__clzsi2+0x258>
800021e0:	a5258593          	addi	a1,a1,-1454 # a52 <_start-0x7ffff5ae>
800021e4:	00112e23          	sw	ra,28(sp)
800021e8:	ffffe097          	auipc	ra,0xffffe
800021ec:	3cc080e7          	jalr	972(ra) # 800005b4 <vAssertCalled>
800021f0:	00c12783          	lw	a5,12(sp)
800021f4:	01c12083          	lw	ra,28(sp)
800021f8:	0387a503          	lw	a0,56(a5)
800021fc:	02010113          	addi	sp,sp,32
80002200:	00153513          	seqz	a0,a0
80002204:	00008067          	ret

80002208 <xQueueIsQueueFullFromISR>:
80002208:	00050c63          	beqz	a0,80002220 <xQueueIsQueueFullFromISR+0x18>
8000220c:	03852703          	lw	a4,56(a0)
80002210:	03c52503          	lw	a0,60(a0)
80002214:	40e50533          	sub	a0,a0,a4
80002218:	00153513          	seqz	a0,a0
8000221c:	00008067          	ret
80002220:	fe010113          	addi	sp,sp,-32
80002224:	00a12623          	sw	a0,12(sp)
80002228:	000015b7          	lui	a1,0x1
8000222c:	80005537          	lui	a0,0x80005
80002230:	f5850513          	addi	a0,a0,-168 # 80004f58 <__clzsi2+0x258>
80002234:	a7f58593          	addi	a1,a1,-1409 # a7f <_start-0x7ffff581>
80002238:	00112e23          	sw	ra,28(sp)
8000223c:	ffffe097          	auipc	ra,0xffffe
80002240:	378080e7          	jalr	888(ra) # 800005b4 <vAssertCalled>
80002244:	00c12783          	lw	a5,12(sp)
80002248:	01c12083          	lw	ra,28(sp)
8000224c:	0387a703          	lw	a4,56(a5)
80002250:	03c7a503          	lw	a0,60(a5)
80002254:	02010113          	addi	sp,sp,32
80002258:	40e50533          	sub	a0,a0,a4
8000225c:	00153513          	seqz	a0,a0
80002260:	00008067          	ret

80002264 <prvIdleTask>:
80002264:	80006737          	lui	a4,0x80006
80002268:	2f870713          	addi	a4,a4,760 # 800062f8 <pxReadyTasksLists>
8000226c:	00100693          	li	a3,1
80002270:	0080006f          	j	80002278 <prvIdleTask+0x14>
80002274:	00000073          	ecall
80002278:	00072783          	lw	a5,0(a4)
8000227c:	fef6ece3          	bltu	a3,a5,80002274 <prvIdleTask+0x10>
80002280:	0000006f          	j	80002280 <prvIdleTask+0x1c>

80002284 <prvAddCurrentTaskToDelayedList.isra.0>:
80002284:	fd010113          	addi	sp,sp,-48
80002288:	800056b7          	lui	a3,0x80005
8000228c:	80005737          	lui	a4,0x80005
80002290:	800057b7          	lui	a5,0x80005
80002294:	02912223          	sw	s1,36(sp)
80002298:	1a06a483          	lw	s1,416(a3) # 800051a0 <xTickCount>
8000229c:	1ac72703          	lw	a4,428(a4) # 800051ac <pxDelayedTaskList>
800022a0:	1a87a783          	lw	a5,424(a5) # 800051a8 <pxOverflowDelayedTaskList>
800022a4:	02812423          	sw	s0,40(sp)
800022a8:	80005437          	lui	s0,0x80005
800022ac:	01412c23          	sw	s4,24(sp)
800022b0:	00078a13          	mv	s4,a5
800022b4:	1b042783          	lw	a5,432(s0) # 800051b0 <pxCurrentTCB>
800022b8:	03212023          	sw	s2,32(sp)
800022bc:	00050913          	mv	s2,a0
800022c0:	00478513          	addi	a0,a5,4
800022c4:	01312e23          	sw	s3,28(sp)
800022c8:	02112623          	sw	ra,44(sp)
800022cc:	00070993          	mv	s3,a4
800022d0:	fffff097          	auipc	ra,0xfffff
800022d4:	834080e7          	jalr	-1996(ra) # 80000b04 <uxListRemove>
800022d8:	02051463          	bnez	a0,80002300 <prvAddCurrentTaskToDelayedList.isra.0+0x7c>
800022dc:	1b042683          	lw	a3,432(s0)
800022e0:	80005737          	lui	a4,0x80005
800022e4:	00100793          	li	a5,1
800022e8:	02c6a603          	lw	a2,44(a3)
800022ec:	19c72683          	lw	a3,412(a4) # 8000519c <uxTopReadyPriority>
800022f0:	00c797b3          	sll	a5,a5,a2
800022f4:	fff7c793          	not	a5,a5
800022f8:	00d7f7b3          	and	a5,a5,a3
800022fc:	18f72e23          	sw	a5,412(a4)
80002300:	1b042703          	lw	a4,432(s0)
80002304:	012487b3          	add	a5,s1,s2
80002308:	00f72223          	sw	a5,4(a4)
8000230c:	0297fa63          	bgeu	a5,s1,80002340 <prvAddCurrentTaskToDelayedList.isra.0+0xbc>
80002310:	1b042583          	lw	a1,432(s0)
80002314:	02812403          	lw	s0,40(sp)
80002318:	02c12083          	lw	ra,44(sp)
8000231c:	02412483          	lw	s1,36(sp)
80002320:	02012903          	lw	s2,32(sp)
80002324:	01c12983          	lw	s3,28(sp)
80002328:	000a0513          	mv	a0,s4
8000232c:	01812a03          	lw	s4,24(sp)
80002330:	00458593          	addi	a1,a1,4
80002334:	03010113          	addi	sp,sp,48
80002338:	ffffe317          	auipc	t1,0xffffe
8000233c:	77c30067          	jr	1916(t1) # 80000ab4 <vListInsert>
80002340:	1b042583          	lw	a1,432(s0)
80002344:	00098513          	mv	a0,s3
80002348:	00f12623          	sw	a5,12(sp)
8000234c:	00458593          	addi	a1,a1,4
80002350:	ffffe097          	auipc	ra,0xffffe
80002354:	764080e7          	jalr	1892(ra) # 80000ab4 <vListInsert>
80002358:	80005737          	lui	a4,0x80005
8000235c:	18472683          	lw	a3,388(a4) # 80005184 <xNextTaskUnblockTime>
80002360:	00c12783          	lw	a5,12(sp)
80002364:	00d7f463          	bgeu	a5,a3,8000236c <prvAddCurrentTaskToDelayedList.isra.0+0xe8>
80002368:	18f72223          	sw	a5,388(a4)
8000236c:	02c12083          	lw	ra,44(sp)
80002370:	02812403          	lw	s0,40(sp)
80002374:	02412483          	lw	s1,36(sp)
80002378:	02012903          	lw	s2,32(sp)
8000237c:	01c12983          	lw	s3,28(sp)
80002380:	01812a03          	lw	s4,24(sp)
80002384:	03010113          	addi	sp,sp,48
80002388:	00008067          	ret

8000238c <xTaskIncrementTick.part.0>:
8000238c:	800057b7          	lui	a5,0x80005
80002390:	1a07ae03          	lw	t3,416(a5) # 800051a0 <xTickCount>
80002394:	fe010113          	addi	sp,sp,-32
80002398:	00112e23          	sw	ra,28(sp)
8000239c:	001e0e13          	addi	t3,t3,1
800023a0:	1bc7a023          	sw	t3,416(a5)
800023a4:	120e0a63          	beqz	t3,800024d8 <xTaskIncrementTick.part.0+0x14c>
800023a8:	800053b7          	lui	t2,0x80005
800023ac:	1843a783          	lw	a5,388(t2) # 80005184 <xNextTaskUnblockTime>
800023b0:	16fe6e63          	bltu	t3,a5,8000252c <xTaskIncrementTick.part.0+0x1a0>
800023b4:	80005337          	lui	t1,0x80005
800023b8:	1ac32783          	lw	a5,428(t1) # 800051ac <pxDelayedTaskList>
800023bc:	0007a783          	lw	a5,0(a5)
800023c0:	22078663          	beqz	a5,800025ec <xTaskIncrementTick.part.0+0x260>
800023c4:	80006537          	lui	a0,0x80006
800023c8:	00812c23          	sw	s0,24(sp)
800023cc:	2f850513          	addi	a0,a0,760 # 800062f8 <pxReadyTasksLists>
800023d0:	00000e93          	li	t4,0
800023d4:	80005fb7          	lui	t6,0x80005
800023d8:	80005f37          	lui	t5,0x80005
800023dc:	00100293          	li	t0,1
800023e0:	0b00006f          	j	80002490 <xTaskIncrementTick.part.0+0x104>
800023e4:	0006a583          	lw	a1,0(a3)
800023e8:	0287a703          	lw	a4,40(a5)
800023ec:	fff58593          	addi	a1,a1,-1
800023f0:	00b6a023          	sw	a1,0(a3)
800023f4:	02070863          	beqz	a4,80002424 <xTaskIncrementTick.part.0+0x98>
800023f8:	01c7a583          	lw	a1,28(a5)
800023fc:	0207a683          	lw	a3,32(a5)
80002400:	00d5a423          	sw	a3,8(a1)
80002404:	01c7a583          	lw	a1,28(a5)
80002408:	00b6a223          	sw	a1,4(a3)
8000240c:	00472683          	lw	a3,4(a4)
80002410:	19168463          	beq	a3,a7,80002598 <xTaskIncrementTick.part.0+0x20c>
80002414:	00072683          	lw	a3,0(a4)
80002418:	0207a423          	sw	zero,40(a5)
8000241c:	fff68693          	addi	a3,a3,-1
80002420:	00d72023          	sw	a3,0(a4)
80002424:	02c7a683          	lw	a3,44(a5)
80002428:	19cf2403          	lw	s0,412(t5) # 8000519c <uxTopReadyPriority>
8000242c:	00269713          	slli	a4,a3,0x2
80002430:	00d70733          	add	a4,a4,a3
80002434:	00271713          	slli	a4,a4,0x2
80002438:	00e50733          	add	a4,a0,a4
8000243c:	00472803          	lw	a6,4(a4)
80002440:	00072583          	lw	a1,0(a4)
80002444:	00d296b3          	sll	a3,t0,a3
80002448:	0107a423          	sw	a6,8(a5)
8000244c:	00882883          	lw	a7,8(a6)
80002450:	0086e6b3          	or	a3,a3,s0
80002454:	18df2e23          	sw	a3,412(t5)
80002458:	0117a623          	sw	a7,12(a5)
8000245c:	00c8a223          	sw	a2,4(a7)
80002460:	00c82423          	sw	a2,8(a6)
80002464:	1b0fa803          	lw	a6,432(t6) # 800051b0 <pxCurrentTCB>
80002468:	00e7aa23          	sw	a4,20(a5)
8000246c:	00158693          	addi	a3,a1,1
80002470:	1ac32603          	lw	a2,428(t1)
80002474:	00d72023          	sw	a3,0(a4)
80002478:	02c7a783          	lw	a5,44(a5)
8000247c:	02c82683          	lw	a3,44(a6)
80002480:	00062703          	lw	a4,0(a2)
80002484:	00f6b7b3          	sltu	a5,a3,a5
80002488:	00feeeb3          	or	t4,t4,a5
8000248c:	12070263          	beqz	a4,800025b0 <xTaskIncrementTick.part.0+0x224>
80002490:	1ac32783          	lw	a5,428(t1)
80002494:	00c7a783          	lw	a5,12(a5)
80002498:	00c7a783          	lw	a5,12(a5)
8000249c:	0047a703          	lw	a4,4(a5)
800024a0:	00478613          	addi	a2,a5,4
800024a4:	01878893          	addi	a7,a5,24
800024a8:	0eee6e63          	bltu	t3,a4,800025a4 <xTaskIncrementTick.part.0+0x218>
800024ac:	0087a583          	lw	a1,8(a5)
800024b0:	00c7a703          	lw	a4,12(a5)
800024b4:	0147a683          	lw	a3,20(a5)
800024b8:	00e5a423          	sw	a4,8(a1)
800024bc:	0087a803          	lw	a6,8(a5)
800024c0:	0046a583          	lw	a1,4(a3)
800024c4:	01072223          	sw	a6,4(a4)
800024c8:	f0c59ee3          	bne	a1,a2,800023e4 <xTaskIncrementTick.part.0+0x58>
800024cc:	00c7a703          	lw	a4,12(a5)
800024d0:	00e6a223          	sw	a4,4(a3)
800024d4:	f11ff06f          	j	800023e4 <xTaskIncrementTick.part.0+0x58>
800024d8:	80005337          	lui	t1,0x80005
800024dc:	1ac32783          	lw	a5,428(t1) # 800051ac <pxDelayedTaskList>
800024e0:	0007a783          	lw	a5,0(a5)
800024e4:	0c079e63          	bnez	a5,800025c0 <xTaskIncrementTick.part.0+0x234>
800024e8:	800057b7          	lui	a5,0x80005
800024ec:	1ac32683          	lw	a3,428(t1)
800024f0:	1a87a603          	lw	a2,424(a5) # 800051a8 <pxOverflowDelayedTaskList>
800024f4:	80005737          	lui	a4,0x80005
800024f8:	1ac32623          	sw	a2,428(t1)
800024fc:	1ad7a423          	sw	a3,424(a5)
80002500:	18c72783          	lw	a5,396(a4) # 8000518c <xNumOfOverflows>
80002504:	00178793          	addi	a5,a5,1
80002508:	18f72623          	sw	a5,396(a4)
8000250c:	1ac32783          	lw	a5,428(t1)
80002510:	0007a783          	lw	a5,0(a5)
80002514:	06079663          	bnez	a5,80002580 <xTaskIncrementTick.part.0+0x1f4>
80002518:	800053b7          	lui	t2,0x80005
8000251c:	fff00793          	li	a5,-1
80002520:	18f3a223          	sw	a5,388(t2) # 80005184 <xNextTaskUnblockTime>
80002524:	1843a783          	lw	a5,388(t2)
80002528:	e8fe76e3          	bgeu	t3,a5,800023b4 <xTaskIncrementTick.part.0+0x28>
8000252c:	80006537          	lui	a0,0x80006
80002530:	2f850513          	addi	a0,a0,760 # 800062f8 <pxReadyTasksLists>
80002534:	00000e93          	li	t4,0
80002538:	80005fb7          	lui	t6,0x80005
8000253c:	1b0fa783          	lw	a5,432(t6) # 800051b0 <pxCurrentTCB>
80002540:	80005737          	lui	a4,0x80005
80002544:	19072703          	lw	a4,400(a4) # 80005190 <xYieldPendings>
80002548:	02c7a683          	lw	a3,44(a5)
8000254c:	01c12083          	lw	ra,28(sp)
80002550:	00e03733          	snez	a4,a4
80002554:	00269793          	slli	a5,a3,0x2
80002558:	00d787b3          	add	a5,a5,a3
8000255c:	00279793          	slli	a5,a5,0x2
80002560:	00f50533          	add	a0,a0,a5
80002564:	00052503          	lw	a0,0(a0)
80002568:	02010113          	addi	sp,sp,32
8000256c:	00253513          	sltiu	a0,a0,2
80002570:	00153513          	seqz	a0,a0
80002574:	00e56533          	or	a0,a0,a4
80002578:	01d56533          	or	a0,a0,t4
8000257c:	00008067          	ret
80002580:	1ac32783          	lw	a5,428(t1)
80002584:	800053b7          	lui	t2,0x80005
80002588:	00c7a783          	lw	a5,12(a5)
8000258c:	0007a783          	lw	a5,0(a5)
80002590:	18f3a223          	sw	a5,388(t2) # 80005184 <xNextTaskUnblockTime>
80002594:	e19ff06f          	j	800023ac <xTaskIncrementTick.part.0+0x20>
80002598:	0207a683          	lw	a3,32(a5)
8000259c:	00d72223          	sw	a3,4(a4)
800025a0:	e75ff06f          	j	80002414 <xTaskIncrementTick.part.0+0x88>
800025a4:	01812403          	lw	s0,24(sp)
800025a8:	18e3a223          	sw	a4,388(t2)
800025ac:	f91ff06f          	j	8000253c <xTaskIncrementTick.part.0+0x1b0>
800025b0:	01812403          	lw	s0,24(sp)
800025b4:	fff00793          	li	a5,-1
800025b8:	18f3a223          	sw	a5,388(t2)
800025bc:	f81ff06f          	j	8000253c <xTaskIncrementTick.part.0+0x1b0>
800025c0:	80005537          	lui	a0,0x80005
800025c4:	000015b7          	lui	a1,0x1
800025c8:	25f58593          	addi	a1,a1,607 # 125f <_start-0x7fffeda1>
800025cc:	fb850513          	addi	a0,a0,-72 # 80004fb8 <__clzsi2+0x2b8>
800025d0:	00612623          	sw	t1,12(sp)
800025d4:	01c12423          	sw	t3,8(sp)
800025d8:	ffffe097          	auipc	ra,0xffffe
800025dc:	fdc080e7          	jalr	-36(ra) # 800005b4 <vAssertCalled>
800025e0:	00c12303          	lw	t1,12(sp)
800025e4:	00812e03          	lw	t3,8(sp)
800025e8:	f01ff06f          	j	800024e8 <xTaskIncrementTick.part.0+0x15c>
800025ec:	80006537          	lui	a0,0x80006
800025f0:	2f850513          	addi	a0,a0,760 # 800062f8 <pxReadyTasksLists>
800025f4:	00000e93          	li	t4,0
800025f8:	80005fb7          	lui	t6,0x80005
800025fc:	fb9ff06f          	j	800025b4 <xTaskIncrementTick.part.0+0x228>

80002600 <xTaskCreateStatic>:
80002600:	fc010113          	addi	sp,sp,-64
80002604:	02812c23          	sw	s0,56(sp)
80002608:	02912a23          	sw	s1,52(sp)
8000260c:	03212823          	sw	s2,48(sp)
80002610:	03312623          	sw	s3,44(sp)
80002614:	03412423          	sw	s4,40(sp)
80002618:	03512223          	sw	s5,36(sp)
8000261c:	02112e23          	sw	ra,60(sp)
80002620:	00070493          	mv	s1,a4
80002624:	00080413          	mv	s0,a6
80002628:	00050993          	mv	s3,a0
8000262c:	00058913          	mv	s2,a1
80002630:	00060a13          	mv	s4,a2
80002634:	00068a93          	mv	s5,a3
80002638:	24078c63          	beqz	a5,80002890 <xTaskCreateStatic+0x290>
8000263c:	26040a63          	beqz	s0,800028b0 <xTaskCreateStatic+0x2b0>
80002640:	04800713          	li	a4,72
80002644:	00e12e23          	sw	a4,28(sp)
80002648:	01c12683          	lw	a3,28(sp)
8000264c:	1ce69e63          	bne	a3,a4,80002828 <xTaskCreateStatic+0x228>
80002650:	01c12703          	lw	a4,28(sp)
80002654:	1e078c63          	beqz	a5,8000284c <xTaskCreateStatic+0x24c>
80002658:	04800613          	li	a2,72
8000265c:	00000593          	li	a1,0
80002660:	00040513          	mv	a0,s0
80002664:	00f12223          	sw	a5,4(sp)
80002668:	ffffe097          	auipc	ra,0xffffe
8000266c:	318080e7          	jalr	792(ra) # 80000980 <memset>
80002670:	00412783          	lw	a5,4(sp)
80002674:	002a1613          	slli	a2,s4,0x2
80002678:	0a500593          	li	a1,165
8000267c:	02f42823          	sw	a5,48(s0)
80002680:	00078513          	mv	a0,a5
80002684:	00c12223          	sw	a2,4(sp)
80002688:	ffffe097          	auipc	ra,0xffffe
8000268c:	2f8080e7          	jalr	760(ra) # 80000980 <memset>
80002690:	00412603          	lw	a2,4(sp)
80002694:	03042503          	lw	a0,48(s0)
80002698:	ffc60613          	addi	a2,a2,-4
8000269c:	00c50533          	add	a0,a0,a2
800026a0:	ff057a13          	andi	s4,a0,-16
800026a4:	02090663          	beqz	s2,800026d0 <xTaskCreateStatic+0xd0>
800026a8:	00090593          	mv	a1,s2
800026ac:	00c90713          	addi	a4,s2,12
800026b0:	03440793          	addi	a5,s0,52
800026b4:	0005c683          	lbu	a3,0(a1)
800026b8:	00158593          	addi	a1,a1,1
800026bc:	00d78023          	sb	a3,0(a5)
800026c0:	00068663          	beqz	a3,800026cc <xTaskCreateStatic+0xcc>
800026c4:	00178793          	addi	a5,a5,1
800026c8:	fee596e3          	bne	a1,a4,800026b4 <xTaskCreateStatic+0xb4>
800026cc:	02040fa3          	sb	zero,63(s0)
800026d0:	00400793          	li	a5,4
800026d4:	1897ee63          	bltu	a5,s1,80002870 <xTaskCreateStatic+0x270>
800026d8:	00500793          	li	a5,5
800026dc:	409787b3          	sub	a5,a5,s1
800026e0:	00440893          	addi	a7,s0,4
800026e4:	00088513          	mv	a0,a7
800026e8:	02942623          	sw	s1,44(s0)
800026ec:	00f12423          	sw	a5,8(sp)
800026f0:	01112223          	sw	a7,4(sp)
800026f4:	ffffe097          	auipc	ra,0xffffe
800026f8:	38c080e7          	jalr	908(ra) # 80000a80 <vListInitialiseItem>
800026fc:	01840513          	addi	a0,s0,24
80002700:	ffffe097          	auipc	ra,0xffffe
80002704:	380080e7          	jalr	896(ra) # 80000a80 <vListInitialiseItem>
80002708:	00812783          	lw	a5,8(sp)
8000270c:	00842823          	sw	s0,16(s0)
80002710:	02842223          	sw	s0,36(s0)
80002714:	00f42c23          	sw	a5,24(s0)
80002718:	000a8613          	mv	a2,s5
8000271c:	00098593          	mv	a1,s3
80002720:	000a0513          	mv	a0,s4
80002724:	00002097          	auipc	ra,0x2
80002728:	cbc080e7          	jalr	-836(ra) # 800043e0 <pxPortInitialiseStack>
8000272c:	00a42023          	sw	a0,0(s0)
80002730:	30047073          	csrci	mstatus,8
80002734:	80005737          	lui	a4,0x80005
80002738:	1a472783          	lw	a5,420(a4) # 800051a4 <uxCurrentNumberOfTasks>
8000273c:	800054b7          	lui	s1,0x80005
80002740:	1684a803          	lw	a6,360(s1) # 80005168 <xCriticalNesting>
80002744:	00178793          	addi	a5,a5,1
80002748:	1af72223          	sw	a5,420(a4)
8000274c:	80005337          	lui	t1,0x80005
80002750:	1b032783          	lw	a5,432(t1) # 800051b0 <pxCurrentTCB>
80002754:	00180693          	addi	a3,a6,1
80002758:	16d4a423          	sw	a3,360(s1)
8000275c:	00412883          	lw	a7,4(sp)
80002760:	18078c63          	beqz	a5,800028f8 <xTaskCreateStatic+0x2f8>
80002764:	80005f37          	lui	t5,0x80005
80002768:	198f2783          	lw	a5,408(t5) # 80005198 <xSchedulerRunning>
8000276c:	02c42683          	lw	a3,44(s0)
80002770:	0e078263          	beqz	a5,80002854 <xTaskCreateStatic+0x254>
80002774:	800067b7          	lui	a5,0x80006
80002778:	2f878793          	addi	a5,a5,760 # 800062f8 <pxReadyTasksLists>
8000277c:	00269713          	slli	a4,a3,0x2
80002780:	00d70733          	add	a4,a4,a3
80002784:	00271713          	slli	a4,a4,0x2
80002788:	00e787b3          	add	a5,a5,a4
8000278c:	0047a503          	lw	a0,4(a5)
80002790:	80005eb7          	lui	t4,0x80005
80002794:	80005e37          	lui	t3,0x80005
80002798:	00a42423          	sw	a0,8(s0)
8000279c:	00852703          	lw	a4,8(a0)
800027a0:	0007a583          	lw	a1,0(a5)
800027a4:	188ea603          	lw	a2,392(t4) # 80005188 <uxTaskNumber>
800027a8:	00e42623          	sw	a4,12(s0)
800027ac:	19ce2f83          	lw	t6,412(t3) # 8000519c <uxTopReadyPriority>
800027b0:	01172223          	sw	a7,4(a4)
800027b4:	00100713          	li	a4,1
800027b8:	01152423          	sw	a7,8(a0)
800027bc:	00d71733          	sll	a4,a4,a3
800027c0:	00f42a23          	sw	a5,20(s0)
800027c4:	00158593          	addi	a1,a1,1
800027c8:	00160693          	addi	a3,a2,1
800027cc:	01f76733          	or	a4,a4,t6
800027d0:	1704a423          	sw	a6,360(s1)
800027d4:	00b7a023          	sw	a1,0(a5)
800027d8:	18dea423          	sw	a3,392(t4)
800027dc:	18ee2e23          	sw	a4,412(t3)
800027e0:	00081463          	bnez	a6,800027e8 <xTaskCreateStatic+0x1e8>
800027e4:	30046073          	csrsi	mstatus,8
800027e8:	198f2783          	lw	a5,408(t5)
800027ec:	00078a63          	beqz	a5,80002800 <xTaskCreateStatic+0x200>
800027f0:	1b032703          	lw	a4,432(t1)
800027f4:	02c42783          	lw	a5,44(s0)
800027f8:	02c72703          	lw	a4,44(a4)
800027fc:	0ef76a63          	bltu	a4,a5,800028f0 <xTaskCreateStatic+0x2f0>
80002800:	00040513          	mv	a0,s0
80002804:	03c12083          	lw	ra,60(sp)
80002808:	03812403          	lw	s0,56(sp)
8000280c:	03412483          	lw	s1,52(sp)
80002810:	03012903          	lw	s2,48(sp)
80002814:	02c12983          	lw	s3,44(sp)
80002818:	02812a03          	lw	s4,40(sp)
8000281c:	02412a83          	lw	s5,36(sp)
80002820:	04010113          	addi	sp,sp,64
80002824:	00008067          	ret
80002828:	80005537          	lui	a0,0x80005
8000282c:	fb850513          	addi	a0,a0,-72 # 80004fb8 <__clzsi2+0x2b8>
80002830:	4fa00593          	li	a1,1274
80002834:	00f12223          	sw	a5,4(sp)
80002838:	ffffe097          	auipc	ra,0xffffe
8000283c:	d7c080e7          	jalr	-644(ra) # 800005b4 <vAssertCalled>
80002840:	00412783          	lw	a5,4(sp)
80002844:	01c12703          	lw	a4,28(sp)
80002848:	e00798e3          	bnez	a5,80002658 <xTaskCreateStatic+0x58>
8000284c:	00000513          	li	a0,0
80002850:	fb5ff06f          	j	80002804 <xTaskCreateStatic+0x204>
80002854:	1b032783          	lw	a5,432(t1)
80002858:	02c7a783          	lw	a5,44(a5)
8000285c:	f0f6ece3          	bltu	a3,a5,80002774 <xTaskCreateStatic+0x174>
80002860:	800067b7          	lui	a5,0x80006
80002864:	1a832823          	sw	s0,432(t1)
80002868:	2f878793          	addi	a5,a5,760 # 800062f8 <pxReadyTasksLists>
8000286c:	f11ff06f          	j	8000277c <xTaskCreateStatic+0x17c>
80002870:	80005537          	lui	a0,0x80005
80002874:	fb850513          	addi	a0,a0,-72 # 80004fb8 <__clzsi2+0x2b8>
80002878:	76400593          	li	a1,1892
8000287c:	ffffe097          	auipc	ra,0xffffe
80002880:	d38080e7          	jalr	-712(ra) # 800005b4 <vAssertCalled>
80002884:	00400493          	li	s1,4
80002888:	00100793          	li	a5,1
8000288c:	e55ff06f          	j	800026e0 <xTaskCreateStatic+0xe0>
80002890:	80005537          	lui	a0,0x80005
80002894:	fb850513          	addi	a0,a0,-72 # 80004fb8 <__clzsi2+0x2b8>
80002898:	4f100593          	li	a1,1265
8000289c:	00f12223          	sw	a5,4(sp)
800028a0:	ffffe097          	auipc	ra,0xffffe
800028a4:	d14080e7          	jalr	-748(ra) # 800005b4 <vAssertCalled>
800028a8:	00412783          	lw	a5,4(sp)
800028ac:	d8041ae3          	bnez	s0,80002640 <xTaskCreateStatic+0x40>
800028b0:	80005437          	lui	s0,0x80005
800028b4:	fb840513          	addi	a0,s0,-72 # 80004fb8 <__clzsi2+0x2b8>
800028b8:	4f200593          	li	a1,1266
800028bc:	ffffe097          	auipc	ra,0xffffe
800028c0:	cf8080e7          	jalr	-776(ra) # 800005b4 <vAssertCalled>
800028c4:	04800793          	li	a5,72
800028c8:	00f12e23          	sw	a5,28(sp)
800028cc:	01c12703          	lw	a4,28(sp)
800028d0:	04f70663          	beq	a4,a5,8000291c <xTaskCreateStatic+0x31c>
800028d4:	fb840513          	addi	a0,s0,-72
800028d8:	4fa00593          	li	a1,1274
800028dc:	ffffe097          	auipc	ra,0xffffe
800028e0:	cd8080e7          	jalr	-808(ra) # 800005b4 <vAssertCalled>
800028e4:	01c12783          	lw	a5,28(sp)
800028e8:	00000513          	li	a0,0
800028ec:	f19ff06f          	j	80002804 <xTaskCreateStatic+0x204>
800028f0:	00000073          	ecall
800028f4:	f0dff06f          	j	80002800 <xTaskCreateStatic+0x200>
800028f8:	1a832823          	sw	s0,432(t1)
800028fc:	1a472703          	lw	a4,420(a4)
80002900:	00100793          	li	a5,1
80002904:	02f70263          	beq	a4,a5,80002928 <xTaskCreateStatic+0x328>
80002908:	800067b7          	lui	a5,0x80006
8000290c:	02c42683          	lw	a3,44(s0)
80002910:	2f878793          	addi	a5,a5,760 # 800062f8 <pxReadyTasksLists>
80002914:	80005f37          	lui	t5,0x80005
80002918:	e65ff06f          	j	8000277c <xTaskCreateStatic+0x17c>
8000291c:	01c12783          	lw	a5,28(sp)
80002920:	00000513          	li	a0,0
80002924:	ee1ff06f          	j	80002804 <xTaskCreateStatic+0x204>
80002928:	800067b7          	lui	a5,0x80006
8000292c:	2f878793          	addi	a5,a5,760 # 800062f8 <pxReadyTasksLists>
80002930:	00078513          	mv	a0,a5
80002934:	00f12623          	sw	a5,12(sp)
80002938:	01112423          	sw	a7,8(sp)
8000293c:	00a12223          	sw	a0,4(sp)
80002940:	ffffe097          	auipc	ra,0xffffe
80002944:	120080e7          	jalr	288(ra) # 80000a60 <vListInitialise>
80002948:	00412503          	lw	a0,4(sp)
8000294c:	800067b7          	lui	a5,0x80006
80002950:	35c78713          	addi	a4,a5,860 # 8000635c <xDelayedTaskList1>
80002954:	01450513          	addi	a0,a0,20
80002958:	00812883          	lw	a7,8(sp)
8000295c:	00c12783          	lw	a5,12(sp)
80002960:	fca71ae3          	bne	a4,a0,80002934 <xTaskCreateStatic+0x334>
80002964:	80006937          	lui	s2,0x80006
80002968:	35c90513          	addi	a0,s2,860 # 8000635c <xDelayedTaskList1>
8000296c:	00f12223          	sw	a5,4(sp)
80002970:	ffffe097          	auipc	ra,0xffffe
80002974:	0f0080e7          	jalr	240(ra) # 80000a60 <vListInitialise>
80002978:	00412783          	lw	a5,4(sp)
8000297c:	07878513          	addi	a0,a5,120
80002980:	ffffe097          	auipc	ra,0xffffe
80002984:	0e0080e7          	jalr	224(ra) # 80000a60 <vListInitialise>
80002988:	00412783          	lw	a5,4(sp)
8000298c:	08c78513          	addi	a0,a5,140
80002990:	ffffe097          	auipc	ra,0xffffe
80002994:	0d0080e7          	jalr	208(ra) # 80000a60 <vListInitialise>
80002998:	800056b7          	lui	a3,0x80005
8000299c:	35c90793          	addi	a5,s2,860
800029a0:	1684a803          	lw	a6,360(s1)
800029a4:	1af6a623          	sw	a5,428(a3) # 800051ac <pxDelayedTaskList>
800029a8:	800067b7          	lui	a5,0x80006
800029ac:	800056b7          	lui	a3,0x80005
800029b0:	37078713          	addi	a4,a5,880 # 80006370 <xDelayedTaskList2>
800029b4:	1ae6a423          	sw	a4,424(a3) # 800051a8 <pxOverflowDelayedTaskList>
800029b8:	00412783          	lw	a5,4(sp)
800029bc:	02c42683          	lw	a3,44(s0)
800029c0:	00812883          	lw	a7,8(sp)
800029c4:	fff80813          	addi	a6,a6,-1
800029c8:	80005f37          	lui	t5,0x80005
800029cc:	80005337          	lui	t1,0x80005
800029d0:	dadff06f          	j	8000277c <xTaskCreateStatic+0x17c>

800029d4 <vTaskStartScheduler>:
800029d4:	fd010113          	addi	sp,sp,-48
800029d8:	454c47b7          	lui	a5,0x454c4
800029dc:	44978793          	addi	a5,a5,1097 # 454c4449 <_start-0x3ab3bbb7>
800029e0:	01010613          	addi	a2,sp,16
800029e4:	00c10593          	addi	a1,sp,12
800029e8:	00810513          	addi	a0,sp,8
800029ec:	02112623          	sw	ra,44(sp)
800029f0:	00f12a23          	sw	a5,20(sp)
800029f4:	00010c23          	sb	zero,24(sp)
800029f8:	00012423          	sw	zero,8(sp)
800029fc:	00012623          	sw	zero,12(sp)
80002a00:	ffffe097          	auipc	ra,0xffffe
80002a04:	c8c080e7          	jalr	-884(ra) # 8000068c <vApplicationGetIdleTaskMemory>
80002a08:	00812803          	lw	a6,8(sp)
80002a0c:	00c12783          	lw	a5,12(sp)
80002a10:	01012603          	lw	a2,16(sp)
80002a14:	80002537          	lui	a0,0x80002
80002a18:	01410593          	addi	a1,sp,20
80002a1c:	26450513          	addi	a0,a0,612 # 80002264 <prvIdleTask>
80002a20:	00000713          	li	a4,0
80002a24:	00000693          	li	a3,0
80002a28:	00000097          	auipc	ra,0x0
80002a2c:	bd8080e7          	jalr	-1064(ra) # 80002600 <xTaskCreateStatic>
80002a30:	00051c63          	bnez	a0,80002a48 <vTaskStartScheduler+0x74>
80002a34:	02c12083          	lw	ra,44(sp)
80002a38:	800057b7          	lui	a5,0x80005
80002a3c:	1547a783          	lw	a5,340(a5) # 80005154 <uxTopUsedPriority>
80002a40:	03010113          	addi	sp,sp,48
80002a44:	00008067          	ret
80002a48:	30047073          	csrci	mstatus,8
80002a4c:	800057b7          	lui	a5,0x80005
80002a50:	fff00713          	li	a4,-1
80002a54:	18e7a223          	sw	a4,388(a5) # 80005184 <xNextTaskUnblockTime>
80002a58:	800057b7          	lui	a5,0x80005
80002a5c:	00100713          	li	a4,1
80002a60:	18e7ac23          	sw	a4,408(a5) # 80005198 <xSchedulerRunning>
80002a64:	800057b7          	lui	a5,0x80005
80002a68:	1a07a023          	sw	zero,416(a5) # 800051a0 <xTickCount>
80002a6c:	00002097          	auipc	ra,0x2
80002a70:	924080e7          	jalr	-1756(ra) # 80004390 <xPortStartScheduler>
80002a74:	02c12083          	lw	ra,44(sp)
80002a78:	800057b7          	lui	a5,0x80005
80002a7c:	1547a783          	lw	a5,340(a5) # 80005154 <uxTopUsedPriority>
80002a80:	03010113          	addi	sp,sp,48
80002a84:	00008067          	ret

80002a88 <vTaskEndScheduler>:
80002a88:	30047073          	csrci	mstatus,8
80002a8c:	800057b7          	lui	a5,0x80005
80002a90:	1807ac23          	sw	zero,408(a5) # 80005198 <xSchedulerRunning>
80002a94:	00002317          	auipc	t1,0x2
80002a98:	94830067          	jr	-1720(t1) # 800043dc <vPortEndScheduler>

80002a9c <vTaskSuspendAll>:
80002a9c:	80005737          	lui	a4,0x80005
80002aa0:	18072783          	lw	a5,384(a4) # 80005180 <uxSchedulerSuspended>
80002aa4:	00178793          	addi	a5,a5,1
80002aa8:	18f72023          	sw	a5,384(a4)
80002aac:	00008067          	ret

80002ab0 <xTaskResumeAll>:
80002ab0:	fe010113          	addi	sp,sp,-32
80002ab4:	00112e23          	sw	ra,28(sp)
80002ab8:	30047073          	csrci	mstatus,8
80002abc:	80005e37          	lui	t3,0x80005
80002ac0:	168e2783          	lw	a5,360(t3) # 80005168 <xCriticalNesting>
80002ac4:	800058b7          	lui	a7,0x80005
80002ac8:	1808a703          	lw	a4,384(a7) # 80005180 <uxSchedulerSuspended>
80002acc:	00178793          	addi	a5,a5,1
80002ad0:	16fe2423          	sw	a5,360(t3)
80002ad4:	16070463          	beqz	a4,80002c3c <xTaskResumeAll+0x18c>
80002ad8:	1808a783          	lw	a5,384(a7)
80002adc:	fff78793          	addi	a5,a5,-1
80002ae0:	18f8a023          	sw	a5,384(a7)
80002ae4:	1808a783          	lw	a5,384(a7)
80002ae8:	12079263          	bnez	a5,80002c0c <xTaskResumeAll+0x15c>
80002aec:	800057b7          	lui	a5,0x80005
80002af0:	1a47a783          	lw	a5,420(a5) # 800051a4 <uxCurrentNumberOfTasks>
80002af4:	10078c63          	beqz	a5,80002c0c <xTaskResumeAll+0x15c>
80002af8:	80006837          	lui	a6,0x80006
80002afc:	2f880813          	addi	a6,a6,760 # 800062f8 <pxReadyTasksLists>
80002b00:	08c82783          	lw	a5,140(a6)
80002b04:	80005fb7          	lui	t6,0x80005
80002b08:	16078e63          	beqz	a5,80002c84 <xTaskResumeAll+0x1d4>
80002b0c:	80005eb7          	lui	t4,0x80005
80002b10:	800052b7          	lui	t0,0x80005
80002b14:	80005fb7          	lui	t6,0x80005
80002b18:	00100f13          	li	t5,1
80002b1c:	0ac0006f          	j	80002bc8 <xTaskResumeAll+0x118>
80002b20:	00072683          	lw	a3,0(a4)
80002b24:	0207a423          	sw	zero,40(a5)
80002b28:	fff68693          	addi	a3,a3,-1
80002b2c:	00d72023          	sw	a3,0(a4)
80002b30:	0087a583          	lw	a1,8(a5)
80002b34:	00c7a683          	lw	a3,12(a5)
80002b38:	0147a703          	lw	a4,20(a5)
80002b3c:	19cea603          	lw	a2,412(t4) # 8000519c <uxTopReadyPriority>
80002b40:	00d5a423          	sw	a3,8(a1)
80002b44:	0087a303          	lw	t1,8(a5)
80002b48:	00472583          	lw	a1,4(a4)
80002b4c:	00478513          	addi	a0,a5,4
80002b50:	0066a223          	sw	t1,4(a3)
80002b54:	0ca58e63          	beq	a1,a0,80002c30 <xTaskResumeAll+0x180>
80002b58:	00072683          	lw	a3,0(a4)
80002b5c:	fff68693          	addi	a3,a3,-1
80002b60:	00d72023          	sw	a3,0(a4)
80002b64:	02c7a683          	lw	a3,44(a5)
80002b68:	00269713          	slli	a4,a3,0x2
80002b6c:	00d70733          	add	a4,a4,a3
80002b70:	00271713          	slli	a4,a4,0x2
80002b74:	00e80733          	add	a4,a6,a4
80002b78:	00472583          	lw	a1,4(a4)
80002b7c:	00df16b3          	sll	a3,t5,a3
80002b80:	00c6e6b3          	or	a3,a3,a2
80002b84:	00b7a423          	sw	a1,8(a5)
80002b88:	0085a303          	lw	t1,8(a1)
80002b8c:	00072603          	lw	a2,0(a4)
80002b90:	18deae23          	sw	a3,412(t4)
80002b94:	0067a623          	sw	t1,12(a5)
80002b98:	00a32223          	sw	a0,4(t1)
80002b9c:	00a5a423          	sw	a0,8(a1)
80002ba0:	1b02a583          	lw	a1,432(t0) # 800051b0 <pxCurrentTCB>
80002ba4:	00e7aa23          	sw	a4,20(a5)
80002ba8:	00160693          	addi	a3,a2,1
80002bac:	00d72023          	sw	a3,0(a4)
80002bb0:	02c7a703          	lw	a4,44(a5)
80002bb4:	02c5a783          	lw	a5,44(a1)
80002bb8:	00e7f463          	bgeu	a5,a4,80002bc0 <xTaskResumeAll+0x110>
80002bbc:	19efa823          	sw	t5,400(t6) # 80005190 <xYieldPendings>
80002bc0:	08c82783          	lw	a5,140(a6)
80002bc4:	08078e63          	beqz	a5,80002c60 <xTaskResumeAll+0x1b0>
80002bc8:	09882783          	lw	a5,152(a6)
80002bcc:	00c7a783          	lw	a5,12(a5)
80002bd0:	01c7a583          	lw	a1,28(a5)
80002bd4:	0207a683          	lw	a3,32(a5)
80002bd8:	0287a703          	lw	a4,40(a5)
80002bdc:	01878613          	addi	a2,a5,24
80002be0:	00d5a423          	sw	a3,8(a1)
80002be4:	01c7a503          	lw	a0,28(a5)
80002be8:	00472583          	lw	a1,4(a4)
80002bec:	00a6a223          	sw	a0,4(a3)
80002bf0:	f2c598e3          	bne	a1,a2,80002b20 <xTaskResumeAll+0x70>
80002bf4:	0207a683          	lw	a3,32(a5)
80002bf8:	00d72223          	sw	a3,4(a4)
80002bfc:	f25ff06f          	j	80002b20 <xTaskResumeAll+0x70>
80002c00:	1806aa23          	sw	zero,404(a3)
80002c04:	190fa783          	lw	a5,400(t6)
80002c08:	0e079063          	bnez	a5,80002ce8 <xTaskResumeAll+0x238>
80002c0c:	00000513          	li	a0,0
80002c10:	168e2783          	lw	a5,360(t3)
80002c14:	fff78793          	addi	a5,a5,-1
80002c18:	16fe2423          	sw	a5,360(t3)
80002c1c:	00079463          	bnez	a5,80002c24 <xTaskResumeAll+0x174>
80002c20:	30046073          	csrsi	mstatus,8
80002c24:	01c12083          	lw	ra,28(sp)
80002c28:	02010113          	addi	sp,sp,32
80002c2c:	00008067          	ret
80002c30:	00c7a683          	lw	a3,12(a5)
80002c34:	00d72223          	sw	a3,4(a4)
80002c38:	f21ff06f          	j	80002b58 <xTaskResumeAll+0xa8>
80002c3c:	80005537          	lui	a0,0x80005
80002c40:	000015b7          	lui	a1,0x1
80002c44:	f8b58593          	addi	a1,a1,-117 # f8b <_start-0x7ffff075>
80002c48:	fb850513          	addi	a0,a0,-72 # 80004fb8 <__clzsi2+0x2b8>
80002c4c:	ffffe097          	auipc	ra,0xffffe
80002c50:	968080e7          	jalr	-1688(ra) # 800005b4 <vAssertCalled>
80002c54:	800058b7          	lui	a7,0x80005
80002c58:	80005e37          	lui	t3,0x80005
80002c5c:	e7dff06f          	j	80002ad8 <xTaskResumeAll+0x28>
80002c60:	800057b7          	lui	a5,0x80005
80002c64:	1ac7a703          	lw	a4,428(a5) # 800051ac <pxDelayedTaskList>
80002c68:	00072703          	lw	a4,0(a4)
80002c6c:	08070863          	beqz	a4,80002cfc <xTaskResumeAll+0x24c>
80002c70:	1ac7a703          	lw	a4,428(a5)
80002c74:	800057b7          	lui	a5,0x80005
80002c78:	00c72703          	lw	a4,12(a4)
80002c7c:	00072703          	lw	a4,0(a4)
80002c80:	18e7a223          	sw	a4,388(a5) # 80005184 <xNextTaskUnblockTime>
80002c84:	800056b7          	lui	a3,0x80005
80002c88:	1946a783          	lw	a5,404(a3) # 80005194 <xPendedTicks>
80002c8c:	f6078ce3          	beqz	a5,80002c04 <xTaskResumeAll+0x154>
80002c90:	1808a703          	lw	a4,384(a7) # 80005180 <uxSchedulerSuspended>
80002c94:	04071263          	bnez	a4,80002cd8 <xTaskResumeAll+0x228>
80002c98:	01f12623          	sw	t6,12(sp)
80002c9c:	00f12423          	sw	a5,8(sp)
80002ca0:	fffff097          	auipc	ra,0xfffff
80002ca4:	6ec080e7          	jalr	1772(ra) # 8000238c <xTaskIncrementTick.part.0>
80002ca8:	00812783          	lw	a5,8(sp)
80002cac:	00c12f83          	lw	t6,12(sp)
80002cb0:	80005e37          	lui	t3,0x80005
80002cb4:	800058b7          	lui	a7,0x80005
80002cb8:	800056b7          	lui	a3,0x80005
80002cbc:	00050663          	beqz	a0,80002cc8 <xTaskResumeAll+0x218>
80002cc0:	00100713          	li	a4,1
80002cc4:	18efa823          	sw	a4,400(t6)
80002cc8:	fff78793          	addi	a5,a5,-1
80002ccc:	f2078ae3          	beqz	a5,80002c00 <xTaskResumeAll+0x150>
80002cd0:	1808a703          	lw	a4,384(a7) # 80005180 <uxSchedulerSuspended>
80002cd4:	fc0702e3          	beqz	a4,80002c98 <xTaskResumeAll+0x1e8>
80002cd8:	1946a703          	lw	a4,404(a3) # 80005194 <xPendedTicks>
80002cdc:	00170713          	addi	a4,a4,1
80002ce0:	18e6aa23          	sw	a4,404(a3)
80002ce4:	fe5ff06f          	j	80002cc8 <xTaskResumeAll+0x218>
80002ce8:	800057b7          	lui	a5,0x80005
80002cec:	1b07a783          	lw	a5,432(a5) # 800051b0 <pxCurrentTCB>
80002cf0:	00000073          	ecall
80002cf4:	00100513          	li	a0,1
80002cf8:	f19ff06f          	j	80002c10 <xTaskResumeAll+0x160>
80002cfc:	800057b7          	lui	a5,0x80005
80002d00:	fff00713          	li	a4,-1
80002d04:	18e7a223          	sw	a4,388(a5) # 80005184 <xNextTaskUnblockTime>
80002d08:	f7dff06f          	j	80002c84 <xTaskResumeAll+0x1d4>

80002d0c <vTaskDelay>:
80002d0c:	00051663          	bnez	a0,80002d18 <vTaskDelay+0xc>
80002d10:	00000073          	ecall
80002d14:	00008067          	ret
80002d18:	80005737          	lui	a4,0x80005
80002d1c:	18072683          	lw	a3,384(a4) # 80005180 <uxSchedulerSuspended>
80002d20:	fe010113          	addi	sp,sp,-32
80002d24:	00112e23          	sw	ra,28(sp)
80002d28:	00168693          	addi	a3,a3,1
80002d2c:	00050793          	mv	a5,a0
80002d30:	18d72023          	sw	a3,384(a4)
80002d34:	18072683          	lw	a3,384(a4)
80002d38:	00100713          	li	a4,1
80002d3c:	02e69663          	bne	a3,a4,80002d68 <vTaskDelay+0x5c>
80002d40:	00078513          	mv	a0,a5
80002d44:	fffff097          	auipc	ra,0xfffff
80002d48:	540080e7          	jalr	1344(ra) # 80002284 <prvAddCurrentTaskToDelayedList.isra.0>
80002d4c:	00000097          	auipc	ra,0x0
80002d50:	d64080e7          	jalr	-668(ra) # 80002ab0 <xTaskResumeAll>
80002d54:	00051463          	bnez	a0,80002d5c <vTaskDelay+0x50>
80002d58:	00000073          	ecall
80002d5c:	01c12083          	lw	ra,28(sp)
80002d60:	02010113          	addi	sp,sp,32
80002d64:	00008067          	ret
80002d68:	00a12623          	sw	a0,12(sp)
80002d6c:	000015b7          	lui	a1,0x1
80002d70:	80005537          	lui	a0,0x80005
80002d74:	98e58593          	addi	a1,a1,-1650 # 98e <_start-0x7ffff672>
80002d78:	fb850513          	addi	a0,a0,-72 # 80004fb8 <__clzsi2+0x2b8>
80002d7c:	ffffe097          	auipc	ra,0xffffe
80002d80:	838080e7          	jalr	-1992(ra) # 800005b4 <vAssertCalled>
80002d84:	00c12783          	lw	a5,12(sp)
80002d88:	00078513          	mv	a0,a5
80002d8c:	fffff097          	auipc	ra,0xfffff
80002d90:	4f8080e7          	jalr	1272(ra) # 80002284 <prvAddCurrentTaskToDelayedList.isra.0>
80002d94:	00000097          	auipc	ra,0x0
80002d98:	d1c080e7          	jalr	-740(ra) # 80002ab0 <xTaskResumeAll>
80002d9c:	fa050ee3          	beqz	a0,80002d58 <vTaskDelay+0x4c>
80002da0:	fbdff06f          	j	80002d5c <vTaskDelay+0x50>

80002da4 <xTaskGetTickCount>:
80002da4:	800057b7          	lui	a5,0x80005
80002da8:	1a07a503          	lw	a0,416(a5) # 800051a0 <xTickCount>
80002dac:	00008067          	ret

80002db0 <xTaskGetTickCountFromISR>:
80002db0:	800057b7          	lui	a5,0x80005
80002db4:	1a07a503          	lw	a0,416(a5) # 800051a0 <xTickCount>
80002db8:	00008067          	ret

80002dbc <uxTaskGetNumberOfTasks>:
80002dbc:	800057b7          	lui	a5,0x80005
80002dc0:	1a47a503          	lw	a0,420(a5) # 800051a4 <uxCurrentNumberOfTasks>
80002dc4:	00008067          	ret

80002dc8 <pcTaskGetName>:
80002dc8:	00050793          	mv	a5,a0
80002dcc:	00050663          	beqz	a0,80002dd8 <pcTaskGetName+0x10>
80002dd0:	03478513          	addi	a0,a5,52
80002dd4:	00008067          	ret
80002dd8:	800057b7          	lui	a5,0x80005
80002ddc:	1b07a783          	lw	a5,432(a5) # 800051b0 <pxCurrentTCB>
80002de0:	fe0798e3          	bnez	a5,80002dd0 <pcTaskGetName+0x8>
80002de4:	80005537          	lui	a0,0x80005
80002de8:	000015b7          	lui	a1,0x1
80002dec:	fe010113          	addi	sp,sp,-32
80002df0:	fb850513          	addi	a0,a0,-72 # 80004fb8 <__clzsi2+0x2b8>
80002df4:	05558593          	addi	a1,a1,85 # 1055 <_start-0x7fffefab>
80002df8:	00112e23          	sw	ra,28(sp)
80002dfc:	00f12623          	sw	a5,12(sp)
80002e00:	ffffd097          	auipc	ra,0xffffd
80002e04:	7b4080e7          	jalr	1972(ra) # 800005b4 <vAssertCalled>
80002e08:	00c12783          	lw	a5,12(sp)
80002e0c:	01c12083          	lw	ra,28(sp)
80002e10:	03478513          	addi	a0,a5,52
80002e14:	02010113          	addi	sp,sp,32
80002e18:	00008067          	ret

80002e1c <xTaskGetStaticBuffers>:
80002e1c:	fe010113          	addi	sp,sp,-32
80002e20:	00112e23          	sw	ra,28(sp)
80002e24:	00058713          	mv	a4,a1
80002e28:	00050793          	mv	a5,a0
80002e2c:	08058063          	beqz	a1,80002eac <xTaskGetStaticBuffers+0x90>
80002e30:	04060463          	beqz	a2,80002e78 <xTaskGetStaticBuffers+0x5c>
80002e34:	02078063          	beqz	a5,80002e54 <xTaskGetStaticBuffers+0x38>
80002e38:	0307a683          	lw	a3,48(a5)
80002e3c:	01c12083          	lw	ra,28(sp)
80002e40:	00100513          	li	a0,1
80002e44:	00d72023          	sw	a3,0(a4)
80002e48:	00f62023          	sw	a5,0(a2)
80002e4c:	02010113          	addi	sp,sp,32
80002e50:	00008067          	ret
80002e54:	800057b7          	lui	a5,0x80005
80002e58:	1b07a783          	lw	a5,432(a5) # 800051b0 <pxCurrentTCB>
80002e5c:	01c12083          	lw	ra,28(sp)
80002e60:	00100513          	li	a0,1
80002e64:	0307a683          	lw	a3,48(a5)
80002e68:	00d72023          	sw	a3,0(a4)
80002e6c:	00f62023          	sw	a5,0(a2)
80002e70:	02010113          	addi	sp,sp,32
80002e74:	00008067          	ret
80002e78:	80005537          	lui	a0,0x80005
80002e7c:	000015b7          	lui	a1,0x1
80002e80:	0f558593          	addi	a1,a1,245 # 10f5 <_start-0x7fffef0b>
80002e84:	fb850513          	addi	a0,a0,-72 # 80004fb8 <__clzsi2+0x2b8>
80002e88:	00c12623          	sw	a2,12(sp)
80002e8c:	00e12423          	sw	a4,8(sp)
80002e90:	00f12223          	sw	a5,4(sp)
80002e94:	ffffd097          	auipc	ra,0xffffd
80002e98:	720080e7          	jalr	1824(ra) # 800005b4 <vAssertCalled>
80002e9c:	00c12603          	lw	a2,12(sp)
80002ea0:	00812703          	lw	a4,8(sp)
80002ea4:	00412783          	lw	a5,4(sp)
80002ea8:	f8dff06f          	j	80002e34 <xTaskGetStaticBuffers+0x18>
80002eac:	00b12423          	sw	a1,8(sp)
80002eb0:	00a12223          	sw	a0,4(sp)
80002eb4:	000015b7          	lui	a1,0x1
80002eb8:	80005537          	lui	a0,0x80005
80002ebc:	0f458593          	addi	a1,a1,244 # 10f4 <_start-0x7fffef0c>
80002ec0:	fb850513          	addi	a0,a0,-72 # 80004fb8 <__clzsi2+0x2b8>
80002ec4:	00c12623          	sw	a2,12(sp)
80002ec8:	ffffd097          	auipc	ra,0xffffd
80002ecc:	6ec080e7          	jalr	1772(ra) # 800005b4 <vAssertCalled>
80002ed0:	00c12603          	lw	a2,12(sp)
80002ed4:	00812703          	lw	a4,8(sp)
80002ed8:	00412783          	lw	a5,4(sp)
80002edc:	f4061ce3          	bnez	a2,80002e34 <xTaskGetStaticBuffers+0x18>
80002ee0:	f99ff06f          	j	80002e78 <xTaskGetStaticBuffers+0x5c>

80002ee4 <xTaskCatchUpTicks>:
80002ee4:	800057b7          	lui	a5,0x80005
80002ee8:	1807a703          	lw	a4,384(a5) # 80005180 <uxSchedulerSuspended>
80002eec:	fe010113          	addi	sp,sp,-32
80002ef0:	00112e23          	sw	ra,28(sp)
80002ef4:	00050693          	mv	a3,a0
80002ef8:	04071263          	bnez	a4,80002f3c <xTaskCatchUpTicks+0x58>
80002efc:	1807a703          	lw	a4,384(a5)
80002f00:	00170713          	addi	a4,a4,1
80002f04:	18e7a023          	sw	a4,384(a5)
80002f08:	30047073          	csrci	mstatus,8
80002f0c:	800057b7          	lui	a5,0x80005
80002f10:	1947a503          	lw	a0,404(a5) # 80005194 <xPendedTicks>
80002f14:	80005737          	lui	a4,0x80005
80002f18:	16872703          	lw	a4,360(a4) # 80005168 <xCriticalNesting>
80002f1c:	00d50533          	add	a0,a0,a3
80002f20:	18a7aa23          	sw	a0,404(a5)
80002f24:	00071463          	bnez	a4,80002f2c <xTaskCatchUpTicks+0x48>
80002f28:	30046073          	csrsi	mstatus,8
80002f2c:	01c12083          	lw	ra,28(sp)
80002f30:	02010113          	addi	sp,sp,32
80002f34:	00000317          	auipc	t1,0x0
80002f38:	b7c30067          	jr	-1156(t1) # 80002ab0 <xTaskResumeAll>
80002f3c:	00a12623          	sw	a0,12(sp)
80002f40:	000015b7          	lui	a1,0x1
80002f44:	80005537          	lui	a0,0x80005
80002f48:	1ca58593          	addi	a1,a1,458 # 11ca <_start-0x7fffee36>
80002f4c:	fb850513          	addi	a0,a0,-72 # 80004fb8 <__clzsi2+0x2b8>
80002f50:	ffffd097          	auipc	ra,0xffffd
80002f54:	664080e7          	jalr	1636(ra) # 800005b4 <vAssertCalled>
80002f58:	00c12683          	lw	a3,12(sp)
80002f5c:	800057b7          	lui	a5,0x80005
80002f60:	f9dff06f          	j	80002efc <xTaskCatchUpTicks+0x18>

80002f64 <xTaskIncrementTick>:
80002f64:	800057b7          	lui	a5,0x80005
80002f68:	1807a783          	lw	a5,384(a5) # 80005180 <uxSchedulerSuspended>
80002f6c:	00079663          	bnez	a5,80002f78 <xTaskIncrementTick+0x14>
80002f70:	fffff317          	auipc	t1,0xfffff
80002f74:	41c30067          	jr	1052(t1) # 8000238c <xTaskIncrementTick.part.0>
80002f78:	80005737          	lui	a4,0x80005
80002f7c:	19472783          	lw	a5,404(a4) # 80005194 <xPendedTicks>
80002f80:	00000513          	li	a0,0
80002f84:	00178793          	addi	a5,a5,1
80002f88:	18f72a23          	sw	a5,404(a4)
80002f8c:	00008067          	ret

80002f90 <vTaskSwitchContext>:
80002f90:	800057b7          	lui	a5,0x80005
80002f94:	1807a783          	lw	a5,384(a5) # 80005180 <uxSchedulerSuspended>
80002f98:	00078a63          	beqz	a5,80002fac <vTaskSwitchContext+0x1c>
80002f9c:	800057b7          	lui	a5,0x80005
80002fa0:	00100713          	li	a4,1
80002fa4:	18e7a823          	sw	a4,400(a5) # 80005190 <xYieldPendings>
80002fa8:	00008067          	ret
80002fac:	fe010113          	addi	sp,sp,-32
80002fb0:	800057b7          	lui	a5,0x80005
80002fb4:	1807a823          	sw	zero,400(a5) # 80005190 <xYieldPendings>
80002fb8:	00812c23          	sw	s0,24(sp)
80002fbc:	80005437          	lui	s0,0x80005
80002fc0:	1b042703          	lw	a4,432(s0) # 800051b0 <pxCurrentTCB>
80002fc4:	a5a5a7b7          	lui	a5,0xa5a5a
80002fc8:	00112e23          	sw	ra,28(sp)
80002fcc:	03072703          	lw	a4,48(a4)
80002fd0:	5a578793          	addi	a5,a5,1445 # a5a5a5a5 <__stack_top+0x259da5a5>
80002fd4:	00072683          	lw	a3,0(a4)
80002fd8:	00f69663          	bne	a3,a5,80002fe4 <vTaskSwitchContext+0x54>
80002fdc:	00472783          	lw	a5,4(a4)
80002fe0:	08d78863          	beq	a5,a3,80003070 <vTaskSwitchContext+0xe0>
80002fe4:	1b042583          	lw	a1,432(s0)
80002fe8:	1b042503          	lw	a0,432(s0)
80002fec:	03458593          	addi	a1,a1,52
80002ff0:	ffffd097          	auipc	ra,0xffffd
80002ff4:	6bc080e7          	jalr	1724(ra) # 800006ac <vApplicationStackOverflowHook>
80002ff8:	800057b7          	lui	a5,0x80005
80002ffc:	19c7a503          	lw	a0,412(a5) # 8000519c <uxTopReadyPriority>
80003000:	00002097          	auipc	ra,0x2
80003004:	d00080e7          	jalr	-768(ra) # 80004d00 <__clzsi2>
80003008:	01f00693          	li	a3,31
8000300c:	40a686b3          	sub	a3,a3,a0
80003010:	00269793          	slli	a5,a3,0x2
80003014:	00d78633          	add	a2,a5,a3
80003018:	80006737          	lui	a4,0x80006
8000301c:	00261613          	slli	a2,a2,0x2
80003020:	2f870713          	addi	a4,a4,760 # 800062f8 <pxReadyTasksLists>
80003024:	00c70633          	add	a2,a4,a2
80003028:	00062603          	lw	a2,0(a2)
8000302c:	04060c63          	beqz	a2,80003084 <vTaskSwitchContext+0xf4>
80003030:	00d787b3          	add	a5,a5,a3
80003034:	00279793          	slli	a5,a5,0x2
80003038:	00f706b3          	add	a3,a4,a5
8000303c:	0046a603          	lw	a2,4(a3)
80003040:	00878793          	addi	a5,a5,8
80003044:	00f70733          	add	a4,a4,a5
80003048:	00462783          	lw	a5,4(a2)
8000304c:	00f6a223          	sw	a5,4(a3)
80003050:	06e78463          	beq	a5,a4,800030b8 <vTaskSwitchContext+0x128>
80003054:	00c7a783          	lw	a5,12(a5)
80003058:	01c12083          	lw	ra,28(sp)
8000305c:	1af42823          	sw	a5,432(s0)
80003060:	1b042783          	lw	a5,432(s0)
80003064:	01812403          	lw	s0,24(sp)
80003068:	02010113          	addi	sp,sp,32
8000306c:	00008067          	ret
80003070:	00872683          	lw	a3,8(a4)
80003074:	f6f698e3          	bne	a3,a5,80002fe4 <vTaskSwitchContext+0x54>
80003078:	00c72783          	lw	a5,12(a4)
8000307c:	f6d794e3          	bne	a5,a3,80002fe4 <vTaskSwitchContext+0x54>
80003080:	f79ff06f          	j	80002ff8 <vTaskSwitchContext+0x68>
80003084:	80005537          	lui	a0,0x80005
80003088:	000015b7          	lui	a1,0x1
8000308c:	3fa58593          	addi	a1,a1,1018 # 13fa <_start-0x7fffec06>
80003090:	fb850513          	addi	a0,a0,-72 # 80004fb8 <__clzsi2+0x2b8>
80003094:	00f12623          	sw	a5,12(sp)
80003098:	00d12423          	sw	a3,8(sp)
8000309c:	ffffd097          	auipc	ra,0xffffd
800030a0:	518080e7          	jalr	1304(ra) # 800005b4 <vAssertCalled>
800030a4:	800067b7          	lui	a5,0x80006
800030a8:	2f878713          	addi	a4,a5,760 # 800062f8 <pxReadyTasksLists>
800030ac:	00812683          	lw	a3,8(sp)
800030b0:	00c12783          	lw	a5,12(sp)
800030b4:	f7dff06f          	j	80003030 <vTaskSwitchContext+0xa0>
800030b8:	00c6a783          	lw	a5,12(a3)
800030bc:	00f6a223          	sw	a5,4(a3)
800030c0:	f95ff06f          	j	80003054 <vTaskSwitchContext+0xc4>

800030c4 <vTaskPlaceOnEventList>:
800030c4:	fe010113          	addi	sp,sp,-32
800030c8:	00812c23          	sw	s0,24(sp)
800030cc:	00112e23          	sw	ra,28(sp)
800030d0:	00050793          	mv	a5,a0
800030d4:	00058413          	mv	s0,a1
800030d8:	02050a63          	beqz	a0,8000310c <vTaskPlaceOnEventList+0x48>
800030dc:	80005737          	lui	a4,0x80005
800030e0:	1b072583          	lw	a1,432(a4) # 800051b0 <pxCurrentTCB>
800030e4:	00078513          	mv	a0,a5
800030e8:	01858593          	addi	a1,a1,24
800030ec:	ffffe097          	auipc	ra,0xffffe
800030f0:	9c8080e7          	jalr	-1592(ra) # 80000ab4 <vListInsert>
800030f4:	00040513          	mv	a0,s0
800030f8:	01812403          	lw	s0,24(sp)
800030fc:	01c12083          	lw	ra,28(sp)
80003100:	02010113          	addi	sp,sp,32
80003104:	fffff317          	auipc	t1,0xfffff
80003108:	18030067          	jr	384(t1) # 80002284 <prvAddCurrentTaskToDelayedList.isra.0>
8000310c:	00a12623          	sw	a0,12(sp)
80003110:	000015b7          	lui	a1,0x1
80003114:	80005537          	lui	a0,0x80005
80003118:	48058593          	addi	a1,a1,1152 # 1480 <_start-0x7fffeb80>
8000311c:	fb850513          	addi	a0,a0,-72 # 80004fb8 <__clzsi2+0x2b8>
80003120:	ffffd097          	auipc	ra,0xffffd
80003124:	494080e7          	jalr	1172(ra) # 800005b4 <vAssertCalled>
80003128:	00c12783          	lw	a5,12(sp)
8000312c:	fb1ff06f          	j	800030dc <vTaskPlaceOnEventList+0x18>

80003130 <vTaskPlaceOnUnorderedEventList>:
80003130:	fe010113          	addi	sp,sp,-32
80003134:	00112e23          	sw	ra,28(sp)
80003138:	00050713          	mv	a4,a0
8000313c:	00058813          	mv	a6,a1
80003140:	0a050863          	beqz	a0,800031f0 <vTaskPlaceOnUnorderedEventList+0xc0>
80003144:	800057b7          	lui	a5,0x80005
80003148:	1807a783          	lw	a5,384(a5) # 80005180 <uxSchedulerSuspended>
8000314c:	06078863          	beqz	a5,800031bc <vTaskPlaceOnUnorderedEventList+0x8c>
80003150:	800057b7          	lui	a5,0x80005
80003154:	1b07a503          	lw	a0,432(a5) # 800051b0 <pxCurrentTCB>
80003158:	00472683          	lw	a3,4(a4)
8000315c:	1b07a583          	lw	a1,432(a5)
80003160:	800008b7          	lui	a7,0x80000
80003164:	01186833          	or	a6,a6,a7
80003168:	01052c23          	sw	a6,24(a0)
8000316c:	00d5ae23          	sw	a3,28(a1)
80003170:	1b07a883          	lw	a7,432(a5)
80003174:	0086a803          	lw	a6,8(a3)
80003178:	1b07a503          	lw	a0,432(a5)
8000317c:	1b07a583          	lw	a1,432(a5)
80003180:	0308a023          	sw	a6,32(a7) # 80000020 <_start+0x20>
80003184:	01850513          	addi	a0,a0,24
80003188:	1b07a883          	lw	a7,432(a5)
8000318c:	00072783          	lw	a5,0(a4)
80003190:	01858593          	addi	a1,a1,24
80003194:	00a82223          	sw	a0,4(a6)
80003198:	00b6a423          	sw	a1,8(a3)
8000319c:	01c12083          	lw	ra,28(sp)
800031a0:	02e8a423          	sw	a4,40(a7)
800031a4:	00178793          	addi	a5,a5,1
800031a8:	00f72023          	sw	a5,0(a4)
800031ac:	00060513          	mv	a0,a2
800031b0:	02010113          	addi	sp,sp,32
800031b4:	fffff317          	auipc	t1,0xfffff
800031b8:	0d030067          	jr	208(t1) # 80002284 <prvAddCurrentTaskToDelayedList.isra.0>
800031bc:	80005537          	lui	a0,0x80005
800031c0:	000015b7          	lui	a1,0x1
800031c4:	4a258593          	addi	a1,a1,1186 # 14a2 <_start-0x7fffeb5e>
800031c8:	fb850513          	addi	a0,a0,-72 # 80004fb8 <__clzsi2+0x2b8>
800031cc:	00c12623          	sw	a2,12(sp)
800031d0:	01012423          	sw	a6,8(sp)
800031d4:	00e12223          	sw	a4,4(sp)
800031d8:	ffffd097          	auipc	ra,0xffffd
800031dc:	3dc080e7          	jalr	988(ra) # 800005b4 <vAssertCalled>
800031e0:	00c12603          	lw	a2,12(sp)
800031e4:	00812803          	lw	a6,8(sp)
800031e8:	00412703          	lw	a4,4(sp)
800031ec:	f65ff06f          	j	80003150 <vTaskPlaceOnUnorderedEventList+0x20>
800031f0:	00b12423          	sw	a1,8(sp)
800031f4:	00a12223          	sw	a0,4(sp)
800031f8:	000015b7          	lui	a1,0x1
800031fc:	80005537          	lui	a0,0x80005
80003200:	49e58593          	addi	a1,a1,1182 # 149e <_start-0x7fffeb62>
80003204:	fb850513          	addi	a0,a0,-72 # 80004fb8 <__clzsi2+0x2b8>
80003208:	00c12623          	sw	a2,12(sp)
8000320c:	ffffd097          	auipc	ra,0xffffd
80003210:	3a8080e7          	jalr	936(ra) # 800005b4 <vAssertCalled>
80003214:	00c12603          	lw	a2,12(sp)
80003218:	00812803          	lw	a6,8(sp)
8000321c:	00412703          	lw	a4,4(sp)
80003220:	f25ff06f          	j	80003144 <vTaskPlaceOnUnorderedEventList+0x14>

80003224 <xTaskRemoveFromEventList>:
80003224:	00c52783          	lw	a5,12(a0)
80003228:	fe010113          	addi	sp,sp,-32
8000322c:	00112e23          	sw	ra,28(sp)
80003230:	00c7a783          	lw	a5,12(a5)
80003234:	14078863          	beqz	a5,80003384 <xTaskRemoveFromEventList+0x160>
80003238:	01c7a583          	lw	a1,28(a5)
8000323c:	0207a683          	lw	a3,32(a5)
80003240:	0287a703          	lw	a4,40(a5)
80003244:	01878613          	addi	a2,a5,24
80003248:	00d5a423          	sw	a3,8(a1)
8000324c:	01c7a503          	lw	a0,28(a5)
80003250:	00472583          	lw	a1,4(a4)
80003254:	00a6a223          	sw	a0,4(a3)
80003258:	10c58a63          	beq	a1,a2,8000336c <xTaskRemoveFromEventList+0x148>
8000325c:	00072683          	lw	a3,0(a4)
80003260:	800055b7          	lui	a1,0x80005
80003264:	1805a583          	lw	a1,384(a1) # 80005180 <uxSchedulerSuspended>
80003268:	0207a423          	sw	zero,40(a5)
8000326c:	fff68693          	addi	a3,a3,-1
80003270:	00d72023          	sw	a3,0(a4)
80003274:	0c059063          	bnez	a1,80003334 <xTaskRemoveFromEventList+0x110>
80003278:	0087a603          	lw	a2,8(a5)
8000327c:	00c7a703          	lw	a4,12(a5)
80003280:	0147a683          	lw	a3,20(a5)
80003284:	00478513          	addi	a0,a5,4
80003288:	00e62423          	sw	a4,8(a2)
8000328c:	0087a583          	lw	a1,8(a5)
80003290:	0046a603          	lw	a2,4(a3)
80003294:	00b72223          	sw	a1,4(a4)
80003298:	0ea60063          	beq	a2,a0,80003378 <xTaskRemoveFromEventList+0x154>
8000329c:	0006a603          	lw	a2,0(a3)
800032a0:	80006737          	lui	a4,0x80006
800032a4:	2f870713          	addi	a4,a4,760 # 800062f8 <pxReadyTasksLists>
800032a8:	fff60613          	addi	a2,a2,-1
800032ac:	00c6a023          	sw	a2,0(a3)
800032b0:	02c7a803          	lw	a6,44(a5)
800032b4:	800058b7          	lui	a7,0x80005
800032b8:	19c8ae03          	lw	t3,412(a7) # 8000519c <uxTopReadyPriority>
800032bc:	00281693          	slli	a3,a6,0x2
800032c0:	010686b3          	add	a3,a3,a6
800032c4:	00269693          	slli	a3,a3,0x2
800032c8:	00d70733          	add	a4,a4,a3
800032cc:	00472583          	lw	a1,4(a4)
800032d0:	00072603          	lw	a2,0(a4)
800032d4:	00100693          	li	a3,1
800032d8:	00b7a423          	sw	a1,8(a5)
800032dc:	0085a303          	lw	t1,8(a1)
800032e0:	010696b3          	sll	a3,a3,a6
800032e4:	00160613          	addi	a2,a2,1
800032e8:	0067a623          	sw	t1,12(a5)
800032ec:	00a32223          	sw	a0,4(t1)
800032f0:	00a5a423          	sw	a0,8(a1)
800032f4:	00e7aa23          	sw	a4,20(a5)
800032f8:	01c6e6b3          	or	a3,a3,t3
800032fc:	00c72023          	sw	a2,0(a4)
80003300:	18d8ae23          	sw	a3,412(a7)
80003304:	80005737          	lui	a4,0x80005
80003308:	1b072683          	lw	a3,432(a4) # 800051b0 <pxCurrentTCB>
8000330c:	02c7a703          	lw	a4,44(a5)
80003310:	00000513          	li	a0,0
80003314:	02c6a783          	lw	a5,44(a3)
80003318:	00e7f863          	bgeu	a5,a4,80003328 <xTaskRemoveFromEventList+0x104>
8000331c:	800057b7          	lui	a5,0x80005
80003320:	00100513          	li	a0,1
80003324:	18a7a823          	sw	a0,400(a5) # 80005190 <xYieldPendings>
80003328:	01c12083          	lw	ra,28(sp)
8000332c:	02010113          	addi	sp,sp,32
80003330:	00008067          	ret
80003334:	80006737          	lui	a4,0x80006
80003338:	2f870713          	addi	a4,a4,760 # 800062f8 <pxReadyTasksLists>
8000333c:	09072683          	lw	a3,144(a4)
80003340:	08c72583          	lw	a1,140(a4)
80003344:	08c70813          	addi	a6,a4,140
80003348:	00d7ae23          	sw	a3,28(a5)
8000334c:	0086a503          	lw	a0,8(a3)
80003350:	00158593          	addi	a1,a1,1
80003354:	08b72623          	sw	a1,140(a4)
80003358:	02a7a023          	sw	a0,32(a5)
8000335c:	00c52223          	sw	a2,4(a0)
80003360:	00c6a423          	sw	a2,8(a3)
80003364:	0307a423          	sw	a6,40(a5)
80003368:	f9dff06f          	j	80003304 <xTaskRemoveFromEventList+0xe0>
8000336c:	0207a683          	lw	a3,32(a5)
80003370:	00d72223          	sw	a3,4(a4)
80003374:	ee9ff06f          	j	8000325c <xTaskRemoveFromEventList+0x38>
80003378:	00c7a703          	lw	a4,12(a5)
8000337c:	00e6a223          	sw	a4,4(a3)
80003380:	f1dff06f          	j	8000329c <xTaskRemoveFromEventList+0x78>
80003384:	80005537          	lui	a0,0x80005
80003388:	000015b7          	lui	a1,0x1
8000338c:	4f558593          	addi	a1,a1,1269 # 14f5 <_start-0x7fffeb0b>
80003390:	fb850513          	addi	a0,a0,-72 # 80004fb8 <__clzsi2+0x2b8>
80003394:	00f12623          	sw	a5,12(sp)
80003398:	ffffd097          	auipc	ra,0xffffd
8000339c:	21c080e7          	jalr	540(ra) # 800005b4 <vAssertCalled>
800033a0:	00c12783          	lw	a5,12(sp)
800033a4:	e95ff06f          	j	80003238 <xTaskRemoveFromEventList+0x14>

800033a8 <vTaskRemoveFromUnorderedEventList>:
800033a8:	800057b7          	lui	a5,0x80005
800033ac:	1807a783          	lw	a5,384(a5) # 80005180 <uxSchedulerSuspended>
800033b0:	fe010113          	addi	sp,sp,-32
800033b4:	00112e23          	sw	ra,28(sp)
800033b8:	00050713          	mv	a4,a0
800033bc:	00058693          	mv	a3,a1
800033c0:	0e078c63          	beqz	a5,800034b8 <vTaskRemoveFromUnorderedEventList+0x110>
800033c4:	80000637          	lui	a2,0x80000
800033c8:	00c72783          	lw	a5,12(a4)
800033cc:	00c6e6b3          	or	a3,a3,a2
800033d0:	00d72023          	sw	a3,0(a4)
800033d4:	12078063          	beqz	a5,800034f4 <vTaskRemoveFromUnorderedEventList+0x14c>
800033d8:	01072683          	lw	a3,16(a4)
800033dc:	00472583          	lw	a1,4(a4)
800033e0:	00872603          	lw	a2,8(a4)
800033e4:	0046a503          	lw	a0,4(a3)
800033e8:	00c5a423          	sw	a2,8(a1)
800033ec:	00b62223          	sw	a1,4(a2) # 80000004 <_start+0x4>
800033f0:	14e50463          	beq	a0,a4,80003538 <vTaskRemoveFromUnorderedEventList+0x190>
800033f4:	00072823          	sw	zero,16(a4)
800033f8:	0006a703          	lw	a4,0(a3)
800033fc:	0087a583          	lw	a1,8(a5)
80003400:	00c7a603          	lw	a2,12(a5)
80003404:	fff70713          	addi	a4,a4,-1
80003408:	00e6a023          	sw	a4,0(a3)
8000340c:	0147a683          	lw	a3,20(a5)
80003410:	00c5a423          	sw	a2,8(a1)
80003414:	0087a583          	lw	a1,8(a5)
80003418:	0046a703          	lw	a4,4(a3)
8000341c:	00478513          	addi	a0,a5,4
80003420:	00b62223          	sw	a1,4(a2)
80003424:	10a70e63          	beq	a4,a0,80003540 <vTaskRemoveFromUnorderedEventList+0x198>
80003428:	0006a603          	lw	a2,0(a3)
8000342c:	80006737          	lui	a4,0x80006
80003430:	2f870713          	addi	a4,a4,760 # 800062f8 <pxReadyTasksLists>
80003434:	fff60613          	addi	a2,a2,-1
80003438:	00c6a023          	sw	a2,0(a3)
8000343c:	02c7a683          	lw	a3,44(a5)
80003440:	80005837          	lui	a6,0x80005
80003444:	19c82e03          	lw	t3,412(a6) # 8000519c <uxTopReadyPriority>
80003448:	00269613          	slli	a2,a3,0x2
8000344c:	00d60633          	add	a2,a2,a3
80003450:	00261613          	slli	a2,a2,0x2
80003454:	00c70733          	add	a4,a4,a2
80003458:	00472583          	lw	a1,4(a4)
8000345c:	00100313          	li	t1,1
80003460:	00d316b3          	sll	a3,t1,a3
80003464:	00b7a423          	sw	a1,8(a5)
80003468:	0085a883          	lw	a7,8(a1)
8000346c:	00072603          	lw	a2,0(a4)
80003470:	01c6e6b3          	or	a3,a3,t3
80003474:	0117a623          	sw	a7,12(a5)
80003478:	00a8a223          	sw	a0,4(a7)
8000347c:	18d82e23          	sw	a3,412(a6)
80003480:	800056b7          	lui	a3,0x80005
80003484:	00a5a423          	sw	a0,8(a1)
80003488:	1b06a583          	lw	a1,432(a3) # 800051b0 <pxCurrentTCB>
8000348c:	00e7aa23          	sw	a4,20(a5)
80003490:	006606b3          	add	a3,a2,t1
80003494:	00d72023          	sw	a3,0(a4)
80003498:	02c7a703          	lw	a4,44(a5)
8000349c:	02c5a783          	lw	a5,44(a1)
800034a0:	00e7f663          	bgeu	a5,a4,800034ac <vTaskRemoveFromUnorderedEventList+0x104>
800034a4:	800057b7          	lui	a5,0x80005
800034a8:	1867a823          	sw	t1,400(a5) # 80005190 <xYieldPendings>
800034ac:	01c12083          	lw	ra,28(sp)
800034b0:	02010113          	addi	sp,sp,32
800034b4:	00008067          	ret
800034b8:	00b12623          	sw	a1,12(sp)
800034bc:	00a12423          	sw	a0,8(sp)
800034c0:	000015b7          	lui	a1,0x1
800034c4:	80005537          	lui	a0,0x80005
800034c8:	54358593          	addi	a1,a1,1347 # 1543 <_start-0x7fffeabd>
800034cc:	fb850513          	addi	a0,a0,-72 # 80004fb8 <__clzsi2+0x2b8>
800034d0:	ffffd097          	auipc	ra,0xffffd
800034d4:	0e4080e7          	jalr	228(ra) # 800005b4 <vAssertCalled>
800034d8:	00812703          	lw	a4,8(sp)
800034dc:	00c12683          	lw	a3,12(sp)
800034e0:	80000637          	lui	a2,0x80000
800034e4:	00c72783          	lw	a5,12(a4)
800034e8:	00c6e6b3          	or	a3,a3,a2
800034ec:	00d72023          	sw	a3,0(a4)
800034f0:	ee0794e3          	bnez	a5,800033d8 <vTaskRemoveFromUnorderedEventList+0x30>
800034f4:	80005537          	lui	a0,0x80005
800034f8:	000015b7          	lui	a1,0x1
800034fc:	54e58593          	addi	a1,a1,1358 # 154e <_start-0x7fffeab2>
80003500:	fb850513          	addi	a0,a0,-72 # 80004fb8 <__clzsi2+0x2b8>
80003504:	00e12623          	sw	a4,12(sp)
80003508:	00f12423          	sw	a5,8(sp)
8000350c:	ffffd097          	auipc	ra,0xffffd
80003510:	0a8080e7          	jalr	168(ra) # 800005b4 <vAssertCalled>
80003514:	00c12703          	lw	a4,12(sp)
80003518:	00812783          	lw	a5,8(sp)
8000351c:	01072683          	lw	a3,16(a4)
80003520:	00472583          	lw	a1,4(a4)
80003524:	00872603          	lw	a2,8(a4)
80003528:	0046a503          	lw	a0,4(a3)
8000352c:	00c5a423          	sw	a2,8(a1)
80003530:	00b62223          	sw	a1,4(a2) # 80000004 <_start+0x4>
80003534:	ece510e3          	bne	a0,a4,800033f4 <vTaskRemoveFromUnorderedEventList+0x4c>
80003538:	00c6a223          	sw	a2,4(a3)
8000353c:	eb9ff06f          	j	800033f4 <vTaskRemoveFromUnorderedEventList+0x4c>
80003540:	00c7a703          	lw	a4,12(a5)
80003544:	00e6a223          	sw	a4,4(a3)
80003548:	ee1ff06f          	j	80003428 <vTaskRemoveFromUnorderedEventList+0x80>

8000354c <vTaskSetTimeOutState>:
8000354c:	fe010113          	addi	sp,sp,-32
80003550:	00112e23          	sw	ra,28(sp)
80003554:	00050793          	mv	a5,a0
80003558:	04050063          	beqz	a0,80003598 <vTaskSetTimeOutState+0x4c>
8000355c:	30047073          	csrci	mstatus,8
80003560:	80005737          	lui	a4,0x80005
80003564:	18c72583          	lw	a1,396(a4) # 8000518c <xNumOfOverflows>
80003568:	800056b7          	lui	a3,0x80005
8000356c:	80005637          	lui	a2,0x80005
80003570:	1686a703          	lw	a4,360(a3) # 80005168 <xCriticalNesting>
80003574:	1a062603          	lw	a2,416(a2) # 800051a0 <xTickCount>
80003578:	00b7a023          	sw	a1,0(a5)
8000357c:	16e6a423          	sw	a4,360(a3)
80003580:	00c7a223          	sw	a2,4(a5)
80003584:	00071463          	bnez	a4,8000358c <vTaskSetTimeOutState+0x40>
80003588:	30046073          	csrsi	mstatus,8
8000358c:	01c12083          	lw	ra,28(sp)
80003590:	02010113          	addi	sp,sp,32
80003594:	00008067          	ret
80003598:	00a12623          	sw	a0,12(sp)
8000359c:	000015b7          	lui	a1,0x1
800035a0:	80005537          	lui	a0,0x80005
800035a4:	58658593          	addi	a1,a1,1414 # 1586 <_start-0x7fffea7a>
800035a8:	fb850513          	addi	a0,a0,-72 # 80004fb8 <__clzsi2+0x2b8>
800035ac:	ffffd097          	auipc	ra,0xffffd
800035b0:	008080e7          	jalr	8(ra) # 800005b4 <vAssertCalled>
800035b4:	00c12783          	lw	a5,12(sp)
800035b8:	fa5ff06f          	j	8000355c <vTaskSetTimeOutState+0x10>

800035bc <vTaskInternalSetTimeOutState>:
800035bc:	80005737          	lui	a4,0x80005
800035c0:	800057b7          	lui	a5,0x80005
800035c4:	18c72703          	lw	a4,396(a4) # 8000518c <xNumOfOverflows>
800035c8:	1a07a783          	lw	a5,416(a5) # 800051a0 <xTickCount>
800035cc:	00e52023          	sw	a4,0(a0)
800035d0:	00f52223          	sw	a5,4(a0)
800035d4:	00008067          	ret

800035d8 <xTaskCheckForTimeOut>:
800035d8:	fe010113          	addi	sp,sp,-32
800035dc:	00112e23          	sw	ra,28(sp)
800035e0:	00050793          	mv	a5,a0
800035e4:	00058713          	mv	a4,a1
800035e8:	08050263          	beqz	a0,8000366c <xTaskCheckForTimeOut+0x94>
800035ec:	0a070663          	beqz	a4,80003698 <xTaskCheckForTimeOut+0xc0>
800035f0:	30047073          	csrci	mstatus,8
800035f4:	800058b7          	lui	a7,0x80005
800035f8:	80005337          	lui	t1,0x80005
800035fc:	1a08a803          	lw	a6,416(a7) # 800051a0 <xTickCount>
80003600:	0007ae03          	lw	t3,0(a5)
80003604:	18c32683          	lw	a3,396(t1) # 8000518c <xNumOfOverflows>
80003608:	800055b7          	lui	a1,0x80005
8000360c:	0047a503          	lw	a0,4(a5)
80003610:	1685a603          	lw	a2,360(a1) # 80005168 <xCriticalNesting>
80003614:	00de0463          	beq	t3,a3,8000361c <xTaskCheckForTimeOut+0x44>
80003618:	00a87863          	bgeu	a6,a0,80003628 <xTaskCheckForTimeOut+0x50>
8000361c:	00072683          	lw	a3,0(a4)
80003620:	40a80e33          	sub	t3,a6,a0
80003624:	02de6263          	bltu	t3,a3,80003648 <xTaskCheckForTimeOut+0x70>
80003628:	00072023          	sw	zero,0(a4)
8000362c:	00100513          	li	a0,1
80003630:	16c5a423          	sw	a2,360(a1)
80003634:	00061463          	bnez	a2,8000363c <xTaskCheckForTimeOut+0x64>
80003638:	30046073          	csrsi	mstatus,8
8000363c:	01c12083          	lw	ra,28(sp)
80003640:	02010113          	addi	sp,sp,32
80003644:	00008067          	ret
80003648:	18c32303          	lw	t1,396(t1)
8000364c:	410686b3          	sub	a3,a3,a6
80003650:	1a08a803          	lw	a6,416(a7)
80003654:	00a686b3          	add	a3,a3,a0
80003658:	00d72023          	sw	a3,0(a4)
8000365c:	0067a023          	sw	t1,0(a5)
80003660:	0107a223          	sw	a6,4(a5)
80003664:	00000513          	li	a0,0
80003668:	fc9ff06f          	j	80003630 <xTaskCheckForTimeOut+0x58>
8000366c:	00b12623          	sw	a1,12(sp)
80003670:	00a12423          	sw	a0,8(sp)
80003674:	000015b7          	lui	a1,0x1
80003678:	80005537          	lui	a0,0x80005
8000367c:	5a558593          	addi	a1,a1,1445 # 15a5 <_start-0x7fffea5b>
80003680:	fb850513          	addi	a0,a0,-72 # 80004fb8 <__clzsi2+0x2b8>
80003684:	ffffd097          	auipc	ra,0xffffd
80003688:	f30080e7          	jalr	-208(ra) # 800005b4 <vAssertCalled>
8000368c:	00c12703          	lw	a4,12(sp)
80003690:	00812783          	lw	a5,8(sp)
80003694:	f4071ee3          	bnez	a4,800035f0 <xTaskCheckForTimeOut+0x18>
80003698:	80005537          	lui	a0,0x80005
8000369c:	000015b7          	lui	a1,0x1
800036a0:	5a658593          	addi	a1,a1,1446 # 15a6 <_start-0x7fffea5a>
800036a4:	fb850513          	addi	a0,a0,-72 # 80004fb8 <__clzsi2+0x2b8>
800036a8:	00e12623          	sw	a4,12(sp)
800036ac:	00f12423          	sw	a5,8(sp)
800036b0:	ffffd097          	auipc	ra,0xffffd
800036b4:	f04080e7          	jalr	-252(ra) # 800005b4 <vAssertCalled>
800036b8:	00c12703          	lw	a4,12(sp)
800036bc:	00812783          	lw	a5,8(sp)
800036c0:	f31ff06f          	j	800035f0 <xTaskCheckForTimeOut+0x18>

800036c4 <vTaskMissedYield>:
800036c4:	800057b7          	lui	a5,0x80005
800036c8:	00100713          	li	a4,1
800036cc:	18e7a823          	sw	a4,400(a5) # 80005190 <xYieldPendings>
800036d0:	00008067          	ret

800036d4 <xTaskGetSchedulerState>:
800036d4:	800057b7          	lui	a5,0x80005
800036d8:	1987a783          	lw	a5,408(a5) # 80005198 <xSchedulerRunning>
800036dc:	00100513          	li	a0,1
800036e0:	00078a63          	beqz	a5,800036f4 <xTaskGetSchedulerState+0x20>
800036e4:	800057b7          	lui	a5,0x80005
800036e8:	1807a503          	lw	a0,384(a5) # 80005180 <uxSchedulerSuspended>
800036ec:	00153513          	seqz	a0,a0
800036f0:	00151513          	slli	a0,a0,0x1
800036f4:	00008067          	ret

800036f8 <uxTaskResetEventItemValue>:
800036f8:	800057b7          	lui	a5,0x80005
800036fc:	1b07a603          	lw	a2,432(a5) # 800051b0 <pxCurrentTCB>
80003700:	1b07a683          	lw	a3,432(a5)
80003704:	1b07a703          	lw	a4,432(a5)
80003708:	00500793          	li	a5,5
8000370c:	02c6a683          	lw	a3,44(a3)
80003710:	01862503          	lw	a0,24(a2)
80003714:	40d787b3          	sub	a5,a5,a3
80003718:	00f72c23          	sw	a5,24(a4)
8000371c:	00008067          	ret

80003720 <ulTaskGenericNotifyTake>:
80003720:	fd010113          	addi	sp,sp,-48
80003724:	03212023          	sw	s2,32(sp)
80003728:	01412c23          	sw	s4,24(sp)
8000372c:	02112623          	sw	ra,44(sp)
80003730:	02812423          	sw	s0,40(sp)
80003734:	02912223          	sw	s1,36(sp)
80003738:	01312e23          	sw	s3,28(sp)
8000373c:	00050913          	mv	s2,a0
80003740:	00058a13          	mv	s4,a1
80003744:	10051063          	bnez	a0,80003844 <ulTaskGenericNotifyTake+0x124>
80003748:	80005737          	lui	a4,0x80005
8000374c:	18072783          	lw	a5,384(a4) # 80005180 <uxSchedulerSuspended>
80003750:	00178793          	addi	a5,a5,1
80003754:	18f72023          	sw	a5,384(a4)
80003758:	30047073          	csrci	mstatus,8
8000375c:	800054b7          	lui	s1,0x80005
80003760:	1b04a783          	lw	a5,432(s1) # 800051b0 <pxCurrentTCB>
80003764:	01090413          	addi	s0,s2,16
80003768:	00241713          	slli	a4,s0,0x2
8000376c:	00e787b3          	add	a5,a5,a4
80003770:	0007a703          	lw	a4,0(a5)
80003774:	800059b7          	lui	s3,0x80005
80003778:	1689a783          	lw	a5,360(s3) # 80005168 <xCriticalNesting>
8000377c:	04071263          	bnez	a4,800037c0 <ulTaskGenericNotifyTake+0xa0>
80003780:	1b04a703          	lw	a4,432(s1)
80003784:	00100693          	li	a3,1
80003788:	01270733          	add	a4,a4,s2
8000378c:	04d70223          	sb	a3,68(a4)
80003790:	02060863          	beqz	a2,800037c0 <ulTaskGenericNotifyTake+0xa0>
80003794:	00079463          	bnez	a5,8000379c <ulTaskGenericNotifyTake+0x7c>
80003798:	30046073          	csrsi	mstatus,8
8000379c:	00060513          	mv	a0,a2
800037a0:	fffff097          	auipc	ra,0xfffff
800037a4:	ae4080e7          	jalr	-1308(ra) # 80002284 <prvAddCurrentTaskToDelayedList.isra.0>
800037a8:	fffff097          	auipc	ra,0xfffff
800037ac:	308080e7          	jalr	776(ra) # 80002ab0 <xTaskResumeAll>
800037b0:	00100793          	li	a5,1
800037b4:	00f50c63          	beq	a0,a5,800037cc <ulTaskGenericNotifyTake+0xac>
800037b8:	00000073          	ecall
800037bc:	0100006f          	j	800037cc <ulTaskGenericNotifyTake+0xac>
800037c0:	06078663          	beqz	a5,8000382c <ulTaskGenericNotifyTake+0x10c>
800037c4:	fffff097          	auipc	ra,0xfffff
800037c8:	2ec080e7          	jalr	748(ra) # 80002ab0 <xTaskResumeAll>
800037cc:	30047073          	csrci	mstatus,8
800037d0:	1b04a783          	lw	a5,432(s1)
800037d4:	00241413          	slli	s0,s0,0x2
800037d8:	1689a703          	lw	a4,360(s3)
800037dc:	008787b3          	add	a5,a5,s0
800037e0:	0007a503          	lw	a0,0(a5)
800037e4:	00050a63          	beqz	a0,800037f8 <ulTaskGenericNotifyTake+0xd8>
800037e8:	1b04a783          	lw	a5,432(s1)
800037ec:	040a0463          	beqz	s4,80003834 <ulTaskGenericNotifyTake+0x114>
800037f0:	008787b3          	add	a5,a5,s0
800037f4:	0007a023          	sw	zero,0(a5)
800037f8:	1b04a783          	lw	a5,432(s1)
800037fc:	012787b3          	add	a5,a5,s2
80003800:	04078223          	sb	zero,68(a5)
80003804:	00071463          	bnez	a4,8000380c <ulTaskGenericNotifyTake+0xec>
80003808:	30046073          	csrsi	mstatus,8
8000380c:	02c12083          	lw	ra,44(sp)
80003810:	02812403          	lw	s0,40(sp)
80003814:	02412483          	lw	s1,36(sp)
80003818:	02012903          	lw	s2,32(sp)
8000381c:	01c12983          	lw	s3,28(sp)
80003820:	01812a03          	lw	s4,24(sp)
80003824:	03010113          	addi	sp,sp,48
80003828:	00008067          	ret
8000382c:	30046073          	csrsi	mstatus,8
80003830:	f95ff06f          	j	800037c4 <ulTaskGenericNotifyTake+0xa4>
80003834:	fff50693          	addi	a3,a0,-1
80003838:	008787b3          	add	a5,a5,s0
8000383c:	00d7a023          	sw	a3,0(a5)
80003840:	fb9ff06f          	j	800037f8 <ulTaskGenericNotifyTake+0xd8>
80003844:	80005537          	lui	a0,0x80005
80003848:	000025b7          	lui	a1,0x2
8000384c:	dc758593          	addi	a1,a1,-569 # 1dc7 <_start-0x7fffe239>
80003850:	fb850513          	addi	a0,a0,-72 # 80004fb8 <__clzsi2+0x2b8>
80003854:	00c12623          	sw	a2,12(sp)
80003858:	ffffd097          	auipc	ra,0xffffd
8000385c:	d5c080e7          	jalr	-676(ra) # 800005b4 <vAssertCalled>
80003860:	00c12603          	lw	a2,12(sp)
80003864:	ee5ff06f          	j	80003748 <ulTaskGenericNotifyTake+0x28>

80003868 <xTaskGenericNotifyWait>:
80003868:	fd010113          	addi	sp,sp,-48
8000386c:	02812423          	sw	s0,40(sp)
80003870:	01312e23          	sw	s3,28(sp)
80003874:	01412c23          	sw	s4,24(sp)
80003878:	02112623          	sw	ra,44(sp)
8000387c:	02912223          	sw	s1,36(sp)
80003880:	03212023          	sw	s2,32(sp)
80003884:	00050413          	mv	s0,a0
80003888:	00058793          	mv	a5,a1
8000388c:	00060a13          	mv	s4,a2
80003890:	00068993          	mv	s3,a3
80003894:	12051c63          	bnez	a0,800039cc <xTaskGenericNotifyWait+0x164>
80003898:	800056b7          	lui	a3,0x80005
8000389c:	1806a583          	lw	a1,384(a3) # 80005180 <uxSchedulerSuspended>
800038a0:	00158593          	addi	a1,a1,1
800038a4:	18b6a023          	sw	a1,384(a3)
800038a8:	30047073          	csrci	mstatus,8
800038ac:	800054b7          	lui	s1,0x80005
800038b0:	1b04a583          	lw	a1,432(s1) # 800051b0 <pxCurrentTCB>
800038b4:	80005937          	lui	s2,0x80005
800038b8:	00200693          	li	a3,2
800038bc:	008585b3          	add	a1,a1,s0
800038c0:	0445c603          	lbu	a2,68(a1)
800038c4:	16892583          	lw	a1,360(s2) # 80005168 <xCriticalNesting>
800038c8:	06d60063          	beq	a2,a3,80003928 <xTaskGenericNotifyWait+0xc0>
800038cc:	1b04a603          	lw	a2,432(s1)
800038d0:	00241693          	slli	a3,s0,0x2
800038d4:	fff7c793          	not	a5,a5
800038d8:	00d60633          	add	a2,a2,a3
800038dc:	04062503          	lw	a0,64(a2)
800038e0:	00100693          	li	a3,1
800038e4:	00a7f7b3          	and	a5,a5,a0
800038e8:	04f62023          	sw	a5,64(a2)
800038ec:	1b04a783          	lw	a5,432(s1)
800038f0:	008787b3          	add	a5,a5,s0
800038f4:	04d78223          	sb	a3,68(a5)
800038f8:	02070863          	beqz	a4,80003928 <xTaskGenericNotifyWait+0xc0>
800038fc:	00059463          	bnez	a1,80003904 <xTaskGenericNotifyWait+0x9c>
80003900:	30046073          	csrsi	mstatus,8
80003904:	00070513          	mv	a0,a4
80003908:	fffff097          	auipc	ra,0xfffff
8000390c:	97c080e7          	jalr	-1668(ra) # 80002284 <prvAddCurrentTaskToDelayedList.isra.0>
80003910:	fffff097          	auipc	ra,0xfffff
80003914:	1a0080e7          	jalr	416(ra) # 80002ab0 <xTaskResumeAll>
80003918:	00100793          	li	a5,1
8000391c:	00f50c63          	beq	a0,a5,80003934 <xTaskGenericNotifyWait+0xcc>
80003920:	00000073          	ecall
80003924:	0100006f          	j	80003934 <xTaskGenericNotifyWait+0xcc>
80003928:	08058e63          	beqz	a1,800039c4 <xTaskGenericNotifyWait+0x15c>
8000392c:	fffff097          	auipc	ra,0xfffff
80003930:	184080e7          	jalr	388(ra) # 80002ab0 <xTaskResumeAll>
80003934:	30047073          	csrci	mstatus,8
80003938:	16892703          	lw	a4,360(s2)
8000393c:	00098c63          	beqz	s3,80003954 <xTaskGenericNotifyWait+0xec>
80003940:	1b04a783          	lw	a5,432(s1)
80003944:	00241693          	slli	a3,s0,0x2
80003948:	00d787b3          	add	a5,a5,a3
8000394c:	0407a783          	lw	a5,64(a5)
80003950:	00f9a023          	sw	a5,0(s3)
80003954:	1b04a783          	lw	a5,432(s1)
80003958:	00200693          	li	a3,2
8000395c:	00000513          	li	a0,0
80003960:	008787b3          	add	a5,a5,s0
80003964:	0447c783          	lbu	a5,68(a5)
80003968:	02d79263          	bne	a5,a3,8000398c <xTaskGenericNotifyWait+0x124>
8000396c:	1b04a683          	lw	a3,432(s1)
80003970:	00241613          	slli	a2,s0,0x2
80003974:	fffa4793          	not	a5,s4
80003978:	00c686b3          	add	a3,a3,a2
8000397c:	0406a603          	lw	a2,64(a3)
80003980:	00100513          	li	a0,1
80003984:	00c7f7b3          	and	a5,a5,a2
80003988:	04f6a023          	sw	a5,64(a3)
8000398c:	1b04a783          	lw	a5,432(s1)
80003990:	16e92423          	sw	a4,360(s2)
80003994:	008787b3          	add	a5,a5,s0
80003998:	04078223          	sb	zero,68(a5)
8000399c:	00071463          	bnez	a4,800039a4 <xTaskGenericNotifyWait+0x13c>
800039a0:	30046073          	csrsi	mstatus,8
800039a4:	02c12083          	lw	ra,44(sp)
800039a8:	02812403          	lw	s0,40(sp)
800039ac:	02412483          	lw	s1,36(sp)
800039b0:	02012903          	lw	s2,32(sp)
800039b4:	01c12983          	lw	s3,28(sp)
800039b8:	01812a03          	lw	s4,24(sp)
800039bc:	03010113          	addi	sp,sp,48
800039c0:	00008067          	ret
800039c4:	30046073          	csrsi	mstatus,8
800039c8:	f65ff06f          	j	8000392c <xTaskGenericNotifyWait+0xc4>
800039cc:	00b12423          	sw	a1,8(sp)
800039d0:	80005537          	lui	a0,0x80005
800039d4:	000025b7          	lui	a1,0x2
800039d8:	e2f58593          	addi	a1,a1,-465 # 1e2f <_start-0x7fffe1d1>
800039dc:	fb850513          	addi	a0,a0,-72 # 80004fb8 <__clzsi2+0x2b8>
800039e0:	00e12623          	sw	a4,12(sp)
800039e4:	ffffd097          	auipc	ra,0xffffd
800039e8:	bd0080e7          	jalr	-1072(ra) # 800005b4 <vAssertCalled>
800039ec:	00c12703          	lw	a4,12(sp)
800039f0:	00812783          	lw	a5,8(sp)
800039f4:	ea5ff06f          	j	80003898 <xTaskGenericNotifyWait+0x30>

800039f8 <xTaskGenericNotify>:
800039f8:	fd010113          	addi	sp,sp,-48
800039fc:	02112623          	sw	ra,44(sp)
80003a00:	00058813          	mv	a6,a1
80003a04:	00050793          	mv	a5,a0
80003a08:	0a059263          	bnez	a1,80003aac <xTaskGenericNotify+0xb4>
80003a0c:	0e078263          	beqz	a5,80003af0 <xTaskGenericNotify+0xf8>
80003a10:	30047073          	csrci	mstatus,8
80003a14:	800058b7          	lui	a7,0x80005
80003a18:	1688a583          	lw	a1,360(a7) # 80005168 <xCriticalNesting>
80003a1c:	00158513          	addi	a0,a1,1
80003a20:	16a8a423          	sw	a0,360(a7)
80003a24:	00070a63          	beqz	a4,80003a38 <xTaskGenericNotify+0x40>
80003a28:	00281513          	slli	a0,a6,0x2
80003a2c:	00a78533          	add	a0,a5,a0
80003a30:	04052503          	lw	a0,64(a0)
80003a34:	00a72023          	sw	a0,0(a4)
80003a38:	01078533          	add	a0,a5,a6
80003a3c:	04454703          	lbu	a4,68(a0)
80003a40:	00200313          	li	t1,2
80003a44:	04650223          	sb	t1,68(a0)
80003a48:	00400513          	li	a0,4
80003a4c:	0ff77713          	zext.b	a4,a4
80003a50:	1ed56a63          	bltu	a0,a3,80003c44 <xTaskGenericNotify+0x24c>
80003a54:	80005537          	lui	a0,0x80005
80003a58:	00269693          	slli	a3,a3,0x2
80003a5c:	02c50513          	addi	a0,a0,44 # 8000502c <hex.0+0x14>
80003a60:	00a686b3          	add	a3,a3,a0
80003a64:	0006a683          	lw	a3,0(a3)
80003a68:	00068067          	jr	a3
80003a6c:	00200693          	li	a3,2
80003a70:	00000513          	li	a0,0
80003a74:	02d70063          	beq	a4,a3,80003a94 <xTaskGenericNotify+0x9c>
80003a78:	00281813          	slli	a6,a6,0x2
80003a7c:	01078833          	add	a6,a5,a6
80003a80:	04c82023          	sw	a2,64(a6)
80003a84:	00100513          	li	a0,1
80003a88:	0aa70663          	beq	a4,a0,80003b34 <xTaskGenericNotify+0x13c>
80003a8c:	1688a583          	lw	a1,360(a7)
80003a90:	fff58593          	addi	a1,a1,-1
80003a94:	16b8a423          	sw	a1,360(a7)
80003a98:	00059463          	bnez	a1,80003aa0 <xTaskGenericNotify+0xa8>
80003a9c:	30046073          	csrsi	mstatus,8
80003aa0:	02c12083          	lw	ra,44(sp)
80003aa4:	03010113          	addi	sp,sp,48
80003aa8:	00008067          	ret
80003aac:	00b12a23          	sw	a1,20(sp)
80003ab0:	00a12823          	sw	a0,16(sp)
80003ab4:	000025b7          	lui	a1,0x2
80003ab8:	80005537          	lui	a0,0x80005
80003abc:	ea458593          	addi	a1,a1,-348 # 1ea4 <_start-0x7fffe15c>
80003ac0:	fb850513          	addi	a0,a0,-72 # 80004fb8 <__clzsi2+0x2b8>
80003ac4:	00e12e23          	sw	a4,28(sp)
80003ac8:	00d12c23          	sw	a3,24(sp)
80003acc:	00c12623          	sw	a2,12(sp)
80003ad0:	ffffd097          	auipc	ra,0xffffd
80003ad4:	ae4080e7          	jalr	-1308(ra) # 800005b4 <vAssertCalled>
80003ad8:	01012783          	lw	a5,16(sp)
80003adc:	01c12703          	lw	a4,28(sp)
80003ae0:	01812683          	lw	a3,24(sp)
80003ae4:	01412803          	lw	a6,20(sp)
80003ae8:	00c12603          	lw	a2,12(sp)
80003aec:	f20792e3          	bnez	a5,80003a10 <xTaskGenericNotify+0x18>
80003af0:	80005537          	lui	a0,0x80005
80003af4:	000025b7          	lui	a1,0x2
80003af8:	ea558593          	addi	a1,a1,-347 # 1ea5 <_start-0x7fffe15b>
80003afc:	fb850513          	addi	a0,a0,-72 # 80004fb8 <__clzsi2+0x2b8>
80003b00:	00e12e23          	sw	a4,28(sp)
80003b04:	00d12c23          	sw	a3,24(sp)
80003b08:	01012a23          	sw	a6,20(sp)
80003b0c:	00f12823          	sw	a5,16(sp)
80003b10:	00c12623          	sw	a2,12(sp)
80003b14:	ffffd097          	auipc	ra,0xffffd
80003b18:	aa0080e7          	jalr	-1376(ra) # 800005b4 <vAssertCalled>
80003b1c:	01c12703          	lw	a4,28(sp)
80003b20:	01812683          	lw	a3,24(sp)
80003b24:	01412803          	lw	a6,20(sp)
80003b28:	01012783          	lw	a5,16(sp)
80003b2c:	00c12603          	lw	a2,12(sp)
80003b30:	ee1ff06f          	j	80003a10 <xTaskGenericNotify+0x18>
80003b34:	0087a603          	lw	a2,8(a5)
80003b38:	00c7a703          	lw	a4,12(a5)
80003b3c:	0147a683          	lw	a3,20(a5)
80003b40:	00478513          	addi	a0,a5,4
80003b44:	00e62423          	sw	a4,8(a2)
80003b48:	0087a583          	lw	a1,8(a5)
80003b4c:	0046a603          	lw	a2,4(a3)
80003b50:	00b72223          	sw	a1,4(a4)
80003b54:	12a60663          	beq	a2,a0,80003c80 <xTaskGenericNotify+0x288>
80003b58:	0006a603          	lw	a2,0(a3)
80003b5c:	80006737          	lui	a4,0x80006
80003b60:	2f870713          	addi	a4,a4,760 # 800062f8 <pxReadyTasksLists>
80003b64:	fff60613          	addi	a2,a2,-1
80003b68:	00c6a023          	sw	a2,0(a3)
80003b6c:	02c7a803          	lw	a6,44(a5)
80003b70:	80005337          	lui	t1,0x80005
80003b74:	19c32e83          	lw	t4,412(t1) # 8000519c <uxTopReadyPriority>
80003b78:	00281693          	slli	a3,a6,0x2
80003b7c:	010686b3          	add	a3,a3,a6
80003b80:	00269693          	slli	a3,a3,0x2
80003b84:	00d70733          	add	a4,a4,a3
80003b88:	00472583          	lw	a1,4(a4)
80003b8c:	00072603          	lw	a2,0(a4)
80003b90:	00100693          	li	a3,1
80003b94:	00b7a423          	sw	a1,8(a5)
80003b98:	0085ae03          	lw	t3,8(a1)
80003b9c:	010696b3          	sll	a3,a3,a6
80003ba0:	0287a803          	lw	a6,40(a5)
80003ba4:	01c7a623          	sw	t3,12(a5)
80003ba8:	00ae2223          	sw	a0,4(t3) # 80005004 <__clzsi2+0x304>
80003bac:	00a5a423          	sw	a0,8(a1)
80003bb0:	00e7aa23          	sw	a4,20(a5)
80003bb4:	00160613          	addi	a2,a2,1
80003bb8:	01d6e6b3          	or	a3,a3,t4
80003bbc:	00c72023          	sw	a2,0(a4)
80003bc0:	18d32e23          	sw	a3,412(t1)
80003bc4:	02080463          	beqz	a6,80003bec <xTaskGenericNotify+0x1f4>
80003bc8:	80005537          	lui	a0,0x80005
80003bcc:	000025b7          	lui	a1,0x2
80003bd0:	ee958593          	addi	a1,a1,-279 # 1ee9 <_start-0x7fffe117>
80003bd4:	fb850513          	addi	a0,a0,-72 # 80004fb8 <__clzsi2+0x2b8>
80003bd8:	00f12623          	sw	a5,12(sp)
80003bdc:	ffffd097          	auipc	ra,0xffffd
80003be0:	9d8080e7          	jalr	-1576(ra) # 800005b4 <vAssertCalled>
80003be4:	00c12783          	lw	a5,12(sp)
80003be8:	800058b7          	lui	a7,0x80005
80003bec:	80005737          	lui	a4,0x80005
80003bf0:	1b072703          	lw	a4,432(a4) # 800051b0 <pxCurrentTCB>
80003bf4:	02c7a783          	lw	a5,44(a5)
80003bf8:	02c72703          	lw	a4,44(a4)
80003bfc:	00f77463          	bgeu	a4,a5,80003c04 <xTaskGenericNotify+0x20c>
80003c00:	00000073          	ecall
80003c04:	1688a583          	lw	a1,360(a7) # 80005168 <xCriticalNesting>
80003c08:	00100513          	li	a0,1
80003c0c:	fff58593          	addi	a1,a1,-1
80003c10:	e85ff06f          	j	80003a94 <xTaskGenericNotify+0x9c>
80003c14:	00281813          	slli	a6,a6,0x2
80003c18:	01078833          	add	a6,a5,a6
80003c1c:	04082683          	lw	a3,64(a6)
80003c20:	00c6e6b3          	or	a3,a3,a2
80003c24:	04d82023          	sw	a3,64(a6)
80003c28:	e5dff06f          	j	80003a84 <xTaskGenericNotify+0x8c>
80003c2c:	00281813          	slli	a6,a6,0x2
80003c30:	01078833          	add	a6,a5,a6
80003c34:	04082683          	lw	a3,64(a6)
80003c38:	00168693          	addi	a3,a3,1
80003c3c:	04d82023          	sw	a3,64(a6)
80003c40:	e45ff06f          	j	80003a84 <xTaskGenericNotify+0x8c>
80003c44:	800056b7          	lui	a3,0x80005
80003c48:	1a06a683          	lw	a3,416(a3) # 800051a0 <xTickCount>
80003c4c:	e2068ce3          	beqz	a3,80003a84 <xTaskGenericNotify+0x8c>
80003c50:	80005537          	lui	a0,0x80005
80003c54:	000025b7          	lui	a1,0x2
80003c58:	eda58593          	addi	a1,a1,-294 # 1eda <_start-0x7fffe126>
80003c5c:	fb850513          	addi	a0,a0,-72 # 80004fb8 <__clzsi2+0x2b8>
80003c60:	00f12823          	sw	a5,16(sp)
80003c64:	00e12623          	sw	a4,12(sp)
80003c68:	ffffd097          	auipc	ra,0xffffd
80003c6c:	94c080e7          	jalr	-1716(ra) # 800005b4 <vAssertCalled>
80003c70:	01012783          	lw	a5,16(sp)
80003c74:	00c12703          	lw	a4,12(sp)
80003c78:	800058b7          	lui	a7,0x80005
80003c7c:	e09ff06f          	j	80003a84 <xTaskGenericNotify+0x8c>
80003c80:	00c7a703          	lw	a4,12(a5)
80003c84:	00e6a223          	sw	a4,4(a3)
80003c88:	ed1ff06f          	j	80003b58 <xTaskGenericNotify+0x160>

80003c8c <xTaskGenericNotifyFromISR>:
80003c8c:	fd010113          	addi	sp,sp,-48
80003c90:	02112623          	sw	ra,44(sp)
80003c94:	00050893          	mv	a7,a0
80003c98:	00058813          	mv	a6,a1
80003c9c:	20050263          	beqz	a0,80003ea0 <xTaskGenericNotifyFromISR+0x214>
80003ca0:	06081e63          	bnez	a6,80003d1c <xTaskGenericNotifyFromISR+0x90>
80003ca4:	00070a63          	beqz	a4,80003cb8 <xTaskGenericNotifyFromISR+0x2c>
80003ca8:	00281593          	slli	a1,a6,0x2
80003cac:	00b885b3          	add	a1,a7,a1
80003cb0:	0405a583          	lw	a1,64(a1)
80003cb4:	00b72023          	sw	a1,0(a4)
80003cb8:	01088733          	add	a4,a7,a6
80003cbc:	04474583          	lbu	a1,68(a4)
80003cc0:	00200513          	li	a0,2
80003cc4:	04a70223          	sb	a0,68(a4)
80003cc8:	00400713          	li	a4,4
80003ccc:	0ff5f313          	zext.b	t1,a1
80003cd0:	24d76e63          	bltu	a4,a3,80003f2c <xTaskGenericNotifyFromISR+0x2a0>
80003cd4:	80005737          	lui	a4,0x80005
80003cd8:	04070713          	addi	a4,a4,64 # 80005040 <hex.0+0x28>
80003cdc:	00269693          	slli	a3,a3,0x2
80003ce0:	00e686b3          	add	a3,a3,a4
80003ce4:	0006a703          	lw	a4,0(a3)
80003ce8:	00070067          	jr	a4
80003cec:	00200713          	li	a4,2
80003cf0:	00000513          	li	a0,0
80003cf4:	00e30e63          	beq	t1,a4,80003d10 <xTaskGenericNotifyFromISR+0x84>
80003cf8:	00281813          	slli	a6,a6,0x2
80003cfc:	01088833          	add	a6,a7,a6
80003d00:	04c82023          	sw	a2,64(a6)
80003d04:	00100713          	li	a4,1
80003d08:	06e30063          	beq	t1,a4,80003d68 <xTaskGenericNotifyFromISR+0xdc>
80003d0c:	00100513          	li	a0,1
80003d10:	02c12083          	lw	ra,44(sp)
80003d14:	03010113          	addi	sp,sp,48
80003d18:	00008067          	ret
80003d1c:	80005537          	lui	a0,0x80005
80003d20:	000025b7          	lui	a1,0x2
80003d24:	f1f58593          	addi	a1,a1,-225 # 1f1f <_start-0x7fffe0e1>
80003d28:	fb850513          	addi	a0,a0,-72 # 80004fb8 <__clzsi2+0x2b8>
80003d2c:	00f12e23          	sw	a5,28(sp)
80003d30:	00e12c23          	sw	a4,24(sp)
80003d34:	00d12a23          	sw	a3,20(sp)
80003d38:	01012823          	sw	a6,16(sp)
80003d3c:	01112623          	sw	a7,12(sp)
80003d40:	00c12423          	sw	a2,8(sp)
80003d44:	ffffd097          	auipc	ra,0xffffd
80003d48:	870080e7          	jalr	-1936(ra) # 800005b4 <vAssertCalled>
80003d4c:	01c12783          	lw	a5,28(sp)
80003d50:	01812703          	lw	a4,24(sp)
80003d54:	01412683          	lw	a3,20(sp)
80003d58:	01012803          	lw	a6,16(sp)
80003d5c:	00c12883          	lw	a7,12(sp)
80003d60:	00812603          	lw	a2,8(sp)
80003d64:	f41ff06f          	j	80003ca4 <xTaskGenericNotifyFromISR+0x18>
80003d68:	0288a703          	lw	a4,40(a7) # 80005028 <hex.0+0x10>
80003d6c:	02070663          	beqz	a4,80003d98 <xTaskGenericNotifyFromISR+0x10c>
80003d70:	80005537          	lui	a0,0x80005
80003d74:	000025b7          	lui	a1,0x2
80003d78:	f7458593          	addi	a1,a1,-140 # 1f74 <_start-0x7fffe08c>
80003d7c:	fb850513          	addi	a0,a0,-72 # 80004fb8 <__clzsi2+0x2b8>
80003d80:	00f12623          	sw	a5,12(sp)
80003d84:	01112423          	sw	a7,8(sp)
80003d88:	ffffd097          	auipc	ra,0xffffd
80003d8c:	82c080e7          	jalr	-2004(ra) # 800005b4 <vAssertCalled>
80003d90:	00c12783          	lw	a5,12(sp)
80003d94:	00812883          	lw	a7,8(sp)
80003d98:	80005737          	lui	a4,0x80005
80003d9c:	18072703          	lw	a4,384(a4) # 80005180 <uxSchedulerSuspended>
80003da0:	14071863          	bnez	a4,80003ef0 <xTaskGenericNotifyFromISR+0x264>
80003da4:	0088a603          	lw	a2,8(a7)
80003da8:	00c8a703          	lw	a4,12(a7)
80003dac:	0148a683          	lw	a3,20(a7)
80003db0:	00488513          	addi	a0,a7,4
80003db4:	00e62423          	sw	a4,8(a2)
80003db8:	0088a583          	lw	a1,8(a7)
80003dbc:	0046a603          	lw	a2,4(a3)
80003dc0:	00b72223          	sw	a1,4(a4)
80003dc4:	1aa60463          	beq	a2,a0,80003f6c <xTaskGenericNotifyFromISR+0x2e0>
80003dc8:	0006a603          	lw	a2,0(a3)
80003dcc:	80006737          	lui	a4,0x80006
80003dd0:	2f870713          	addi	a4,a4,760 # 800062f8 <pxReadyTasksLists>
80003dd4:	fff60613          	addi	a2,a2,-1
80003dd8:	00c6a023          	sw	a2,0(a3)
80003ddc:	02c8a803          	lw	a6,44(a7)
80003de0:	80005337          	lui	t1,0x80005
80003de4:	19c32e83          	lw	t4,412(t1) # 8000519c <uxTopReadyPriority>
80003de8:	00281693          	slli	a3,a6,0x2
80003dec:	010686b3          	add	a3,a3,a6
80003df0:	00269693          	slli	a3,a3,0x2
80003df4:	00d70733          	add	a4,a4,a3
80003df8:	00472583          	lw	a1,4(a4)
80003dfc:	00072603          	lw	a2,0(a4)
80003e00:	00100693          	li	a3,1
80003e04:	00b8a423          	sw	a1,8(a7)
80003e08:	0085ae03          	lw	t3,8(a1)
80003e0c:	010696b3          	sll	a3,a3,a6
80003e10:	00160613          	addi	a2,a2,1
80003e14:	01c8a623          	sw	t3,12(a7)
80003e18:	00ae2223          	sw	a0,4(t3)
80003e1c:	00a5a423          	sw	a0,8(a1)
80003e20:	00e8aa23          	sw	a4,20(a7)
80003e24:	01d6e6b3          	or	a3,a3,t4
80003e28:	00c72023          	sw	a2,0(a4)
80003e2c:	18d32e23          	sw	a3,412(t1)
80003e30:	80005737          	lui	a4,0x80005
80003e34:	1b072703          	lw	a4,432(a4) # 800051b0 <pxCurrentTCB>
80003e38:	02c8a683          	lw	a3,44(a7)
80003e3c:	02c72703          	lw	a4,44(a4)
80003e40:	ecd776e3          	bgeu	a4,a3,80003d0c <xTaskGenericNotifyFromISR+0x80>
80003e44:	00078663          	beqz	a5,80003e50 <xTaskGenericNotifyFromISR+0x1c4>
80003e48:	00100713          	li	a4,1
80003e4c:	00e7a023          	sw	a4,0(a5)
80003e50:	800057b7          	lui	a5,0x80005
80003e54:	00100713          	li	a4,1
80003e58:	18e7a823          	sw	a4,400(a5) # 80005190 <xYieldPendings>
80003e5c:	eb1ff06f          	j	80003d0c <xTaskGenericNotifyFromISR+0x80>
80003e60:	00281813          	slli	a6,a6,0x2
80003e64:	01088833          	add	a6,a7,a6
80003e68:	04082703          	lw	a4,64(a6)
80003e6c:	00170713          	addi	a4,a4,1
80003e70:	04e82023          	sw	a4,64(a6)
80003e74:	00100713          	li	a4,1
80003e78:	e8e31ae3          	bne	t1,a4,80003d0c <xTaskGenericNotifyFromISR+0x80>
80003e7c:	eedff06f          	j	80003d68 <xTaskGenericNotifyFromISR+0xdc>
80003e80:	00281813          	slli	a6,a6,0x2
80003e84:	01088833          	add	a6,a7,a6
80003e88:	04082703          	lw	a4,64(a6)
80003e8c:	00c76733          	or	a4,a4,a2
80003e90:	04e82023          	sw	a4,64(a6)
80003e94:	00100713          	li	a4,1
80003e98:	e6e31ae3          	bne	t1,a4,80003d0c <xTaskGenericNotifyFromISR+0x80>
80003e9c:	ecdff06f          	j	80003d68 <xTaskGenericNotifyFromISR+0xdc>
80003ea0:	00b12823          	sw	a1,16(sp)
80003ea4:	00a12623          	sw	a0,12(sp)
80003ea8:	000025b7          	lui	a1,0x2
80003eac:	80005537          	lui	a0,0x80005
80003eb0:	f1e58593          	addi	a1,a1,-226 # 1f1e <_start-0x7fffe0e2>
80003eb4:	fb850513          	addi	a0,a0,-72 # 80004fb8 <__clzsi2+0x2b8>
80003eb8:	00f12e23          	sw	a5,28(sp)
80003ebc:	00e12c23          	sw	a4,24(sp)
80003ec0:	00d12a23          	sw	a3,20(sp)
80003ec4:	00c12423          	sw	a2,8(sp)
80003ec8:	ffffc097          	auipc	ra,0xffffc
80003ecc:	6ec080e7          	jalr	1772(ra) # 800005b4 <vAssertCalled>
80003ed0:	01012803          	lw	a6,16(sp)
80003ed4:	01c12783          	lw	a5,28(sp)
80003ed8:	01812703          	lw	a4,24(sp)
80003edc:	01412683          	lw	a3,20(sp)
80003ee0:	00c12883          	lw	a7,12(sp)
80003ee4:	00812603          	lw	a2,8(sp)
80003ee8:	da080ee3          	beqz	a6,80003ca4 <xTaskGenericNotifyFromISR+0x18>
80003eec:	e31ff06f          	j	80003d1c <xTaskGenericNotifyFromISR+0x90>
80003ef0:	80006737          	lui	a4,0x80006
80003ef4:	2f870713          	addi	a4,a4,760 # 800062f8 <pxReadyTasksLists>
80003ef8:	09072583          	lw	a1,144(a4)
80003efc:	08c72603          	lw	a2,140(a4)
80003f00:	01888693          	addi	a3,a7,24
80003f04:	00b8ae23          	sw	a1,28(a7)
80003f08:	0085a503          	lw	a0,8(a1)
80003f0c:	00160613          	addi	a2,a2,1
80003f10:	08c70813          	addi	a6,a4,140
80003f14:	02a8a023          	sw	a0,32(a7)
80003f18:	00d52223          	sw	a3,4(a0)
80003f1c:	00d5a423          	sw	a3,8(a1)
80003f20:	08c72623          	sw	a2,140(a4)
80003f24:	0308a423          	sw	a6,40(a7)
80003f28:	f09ff06f          	j	80003e30 <xTaskGenericNotifyFromISR+0x1a4>
80003f2c:	80005737          	lui	a4,0x80005
80003f30:	1a072703          	lw	a4,416(a4) # 800051a0 <xTickCount>
80003f34:	dc0708e3          	beqz	a4,80003d04 <xTaskGenericNotifyFromISR+0x78>
80003f38:	80005537          	lui	a0,0x80005
80003f3c:	000025b7          	lui	a1,0x2
80003f40:	f6958593          	addi	a1,a1,-151 # 1f69 <_start-0x7fffe097>
80003f44:	fb850513          	addi	a0,a0,-72 # 80004fb8 <__clzsi2+0x2b8>
80003f48:	00f12823          	sw	a5,16(sp)
80003f4c:	01112623          	sw	a7,12(sp)
80003f50:	00612423          	sw	t1,8(sp)
80003f54:	ffffc097          	auipc	ra,0xffffc
80003f58:	660080e7          	jalr	1632(ra) # 800005b4 <vAssertCalled>
80003f5c:	01012783          	lw	a5,16(sp)
80003f60:	00c12883          	lw	a7,12(sp)
80003f64:	00812303          	lw	t1,8(sp)
80003f68:	d9dff06f          	j	80003d04 <xTaskGenericNotifyFromISR+0x78>
80003f6c:	00c8a703          	lw	a4,12(a7)
80003f70:	00e6a223          	sw	a4,4(a3)
80003f74:	e55ff06f          	j	80003dc8 <xTaskGenericNotifyFromISR+0x13c>

80003f78 <vTaskGenericNotifyGiveFromISR>:
80003f78:	fe010113          	addi	sp,sp,-32
80003f7c:	00112e23          	sw	ra,28(sp)
80003f80:	00050713          	mv	a4,a0
80003f84:	00058793          	mv	a5,a1
80003f88:	12050063          	beqz	a0,800040a8 <vTaskGenericNotifyGiveFromISR+0x130>
80003f8c:	0e079463          	bnez	a5,80004074 <vTaskGenericNotifyGiveFromISR+0xfc>
80003f90:	00f706b3          	add	a3,a4,a5
80003f94:	00200593          	li	a1,2
80003f98:	00279793          	slli	a5,a5,0x2
80003f9c:	0446c503          	lbu	a0,68(a3)
80003fa0:	00f707b3          	add	a5,a4,a5
80003fa4:	04b68223          	sb	a1,68(a3)
80003fa8:	0407a683          	lw	a3,64(a5)
80003fac:	00100593          	li	a1,1
80003fb0:	00b686b3          	add	a3,a3,a1
80003fb4:	04d7a023          	sw	a3,64(a5)
80003fb8:	00b50863          	beq	a0,a1,80003fc8 <vTaskGenericNotifyGiveFromISR+0x50>
80003fbc:	01c12083          	lw	ra,28(sp)
80003fc0:	02010113          	addi	sp,sp,32
80003fc4:	00008067          	ret
80003fc8:	02872783          	lw	a5,40(a4)
80003fcc:	02078663          	beqz	a5,80003ff8 <vTaskGenericNotifyGiveFromISR+0x80>
80003fd0:	80005537          	lui	a0,0x80005
80003fd4:	000025b7          	lui	a1,0x2
80003fd8:	fea58593          	addi	a1,a1,-22 # 1fea <_start-0x7fffe016>
80003fdc:	fb850513          	addi	a0,a0,-72 # 80004fb8 <__clzsi2+0x2b8>
80003fe0:	00c12423          	sw	a2,8(sp)
80003fe4:	00e12223          	sw	a4,4(sp)
80003fe8:	ffffc097          	auipc	ra,0xffffc
80003fec:	5cc080e7          	jalr	1484(ra) # 800005b4 <vAssertCalled>
80003ff0:	00812603          	lw	a2,8(sp)
80003ff4:	00412703          	lw	a4,4(sp)
80003ff8:	800057b7          	lui	a5,0x80005
80003ffc:	1807a783          	lw	a5,384(a5) # 80005180 <uxSchedulerSuspended>
80004000:	0c078e63          	beqz	a5,800040dc <vTaskGenericNotifyGiveFromISR+0x164>
80004004:	800067b7          	lui	a5,0x80006
80004008:	2f878793          	addi	a5,a5,760 # 800062f8 <pxReadyTasksLists>
8000400c:	0907a503          	lw	a0,144(a5)
80004010:	08c7a583          	lw	a1,140(a5)
80004014:	01870693          	addi	a3,a4,24
80004018:	00a72e23          	sw	a0,28(a4)
8000401c:	00852803          	lw	a6,8(a0)
80004020:	00158593          	addi	a1,a1,1
80004024:	08c78893          	addi	a7,a5,140
80004028:	03072023          	sw	a6,32(a4)
8000402c:	00d82223          	sw	a3,4(a6)
80004030:	00d52423          	sw	a3,8(a0)
80004034:	08b7a623          	sw	a1,140(a5)
80004038:	03172423          	sw	a7,40(a4)
8000403c:	800057b7          	lui	a5,0x80005
80004040:	1b07a783          	lw	a5,432(a5) # 800051b0 <pxCurrentTCB>
80004044:	02c72703          	lw	a4,44(a4)
80004048:	02c7a783          	lw	a5,44(a5)
8000404c:	f6e7f8e3          	bgeu	a5,a4,80003fbc <vTaskGenericNotifyGiveFromISR+0x44>
80004050:	00060663          	beqz	a2,8000405c <vTaskGenericNotifyGiveFromISR+0xe4>
80004054:	00100793          	li	a5,1
80004058:	00f62023          	sw	a5,0(a2)
8000405c:	01c12083          	lw	ra,28(sp)
80004060:	800057b7          	lui	a5,0x80005
80004064:	00100713          	li	a4,1
80004068:	18e7a823          	sw	a4,400(a5) # 80005190 <xYieldPendings>
8000406c:	02010113          	addi	sp,sp,32
80004070:	00008067          	ret
80004074:	80005537          	lui	a0,0x80005
80004078:	000025b7          	lui	a1,0x2
8000407c:	fc158593          	addi	a1,a1,-63 # 1fc1 <_start-0x7fffe03f>
80004080:	fb850513          	addi	a0,a0,-72 # 80004fb8 <__clzsi2+0x2b8>
80004084:	00c12623          	sw	a2,12(sp)
80004088:	00f12423          	sw	a5,8(sp)
8000408c:	00e12223          	sw	a4,4(sp)
80004090:	ffffc097          	auipc	ra,0xffffc
80004094:	524080e7          	jalr	1316(ra) # 800005b4 <vAssertCalled>
80004098:	00c12603          	lw	a2,12(sp)
8000409c:	00812783          	lw	a5,8(sp)
800040a0:	00412703          	lw	a4,4(sp)
800040a4:	eedff06f          	j	80003f90 <vTaskGenericNotifyGiveFromISR+0x18>
800040a8:	00b12423          	sw	a1,8(sp)
800040ac:	00a12223          	sw	a0,4(sp)
800040b0:	000025b7          	lui	a1,0x2
800040b4:	80005537          	lui	a0,0x80005
800040b8:	fc058593          	addi	a1,a1,-64 # 1fc0 <_start-0x7fffe040>
800040bc:	fb850513          	addi	a0,a0,-72 # 80004fb8 <__clzsi2+0x2b8>
800040c0:	00c12623          	sw	a2,12(sp)
800040c4:	ffffc097          	auipc	ra,0xffffc
800040c8:	4f0080e7          	jalr	1264(ra) # 800005b4 <vAssertCalled>
800040cc:	00c12603          	lw	a2,12(sp)
800040d0:	00812783          	lw	a5,8(sp)
800040d4:	00412703          	lw	a4,4(sp)
800040d8:	eb5ff06f          	j	80003f8c <vTaskGenericNotifyGiveFromISR+0x14>
800040dc:	00872583          	lw	a1,8(a4)
800040e0:	00c72783          	lw	a5,12(a4)
800040e4:	01472683          	lw	a3,20(a4)
800040e8:	00470813          	addi	a6,a4,4
800040ec:	00f5a423          	sw	a5,8(a1)
800040f0:	00872503          	lw	a0,8(a4)
800040f4:	0046a583          	lw	a1,4(a3)
800040f8:	00a7a223          	sw	a0,4(a5)
800040fc:	07058863          	beq	a1,a6,8000416c <vTaskGenericNotifyGiveFromISR+0x1f4>
80004100:	0006a583          	lw	a1,0(a3)
80004104:	800067b7          	lui	a5,0x80006
80004108:	2f878793          	addi	a5,a5,760 # 800062f8 <pxReadyTasksLists>
8000410c:	fff58593          	addi	a1,a1,-1
80004110:	00b6a023          	sw	a1,0(a3)
80004114:	02c72883          	lw	a7,44(a4)
80004118:	80005337          	lui	t1,0x80005
8000411c:	19c32e83          	lw	t4,412(t1) # 8000519c <uxTopReadyPriority>
80004120:	00289693          	slli	a3,a7,0x2
80004124:	011686b3          	add	a3,a3,a7
80004128:	00269693          	slli	a3,a3,0x2
8000412c:	00d787b3          	add	a5,a5,a3
80004130:	0047a503          	lw	a0,4(a5)
80004134:	0007a583          	lw	a1,0(a5)
80004138:	00100693          	li	a3,1
8000413c:	00a72423          	sw	a0,8(a4)
80004140:	00852e03          	lw	t3,8(a0)
80004144:	011696b3          	sll	a3,a3,a7
80004148:	00158593          	addi	a1,a1,1
8000414c:	01c72623          	sw	t3,12(a4)
80004150:	010e2223          	sw	a6,4(t3)
80004154:	01052423          	sw	a6,8(a0)
80004158:	00f72a23          	sw	a5,20(a4)
8000415c:	01d6e6b3          	or	a3,a3,t4
80004160:	00b7a023          	sw	a1,0(a5)
80004164:	18d32e23          	sw	a3,412(t1)
80004168:	ed5ff06f          	j	8000403c <vTaskGenericNotifyGiveFromISR+0xc4>
8000416c:	00c72783          	lw	a5,12(a4)
80004170:	00f6a223          	sw	a5,4(a3)
80004174:	f8dff06f          	j	80004100 <vTaskGenericNotifyGiveFromISR+0x188>

80004178 <xTaskGenericNotifyStateClear>:
80004178:	fe010113          	addi	sp,sp,-32
8000417c:	00112e23          	sw	ra,28(sp)
80004180:	00058713          	mv	a4,a1
80004184:	00050793          	mv	a5,a0
80004188:	04059463          	bnez	a1,800041d0 <xTaskGenericNotifyStateClear+0x58>
8000418c:	06078863          	beqz	a5,800041fc <xTaskGenericNotifyStateClear+0x84>
80004190:	30047073          	csrci	mstatus,8
80004194:	00e787b3          	add	a5,a5,a4
80004198:	0447c603          	lbu	a2,68(a5)
8000419c:	80005737          	lui	a4,0x80005
800041a0:	00200693          	li	a3,2
800041a4:	16872703          	lw	a4,360(a4) # 80005168 <xCriticalNesting>
800041a8:	00000513          	li	a0,0
800041ac:	00d60c63          	beq	a2,a3,800041c4 <xTaskGenericNotifyStateClear+0x4c>
800041b0:	00071463          	bnez	a4,800041b8 <xTaskGenericNotifyStateClear+0x40>
800041b4:	30046073          	csrsi	mstatus,8
800041b8:	01c12083          	lw	ra,28(sp)
800041bc:	02010113          	addi	sp,sp,32
800041c0:	00008067          	ret
800041c4:	04078223          	sb	zero,68(a5)
800041c8:	00100513          	li	a0,1
800041cc:	fe5ff06f          	j	800041b0 <xTaskGenericNotifyStateClear+0x38>
800041d0:	00b12623          	sw	a1,12(sp)
800041d4:	00a12423          	sw	a0,8(sp)
800041d8:	000025b7          	lui	a1,0x2
800041dc:	80005537          	lui	a0,0x80005
800041e0:	03258593          	addi	a1,a1,50 # 2032 <_start-0x7fffdfce>
800041e4:	fb850513          	addi	a0,a0,-72 # 80004fb8 <__clzsi2+0x2b8>
800041e8:	ffffc097          	auipc	ra,0xffffc
800041ec:	3cc080e7          	jalr	972(ra) # 800005b4 <vAssertCalled>
800041f0:	00812783          	lw	a5,8(sp)
800041f4:	00c12703          	lw	a4,12(sp)
800041f8:	f8079ce3          	bnez	a5,80004190 <xTaskGenericNotifyStateClear+0x18>
800041fc:	800057b7          	lui	a5,0x80005
80004200:	1b07a783          	lw	a5,432(a5) # 800051b0 <pxCurrentTCB>
80004204:	f8dff06f          	j	80004190 <xTaskGenericNotifyStateClear+0x18>

80004208 <ulTaskGenericNotifyValueClear>:
80004208:	fe010113          	addi	sp,sp,-32
8000420c:	00112e23          	sw	ra,28(sp)
80004210:	00058713          	mv	a4,a1
80004214:	00050793          	mv	a5,a0
80004218:	04059263          	bnez	a1,8000425c <ulTaskGenericNotifyValueClear+0x54>
8000421c:	06078a63          	beqz	a5,80004290 <ulTaskGenericNotifyValueClear+0x88>
80004220:	30047073          	csrci	mstatus,8
80004224:	00271713          	slli	a4,a4,0x2
80004228:	00e785b3          	add	a1,a5,a4
8000422c:	0405a503          	lw	a0,64(a1)
80004230:	0405a703          	lw	a4,64(a1)
80004234:	800057b7          	lui	a5,0x80005
80004238:	fff64613          	not	a2,a2
8000423c:	1687a783          	lw	a5,360(a5) # 80005168 <xCriticalNesting>
80004240:	00e67633          	and	a2,a2,a4
80004244:	04c5a023          	sw	a2,64(a1)
80004248:	00079463          	bnez	a5,80004250 <ulTaskGenericNotifyValueClear+0x48>
8000424c:	30046073          	csrsi	mstatus,8
80004250:	01c12083          	lw	ra,28(sp)
80004254:	02010113          	addi	sp,sp,32
80004258:	00008067          	ret
8000425c:	00b12423          	sw	a1,8(sp)
80004260:	00a12223          	sw	a0,4(sp)
80004264:	000025b7          	lui	a1,0x2
80004268:	80005537          	lui	a0,0x80005
8000426c:	05958593          	addi	a1,a1,89 # 2059 <_start-0x7fffdfa7>
80004270:	fb850513          	addi	a0,a0,-72 # 80004fb8 <__clzsi2+0x2b8>
80004274:	00c12623          	sw	a2,12(sp)
80004278:	ffffc097          	auipc	ra,0xffffc
8000427c:	33c080e7          	jalr	828(ra) # 800005b4 <vAssertCalled>
80004280:	00412783          	lw	a5,4(sp)
80004284:	00c12603          	lw	a2,12(sp)
80004288:	00812703          	lw	a4,8(sp)
8000428c:	f8079ae3          	bnez	a5,80004220 <ulTaskGenericNotifyValueClear+0x18>
80004290:	800057b7          	lui	a5,0x80005
80004294:	1b07a783          	lw	a5,432(a5) # 800051b0 <pxCurrentTCB>
80004298:	f89ff06f          	j	80004220 <ulTaskGenericNotifyValueClear+0x18>

8000429c <vTaskResetState>:
8000429c:	800057b7          	lui	a5,0x80005
800042a0:	1a07a823          	sw	zero,432(a5) # 800051b0 <pxCurrentTCB>
800042a4:	800057b7          	lui	a5,0x80005
800042a8:	1a07a223          	sw	zero,420(a5) # 800051a4 <uxCurrentNumberOfTasks>
800042ac:	800057b7          	lui	a5,0x80005
800042b0:	1a07a023          	sw	zero,416(a5) # 800051a0 <xTickCount>
800042b4:	800057b7          	lui	a5,0x80005
800042b8:	1807ae23          	sw	zero,412(a5) # 8000519c <uxTopReadyPriority>
800042bc:	800057b7          	lui	a5,0x80005
800042c0:	1807ac23          	sw	zero,408(a5) # 80005198 <xSchedulerRunning>
800042c4:	800057b7          	lui	a5,0x80005
800042c8:	1807aa23          	sw	zero,404(a5) # 80005194 <xPendedTicks>
800042cc:	800057b7          	lui	a5,0x80005
800042d0:	1807a823          	sw	zero,400(a5) # 80005190 <xYieldPendings>
800042d4:	800057b7          	lui	a5,0x80005
800042d8:	1807a623          	sw	zero,396(a5) # 8000518c <xNumOfOverflows>
800042dc:	800057b7          	lui	a5,0x80005
800042e0:	1807a223          	sw	zero,388(a5) # 80005184 <xNextTaskUnblockTime>
800042e4:	80005737          	lui	a4,0x80005
800042e8:	800057b7          	lui	a5,0x80005
800042ec:	18072423          	sw	zero,392(a4) # 80005188 <uxTaskNumber>
800042f0:	1807a023          	sw	zero,384(a5) # 80005180 <uxSchedulerSuspended>
800042f4:	00008067          	ret

800042f8 <vPortSetupTimerInterrupt>:
800042f8:	ff010113          	addi	sp,sp,-16
800042fc:	f14027f3          	csrr	a5,mhartid
80004300:	00f12623          	sw	a5,12(sp)
80004304:	00c12503          	lw	a0,12(sp)
80004308:	080007b7          	lui	a5,0x8000
8000430c:	00578793          	addi	a5,a5,5 # 8000005 <_start-0x77fffffb>
80004310:	00f50533          	add	a0,a0,a5
80004314:	00351513          	slli	a0,a0,0x3
80004318:	800057b7          	lui	a5,0x80005
8000431c:	1aa7ae23          	sw	a0,444(a5) # 800051bc <pullMachineTimerCompareRegister>
80004320:	400005b7          	lui	a1,0x40000
80004324:	400007b7          	lui	a5,0x40000
80004328:	02478793          	addi	a5,a5,36 # 40000024 <_start-0x3fffffdc>
8000432c:	02058593          	addi	a1,a1,32 # 40000020 <_start-0x3fffffe0>
80004330:	0007a683          	lw	a3,0(a5)
80004334:	0005a603          	lw	a2,0(a1)
80004338:	0007a703          	lw	a4,0(a5)
8000433c:	fed71ae3          	bne	a4,a3,80004330 <vPortSetupTimerInterrupt+0x38>
80004340:	000187b7          	lui	a5,0x18
80004344:	6a078793          	addi	a5,a5,1696 # 186a0 <_start-0x7ffe7960>
80004348:	00f606b3          	add	a3,a2,a5
8000434c:	00c6b633          	sltu	a2,a3,a2
80004350:	00e608b3          	add	a7,a2,a4
80004354:	00068813          	mv	a6,a3
80004358:	800056b7          	lui	a3,0x80005
8000435c:	1d06a023          	sw	a6,448(a3) # 800051c0 <ullNextTime>
80004360:	1d16a223          	sw	a7,452(a3)
80004364:	01052023          	sw	a6,0(a0)
80004368:	01152223          	sw	a7,4(a0)
8000436c:	1c06a703          	lw	a4,448(a3)
80004370:	1c46a603          	lw	a2,452(a3)
80004374:	00f707b3          	add	a5,a4,a5
80004378:	00e7b733          	sltu	a4,a5,a4
8000437c:	00c70733          	add	a4,a4,a2
80004380:	1cf6a023          	sw	a5,448(a3)
80004384:	1ce6a223          	sw	a4,452(a3)
80004388:	01010113          	addi	sp,sp,16
8000438c:	00008067          	ret

80004390 <xPortStartScheduler>:
80004390:	80006537          	lui	a0,0x80006
80004394:	ff010113          	addi	sp,sp,-16
80004398:	40000613          	li	a2,1024
8000439c:	0ee00593          	li	a1,238
800043a0:	3a050513          	addi	a0,a0,928 # 800063a0 <xISRStack>
800043a4:	00112623          	sw	ra,12(sp)
800043a8:	ffffc097          	auipc	ra,0xffffc
800043ac:	5d8080e7          	jalr	1496(ra) # 80000980 <memset>
800043b0:	00000097          	auipc	ra,0x0
800043b4:	f48080e7          	jalr	-184(ra) # 800042f8 <vPortSetupTimerInterrupt>
800043b8:	000017b7          	lui	a5,0x1
800043bc:	88078793          	addi	a5,a5,-1920 # 880 <_start-0x7ffff780>
800043c0:	3047a073          	csrs	mie,a5
800043c4:	00000097          	auipc	ra,0x0
800043c8:	07c080e7          	jalr	124(ra) # 80004440 <xPortStartFirstTask>
800043cc:	00c12083          	lw	ra,12(sp)
800043d0:	00000513          	li	a0,0
800043d4:	01010113          	addi	sp,sp,16
800043d8:	00008067          	ret

800043dc <vPortEndScheduler>:
800043dc:	0000006f          	j	800043dc <vPortEndScheduler>

800043e0 <pxPortInitialiseStack>:
800043e0:	300022f3          	csrr	t0,mstatus
800043e4:	ff72f293          	andi	t0,t0,-9
800043e8:	18800313          	li	t1,392
800043ec:	00431313          	slli	t1,t1,0x4
800043f0:	0062e2b3          	or	t0,t0,t1
800043f4:	ffc50513          	addi	a0,a0,-4
800043f8:	00552023          	sw	t0,0(a0)
800043fc:	ffc50513          	addi	a0,a0,-4
80004400:	00052023          	sw	zero,0(a0)
80004404:	fa850513          	addi	a0,a0,-88
80004408:	00c52023          	sw	a2,0(a0)
8000440c:	fe850513          	addi	a0,a0,-24
80004410:	00001297          	auipc	t0,0x1
80004414:	da82a283          	lw	t0,-600(t0) # 800051b8 <xTaskReturnAddress>
80004418:	00552023          	sw	t0,0(a0)
8000441c:	00000293          	li	t0,0

80004420 <chip_specific_stack_frame>:
80004420:	00028a63          	beqz	t0,80004434 <chip_specific_stack_frame+0x14>
80004424:	ffc50513          	addi	a0,a0,-4
80004428:	00052023          	sw	zero,0(a0)
8000442c:	fff28293          	addi	t0,t0,-1
80004430:	ff1ff06f          	j	80004420 <chip_specific_stack_frame>
80004434:	ffc50513          	addi	a0,a0,-4
80004438:	00b52023          	sw	a1,0(a0)
8000443c:	00008067          	ret

80004440 <xPortStartFirstTask>:
80004440:	00001117          	auipc	sp,0x1
80004444:	d7012103          	lw	sp,-656(sp) # 800051b0 <pxCurrentTCB>
80004448:	00012103          	lw	sp,0(sp)
8000444c:	00012083          	lw	ra,0(sp)
80004450:	01012383          	lw	t2,16(sp)
80004454:	01412403          	lw	s0,20(sp)
80004458:	01812483          	lw	s1,24(sp)
8000445c:	01c12503          	lw	a0,28(sp)
80004460:	02012583          	lw	a1,32(sp)
80004464:	02412603          	lw	a2,36(sp)
80004468:	02812683          	lw	a3,40(sp)
8000446c:	02c12703          	lw	a4,44(sp)
80004470:	03012783          	lw	a5,48(sp)
80004474:	03412803          	lw	a6,52(sp)
80004478:	03812883          	lw	a7,56(sp)
8000447c:	03c12903          	lw	s2,60(sp)
80004480:	04012983          	lw	s3,64(sp)
80004484:	04412a03          	lw	s4,68(sp)
80004488:	04812a83          	lw	s5,72(sp)
8000448c:	04c12b03          	lw	s6,76(sp)
80004490:	05012b83          	lw	s7,80(sp)
80004494:	05412c03          	lw	s8,84(sp)
80004498:	05812c83          	lw	s9,88(sp)
8000449c:	05c12d03          	lw	s10,92(sp)
800044a0:	06012d83          	lw	s11,96(sp)
800044a4:	06412e03          	lw	t3,100(sp)
800044a8:	06812e83          	lw	t4,104(sp)
800044ac:	06c12f03          	lw	t5,108(sp)
800044b0:	07012f83          	lw	t6,112(sp)
800044b4:	07412283          	lw	t0,116(sp)
800044b8:	00001317          	auipc	t1,0x1
800044bc:	cac32303          	lw	t1,-852(t1) # 80005164 <pxCriticalNesting>
800044c0:	00532023          	sw	t0,0(t1)
800044c4:	07812283          	lw	t0,120(sp)
800044c8:	00828293          	addi	t0,t0,8
800044cc:	30029073          	csrw	mstatus,t0
800044d0:	00812283          	lw	t0,8(sp)
800044d4:	00c12303          	lw	t1,12(sp)
800044d8:	07c10113          	addi	sp,sp,124
800044dc:	00008067          	ret
800044e0:	342022f3          	csrr	t0,mcause
800044e4:	34102373          	csrr	t1,mepc
800044e8:	300023f3          	csrr	t2,mstatus
800044ec:	0000006f          	j	800044ec <xPortStartFirstTask+0xac>
800044f0:	342022f3          	csrr	t0,mcause
800044f4:	34102373          	csrr	t1,mepc
800044f8:	300023f3          	csrr	t2,mstatus
800044fc:	0000006f          	j	800044fc <xPortStartFirstTask+0xbc>

80004500 <freertos_risc_v_exception_handler>:
80004500:	f8410113          	addi	sp,sp,-124
80004504:	00112223          	sw	ra,4(sp)
80004508:	00512423          	sw	t0,8(sp)
8000450c:	00612623          	sw	t1,12(sp)
80004510:	00712823          	sw	t2,16(sp)
80004514:	00812a23          	sw	s0,20(sp)
80004518:	00912c23          	sw	s1,24(sp)
8000451c:	00a12e23          	sw	a0,28(sp)
80004520:	02b12023          	sw	a1,32(sp)
80004524:	02c12223          	sw	a2,36(sp)
80004528:	02d12423          	sw	a3,40(sp)
8000452c:	02e12623          	sw	a4,44(sp)
80004530:	02f12823          	sw	a5,48(sp)
80004534:	03012a23          	sw	a6,52(sp)
80004538:	03112c23          	sw	a7,56(sp)
8000453c:	03212e23          	sw	s2,60(sp)
80004540:	05312023          	sw	s3,64(sp)
80004544:	05412223          	sw	s4,68(sp)
80004548:	05512423          	sw	s5,72(sp)
8000454c:	05612623          	sw	s6,76(sp)
80004550:	05712823          	sw	s7,80(sp)
80004554:	05812a23          	sw	s8,84(sp)
80004558:	05912c23          	sw	s9,88(sp)
8000455c:	05a12e23          	sw	s10,92(sp)
80004560:	07b12023          	sw	s11,96(sp)
80004564:	07c12223          	sw	t3,100(sp)
80004568:	07d12423          	sw	t4,104(sp)
8000456c:	07e12623          	sw	t5,108(sp)
80004570:	07f12823          	sw	t6,112(sp)
80004574:	00001297          	auipc	t0,0x1
80004578:	bf42a283          	lw	t0,-1036(t0) # 80005168 <xCriticalNesting>
8000457c:	06512a23          	sw	t0,116(sp)
80004580:	300022f3          	csrr	t0,mstatus
80004584:	06512c23          	sw	t0,120(sp)
80004588:	00001297          	auipc	t0,0x1
8000458c:	c282a283          	lw	t0,-984(t0) # 800051b0 <pxCurrentTCB>
80004590:	0022a023          	sw	sp,0(t0)
80004594:	34202573          	csrr	a0,mcause
80004598:	341025f3          	csrr	a1,mepc
8000459c:	00458593          	addi	a1,a1,4
800045a0:	00b12023          	sw	a1,0(sp)
800045a4:	00001117          	auipc	sp,0x1
800045a8:	bbc12103          	lw	sp,-1092(sp) # 80005160 <xISRStackTop>
800045ac:	00b00293          	li	t0,11
800045b0:	0a551863          	bne	a0,t0,80004660 <other_exception>
800045b4:	fffff097          	auipc	ra,0xfffff
800045b8:	9dc080e7          	jalr	-1572(ra) # 80002f90 <vTaskSwitchContext>
800045bc:	00001317          	auipc	t1,0x1
800045c0:	bf432303          	lw	t1,-1036(t1) # 800051b0 <pxCurrentTCB>
800045c4:	00032103          	lw	sp,0(t1)
800045c8:	00012283          	lw	t0,0(sp)
800045cc:	34129073          	csrw	mepc,t0
800045d0:	07812283          	lw	t0,120(sp)
800045d4:	30029073          	csrw	mstatus,t0
800045d8:	07412283          	lw	t0,116(sp)
800045dc:	00001317          	auipc	t1,0x1
800045e0:	b8832303          	lw	t1,-1144(t1) # 80005164 <pxCriticalNesting>
800045e4:	00532023          	sw	t0,0(t1)
800045e8:	00412083          	lw	ra,4(sp)
800045ec:	00812283          	lw	t0,8(sp)
800045f0:	00c12303          	lw	t1,12(sp)
800045f4:	01012383          	lw	t2,16(sp)
800045f8:	01412403          	lw	s0,20(sp)
800045fc:	01812483          	lw	s1,24(sp)
80004600:	01c12503          	lw	a0,28(sp)
80004604:	02012583          	lw	a1,32(sp)
80004608:	02412603          	lw	a2,36(sp)
8000460c:	02812683          	lw	a3,40(sp)
80004610:	02c12703          	lw	a4,44(sp)
80004614:	03012783          	lw	a5,48(sp)
80004618:	03412803          	lw	a6,52(sp)
8000461c:	03812883          	lw	a7,56(sp)
80004620:	03c12903          	lw	s2,60(sp)
80004624:	04012983          	lw	s3,64(sp)
80004628:	04412a03          	lw	s4,68(sp)
8000462c:	04812a83          	lw	s5,72(sp)
80004630:	04c12b03          	lw	s6,76(sp)
80004634:	05012b83          	lw	s7,80(sp)
80004638:	05412c03          	lw	s8,84(sp)
8000463c:	05812c83          	lw	s9,88(sp)
80004640:	05c12d03          	lw	s10,92(sp)
80004644:	06012d83          	lw	s11,96(sp)
80004648:	06412e03          	lw	t3,100(sp)
8000464c:	06812e83          	lw	t4,104(sp)
80004650:	06c12f03          	lw	t5,108(sp)
80004654:	07012f83          	lw	t6,112(sp)
80004658:	07c10113          	addi	sp,sp,124
8000465c:	30200073          	mret

80004660 <other_exception>:
80004660:	ffffc097          	auipc	ra,0xffffc
80004664:	098080e7          	jalr	152(ra) # 800006f8 <freertos_risc_v_application_exception_handler>
80004668:	00001317          	auipc	t1,0x1
8000466c:	b4832303          	lw	t1,-1208(t1) # 800051b0 <pxCurrentTCB>
80004670:	00032103          	lw	sp,0(t1)
80004674:	00012283          	lw	t0,0(sp)
80004678:	34129073          	csrw	mepc,t0
8000467c:	07812283          	lw	t0,120(sp)
80004680:	30029073          	csrw	mstatus,t0
80004684:	07412283          	lw	t0,116(sp)
80004688:	00001317          	auipc	t1,0x1
8000468c:	adc32303          	lw	t1,-1316(t1) # 80005164 <pxCriticalNesting>
80004690:	00532023          	sw	t0,0(t1)
80004694:	00412083          	lw	ra,4(sp)
80004698:	00812283          	lw	t0,8(sp)
8000469c:	00c12303          	lw	t1,12(sp)
800046a0:	01012383          	lw	t2,16(sp)
800046a4:	01412403          	lw	s0,20(sp)
800046a8:	01812483          	lw	s1,24(sp)
800046ac:	01c12503          	lw	a0,28(sp)
800046b0:	02012583          	lw	a1,32(sp)
800046b4:	02412603          	lw	a2,36(sp)
800046b8:	02812683          	lw	a3,40(sp)
800046bc:	02c12703          	lw	a4,44(sp)
800046c0:	03012783          	lw	a5,48(sp)
800046c4:	03412803          	lw	a6,52(sp)
800046c8:	03812883          	lw	a7,56(sp)
800046cc:	03c12903          	lw	s2,60(sp)
800046d0:	04012983          	lw	s3,64(sp)
800046d4:	04412a03          	lw	s4,68(sp)
800046d8:	04812a83          	lw	s5,72(sp)
800046dc:	04c12b03          	lw	s6,76(sp)
800046e0:	05012b83          	lw	s7,80(sp)
800046e4:	05412c03          	lw	s8,84(sp)
800046e8:	05812c83          	lw	s9,88(sp)
800046ec:	05c12d03          	lw	s10,92(sp)
800046f0:	06012d83          	lw	s11,96(sp)
800046f4:	06412e03          	lw	t3,100(sp)
800046f8:	06812e83          	lw	t4,104(sp)
800046fc:	06c12f03          	lw	t5,108(sp)
80004700:	07012f83          	lw	t6,112(sp)
80004704:	07c10113          	addi	sp,sp,124
80004708:	30200073          	mret

8000470c <freertos_risc_v_interrupt_handler>:
8000470c:	f8410113          	addi	sp,sp,-124
80004710:	00112223          	sw	ra,4(sp)
80004714:	00512423          	sw	t0,8(sp)
80004718:	00612623          	sw	t1,12(sp)
8000471c:	00712823          	sw	t2,16(sp)
80004720:	00812a23          	sw	s0,20(sp)
80004724:	00912c23          	sw	s1,24(sp)
80004728:	00a12e23          	sw	a0,28(sp)
8000472c:	02b12023          	sw	a1,32(sp)
80004730:	02c12223          	sw	a2,36(sp)
80004734:	02d12423          	sw	a3,40(sp)
80004738:	02e12623          	sw	a4,44(sp)
8000473c:	02f12823          	sw	a5,48(sp)
80004740:	03012a23          	sw	a6,52(sp)
80004744:	03112c23          	sw	a7,56(sp)
80004748:	03212e23          	sw	s2,60(sp)
8000474c:	05312023          	sw	s3,64(sp)
80004750:	05412223          	sw	s4,68(sp)
80004754:	05512423          	sw	s5,72(sp)
80004758:	05612623          	sw	s6,76(sp)
8000475c:	05712823          	sw	s7,80(sp)
80004760:	05812a23          	sw	s8,84(sp)
80004764:	05912c23          	sw	s9,88(sp)
80004768:	05a12e23          	sw	s10,92(sp)
8000476c:	07b12023          	sw	s11,96(sp)
80004770:	07c12223          	sw	t3,100(sp)
80004774:	07d12423          	sw	t4,104(sp)
80004778:	07e12623          	sw	t5,108(sp)
8000477c:	07f12823          	sw	t6,112(sp)
80004780:	00001297          	auipc	t0,0x1
80004784:	9e82a283          	lw	t0,-1560(t0) # 80005168 <xCriticalNesting>
80004788:	06512a23          	sw	t0,116(sp)
8000478c:	300022f3          	csrr	t0,mstatus
80004790:	06512c23          	sw	t0,120(sp)
80004794:	00001297          	auipc	t0,0x1
80004798:	a1c2a283          	lw	t0,-1508(t0) # 800051b0 <pxCurrentTCB>
8000479c:	0022a023          	sw	sp,0(t0)
800047a0:	34202573          	csrr	a0,mcause
800047a4:	341025f3          	csrr	a1,mepc
800047a8:	00b12023          	sw	a1,0(sp)
800047ac:	00001117          	auipc	sp,0x1
800047b0:	9b412103          	lw	sp,-1612(sp) # 80005160 <xISRStackTop>
800047b4:	ffffc097          	auipc	ra,0xffffc
800047b8:	088080e7          	jalr	136(ra) # 8000083c <freertos_risc_v_application_interrupt_handler>
800047bc:	00001317          	auipc	t1,0x1
800047c0:	9f432303          	lw	t1,-1548(t1) # 800051b0 <pxCurrentTCB>
800047c4:	00032103          	lw	sp,0(t1)
800047c8:	00012283          	lw	t0,0(sp)
800047cc:	34129073          	csrw	mepc,t0
800047d0:	07812283          	lw	t0,120(sp)
800047d4:	30029073          	csrw	mstatus,t0
800047d8:	07412283          	lw	t0,116(sp)
800047dc:	00001317          	auipc	t1,0x1
800047e0:	98832303          	lw	t1,-1656(t1) # 80005164 <pxCriticalNesting>
800047e4:	00532023          	sw	t0,0(t1)
800047e8:	00412083          	lw	ra,4(sp)
800047ec:	00812283          	lw	t0,8(sp)
800047f0:	00c12303          	lw	t1,12(sp)
800047f4:	01012383          	lw	t2,16(sp)
800047f8:	01412403          	lw	s0,20(sp)
800047fc:	01812483          	lw	s1,24(sp)
80004800:	01c12503          	lw	a0,28(sp)
80004804:	02012583          	lw	a1,32(sp)
80004808:	02412603          	lw	a2,36(sp)
8000480c:	02812683          	lw	a3,40(sp)
80004810:	02c12703          	lw	a4,44(sp)
80004814:	03012783          	lw	a5,48(sp)
80004818:	03412803          	lw	a6,52(sp)
8000481c:	03812883          	lw	a7,56(sp)
80004820:	03c12903          	lw	s2,60(sp)
80004824:	04012983          	lw	s3,64(sp)
80004828:	04412a03          	lw	s4,68(sp)
8000482c:	04812a83          	lw	s5,72(sp)
80004830:	04c12b03          	lw	s6,76(sp)
80004834:	05012b83          	lw	s7,80(sp)
80004838:	05412c03          	lw	s8,84(sp)
8000483c:	05812c83          	lw	s9,88(sp)
80004840:	05c12d03          	lw	s10,92(sp)
80004844:	06012d83          	lw	s11,96(sp)
80004848:	06412e03          	lw	t3,100(sp)
8000484c:	06812e83          	lw	t4,104(sp)
80004850:	06c12f03          	lw	t5,108(sp)
80004854:	07012f83          	lw	t6,112(sp)
80004858:	07c10113          	addi	sp,sp,124
8000485c:	30200073          	mret

80004860 <freertos_risc_v_mtimer_interrupt_handler>:
80004860:	f8410113          	addi	sp,sp,-124
80004864:	00112223          	sw	ra,4(sp)
80004868:	00512423          	sw	t0,8(sp)
8000486c:	00612623          	sw	t1,12(sp)
80004870:	00712823          	sw	t2,16(sp)
80004874:	00812a23          	sw	s0,20(sp)
80004878:	00912c23          	sw	s1,24(sp)
8000487c:	00a12e23          	sw	a0,28(sp)
80004880:	02b12023          	sw	a1,32(sp)
80004884:	02c12223          	sw	a2,36(sp)
80004888:	02d12423          	sw	a3,40(sp)
8000488c:	02e12623          	sw	a4,44(sp)
80004890:	02f12823          	sw	a5,48(sp)
80004894:	03012a23          	sw	a6,52(sp)
80004898:	03112c23          	sw	a7,56(sp)
8000489c:	03212e23          	sw	s2,60(sp)
800048a0:	05312023          	sw	s3,64(sp)
800048a4:	05412223          	sw	s4,68(sp)
800048a8:	05512423          	sw	s5,72(sp)
800048ac:	05612623          	sw	s6,76(sp)
800048b0:	05712823          	sw	s7,80(sp)
800048b4:	05812a23          	sw	s8,84(sp)
800048b8:	05912c23          	sw	s9,88(sp)
800048bc:	05a12e23          	sw	s10,92(sp)
800048c0:	07b12023          	sw	s11,96(sp)
800048c4:	07c12223          	sw	t3,100(sp)
800048c8:	07d12423          	sw	t4,104(sp)
800048cc:	07e12623          	sw	t5,108(sp)
800048d0:	07f12823          	sw	t6,112(sp)
800048d4:	00001297          	auipc	t0,0x1
800048d8:	8942a283          	lw	t0,-1900(t0) # 80005168 <xCriticalNesting>
800048dc:	06512a23          	sw	t0,116(sp)
800048e0:	300022f3          	csrr	t0,mstatus
800048e4:	06512c23          	sw	t0,120(sp)
800048e8:	00001297          	auipc	t0,0x1
800048ec:	8c82a283          	lw	t0,-1848(t0) # 800051b0 <pxCurrentTCB>
800048f0:	0022a023          	sw	sp,0(t0)
800048f4:	34202573          	csrr	a0,mcause
800048f8:	341025f3          	csrr	a1,mepc
800048fc:	00b12023          	sw	a1,0(sp)
80004900:	00001117          	auipc	sp,0x1
80004904:	86012103          	lw	sp,-1952(sp) # 80005160 <xISRStackTop>
80004908:	00001517          	auipc	a0,0x1
8000490c:	8b452503          	lw	a0,-1868(a0) # 800051bc <pullMachineTimerCompareRegister>
80004910:	00001597          	auipc	a1,0x1
80004914:	85c5a583          	lw	a1,-1956(a1) # 8000516c <pullNextTime>
80004918:	fff00713          	li	a4,-1
8000491c:	0005a603          	lw	a2,0(a1)
80004920:	0045a683          	lw	a3,4(a1)
80004924:	00e52023          	sw	a4,0(a0)
80004928:	00d52223          	sw	a3,4(a0)
8000492c:	00c52023          	sw	a2,0(a0)
80004930:	00001297          	auipc	t0,0x1
80004934:	82c2a283          	lw	t0,-2004(t0) # 8000515c <uxTimerIncrementsForOneTick>
80004938:	00c28733          	add	a4,t0,a2
8000493c:	00c73333          	sltu	t1,a4,a2
80004940:	006683b3          	add	t2,a3,t1
80004944:	00e5a023          	sw	a4,0(a1)
80004948:	0075a223          	sw	t2,4(a1)
8000494c:	ffffe097          	auipc	ra,0xffffe
80004950:	618080e7          	jalr	1560(ra) # 80002f64 <xTaskIncrementTick>
80004954:	00050663          	beqz	a0,80004960 <exit_without_context_switch>
80004958:	ffffe097          	auipc	ra,0xffffe
8000495c:	638080e7          	jalr	1592(ra) # 80002f90 <vTaskSwitchContext>

80004960 <exit_without_context_switch>:
80004960:	00001317          	auipc	t1,0x1
80004964:	85032303          	lw	t1,-1968(t1) # 800051b0 <pxCurrentTCB>
80004968:	00032103          	lw	sp,0(t1)
8000496c:	00012283          	lw	t0,0(sp)
80004970:	34129073          	csrw	mepc,t0
80004974:	07812283          	lw	t0,120(sp)
80004978:	30029073          	csrw	mstatus,t0
8000497c:	07412283          	lw	t0,116(sp)
80004980:	00000317          	auipc	t1,0x0
80004984:	7e432303          	lw	t1,2020(t1) # 80005164 <pxCriticalNesting>
80004988:	00532023          	sw	t0,0(t1)
8000498c:	00412083          	lw	ra,4(sp)
80004990:	00812283          	lw	t0,8(sp)
80004994:	00c12303          	lw	t1,12(sp)
80004998:	01012383          	lw	t2,16(sp)
8000499c:	01412403          	lw	s0,20(sp)
800049a0:	01812483          	lw	s1,24(sp)
800049a4:	01c12503          	lw	a0,28(sp)
800049a8:	02012583          	lw	a1,32(sp)
800049ac:	02412603          	lw	a2,36(sp)
800049b0:	02812683          	lw	a3,40(sp)
800049b4:	02c12703          	lw	a4,44(sp)
800049b8:	03012783          	lw	a5,48(sp)
800049bc:	03412803          	lw	a6,52(sp)
800049c0:	03812883          	lw	a7,56(sp)
800049c4:	03c12903          	lw	s2,60(sp)
800049c8:	04012983          	lw	s3,64(sp)
800049cc:	04412a03          	lw	s4,68(sp)
800049d0:	04812a83          	lw	s5,72(sp)
800049d4:	04c12b03          	lw	s6,76(sp)
800049d8:	05012b83          	lw	s7,80(sp)
800049dc:	05412c03          	lw	s8,84(sp)
800049e0:	05812c83          	lw	s9,88(sp)
800049e4:	05c12d03          	lw	s10,92(sp)
800049e8:	06012d83          	lw	s11,96(sp)
800049ec:	06412e03          	lw	t3,100(sp)
800049f0:	06812e83          	lw	t4,104(sp)
800049f4:	06c12f03          	lw	t5,108(sp)
800049f8:	07012f83          	lw	t6,112(sp)
800049fc:	07c10113          	addi	sp,sp,124
80004a00:	30200073          	mret
	...

80004b00 <freertos_risc_v_trap_handler>:
80004b00:	f8410113          	addi	sp,sp,-124
80004b04:	00112223          	sw	ra,4(sp)
80004b08:	00512423          	sw	t0,8(sp)
80004b0c:	00612623          	sw	t1,12(sp)
80004b10:	00712823          	sw	t2,16(sp)
80004b14:	00812a23          	sw	s0,20(sp)
80004b18:	00912c23          	sw	s1,24(sp)
80004b1c:	00a12e23          	sw	a0,28(sp)
80004b20:	02b12023          	sw	a1,32(sp)
80004b24:	02c12223          	sw	a2,36(sp)
80004b28:	02d12423          	sw	a3,40(sp)
80004b2c:	02e12623          	sw	a4,44(sp)
80004b30:	02f12823          	sw	a5,48(sp)
80004b34:	03012a23          	sw	a6,52(sp)
80004b38:	03112c23          	sw	a7,56(sp)
80004b3c:	03212e23          	sw	s2,60(sp)
80004b40:	05312023          	sw	s3,64(sp)
80004b44:	05412223          	sw	s4,68(sp)
80004b48:	05512423          	sw	s5,72(sp)
80004b4c:	05612623          	sw	s6,76(sp)
80004b50:	05712823          	sw	s7,80(sp)
80004b54:	05812a23          	sw	s8,84(sp)
80004b58:	05912c23          	sw	s9,88(sp)
80004b5c:	05a12e23          	sw	s10,92(sp)
80004b60:	07b12023          	sw	s11,96(sp)
80004b64:	07c12223          	sw	t3,100(sp)
80004b68:	07d12423          	sw	t4,104(sp)
80004b6c:	07e12623          	sw	t5,108(sp)
80004b70:	07f12823          	sw	t6,112(sp)
80004b74:	00000297          	auipc	t0,0x0
80004b78:	5f42a283          	lw	t0,1524(t0) # 80005168 <xCriticalNesting>
80004b7c:	06512a23          	sw	t0,116(sp)
80004b80:	300022f3          	csrr	t0,mstatus
80004b84:	06512c23          	sw	t0,120(sp)
80004b88:	00000297          	auipc	t0,0x0
80004b8c:	6282a283          	lw	t0,1576(t0) # 800051b0 <pxCurrentTCB>
80004b90:	0022a023          	sw	sp,0(t0)
80004b94:	34202573          	csrr	a0,mcause
80004b98:	341025f3          	csrr	a1,mepc
80004b9c:	00055a63          	bgez	a0,80004bb0 <synchronous_exception>

80004ba0 <asynchronous_interrupt>:
80004ba0:	00b12023          	sw	a1,0(sp)
80004ba4:	00000117          	auipc	sp,0x0
80004ba8:	5bc12103          	lw	sp,1468(sp) # 80005160 <xISRStackTop>
80004bac:	0180006f          	j	80004bc4 <handle_interrupt>

80004bb0 <synchronous_exception>:
80004bb0:	00458593          	addi	a1,a1,4
80004bb4:	00b12023          	sw	a1,0(sp)
80004bb8:	00000117          	auipc	sp,0x0
80004bbc:	5a812103          	lw	sp,1448(sp) # 80005160 <xISRStackTop>
80004bc0:	07c0006f          	j	80004c3c <handle_exception>

80004bc4 <handle_interrupt>:
80004bc4:	00100293          	li	t0,1
80004bc8:	01f29293          	slli	t0,t0,0x1f
80004bcc:	00728313          	addi	t1,t0,7
80004bd0:	06651063          	bne	a0,t1,80004c30 <application_interrupt_handler>
80004bd4:	00000517          	auipc	a0,0x0
80004bd8:	5e852503          	lw	a0,1512(a0) # 800051bc <pullMachineTimerCompareRegister>
80004bdc:	00000597          	auipc	a1,0x0
80004be0:	5905a583          	lw	a1,1424(a1) # 8000516c <pullNextTime>
80004be4:	fff00713          	li	a4,-1
80004be8:	0005a603          	lw	a2,0(a1)
80004bec:	0045a683          	lw	a3,4(a1)
80004bf0:	00e52023          	sw	a4,0(a0)
80004bf4:	00d52223          	sw	a3,4(a0)
80004bf8:	00c52023          	sw	a2,0(a0)
80004bfc:	00000297          	auipc	t0,0x0
80004c00:	5602a283          	lw	t0,1376(t0) # 8000515c <uxTimerIncrementsForOneTick>
80004c04:	00c28733          	add	a4,t0,a2
80004c08:	00c73333          	sltu	t1,a4,a2
80004c0c:	006683b3          	add	t2,a3,t1
80004c10:	00e5a023          	sw	a4,0(a1)
80004c14:	0075a223          	sw	t2,4(a1)
80004c18:	ffffe097          	auipc	ra,0xffffe
80004c1c:	34c080e7          	jalr	844(ra) # 80002f64 <xTaskIncrementTick>
80004c20:	02050e63          	beqz	a0,80004c5c <processed_source>
80004c24:	ffffe097          	auipc	ra,0xffffe
80004c28:	36c080e7          	jalr	876(ra) # 80002f90 <vTaskSwitchContext>
80004c2c:	0300006f          	j	80004c5c <processed_source>

80004c30 <application_interrupt_handler>:
80004c30:	ffffc097          	auipc	ra,0xffffc
80004c34:	c0c080e7          	jalr	-1012(ra) # 8000083c <freertos_risc_v_application_interrupt_handler>
80004c38:	0240006f          	j	80004c5c <processed_source>

80004c3c <handle_exception>:
80004c3c:	00b00293          	li	t0,11
80004c40:	00551863          	bne	a0,t0,80004c50 <application_exception_handler>
80004c44:	ffffe097          	auipc	ra,0xffffe
80004c48:	34c080e7          	jalr	844(ra) # 80002f90 <vTaskSwitchContext>
80004c4c:	0100006f          	j	80004c5c <processed_source>

80004c50 <application_exception_handler>:
80004c50:	ffffc097          	auipc	ra,0xffffc
80004c54:	aa8080e7          	jalr	-1368(ra) # 800006f8 <freertos_risc_v_application_exception_handler>
80004c58:	0040006f          	j	80004c5c <processed_source>

80004c5c <processed_source>:
80004c5c:	00000317          	auipc	t1,0x0
80004c60:	55432303          	lw	t1,1364(t1) # 800051b0 <pxCurrentTCB>
80004c64:	00032103          	lw	sp,0(t1)
80004c68:	00012283          	lw	t0,0(sp)
80004c6c:	34129073          	csrw	mepc,t0
80004c70:	07812283          	lw	t0,120(sp)
80004c74:	30029073          	csrw	mstatus,t0
80004c78:	07412283          	lw	t0,116(sp)
80004c7c:	00000317          	auipc	t1,0x0
80004c80:	4e832303          	lw	t1,1256(t1) # 80005164 <pxCriticalNesting>
80004c84:	00532023          	sw	t0,0(t1)
80004c88:	00412083          	lw	ra,4(sp)
80004c8c:	00812283          	lw	t0,8(sp)
80004c90:	00c12303          	lw	t1,12(sp)
80004c94:	01012383          	lw	t2,16(sp)
80004c98:	01412403          	lw	s0,20(sp)
80004c9c:	01812483          	lw	s1,24(sp)
80004ca0:	01c12503          	lw	a0,28(sp)
80004ca4:	02012583          	lw	a1,32(sp)
80004ca8:	02412603          	lw	a2,36(sp)
80004cac:	02812683          	lw	a3,40(sp)
80004cb0:	02c12703          	lw	a4,44(sp)
80004cb4:	03012783          	lw	a5,48(sp)
80004cb8:	03412803          	lw	a6,52(sp)
80004cbc:	03812883          	lw	a7,56(sp)
80004cc0:	03c12903          	lw	s2,60(sp)
80004cc4:	04012983          	lw	s3,64(sp)
80004cc8:	04412a03          	lw	s4,68(sp)
80004ccc:	04812a83          	lw	s5,72(sp)
80004cd0:	04c12b03          	lw	s6,76(sp)
80004cd4:	05012b83          	lw	s7,80(sp)
80004cd8:	05412c03          	lw	s8,84(sp)
80004cdc:	05812c83          	lw	s9,88(sp)
80004ce0:	05c12d03          	lw	s10,92(sp)
80004ce4:	06012d83          	lw	s11,96(sp)
80004ce8:	06412e03          	lw	t3,100(sp)
80004cec:	06812e83          	lw	t4,104(sp)
80004cf0:	06c12f03          	lw	t5,108(sp)
80004cf4:	07012f83          	lw	t6,112(sp)
80004cf8:	07c10113          	addi	sp,sp,124
80004cfc:	30200073          	mret

80004d00 <__clzsi2>:
80004d00:	000107b7          	lui	a5,0x10
80004d04:	02f57a63          	bgeu	a0,a5,80004d38 <__clzsi2+0x38>
80004d08:	10053793          	sltiu	a5,a0,256
80004d0c:	0017b793          	seqz	a5,a5
80004d10:	00379793          	slli	a5,a5,0x3
80004d14:	02000713          	li	a4,32
80004d18:	40f70733          	sub	a4,a4,a5
80004d1c:	00f55533          	srl	a0,a0,a5
80004d20:	00000797          	auipc	a5,0x0
80004d24:	33478793          	addi	a5,a5,820 # 80005054 <__clz_tab>
80004d28:	00a787b3          	add	a5,a5,a0
80004d2c:	0007c503          	lbu	a0,0(a5)
80004d30:	40a70533          	sub	a0,a4,a0
80004d34:	00008067          	ret
80004d38:	010007b7          	lui	a5,0x1000
80004d3c:	02f57463          	bgeu	a0,a5,80004d64 <__clzsi2+0x64>
80004d40:	01000713          	li	a4,16
80004d44:	00070793          	mv	a5,a4
80004d48:	00f55533          	srl	a0,a0,a5
80004d4c:	00000797          	auipc	a5,0x0
80004d50:	30878793          	addi	a5,a5,776 # 80005054 <__clz_tab>
80004d54:	00a787b3          	add	a5,a5,a0
80004d58:	0007c503          	lbu	a0,0(a5)
80004d5c:	40a70533          	sub	a0,a4,a0
80004d60:	00008067          	ret
80004d64:	01800793          	li	a5,24
80004d68:	00f55533          	srl	a0,a0,a5
80004d6c:	00000797          	auipc	a5,0x0
80004d70:	2e878793          	addi	a5,a5,744 # 80005054 <__clz_tab>
80004d74:	00a787b3          	add	a5,a5,a0
80004d78:	0007c503          	lbu	a0,0(a5)
80004d7c:	00800713          	li	a4,8
80004d80:	40a70533          	sub	a0,a4,a0
80004d84:	00008067          	ret
80004d88:	4f54525b          	.insn	4, 0x4f54525b
80004d8c:	66205d53          	.insn	4, 0x66205d53
80004d90:	7461                	.insn	2, 0x7461
80004d92:	6c61                	.insn	2, 0x6c61
80004d94:	0020                	.insn	2, 0x0020
80004d96:	0000                	.insn	2, 0x0000
80004d98:	4f54525b          	.insn	4, 0x4f54525b
80004d9c:	74205d53          	.insn	4, 0x74205d53
80004da0:	7361                	.insn	2, 0x7361
80004da2:	20423d6b          	.insn	4, 0x20423d6b
80004da6:	72617473          	.insn	4, 0x72617473
80004daa:	0074                	.insn	2, 0x0074
80004dac:	4f54525b          	.insn	4, 0x4f54525b
80004db0:	74205d53          	.insn	4, 0x74205d53
80004db4:	6369                	.insn	2, 0x6369
80004db6:	00003d6b          	.insn	4, 0x3d6b
80004dba:	0000                	.insn	2, 0x0000
80004dbc:	7420                	.insn	2, 0x7420
80004dbe:	7361                	.insn	2, 0x7361
80004dc0:	00003d6b          	.insn	4, 0x3d6b
80004dc4:	7120                	.insn	2, 0x7120
80004dc6:	6575                	.insn	2, 0x6575
80004dc8:	6575                	.insn	2, 0x6575
80004dca:	723d                	.insn	2, 0x723d
80004dcc:	6365                	.insn	2, 0x6365
80004dce:	2076                	.insn	2, 0x2076
80004dd0:	6176                	.insn	2, 0x6176
80004dd2:	756c                	.insn	2, 0x756c
80004dd4:	3d65                	.insn	2, 0x3d65
80004dd6:	0000                	.insn	2, 0x0000
80004dd8:	000a                	.insn	2, 0x000a
80004dda:	0000                	.insn	2, 0x0000
80004ddc:	5452                	.insn	2, 0x5452
80004dde:	535f534f          	.insn	4, 0x535f534f
80004de2:	4f4d                	.insn	2, 0x4f4d
80004de4:	505f454b          	.insn	4, 0x505f454b
80004de8:	5341                	.insn	2, 0x5341
80004dea:	525b0053          	.insn	4, 0x525b0053
80004dee:	4f54                	.insn	2, 0x4f54
80004df0:	74205d53          	.insn	4, 0x74205d53
80004df4:	7361                	.insn	2, 0x7361
80004df6:	20413d6b          	.insn	4, 0x20413d6b
80004dfa:	72617473          	.insn	4, 0x72617473
80004dfe:	0074                	.insn	2, 0x0074
80004e00:	7120                	.insn	2, 0x7120
80004e02:	6575                	.insn	2, 0x6575
80004e04:	6575                	.insn	2, 0x6575
80004e06:	733d                	.insn	2, 0x733d
80004e08:	6e65                	.insn	2, 0x6e65
80004e0a:	2064                	.insn	2, 0x2064
80004e0c:	6176                	.insn	2, 0x6176
80004e0e:	756c                	.insn	2, 0x756c
80004e10:	3d65                	.insn	2, 0x3d65
80004e12:	0000                	.insn	2, 0x0000
80004e14:	4f54525b          	.insn	4, 0x4f54525b
80004e18:	62205d53          	.insn	4, 0x62205d53
80004e1c:	00746f6f          	jal	t5,8004b622 <__bss_end+0x44e82>
80004e20:	7571                	.insn	2, 0x7571
80004e22:	7565                	.insn	2, 0x7565
80004e24:	0065                	.insn	2, 0x0065
80004e26:	0000                	.insn	2, 0x0000
80004e28:	4f54525b          	.insn	4, 0x4f54525b
80004e2c:	71205d53          	.insn	4, 0x71205d53
80004e30:	6575                	.insn	2, 0x6575
80004e32:	6575                	.insn	2, 0x6575
80004e34:	0000                	.insn	2, 0x0000
80004e36:	0000                	.insn	2, 0x0000
80004e38:	6174                	.insn	2, 0x6174
80004e3a:	00416b73          	.insn	4, 0x00416b73
80004e3e:	0000                	.insn	2, 0x0000
80004e40:	4f54525b          	.insn	4, 0x4f54525b
80004e44:	74205d53          	.insn	4, 0x74205d53
80004e48:	7361                	.insn	2, 0x7361
80004e4a:	0000416b          	.insn	4, 0x416b
80004e4e:	0000                	.insn	2, 0x0000
80004e50:	6174                	.insn	2, 0x6174
80004e52:	00426b73          	.insn	4, 0x00426b73
80004e56:	0000                	.insn	2, 0x0000
80004e58:	4f54525b          	.insn	4, 0x4f54525b
80004e5c:	74205d53          	.insn	4, 0x74205d53
80004e60:	7361                	.insn	2, 0x7361
80004e62:	0000426b          	.insn	4, 0x426b
80004e66:	0000                	.insn	2, 0x0000
80004e68:	4f54525b          	.insn	4, 0x4f54525b
80004e6c:	73205d53          	.insn	4, 0x73205d53
80004e70:	64656863          	bltu	a0,t1,800054c0 <producer_stack+0x258>
80004e74:	6c75                	.insn	2, 0x6c75
80004e76:	7265                	.insn	2, 0x7265
80004e78:	0000                	.insn	2, 0x0000
80004e7a:	0000                	.insn	2, 0x0000
80004e7c:	65686373          	.insn	4, 0x65686373
80004e80:	7564                	.insn	2, 0x7564
80004e82:	656c                	.insn	2, 0x656c
80004e84:	5f72                	.insn	2, 0x5f72
80004e86:	6572                	.insn	2, 0x6572
80004e88:	7574                	.insn	2, 0x7574
80004e8a:	6e72                	.insn	2, 0x6e72
80004e8c:	0000                	.insn	2, 0x0000
80004e8e:	0000                	.insn	2, 0x0000
80004e90:	7830                	.insn	2, 0x7830
80004e92:	0000                	.insn	2, 0x0000
80004e94:	4f54525b          	.insn	4, 0x4f54525b
80004e98:	61205d53          	.insn	4, 0x61205d53
80004e9c:	72657373          	.insn	4, 0x72657373
80004ea0:	2074                	.insn	2, 0x2074
80004ea2:	6966                	.insn	2, 0x6966
80004ea4:	656c                	.insn	2, 0x656c
80004ea6:	003d                	.insn	2, 0x003d
80004ea8:	6c20                	.insn	2, 0x6c20
80004eaa:	6e69                	.insn	2, 0x6e69
80004eac:	3d65                	.insn	2, 0x3d65
80004eae:	0000                	.insn	2, 0x0000
80004eb0:	7220                	.insn	2, 0x7220
80004eb2:	3d61                	.insn	2, 0x3d61
80004eb4:	0000                	.insn	2, 0x0000
80004eb6:	0000                	.insn	2, 0x0000
80004eb8:	7420                	.insn	2, 0x7420
80004eba:	003d6263          	bltu	s10,gp,80004ebe <__clzsi2+0x1be>
80004ebe:	0000                	.insn	2, 0x0000
80004ec0:	7320                	.insn	2, 0x7320
80004ec2:	3d70                	.insn	2, 0x3d70
80004ec4:	0000                	.insn	2, 0x0000
80004ec6:	0000                	.insn	2, 0x0000
80004ec8:	7528                	.insn	2, 0x7528
80004eca:	6b6e                	.insn	2, 0x6b6e
80004ecc:	6f6e                	.insn	2, 0x6f6e
80004ece:	00296e77          	.insn	4, 0x00296e77
80004ed2:	0000                	.insn	2, 0x0000
80004ed4:	4f54525b          	.insn	4, 0x4f54525b
80004ed8:	73205d53          	.insn	4, 0x73205d53
80004edc:	6174                	.insn	2, 0x6174
80004ede:	6f206b63          	bltu	zero,s2,800055d4 <producer_stack+0x36c>
80004ee2:	6576                	.insn	2, 0x6576
80004ee4:	6672                	.insn	2, 0x6672
80004ee6:	6f6c                	.insn	2, 0x6f6c
80004ee8:	00002077          	.insn	4, 0x2077
80004eec:	4f54525b          	.insn	4, 0x4f54525b
80004ef0:	65205d53          	.insn	4, 0x65205d53
80004ef4:	6378                	.insn	2, 0x6378
80004ef6:	7065                	.insn	2, 0x7065
80004ef8:	6974                	.insn	2, 0x6974
80004efa:	6d206e6f          	jal	t3,8000b5cc <__bss_end+0x4e2c>
80004efe:	73756163          	bltu	a0,s7,80005620 <producer_stack+0x3b8>
80004f02:	3d65                	.insn	2, 0x3d65
80004f04:	0000                	.insn	2, 0x0000
80004f06:	0000                	.insn	2, 0x0000
80004f08:	6d20                	.insn	2, 0x6d20
80004f0a:	7065                	.insn	2, 0x7065
80004f0c:	00003d63          	.insn	4, 0x3d63
80004f10:	6d20                	.insn	2, 0x6d20
80004f12:	7674                	.insn	2, 0x7674
80004f14:	6c61                	.insn	2, 0x6c61
80004f16:	003d                	.insn	2, 0x003d
80004f18:	6d20                	.insn	2, 0x6d20
80004f1a:	74617473          	.insn	4, 0x74617473
80004f1e:	7375                	.insn	2, 0x7375
80004f20:	003d                	.insn	2, 0x003d
80004f22:	0000                	.insn	2, 0x0000
80004f24:	6d20                	.insn	2, 0x6d20
80004f26:	6569                	.insn	2, 0x6569
80004f28:	003d                	.insn	2, 0x003d
80004f2a:	0000                	.insn	2, 0x0000
80004f2c:	6d20                	.insn	2, 0x6d20
80004f2e:	7069                	.insn	2, 0x7069
80004f30:	003d                	.insn	2, 0x003d
80004f32:	0000                	.insn	2, 0x0000
80004f34:	4f54525b          	.insn	4, 0x4f54525b
80004f38:	75205d53          	.insn	4, 0x75205d53
80004f3c:	656e                	.insn	2, 0x656e
80004f3e:	7078                	.insn	2, 0x7078
80004f40:	6365                	.insn	2, 0x6365
80004f42:	6574                	.insn	2, 0x6574
80004f44:	2064                	.insn	2, 0x2064
80004f46:	6e69                	.insn	2, 0x6e69
80004f48:	6574                	.insn	2, 0x6574
80004f4a:	7272                	.insn	2, 0x7272
80004f4c:	7075                	.insn	2, 0x7075
80004f4e:	2074                	.insn	2, 0x2074
80004f50:	636d                	.insn	2, 0x636d
80004f52:	7561                	.insn	2, 0x7561
80004f54:	003d6573          	.insn	4, 0x003d6573
80004f58:	555c3a43          	.insn	4, 0x555c3a43
80004f5c:	73726573          	.insn	4, 0x73726573
80004f60:	615c                	.insn	2, 0x615c
80004f62:	3930                	.insn	2, 0x3930
80004f64:	3836                	.insn	2, 0x3836
80004f66:	445c                	.insn	2, 0x445c
80004f68:	6c6e776f          	jal	a4,800ec62e <__stack_top+0x6c62e>
80004f6c:	7364616f          	jal	sp,8004b6a2 <__bss_end+0x44f02>
80004f70:	465c                	.insn	2, 0x465c
80004f72:	6572                	.insn	2, 0x6572
80004f74:	5265                	.insn	2, 0x5265
80004f76:	4f54                	.insn	2, 0x4f54
80004f78:	30327653          	.insn	4, 0x30327653
80004f7c:	3432                	.insn	2, 0x3432
80004f7e:	3630                	.insn	2, 0x3630
80004f80:	302e                	.insn	2, 0x302e
80004f82:	2d34                	.insn	2, 0x2d34
80004f84:	544c                	.insn	2, 0x544c
80004f86:	72465c53          	.insn	4, 0x72465c53
80004f8a:	6565                	.insn	2, 0x6565
80004f8c:	5452                	.insn	2, 0x5452
80004f8e:	4c2d534f          	.insn	4, 0x4c2d534f
80004f92:	5354                	.insn	2, 0x5354
80004f94:	465c                	.insn	2, 0x465c
80004f96:	6572                	.insn	2, 0x6572
80004f98:	5265                	.insn	2, 0x5265
80004f9a:	4f54                	.insn	2, 0x4f54
80004f9c:	72465c53          	.insn	4, 0x72465c53
80004fa0:	6565                	.insn	2, 0x6565
80004fa2:	5452                	.insn	2, 0x5452
80004fa4:	4b2d534f          	.insn	4, 0x4b2d534f
80004fa8:	7265                	.insn	2, 0x7265
80004faa:	656e                	.insn	2, 0x656e
80004fac:	5c6c                	.insn	2, 0x5c6c
80004fae:	7571                	.insn	2, 0x7571
80004fb0:	7565                	.insn	2, 0x7565
80004fb2:	2e65                	.insn	2, 0x2e65
80004fb4:	00000063          	beqz	zero,80004fb4 <__clzsi2+0x2b4>
80004fb8:	555c3a43          	.insn	4, 0x555c3a43
80004fbc:	73726573          	.insn	4, 0x73726573
80004fc0:	615c                	.insn	2, 0x615c
80004fc2:	3930                	.insn	2, 0x3930
80004fc4:	3836                	.insn	2, 0x3836
80004fc6:	445c                	.insn	2, 0x445c
80004fc8:	6c6e776f          	jal	a4,800ec68e <__stack_top+0x6c68e>
80004fcc:	7364616f          	jal	sp,8004b702 <__bss_end+0x44f62>
80004fd0:	465c                	.insn	2, 0x465c
80004fd2:	6572                	.insn	2, 0x6572
80004fd4:	5265                	.insn	2, 0x5265
80004fd6:	4f54                	.insn	2, 0x4f54
80004fd8:	30327653          	.insn	4, 0x30327653
80004fdc:	3432                	.insn	2, 0x3432
80004fde:	3630                	.insn	2, 0x3630
80004fe0:	302e                	.insn	2, 0x302e
80004fe2:	2d34                	.insn	2, 0x2d34
80004fe4:	544c                	.insn	2, 0x544c
80004fe6:	72465c53          	.insn	4, 0x72465c53
80004fea:	6565                	.insn	2, 0x6565
80004fec:	5452                	.insn	2, 0x5452
80004fee:	4c2d534f          	.insn	4, 0x4c2d534f
80004ff2:	5354                	.insn	2, 0x5354
80004ff4:	465c                	.insn	2, 0x465c
80004ff6:	6572                	.insn	2, 0x6572
80004ff8:	5265                	.insn	2, 0x5265
80004ffa:	4f54                	.insn	2, 0x4f54
80004ffc:	72465c53          	.insn	4, 0x72465c53
80005000:	6565                	.insn	2, 0x6565
80005002:	5452                	.insn	2, 0x5452
80005004:	4b2d534f          	.insn	4, 0x4b2d534f
80005008:	7265                	.insn	2, 0x7265
8000500a:	656e                	.insn	2, 0x656e
8000500c:	5c6c                	.insn	2, 0x5c6c
8000500e:	6174                	.insn	2, 0x6174
80005010:	2e736b73          	.insn	4, 0x2e736b73
80005014:	00000063          	beqz	zero,80005014 <__clzsi2+0x314>

80005018 <hex.0>:
80005018:	3130                	.insn	2, 0x3130
8000501a:	3332                	.insn	2, 0x3332
8000501c:	3534                	.insn	2, 0x3534
8000501e:	3736                	.insn	2, 0x3736
80005020:	3938                	.insn	2, 0x3938
80005022:	4241                	.insn	2, 0x4241
80005024:	46454443          	.insn	4, 0x46454443
80005028:	0000                	.insn	2, 0x0000
8000502a:	0000                	.insn	2, 0x0000
8000502c:	3a84                	.insn	2, 0x3a84
8000502e:	8000                	.insn	2, 0x8000
80005030:	3c14                	.insn	2, 0x3c14
80005032:	8000                	.insn	2, 0x8000
80005034:	3c2c                	.insn	2, 0x3c2c
80005036:	8000                	.insn	2, 0x8000
80005038:	3a78                	.insn	2, 0x3a78
8000503a:	8000                	.insn	2, 0x8000
8000503c:	3a6c                	.insn	2, 0x3a6c
8000503e:	8000                	.insn	2, 0x8000
80005040:	3d04                	.insn	2, 0x3d04
80005042:	8000                	.insn	2, 0x8000
80005044:	3e80                	.insn	2, 0x3e80
80005046:	8000                	.insn	2, 0x8000
80005048:	3e60                	.insn	2, 0x3e60
8000504a:	8000                	.insn	2, 0x8000
8000504c:	3cf8                	.insn	2, 0x3cf8
8000504e:	8000                	.insn	2, 0x8000
80005050:	3cec                	.insn	2, 0x3cec
80005052:	8000                	.insn	2, 0x8000

80005054 <__clz_tab>:
80005054:	0100                	.insn	2, 0x0100
80005056:	0202                	.insn	2, 0x0202
80005058:	03030303          	lb	t1,48(t1)
8000505c:	0404                	.insn	2, 0x0404
8000505e:	0404                	.insn	2, 0x0404
80005060:	0404                	.insn	2, 0x0404
80005062:	0404                	.insn	2, 0x0404
80005064:	0505                	.insn	2, 0x0505
80005066:	0505                	.insn	2, 0x0505
80005068:	0505                	.insn	2, 0x0505
8000506a:	0505                	.insn	2, 0x0505
8000506c:	0505                	.insn	2, 0x0505
8000506e:	0505                	.insn	2, 0x0505
80005070:	0505                	.insn	2, 0x0505
80005072:	0505                	.insn	2, 0x0505
80005074:	0606                	.insn	2, 0x0606
80005076:	0606                	.insn	2, 0x0606
80005078:	0606                	.insn	2, 0x0606
8000507a:	0606                	.insn	2, 0x0606
8000507c:	0606                	.insn	2, 0x0606
8000507e:	0606                	.insn	2, 0x0606
80005080:	0606                	.insn	2, 0x0606
80005082:	0606                	.insn	2, 0x0606
80005084:	0606                	.insn	2, 0x0606
80005086:	0606                	.insn	2, 0x0606
80005088:	0606                	.insn	2, 0x0606
8000508a:	0606                	.insn	2, 0x0606
8000508c:	0606                	.insn	2, 0x0606
8000508e:	0606                	.insn	2, 0x0606
80005090:	0606                	.insn	2, 0x0606
80005092:	0606                	.insn	2, 0x0606
80005094:	07070707          	.insn	4, 0x07070707
80005098:	07070707          	.insn	4, 0x07070707
8000509c:	07070707          	.insn	4, 0x07070707
800050a0:	07070707          	.insn	4, 0x07070707
800050a4:	07070707          	.insn	4, 0x07070707
800050a8:	07070707          	.insn	4, 0x07070707
800050ac:	07070707          	.insn	4, 0x07070707
800050b0:	07070707          	.insn	4, 0x07070707
800050b4:	07070707          	.insn	4, 0x07070707
800050b8:	07070707          	.insn	4, 0x07070707
800050bc:	07070707          	.insn	4, 0x07070707
800050c0:	07070707          	.insn	4, 0x07070707
800050c4:	07070707          	.insn	4, 0x07070707
800050c8:	07070707          	.insn	4, 0x07070707
800050cc:	07070707          	.insn	4, 0x07070707
800050d0:	07070707          	.insn	4, 0x07070707
800050d4:	0808                	.insn	2, 0x0808
800050d6:	0808                	.insn	2, 0x0808
800050d8:	0808                	.insn	2, 0x0808
800050da:	0808                	.insn	2, 0x0808
800050dc:	0808                	.insn	2, 0x0808
800050de:	0808                	.insn	2, 0x0808
800050e0:	0808                	.insn	2, 0x0808
800050e2:	0808                	.insn	2, 0x0808
800050e4:	0808                	.insn	2, 0x0808
800050e6:	0808                	.insn	2, 0x0808
800050e8:	0808                	.insn	2, 0x0808
800050ea:	0808                	.insn	2, 0x0808
800050ec:	0808                	.insn	2, 0x0808
800050ee:	0808                	.insn	2, 0x0808
800050f0:	0808                	.insn	2, 0x0808
800050f2:	0808                	.insn	2, 0x0808
800050f4:	0808                	.insn	2, 0x0808
800050f6:	0808                	.insn	2, 0x0808
800050f8:	0808                	.insn	2, 0x0808
800050fa:	0808                	.insn	2, 0x0808
800050fc:	0808                	.insn	2, 0x0808
800050fe:	0808                	.insn	2, 0x0808
80005100:	0808                	.insn	2, 0x0808
80005102:	0808                	.insn	2, 0x0808
80005104:	0808                	.insn	2, 0x0808
80005106:	0808                	.insn	2, 0x0808
80005108:	0808                	.insn	2, 0x0808
8000510a:	0808                	.insn	2, 0x0808
8000510c:	0808                	.insn	2, 0x0808
8000510e:	0808                	.insn	2, 0x0808
80005110:	0808                	.insn	2, 0x0808
80005112:	0808                	.insn	2, 0x0808
80005114:	0808                	.insn	2, 0x0808
80005116:	0808                	.insn	2, 0x0808
80005118:	0808                	.insn	2, 0x0808
8000511a:	0808                	.insn	2, 0x0808
8000511c:	0808                	.insn	2, 0x0808
8000511e:	0808                	.insn	2, 0x0808
80005120:	0808                	.insn	2, 0x0808
80005122:	0808                	.insn	2, 0x0808
80005124:	0808                	.insn	2, 0x0808
80005126:	0808                	.insn	2, 0x0808
80005128:	0808                	.insn	2, 0x0808
8000512a:	0808                	.insn	2, 0x0808
8000512c:	0808                	.insn	2, 0x0808
8000512e:	0808                	.insn	2, 0x0808
80005130:	0808                	.insn	2, 0x0808
80005132:	0808                	.insn	2, 0x0808
80005134:	0808                	.insn	2, 0x0808
80005136:	0808                	.insn	2, 0x0808
80005138:	0808                	.insn	2, 0x0808
8000513a:	0808                	.insn	2, 0x0808
8000513c:	0808                	.insn	2, 0x0808
8000513e:	0808                	.insn	2, 0x0808
80005140:	0808                	.insn	2, 0x0808
80005142:	0808                	.insn	2, 0x0808
80005144:	0808                	.insn	2, 0x0808
80005146:	0808                	.insn	2, 0x0808
80005148:	0808                	.insn	2, 0x0808
8000514a:	0808                	.insn	2, 0x0808
8000514c:	0808                	.insn	2, 0x0808
8000514e:	0808                	.insn	2, 0x0808
80005150:	0808                	.insn	2, 0x0808
80005152:	0808                	.insn	2, 0x0808

Disassembly of section .srodata:

80005154 <uxTopUsedPriority>:
80005154:	0004                	.insn	2, 0x0004
	...

80005158 <ullMachineTimerCompareRegisterBase>:
80005158:	0028                	.insn	2, 0x0028
8000515a:	4000                	.insn	2, 0x4000

8000515c <uxTimerIncrementsForOneTick>:
8000515c:	86a0                	.insn	2, 0x86a0
8000515e:	0001                	.insn	2, 0x0001

80005160 <xISRStackTop>:
80005160:	67a0                	.insn	2, 0x67a0
80005162:	8000                	.insn	2, 0x8000

Disassembly of section .data:

80005164 <pxCriticalNesting>:
80005164:	5168                	.insn	2, 0x5168
80005166:	8000                	.insn	2, 0x8000

80005168 <xCriticalNesting>:
80005168:	aaaa                	.insn	2, 0xaaaa
8000516a:	aaaa                	.insn	2, 0xaaaa

8000516c <pullNextTime>:
8000516c:	51c0                	.insn	2, 0x51c0
8000516e:	8000                	.insn	2, 0x8000

Disassembly of section .riscv.attributes:

00000000 <.riscv.attributes>:
   0:	3641                	.insn	2, 0x3641
   2:	0000                	.insn	2, 0x0000
   4:	7200                	.insn	2, 0x7200
   6:	7369                	.insn	2, 0x7369
   8:	01007663          	bgeu	zero,a6,14 <_start-0x7fffffec>
   c:	002c                	.insn	2, 0x002c
   e:	0000                	.insn	2, 0x0000
  10:	1004                	.insn	2, 0x1004
  12:	7205                	.insn	2, 0x7205
  14:	3376                	.insn	2, 0x3376
  16:	6932                	.insn	2, 0x6932
  18:	7032                	.insn	2, 0x7032
  1a:	5f31                	.insn	2, 0x5f31
  1c:	326d                	.insn	2, 0x326d
  1e:	3070                	.insn	2, 0x3070
  20:	7a5f 6369 7273      	.insn	6, 0x727363697a5f
  26:	7032                	.insn	2, 0x7032
  28:	5f30                	.insn	2, 0x5f30
  2a:	6d7a                	.insn	2, 0x6d7a
  2c:	756d                	.insn	2, 0x756d
  2e:	316c                	.insn	2, 0x316c
  30:	3070                	.insn	2, 0x3070
  32:	0800                	.insn	2, 0x0800
  34:	0a01                	.insn	2, 0x0a01
  36:	0b                	.byte	0x0b

Disassembly of section .comment:

00000000 <.comment>:
   0:	3a434347          	.insn	4, 0x3a434347
   4:	2820                	.insn	2, 0x2820
   6:	5078                	.insn	2, 0x5078
   8:	6361                	.insn	2, 0x6361
   a:	4e47206b          	.insn	4, 0x4e47206b
   e:	2055                	.insn	2, 0x2055
  10:	4952                	.insn	2, 0x4952
  12:	562d4353          	.insn	4, 0x562d4353
  16:	4520                	.insn	2, 0x4520
  18:	626d                	.insn	2, 0x626d
  1a:	6465                	.insn	2, 0x6465
  1c:	6564                	.insn	2, 0x6564
  1e:	2064                	.insn	2, 0x2064
  20:	20434347          	.insn	4, 0x20434347
  24:	3878                	.insn	2, 0x3878
  26:	5f36                	.insn	2, 0x5f36
  28:	3436                	.insn	2, 0x3436
  2a:	2029                	.insn	2, 0x2029
  2c:	3531                	.insn	2, 0x3531
  2e:	322e                	.insn	2, 0x322e
  30:	302e                	.insn	2, 0x302e
	...

Disassembly of section .debug_info:

00000000 <.debug_info>:
   0:	0164                	.insn	2, 0x0164
   2:	0000                	.insn	2, 0x0000
   4:	0005                	.insn	2, 0x0005
   6:	0401                	.insn	2, 0x0401
   8:	0000                	.insn	2, 0x0000
   a:	0000                	.insn	2, 0x0000
   c:	7204                	.insn	2, 0x7204
   e:	0000                	.insn	2, 0x0000
  10:	1d00                	.insn	2, 0x1d00
  12:	03164703          	lbu	a4,49(a2)
  16:	0a00                	.insn	2, 0x0a00
  18:	0000                	.insn	2, 0x0000
  1a:	af00                	.insn	2, 0xaf00
  1c:	0000                	.insn	2, 0x0000
  1e:	2200                	.insn	2, 0x2200
	...
  28:	0000                	.insn	2, 0x0000
  2a:	0100                	.insn	2, 0x0100
  2c:	0708                	.insn	2, 0x0708
  2e:	0000005b          	.insn	4, 0x005b
  32:	0401                	.insn	2, 0x0401
  34:	00006507          	.insn	4, 0x6507
  38:	0500                	.insn	2, 0x0500
  3a:	0504                	.insn	2, 0x0504
  3c:	6e69                	.insn	2, 0x6e69
  3e:	0074                	.insn	2, 0x0074
  40:	0801                	.insn	2, 0x0801
  42:	0005                	.insn	2, 0x0005
  44:	0000                	.insn	2, 0x0000
  46:	0100                	.insn	2, 0x0100
  48:	0410                	.insn	2, 0x0410
  4a:	0032                	.insn	2, 0x0032
  4c:	0000                	.insn	2, 0x0000
  4e:	0101                	.insn	2, 0x0101
  50:	1806                	.insn	2, 0x1806
  52:	0000                	.insn	2, 0x0000
  54:	0100                	.insn	2, 0x0100
  56:	0801                	.insn	2, 0x0801
  58:	0016                	.insn	2, 0x0016
  5a:	0000                	.insn	2, 0x0000
  5c:	0201                	.insn	2, 0x0201
  5e:	8705                	.insn	2, 0x8705
  60:	0001                	.insn	2, 0x0001
  62:	0100                	.insn	2, 0x0100
  64:	0702                	.insn	2, 0x0702
  66:	015e                	.insn	2, 0x015e
  68:	0000                	.insn	2, 0x0000
  6a:	0401                	.insn	2, 0x0401
  6c:	0505                	.insn	2, 0x0505
  6e:	0000                	.insn	2, 0x0000
  70:	0100                	.insn	2, 0x0100
  72:	0704                	.insn	2, 0x0704
  74:	0060                	.insn	2, 0x0060
  76:	0000                	.insn	2, 0x0000
  78:	0101                	.insn	2, 0x0101
  7a:	1f08                	.insn	2, 0x1f08
  7c:	0000                	.insn	2, 0x0000
  7e:	0100                	.insn	2, 0x0100
  80:	0201                	.insn	2, 0x0201
  82:	0024                	.insn	2, 0x0024
  84:	0000                	.insn	2, 0x0000
  86:	0e02                	.insn	2, 0x0e02
  88:	0000                	.insn	2, 0x0000
  8a:	7e00                	.insn	2, 0x7e00
  8c:	5516                	.insn	2, 0x5516
  8e:	0000                	.insn	2, 0x0000
  90:	0300                	.insn	2, 0x0300
  92:	0086                	.insn	2, 0x0086
  94:	0000                	.insn	2, 0x0000
  96:	8002                	.insn	2, 0x8002
  98:	0001                	.insn	2, 0x0001
  9a:	8300                	.insn	2, 0x8300
  9c:	0000390f          	.insn	4, 0x390f
  a0:	0200                	.insn	2, 0x0200
  a2:	017f 0000 1684 0032 	.insn	10, 0x003216840000017f
  aa:	0000 
  ac:	0201                	.insn	2, 0x0201
  ae:	5504                	.insn	2, 0x5504
  b0:	0001                	.insn	2, 0x0001
  b2:	0100                	.insn	2, 0x0100
  b4:	0304                	.insn	2, 0x0304
  b6:	014d                	.insn	2, 0x014d
  b8:	0000                	.insn	2, 0x0000
  ba:	0401                	.insn	2, 0x0401
  bc:	7904                	.insn	2, 0x7904
  be:	0001                	.insn	2, 0x0001
  c0:	0100                	.insn	2, 0x0100
  c2:	0308                	.insn	2, 0x0308
  c4:	0171                	.insn	2, 0x0171
  c6:	0000                	.insn	2, 0x0000
  c8:	0801                	.insn	2, 0x0801
  ca:	3704                	.insn	2, 0x3704
  cc:	0000                	.insn	2, 0x0000
  ce:	0100                	.insn	2, 0x0100
  d0:	0310                	.insn	2, 0x0310
  d2:	003e                	.insn	2, 0x003e
  d4:	0000                	.insn	2, 0x0000
  d6:	2001                	.insn	2, 0x2001
  d8:	00002a03          	lw	s4,0(zero) # 0 <_start-0x80000000>
  dc:	0600                	.insn	2, 0x0600
  de:	0091                	.insn	2, 0x0091
  e0:	0000                	.insn	2, 0x0000
  e2:	00ed                	.insn	2, 0x00ed
  e4:	0000                	.insn	2, 0x0000
  e6:	00003207          	.insn	4, 0x3207
  ea:	ff00                	.insn	2, 0xff00
  ec:	0300                	.insn	2, 0x0300
  ee:	00dd                	.insn	2, 0x00dd
  f0:	0000                	.insn	2, 0x0000
  f2:	4308                	.insn	2, 0x4308
  f4:	0001                	.insn	2, 0x0001
  f6:	0200                	.insn	2, 0x0200
  f8:	021a                	.insn	2, 0x021a
  fa:	ed16                	.insn	2, 0xed16
  fc:	0000                	.insn	2, 0x0000
  fe:	0900                	.insn	2, 0x0900
 100:	0052                	.insn	2, 0x0052
 102:	0000                	.insn	2, 0x0000
 104:	ae01                	.insn	2, 0xae01
 106:	0102                	.insn	2, 0x0102
 108:	0039                	.insn	2, 0x0039
 10a:	0000                	.insn	2, 0x0000
 10c:	4d00                	.insn	2, 0x4d00
 10e:	8000                	.insn	2, 0x8000
 110:	0088                	.insn	2, 0x0088
 112:	0000                	.insn	2, 0x0000
 114:	9c01                	.insn	2, 0x9c01
 116:	780a                	.insn	2, 0x780a
 118:	0100                	.insn	2, 0x0100
 11a:	02ae                	.insn	2, 0x02ae
 11c:	a112                	.insn	2, 0xa112
 11e:	0000                	.insn	2, 0x0000
 120:	1800                	.insn	2, 0x1800
 122:	0000                	.insn	2, 0x0000
 124:	0c00                	.insn	2, 0x0c00
 126:	0000                	.insn	2, 0x0000
 128:	0b00                	.insn	2, 0x0b00
 12a:	6572                	.insn	2, 0x6572
 12c:	0074                	.insn	2, 0x0074
 12e:	b001                	.insn	2, 0xb001
 130:	0902                	.insn	2, 0x0902
 132:	0096                	.insn	2, 0x0096
 134:	0000                	.insn	2, 0x0000
 136:	0c0c                	.insn	2, 0x0c0c
 138:	0000                	.insn	2, 0x0000
 13a:	0d00                	.insn	2, 0x0d00
 13c:	004d                	.insn	2, 0x004d
 13e:	0000                	.insn	2, 0x0000
 140:	b201                	.insn	2, 0xb201
 142:	0302                	.insn	2, 0x0302
 144:	00a1                	.insn	2, 0x00a1
 146:	0000                	.insn	2, 0x0000
 148:	0064                	.insn	2, 0x0064
 14a:	0000                	.insn	2, 0x0000
 14c:	0058                	.insn	2, 0x0058
 14e:	0000                	.insn	2, 0x0000
 150:	5f0e                	.insn	2, 0x5f0e
 152:	615f 0100 02b2      	.insn	6, 0x02b20100615f
 158:	0000a103          	lw	sp,0(ra)
 15c:	ae00                	.insn	2, 0xae00
 15e:	0000                	.insn	2, 0x0000
 160:	a400                	.insn	2, 0xa400
 162:	0000                	.insn	2, 0x0000
 164:	0000                	.insn	2, 0x0000
 166:	0000                	.insn	2, 0x0000
 168:	00ee                	.insn	2, 0x00ee
 16a:	0000                	.insn	2, 0x0000
 16c:	0005                	.insn	2, 0x0005
 16e:	0401                	.insn	2, 0x0401
 170:	00d9                	.insn	2, 0x00d9
 172:	0000                	.insn	2, 0x0000
 174:	00007203          	.insn	4, 0x7203
 178:	1d00                	.insn	2, 0x1d00
 17a:	03164703          	lbu	a4,49(a2)
 17e:	0a00                	.insn	2, 0x0a00
 180:	0000                	.insn	2, 0x0000
 182:	af00                	.insn	2, 0xaf00
 184:	0000                	.insn	2, 0x0000
 186:	5f00                	.insn	2, 0x5f00
 188:	0001                	.insn	2, 0x0001
 18a:	0400                	.insn	2, 0x0400
 18c:	0504                	.insn	2, 0x0504
 18e:	6e69                	.insn	2, 0x6e69
 190:	0074                	.insn	2, 0x0074
 192:	0401                	.insn	2, 0x0401
 194:	00006507          	.insn	4, 0x6507
 198:	0100                	.insn	2, 0x0100
 19a:	0508                	.insn	2, 0x0508
 19c:	0000                	.insn	2, 0x0000
 19e:	0000                	.insn	2, 0x0000
 1a0:	1001                	.insn	2, 0x1001
 1a2:	3204                	.insn	2, 0x3204
 1a4:	0000                	.insn	2, 0x0000
 1a6:	0100                	.insn	2, 0x0100
 1a8:	0601                	.insn	2, 0x0601
 1aa:	0018                	.insn	2, 0x0018
 1ac:	0000                	.insn	2, 0x0000
 1ae:	0101                	.insn	2, 0x0101
 1b0:	1608                	.insn	2, 0x1608
 1b2:	0000                	.insn	2, 0x0000
 1b4:	0100                	.insn	2, 0x0100
 1b6:	0502                	.insn	2, 0x0502
 1b8:	00000187          	.insn	4, 0x0187
 1bc:	0201                	.insn	2, 0x0201
 1be:	00015e07          	.insn	4, 0x00015e07
 1c2:	0100                	.insn	2, 0x0100
 1c4:	0504                	.insn	2, 0x0504
 1c6:	0005                	.insn	2, 0x0005
 1c8:	0000                	.insn	2, 0x0000
 1ca:	0401                	.insn	2, 0x0401
 1cc:	00006007          	.insn	4, 0x6007
 1d0:	0100                	.insn	2, 0x0100
 1d2:	0708                	.insn	2, 0x0708
 1d4:	0000005b          	.insn	4, 0x005b
 1d8:	0101                	.insn	2, 0x0101
 1da:	1f08                	.insn	2, 0x1f08
 1dc:	0000                	.insn	2, 0x0000
 1de:	0100                	.insn	2, 0x0100
 1e0:	0201                	.insn	2, 0x0201
 1e2:	0024                	.insn	2, 0x0024
 1e4:	0000                	.insn	2, 0x0000
 1e6:	0e05                	.insn	2, 0x0e05
 1e8:	0000                	.insn	2, 0x0000
 1ea:	0200                	.insn	2, 0x0200
 1ec:	167e                	.insn	2, 0x167e
 1ee:	0046                	.insn	2, 0x0046
 1f0:	0000                	.insn	2, 0x0000
 1f2:	7e02                	.insn	2, 0x7e02
 1f4:	0000                	.insn	2, 0x0000
 1f6:	0100                	.insn	2, 0x0100
 1f8:	0402                	.insn	2, 0x0402
 1fa:	0155                	.insn	2, 0x0155
 1fc:	0000                	.insn	2, 0x0000
 1fe:	0401                	.insn	2, 0x0401
 200:	00014d03          	lbu	s10,0(sp)
 204:	0100                	.insn	2, 0x0100
 206:	0404                	.insn	2, 0x0404
 208:	0179                	.insn	2, 0x0179
 20a:	0000                	.insn	2, 0x0000
 20c:	0801                	.insn	2, 0x0801
 20e:	00017103          	.insn	4, 0x00017103
 212:	0100                	.insn	2, 0x0100
 214:	0408                	.insn	2, 0x0408
 216:	00000037          	lui	zero,0x0
 21a:	1001                	.insn	2, 0x1001
 21c:	00003e03          	.insn	4, 0x3e03
 220:	0100                	.insn	2, 0x0100
 222:	0320                	.insn	2, 0x0320
 224:	002a                	.insn	2, 0x002a
 226:	0000                	.insn	2, 0x0000
 228:	8a06                	.insn	2, 0x8a06
 22a:	0000                	.insn	2, 0x0000
 22c:	d000                	.insn	2, 0xd000
 22e:	0000                	.insn	2, 0x0000
 230:	0700                	.insn	2, 0x0700
 232:	002a                	.insn	2, 0x002a
 234:	0000                	.insn	2, 0x0000
 236:	00ff c002 0000 0800 	.insn	10, 0x014308000000c00200ff
 23e:	0143 
 240:	0000                	.insn	2, 0x0000
 242:	1a02                	.insn	2, 0x1a02
 244:	1602                	.insn	2, 0x1602
 246:	00d0                	.insn	2, 0x00d0
 248:	0000                	.insn	2, 0x0000
 24a:	d509                	.insn	2, 0xd509
 24c:	0000                	.insn	2, 0x0000
 24e:	0100                	.insn	2, 0x0100
 250:	029e                	.insn	2, 0x029e
 252:	5403050f          	.insn	4, 0x5403050f
 256:	0050                	.insn	2, 0x0050
 258:	0080                	.insn	2, 0x0080

Disassembly of section .debug_abbrev:

00000000 <.debug_abbrev>:
   0:	2401                	.insn	2, 0x2401
   2:	0b00                	.insn	2, 0x0b00
   4:	030b3e0b          	.insn	4, 0x030b3e0b
   8:	000e                	.insn	2, 0x000e
   a:	0200                	.insn	2, 0x0200
   c:	0016                	.insn	2, 0x0016
   e:	213a0e03          	lb	t3,531(s4)
  12:	3b02                	.insn	2, 0x3b02
  14:	490b390b          	.insn	4, 0x490b390b
  18:	03000013          	li	zero,48
  1c:	0026                	.insn	2, 0x0026
  1e:	1349                	.insn	2, 0x1349
  20:	0000                	.insn	2, 0x0000
  22:	1104                	.insn	2, 0x1104
  24:	2501                	.insn	2, 0x2501
  26:	130e                	.insn	2, 0x130e
  28:	0b01900b          	.insn	4, 0x0b01900b
  2c:	0191                	.insn	2, 0x0191
  2e:	0306                	.insn	2, 0x0306
  30:	1b1f 551f 1117      	.insn	6, 0x1117551f1b1f
  36:	1001                	.insn	2, 0x1001
  38:	05000017          	auipc	zero,0x5000
  3c:	0024                	.insn	2, 0x0024
  3e:	0b3e0b0b          	.insn	4, 0x0b3e0b0b
  42:	00000803          	lb	a6,0(zero) # 0 <_start-0x80000000>
  46:	0106                	.insn	2, 0x0106
  48:	4901                	.insn	2, 0x4901
  4a:	00130113          	addi	sp,t1,1
  4e:	0700                	.insn	2, 0x0700
  50:	0021                	.insn	2, 0x0021
  52:	1349                	.insn	2, 0x1349
  54:	00000b2f          	.insn	4, 0x0b2f
  58:	3408                	.insn	2, 0x3408
  5a:	0300                	.insn	2, 0x0300
  5c:	3a0e                	.insn	2, 0x3a0e
  5e:	39053b0b          	.insn	4, 0x39053b0b
  62:	3f13490b          	.insn	4, 0x3f13490b
  66:	3c19                	.insn	2, 0x3c19
  68:	0019                	.insn	2, 0x0019
  6a:	0900                	.insn	2, 0x0900
  6c:	012e                	.insn	2, 0x012e
  6e:	0e03193f 053b0b3a 	.insn	8, 0x053b0b3a0e03193f
  76:	0b39                	.insn	2, 0x0b39
  78:	13491927          	.insn	4, 0x13491927
  7c:	0111                	.insn	2, 0x0111
  7e:	0612                	.insn	2, 0x0612
  80:	1840                	.insn	2, 0x1840
  82:	197a                	.insn	2, 0x197a
  84:	0000                	.insn	2, 0x0000
  86:	050a                	.insn	2, 0x050a
  88:	0300                	.insn	2, 0x0300
  8a:	3a08                	.insn	2, 0x3a08
  8c:	39053b0b          	.insn	4, 0x39053b0b
  90:	0213490b          	.insn	4, 0x0213490b
  94:	1742b717          	auipc	a4,0x1742b
  98:	0000                	.insn	2, 0x0000
  9a:	0300340b          	.insn	4, 0x0300340b
  9e:	3a08                	.insn	2, 0x3a08
  a0:	39053b0b          	.insn	4, 0x39053b0b
  a4:	0013490b          	.insn	4, 0x0013490b
  a8:	0c00                	.insn	2, 0x0c00
  aa:	1755010b          	.insn	4, 0x1755010b
  ae:	0000                	.insn	2, 0x0000
  b0:	340d                	.insn	2, 0x340d
  b2:	0300                	.insn	2, 0x0300
  b4:	3a0e                	.insn	2, 0x3a0e
  b6:	39053b0b          	.insn	4, 0x39053b0b
  ba:	0213490b          	.insn	4, 0x0213490b
  be:	1742b717          	auipc	a4,0x1742b
  c2:	0000                	.insn	2, 0x0000
  c4:	340e                	.insn	2, 0x340e
  c6:	0300                	.insn	2, 0x0300
  c8:	3a08                	.insn	2, 0x3a08
  ca:	39053b0b          	.insn	4, 0x39053b0b
  ce:	0213490b          	.insn	4, 0x0213490b
  d2:	1742b717          	auipc	a4,0x1742b
  d6:	0000                	.insn	2, 0x0000
  d8:	0100                	.insn	2, 0x0100
  da:	0024                	.insn	2, 0x0024
  dc:	0b3e0b0b          	.insn	4, 0x0b3e0b0b
  e0:	00000e03          	lb	t3,0(zero) # 0 <_start-0x80000000>
  e4:	2602                	.insn	2, 0x2602
  e6:	4900                	.insn	2, 0x4900
  e8:	03000013          	li	zero,48
  ec:	0111                	.insn	2, 0x0111
  ee:	0e25                	.insn	2, 0x0e25
  f0:	01900b13          	li	s6,25
  f4:	0601910b          	.insn	4, 0x0601910b
  f8:	1f1b1f03          	lh	t5,497(s6)
  fc:	1710                	.insn	2, 0x1710
  fe:	0000                	.insn	2, 0x0000
 100:	2404                	.insn	2, 0x2404
 102:	0b00                	.insn	2, 0x0b00
 104:	030b3e0b          	.insn	4, 0x030b3e0b
 108:	0008                	.insn	2, 0x0008
 10a:	0500                	.insn	2, 0x0500
 10c:	0016                	.insn	2, 0x0016
 10e:	0b3a0e03          	lb	t3,179(s4)
 112:	0b390b3b          	.insn	4, 0x0b390b3b
 116:	1349                	.insn	2, 0x1349
 118:	0000                	.insn	2, 0x0000
 11a:	0106                	.insn	2, 0x0106
 11c:	4901                	.insn	2, 0x4901
 11e:	00130113          	addi	sp,t1,1
 122:	0700                	.insn	2, 0x0700
 124:	0021                	.insn	2, 0x0021
 126:	1349                	.insn	2, 0x1349
 128:	00000b2f          	.insn	4, 0x0b2f
 12c:	3408                	.insn	2, 0x3408
 12e:	0300                	.insn	2, 0x0300
 130:	3a0e                	.insn	2, 0x3a0e
 132:	39053b0b          	.insn	4, 0x39053b0b
 136:	3f13490b          	.insn	4, 0x3f13490b
 13a:	3c19                	.insn	2, 0x3c19
 13c:	0019                	.insn	2, 0x0019
 13e:	0900                	.insn	2, 0x0900
 140:	0034                	.insn	2, 0x0034
 142:	0b3a1347          	.insn	4, 0x0b3a1347
 146:	0b39053b          	.insn	4, 0x0b39053b
 14a:	1802                	.insn	2, 0x1802
 14c:	0000                	.insn	2, 0x0000
	...

Disassembly of section .debug_loclists:

00000000 <.debug_loclists>:
   0:	00df 0000 0005      	.insn	6, 0x0005000000df
   6:	0004                	.insn	2, 0x0004
   8:	0000                	.insn	2, 0x0000
   a:	0000                	.insn	2, 0x0000
   c:	0d00                	.insn	2, 0x0d00
   e:	100d                	.insn	2, 0x100d
  10:	1710                	.insn	2, 0x1710
  12:	1b191917          	auipc	s2,0x1b191
  16:	0006001b          	.insn	4, 0x0006001b
  1a:	004d                	.insn	2, 0x004d
  1c:	0480                	.insn	2, 0x0480
  1e:	2000                	.insn	2, 0x2000
  20:	5a01                	.insn	2, 0x5a01
  22:	2004                	.insn	2, 0x2004
  24:	0a38                	.insn	2, 0x0a38
  26:	0aa503a3          	sb	a0,167(a0)
  2a:	a832a82b          	.insn	4, 0xa832a82b
  2e:	9f00                	.insn	2, 0x9f00
  30:	3804                	.insn	2, 0x3804
  32:	014c                	.insn	2, 0x014c
  34:	045a                	.insn	2, 0x045a
  36:	644c                	.insn	2, 0x644c
  38:	a30a                	.insn	2, 0xa30a
  3a:	2b0aa503          	lw	a0,688(s5)
  3e:	32a8                	.insn	2, 0x32a8
  40:	00a8                	.insn	2, 0x00a8
  42:	049f 6c64 5a01      	.insn	6, 0x5a016c64049f
  48:	6c04                	.insn	2, 0x6c04
  4a:	0188                	.insn	2, 0x0188
  4c:	a30a                	.insn	2, 0xa30a
  4e:	2b0aa503          	lw	a0,688(s5)
  52:	32a8                	.insn	2, 0x32a8
  54:	00a8                	.insn	2, 0x00a8
  56:	009f 0d04 100d      	.insn	6, 0x100d0d04009f
  5c:	1710                	.insn	2, 0x1710
  5e:	1b191917          	auipc	s2,0x1b191
  62:	0006001b          	.insn	4, 0x0006001b
  66:	004d                	.insn	2, 0x004d
  68:	0480                	.insn	2, 0x0480
  6a:	2000                	.insn	2, 0x2000
  6c:	5a01                	.insn	2, 0x5a01
  6e:	2004                	.insn	2, 0x2004
  70:	0a38                	.insn	2, 0x0a38
  72:	0aa503a3          	sb	a0,167(a0)
  76:	a832a82b          	.insn	4, 0xa832a82b
  7a:	9f00                	.insn	2, 0x9f00
  7c:	3804                	.insn	2, 0x3804
  7e:	014c                	.insn	2, 0x014c
  80:	045a                	.insn	2, 0x045a
  82:	644c                	.insn	2, 0x644c
  84:	a30a                	.insn	2, 0xa30a
  86:	2b0aa503          	lw	a0,688(s5)
  8a:	32a8                	.insn	2, 0x32a8
  8c:	00a8                	.insn	2, 0x00a8
  8e:	049f 6c64 5a01      	.insn	6, 0x5a016c64049f
  94:	6c04                	.insn	2, 0x6c04
  96:	0188                	.insn	2, 0x0188
  98:	a30a                	.insn	2, 0xa30a
  9a:	2b0aa503          	lw	a0,688(s5)
  9e:	32a8                	.insn	2, 0x32a8
  a0:	00a8                	.insn	2, 0x00a8
  a2:	009f 0e08 100e      	.insn	6, 0x100e0e08009f
  a8:	1912                	.insn	2, 0x1912
  aa:	1c1a                	.insn	2, 0x1c1a
  ac:	001c                	.insn	2, 0x001c
  ae:	1406                	.insn	2, 0x1406
  b0:	004d                	.insn	2, 0x004d
  b2:	0480                	.insn	2, 0x0480
  b4:	1400                	.insn	2, 0x1400
  b6:	5f01                	.insn	2, 0x5f01
  b8:	1404                	.insn	2, 0x1404
  ba:	1624                	.insn	2, 0x1624
  bc:	0aa503a3          	sb	a0,167(a0)
  c0:	a832a82b          	.insn	4, 0xa832a82b
  c4:	4000                	.insn	2, 0x4000
  c6:	0c22244b          	.insn	4, 0x0c22244b
  ca:	00ff 8000 332b 9f24 	.insn	10, 0x34049f24332b800000ff
  d2:	3404 
  d4:	0150                	.insn	2, 0x0150
  d6:	045e                	.insn	2, 0x045e
  d8:	6054                	.insn	2, 0x6054
  da:	5f01                	.insn	2, 0x5f01
  dc:	6004                	.insn	2, 0x6004
  de:	0274                	.insn	2, 0x0274
  e0:	9f48                	.insn	2, 0x9f48
	...

Disassembly of section .debug_aranges:

00000000 <.debug_aranges>:
   0:	001c                	.insn	2, 0x001c
   2:	0000                	.insn	2, 0x0000
   4:	0002                	.insn	2, 0x0002
   6:	0000                	.insn	2, 0x0000
   8:	0000                	.insn	2, 0x0000
   a:	0004                	.insn	2, 0x0004
   c:	0000                	.insn	2, 0x0000
   e:	0000                	.insn	2, 0x0000
  10:	4d00                	.insn	2, 0x4d00
  12:	8000                	.insn	2, 0x8000
  14:	0088                	.insn	2, 0x0088
	...
  1e:	0000                	.insn	2, 0x0000
  20:	0014                	.insn	2, 0x0014
  22:	0000                	.insn	2, 0x0000
  24:	0002                	.insn	2, 0x0002
  26:	0168                	.insn	2, 0x0168
  28:	0000                	.insn	2, 0x0000
  2a:	0004                	.insn	2, 0x0004
	...

Disassembly of section .debug_rnglists:

00000000 <.debug_rnglists>:
   0:	0026                	.insn	2, 0x0026
   2:	0000                	.insn	2, 0x0000
   4:	0005                	.insn	2, 0x0005
   6:	0004                	.insn	2, 0x0004
   8:	0000                	.insn	2, 0x0000
   a:	0000                	.insn	2, 0x0000
   c:	0005                	.insn	2, 0x0005
   e:	004d                	.insn	2, 0x004d
  10:	0480                	.insn	2, 0x0480
  12:	1c00                	.insn	2, 0x1c00
  14:	1c04                	.insn	2, 0x1c04
  16:	0430                	.insn	2, 0x0430
  18:	4838                	.insn	2, 0x4838
  1a:	4804                	.insn	2, 0x4804
  1c:	045c                	.insn	2, 0x045c
  1e:	8064                	.insn	2, 0x8064
  20:	0001                	.insn	2, 0x0001
  22:	004d0007          	.insn	4, 0x004d0007
  26:	8880                	.insn	2, 0x8880
  28:	0001                	.insn	2, 0x0001

Disassembly of section .debug_line:

00000000 <.debug_line>:
   0:	0000015b          	.insn	4, 0x015b
   4:	0005                	.insn	2, 0x0005
   6:	0004                	.insn	2, 0x0004
   8:	00000033          	add	zero,zero,zero
   c:	0101                	.insn	2, 0x0101
   e:	f601                	.insn	2, 0xf601
  10:	0df2                	.insn	2, 0x0df2
  12:	0100                	.insn	2, 0x0100
  14:	0101                	.insn	2, 0x0101
  16:	0001                	.insn	2, 0x0001
  18:	0000                	.insn	2, 0x0000
  1a:	0001                	.insn	2, 0x0001
  1c:	0100                	.insn	2, 0x0100
  1e:	0101                	.insn	2, 0x0101
  20:	021f 00af 0000      	.insn	6, 0x00af021f
  26:	018d                	.insn	2, 0x018d
  28:	0000                	.insn	2, 0x0000
  2a:	0102                	.insn	2, 0x0102
  2c:	021f 030b 000a      	.insn	6, 0x000a030b021f
  32:	0000                	.insn	2, 0x0000
  34:	a500                	.insn	2, 0xa500
  36:	0000                	.insn	2, 0x0000
  38:	0100                	.insn	2, 0x0100
  3a:	0000                	.insn	2, 0x0000
  3c:	0000                	.insn	2, 0x0000
  3e:	0001                	.insn	2, 0x0001
  40:	0205                	.insn	2, 0x0205
  42:	4d00                	.insn	2, 0x4d00
  44:	8000                	.insn	2, 0x8000
  46:	0105ae03          	lw	t3,16(a1)
  4a:	0105                	.insn	2, 0x0105
  4c:	0009                	.insn	2, 0x0009
  4e:	1800                	.insn	2, 0x1800
  50:	0305                	.insn	2, 0x0305
  52:	0009                	.insn	2, 0x0009
  54:	1900                	.insn	2, 0x1900
  56:	0305                	.insn	2, 0x0305
  58:	0009                	.insn	2, 0x0009
  5a:	0100                	.insn	2, 0x0100
  5c:	0305                	.insn	2, 0x0305
  5e:	0009                	.insn	2, 0x0009
  60:	0100                	.insn	2, 0x0100
  62:	0305                	.insn	2, 0x0305
  64:	0009                	.insn	2, 0x0009
  66:	0100                	.insn	2, 0x0100
  68:	0305                	.insn	2, 0x0305
  6a:	0009                	.insn	2, 0x0009
  6c:	0000                	.insn	2, 0x0000
  6e:	0402                	.insn	2, 0x0402
  70:	0101                	.insn	2, 0x0101
  72:	0305                	.insn	2, 0x0305
  74:	0809                	.insn	2, 0x0809
  76:	0000                	.insn	2, 0x0000
  78:	0402                	.insn	2, 0x0402
  7a:	05010603          	lb	a2,80(sp)
  7e:	000c0903          	lb	s2,0(s8)
  82:	0200                	.insn	2, 0x0200
  84:	0e04                	.insn	2, 0x0e04
  86:	0106                	.insn	2, 0x0106
  88:	0305                	.insn	2, 0x0305
  8a:	0809                	.insn	2, 0x0809
  8c:	0600                	.insn	2, 0x0600
  8e:	0501                	.insn	2, 0x0501
  90:	00000903          	lb	s2,0(zero) # 0 <_start-0x80000000>
  94:	0200                	.insn	2, 0x0200
  96:	0004                	.insn	2, 0x0004
  98:	0106                	.insn	2, 0x0106
  9a:	0305                	.insn	2, 0x0305
  9c:	0009                	.insn	2, 0x0009
  9e:	1900                	.insn	2, 0x1900
  a0:	0305                	.insn	2, 0x0305
  a2:	0009                	.insn	2, 0x0009
  a4:	0000                	.insn	2, 0x0000
  a6:	0402                	.insn	2, 0x0402
  a8:	060e                	.insn	2, 0x060e
  aa:	0515                	.insn	2, 0x0515
  ac:	00040903          	lb	s2,0(s0)
  b0:	0501                	.insn	2, 0x0501
  b2:	00080903          	lb	s2,0(a6)
  b6:	0501                	.insn	2, 0x0501
  b8:	00080903          	lb	s2,0(a6)
  bc:	0200                	.insn	2, 0x0200
  be:	0004                	.insn	2, 0x0004
  c0:	051a                	.insn	2, 0x051a
  c2:	0901                	.insn	2, 0x0901
  c4:	0008                	.insn	2, 0x0008
  c6:	0200                	.insn	2, 0x0200
  c8:	0404                	.insn	2, 0x0404
  ca:	0514                	.insn	2, 0x0514
  cc:	000c0903          	lb	s2,0(s8)
  d0:	0200                	.insn	2, 0x0200
  d2:	0704                	.insn	2, 0x0704
  d4:	0501                	.insn	2, 0x0501
  d6:	00040903          	lb	s2,0(s0)
  da:	0200                	.insn	2, 0x0200
  dc:	0e04                	.insn	2, 0x0e04
  de:	0106                	.insn	2, 0x0106
  e0:	0305                	.insn	2, 0x0305
  e2:	0009                	.insn	2, 0x0009
  e4:	0600                	.insn	2, 0x0600
  e6:	0501                	.insn	2, 0x0501
  e8:	00000903          	lb	s2,0(zero) # 0 <_start-0x80000000>
  ec:	0200                	.insn	2, 0x0200
  ee:	0004                	.insn	2, 0x0004
  f0:	0106                	.insn	2, 0x0106
  f2:	0305                	.insn	2, 0x0305
  f4:	0009                	.insn	2, 0x0009
  f6:	1900                	.insn	2, 0x1900
  f8:	0305                	.insn	2, 0x0305
  fa:	0009                	.insn	2, 0x0009
  fc:	0000                	.insn	2, 0x0000
  fe:	0402                	.insn	2, 0x0402
 100:	060e                	.insn	2, 0x060e
 102:	0515                	.insn	2, 0x0515
 104:	00040903          	lb	s2,0(s0)
 108:	0501                	.insn	2, 0x0501
 10a:	00100903          	lb	s2,1(zero) # 1 <_start-0x7fffffff>
 10e:	0200                	.insn	2, 0x0200
 110:	0004                	.insn	2, 0x0004
 112:	051a                	.insn	2, 0x051a
 114:	0901                	.insn	2, 0x0901
 116:	0008                	.insn	2, 0x0008
 118:	0200                	.insn	2, 0x0200
 11a:	0804                	.insn	2, 0x0804
 11c:	0514                	.insn	2, 0x0514
 11e:	00040903          	lb	s2,0(s0)
 122:	0200                	.insn	2, 0x0200
 124:	0e04                	.insn	2, 0x0e04
 126:	0106                	.insn	2, 0x0106
 128:	0305                	.insn	2, 0x0305
 12a:	0409                	.insn	2, 0x0409
 12c:	0600                	.insn	2, 0x0600
 12e:	0501                	.insn	2, 0x0501
 130:	00080903          	lb	s2,0(a6)
 134:	0501                	.insn	2, 0x0501
 136:	000c0903          	lb	s2,0(s8)
 13a:	0501                	.insn	2, 0x0501
 13c:	00000903          	lb	s2,0(zero) # 0 <_start-0x80000000>
 140:	0200                	.insn	2, 0x0200
 142:	0004                	.insn	2, 0x0004
 144:	0106                	.insn	2, 0x0106
 146:	0305                	.insn	2, 0x0305
 148:	0009                	.insn	2, 0x0009
 14a:	1900                	.insn	2, 0x1900
 14c:	0305                	.insn	2, 0x0305
 14e:	0009                	.insn	2, 0x0009
 150:	0600                	.insn	2, 0x0600
 152:	0518                	.insn	2, 0x0518
 154:	0001                	.insn	2, 0x0001
 156:	0205                	.insn	2, 0x0205
 158:	4d88                	.insn	2, 0x4d88
 15a:	8000                	.insn	2, 0x8000
 15c:	0100                	.insn	2, 0x0100
 15e:	4501                	.insn	2, 0x4501
 160:	0000                	.insn	2, 0x0000
 162:	0500                	.insn	2, 0x0500
 164:	0400                	.insn	2, 0x0400
 166:	3300                	.insn	2, 0x3300
 168:	0000                	.insn	2, 0x0000
 16a:	0100                	.insn	2, 0x0100
 16c:	0101                	.insn	2, 0x0101
 16e:	f2f6                	.insn	2, 0xf2f6
 170:	000d                	.insn	2, 0x000d
 172:	0101                	.insn	2, 0x0101
 174:	0101                	.insn	2, 0x0101
 176:	0000                	.insn	2, 0x0000
 178:	0100                	.insn	2, 0x0100
 17a:	0000                	.insn	2, 0x0000
 17c:	0101                	.insn	2, 0x0101
 17e:	1f01                	.insn	2, 0x1f01
 180:	af02                	.insn	2, 0xaf02
 182:	0000                	.insn	2, 0x0000
 184:	8d00                	.insn	2, 0x8d00
 186:	0001                	.insn	2, 0x0001
 188:	0200                	.insn	2, 0x0200
 18a:	1f01                	.insn	2, 0x1f01
 18c:	0b02                	.insn	2, 0x0b02
 18e:	00000a03          	lb	s4,0(zero) # 0 <_start-0x80000000>
 192:	0000                	.insn	2, 0x0000
 194:	00a5                	.insn	2, 0x00a5
 196:	0000                	.insn	2, 0x0000
 198:	0001                	.insn	2, 0x0001
 19a:	0000                	.insn	2, 0x0000
 19c:	0100                	.insn	2, 0x0100
 19e:	0500                	.insn	2, 0x0500
 1a0:	8802                	.insn	2, 0x8802
 1a2:	004d                	.insn	2, 0x004d
 1a4:	0080                	.insn	2, 0x0080
 1a6:	0101                	.insn	2, 0x0101

Disassembly of section .debug_str:

00000000 <.debug_str>:
   0:	6f6c                	.insn	2, 0x6f6c
   2:	676e                	.insn	2, 0x676e
   4:	6c20                	.insn	2, 0x6c20
   6:	20676e6f          	jal	t3,7620c <_start-0x7ff89df4>
   a:	6e69                	.insn	2, 0x6e69
   c:	0074                	.insn	2, 0x0074
   e:	5155                	.insn	2, 0x5155
  10:	7449                	.insn	2, 0x7449
  12:	7079                	.insn	2, 0x7079
  14:	0065                	.insn	2, 0x0065
  16:	6e75                	.insn	2, 0x6e75
  18:	6e676973          	.insn	4, 0x6e676973
  1c:	6465                	.insn	2, 0x6465
  1e:	6320                	.insn	2, 0x6320
  20:	6168                	.insn	2, 0x6168
  22:	0072                	.insn	2, 0x0072
  24:	425f 6f6f 006c      	.insn	6, 0x006c6f6f425f
  2a:	706d6f63          	bltu	s10,t1,748 <_start-0x7ffff8b8>
  2e:	656c                	.insn	2, 0x656c
  30:	2078                	.insn	2, 0x2078
  32:	6f6c                	.insn	2, 0x6f6c
  34:	676e                	.insn	2, 0x676e
  36:	6420                	.insn	2, 0x6420
  38:	6c62756f          	jal	a0,276fe <_start-0x7ffd8902>
  3c:	0065                	.insn	2, 0x0065
  3e:	706d6f63          	bltu	s10,t1,75c <_start-0x7ffff8a4>
  42:	656c                	.insn	2, 0x656c
  44:	2078                	.insn	2, 0x2078
  46:	6f64                	.insn	2, 0x6f64
  48:	6275                	.insn	2, 0x6275
  4a:	656c                	.insn	2, 0x656c
  4c:	5f00                	.insn	2, 0x5f00
  4e:	785f 0072 5f5f      	.insn	6, 0x5f5f0072785f
  54:	737a6c63          	bltu	s4,s7,78c <_start-0x7ffff874>
  58:	3269                	.insn	2, 0x3269
  5a:	6c00                	.insn	2, 0x6c00
  5c:	20676e6f          	jal	t3,76262 <_start-0x7ff89d9e>
  60:	6f6c                	.insn	2, 0x6f6c
  62:	676e                	.insn	2, 0x676e
  64:	7520                	.insn	2, 0x7520
  66:	736e                	.insn	2, 0x736e
  68:	6769                	.insn	2, 0x6769
  6a:	656e                	.insn	2, 0x656e
  6c:	2064                	.insn	2, 0x2064
  6e:	6e69                	.insn	2, 0x6e69
  70:	0074                	.insn	2, 0x0074
  72:	20554e47          	.insn	4, 0x20554e47
  76:	20333243          	.insn	4, 0x20333243
  7a:	3531                	.insn	2, 0x3531
  7c:	322e                	.insn	2, 0x322e
  7e:	302e                	.insn	2, 0x302e
  80:	2d20                	.insn	2, 0x2d20
  82:	636d                	.insn	2, 0x636d
  84:	6f6d                	.insn	2, 0x6f6d
  86:	6564                	.insn	2, 0x6564
  88:	3d6c                	.insn	2, 0x3d6c
  8a:	656d                	.insn	2, 0x656d
  8c:	6164                	.insn	2, 0x6164
  8e:	796e                	.insn	2, 0x796e
  90:	2d20                	.insn	2, 0x2d20
  92:	616d                	.insn	2, 0x616d
  94:	6962                	.insn	2, 0x6962
  96:	693d                	.insn	2, 0x693d
  98:	706c                	.insn	2, 0x706c
  9a:	2d203233          	.insn	4, 0x2d203233
  9e:	636d                	.insn	2, 0x636d
  a0:	6f6d                	.insn	2, 0x6f6d
  a2:	6564                	.insn	2, 0x6564
  a4:	3d6c                	.insn	2, 0x3d6c
  a6:	656d                	.insn	2, 0x656d
  a8:	6164                	.insn	2, 0x6164
  aa:	796e                	.insn	2, 0x796e
  ac:	2d20                	.insn	2, 0x2d20
  ae:	696d                	.insn	2, 0x696d
  b0:	732d6173          	.insn	4, 0x732d6173
  b4:	6570                	.insn	2, 0x6570
  b6:	30323d63          	.insn	4, 0x30323d63
  ba:	3931                	.insn	2, 0x3931
  bc:	3231                	.insn	2, 0x3231
  be:	3331                	.insn	2, 0x3331
  c0:	2d20                	.insn	2, 0x2d20
  c2:	616d                	.insn	2, 0x616d
  c4:	6372                	.insn	2, 0x6372
  c6:	3d68                	.insn	2, 0x3d68
  c8:	7672                	.insn	2, 0x7672
  ca:	6d693233          	.insn	4, 0x6d693233
  ce:	7a5f 6d6d 6c75      	.insn	6, 0x6c756d6d7a5f
  d4:	2d20                	.insn	2, 0x2d20
  d6:	4f2d2067          	.insn	4, 0x4f2d2067
  da:	2032                	.insn	2, 0x2032
  dc:	4f2d                	.insn	2, 0x4f2d
  de:	2032                	.insn	2, 0x2032
  e0:	4f2d                	.insn	2, 0x4f2d
  e2:	2032                	.insn	2, 0x2032
  e4:	662d                	.insn	2, 0x662d
  e6:	7566                	.insn	2, 0x7566
  e8:	636e                	.insn	2, 0x636e
  ea:	6974                	.insn	2, 0x6974
  ec:	732d6e6f          	jal	t3,d681e <_start-0x7ff297e2>
  f0:	6365                	.insn	2, 0x6365
  f2:	6974                	.insn	2, 0x6974
  f4:	20736e6f          	jal	t3,36afa <_start-0x7ffc9506>
  f8:	662d                	.insn	2, 0x662d
  fa:	6164                	.insn	2, 0x6164
  fc:	6174                	.insn	2, 0x6174
  fe:	732d                	.insn	2, 0x732d
 100:	6365                	.insn	2, 0x6365
 102:	6974                	.insn	2, 0x6974
 104:	20736e6f          	jal	t3,36b0a <_start-0x7ffc94f6>
 108:	662d                	.insn	2, 0x662d
 10a:	7562                	.insn	2, 0x7562
 10c:	6c69                	.insn	2, 0x6c69
 10e:	6964                	.insn	2, 0x6964
 110:	676e                	.insn	2, 0x676e
 112:	6c2d                	.insn	2, 0x6c2d
 114:	6269                	.insn	2, 0x6269
 116:	20636367          	.insn	4, 0x20636367
 11a:	662d                	.insn	2, 0x662d
 11c:	6f6e                	.insn	2, 0x6f6e
 11e:	732d                	.insn	2, 0x732d
 120:	6174                	.insn	2, 0x6174
 122:	702d6b63          	bltu	s10,sp,838 <_start-0x7ffff7c8>
 126:	6f72                	.insn	2, 0x6f72
 128:	6574                	.insn	2, 0x6574
 12a:	726f7463          	bgeu	t5,t1,852 <_start-0x7ffff7ae>
 12e:	2d20                	.insn	2, 0x2d20
 130:	7666                	.insn	2, 0x7666
 132:	7369                	.insn	2, 0x7369
 134:	6269                	.insn	2, 0x6269
 136:	6c69                	.insn	2, 0x6c69
 138:	7469                	.insn	2, 0x7469
 13a:	3d79                	.insn	2, 0x3d79
 13c:	6968                	.insn	2, 0x6968
 13e:	6464                	.insn	2, 0x6464
 140:	6e65                	.insn	2, 0x6e65
 142:	5f00                	.insn	2, 0x5f00
 144:	635f 7a6c 745f      	.insn	6, 0x745f7a6c635f
 14a:	6261                	.insn	2, 0x6261
 14c:	6300                	.insn	2, 0x6300
 14e:	6c706d6f          	jal	s10,7014 <_start-0x7fff8fec>
 152:	7865                	.insn	2, 0x7865
 154:	5f20                	.insn	2, 0x5f20
 156:	6c46                	.insn	2, 0x6c46
 158:	3174616f          	jal	sp,46c6e <_start-0x7ffb9392>
 15c:	0036                	.insn	2, 0x0036
 15e:	726f6873          	.insn	4, 0x726f6873
 162:	2074                	.insn	2, 0x2074
 164:	6e75                	.insn	2, 0x6e75
 166:	6e676973          	.insn	4, 0x6e676973
 16a:	6465                	.insn	2, 0x6465
 16c:	6920                	.insn	2, 0x6920
 16e:	746e                	.insn	2, 0x746e
 170:	6300                	.insn	2, 0x6300
 172:	6c706d6f          	jal	s10,7038 <_start-0x7fff8fc8>
 176:	7865                	.insn	2, 0x7865
 178:	6620                	.insn	2, 0x6620
 17a:	6f6c                	.insn	2, 0x6f6c
 17c:	7461                	.insn	2, 0x7461
 17e:	5500                	.insn	2, 0x5500
 180:	79744953          	.insn	4, 0x79744953
 184:	6570                	.insn	2, 0x6570
 186:	7300                	.insn	2, 0x7300
 188:	6f68                	.insn	2, 0x6f68
 18a:	7472                	.insn	2, 0x7472
 18c:	6920                	.insn	2, 0x6920
 18e:	746e                	.insn	2, 0x746e
	...

Disassembly of section .debug_line_str:

00000000 <.debug_line_str>:
   0:	696c                	.insn	2, 0x696c
   2:	6762                	.insn	2, 0x6762
   4:	2e326363          	bltu	tp,gp,2ea <_start-0x7ffffd16>
   8:	0068                	.insn	2, 0x0068
   a:	6d6f682f          	.insn	4, 0x6d6f682f
   e:	2f65                	.insn	2, 0x2f65
  10:	6c69                	.insn	2, 0x6c69
  12:	63612f67          	.insn	4, 0x63612f67
  16:	6974                	.insn	2, 0x6974
  18:	2d736e6f          	jal	t3,36aee <_start-0x7ffc9512>
  1c:	7572                	.insn	2, 0x7572
  1e:	6e6e                	.insn	2, 0x6e6e
  20:	7265                	.insn	2, 0x7265
  22:	70782f73          	.insn	4, 0x70782f73
  26:	6361                	.insn	2, 0x6361
  28:	65642d6b          	.insn	4, 0x65642d6b
  2c:	2d76                	.insn	2, 0x2d76
  2e:	6f74                	.insn	2, 0x6f74
  30:	2f736c6f          	jal	s8,36b26 <_start-0x7ffc94da>
  34:	2f32                	.insn	2, 0x2f32
  36:	775f 726f 2f6b      	.insn	6, 0x2f6b726f775f
  3c:	6972                	.insn	2, 0x6972
  3e:	2d766373          	.insn	4, 0x2d766373
  42:	6f6e                	.insn	2, 0x6f6e
  44:	656e                	.insn	2, 0x656e
  46:	652d                	.insn	2, 0x652d
  48:	666c                	.insn	2, 0x666c
  4a:	672d                	.insn	2, 0x672d
  4c:	782d6363          	bltu	s10,sp,7d2 <_start-0x7ffff82e>
  50:	6170                	.insn	2, 0x6170
  52:	722f6b63          	bltu	t5,sp,788 <_start-0x7ffff878>
  56:	7369                	.insn	2, 0x7369
  58:	6e2d7663          	bgeu	s10,sp,744 <_start-0x7ffff8bc>
  5c:	2d656e6f          	jal	t3,56332 <_start-0x7ffa9cce>
  60:	6c65                	.insn	2, 0x6c65
  62:	2d66                	.insn	2, 0x2d66
  64:	2d636367          	.insn	4, 0x2d636367
  68:	7078                	.insn	2, 0x7078
  6a:	6361                	.insn	2, 0x6361
  6c:	75622f6b          	.insn	4, 0x75622f6b
  70:	6c69                	.insn	2, 0x6c69
  72:	2d64                	.insn	2, 0x2d64
  74:	7361                	.insn	2, 0x7361
  76:	73746573          	.insn	4, 0x73746573
  7a:	6975622f          	.insn	4, 0x6975622f
  7e:	646c                	.insn	2, 0x646c
  80:	6e69772f          	.insn	4, 0x6e69772f
  84:	782d3233          	.insn	4, 0x782d3233
  88:	3436                	.insn	2, 0x3436
  8a:	756f732f          	.insn	4, 0x756f732f
  8e:	6372                	.insn	2, 0x6372
  90:	7365                	.insn	2, 0x7365
  92:	6363672f          	.insn	4, 0x6363672f
  96:	312d                	.insn	2, 0x312d
  98:	2e35                	.insn	2, 0x2e35
  9a:	2e32                	.insn	2, 0x2e32
  9c:	2f30                	.insn	2, 0x2f30
  9e:	696c                	.insn	2, 0x696c
  a0:	6762                	.insn	2, 0x6762
  a2:	6c2f6363          	bltu	t5,sp,768 <_start-0x7ffff898>
  a6:	6269                	.insn	2, 0x6269
  a8:	32636367          	.insn	4, 0x32636367
  ac:	632e                	.insn	2, 0x632e
  ae:	2f00                	.insn	2, 0x2f00
  b0:	6f68                	.insn	2, 0x6f68
  b2:	656d                	.insn	2, 0x656d
  b4:	676c692f          	.insn	4, 0x676c692f
  b8:	7463612f          	.insn	4, 0x7463612f
  bc:	6f69                	.insn	2, 0x6f69
  be:	736e                	.insn	2, 0x736e
  c0:	722d                	.insn	2, 0x722d
  c2:	6e75                	.insn	2, 0x6e75
  c4:	656e                	.insn	2, 0x656e
  c6:	7372                	.insn	2, 0x7372
  c8:	6170782f          	.insn	4, 0x6170782f
  cc:	642d6b63          	bltu	s10,sp,722 <_start-0x7ffff8de>
  d0:	7665                	.insn	2, 0x7665
  d2:	742d                	.insn	2, 0x742d
  d4:	736c6f6f          	jal	t5,c680a <_start-0x7ff397f6>
  d8:	5f2f322f          	.insn	4, 0x5f2f322f
  dc:	6b726f77          	.insn	4, 0x6b726f77
  e0:	7369722f          	.insn	4, 0x7369722f
  e4:	6e2d7663          	bgeu	s10,sp,7d0 <_start-0x7ffff830>
  e8:	2d656e6f          	jal	t3,563be <_start-0x7ffa9c42>
  ec:	6c65                	.insn	2, 0x6c65
  ee:	2d66                	.insn	2, 0x2d66
  f0:	2d636367          	.insn	4, 0x2d636367
  f4:	7078                	.insn	2, 0x7078
  f6:	6361                	.insn	2, 0x6361
  f8:	69722f6b          	.insn	4, 0x69722f6b
  fc:	2d766373          	.insn	4, 0x2d766373
 100:	6f6e                	.insn	2, 0x6f6e
 102:	656e                	.insn	2, 0x656e
 104:	652d                	.insn	2, 0x652d
 106:	666c                	.insn	2, 0x666c
 108:	672d                	.insn	2, 0x672d
 10a:	782d6363          	bltu	s10,sp,890 <_start-0x7ffff770>
 10e:	6170                	.insn	2, 0x6170
 110:	622f6b63          	bltu	t5,sp,746 <_start-0x7ffff8ba>
 114:	6975                	.insn	2, 0x6975
 116:	646c                	.insn	2, 0x646c
 118:	612d                	.insn	2, 0x612d
 11a:	74657373          	.insn	4, 0x74657373
 11e:	75622f73          	.insn	4, 0x75622f73
 122:	6c69                	.insn	2, 0x6c69
 124:	2f64                	.insn	2, 0x2f64
 126:	336e6977          	.insn	4, 0x336e6977
 12a:	2d32                	.insn	2, 0x2d32
 12c:	3678                	.insn	2, 0x3678
 12e:	2f34                	.insn	2, 0x2f34
 130:	3878                	.insn	2, 0x3878
 132:	5f36                	.insn	2, 0x5f36
 134:	3436                	.insn	2, 0x3436
 136:	702d                	.insn	2, 0x702d
 138:	696c2d63          	.insn	4, 0x696c2d63
 13c:	756e                	.insn	2, 0x756e
 13e:	2d78                	.insn	2, 0x2d78
 140:	2f756e67          	.insn	4, 0x2f756e67
 144:	7562                	.insn	2, 0x7562
 146:	6c69                	.insn	2, 0x6c69
 148:	2f64                	.insn	2, 0x2f64
 14a:	6972                	.insn	2, 0x6972
 14c:	2d766373          	.insn	4, 0x2d766373
 150:	6f6e                	.insn	2, 0x6f6e
 152:	656e                	.insn	2, 0x656e
 154:	652d                	.insn	2, 0x652d
 156:	666c                	.insn	2, 0x666c
 158:	672d                	.insn	2, 0x672d
 15a:	312d6363          	bltu	s10,s2,460 <_start-0x7ffffba0>
 15e:	2e35                	.insn	2, 0x2e35
 160:	2e32                	.insn	2, 0x2e32
 162:	2d30                	.insn	2, 0x2d30
 164:	6966                	.insn	2, 0x6966
 166:	616e                	.insn	2, 0x616e
 168:	2f6c                	.insn	2, 0x2f6c
 16a:	6972                	.insn	2, 0x6972
 16c:	2d766373          	.insn	4, 0x2d766373
 170:	6f6e                	.insn	2, 0x6f6e
 172:	656e                	.insn	2, 0x656e
 174:	652d                	.insn	2, 0x652d
 176:	666c                	.insn	2, 0x666c
 178:	3376722f          	.insn	4, 0x3376722f
 17c:	6932                	.insn	2, 0x6932
 17e:	2f6d                	.insn	2, 0x2f6d
 180:	6c69                	.insn	2, 0x6c69
 182:	3370                	.insn	2, 0x3370
 184:	2f32                	.insn	2, 0x2f32
 186:	696c                	.insn	2, 0x696c
 188:	6762                	.insn	2, 0x6762
 18a:	2f006363          	bltu	zero,a6,470 <_start-0x7ffffb90>
 18e:	6f68                	.insn	2, 0x6f68
 190:	656d                	.insn	2, 0x656d
 192:	676c692f          	.insn	4, 0x676c692f
 196:	7463612f          	.insn	4, 0x7463612f
 19a:	6f69                	.insn	2, 0x6f69
 19c:	736e                	.insn	2, 0x736e
 19e:	722d                	.insn	2, 0x722d
 1a0:	6e75                	.insn	2, 0x6e75
 1a2:	656e                	.insn	2, 0x656e
 1a4:	7372                	.insn	2, 0x7372
 1a6:	6170782f          	.insn	4, 0x6170782f
 1aa:	642d6b63          	bltu	s10,sp,800 <_start-0x7ffff800>
 1ae:	7665                	.insn	2, 0x7665
 1b0:	742d                	.insn	2, 0x742d
 1b2:	736c6f6f          	jal	t5,c68e8 <_start-0x7ff39718>
 1b6:	5f2f322f          	.insn	4, 0x5f2f322f
 1ba:	6b726f77          	.insn	4, 0x6b726f77
 1be:	7369722f          	.insn	4, 0x7369722f
 1c2:	6e2d7663          	bgeu	s10,sp,8ae <_start-0x7ffff752>
 1c6:	2d656e6f          	jal	t3,5649c <_start-0x7ffa9b64>
 1ca:	6c65                	.insn	2, 0x6c65
 1cc:	2d66                	.insn	2, 0x2d66
 1ce:	2d636367          	.insn	4, 0x2d636367
 1d2:	7078                	.insn	2, 0x7078
 1d4:	6361                	.insn	2, 0x6361
 1d6:	69722f6b          	.insn	4, 0x69722f6b
 1da:	2d766373          	.insn	4, 0x2d766373
 1de:	6f6e                	.insn	2, 0x6f6e
 1e0:	656e                	.insn	2, 0x656e
 1e2:	652d                	.insn	2, 0x652d
 1e4:	666c                	.insn	2, 0x666c
 1e6:	672d                	.insn	2, 0x672d
 1e8:	782d6363          	bltu	s10,sp,96e <_start-0x7ffff692>
 1ec:	6170                	.insn	2, 0x6170
 1ee:	622f6b63          	bltu	t5,sp,824 <_start-0x7ffff7dc>
 1f2:	6975                	.insn	2, 0x6975
 1f4:	646c                	.insn	2, 0x646c
 1f6:	612d                	.insn	2, 0x612d
 1f8:	74657373          	.insn	4, 0x74657373
 1fc:	75622f73          	.insn	4, 0x75622f73
 200:	6c69                	.insn	2, 0x6c69
 202:	2f64                	.insn	2, 0x2f64
 204:	336e6977          	.insn	4, 0x336e6977
 208:	2d32                	.insn	2, 0x2d32
 20a:	3678                	.insn	2, 0x3678
 20c:	2f34                	.insn	2, 0x2f34
 20e:	72756f73          	.insn	4, 0x72756f73
 212:	2f736563          	bltu	t1,s7,4fc <_start-0x7ffffb04>
 216:	2d636367          	.insn	4, 0x2d636367
 21a:	3531                	.insn	2, 0x3531
 21c:	322e                	.insn	2, 0x322e
 21e:	302e                	.insn	2, 0x302e
 220:	62696c2f          	.insn	4, 0x62696c2f
 224:	00636367          	.insn	4, 0x00636367

Disassembly of section .debug_frame:

00000000 <.debug_frame>:
   0:	000c                	.insn	2, 0x000c
   2:	0000                	.insn	2, 0x0000
   4:	ffff                	.insn	2, 0xffff
   6:	ffff                	.insn	2, 0xffff
   8:	7c010003          	lb	zero,1984(sp)
   c:	0c01                	.insn	2, 0x0c01
   e:	0002                	.insn	2, 0x0002
  10:	000c                	.insn	2, 0x000c
  12:	0000                	.insn	2, 0x0000
  14:	0000                	.insn	2, 0x0000
  16:	0000                	.insn	2, 0x0000
  18:	4d00                	.insn	2, 0x4d00
  1a:	8000                	.insn	2, 0x8000
  1c:	0088                	.insn	2, 0x0088
	...
